{
  "results": [
    {
      "name": "P0_DollarNeutral",
      "sharpe": 0.7252881458574475,
      "annual_return": 0.052202116121613365,
      "vol": 0.07197431313302272,
      "avg_turnover": 0.1752543898809328,
      "max_dd": -0.04376236542368189,
      "long_weight": 1.0,
      "short_weight": 1.0,
      "gross_exposure": 2.0,
      "net_exposure": 0.0
    },
    {
      "name": "P1_LongOnly",
      "sharpe": 0.9985115779594848,
      "annual_return": 0.202548085573137,
      "vol": 0.2028500120019195,
      "avg_turnover": 0.20845400848883106,
      "max_dd": -0.1501678036158606,
      "long_weight": 1.0,
      "short_weight": 0.0,
      "gross_exposure": 1.0,
      "net_exposure": 1.0
    },
    {
      "name": "P2_LongBiased",
      "sharpe": 0.9786517400362392,
      "annual_return": 0.156954754158911,
      "vol": 0.16037855729260647,
      "avg_turnover": 0.1793021099006434,
      "max_dd": -0.11323618860012949,
      "long_weight": 1.3,
      "short_weight": 0.7,
      "gross_exposure": 2.0,
      "net_exposure": 0.6000000000000001
    }
  ],
  "validation": {
    "gate1_sharpe": false,
    "gate2_turnover": true,
    "gate3_drawdown": false,
    "all_pass": false,
    "decision": "P0_DollarNeutral",
    "sharpe_delta": 0.25336359417879173,
    "turnover_ratio": 1.023096254664209,
    "dd_ratio": 2.5875244060471196
  }
}