{
  "beta": -0.018877853926668173,
  "alpha_daily": 0.00032060901419322707,
  "alpha_annual": 0.08079347157669323,
  "r_squared": 0.005335515032854454,
  "correlation": -0.07304460988227955,
  "t_stat": -1.00421982959273,
  "p_value": 0.31657729968176707,
  "n_observations": 188,
  "flag": "EXCELLENT"
}