2026-03-17 16:34:02,720 - INFO - Starting automated daily paper trading...
2026-03-17 16:34:04,040 - WARNING - Docker Desktop is not running, starting it...
2026-03-17 16:34:04,112 - INFO - Launched Docker Desktop from C:\Program Files\Docker\Docker\Docker Desktop.exe
2026-03-17 16:34:14,462 - INFO - Docker daemon ready after 5 seconds
2026-03-17 16:34:14,980 - INFO - Qdrant is already running
2026-03-17 16:34:15,602 - INFO - HTTP Request: GET http://localhost:6333 "HTTP/1.1 200 OK"
2026-03-17 16:34:15,607 - INFO - Setting up Qdrant collections...
2026-03-17 16:34:15,611 - INFO - HTTP Request: GET http://localhost:6333/collections/stock_recommendations "HTTP/1.1 200 OK"
2026-03-17 16:34:15,613 - INFO - Collection 'stock_recommendations' already exists
2026-03-17 16:34:15,616 - INFO - HTTP Request: GET http://localhost:6333/collections/trading_results "HTTP/1.1 200 OK"
2026-03-17 16:34:15,617 - INFO - Collection 'trading_results' already exists
2026-03-17 16:34:15,618 - INFO - HTTP Request: GET http://localhost:6333/collections/performance_metrics "HTTP/1.1 200 OK"
2026-03-17 16:34:15,619 - INFO - Collection 'performance_metrics' already exists
2026-03-17 16:34:15,619 - INFO - ============================================================
2026-03-17 16:34:15,619 - INFO - AUTOMATED DAILY PAPER TRADING
2026-03-17 16:34:15,619 - INFO - ============================================================
2026-03-17 16:34:15,619 - INFO - Calendar Date: 2026-03-17
2026-03-17 16:34:15,619 - INFO - Predictions source: data\processed\phase4\predictions_combined.parquet
2026-03-17 16:34:15,874 - INFO - No new historical dates available. Last processed: 2026-03-13 | Tradable range: 2025-04-01 to 2026-03-13
2026-03-17 16:34:15,875 - WARNING - Predictions look stale. Refresh with:
2026-03-17 16:34:15,875 - WARNING -   python scripts/paper_trading/run_2026_paper_trading.py --sim-start 2026-03-14 --sim-end auto
2026-03-17 16:34:15,898 - WARNING - Predictions are stale (max tradable 2026-03-13, expected >= 2026-03-16). Auto-refreshing...
2026-03-17 16:34:15,898 - INFO - Refresh command: C:\Users\luixj\AI\stock-data\venv\Scripts\python.exe scripts/paper_trading/run_2026_paper_trading.py --sim-start 2026-03-14 --sim-end auto
2026-03-17 16:34:20,420 - INFO - ============================================================
2026-03-17 16:34:20,420 - INFO - 2026 PAPER TRADING — LIVE DATA
2026-03-17 16:34:20,420 - INFO -   2026 sim range : 2026-03-14 -> 2026-03-16
2026-03-17 16:34:20,420 - INFO -   Full range     : 2025-04-01 -> 2026-03-16
2026-03-17 16:34:20,420 - INFO -   YF download    : 2025-09-01 -> 2026-03-18
2026-03-17 16:34:20,420 - INFO -   Device         : cuda
2026-03-17 16:34:20,420 - INFO - ============================================================
2026-03-17 16:34:20,420 - INFO - Loading ticker universe from phase1_predictions.parquet
2026-03-17 16:34:20,482 - INFO - Ticker universe: 189 stocks
2026-03-17 16:34:20,491 - INFO - ============================================================
2026-03-17 16:34:20,491 - INFO - STEP 1: Using cached OHLCV data (up to 2026-03-16)
2026-03-17 16:34:20,491 - INFO -   Cache : C:\Users\luixj\AI\stock-data\data\processed\phase4\ohlcv_2026_cache.parquet
2026-03-17 16:34:20,491 - INFO -   Tip   : use --force-download to refresh
2026-03-17 16:34:20,491 - INFO - ============================================================
2026-03-17 16:34:20,491 - INFO - ============================================================
2026-03-17 16:34:20,491 - INFO - STEP 2: Computing 14 core features
2026-03-17 16:34:20,491 - INFO - ============================================================
2026-03-17 16:34:20,499 - INFO - Calculating 14 core features (leakage-safe)...
2026-03-17 16:34:20,696 - INFO - Core features calculated:
2026-03-17 16:34:20,696 - INFO -   Returns: ret_1d, ret_5d, ret_20d
2026-03-17 16:34:20,696 - INFO -   Volatility: vol_10d, vol_20d
2026-03-17 16:34:20,696 - INFO -   Price: hl_range, oc_gap
2026-03-17 16:34:20,696 - INFO -   Trend: sma_10_dist, sma_20_dist
2026-03-17 16:34:20,696 - INFO -   Volume: log_volume, volume_change
2026-03-17 16:34:20,696 - INFO -   Market: market_return, vs_market, market_correlation
2026-03-17 16:34:20,696 - INFO -   Total: 14 features
2026-03-17 16:34:20,696 - INFO - Features: 25514 rows, 189 tickers
2026-03-17 16:34:20,697 - INFO - ============================================================
2026-03-17 16:34:20,697 - INFO - STEP 3: Loading model from C:\Users\luixj\AI\stock-data\models\checkpoints\lstm_phase2a_temp0.05_best.pth
2026-03-17 16:34:20,697 - INFO - ============================================================
2026-03-17 16:34:20,803 - INFO - Model loaded (strict=True)
2026-03-17 16:34:20,827 - INFO - Model ready on cuda
2026-03-17 16:34:20,827 - INFO - ============================================================
2026-03-17 16:34:20,827 - INFO - STEP 4: Generating predictions 2026-03-14 -> 2026-03-16
2026-03-17 16:34:20,827 - INFO - ============================================================
2026-03-17 16:34:20,834 - INFO - Trading days in simulation range: 1
2026-03-17 16:34:21,446 - INFO -   2026-03-16: 189 predictions generated
2026-03-17 16:34:21,447 - INFO - Dropping 1 non-tradable date(s) with missing y_true_reg: 2026-03-16
2026-03-17 16:34:21,448 - INFO - Total: 0 predictions | 0 days | 0 tickers
2026-03-17 16:34:21,452 - INFO - Loaded existing 2026 predictions for merge: 4725 rows | 25 dates
2026-03-17 16:34:21,465 - INFO - Saved 2026 predictions: C:\Users\luixj\AI\stock-data\data\processed\phase4\predictions_2026.parquet (4725 rows | 25 dates | 2026-02-06 -> 2026-03-13)
2026-03-17 16:34:21,465 - INFO - ============================================================
2026-03-17 16:34:21,465 - INFO - STEP 5: Combining 2025 + 2026 predictions and simulating
2026-03-17 16:34:21,465 - INFO - ============================================================
2026-03-17 16:34:21,603 - INFO - Combined: 40257 rows | 213 dates | 189 tickers
2026-03-17 16:34:21,604 - INFO -   Date range: 2025-04-01 -> 2026-03-13
2026-03-17 16:34:21,604 - INFO -   Saved to: C:\Users\luixj\AI\stock-data\data\processed\phase4\predictions_combined.parquet
2026-03-17 16:34:21,604 - INFO - Running simulation 2025-04-01 -> 2026-03-16 ...
2026-03-17 16:34:21,605 - INFO - Loading predictions from C:\Users\luixj\AI\stock-data\data\processed\phase4\predictions_combined.parquet
2026-03-17 16:34:21,619 - INFO - Running paper trading simulation for 213 days
2026-03-17 16:34:21,620 - INFO - Date range: 2025-04-01 to 2026-03-13
2026-03-17 16:34:21,620 - INFO - 
============================================================
2026-03-17 16:34:21,620 - INFO - Running paper trading for 2025-04-01
2026-03-17 16:34:21,620 - INFO - ============================================================
2026-03-17 16:34:21,622 - INFO - Portfolio construction: 38 longs, 15 shorts (from 38 candidates)
2026-03-17 16:34:21,622 - INFO - PnL Net: 0.0027 | Scaled: 0.0027 | Turnover: 100.00% | Vol Scale: 1.00
2026-03-17 16:34:21,622 - INFO - 
============================================================
2026-03-17 16:34:21,622 - INFO - Running paper trading for 2025-04-02
2026-03-17 16:34:21,622 - INFO - ============================================================
2026-03-17 16:34:21,623 - INFO - Portfolio construction: 38 longs, 38 shorts (from 38 candidates)
2026-03-17 16:34:21,623 - INFO - PnL Net: -0.0234 | Scaled: -0.0234 | Turnover: 16.46% | Vol Scale: 1.00
2026-03-17 16:34:21,623 - INFO - 
============================================================
2026-03-17 16:34:21,623 - INFO - Running paper trading for 2025-04-03
2026-03-17 16:34:21,623 - INFO - ============================================================
2026-03-17 16:34:21,624 - INFO - Portfolio construction: 38 longs, 38 shorts (from 38 candidates)
2026-03-17 16:34:21,625 - INFO - PnL Net: -0.0208 | Scaled: -0.0208 | Turnover: 20.14% | Vol Scale: 1.00
2026-03-17 16:34:21,625 - INFO - 
============================================================
2026-03-17 16:34:21,625 - INFO - Running paper trading for 2025-04-04
2026-03-17 16:34:21,625 - INFO - ============================================================
2026-03-17 16:34:21,626 - INFO - Portfolio construction: 38 longs, 38 shorts (from 38 candidates)
2026-03-17 16:34:21,626 - INFO - PnL Net: -0.0002 | Scaled: -0.0002 | Turnover: 27.43% | Vol Scale: 1.00
2026-03-17 16:34:21,626 - INFO - 
============================================================
2026-03-17 16:34:21,626 - INFO - Running paper trading for 2025-04-07
2026-03-17 16:34:21,626 - INFO - ============================================================
2026-03-17 16:34:21,627 - INFO - Portfolio construction: 38 longs, 38 shorts (from 38 candidates)
2026-03-17 16:34:21,627 - INFO - PnL Net: -0.0028 | Scaled: -0.0028 | Turnover: 21.14% | Vol Scale: 1.00
2026-03-17 16:34:21,627 - INFO - 
============================================================
2026-03-17 16:34:21,627 - INFO - Running paper trading for 2025-04-08
2026-03-17 16:34:21,627 - INFO - ============================================================
2026-03-17 16:34:21,628 - INFO - Portfolio construction: 38 longs, 38 shorts (from 38 candidates)
2026-03-17 16:34:21,628 - INFO - PnL Net: 0.0243 | Scaled: 0.0243 | Turnover: 21.60% | Vol Scale: 1.00
2026-03-17 16:34:21,628 - INFO - 
============================================================
2026-03-17 16:34:21,628 - INFO - Running paper trading for 2025-04-09
2026-03-17 16:34:21,628 - INFO - ============================================================
2026-03-17 16:34:21,629 - INFO - Portfolio construction: 38 longs, 1 shorts (from 38 candidates)
2026-03-17 16:34:21,630 - INFO - PnL Net: -0.0107 | Scaled: -0.0107 | Turnover: 20.86% | Vol Scale: 1.00
2026-03-17 16:34:21,630 - INFO - 
============================================================
2026-03-17 16:34:21,630 - INFO - Running paper trading for 2025-04-10
2026-03-17 16:34:21,630 - INFO - ============================================================
2026-03-17 16:34:21,631 - INFO - Portfolio construction: 38 longs, 38 shorts (from 38 candidates)
2026-03-17 16:34:21,631 - INFO - PnL Net: 0.0049 | Scaled: 0.0049 | Turnover: 22.53% | Vol Scale: 1.00
2026-03-17 16:34:21,631 - INFO - 
============================================================
2026-03-17 16:34:21,631 - INFO - Running paper trading for 2025-04-11
2026-03-17 16:34:21,631 - INFO - ============================================================
2026-03-17 16:34:21,632 - INFO - Portfolio construction: 38 longs, 1 shorts (from 38 candidates)
2026-03-17 16:34:21,633 - INFO - PnL Net: 0.0038 | Scaled: 0.0038 | Turnover: 20.79% | Vol Scale: 1.00
2026-03-17 16:34:21,633 - INFO - 
============================================================
2026-03-17 16:34:21,633 - INFO - Running paper trading for 2025-04-14
2026-03-17 16:34:21,633 - INFO - ============================================================
2026-03-17 16:34:21,634 - INFO - Portfolio construction: 38 longs, 38 shorts (from 38 candidates)
2026-03-17 16:34:21,634 - INFO - Vol targeting: rolling_vol=0.2061, scale=0.5000
2026-03-17 16:34:21,634 - INFO - PnL Net: -0.0018 | Scaled: -0.0009 | Turnover: 21.69% | Vol Scale: 0.50
2026-03-17 16:34:21,634 - INFO - 
============================================================
2026-03-17 16:34:21,634 - INFO - Running paper trading for 2025-04-15
2026-03-17 16:34:21,634 - INFO - ============================================================
2026-03-17 16:34:21,635 - INFO - Portfolio construction: 38 longs, 38 shorts (from 38 candidates)
2026-03-17 16:34:21,635 - INFO - Vol targeting: rolling_vol=0.1968, scale=0.5000
2026-03-17 16:34:21,635 - INFO - PnL Net: -0.0047 | Scaled: -0.0023 | Turnover: 21.09% | Vol Scale: 0.50
2026-03-17 16:34:21,635 - INFO - 
============================================================
2026-03-17 16:34:21,635 - INFO - Running paper trading for 2025-04-16
2026-03-17 16:34:21,635 - INFO - ============================================================
2026-03-17 16:34:21,636 - INFO - Portfolio construction: 38 longs, 38 shorts (from 38 candidates)
2026-03-17 16:34:21,637 - INFO - Vol targeting: rolling_vol=0.1890, scale=0.5000
2026-03-17 16:34:21,637 - INFO - PnL Net: 0.0008 | Scaled: 0.0004 | Turnover: 21.09% | Vol Scale: 0.50
2026-03-17 16:34:21,637 - INFO - 
============================================================
2026-03-17 16:34:21,637 - INFO - Running paper trading for 2025-04-17
2026-03-17 16:34:21,637 - INFO - ============================================================
2026-03-17 16:34:21,638 - INFO - Portfolio construction: 38 longs, 38 shorts (from 38 candidates)
2026-03-17 16:34:21,638 - INFO - Vol targeting: rolling_vol=0.1826, scale=0.5000
2026-03-17 16:34:21,638 - INFO - PnL Net: -0.0068 | Scaled: -0.0034 | Turnover: 18.47% | Vol Scale: 0.50
2026-03-17 16:34:21,638 - INFO - 
============================================================
2026-03-17 16:34:21,638 - INFO - Running paper trading for 2025-04-21
2026-03-17 16:34:21,638 - INFO - ============================================================
2026-03-17 16:34:21,639 - INFO - Portfolio construction: 38 longs, 6 shorts (from 38 candidates)
2026-03-17 16:34:21,639 - INFO - Vol targeting: rolling_vol=0.1822, scale=0.5000
2026-03-17 16:34:21,639 - INFO - PnL Net: 0.0089 | Scaled: 0.0045 | Turnover: 17.46% | Vol Scale: 0.50
2026-03-17 16:34:21,639 - INFO - 
============================================================
2026-03-17 16:34:21,639 - INFO - Running paper trading for 2025-04-22
2026-03-17 16:34:21,639 - INFO - ============================================================
2026-03-17 16:34:21,640 - INFO - Portfolio construction: 38 longs, 38 shorts (from 38 candidates)
2026-03-17 16:34:21,641 - INFO - Vol targeting: rolling_vol=0.1783, scale=0.5000
2026-03-17 16:34:21,641 - INFO - PnL Net: 0.0053 | Scaled: 0.0027 | Turnover: 18.72% | Vol Scale: 0.50
2026-03-17 16:34:21,641 - INFO - 
============================================================
2026-03-17 16:34:21,641 - INFO - Running paper trading for 2025-04-23
2026-03-17 16:34:21,641 - INFO - ============================================================
2026-03-17 16:34:21,641 - INFO - Portfolio construction: 38 longs, 5 shorts (from 38 candidates)
2026-03-17 16:34:21,642 - INFO - Vol targeting: rolling_vol=0.1782, scale=0.5000
2026-03-17 16:34:21,642 - INFO - PnL Net: 0.0102 | Scaled: 0.0051 | Turnover: 20.73% | Vol Scale: 0.50
2026-03-17 16:34:21,642 - INFO - 
============================================================
2026-03-17 16:34:21,642 - INFO - Running paper trading for 2025-04-24
2026-03-17 16:34:21,642 - INFO - ============================================================
2026-03-17 16:34:21,643 - INFO - Portfolio construction: 38 longs, 38 shorts (from 38 candidates)
2026-03-17 16:34:21,643 - INFO - Vol targeting: rolling_vol=0.1730, scale=0.5000
2026-03-17 16:34:21,643 - INFO - PnL Net: 0.0011 | Scaled: 0.0006 | Turnover: 18.37% | Vol Scale: 0.50
2026-03-17 16:34:21,643 - INFO - 
============================================================
2026-03-17 16:34:21,643 - INFO - Running paper trading for 2025-04-25
2026-03-17 16:34:21,643 - INFO - ============================================================
2026-03-17 16:34:21,644 - INFO - Portfolio construction: 38 longs, 38 shorts (from 38 candidates)
2026-03-17 16:34:21,644 - INFO - Vol targeting: rolling_vol=0.1682, scale=0.5000
2026-03-17 16:34:21,644 - INFO - PnL Net: 0.0007 | Scaled: 0.0004 | Turnover: 23.46% | Vol Scale: 0.50
2026-03-17 16:34:21,644 - INFO - 
============================================================
2026-03-17 16:34:21,644 - INFO - Running paper trading for 2025-04-28
2026-03-17 16:34:21,644 - INFO - ============================================================
2026-03-17 16:34:21,645 - INFO - Portfolio construction: 38 longs, 38 shorts (from 38 candidates)
2026-03-17 16:34:21,645 - INFO - Vol targeting: rolling_vol=0.1639, scale=0.5000
2026-03-17 16:34:21,646 - INFO - PnL Net: 0.0018 | Scaled: 0.0009 | Turnover: 19.52% | Vol Scale: 0.50
2026-03-17 16:34:21,646 - INFO - 
============================================================
2026-03-17 16:34:21,646 - INFO - Running paper trading for 2025-04-29
2026-03-17 16:34:21,646 - INFO - ============================================================
2026-03-17 16:34:21,647 - INFO - Portfolio construction: 38 longs, 30 shorts (from 38 candidates)
2026-03-17 16:34:21,647 - INFO - Vol targeting: rolling_vol=0.1599, scale=0.5004
2026-03-17 16:34:21,647 - INFO - PnL Net: 0.0011 | Scaled: 0.0005 | Turnover: 16.79% | Vol Scale: 0.50
2026-03-17 16:34:21,647 - INFO - 
============================================================
2026-03-17 16:34:21,647 - INFO - Running paper trading for 2025-04-30
2026-03-17 16:34:21,647 - INFO - ============================================================
2026-03-17 16:34:21,648 - INFO - Portfolio construction: 38 longs, 38 shorts (from 38 candidates)
2026-03-17 16:34:21,648 - INFO - Vol targeting: rolling_vol=0.1596, scale=0.5012
2026-03-17 16:34:21,648 - INFO - PnL Net: 0.0014 | Scaled: 0.0007 | Turnover: 20.09% | Vol Scale: 0.50
2026-03-17 16:34:21,648 - INFO - 
============================================================
2026-03-17 16:34:21,648 - INFO - Running paper trading for 2025-05-01
2026-03-17 16:34:21,648 - INFO - ============================================================
2026-03-17 16:34:21,649 - INFO - Portfolio construction: 38 longs, 38 shorts (from 38 candidates)
2026-03-17 16:34:21,650 - INFO - Vol targeting: rolling_vol=0.1370, scale=0.5840
2026-03-17 16:34:21,650 - INFO - PnL Net: 0.0062 | Scaled: 0.0036 | Turnover: 17.98% | Vol Scale: 0.58
2026-03-17 16:34:21,650 - INFO - 
============================================================
2026-03-17 16:34:21,650 - INFO - Running paper trading for 2025-05-02
2026-03-17 16:34:21,650 - INFO - ============================================================
2026-03-17 16:34:21,651 - INFO - Portfolio construction: 38 longs, 13 shorts (from 38 candidates)
2026-03-17 16:34:21,651 - INFO - Vol targeting: rolling_vol=0.1119, scale=0.7149
2026-03-17 16:34:21,651 - INFO - PnL Net: -0.0011 | Scaled: -0.0008 | Turnover: 17.52% | Vol Scale: 0.71
2026-03-17 16:34:21,651 - INFO - 
============================================================
2026-03-17 16:34:21,651 - INFO - Running paper trading for 2025-05-05
2026-03-17 16:34:21,651 - INFO - ============================================================
2026-03-17 16:34:21,653 - INFO - Portfolio construction: 38 longs, 2 shorts (from 38 candidates)
2026-03-17 16:34:21,653 - INFO - Vol targeting: rolling_vol=0.1128, scale=0.7091
2026-03-17 16:34:21,653 - INFO - PnL Net: -0.0026 | Scaled: -0.0018 | Turnover: 19.38% | Vol Scale: 0.71
2026-03-17 16:34:21,653 - INFO - 
============================================================
2026-03-17 16:34:21,653 - INFO - Running paper trading for 2025-05-06
2026-03-17 16:34:21,653 - INFO - ============================================================
2026-03-17 16:34:21,654 - INFO - Portfolio construction: 38 longs, 33 shorts (from 38 candidates)
2026-03-17 16:34:21,655 - INFO - Vol targeting: rolling_vol=0.1115, scale=0.7177
2026-03-17 16:34:21,655 - INFO - PnL Net: 0.0026 | Scaled: 0.0019 | Turnover: 19.06% | Vol Scale: 0.72
2026-03-17 16:34:21,655 - INFO - 
============================================================
2026-03-17 16:34:21,655 - INFO - Running paper trading for 2025-05-07
2026-03-17 16:34:21,655 - INFO - ============================================================
2026-03-17 16:34:21,656 - INFO - Portfolio construction: 38 longs, 9 shorts (from 38 candidates)
2026-03-17 16:34:21,656 - INFO - Vol targeting: rolling_vol=0.0781, scale=1.0243
2026-03-17 16:34:21,656 - INFO - PnL Net: 0.0043 | Scaled: 0.0045 | Turnover: 18.97% | Vol Scale: 1.02
2026-03-17 16:34:21,656 - INFO - 
============================================================
2026-03-17 16:34:21,656 - INFO - Running paper trading for 2025-05-08
2026-03-17 16:34:21,656 - INFO - ============================================================
2026-03-17 16:34:21,657 - INFO - Portfolio construction: 38 longs, 10 shorts (from 38 candidates)
2026-03-17 16:34:21,657 - INFO - Vol targeting: rolling_vol=0.0656, scale=1.2200
2026-03-17 16:34:21,657 - INFO - PnL Net: -0.0009 | Scaled: -0.0012 | Turnover: 19.75% | Vol Scale: 1.22
2026-03-17 16:34:21,657 - INFO - 
============================================================
2026-03-17 16:34:21,658 - INFO - Running paper trading for 2025-05-09
2026-03-17 16:34:21,658 - INFO - ============================================================
2026-03-17 16:34:21,658 - INFO - Portfolio construction: 38 longs, 37 shorts (from 38 candidates)
2026-03-17 16:34:21,659 - INFO - Vol targeting: rolling_vol=0.0785, scale=1.0196
2026-03-17 16:34:21,659 - INFO - PnL Net: 0.0145 | Scaled: 0.0148 | Turnover: 18.03% | Vol Scale: 1.02
2026-03-17 16:34:21,659 - INFO - 
============================================================
2026-03-17 16:34:21,659 - INFO - Running paper trading for 2025-05-12
2026-03-17 16:34:21,659 - INFO - ============================================================
2026-03-17 16:34:21,660 - INFO - Portfolio construction: 38 longs, 38 shorts (from 38 candidates)
2026-03-17 16:34:21,660 - INFO - Vol targeting: rolling_vol=0.0804, scale=0.9956
2026-03-17 16:34:21,660 - INFO - PnL Net: 0.0074 | Scaled: 0.0074 | Turnover: 18.12% | Vol Scale: 1.00
2026-03-17 16:34:21,660 - INFO - 
============================================================
2026-03-17 16:34:21,660 - INFO - Running paper trading for 2025-05-13
2026-03-17 16:34:21,660 - INFO - ============================================================
2026-03-17 16:34:21,661 - INFO - Portfolio construction: 38 longs, 38 shorts (from 38 candidates)
2026-03-17 16:34:21,661 - INFO - Vol targeting: rolling_vol=0.0797, scale=1.0044
2026-03-17 16:34:21,662 - INFO - PnL Net: -0.0006 | Scaled: -0.0006 | Turnover: 21.90% | Vol Scale: 1.00
2026-03-17 16:34:21,662 - INFO - 
============================================================
2026-03-17 16:34:21,662 - INFO - Running paper trading for 2025-05-14
2026-03-17 16:34:21,662 - INFO - ============================================================
2026-03-17 16:34:21,662 - INFO - Portfolio construction: 38 longs, 38 shorts (from 38 candidates)
2026-03-17 16:34:21,662 - INFO - Vol targeting: rolling_vol=0.0757, scale=1.0562
2026-03-17 16:34:21,662 - INFO - PnL Net: 0.0052 | Scaled: 0.0055 | Turnover: 20.59% | Vol Scale: 1.06
2026-03-17 16:34:21,662 - INFO - 
============================================================
2026-03-17 16:34:21,662 - INFO - Running paper trading for 2025-05-15
2026-03-17 16:34:21,662 - INFO - ============================================================
2026-03-17 16:34:21,663 - INFO - Portfolio construction: 38 longs, 38 shorts (from 38 candidates)
2026-03-17 16:34:21,664 - INFO - Vol targeting: rolling_vol=0.0754, scale=1.0608
2026-03-17 16:34:21,664 - INFO - PnL Net: 0.0020 | Scaled: 0.0021 | Turnover: 19.63% | Vol Scale: 1.06
2026-03-17 16:34:21,664 - INFO - 
============================================================
2026-03-17 16:34:21,664 - INFO - Running paper trading for 2025-05-16
2026-03-17 16:34:21,664 - INFO - ============================================================
2026-03-17 16:34:21,665 - INFO - Portfolio construction: 38 longs, 38 shorts (from 38 candidates)
2026-03-17 16:34:21,665 - INFO - Vol targeting: rolling_vol=0.0684, scale=1.1703
2026-03-17 16:34:21,665 - INFO - PnL Net: -0.0013 | Scaled: -0.0015 | Turnover: 18.38% | Vol Scale: 1.17
2026-03-17 16:34:21,665 - INFO - 
============================================================
2026-03-17 16:34:21,665 - INFO - Running paper trading for 2025-05-19
2026-03-17 16:34:21,665 - INFO - ============================================================
2026-03-17 16:34:21,666 - INFO - Portfolio construction: 38 longs, 38 shorts (from 38 candidates)
2026-03-17 16:34:21,666 - INFO - Vol targeting: rolling_vol=0.0676, scale=1.1828
2026-03-17 16:34:21,666 - INFO - PnL Net: -0.0021 | Scaled: -0.0025 | Turnover: 16.36% | Vol Scale: 1.18
2026-03-17 16:34:21,666 - INFO - 
============================================================
2026-03-17 16:34:21,666 - INFO - Running paper trading for 2025-05-20
2026-03-17 16:34:21,666 - INFO - ============================================================
2026-03-17 16:34:21,667 - INFO - Portfolio construction: 38 longs, 38 shorts (from 38 candidates)
2026-03-17 16:34:21,668 - INFO - Vol targeting: rolling_vol=0.0748, scale=1.0691
2026-03-17 16:34:21,668 - INFO - PnL Net: -0.0070 | Scaled: -0.0075 | Turnover: 15.81% | Vol Scale: 1.07
2026-03-17 16:34:21,668 - INFO - 
============================================================
2026-03-17 16:34:21,668 - INFO - Running paper trading for 2025-05-21
2026-03-17 16:34:21,668 - INFO - ============================================================
2026-03-17 16:34:21,669 - INFO - Portfolio construction: 38 longs, 38 shorts (from 38 candidates)
2026-03-17 16:34:21,669 - INFO - Vol targeting: rolling_vol=0.0690, scale=1.1591
2026-03-17 16:34:21,669 - INFO - PnL Net: 0.0004 | Scaled: 0.0004 | Turnover: 19.34% | Vol Scale: 1.16
2026-03-17 16:34:21,669 - INFO - 
============================================================
2026-03-17 16:34:21,669 - INFO - Running paper trading for 2025-05-22
2026-03-17 16:34:21,669 - INFO - ============================================================
2026-03-17 16:34:21,670 - INFO - Portfolio construction: 38 longs, 32 shorts (from 38 candidates)
2026-03-17 16:34:21,670 - INFO - Vol targeting: rolling_vol=0.0706, scale=1.1324
2026-03-17 16:34:21,670 - INFO - PnL Net: -0.0027 | Scaled: -0.0031 | Turnover: 19.64% | Vol Scale: 1.13
2026-03-17 16:34:21,670 - INFO - 
============================================================
2026-03-17 16:34:21,670 - INFO - Running paper trading for 2025-05-23
2026-03-17 16:34:21,670 - INFO - ============================================================
2026-03-17 16:34:21,672 - INFO - Portfolio construction: 38 longs, 38 shorts (from 38 candidates)
2026-03-17 16:34:21,672 - INFO - Vol targeting: rolling_vol=0.0743, scale=1.0767
2026-03-17 16:34:21,672 - INFO - PnL Net: 0.0082 | Scaled: 0.0088 | Turnover: 19.52% | Vol Scale: 1.08
2026-03-17 16:34:21,672 - INFO - 
============================================================
2026-03-17 16:34:21,672 - INFO - Running paper trading for 2025-05-27
2026-03-17 16:34:21,672 - INFO - ============================================================
2026-03-17 16:34:21,673 - INFO - Portfolio construction: 38 longs, 38 shorts (from 38 candidates)
2026-03-17 16:34:21,673 - INFO - Vol targeting: rolling_vol=0.0756, scale=1.0588
2026-03-17 16:34:21,673 - INFO - PnL Net: -0.0021 | Scaled: -0.0022 | Turnover: 18.56% | Vol Scale: 1.06
2026-03-17 16:34:21,673 - INFO - 
============================================================
2026-03-17 16:34:21,673 - INFO - Running paper trading for 2025-05-28
2026-03-17 16:34:21,673 - INFO - ============================================================
2026-03-17 16:34:21,674 - INFO - Portfolio construction: 38 longs, 38 shorts (from 38 candidates)
2026-03-17 16:34:21,674 - INFO - Vol targeting: rolling_vol=0.0756, scale=1.0575
2026-03-17 16:34:21,674 - INFO - PnL Net: 0.0004 | Scaled: 0.0005 | Turnover: 16.29% | Vol Scale: 1.06
2026-03-17 16:34:21,675 - INFO - 
============================================================
2026-03-17 16:34:21,675 - INFO - Running paper trading for 2025-05-29
2026-03-17 16:34:21,675 - INFO - ============================================================
2026-03-17 16:34:21,675 - INFO - Portfolio construction: 38 longs, 38 shorts (from 38 candidates)
2026-03-17 16:34:21,676 - INFO - Vol targeting: rolling_vol=0.0762, scale=1.0504
2026-03-17 16:34:21,676 - INFO - PnL Net: -0.0009 | Scaled: -0.0010 | Turnover: 19.51% | Vol Scale: 1.05
2026-03-17 16:34:21,676 - INFO - 
============================================================
2026-03-17 16:34:21,676 - INFO - Running paper trading for 2025-05-30
2026-03-17 16:34:21,676 - INFO - ============================================================
2026-03-17 16:34:21,677 - INFO - Portfolio construction: 38 longs, 38 shorts (from 38 candidates)
2026-03-17 16:34:21,677 - INFO - Vol targeting: rolling_vol=0.0742, scale=1.0777
2026-03-17 16:34:21,677 - INFO - PnL Net: 0.0008 | Scaled: 0.0009 | Turnover: 21.02% | Vol Scale: 1.08
2026-03-17 16:34:21,677 - INFO - 
============================================================
2026-03-17 16:34:21,677 - INFO - Running paper trading for 2025-06-02
2026-03-17 16:34:21,677 - INFO - ============================================================
2026-03-17 16:34:21,679 - INFO - Portfolio construction: 38 longs, 38 shorts (from 38 candidates)
2026-03-17 16:34:21,679 - INFO - Vol targeting: rolling_vol=0.0737, scale=1.0849
2026-03-17 16:34:21,679 - INFO - PnL Net: 0.0011 | Scaled: 0.0012 | Turnover: 20.37% | Vol Scale: 1.08
2026-03-17 16:34:21,679 - INFO - 
============================================================
2026-03-17 16:34:21,679 - INFO - Running paper trading for 2025-06-03
2026-03-17 16:34:21,679 - INFO - ============================================================
2026-03-17 16:34:21,680 - INFO - Portfolio construction: 38 longs, 38 shorts (from 38 candidates)
2026-03-17 16:34:21,680 - INFO - Vol targeting: rolling_vol=0.0730, scale=1.0965
2026-03-17 16:34:21,680 - INFO - PnL Net: -0.0012 | Scaled: -0.0013 | Turnover: 18.45% | Vol Scale: 1.10
2026-03-17 16:34:21,680 - INFO - 
============================================================
2026-03-17 16:34:21,680 - INFO - Running paper trading for 2025-06-04
2026-03-17 16:34:21,680 - INFO - ============================================================
2026-03-17 16:34:21,681 - INFO - Portfolio construction: 38 longs, 38 shorts (from 38 candidates)
2026-03-17 16:34:21,682 - INFO - Vol targeting: rolling_vol=0.0730, scale=1.0962
2026-03-17 16:34:21,682 - INFO - PnL Net: -0.0000 | Scaled: -0.0000 | Turnover: 16.06% | Vol Scale: 1.10
2026-03-17 16:34:21,682 - INFO - 
============================================================
2026-03-17 16:34:21,682 - INFO - Running paper trading for 2025-06-05
2026-03-17 16:34:21,682 - INFO - ============================================================
2026-03-17 16:34:21,682 - INFO - Portfolio construction: 38 longs, 38 shorts (from 38 candidates)
2026-03-17 16:34:21,682 - INFO - Vol targeting: rolling_vol=0.0721, scale=1.1092
2026-03-17 16:34:21,682 - INFO - PnL Net: 0.0008 | Scaled: 0.0009 | Turnover: 17.46% | Vol Scale: 1.11
2026-03-17 16:34:21,682 - INFO - 
============================================================
2026-03-17 16:34:21,682 - INFO - Running paper trading for 2025-06-06
2026-03-17 16:34:21,683 - INFO - ============================================================
2026-03-17 16:34:21,683 - INFO - Portfolio construction: 38 longs, 38 shorts (from 38 candidates)
2026-03-17 16:34:21,684 - INFO - Vol targeting: rolling_vol=0.0728, scale=1.0986
2026-03-17 16:34:21,684 - INFO - PnL Net: -0.0024 | Scaled: -0.0026 | Turnover: 18.52% | Vol Scale: 1.10
2026-03-17 16:34:21,684 - INFO - 
============================================================
2026-03-17 16:34:21,684 - INFO - Running paper trading for 2025-06-09
2026-03-17 16:34:21,684 - INFO - ============================================================
2026-03-17 16:34:21,685 - INFO - Portfolio construction: 38 longs, 13 shorts (from 38 candidates)
2026-03-17 16:34:21,685 - INFO - Vol targeting: rolling_vol=0.0539, scale=1.4831
2026-03-17 16:34:21,685 - INFO - PnL Net: 0.0012 | Scaled: 0.0018 | Turnover: 20.04% | Vol Scale: 1.48
2026-03-17 16:34:21,685 - INFO - 
============================================================
2026-03-17 16:34:21,685 - INFO - Running paper trading for 2025-06-10
2026-03-17 16:34:21,685 - INFO - ============================================================
2026-03-17 16:34:21,686 - INFO - Portfolio construction: 38 longs, 6 shorts (from 38 candidates)
2026-03-17 16:34:21,686 - INFO - Vol targeting: rolling_vol=0.0476, scale=1.6799
2026-03-17 16:34:21,686 - INFO - PnL Net: -0.0013 | Scaled: -0.0021 | Turnover: 17.79% | Vol Scale: 1.68
2026-03-17 16:34:21,687 - INFO - 
============================================================
2026-03-17 16:34:21,687 - INFO - Running paper trading for 2025-06-11
2026-03-17 16:34:21,687 - INFO - ============================================================
2026-03-17 16:34:21,687 - INFO - Portfolio construction: 38 longs, 16 shorts (from 38 candidates)
2026-03-17 16:34:21,688 - INFO - Vol targeting: rolling_vol=0.0477, scale=1.6785
2026-03-17 16:34:21,688 - INFO - PnL Net: 0.0007 | Scaled: 0.0012 | Turnover: 18.77% | Vol Scale: 1.68
2026-03-17 16:34:21,688 - INFO - 
============================================================
2026-03-17 16:34:21,688 - INFO - Running paper trading for 2025-06-12
2026-03-17 16:34:21,688 - INFO - ============================================================
2026-03-17 16:34:21,689 - INFO - Portfolio construction: 38 longs, 38 shorts (from 38 candidates)
2026-03-17 16:34:21,689 - INFO - Vol targeting: rolling_vol=0.0449, scale=1.7832
2026-03-17 16:34:21,690 - INFO - PnL Net: -0.0033 | Scaled: -0.0058 | Turnover: 21.75% | Vol Scale: 1.78
2026-03-17 16:34:21,690 - INFO - 
============================================================
2026-03-17 16:34:21,690 - INFO - Running paper trading for 2025-06-13
2026-03-17 16:34:21,690 - INFO - ============================================================
2026-03-17 16:34:21,691 - INFO - Portfolio construction: 38 longs, 38 shorts (from 38 candidates)
2026-03-17 16:34:21,691 - INFO - Vol targeting: rolling_vol=0.0444, scale=1.8031
2026-03-17 16:34:21,691 - INFO - PnL Net: 0.0011 | Scaled: 0.0020 | Turnover: 18.70% | Vol Scale: 1.80
2026-03-17 16:34:21,691 - INFO - 
============================================================
2026-03-17 16:34:21,691 - INFO - Running paper trading for 2025-06-16
2026-03-17 16:34:21,691 - INFO - ============================================================
2026-03-17 16:34:21,692 - INFO - Portfolio construction: 38 longs, 38 shorts (from 38 candidates)
2026-03-17 16:34:21,692 - INFO - Vol targeting: rolling_vol=0.0455, scale=1.7575
2026-03-17 16:34:21,692 - INFO - PnL Net: -0.0035 | Scaled: -0.0061 | Turnover: 16.38% | Vol Scale: 1.76
2026-03-17 16:34:21,692 - INFO - 
============================================================
2026-03-17 16:34:21,692 - INFO - Running paper trading for 2025-06-17
2026-03-17 16:34:21,692 - INFO - ============================================================
2026-03-17 16:34:21,694 - INFO - Portfolio construction: 38 longs, 38 shorts (from 38 candidates)
2026-03-17 16:34:21,694 - INFO - Vol targeting: rolling_vol=0.0452, scale=1.7708
2026-03-17 16:34:21,694 - INFO - PnL Net: -0.0005 | Scaled: -0.0009 | Turnover: 17.30% | Vol Scale: 1.77
2026-03-17 16:34:21,694 - INFO - 
============================================================
2026-03-17 16:34:21,694 - INFO - Running paper trading for 2025-06-18
2026-03-17 16:34:21,694 - INFO - ============================================================
2026-03-17 16:34:21,695 - INFO - Portfolio construction: 38 longs, 38 shorts (from 38 candidates)
2026-03-17 16:34:21,695 - INFO - Vol targeting: rolling_vol=0.0385, scale=2.0000
2026-03-17 16:34:21,696 - INFO - PnL Net: 0.0001 | Scaled: 0.0003 | Turnover: 18.66% | Vol Scale: 2.00
2026-03-17 16:34:21,696 - INFO - 
============================================================
2026-03-17 16:34:21,696 - INFO - Running paper trading for 2025-06-20
2026-03-17 16:34:21,696 - INFO - ============================================================
2026-03-17 16:34:21,697 - INFO - Portfolio construction: 38 longs, 38 shorts (from 38 candidates)
2026-03-17 16:34:21,697 - INFO - Vol targeting: rolling_vol=0.0397, scale=2.0000
2026-03-17 16:34:21,697 - INFO - PnL Net: 0.0027 | Scaled: 0.0053 | Turnover: 20.03% | Vol Scale: 2.00
2026-03-17 16:34:21,697 - INFO - 
============================================================
2026-03-17 16:34:21,697 - INFO - Running paper trading for 2025-06-23
2026-03-17 16:34:21,697 - INFO - ============================================================
2026-03-17 16:34:21,698 - INFO - Portfolio construction: 38 longs, 38 shorts (from 38 candidates)
2026-03-17 16:34:21,698 - INFO - Vol targeting: rolling_vol=0.0406, scale=1.9706
2026-03-17 16:34:21,698 - INFO - PnL Net: 0.0039 | Scaled: 0.0076 | Turnover: 17.48% | Vol Scale: 1.97
2026-03-17 16:34:21,698 - INFO - 
============================================================
2026-03-17 16:34:21,698 - INFO - Running paper trading for 2025-06-24
2026-03-17 16:34:21,698 - INFO - ============================================================
2026-03-17 16:34:21,699 - INFO - Portfolio construction: 38 longs, 38 shorts (from 38 candidates)
2026-03-17 16:34:21,700 - INFO - Vol targeting: rolling_vol=0.0294, scale=2.0000
2026-03-17 16:34:21,700 - INFO - PnL Net: -0.0021 | Scaled: -0.0042 | Turnover: 18.08% | Vol Scale: 2.00
2026-03-17 16:34:21,700 - INFO - 
============================================================
2026-03-17 16:34:21,700 - INFO - Running paper trading for 2025-06-25
2026-03-17 16:34:21,700 - INFO - ============================================================
2026-03-17 16:34:21,701 - INFO - Portfolio construction: 38 longs, 38 shorts (from 38 candidates)
2026-03-17 16:34:21,701 - INFO - Vol targeting: rolling_vol=0.0295, scale=2.0000
2026-03-17 16:34:21,701 - INFO - PnL Net: 0.0019 | Scaled: 0.0038 | Turnover: 17.90% | Vol Scale: 2.00
2026-03-17 16:34:21,701 - INFO - 
============================================================
2026-03-17 16:34:21,701 - INFO - Running paper trading for 2025-06-26
2026-03-17 16:34:21,701 - INFO - ============================================================
2026-03-17 16:34:21,702 - INFO - Portfolio construction: 38 longs, 38 shorts (from 38 candidates)
2026-03-17 16:34:21,702 - INFO - Vol targeting: rolling_vol=0.0299, scale=2.0000
2026-03-17 16:34:21,702 - INFO - PnL Net: 0.0015 | Scaled: 0.0029 | Turnover: 17.70% | Vol Scale: 2.00
2026-03-17 16:34:21,702 - INFO - 
============================================================
2026-03-17 16:34:21,702 - INFO - Running paper trading for 2025-06-27
2026-03-17 16:34:21,702 - INFO - ============================================================
2026-03-17 16:34:21,703 - INFO - Portfolio construction: 38 longs, 38 shorts (from 38 candidates)
2026-03-17 16:34:21,704 - INFO - Vol targeting: rolling_vol=0.0300, scale=2.0000
2026-03-17 16:34:21,704 - INFO - PnL Net: 0.0013 | Scaled: 0.0025 | Turnover: 16.45% | Vol Scale: 2.00
2026-03-17 16:34:21,704 - INFO - 
============================================================
2026-03-17 16:34:21,704 - INFO - Running paper trading for 2025-06-30
2026-03-17 16:34:21,704 - INFO - ============================================================
2026-03-17 16:34:21,704 - INFO - Portfolio construction: 38 longs, 38 shorts (from 38 candidates)
2026-03-17 16:34:21,705 - INFO - Vol targeting: rolling_vol=0.0351, scale=2.0000
2026-03-17 16:34:21,705 - INFO - PnL Net: 0.0055 | Scaled: 0.0109 | Turnover: 17.10% | Vol Scale: 2.00
2026-03-17 16:34:21,705 - INFO - 
============================================================
2026-03-17 16:34:21,705 - INFO - Running paper trading for 2025-07-01
2026-03-17 16:34:21,705 - INFO - ============================================================
2026-03-17 16:34:21,706 - INFO - Portfolio construction: 38 longs, 38 shorts (from 38 candidates)
2026-03-17 16:34:21,706 - INFO - Vol targeting: rolling_vol=0.0352, scale=2.0000
2026-03-17 16:34:21,706 - INFO - PnL Net: 0.0013 | Scaled: 0.0026 | Turnover: 15.04% | Vol Scale: 2.00
2026-03-17 16:34:21,706 - INFO - 
============================================================
2026-03-17 16:34:21,706 - INFO - Running paper trading for 2025-07-02
2026-03-17 16:34:21,706 - INFO - ============================================================
2026-03-17 16:34:21,707 - INFO - Portfolio construction: 38 longs, 38 shorts (from 38 candidates)
2026-03-17 16:34:21,707 - INFO - Vol targeting: rolling_vol=0.0349, scale=2.0000
2026-03-17 16:34:21,708 - INFO - PnL Net: 0.0014 | Scaled: 0.0028 | Turnover: 12.74% | Vol Scale: 2.00
2026-03-17 16:34:21,708 - INFO - 
============================================================
2026-03-17 16:34:21,708 - INFO - Running paper trading for 2025-07-03
2026-03-17 16:34:21,708 - INFO - ============================================================
2026-03-17 16:34:21,709 - INFO - Portfolio construction: 38 longs, 38 shorts (from 38 candidates)
2026-03-17 16:34:21,709 - INFO - Vol targeting: rolling_vol=0.0371, scale=2.0000
2026-03-17 16:34:21,709 - INFO - PnL Net: -0.0032 | Scaled: -0.0063 | Turnover: 11.38% | Vol Scale: 2.00
2026-03-17 16:34:21,709 - INFO - 
============================================================
2026-03-17 16:34:21,709 - INFO - Running paper trading for 2025-07-07
2026-03-17 16:34:21,709 - INFO - ============================================================
2026-03-17 16:34:21,710 - INFO - Portfolio construction: 38 longs, 38 shorts (from 38 candidates)
2026-03-17 16:34:21,710 - INFO - Vol targeting: rolling_vol=0.0371, scale=2.0000
2026-03-17 16:34:21,710 - INFO - PnL Net: 0.0005 | Scaled: 0.0010 | Turnover: 10.84% | Vol Scale: 2.00
2026-03-17 16:34:21,710 - INFO - 
============================================================
2026-03-17 16:34:21,710 - INFO - Running paper trading for 2025-07-08
2026-03-17 16:34:21,710 - INFO - ============================================================
2026-03-17 16:34:21,711 - INFO - Portfolio construction: 38 longs, 38 shorts (from 38 candidates)
2026-03-17 16:34:21,712 - INFO - Vol targeting: rolling_vol=0.0357, scale=2.0000
2026-03-17 16:34:21,712 - INFO - PnL Net: 0.0009 | Scaled: 0.0019 | Turnover: 18.35% | Vol Scale: 2.00
2026-03-17 16:34:21,712 - INFO - 
============================================================
2026-03-17 16:34:21,712 - INFO - Running paper trading for 2025-07-09
2026-03-17 16:34:21,712 - INFO - ============================================================
2026-03-17 16:34:21,713 - INFO - Portfolio construction: 38 longs, 38 shorts (from 38 candidates)
2026-03-17 16:34:21,713 - INFO - Vol targeting: rolling_vol=0.0364, scale=2.0000
2026-03-17 16:34:21,713 - INFO - PnL Net: 0.0026 | Scaled: 0.0053 | Turnover: 19.70% | Vol Scale: 2.00
2026-03-17 16:34:21,713 - INFO - 
============================================================
2026-03-17 16:34:21,713 - INFO - Running paper trading for 2025-07-10
2026-03-17 16:34:21,713 - INFO - ============================================================
2026-03-17 16:34:21,715 - INFO - Portfolio construction: 38 longs, 12 shorts (from 38 candidates)
2026-03-17 16:34:21,715 - INFO - Vol targeting: rolling_vol=0.0379, scale=2.0000
2026-03-17 16:34:21,715 - INFO - PnL Net: -0.0029 | Scaled: -0.0058 | Turnover: 19.47% | Vol Scale: 2.00
2026-03-17 16:34:21,715 - INFO - 
============================================================
2026-03-17 16:34:21,715 - INFO - Running paper trading for 2025-07-11
2026-03-17 16:34:21,715 - INFO - ============================================================
2026-03-17 16:34:21,716 - INFO - Portfolio construction: 38 longs, 26 shorts (from 38 candidates)
2026-03-17 16:34:21,716 - INFO - Vol targeting: rolling_vol=0.0382, scale=2.0000
2026-03-17 16:34:21,716 - INFO - PnL Net: -0.0008 | Scaled: -0.0016 | Turnover: 19.00% | Vol Scale: 2.00
2026-03-17 16:34:21,716 - INFO - 
============================================================
2026-03-17 16:34:21,716 - INFO - Running paper trading for 2025-07-14
2026-03-17 16:34:21,716 - INFO - ============================================================
2026-03-17 16:34:21,717 - INFO - Portfolio construction: 38 longs, 38 shorts (from 38 candidates)
2026-03-17 16:34:21,718 - INFO - Vol targeting: rolling_vol=0.0411, scale=1.9456
2026-03-17 16:34:21,718 - INFO - PnL Net: -0.0053 | Scaled: -0.0103 | Turnover: 18.01% | Vol Scale: 1.95
2026-03-17 16:34:21,718 - INFO - 
============================================================
2026-03-17 16:34:21,718 - INFO - Running paper trading for 2025-07-15
2026-03-17 16:34:21,718 - INFO - ============================================================
2026-03-17 16:34:21,719 - INFO - Portfolio construction: 38 longs, 24 shorts (from 38 candidates)
2026-03-17 16:34:21,719 - INFO - Vol targeting: rolling_vol=0.0411, scale=1.9452
2026-03-17 16:34:21,719 - INFO - PnL Net: 0.0011 | Scaled: 0.0022 | Turnover: 17.80% | Vol Scale: 1.95
2026-03-17 16:34:21,719 - INFO - 
============================================================
2026-03-17 16:34:21,719 - INFO - Running paper trading for 2025-07-16
2026-03-17 16:34:21,719 - INFO - ============================================================
2026-03-17 16:34:21,720 - INFO - Portfolio construction: 38 longs, 4 shorts (from 38 candidates)
2026-03-17 16:34:21,720 - INFO - Vol targeting: rolling_vol=0.0400, scale=1.9977
2026-03-17 16:34:21,720 - INFO - PnL Net: 0.0035 | Scaled: 0.0070 | Turnover: 18.83% | Vol Scale: 2.00
2026-03-17 16:34:21,720 - INFO - 
============================================================
2026-03-17 16:34:21,720 - INFO - Running paper trading for 2025-07-17
2026-03-17 16:34:21,720 - INFO - ============================================================
2026-03-17 16:34:21,721 - INFO - Portfolio construction: 38 longs, 38 shorts (from 38 candidates)
2026-03-17 16:34:21,722 - INFO - Vol targeting: rolling_vol=0.0400, scale=2.0000
2026-03-17 16:34:21,722 - INFO - PnL Net: -0.0003 | Scaled: -0.0006 | Turnover: 20.65% | Vol Scale: 2.00
2026-03-17 16:34:21,722 - INFO - 
============================================================
2026-03-17 16:34:21,722 - INFO - Running paper trading for 2025-07-18
2026-03-17 16:34:21,722 - INFO - ============================================================
2026-03-17 16:34:21,723 - INFO - Portfolio construction: 38 longs, 38 shorts (from 38 candidates)
2026-03-17 16:34:21,723 - INFO - Vol targeting: rolling_vol=0.0407, scale=1.9646
2026-03-17 16:34:21,723 - INFO - PnL Net: -0.0016 | Scaled: -0.0032 | Turnover: 22.59% | Vol Scale: 1.96
2026-03-17 16:34:21,723 - INFO - 
============================================================
2026-03-17 16:34:21,723 - INFO - Running paper trading for 2025-07-21
2026-03-17 16:34:21,723 - INFO - ============================================================
2026-03-17 16:34:21,724 - INFO - Portfolio construction: 38 longs, 38 shorts (from 38 candidates)
2026-03-17 16:34:21,724 - INFO - Vol targeting: rolling_vol=0.0456, scale=1.7529
2026-03-17 16:34:21,725 - INFO - PnL Net: 0.0068 | Scaled: 0.0120 | Turnover: 18.81% | Vol Scale: 1.75
2026-03-17 16:34:21,725 - INFO - 
============================================================
2026-03-17 16:34:21,725 - INFO - Running paper trading for 2025-07-22
2026-03-17 16:34:21,725 - INFO - ============================================================
2026-03-17 16:34:21,725 - INFO - Portfolio construction: 38 longs, 38 shorts (from 38 candidates)
2026-03-17 16:34:21,725 - INFO - Vol targeting: rolling_vol=0.0446, scale=1.7927
2026-03-17 16:34:21,725 - INFO - PnL Net: 0.0023 | Scaled: 0.0041 | Turnover: 18.89% | Vol Scale: 1.79
2026-03-17 16:34:21,725 - INFO - 
============================================================
2026-03-17 16:34:21,725 - INFO - Running paper trading for 2025-07-23
2026-03-17 16:34:21,725 - INFO - ============================================================
2026-03-17 16:34:21,726 - INFO - Portfolio construction: 38 longs, 38 shorts (from 38 candidates)
2026-03-17 16:34:21,727 - INFO - Vol targeting: rolling_vol=0.0451, scale=1.7756
2026-03-17 16:34:21,727 - INFO - PnL Net: -0.0026 | Scaled: -0.0046 | Turnover: 15.52% | Vol Scale: 1.78
2026-03-17 16:34:21,727 - INFO - 
============================================================
2026-03-17 16:34:21,727 - INFO - Running paper trading for 2025-07-24
2026-03-17 16:34:21,727 - INFO - ============================================================
2026-03-17 16:34:21,728 - INFO - Portfolio construction: 38 longs, 38 shorts (from 38 candidates)
2026-03-17 16:34:21,728 - INFO - Vol targeting: rolling_vol=0.0449, scale=1.7834
2026-03-17 16:34:21,728 - INFO - PnL Net: 0.0011 | Scaled: 0.0019 | Turnover: 15.70% | Vol Scale: 1.78
2026-03-17 16:34:21,728 - INFO - 
============================================================
2026-03-17 16:34:21,728 - INFO - Running paper trading for 2025-07-25
2026-03-17 16:34:21,728 - INFO - ============================================================
2026-03-17 16:34:21,729 - INFO - Portfolio construction: 38 longs, 38 shorts (from 38 candidates)
2026-03-17 16:34:21,729 - INFO - Vol targeting: rolling_vol=0.0465, scale=1.7198
2026-03-17 16:34:21,729 - INFO - PnL Net: -0.0031 | Scaled: -0.0052 | Turnover: 16.41% | Vol Scale: 1.72
2026-03-17 16:34:21,730 - INFO - 
============================================================
2026-03-17 16:34:21,730 - INFO - Running paper trading for 2025-07-28
2026-03-17 16:34:21,730 - INFO - ============================================================
2026-03-17 16:34:21,731 - INFO - Portfolio construction: 38 longs, 38 shorts (from 38 candidates)
2026-03-17 16:34:21,731 - INFO - Vol targeting: rolling_vol=0.0474, scale=1.6862
2026-03-17 16:34:21,731 - INFO - PnL Net: -0.0025 | Scaled: -0.0041 | Turnover: 18.54% | Vol Scale: 1.69
2026-03-17 16:34:21,731 - INFO - 
============================================================
2026-03-17 16:34:21,731 - INFO - Running paper trading for 2025-07-29
2026-03-17 16:34:21,731 - INFO - ============================================================
2026-03-17 16:34:21,732 - INFO - Portfolio construction: 38 longs, 38 shorts (from 38 candidates)
2026-03-17 16:34:21,732 - INFO - Vol targeting: rolling_vol=0.0445, scale=1.7974
2026-03-17 16:34:21,732 - INFO - PnL Net: -0.0028 | Scaled: -0.0050 | Turnover: 17.07% | Vol Scale: 1.80
2026-03-17 16:34:21,732 - INFO - 
============================================================
2026-03-17 16:34:21,732 - INFO - Running paper trading for 2025-07-30
2026-03-17 16:34:21,732 - INFO - ============================================================
2026-03-17 16:34:21,733 - INFO - Portfolio construction: 38 longs, 38 shorts (from 38 candidates)
2026-03-17 16:34:21,733 - INFO - Vol targeting: rolling_vol=0.0463, scale=1.7283
2026-03-17 16:34:21,734 - INFO - PnL Net: -0.0042 | Scaled: -0.0073 | Turnover: 18.97% | Vol Scale: 1.73
2026-03-17 16:34:21,734 - INFO - 
============================================================
2026-03-17 16:34:21,734 - INFO - Running paper trading for 2025-07-31
2026-03-17 16:34:21,734 - INFO - ============================================================
2026-03-17 16:34:21,735 - INFO - Portfolio construction: 38 longs, 38 shorts (from 38 candidates)
2026-03-17 16:34:21,736 - INFO - Vol targeting: rolling_vol=0.0470, scale=1.7007
2026-03-17 16:34:21,736 - INFO - PnL Net: -0.0036 | Scaled: -0.0062 | Turnover: 19.57% | Vol Scale: 1.70
2026-03-17 16:34:21,736 - INFO - 
============================================================
2026-03-17 16:34:21,736 - INFO - Running paper trading for 2025-08-01
2026-03-17 16:34:21,736 - INFO - ============================================================
2026-03-17 16:34:21,737 - INFO - Portfolio construction: 38 longs, 6 shorts (from 38 candidates)
2026-03-17 16:34:21,737 - INFO - Vol targeting: rolling_vol=0.0468, scale=1.7092
2026-03-17 16:34:21,737 - INFO - PnL Net: 0.0016 | Scaled: 0.0028 | Turnover: 18.75% | Vol Scale: 1.71
2026-03-17 16:34:21,737 - INFO - 
============================================================
2026-03-17 16:34:21,737 - INFO - Running paper trading for 2025-08-04
2026-03-17 16:34:21,737 - INFO - ============================================================
2026-03-17 16:34:21,738 - INFO - Portfolio construction: 38 longs, 5 shorts (from 38 candidates)
2026-03-17 16:34:21,739 - INFO - Vol targeting: rolling_vol=0.0486, scale=1.6467
2026-03-17 16:34:21,739 - INFO - PnL Net: 0.0034 | Scaled: 0.0056 | Turnover: 20.03% | Vol Scale: 1.65
2026-03-17 16:34:21,739 - INFO - 
============================================================
2026-03-17 16:34:21,739 - INFO - Running paper trading for 2025-08-05
2026-03-17 16:34:21,739 - INFO - ============================================================
2026-03-17 16:34:21,740 - INFO - Portfolio construction: 38 longs, 37 shorts (from 38 candidates)
2026-03-17 16:34:21,740 - INFO - Vol targeting: rolling_vol=0.0485, scale=1.6507
2026-03-17 16:34:21,740 - INFO - PnL Net: -0.0013 | Scaled: -0.0021 | Turnover: 19.43% | Vol Scale: 1.65
2026-03-17 16:34:21,740 - INFO - 
============================================================
2026-03-17 16:34:21,740 - INFO - Running paper trading for 2025-08-06
2026-03-17 16:34:21,740 - INFO - ============================================================
2026-03-17 16:34:21,741 - INFO - Portfolio construction: 38 longs, 38 shorts (from 38 candidates)
2026-03-17 16:34:21,741 - INFO - Vol targeting: rolling_vol=0.0472, scale=1.6961
2026-03-17 16:34:21,741 - INFO - PnL Net: -0.0009 | Scaled: -0.0016 | Turnover: 18.13% | Vol Scale: 1.70
2026-03-17 16:34:21,741 - INFO - 
============================================================
2026-03-17 16:34:21,742 - INFO - Running paper trading for 2025-08-07
2026-03-17 16:34:21,742 - INFO - ============================================================
2026-03-17 16:34:21,742 - INFO - Portfolio construction: 38 longs, 7 shorts (from 38 candidates)
2026-03-17 16:34:21,743 - INFO - Vol targeting: rolling_vol=0.0466, scale=1.7164
2026-03-17 16:34:21,743 - INFO - PnL Net: 0.0008 | Scaled: 0.0013 | Turnover: 20.31% | Vol Scale: 1.72
2026-03-17 16:34:21,743 - INFO - 
============================================================
2026-03-17 16:34:21,743 - INFO - Running paper trading for 2025-08-08
2026-03-17 16:34:21,743 - INFO - ============================================================
2026-03-17 16:34:21,744 - INFO - Portfolio construction: 38 longs, 8 shorts (from 38 candidates)
2026-03-17 16:34:21,744 - INFO - Vol targeting: rolling_vol=0.0467, scale=1.7135
2026-03-17 16:34:21,744 - WARNING - KS3 TRIGGERED: 60-day Sharpe -0.0651 < 0
2026-03-17 16:34:21,744 - INFO - PnL Net: -0.0013 | Scaled: -0.0022 | Turnover: 18.30% | Vol Scale: 1.71
2026-03-17 16:34:21,744 - INFO - 
============================================================
2026-03-17 16:34:21,744 - INFO - Running paper trading for 2025-08-11
2026-03-17 16:34:21,744 - INFO - ============================================================
2026-03-17 16:34:21,745 - INFO - Portfolio construction: 38 longs, 38 shorts (from 38 candidates)
2026-03-17 16:34:21,746 - INFO - Vol targeting: rolling_vol=0.0479, scale=1.6690
2026-03-17 16:34:21,746 - WARNING - KS3 TRIGGERED: 60-day Sharpe -0.0144 < 0
2026-03-17 16:34:21,746 - INFO - PnL Net: 0.0058 | Scaled: 0.0096 | Turnover: 15.45% | Vol Scale: 1.67
2026-03-17 16:34:21,746 - INFO - 
============================================================
2026-03-17 16:34:21,746 - INFO - Running paper trading for 2025-08-12
2026-03-17 16:34:21,746 - INFO - ============================================================
2026-03-17 16:34:21,746 - INFO - Portfolio construction: 38 longs, 38 shorts (from 38 candidates)
2026-03-17 16:34:21,746 - INFO - Vol targeting: rolling_vol=0.0574, scale=1.3933
2026-03-17 16:34:21,746 - INFO - PnL Net: 0.0093 | Scaled: 0.0129 | Turnover: 15.64% | Vol Scale: 1.39
2026-03-17 16:34:21,747 - INFO - 
============================================================
2026-03-17 16:34:21,747 - INFO - Running paper trading for 2025-08-13
2026-03-17 16:34:21,747 - INFO - ============================================================
2026-03-17 16:34:21,747 - INFO - Portfolio construction: 38 longs, 38 shorts (from 38 candidates)
2026-03-17 16:34:21,748 - INFO - Vol targeting: rolling_vol=0.0564, scale=1.4186
2026-03-17 16:34:21,748 - INFO - PnL Net: 0.0002 | Scaled: 0.0003 | Turnover: 20.87% | Vol Scale: 1.42
2026-03-17 16:34:21,748 - INFO - 
============================================================
2026-03-17 16:34:21,748 - INFO - Running paper trading for 2025-08-14
2026-03-17 16:34:21,748 - INFO - ============================================================
2026-03-17 16:34:21,749 - INFO - Portfolio construction: 38 longs, 38 shorts (from 38 candidates)
2026-03-17 16:34:21,749 - INFO - Vol targeting: rolling_vol=0.0564, scale=1.4190
2026-03-17 16:34:21,749 - INFO - PnL Net: 0.0010 | Scaled: 0.0014 | Turnover: 18.05% | Vol Scale: 1.42
2026-03-17 16:34:21,749 - INFO - 
============================================================
2026-03-17 16:34:21,749 - INFO - Running paper trading for 2025-08-15
2026-03-17 16:34:21,749 - INFO - ============================================================
2026-03-17 16:34:21,751 - INFO - Portfolio construction: 38 longs, 38 shorts (from 38 candidates)
2026-03-17 16:34:21,751 - INFO - Vol targeting: rolling_vol=0.0559, scale=1.4310
2026-03-17 16:34:21,751 - INFO - PnL Net: 0.0002 | Scaled: 0.0003 | Turnover: 19.70% | Vol Scale: 1.43
2026-03-17 16:34:21,751 - INFO - 
============================================================
2026-03-17 16:34:21,751 - INFO - Running paper trading for 2025-08-18
2026-03-17 16:34:21,751 - INFO - ============================================================
2026-03-17 16:34:21,752 - INFO - Portfolio construction: 38 longs, 38 shorts (from 38 candidates)
2026-03-17 16:34:21,753 - INFO - Vol targeting: rolling_vol=0.0515, scale=1.5525
2026-03-17 16:34:21,753 - INFO - PnL Net: 0.0024 | Scaled: 0.0038 | Turnover: 18.09% | Vol Scale: 1.55
2026-03-17 16:34:21,753 - INFO - 
============================================================
2026-03-17 16:34:21,753 - INFO - Running paper trading for 2025-08-19
2026-03-17 16:34:21,753 - INFO - ============================================================
2026-03-17 16:34:21,754 - INFO - Portfolio construction: 38 longs, 38 shorts (from 38 candidates)
2026-03-17 16:34:21,754 - INFO - Vol targeting: rolling_vol=0.0516, scale=1.5515
2026-03-17 16:34:21,754 - INFO - PnL Net: -0.0020 | Scaled: -0.0031 | Turnover: 16.60% | Vol Scale: 1.55
2026-03-17 16:34:21,754 - INFO - 
============================================================
2026-03-17 16:34:21,754 - INFO - Running paper trading for 2025-08-20
2026-03-17 16:34:21,754 - INFO - ============================================================
2026-03-17 16:34:21,755 - INFO - Portfolio construction: 38 longs, 38 shorts (from 38 candidates)
2026-03-17 16:34:21,755 - INFO - Vol targeting: rolling_vol=0.0510, scale=1.5694
2026-03-17 16:34:21,755 - INFO - PnL Net: -0.0015 | Scaled: -0.0024 | Turnover: 15.21% | Vol Scale: 1.57
2026-03-17 16:34:21,755 - INFO - 
============================================================
2026-03-17 16:34:21,755 - INFO - Running paper trading for 2025-08-21
2026-03-17 16:34:21,755 - INFO - ============================================================
2026-03-17 16:34:21,756 - INFO - Portfolio construction: 38 longs, 38 shorts (from 38 candidates)
2026-03-17 16:34:21,756 - INFO - Vol targeting: rolling_vol=0.0594, scale=1.3476
2026-03-17 16:34:21,756 - INFO - PnL Net: 0.0089 | Scaled: 0.0120 | Turnover: 16.82% | Vol Scale: 1.35
2026-03-17 16:34:21,757 - INFO - 
============================================================
2026-03-17 16:34:21,757 - INFO - Running paper trading for 2025-08-22
2026-03-17 16:34:21,757 - INFO - ============================================================
2026-03-17 16:34:21,757 - INFO - Portfolio construction: 38 longs, 38 shorts (from 38 candidates)
2026-03-17 16:34:21,758 - INFO - Vol targeting: rolling_vol=0.0605, scale=1.3221
2026-03-17 16:34:21,758 - INFO - PnL Net: -0.0044 | Scaled: -0.0058 | Turnover: 15.55% | Vol Scale: 1.32
2026-03-17 16:34:21,758 - INFO - 
============================================================
2026-03-17 16:34:21,758 - INFO - Running paper trading for 2025-08-25
2026-03-17 16:34:21,758 - INFO - ============================================================
2026-03-17 16:34:21,759 - INFO - Portfolio construction: 38 longs, 38 shorts (from 38 candidates)
2026-03-17 16:34:21,759 - INFO - Vol targeting: rolling_vol=0.0596, scale=1.3428
2026-03-17 16:34:21,759 - INFO - PnL Net: 0.0005 | Scaled: 0.0007 | Turnover: 15.86% | Vol Scale: 1.34
2026-03-17 16:34:21,759 - INFO - 
============================================================
2026-03-17 16:34:21,759 - INFO - Running paper trading for 2025-08-26
2026-03-17 16:34:21,759 - INFO - ============================================================
2026-03-17 16:34:21,760 - INFO - Portfolio construction: 38 longs, 38 shorts (from 38 candidates)
2026-03-17 16:34:21,761 - INFO - Vol targeting: rolling_vol=0.0583, scale=1.3725
2026-03-17 16:34:21,761 - INFO - PnL Net: 0.0005 | Scaled: 0.0007 | Turnover: 17.06% | Vol Scale: 1.37
2026-03-17 16:34:21,761 - INFO - 
============================================================
2026-03-17 16:34:21,761 - INFO - Running paper trading for 2025-08-27
2026-03-17 16:34:21,761 - INFO - ============================================================
2026-03-17 16:34:21,762 - INFO - Portfolio construction: 38 longs, 38 shorts (from 38 candidates)
2026-03-17 16:34:21,763 - INFO - Vol targeting: rolling_vol=0.0555, scale=1.4411
2026-03-17 16:34:21,763 - INFO - PnL Net: -0.0002 | Scaled: -0.0002 | Turnover: 17.80% | Vol Scale: 1.44
2026-03-17 16:34:21,763 - INFO - 
============================================================
2026-03-17 16:34:21,763 - INFO - Running paper trading for 2025-08-28
2026-03-17 16:34:21,763 - INFO - ============================================================
2026-03-17 16:34:21,764 - INFO - Portfolio construction: 38 longs, 38 shorts (from 38 candidates)
2026-03-17 16:34:21,764 - INFO - Vol targeting: rolling_vol=0.0530, scale=1.5091
2026-03-17 16:34:21,764 - INFO - PnL Net: 0.0003 | Scaled: 0.0004 | Turnover: 19.25% | Vol Scale: 1.51
2026-03-17 16:34:21,764 - INFO - 
============================================================
2026-03-17 16:34:21,764 - INFO - Running paper trading for 2025-08-29
2026-03-17 16:34:21,764 - INFO - ============================================================
2026-03-17 16:34:21,765 - INFO - Portfolio construction: 38 longs, 38 shorts (from 38 candidates)
2026-03-17 16:34:21,765 - INFO - Vol targeting: rolling_vol=0.0539, scale=1.4841
2026-03-17 16:34:21,765 - INFO - PnL Net: -0.0017 | Scaled: -0.0026 | Turnover: 15.06% | Vol Scale: 1.48
2026-03-17 16:34:21,765 - INFO - 
============================================================
2026-03-17 16:34:21,765 - INFO - Running paper trading for 2025-09-02
2026-03-17 16:34:21,766 - INFO - ============================================================
2026-03-17 16:34:21,766 - INFO - Portfolio construction: 38 longs, 38 shorts (from 38 candidates)
2026-03-17 16:34:21,767 - INFO - Vol targeting: rolling_vol=0.0542, scale=1.4760
2026-03-17 16:34:21,767 - INFO - PnL Net: -0.0021 | Scaled: -0.0031 | Turnover: 18.16% | Vol Scale: 1.48
2026-03-17 16:34:21,767 - INFO - 
============================================================
2026-03-17 16:34:21,767 - INFO - Running paper trading for 2025-09-03
2026-03-17 16:34:21,767 - INFO - ============================================================
2026-03-17 16:34:21,768 - INFO - Portfolio construction: 38 longs, 38 shorts (from 38 candidates)
2026-03-17 16:34:21,768 - INFO - Vol targeting: rolling_vol=0.0537, scale=1.4886
2026-03-17 16:34:21,768 - INFO - PnL Net: 0.0013 | Scaled: 0.0020 | Turnover: 17.78% | Vol Scale: 1.49
2026-03-17 16:34:21,768 - INFO - 
============================================================
2026-03-17 16:34:21,768 - INFO - Running paper trading for 2025-09-04
2026-03-17 16:34:21,768 - INFO - ============================================================
2026-03-17 16:34:21,769 - INFO - Portfolio construction: 38 longs, 38 shorts (from 38 candidates)
2026-03-17 16:34:21,769 - INFO - Vol targeting: rolling_vol=0.0534, scale=1.4994
2026-03-17 16:34:21,770 - INFO - PnL Net: 0.0012 | Scaled: 0.0019 | Turnover: 17.33% | Vol Scale: 1.50
2026-03-17 16:34:21,770 - INFO - 
============================================================
2026-03-17 16:34:21,770 - INFO - Running paper trading for 2025-09-05
2026-03-17 16:34:21,770 - INFO - ============================================================
2026-03-17 16:34:21,771 - INFO - Portfolio construction: 38 longs, 38 shorts (from 38 candidates)
2026-03-17 16:34:21,771 - INFO - Vol targeting: rolling_vol=0.0539, scale=1.4842
2026-03-17 16:34:21,771 - INFO - PnL Net: -0.0013 | Scaled: -0.0019 | Turnover: 20.00% | Vol Scale: 1.48
2026-03-17 16:34:21,771 - INFO - 
============================================================
2026-03-17 16:34:21,771 - INFO - Running paper trading for 2025-09-08
2026-03-17 16:34:21,771 - INFO - ============================================================
2026-03-17 16:34:21,772 - INFO - Portfolio construction: 38 longs, 38 shorts (from 38 candidates)
2026-03-17 16:34:21,772 - INFO - Vol targeting: rolling_vol=0.0535, scale=1.4949
2026-03-17 16:34:21,772 - INFO - PnL Net: -0.0003 | Scaled: -0.0004 | Turnover: 16.66% | Vol Scale: 1.49
2026-03-17 16:34:21,772 - INFO - 
============================================================
2026-03-17 16:34:21,772 - INFO - Running paper trading for 2025-09-09
2026-03-17 16:34:21,772 - INFO - ============================================================
2026-03-17 16:34:21,773 - INFO - Portfolio construction: 38 longs, 38 shorts (from 38 candidates)
2026-03-17 16:34:21,774 - INFO - Vol targeting: rolling_vol=0.0534, scale=1.4986
2026-03-17 16:34:21,774 - INFO - PnL Net: -0.0044 | Scaled: -0.0065 | Turnover: 17.19% | Vol Scale: 1.50
2026-03-17 16:34:21,774 - INFO - 
============================================================
2026-03-17 16:34:21,774 - INFO - Running paper trading for 2025-09-10
2026-03-17 16:34:21,774 - INFO - ============================================================
2026-03-17 16:34:21,775 - INFO - Portfolio construction: 38 longs, 38 shorts (from 38 candidates)
2026-03-17 16:34:21,775 - INFO - Vol targeting: rolling_vol=0.0448, scale=1.7844
2026-03-17 16:34:21,775 - INFO - PnL Net: 0.0040 | Scaled: 0.0072 | Turnover: 16.96% | Vol Scale: 1.78
2026-03-17 16:34:21,775 - INFO - 
============================================================
2026-03-17 16:34:21,775 - INFO - Running paper trading for 2025-09-11
2026-03-17 16:34:21,775 - INFO - ============================================================
2026-03-17 16:34:21,776 - INFO - Portfolio construction: 38 longs, 38 shorts (from 38 candidates)
2026-03-17 16:34:21,776 - INFO - Vol targeting: rolling_vol=0.0472, scale=1.6944
2026-03-17 16:34:21,776 - INFO - PnL Net: -0.0041 | Scaled: -0.0070 | Turnover: 17.39% | Vol Scale: 1.69
2026-03-17 16:34:21,776 - INFO - 
============================================================
2026-03-17 16:34:21,776 - INFO - Running paper trading for 2025-09-12
2026-03-17 16:34:21,776 - INFO - ============================================================
2026-03-17 16:34:21,778 - INFO - Portfolio construction: 38 longs, 38 shorts (from 38 candidates)
2026-03-17 16:34:21,778 - INFO - Vol targeting: rolling_vol=0.0475, scale=1.6830
2026-03-17 16:34:21,778 - INFO - PnL Net: -0.0021 | Scaled: -0.0035 | Turnover: 15.81% | Vol Scale: 1.68
2026-03-17 16:34:21,778 - INFO - 
============================================================
2026-03-17 16:34:21,778 - INFO - Running paper trading for 2025-09-15
2026-03-17 16:34:21,778 - INFO - ============================================================
2026-03-17 16:34:21,779 - INFO - Portfolio construction: 38 longs, 38 shorts (from 38 candidates)
2026-03-17 16:34:21,780 - INFO - Vol targeting: rolling_vol=0.0477, scale=1.6773
2026-03-17 16:34:21,780 - INFO - PnL Net: 0.0010 | Scaled: 0.0016 | Turnover: 18.17% | Vol Scale: 1.68
2026-03-17 16:34:21,780 - INFO - 
============================================================
2026-03-17 16:34:21,780 - INFO - Running paper trading for 2025-09-16
2026-03-17 16:34:21,780 - INFO - ============================================================
2026-03-17 16:34:21,781 - INFO - Portfolio construction: 38 longs, 38 shorts (from 38 candidates)
2026-03-17 16:34:21,781 - INFO - Vol targeting: rolling_vol=0.0469, scale=1.7072
2026-03-17 16:34:21,781 - INFO - PnL Net: 0.0006 | Scaled: 0.0011 | Turnover: 16.81% | Vol Scale: 1.71
2026-03-17 16:34:21,781 - INFO - 
============================================================
2026-03-17 16:34:21,781 - INFO - Running paper trading for 2025-09-17
2026-03-17 16:34:21,781 - INFO - ============================================================
2026-03-17 16:34:21,782 - INFO - Portfolio construction: 38 longs, 38 shorts (from 38 candidates)
2026-03-17 16:34:21,782 - INFO - Vol targeting: rolling_vol=0.0483, scale=1.6553
2026-03-17 16:34:21,782 - INFO - PnL Net: 0.0037 | Scaled: 0.0061 | Turnover: 15.39% | Vol Scale: 1.66
2026-03-17 16:34:21,782 - INFO - 
============================================================
2026-03-17 16:34:21,782 - INFO - Running paper trading for 2025-09-18
2026-03-17 16:34:21,782 - INFO - ============================================================
2026-03-17 16:34:21,784 - INFO - Portfolio construction: 38 longs, 38 shorts (from 38 candidates)
2026-03-17 16:34:21,784 - INFO - Vol targeting: rolling_vol=0.0490, scale=1.6323
2026-03-17 16:34:21,784 - INFO - PnL Net: -0.0028 | Scaled: -0.0045 | Turnover: 13.88% | Vol Scale: 1.63
2026-03-17 16:34:21,784 - INFO - 
============================================================
2026-03-17 16:34:21,784 - INFO - Running paper trading for 2025-09-19
2026-03-17 16:34:21,784 - INFO - ============================================================
2026-03-17 16:34:21,785 - INFO - Portfolio construction: 38 longs, 38 shorts (from 38 candidates)
2026-03-17 16:34:21,786 - INFO - Vol targeting: rolling_vol=0.0368, scale=2.0000
2026-03-17 16:34:21,786 - INFO - PnL Net: -0.0018 | Scaled: -0.0037 | Turnover: 14.15% | Vol Scale: 2.00
2026-03-17 16:34:21,786 - INFO - 
============================================================
2026-03-17 16:34:21,786 - INFO - Running paper trading for 2025-09-22
2026-03-17 16:34:21,786 - INFO - ============================================================
2026-03-17 16:34:21,787 - INFO - Portfolio construction: 38 longs, 38 shorts (from 38 candidates)
2026-03-17 16:34:21,787 - INFO - Vol targeting: rolling_vol=0.0347, scale=2.0000
2026-03-17 16:34:21,787 - INFO - PnL Net: -0.0022 | Scaled: -0.0044 | Turnover: 12.25% | Vol Scale: 2.00
2026-03-17 16:34:21,787 - INFO - 
============================================================
2026-03-17 16:34:21,787 - INFO - Running paper trading for 2025-09-23
2026-03-17 16:34:21,787 - INFO - ============================================================
2026-03-17 16:34:21,788 - INFO - Portfolio construction: 38 longs, 38 shorts (from 38 candidates)
2026-03-17 16:34:21,788 - INFO - Vol targeting: rolling_vol=0.0347, scale=2.0000
2026-03-17 16:34:21,788 - INFO - PnL Net: 0.0006 | Scaled: 0.0012 | Turnover: 11.55% | Vol Scale: 2.00
2026-03-17 16:34:21,788 - INFO - 
============================================================
2026-03-17 16:34:21,788 - INFO - Running paper trading for 2025-09-24
2026-03-17 16:34:21,788 - INFO - ============================================================
2026-03-17 16:34:21,790 - INFO - Portfolio construction: 38 longs, 38 shorts (from 38 candidates)
2026-03-17 16:34:21,790 - INFO - Vol targeting: rolling_vol=0.0370, scale=2.0000
2026-03-17 16:34:21,790 - WARNING - KS3 TRIGGERED: 60-day Sharpe -0.2339 < 0
2026-03-17 16:34:21,790 - INFO - PnL Net: -0.0044 | Scaled: -0.0087 | Turnover: 10.82% | Vol Scale: 2.00
2026-03-17 16:34:21,790 - INFO - 
============================================================
2026-03-17 16:34:21,790 - INFO - Running paper trading for 2025-09-25
2026-03-17 16:34:21,790 - INFO - ============================================================
2026-03-17 16:34:21,791 - INFO - Portfolio construction: 38 longs, 38 shorts (from 38 candidates)
2026-03-17 16:34:21,791 - INFO - Vol targeting: rolling_vol=0.0394, scale=2.0000
2026-03-17 16:34:21,791 - WARNING - KS3 TRIGGERED: 60-day Sharpe -0.0747 < 0
2026-03-17 16:34:21,792 - INFO - PnL Net: 0.0031 | Scaled: 0.0063 | Turnover: 11.32% | Vol Scale: 2.00
2026-03-17 16:34:21,792 - INFO - 
============================================================
2026-03-17 16:34:21,792 - INFO - Running paper trading for 2025-09-26
2026-03-17 16:34:21,792 - INFO - ============================================================
2026-03-17 16:34:21,793 - INFO - Portfolio construction: 38 longs, 38 shorts (from 38 candidates)
2026-03-17 16:34:21,793 - INFO - Vol targeting: rolling_vol=0.0396, scale=2.0000
2026-03-17 16:34:21,794 - WARNING - KS3 TRIGGERED: 60-day Sharpe -0.1133 < 0
2026-03-17 16:34:21,794 - INFO - PnL Net: 0.0009 | Scaled: 0.0019 | Turnover: 10.79% | Vol Scale: 2.00
2026-03-17 16:34:21,794 - INFO - 
============================================================
2026-03-17 16:34:21,794 - INFO - Running paper trading for 2025-09-29
2026-03-17 16:34:21,794 - INFO - ============================================================
2026-03-17 16:34:21,795 - INFO - Portfolio construction: 38 longs, 38 shorts (from 38 candidates)
2026-03-17 16:34:21,795 - INFO - Vol targeting: rolling_vol=0.0395, scale=2.0000
2026-03-17 16:34:21,795 - INFO - PnL Net: 0.0006 | Scaled: 0.0013 | Turnover: 18.78% | Vol Scale: 2.00
2026-03-17 16:34:21,795 - INFO - 
============================================================
2026-03-17 16:34:21,795 - INFO - Running paper trading for 2025-09-30
2026-03-17 16:34:21,795 - INFO - ============================================================
2026-03-17 16:34:21,796 - INFO - Portfolio construction: 38 longs, 38 shorts (from 38 candidates)
2026-03-17 16:34:21,796 - INFO - Vol targeting: rolling_vol=0.0394, scale=2.0000
2026-03-17 16:34:21,796 - INFO - PnL Net: 0.0013 | Scaled: 0.0026 | Turnover: 16.32% | Vol Scale: 2.00
2026-03-17 16:34:21,796 - INFO - 
============================================================
2026-03-17 16:34:21,796 - INFO - Running paper trading for 2025-10-01
2026-03-17 16:34:21,796 - INFO - ============================================================
2026-03-17 16:34:21,797 - INFO - Portfolio construction: 38 longs, 38 shorts (from 38 candidates)
2026-03-17 16:34:21,798 - INFO - Vol targeting: rolling_vol=0.0406, scale=1.9724
2026-03-17 16:34:21,798 - INFO - PnL Net: 0.0029 | Scaled: 0.0057 | Turnover: 13.62% | Vol Scale: 1.97
2026-03-17 16:34:21,798 - INFO - 
============================================================
2026-03-17 16:34:21,798 - INFO - Running paper trading for 2025-10-02
2026-03-17 16:34:21,798 - INFO - ============================================================
2026-03-17 16:34:21,799 - INFO - Portfolio construction: 38 longs, 38 shorts (from 38 candidates)
2026-03-17 16:34:21,799 - INFO - Vol targeting: rolling_vol=0.0415, scale=1.9257
2026-03-17 16:34:21,799 - INFO - PnL Net: 0.0028 | Scaled: 0.0053 | Turnover: 12.21% | Vol Scale: 1.93
2026-03-17 16:34:21,799 - INFO - 
============================================================
2026-03-17 16:34:21,799 - INFO - Running paper trading for 2025-10-03
2026-03-17 16:34:21,799 - INFO - ============================================================
2026-03-17 16:34:21,800 - INFO - Portfolio construction: 38 longs, 38 shorts (from 38 candidates)
2026-03-17 16:34:21,801 - INFO - Vol targeting: rolling_vol=0.0436, scale=1.8365
2026-03-17 16:34:21,801 - INFO - PnL Net: 0.0040 | Scaled: 0.0073 | Turnover: 10.49% | Vol Scale: 1.84
2026-03-17 16:34:21,801 - INFO - 
============================================================
2026-03-17 16:34:21,801 - INFO - Running paper trading for 2025-10-06
2026-03-17 16:34:21,801 - INFO - ============================================================
2026-03-17 16:34:21,801 - INFO - Portfolio construction: 38 longs, 38 shorts (from 38 candidates)
2026-03-17 16:34:21,802 - INFO - Vol targeting: rolling_vol=0.0440, scale=1.8163
2026-03-17 16:34:21,802 - INFO - PnL Net: -0.0017 | Scaled: -0.0032 | Turnover: 8.91% | Vol Scale: 1.82
2026-03-17 16:34:21,803 - INFO - 
============================================================
2026-03-17 16:34:21,803 - INFO - Running paper trading for 2025-10-07
2026-03-17 16:34:21,803 - INFO - ============================================================
2026-03-17 16:34:21,803 - INFO - Portfolio construction: 38 longs, 38 shorts (from 38 candidates)
2026-03-17 16:34:21,804 - INFO - Vol targeting: rolling_vol=0.0418, scale=1.9150
2026-03-17 16:34:21,804 - INFO - PnL Net: 0.0027 | Scaled: 0.0053 | Turnover: 7.62% | Vol Scale: 1.91
2026-03-17 16:34:21,804 - INFO - 
============================================================
2026-03-17 16:34:21,804 - INFO - Running paper trading for 2025-10-08
2026-03-17 16:34:21,804 - INFO - ============================================================
2026-03-17 16:34:21,805 - INFO - Portfolio construction: 38 longs, 38 shorts (from 38 candidates)
2026-03-17 16:34:21,806 - INFO - Vol targeting: rolling_vol=0.0400, scale=1.9984
2026-03-17 16:34:21,806 - INFO - PnL Net: -0.0012 | Scaled: -0.0024 | Turnover: 6.47% | Vol Scale: 2.00
2026-03-17 16:34:21,806 - INFO - 
============================================================
2026-03-17 16:34:21,806 - INFO - Running paper trading for 2025-10-09
2026-03-17 16:34:21,806 - INFO - ============================================================
2026-03-17 16:34:21,807 - INFO - Portfolio construction: 38 longs, 38 shorts (from 38 candidates)
2026-03-17 16:34:21,807 - INFO - Vol targeting: rolling_vol=0.0499, scale=1.6037
2026-03-17 16:34:21,807 - INFO - PnL Net: -0.0093 | Scaled: -0.0149 | Turnover: 6.11% | Vol Scale: 1.60
2026-03-17 16:34:21,807 - INFO - 
============================================================
2026-03-17 16:34:21,807 - INFO - Running paper trading for 2025-10-10
2026-03-17 16:34:21,807 - INFO - ============================================================
2026-03-17 16:34:21,808 - INFO - Portfolio construction: 38 longs, 38 shorts (from 38 candidates)
2026-03-17 16:34:21,808 - INFO - Vol targeting: rolling_vol=0.0501, scale=1.5958
2026-03-17 16:34:21,808 - INFO - PnL Net: 0.0026 | Scaled: 0.0041 | Turnover: 16.58% | Vol Scale: 1.60
2026-03-17 16:34:21,808 - INFO - 
============================================================
2026-03-17 16:34:21,808 - INFO - Running paper trading for 2025-10-13
2026-03-17 16:34:21,808 - INFO - ============================================================
2026-03-17 16:34:21,809 - INFO - Portfolio construction: 38 longs, 36 shorts (from 38 candidates)
2026-03-17 16:34:21,809 - INFO - Vol targeting: rolling_vol=0.0500, scale=1.5985
2026-03-17 16:34:21,809 - INFO - PnL Net: 0.0001 | Scaled: 0.0001 | Turnover: 21.87% | Vol Scale: 1.60
2026-03-17 16:34:21,810 - INFO - 
============================================================
2026-03-17 16:34:21,810 - INFO - Running paper trading for 2025-10-14
2026-03-17 16:34:21,810 - INFO - ============================================================
2026-03-17 16:34:21,811 - INFO - Portfolio construction: 38 longs, 38 shorts (from 38 candidates)
2026-03-17 16:34:21,811 - INFO - Vol targeting: rolling_vol=0.0503, scale=1.5894
2026-03-17 16:34:21,811 - INFO - PnL Net: 0.0017 | Scaled: 0.0028 | Turnover: 19.87% | Vol Scale: 1.59
2026-03-17 16:34:21,811 - INFO - 
============================================================
2026-03-17 16:34:21,811 - INFO - Running paper trading for 2025-10-15
2026-03-17 16:34:21,811 - INFO - ============================================================
2026-03-17 16:34:21,812 - INFO - Portfolio construction: 38 longs, 38 shorts (from 38 candidates)
2026-03-17 16:34:21,813 - INFO - Vol targeting: rolling_vol=0.0506, scale=1.5825
2026-03-17 16:34:21,813 - WARNING - KS3 TRIGGERED: 60-day Sharpe -0.2138 < 0
2026-03-17 16:34:21,813 - INFO - PnL Net: -0.0039 | Scaled: -0.0062 | Turnover: 19.76% | Vol Scale: 1.58
2026-03-17 16:34:21,813 - INFO - 
============================================================
2026-03-17 16:34:21,813 - INFO - Running paper trading for 2025-10-16
2026-03-17 16:34:21,813 - INFO - ============================================================
2026-03-17 16:34:21,814 - INFO - Portfolio construction: 38 longs, 38 shorts (from 38 candidates)
2026-03-17 16:34:21,814 - INFO - Vol targeting: rolling_vol=0.0497, scale=1.6093
2026-03-17 16:34:21,814 - INFO - PnL Net: 0.0004 | Scaled: 0.0006 | Turnover: 19.81% | Vol Scale: 1.61
2026-03-17 16:34:21,814 - INFO - 
============================================================
2026-03-17 16:34:21,814 - INFO - Running paper trading for 2025-10-17
2026-03-17 16:34:21,814 - INFO - ============================================================
2026-03-17 16:34:21,815 - INFO - Portfolio construction: 38 longs, 2 shorts (from 38 candidates)
2026-03-17 16:34:21,816 - INFO - Vol targeting: rolling_vol=0.0522, scale=1.5325
2026-03-17 16:34:21,816 - INFO - PnL Net: 0.0050 | Scaled: 0.0077 | Turnover: 21.18% | Vol Scale: 1.53
2026-03-17 16:34:21,816 - INFO - 
============================================================
2026-03-17 16:34:21,816 - INFO - Running paper trading for 2025-10-20
2026-03-17 16:34:21,816 - INFO - ============================================================
2026-03-17 16:34:21,817 - INFO - Portfolio construction: 38 longs, 38 shorts (from 38 candidates)
2026-03-17 16:34:21,817 - INFO - Vol targeting: rolling_vol=0.0521, scale=1.5369
2026-03-17 16:34:21,817 - INFO - PnL Net: 0.0028 | Scaled: 0.0043 | Turnover: 19.97% | Vol Scale: 1.54
2026-03-17 16:34:21,817 - INFO - 
============================================================
2026-03-17 16:34:21,817 - INFO - Running paper trading for 2025-10-21
2026-03-17 16:34:21,817 - INFO - ============================================================
2026-03-17 16:34:21,818 - INFO - Portfolio construction: 38 longs, 38 shorts (from 38 candidates)
2026-03-17 16:34:21,818 - INFO - Vol targeting: rolling_vol=0.0528, scale=1.5154
2026-03-17 16:34:21,818 - INFO - PnL Net: -0.0020 | Scaled: -0.0030 | Turnover: 17.75% | Vol Scale: 1.52
2026-03-17 16:34:21,818 - INFO - 
============================================================
2026-03-17 16:34:21,818 - INFO - Running paper trading for 2025-10-22
2026-03-17 16:34:21,818 - INFO - ============================================================
2026-03-17 16:34:21,819 - INFO - Portfolio construction: 38 longs, 38 shorts (from 38 candidates)
2026-03-17 16:34:21,819 - INFO - Vol targeting: rolling_vol=0.0516, scale=1.5499
2026-03-17 16:34:21,819 - INFO - PnL Net: 0.0046 | Scaled: 0.0071 | Turnover: 16.55% | Vol Scale: 1.55
2026-03-17 16:34:21,819 - INFO - 
============================================================
2026-03-17 16:34:21,819 - INFO - Running paper trading for 2025-10-23
2026-03-17 16:34:21,819 - INFO - ============================================================
2026-03-17 16:34:21,820 - INFO - Portfolio construction: 38 longs, 38 shorts (from 38 candidates)
2026-03-17 16:34:21,821 - INFO - Vol targeting: rolling_vol=0.0510, scale=1.5701
2026-03-17 16:34:21,821 - INFO - PnL Net: 0.0010 | Scaled: 0.0015 | Turnover: 18.04% | Vol Scale: 1.57
2026-03-17 16:34:21,821 - INFO - 
============================================================
2026-03-17 16:34:21,821 - INFO - Running paper trading for 2025-10-24
2026-03-17 16:34:21,821 - INFO - ============================================================
2026-03-17 16:34:21,822 - INFO - Portfolio construction: 38 longs, 38 shorts (from 38 candidates)
2026-03-17 16:34:21,822 - INFO - Vol targeting: rolling_vol=0.0511, scale=1.5665
2026-03-17 16:34:21,822 - INFO - PnL Net: 0.0018 | Scaled: 0.0028 | Turnover: 20.07% | Vol Scale: 1.57
2026-03-17 16:34:21,822 - INFO - 
============================================================
2026-03-17 16:34:21,822 - INFO - Running paper trading for 2025-10-27
2026-03-17 16:34:21,822 - INFO - ============================================================
2026-03-17 16:34:21,823 - INFO - Portfolio construction: 38 longs, 38 shorts (from 38 candidates)
2026-03-17 16:34:21,823 - INFO - Vol targeting: rolling_vol=0.0513, scale=1.5609
2026-03-17 16:34:21,824 - INFO - PnL Net: -0.0005 | Scaled: -0.0007 | Turnover: 20.20% | Vol Scale: 1.56
2026-03-17 16:34:21,824 - INFO - 
============================================================
2026-03-17 16:34:21,824 - INFO - Running paper trading for 2025-10-28
2026-03-17 16:34:21,824 - INFO - ============================================================
2026-03-17 16:34:21,825 - INFO - Portfolio construction: 38 longs, 38 shorts (from 38 candidates)
2026-03-17 16:34:21,825 - INFO - Vol targeting: rolling_vol=0.0516, scale=1.5503
2026-03-17 16:34:21,825 - INFO - PnL Net: -0.0011 | Scaled: -0.0017 | Turnover: 17.57% | Vol Scale: 1.55
2026-03-17 16:34:21,825 - INFO - 
============================================================
2026-03-17 16:34:21,825 - INFO - Running paper trading for 2025-10-29
2026-03-17 16:34:21,825 - INFO - ============================================================
2026-03-17 16:34:21,826 - INFO - Portfolio construction: 38 longs, 38 shorts (from 38 candidates)
2026-03-17 16:34:21,826 - INFO - Vol targeting: rolling_vol=0.0533, scale=1.4997
2026-03-17 16:34:21,826 - INFO - PnL Net: -0.0041 | Scaled: -0.0061 | Turnover: 16.24% | Vol Scale: 1.50
2026-03-17 16:34:21,826 - INFO - 
============================================================
2026-03-17 16:34:21,827 - INFO - Running paper trading for 2025-10-30
2026-03-17 16:34:21,827 - INFO - ============================================================
2026-03-17 16:34:21,827 - INFO - Portfolio construction: 38 longs, 38 shorts (from 38 candidates)
2026-03-17 16:34:21,828 - INFO - Vol targeting: rolling_vol=0.0529, scale=1.5111
2026-03-17 16:34:21,828 - INFO - PnL Net: 0.0019 | Scaled: 0.0029 | Turnover: 17.83% | Vol Scale: 1.51
2026-03-17 16:34:21,828 - INFO - 
============================================================
2026-03-17 16:34:21,828 - INFO - Running paper trading for 2025-10-31
2026-03-17 16:34:21,828 - INFO - ============================================================
2026-03-17 16:34:21,829 - INFO - Portfolio construction: 38 longs, 38 shorts (from 38 candidates)
2026-03-17 16:34:21,830 - INFO - Vol targeting: rolling_vol=0.0514, scale=1.5577
2026-03-17 16:34:21,830 - INFO - PnL Net: -0.0012 | Scaled: -0.0019 | Turnover: 17.75% | Vol Scale: 1.56
2026-03-17 16:34:21,830 - INFO - 
============================================================
2026-03-17 16:34:21,830 - INFO - Running paper trading for 2025-11-03
2026-03-17 16:34:21,830 - INFO - ============================================================
2026-03-17 16:34:21,831 - INFO - Portfolio construction: 38 longs, 38 shorts (from 38 candidates)
2026-03-17 16:34:21,831 - INFO - Vol targeting: rolling_vol=0.0532, scale=1.5032
2026-03-17 16:34:21,831 - INFO - PnL Net: -0.0044 | Scaled: -0.0065 | Turnover: 18.48% | Vol Scale: 1.50
2026-03-17 16:34:21,832 - INFO - 
============================================================
2026-03-17 16:34:21,832 - INFO - Running paper trading for 2025-11-04
2026-03-17 16:34:21,832 - INFO - ============================================================
2026-03-17 16:34:21,832 - INFO - Portfolio construction: 38 longs, 38 shorts (from 38 candidates)
2026-03-17 16:34:21,832 - INFO - Vol targeting: rolling_vol=0.0532, scale=1.5046
2026-03-17 16:34:21,832 - INFO - PnL Net: 0.0027 | Scaled: 0.0040 | Turnover: 18.50% | Vol Scale: 1.50
2026-03-17 16:34:21,833 - INFO - 
============================================================
2026-03-17 16:34:21,833 - INFO - Running paper trading for 2025-11-05
2026-03-17 16:34:21,833 - INFO - ============================================================
2026-03-17 16:34:21,833 - INFO - Portfolio construction: 38 longs, 38 shorts (from 38 candidates)
2026-03-17 16:34:21,834 - INFO - Vol targeting: rolling_vol=0.0556, scale=1.4381
2026-03-17 16:34:21,834 - WARNING - KS3 TRIGGERED: 60-day Sharpe -0.0205 < 0
2026-03-17 16:34:21,834 - INFO - PnL Net: -0.0050 | Scaled: -0.0071 | Turnover: 18.91% | Vol Scale: 1.44
2026-03-17 16:34:21,834 - INFO - 
============================================================
2026-03-17 16:34:21,834 - INFO - Running paper trading for 2025-11-06
2026-03-17 16:34:21,834 - INFO - ============================================================
2026-03-17 16:34:21,835 - INFO - Portfolio construction: 38 longs, 38 shorts (from 38 candidates)
2026-03-17 16:34:21,835 - INFO - Vol targeting: rolling_vol=0.0450, scale=1.7759
2026-03-17 16:34:21,835 - WARNING - KS3 TRIGGERED: 60-day Sharpe -0.0011 < 0
2026-03-17 16:34:21,835 - INFO - PnL Net: 0.0004 | Scaled: 0.0007 | Turnover: 19.27% | Vol Scale: 1.78
2026-03-17 16:34:21,835 - INFO - 
============================================================
2026-03-17 16:34:21,835 - INFO - Running paper trading for 2025-11-07
2026-03-17 16:34:21,835 - INFO - ============================================================
2026-03-17 16:34:21,836 - WARNING - No negative predictions for shorts - skipping short positions
2026-03-17 16:34:21,836 - INFO - Portfolio construction: 38 longs, 0 shorts (from 38 candidates)
2026-03-17 16:34:21,837 - INFO - Vol targeting: rolling_vol=0.0446, scale=1.7921
2026-03-17 16:34:21,837 - INFO - PnL Net: 0.0019 | Scaled: 0.0034 | Turnover: 13.18% | Vol Scale: 1.79
2026-03-17 16:34:21,837 - INFO - 
============================================================
2026-03-17 16:34:21,837 - INFO - Running paper trading for 2025-11-10
2026-03-17 16:34:21,837 - INFO - ============================================================
2026-03-17 16:34:21,837 - INFO - Portfolio construction: 38 longs, 38 shorts (from 38 candidates)
2026-03-17 16:34:21,837 - INFO - Vol targeting: rolling_vol=0.0454, scale=1.7634
2026-03-17 16:34:21,839 - INFO - PnL Net: 0.0024 | Scaled: 0.0043 | Turnover: 18.16% | Vol Scale: 1.76
2026-03-17 16:34:21,839 - INFO - 
============================================================
2026-03-17 16:34:21,839 - INFO - Running paper trading for 2025-11-11
2026-03-17 16:34:21,839 - INFO - ============================================================
2026-03-17 16:34:21,840 - INFO - Portfolio construction: 38 longs, 38 shorts (from 38 candidates)
2026-03-17 16:34:21,840 - INFO - Vol targeting: rolling_vol=0.0464, scale=1.7224
2026-03-17 16:34:21,840 - INFO - PnL Net: 0.0034 | Scaled: 0.0059 | Turnover: 16.31% | Vol Scale: 1.72
2026-03-17 16:34:21,840 - INFO - 
============================================================
2026-03-17 16:34:21,840 - INFO - Running paper trading for 2025-11-12
2026-03-17 16:34:21,840 - INFO - ============================================================
2026-03-17 16:34:21,841 - INFO - Portfolio construction: 38 longs, 38 shorts (from 38 candidates)
2026-03-17 16:34:21,841 - INFO - Vol targeting: rolling_vol=0.0448, scale=1.7861
2026-03-17 16:34:21,841 - INFO - PnL Net: -0.0022 | Scaled: -0.0039 | Turnover: 15.82% | Vol Scale: 1.79
2026-03-17 16:34:21,841 - INFO - 
============================================================
2026-03-17 16:34:21,841 - INFO - Running paper trading for 2025-11-13
2026-03-17 16:34:21,841 - INFO - ============================================================
2026-03-17 16:34:21,842 - INFO - Portfolio construction: 38 longs, 38 shorts (from 38 candidates)
2026-03-17 16:34:21,843 - INFO - Vol targeting: rolling_vol=0.0464, scale=1.7238
2026-03-17 16:34:21,843 - INFO - PnL Net: -0.0031 | Scaled: -0.0054 | Turnover: 17.53% | Vol Scale: 1.72
2026-03-17 16:34:21,843 - INFO - 
============================================================
2026-03-17 16:34:21,843 - INFO - Running paper trading for 2025-11-14
2026-03-17 16:34:21,843 - INFO - ============================================================
2026-03-17 16:34:21,844 - INFO - Portfolio construction: 38 longs, 38 shorts (from 38 candidates)
2026-03-17 16:34:21,844 - INFO - Vol targeting: rolling_vol=0.0494, scale=1.6195
2026-03-17 16:34:21,844 - WARNING - KS3 TRIGGERED: 60-day Sharpe -1.2139 < 0
2026-03-17 16:34:21,844 - INFO - PnL Net: -0.0071 | Scaled: -0.0114 | Turnover: 18.41% | Vol Scale: 1.62
2026-03-17 16:34:21,844 - INFO - 
============================================================
2026-03-17 16:34:21,844 - INFO - Running paper trading for 2025-11-17
2026-03-17 16:34:21,844 - INFO - ============================================================
2026-03-17 16:34:21,845 - INFO - Portfolio construction: 38 longs, 38 shorts (from 38 candidates)
2026-03-17 16:34:21,845 - INFO - Vol targeting: rolling_vol=0.0481, scale=1.6647
2026-03-17 16:34:21,845 - WARNING - KS3 TRIGGERED: 60-day Sharpe -0.9382 < 0
2026-03-17 16:34:21,846 - INFO - PnL Net: -0.0011 | Scaled: -0.0018 | Turnover: 18.60% | Vol Scale: 1.66
2026-03-17 16:34:21,846 - INFO - 
============================================================
2026-03-17 16:34:21,846 - INFO - Running paper trading for 2025-11-18
2026-03-17 16:34:21,846 - INFO - ============================================================
2026-03-17 16:34:21,846 - INFO - Portfolio construction: 38 longs, 38 shorts (from 38 candidates)
2026-03-17 16:34:21,846 - INFO - Vol targeting: rolling_vol=0.0478, scale=1.6738
2026-03-17 16:34:21,846 - WARNING - KS3 TRIGGERED: 60-day Sharpe -0.9945 < 0
2026-03-17 16:34:21,846 - INFO - PnL Net: -0.0001 | Scaled: -0.0002 | Turnover: 17.82% | Vol Scale: 1.67
2026-03-17 16:34:21,846 - INFO - 
============================================================
2026-03-17 16:34:21,846 - INFO - Running paper trading for 2025-11-19
2026-03-17 16:34:21,846 - INFO - ============================================================
2026-03-17 16:34:21,847 - INFO - Portfolio construction: 38 longs, 10 shorts (from 38 candidates)
2026-03-17 16:34:21,847 - INFO - Vol targeting: rolling_vol=0.0464, scale=1.7231
2026-03-17 16:34:21,847 - WARNING - KS3 TRIGGERED: 60-day Sharpe -1.4547 < 0
2026-03-17 16:34:21,847 - INFO - PnL Net: -0.0049 | Scaled: -0.0085 | Turnover: 20.34% | Vol Scale: 1.72
2026-03-17 16:34:21,847 - INFO - 
============================================================
2026-03-17 16:34:21,849 - INFO - Running paper trading for 2025-11-20
2026-03-17 16:34:21,849 - INFO - ============================================================
2026-03-17 16:34:21,850 - INFO - Portfolio construction: 38 longs, 4 shorts (from 38 candidates)
2026-03-17 16:34:21,850 - INFO - Vol targeting: rolling_vol=0.0537, scale=1.4897
2026-03-17 16:34:21,850 - WARNING - KS3 TRIGGERED: 60-day Sharpe -0.7805 < 0
2026-03-17 16:34:21,850 - INFO - PnL Net: 0.0070 | Scaled: 0.0104 | Turnover: 18.63% | Vol Scale: 1.49
2026-03-17 16:34:21,850 - INFO - 
============================================================
2026-03-17 16:34:21,850 - INFO - Running paper trading for 2025-11-21
2026-03-17 16:34:21,850 - INFO - ============================================================
2026-03-17 16:34:21,851 - WARNING - No negative predictions for shorts - skipping short positions
2026-03-17 16:34:21,851 - INFO - Portfolio construction: 38 longs, 0 shorts (from 38 candidates)
2026-03-17 16:34:21,851 - INFO - Vol targeting: rolling_vol=0.0544, scale=1.4711
2026-03-17 16:34:21,851 - WARNING - KS3 TRIGGERED: 60-day Sharpe -0.5647 < 0
2026-03-17 16:34:21,851 - INFO - PnL Net: 0.0028 | Scaled: 0.0041 | Turnover: 14.74% | Vol Scale: 1.47
2026-03-17 16:34:21,851 - INFO - 
============================================================
2026-03-17 16:34:21,851 - INFO - Running paper trading for 2025-11-24
2026-03-17 16:34:21,851 - INFO - ============================================================
2026-03-17 16:34:21,852 - INFO - Portfolio construction: 38 longs, 38 shorts (from 38 candidates)
2026-03-17 16:34:21,852 - INFO - Vol targeting: rolling_vol=0.0569, scale=1.4057
2026-03-17 16:34:21,852 - WARNING - KS3 TRIGGERED: 60-day Sharpe -0.0606 < 0
2026-03-17 16:34:21,852 - INFO - PnL Net: 0.0042 | Scaled: 0.0060 | Turnover: 18.63% | Vol Scale: 1.41
2026-03-17 16:34:21,852 - INFO - 
============================================================
2026-03-17 16:34:21,852 - INFO - Running paper trading for 2025-11-25
2026-03-17 16:34:21,852 - INFO - ============================================================
2026-03-17 16:34:21,853 - INFO - Portfolio construction: 38 longs, 29 shorts (from 38 candidates)
2026-03-17 16:34:21,854 - INFO - Vol targeting: rolling_vol=0.0582, scale=1.3744
2026-03-17 16:34:21,854 - INFO - PnL Net: 0.0033 | Scaled: 0.0045 | Turnover: 16.83% | Vol Scale: 1.37
2026-03-17 16:34:21,854 - INFO - 
============================================================
2026-03-17 16:34:21,854 - INFO - Running paper trading for 2025-11-26
2026-03-17 16:34:21,854 - INFO - ============================================================
2026-03-17 16:34:21,855 - INFO - Portfolio construction: 38 longs, 38 shorts (from 38 candidates)
2026-03-17 16:34:21,855 - INFO - Vol targeting: rolling_vol=0.0572, scale=1.3978
2026-03-17 16:34:21,855 - INFO - PnL Net: 0.0028 | Scaled: 0.0039 | Turnover: 19.67% | Vol Scale: 1.40
2026-03-17 16:34:21,855 - INFO - 
============================================================
2026-03-17 16:34:21,855 - INFO - Running paper trading for 2025-11-28
2026-03-17 16:34:21,855 - INFO - ============================================================
2026-03-17 16:34:21,856 - INFO - Portfolio construction: 38 longs, 38 shorts (from 38 candidates)
2026-03-17 16:34:21,856 - INFO - Vol targeting: rolling_vol=0.0570, scale=1.4044
2026-03-17 16:34:21,856 - INFO - PnL Net: -0.0008 | Scaled: -0.0011 | Turnover: 18.71% | Vol Scale: 1.40
2026-03-17 16:34:21,857 - INFO - 
============================================================
2026-03-17 16:34:21,857 - INFO - Running paper trading for 2025-12-01
2026-03-17 16:34:21,857 - INFO - ============================================================
2026-03-17 16:34:21,857 - INFO - Portfolio construction: 38 longs, 38 shorts (from 38 candidates)
2026-03-17 16:34:21,858 - INFO - Vol targeting: rolling_vol=0.0577, scale=1.3855
2026-03-17 16:34:21,858 - INFO - PnL Net: 0.0032 | Scaled: 0.0044 | Turnover: 17.87% | Vol Scale: 1.39
2026-03-17 16:34:21,858 - INFO - 
============================================================
2026-03-17 16:34:21,858 - INFO - Running paper trading for 2025-12-02
2026-03-17 16:34:21,858 - INFO - ============================================================
2026-03-17 16:34:21,859 - INFO - Portfolio construction: 38 longs, 38 shorts (from 38 candidates)
2026-03-17 16:34:21,860 - INFO - Vol targeting: rolling_vol=0.0579, scale=1.3813
2026-03-17 16:34:21,860 - INFO - PnL Net: 0.0056 | Scaled: 0.0077 | Turnover: 20.20% | Vol Scale: 1.38
2026-03-17 16:34:21,860 - INFO - 
============================================================
2026-03-17 16:34:21,860 - INFO - Running paper trading for 2025-12-03
2026-03-17 16:34:21,860 - INFO - ============================================================
2026-03-17 16:34:21,861 - INFO - Portfolio construction: 38 longs, 38 shorts (from 38 candidates)
2026-03-17 16:34:21,861 - INFO - Vol targeting: rolling_vol=0.0576, scale=1.3891
2026-03-17 16:34:21,861 - INFO - PnL Net: -0.0002 | Scaled: -0.0003 | Turnover: 19.11% | Vol Scale: 1.39
2026-03-17 16:34:21,861 - INFO - 
============================================================
2026-03-17 16:34:21,861 - INFO - Running paper trading for 2025-12-04
2026-03-17 16:34:21,861 - INFO - ============================================================
2026-03-17 16:34:21,862 - INFO - Portfolio construction: 38 longs, 3 shorts (from 38 candidates)
2026-03-17 16:34:21,862 - INFO - Vol targeting: rolling_vol=0.0539, scale=1.4845
2026-03-17 16:34:21,862 - INFO - PnL Net: 0.0005 | Scaled: 0.0008 | Turnover: 19.09% | Vol Scale: 1.48
2026-03-17 16:34:21,862 - INFO - 
============================================================
2026-03-17 16:34:21,863 - INFO - Running paper trading for 2025-12-05
2026-03-17 16:34:21,863 - INFO - ============================================================
2026-03-17 16:34:21,863 - INFO - Portfolio construction: 38 longs, 2 shorts (from 38 candidates)
2026-03-17 16:34:21,863 - INFO - Vol targeting: rolling_vol=0.0571, scale=1.4018
2026-03-17 16:34:21,863 - INFO - PnL Net: -0.0045 | Scaled: -0.0063 | Turnover: 19.14% | Vol Scale: 1.40
2026-03-17 16:34:21,863 - INFO - 
============================================================
2026-03-17 16:34:21,863 - INFO - Running paper trading for 2025-12-08
2026-03-17 16:34:21,863 - INFO - ============================================================
2026-03-17 16:34:21,864 - WARNING - No negative predictions for shorts - skipping short positions
2026-03-17 16:34:21,864 - INFO - Portfolio construction: 38 longs, 0 shorts (from 38 candidates)
2026-03-17 16:34:21,865 - INFO - Vol targeting: rolling_vol=0.0570, scale=1.4030
2026-03-17 16:34:21,865 - INFO - PnL Net: -0.0005 | Scaled: -0.0008 | Turnover: 15.68% | Vol Scale: 1.40
2026-03-17 16:34:21,865 - INFO - 
============================================================
2026-03-17 16:34:21,865 - INFO - Running paper trading for 2025-12-09
2026-03-17 16:34:21,865 - INFO - ============================================================
2026-03-17 16:34:21,866 - INFO - Portfolio construction: 38 longs, 2 shorts (from 38 candidates)
2026-03-17 16:34:21,866 - INFO - Vol targeting: rolling_vol=0.0607, scale=1.3183
2026-03-17 16:34:21,866 - INFO - PnL Net: 0.0068 | Scaled: 0.0089 | Turnover: 18.84% | Vol Scale: 1.32
2026-03-17 16:34:21,866 - INFO - 
============================================================
2026-03-17 16:34:21,866 - INFO - Running paper trading for 2025-12-10
2026-03-17 16:34:21,866 - INFO - ============================================================
2026-03-17 16:34:21,867 - WARNING - No negative predictions for shorts - skipping short positions
2026-03-17 16:34:21,867 - INFO - Portfolio construction: 38 longs, 0 shorts (from 38 candidates)
2026-03-17 16:34:21,867 - INFO - Vol targeting: rolling_vol=0.0675, scale=1.1847
2026-03-17 16:34:21,868 - INFO - PnL Net: 0.0096 | Scaled: 0.0114 | Turnover: 13.56% | Vol Scale: 1.18
2026-03-17 16:34:21,868 - INFO - 
============================================================
2026-03-17 16:34:21,868 - INFO - Running paper trading for 2025-12-11
2026-03-17 16:34:21,868 - INFO - ============================================================
2026-03-17 16:34:21,868 - INFO - Portfolio construction: 38 longs, 38 shorts (from 38 candidates)
2026-03-17 16:34:21,868 - INFO - Vol targeting: rolling_vol=0.0665, scale=1.2031
2026-03-17 16:34:21,868 - INFO - PnL Net: 0.0011 | Scaled: 0.0013 | Turnover: 17.58% | Vol Scale: 1.20
2026-03-17 16:34:21,868 - INFO - 
============================================================
2026-03-17 16:34:21,868 - INFO - Running paper trading for 2025-12-12
2026-03-17 16:34:21,868 - INFO - ============================================================
2026-03-17 16:34:21,870 - INFO - Portfolio construction: 38 longs, 38 shorts (from 38 candidates)
2026-03-17 16:34:21,871 - INFO - Vol targeting: rolling_vol=0.0646, scale=1.2379
2026-03-17 16:34:21,871 - INFO - PnL Net: 0.0020 | Scaled: 0.0025 | Turnover: 20.65% | Vol Scale: 1.24
2026-03-17 16:34:21,871 - INFO - 
============================================================
2026-03-17 16:34:21,871 - INFO - Running paper trading for 2025-12-15
2026-03-17 16:34:21,871 - INFO - ============================================================
2026-03-17 16:34:21,872 - INFO - Portfolio construction: 38 longs, 38 shorts (from 38 candidates)
2026-03-17 16:34:21,872 - INFO - Vol targeting: rolling_vol=0.0592, scale=1.3522
2026-03-17 16:34:21,872 - INFO - PnL Net: -0.0030 | Scaled: -0.0041 | Turnover: 19.78% | Vol Scale: 1.35
2026-03-17 16:34:21,872 - INFO - 
============================================================
2026-03-17 16:34:21,872 - INFO - Running paper trading for 2025-12-16
2026-03-17 16:34:21,872 - INFO - ============================================================
2026-03-17 16:34:21,873 - INFO - Portfolio construction: 38 longs, 38 shorts (from 38 candidates)
2026-03-17 16:34:21,873 - INFO - Vol targeting: rolling_vol=0.0591, scale=1.3527
2026-03-17 16:34:21,873 - INFO - PnL Net: -0.0011 | Scaled: -0.0014 | Turnover: 18.63% | Vol Scale: 1.35
2026-03-17 16:34:21,873 - INFO - 
============================================================
2026-03-17 16:34:21,874 - INFO - Running paper trading for 2025-12-17
2026-03-17 16:34:21,874 - INFO - ============================================================
2026-03-17 16:34:21,874 - INFO - Portfolio construction: 38 longs, 38 shorts (from 38 candidates)
2026-03-17 16:34:21,875 - INFO - Vol targeting: rolling_vol=0.0590, scale=1.3570
2026-03-17 16:34:21,875 - INFO - PnL Net: 0.0005 | Scaled: 0.0007 | Turnover: 18.11% | Vol Scale: 1.36
2026-03-17 16:34:21,875 - INFO - 
============================================================
2026-03-17 16:34:21,875 - INFO - Running paper trading for 2025-12-18
2026-03-17 16:34:21,875 - INFO - ============================================================
2026-03-17 16:34:21,876 - INFO - Portfolio construction: 38 longs, 38 shorts (from 38 candidates)
2026-03-17 16:34:21,876 - INFO - Vol targeting: rolling_vol=0.0538, scale=1.4865
2026-03-17 16:34:21,876 - INFO - PnL Net: 0.0014 | Scaled: 0.0021 | Turnover: 15.89% | Vol Scale: 1.49
2026-03-17 16:34:21,876 - INFO - 
============================================================
2026-03-17 16:34:21,876 - INFO - Running paper trading for 2025-12-19
2026-03-17 16:34:21,876 - INFO - ============================================================
2026-03-17 16:34:21,877 - INFO - Portfolio construction: 38 longs, 38 shorts (from 38 candidates)
2026-03-17 16:34:21,878 - INFO - Vol targeting: rolling_vol=0.0508, scale=1.5738
2026-03-17 16:34:21,878 - INFO - PnL Net: 0.0029 | Scaled: 0.0046 | Turnover: 15.26% | Vol Scale: 1.57
2026-03-17 16:34:21,878 - INFO - 
============================================================
2026-03-17 16:34:21,878 - INFO - Running paper trading for 2025-12-22
2026-03-17 16:34:21,878 - INFO - ============================================================
2026-03-17 16:34:21,879 - INFO - Portfolio construction: 38 longs, 38 shorts (from 38 candidates)
2026-03-17 16:34:21,880 - INFO - Vol targeting: rolling_vol=0.0516, scale=1.5517
2026-03-17 16:34:21,880 - INFO - PnL Net: -0.0009 | Scaled: -0.0014 | Turnover: 16.20% | Vol Scale: 1.55
2026-03-17 16:34:21,880 - INFO - 
============================================================
2026-03-17 16:34:21,880 - INFO - Running paper trading for 2025-12-23
2026-03-17 16:34:21,880 - INFO - ============================================================
2026-03-17 16:34:21,881 - INFO - Portfolio construction: 38 longs, 38 shorts (from 38 candidates)
2026-03-17 16:34:21,881 - INFO - Vol targeting: rolling_vol=0.0507, scale=1.5785
2026-03-17 16:34:21,881 - INFO - PnL Net: 0.0014 | Scaled: 0.0022 | Turnover: 18.49% | Vol Scale: 1.58
2026-03-17 16:34:21,881 - INFO - 
============================================================
2026-03-17 16:34:21,881 - INFO - Running paper trading for 2025-12-24
2026-03-17 16:34:21,881 - INFO - ============================================================
2026-03-17 16:34:21,882 - INFO - Portfolio construction: 38 longs, 38 shorts (from 38 candidates)
2026-03-17 16:34:21,882 - INFO - Vol targeting: rolling_vol=0.0504, scale=1.5889
2026-03-17 16:34:21,883 - INFO - PnL Net: 0.0005 | Scaled: 0.0008 | Turnover: 17.12% | Vol Scale: 1.59
2026-03-17 16:34:21,883 - INFO - 
============================================================
2026-03-17 16:34:21,883 - INFO - Running paper trading for 2025-12-26
2026-03-17 16:34:21,883 - INFO - ============================================================
2026-03-17 16:34:21,884 - INFO - Portfolio construction: 38 longs, 38 shorts (from 38 candidates)
2026-03-17 16:34:21,884 - INFO - Vol targeting: rolling_vol=0.0515, scale=1.5540
2026-03-17 16:34:21,884 - INFO - PnL Net: -0.0022 | Scaled: -0.0034 | Turnover: 16.78% | Vol Scale: 1.55
2026-03-17 16:34:21,884 - INFO - 
============================================================
2026-03-17 16:34:21,884 - INFO - Running paper trading for 2025-12-29
2026-03-17 16:34:21,884 - INFO - ============================================================
2026-03-17 16:34:21,885 - INFO - Portfolio construction: 38 longs, 38 shorts (from 38 candidates)
2026-03-17 16:34:21,885 - INFO - Vol targeting: rolling_vol=0.0514, scale=1.5572
2026-03-17 16:34:21,885 - INFO - PnL Net: -0.0006 | Scaled: -0.0009 | Turnover: 15.33% | Vol Scale: 1.56
2026-03-17 16:34:21,885 - INFO - 
============================================================
2026-03-17 16:34:21,885 - INFO - Running paper trading for 2026-02-06
2026-03-17 16:34:21,885 - INFO - ============================================================
2026-03-17 16:34:21,886 - INFO - Portfolio construction: 38 longs, 38 shorts (from 38 candidates)
2026-03-17 16:34:21,887 - INFO - Vol targeting: rolling_vol=0.0513, scale=1.5602
2026-03-17 16:34:21,887 - INFO - PnL Net: -0.0009 | Scaled: -0.0014 | Turnover: 21.13% | Vol Scale: 1.56
2026-03-17 16:34:21,887 - INFO - 
============================================================
2026-03-17 16:34:21,887 - INFO - Running paper trading for 2026-02-09
2026-03-17 16:34:21,887 - INFO - ============================================================
2026-03-17 16:34:21,888 - INFO - Portfolio construction: 38 longs, 38 shorts (from 38 candidates)
2026-03-17 16:34:21,888 - INFO - Vol targeting: rolling_vol=0.0485, scale=1.6506
2026-03-17 16:34:21,888 - INFO - PnL Net: -0.0001 | Scaled: -0.0001 | Turnover: 18.54% | Vol Scale: 1.65
2026-03-17 16:34:21,888 - INFO - 
============================================================
2026-03-17 16:34:21,888 - INFO - Running paper trading for 2026-02-10
2026-03-17 16:34:21,888 - INFO - ============================================================
2026-03-17 16:34:21,889 - INFO - Portfolio construction: 38 longs, 38 shorts (from 38 candidates)
2026-03-17 16:34:21,889 - INFO - Vol targeting: rolling_vol=0.0499, scale=1.6039
2026-03-17 16:34:21,889 - INFO - PnL Net: -0.0028 | Scaled: -0.0046 | Turnover: 16.26% | Vol Scale: 1.60
2026-03-17 16:34:21,889 - INFO - 
============================================================
2026-03-17 16:34:21,889 - INFO - Running paper trading for 2026-02-11
2026-03-17 16:34:21,889 - INFO - ============================================================
2026-03-17 16:34:21,890 - INFO - Portfolio construction: 38 longs, 38 shorts (from 38 candidates)
2026-03-17 16:34:21,890 - INFO - Vol targeting: rolling_vol=0.0606, scale=1.3194
2026-03-17 16:34:21,890 - INFO - PnL Net: -0.0095 | Scaled: -0.0125 | Turnover: 14.12% | Vol Scale: 1.32
2026-03-17 16:34:21,890 - INFO - 
============================================================
2026-03-17 16:34:21,891 - INFO - Running paper trading for 2026-02-12
2026-03-17 16:34:21,891 - INFO - ============================================================
2026-03-17 16:34:21,892 - INFO - Portfolio construction: 38 longs, 38 shorts (from 38 candidates)
2026-03-17 16:34:21,892 - INFO - Vol targeting: rolling_vol=0.0586, scale=1.3651
2026-03-17 16:34:21,892 - INFO - PnL Net: 0.0018 | Scaled: 0.0025 | Turnover: 12.15% | Vol Scale: 1.37
2026-03-17 16:34:21,892 - INFO - 
============================================================
2026-03-17 16:34:21,893 - INFO - Running paper trading for 2026-02-13
2026-03-17 16:34:21,893 - INFO - ============================================================
2026-03-17 16:34:21,894 - INFO - Portfolio construction: 38 longs, 38 shorts (from 38 candidates)
2026-03-17 16:34:21,894 - INFO - Vol targeting: rolling_vol=0.0585, scale=1.3670
2026-03-17 16:34:21,894 - INFO - PnL Net: 0.0002 | Scaled: 0.0003 | Turnover: 11.86% | Vol Scale: 1.37
2026-03-17 16:34:21,894 - INFO - 
============================================================
2026-03-17 16:34:21,894 - INFO - Running paper trading for 2026-02-17
2026-03-17 16:34:21,894 - INFO - ============================================================
2026-03-17 16:34:21,895 - INFO - Portfolio construction: 38 longs, 38 shorts (from 38 candidates)
2026-03-17 16:34:21,895 - INFO - Vol targeting: rolling_vol=0.0546, scale=1.4658
2026-03-17 16:34:21,896 - INFO - PnL Net: 0.0029 | Scaled: 0.0042 | Turnover: 10.41% | Vol Scale: 1.47
2026-03-17 16:34:21,896 - INFO - 
============================================================
2026-03-17 16:34:21,896 - INFO - Running paper trading for 2026-02-18
2026-03-17 16:34:21,896 - INFO - ============================================================
2026-03-17 16:34:21,897 - INFO - Portfolio construction: 38 longs, 38 shorts (from 38 candidates)
2026-03-17 16:34:21,897 - INFO - Vol targeting: rolling_vol=0.0428, scale=1.8675
2026-03-17 16:34:21,897 - INFO - PnL Net: -0.0022 | Scaled: -0.0041 | Turnover: 8.78% | Vol Scale: 1.87
2026-03-17 16:34:21,897 - INFO - 
============================================================
2026-03-17 16:34:21,897 - INFO - Running paper trading for 2026-02-19
2026-03-17 16:34:21,897 - INFO - ============================================================
2026-03-17 16:34:21,898 - INFO - Portfolio construction: 38 longs, 38 shorts (from 38 candidates)
2026-03-17 16:34:21,898 - INFO - Vol targeting: rolling_vol=0.0425, scale=1.8807
2026-03-17 16:34:21,898 - INFO - PnL Net: 0.0001 | Scaled: 0.0003 | Turnover: 7.95% | Vol Scale: 1.88
2026-03-17 16:34:21,898 - INFO - 
============================================================
2026-03-17 16:34:21,898 - INFO - Running paper trading for 2026-02-20
2026-03-17 16:34:21,898 - INFO - ============================================================
2026-03-17 16:34:21,899 - INFO - Portfolio construction: 38 longs, 38 shorts (from 38 candidates)
2026-03-17 16:34:21,900 - INFO - Vol targeting: rolling_vol=0.0467, scale=1.7140
2026-03-17 16:34:21,900 - INFO - PnL Net: -0.0068 | Scaled: -0.0116 | Turnover: 7.97% | Vol Scale: 1.71
2026-03-17 16:34:21,900 - INFO - 
============================================================
2026-03-17 16:34:21,900 - INFO - Running paper trading for 2026-02-23
2026-03-17 16:34:21,900 - INFO - ============================================================
2026-03-17 16:34:21,901 - INFO - Portfolio construction: 38 longs, 38 shorts (from 38 candidates)
2026-03-17 16:34:21,901 - INFO - Vol targeting: rolling_vol=0.0518, scale=1.5453
2026-03-17 16:34:21,901 - INFO - PnL Net: 0.0060 | Scaled: 0.0093 | Turnover: 7.07% | Vol Scale: 1.55
2026-03-17 16:34:21,901 - INFO - 
============================================================
2026-03-17 16:34:21,901 - INFO - Running paper trading for 2026-02-24
2026-03-17 16:34:21,901 - INFO - ============================================================
2026-03-17 16:34:21,902 - INFO - Portfolio construction: 38 longs, 38 shorts (from 38 candidates)
2026-03-17 16:34:21,902 - INFO - Vol targeting: rolling_vol=0.0565, scale=1.4169
2026-03-17 16:34:21,902 - INFO - PnL Net: 0.0061 | Scaled: 0.0087 | Turnover: 6.89% | Vol Scale: 1.42
2026-03-17 16:34:21,902 - INFO - 
============================================================
2026-03-17 16:34:21,902 - INFO - Running paper trading for 2026-02-25
2026-03-17 16:34:21,902 - INFO - ============================================================
2026-03-17 16:34:21,903 - INFO - Portfolio construction: 38 longs, 38 shorts (from 38 candidates)
2026-03-17 16:34:21,903 - INFO - Vol targeting: rolling_vol=0.0566, scale=1.4144
2026-03-17 16:34:21,903 - INFO - PnL Net: -0.0013 | Scaled: -0.0018 | Turnover: 6.04% | Vol Scale: 1.41
2026-03-17 16:34:21,903 - INFO - 
============================================================
2026-03-17 16:34:21,903 - INFO - Running paper trading for 2026-02-26
2026-03-17 16:34:21,903 - INFO - ============================================================
2026-03-17 16:34:21,905 - INFO - Portfolio construction: 38 longs, 38 shorts (from 38 candidates)
2026-03-17 16:34:21,905 - INFO - Vol targeting: rolling_vol=0.0588, scale=1.3597
2026-03-17 16:34:21,905 - INFO - PnL Net: -0.0052 | Scaled: -0.0071 | Turnover: 5.70% | Vol Scale: 1.36
2026-03-17 16:34:21,905 - INFO - 
============================================================
2026-03-17 16:34:21,905 - INFO - Running paper trading for 2026-02-27
2026-03-17 16:34:21,905 - INFO - ============================================================
2026-03-17 16:34:21,906 - INFO - Portfolio construction: 38 longs, 38 shorts (from 38 candidates)
2026-03-17 16:34:21,906 - INFO - Vol targeting: rolling_vol=0.0578, scale=1.3844
2026-03-17 16:34:21,907 - INFO - PnL Net: -0.0023 | Scaled: -0.0032 | Turnover: 5.32% | Vol Scale: 1.38
2026-03-17 16:34:21,907 - INFO - 
============================================================
2026-03-17 16:34:21,907 - INFO - Running paper trading for 2026-03-02
2026-03-17 16:34:21,907 - INFO - ============================================================
2026-03-17 16:34:21,908 - INFO - Portfolio construction: 38 longs, 38 shorts (from 38 candidates)
2026-03-17 16:34:21,908 - INFO - Vol targeting: rolling_vol=0.0580, scale=1.3792
2026-03-17 16:34:21,908 - INFO - PnL Net: -0.0022 | Scaled: -0.0031 | Turnover: 5.00% | Vol Scale: 1.38
2026-03-17 16:34:21,908 - INFO - 
============================================================
2026-03-17 16:34:21,908 - INFO - Running paper trading for 2026-03-03
2026-03-17 16:34:21,908 - INFO - ============================================================
2026-03-17 16:34:21,909 - INFO - Portfolio construction: 38 longs, 38 shorts (from 38 candidates)
2026-03-17 16:34:21,909 - INFO - Vol targeting: rolling_vol=0.0602, scale=1.3294
2026-03-17 16:34:21,909 - INFO - PnL Net: 0.0042 | Scaled: 0.0056 | Turnover: 5.60% | Vol Scale: 1.33
2026-03-17 16:34:21,910 - INFO - 
============================================================
2026-03-17 16:34:21,910 - INFO - Running paper trading for 2026-03-04
2026-03-17 16:34:21,910 - INFO - ============================================================
2026-03-17 16:34:21,910 - INFO - Portfolio construction: 38 longs, 38 shorts (from 38 candidates)
2026-03-17 16:34:21,911 - INFO - Vol targeting: rolling_vol=0.0613, scale=1.3057
2026-03-17 16:34:21,911 - INFO - PnL Net: 0.0028 | Scaled: 0.0037 | Turnover: 4.87% | Vol Scale: 1.31
2026-03-17 16:34:21,911 - INFO - 
============================================================
2026-03-17 16:34:21,911 - INFO - Running paper trading for 2026-03-05
2026-03-17 16:34:21,911 - INFO - ============================================================
2026-03-17 16:34:21,912 - INFO - Portfolio construction: 38 longs, 38 shorts (from 38 candidates)
2026-03-17 16:34:21,912 - INFO - Vol targeting: rolling_vol=0.0623, scale=1.2832
2026-03-17 16:34:21,912 - INFO - PnL Net: -0.0042 | Scaled: -0.0054 | Turnover: 4.08% | Vol Scale: 1.28
2026-03-17 16:34:21,912 - INFO - 
============================================================
2026-03-17 16:34:21,912 - INFO - Running paper trading for 2026-03-06
2026-03-17 16:34:21,912 - INFO - ============================================================
2026-03-17 16:34:21,913 - INFO - Portfolio construction: 38 longs, 38 shorts (from 38 candidates)
2026-03-17 16:34:21,913 - INFO - Vol targeting: rolling_vol=0.0625, scale=1.2798
2026-03-17 16:34:21,913 - INFO - PnL Net: 0.0006 | Scaled: 0.0008 | Turnover: 4.68% | Vol Scale: 1.28
2026-03-17 16:34:21,913 - INFO - 
============================================================
2026-03-17 16:34:21,913 - INFO - Running paper trading for 2026-03-09
2026-03-17 16:34:21,913 - INFO - ============================================================
2026-03-17 16:34:21,914 - INFO - Portfolio construction: 38 longs, 38 shorts (from 38 candidates)
2026-03-17 16:34:21,914 - INFO - Vol targeting: rolling_vol=0.0625, scale=1.2793
2026-03-17 16:34:21,914 - INFO - PnL Net: -0.0000 | Scaled: -0.0001 | Turnover: 5.24% | Vol Scale: 1.28
2026-03-17 16:34:21,915 - INFO - 
============================================================
2026-03-17 16:34:21,915 - INFO - Running paper trading for 2026-03-10
2026-03-17 16:34:21,915 - INFO - ============================================================
2026-03-17 16:34:21,915 - INFO - Portfolio construction: 38 longs, 38 shorts (from 38 candidates)
2026-03-17 16:34:21,916 - INFO - Vol targeting: rolling_vol=0.0630, scale=1.2696
2026-03-17 16:34:21,916 - INFO - PnL Net: 0.0017 | Scaled: 0.0021 | Turnover: 5.32% | Vol Scale: 1.27
2026-03-17 16:34:21,916 - INFO - 
============================================================
2026-03-17 16:34:21,916 - INFO - Running paper trading for 2026-03-11
2026-03-17 16:34:21,916 - INFO - ============================================================
2026-03-17 16:34:21,917 - INFO - Portfolio construction: 38 longs, 38 shorts (from 38 candidates)
2026-03-17 16:34:21,917 - INFO - Vol targeting: rolling_vol=0.0673, scale=1.1884
2026-03-17 16:34:21,917 - INFO - PnL Net: -0.0077 | Scaled: -0.0091 | Turnover: 5.08% | Vol Scale: 1.19
2026-03-17 16:34:21,917 - INFO - 
============================================================
2026-03-17 16:34:21,917 - INFO - Running paper trading for 2026-03-12
2026-03-17 16:34:21,917 - INFO - ============================================================
2026-03-17 16:34:21,918 - INFO - Portfolio construction: 38 longs, 38 shorts (from 38 candidates)
2026-03-17 16:34:21,919 - INFO - Vol targeting: rolling_vol=0.0614, scale=1.3024
2026-03-17 16:34:21,919 - INFO - PnL Net: -0.0048 | Scaled: -0.0063 | Turnover: 5.04% | Vol Scale: 1.30
2026-03-17 16:34:21,919 - INFO - 
============================================================
2026-03-17 16:34:21,919 - INFO - Running paper trading for 2026-03-13
2026-03-17 16:34:21,919 - INFO - ============================================================
2026-03-17 16:34:21,920 - INFO - Portfolio construction: 38 longs, 38 shorts (from 38 candidates)
2026-03-17 16:34:21,920 - INFO - Vol targeting: rolling_vol=0.0634, scale=1.2617
2026-03-17 16:34:21,920 - INFO - PnL Net: 0.0045 | Scaled: 0.0057 | Turnover: 4.73% | Vol Scale: 1.26
2026-03-17 16:34:21,923 - INFO - Saved daily results to C:\Users\luixj\AI\stock-data\data\processed\phase4\phase4_paper_trading_daily.parquet
2026-03-17 16:34:21,924 - INFO - Saved summary to C:\Users\luixj\AI\stock-data\data\processed\phase4\phase4_paper_trading_summary.json
2026-03-17 16:34:21,924 - INFO - 
============================================================
2026-03-17 16:34:21,924 - INFO - PAPER TRADING SUMMARY
2026-03-17 16:34:21,924 - INFO - ============================================================
2026-03-17 16:34:21,924 - INFO - Trading Days: 213
2026-03-17 16:34:21,924 - INFO - 
RAW PERFORMANCE (no vol targeting):
2026-03-17 16:34:21,924 - INFO -   Sharpe Ratio: 0.86
2026-03-17 16:34:21,924 - INFO -   Annual Return: 6.19%
2026-03-17 16:34:21,924 - INFO -   Volatility: 7.18%
2026-03-17 16:34:21,924 - INFO - 
VOL-TARGETED PERFORMANCE:
2026-03-17 16:34:21,924 - INFO -   Sharpe Ratio: 0.71
2026-03-17 16:34:21,924 - INFO -   Annual Return: 6.36%
2026-03-17 16:34:21,924 - INFO -   Volatility: 8.92%
2026-03-17 16:34:21,924 - INFO - 
RISK METRICS:
2026-03-17 16:34:21,924 - INFO -   Max Drawdown: -4.72%
2026-03-17 16:34:21,924 - INFO -   Long Sharpe: 0.36
2026-03-17 16:34:21,924 - INFO -   Short Sharpe: 0.86
2026-03-17 16:34:21,924 - INFO - 
EXECUTION:
2026-03-17 16:34:21,924 - INFO -   Avg Turnover: 17.00%
2026-03-17 16:34:21,924 - INFO -   Avg Cost: 0.4 bps
2026-03-17 16:34:21,924 - INFO - 
KILL SWITCHES:
2026-03-17 16:34:21,924 - INFO -   Events: 15 (7.0% of days)
2026-03-17 16:34:21,924 - INFO - ============================================================
2026-03-17 16:34:21,924 - INFO - Simulation complete: 213 days | Sharpe(scaled)=0.71 | MaxDD=-4.7%
2026-03-17 16:34:22,396 - INFO - ============================================================
2026-03-17 16:34:22,396 - INFO - STEP 6: Syncing Qdrant
2026-03-17 16:34:22,396 - INFO - ============================================================
2026-03-17 16:34:22,759 - INFO - HTTP Request: GET http://localhost:6333 "HTTP/1.1 200 OK"
2026-03-17 16:34:22,790 - INFO - HTTP Request: GET http://localhost:6333/collections/stock_recommendations "HTTP/1.1 200 OK"
2026-03-17 16:34:22,791 - INFO - Collection 'stock_recommendations' already exists.
2026-03-17 16:34:22,794 - INFO - HTTP Request: GET http://localhost:6333/collections/trading_results "HTTP/1.1 200 OK"
2026-03-17 16:34:22,794 - INFO - Collection 'trading_results' already exists.
2026-03-17 16:34:22,798 - INFO - HTTP Request: GET http://localhost:6333/collections/performance_metrics "HTTP/1.1 200 OK"
2026-03-17 16:34:22,799 - INFO - Collection 'performance_metrics' already exists.
2026-03-17 16:34:22,822 - INFO - HTTP Request: GET http://localhost:6333/collections/daily_trade_strategies "HTTP/1.1 200 OK"
2026-03-17 16:34:22,822 - INFO - Collection 'daily_trade_strategies' already exists.
2026-03-17 16:34:22,954 - INFO - HTTP Request: POST http://localhost:6333/collections/stock_recommendations/points/delete?wait=true "HTTP/1.1 200 OK"
2026-03-17 16:34:22,954 - INFO - Cleared 'stock_recommendations'.
2026-03-17 16:34:22,962 - INFO - HTTP Request: POST http://localhost:6333/collections/trading_results/points/delete?wait=true "HTTP/1.1 200 OK"
2026-03-17 16:34:22,963 - INFO - Cleared 'trading_results'.
2026-03-17 16:34:22,966 - INFO - HTTP Request: POST http://localhost:6333/collections/performance_metrics/points/delete?wait=true "HTTP/1.1 200 OK"
2026-03-17 16:34:22,966 - INFO - Cleared 'performance_metrics'.
2026-03-17 16:34:23,049 - INFO - HTTP Request: POST http://localhost:6333/collections/daily_trade_strategies/points/delete?wait=true "HTTP/1.1 200 OK"
2026-03-17 16:34:23,049 - INFO - Cleared 'daily_trade_strategies'.
2026-03-17 16:34:23,079 - INFO - HTTP Request: PUT http://localhost:6333/collections/stock_recommendations/points?wait=true "HTTP/1.1 200 OK"
2026-03-17 16:34:23,126 - INFO - HTTP Request: PUT http://localhost:6333/collections/daily_trade_strategies/points?wait=true "HTTP/1.1 200 OK"
2026-03-17 16:34:23,139 - INFO - HTTP Request: PUT http://localhost:6333/collections/trading_results/points?wait=true "HTTP/1.1 200 OK"
2026-03-17 16:34:23,149 - INFO - HTTP Request: PUT http://localhost:6333/collections/stock_recommendations/points?wait=true "HTTP/1.1 200 OK"
2026-03-17 16:34:23,174 - INFO - HTTP Request: PUT http://localhost:6333/collections/daily_trade_strategies/points?wait=true "HTTP/1.1 200 OK"
2026-03-17 16:34:23,179 - INFO - HTTP Request: PUT http://localhost:6333/collections/trading_results/points?wait=true "HTTP/1.1 200 OK"
2026-03-17 16:34:23,204 - INFO - HTTP Request: PUT http://localhost:6333/collections/stock_recommendations/points?wait=true "HTTP/1.1 200 OK"
2026-03-17 16:34:23,231 - INFO - HTTP Request: PUT http://localhost:6333/collections/daily_trade_strategies/points?wait=true "HTTP/1.1 200 OK"
2026-03-17 16:34:23,235 - INFO - HTTP Request: PUT http://localhost:6333/collections/trading_results/points?wait=true "HTTP/1.1 200 OK"
2026-03-17 16:34:23,242 - INFO - HTTP Request: PUT http://localhost:6333/collections/stock_recommendations/points?wait=true "HTTP/1.1 200 OK"
2026-03-17 16:34:23,281 - INFO - HTTP Request: PUT http://localhost:6333/collections/daily_trade_strategies/points?wait=true "HTTP/1.1 200 OK"
2026-03-17 16:34:23,285 - INFO - HTTP Request: PUT http://localhost:6333/collections/trading_results/points?wait=true "HTTP/1.1 200 OK"
2026-03-17 16:34:23,293 - INFO - HTTP Request: PUT http://localhost:6333/collections/stock_recommendations/points?wait=true "HTTP/1.1 200 OK"
2026-03-17 16:34:23,321 - INFO - HTTP Request: PUT http://localhost:6333/collections/daily_trade_strategies/points?wait=true "HTTP/1.1 200 OK"
2026-03-17 16:34:23,344 - INFO - HTTP Request: PUT http://localhost:6333/collections/trading_results/points?wait=true "HTTP/1.1 200 OK"
2026-03-17 16:34:23,353 - INFO - HTTP Request: PUT http://localhost:6333/collections/stock_recommendations/points?wait=true "HTTP/1.1 200 OK"
2026-03-17 16:34:23,377 - INFO - HTTP Request: PUT http://localhost:6333/collections/daily_trade_strategies/points?wait=true "HTTP/1.1 200 OK"
2026-03-17 16:34:23,382 - INFO - HTTP Request: PUT http://localhost:6333/collections/trading_results/points?wait=true "HTTP/1.1 200 OK"
2026-03-17 16:34:23,390 - INFO - HTTP Request: PUT http://localhost:6333/collections/stock_recommendations/points?wait=true "HTTP/1.1 200 OK"
2026-03-17 16:34:23,416 - INFO - HTTP Request: PUT http://localhost:6333/collections/daily_trade_strategies/points?wait=true "HTTP/1.1 200 OK"
2026-03-17 16:34:23,421 - INFO - HTTP Request: PUT http://localhost:6333/collections/trading_results/points?wait=true "HTTP/1.1 200 OK"
2026-03-17 16:34:23,433 - INFO - HTTP Request: PUT http://localhost:6333/collections/stock_recommendations/points?wait=true "HTTP/1.1 200 OK"
2026-03-17 16:34:23,463 - INFO - HTTP Request: PUT http://localhost:6333/collections/daily_trade_strategies/points?wait=true "HTTP/1.1 200 OK"
2026-03-17 16:34:23,468 - INFO - HTTP Request: PUT http://localhost:6333/collections/trading_results/points?wait=true "HTTP/1.1 200 OK"
2026-03-17 16:34:23,479 - INFO - HTTP Request: PUT http://localhost:6333/collections/stock_recommendations/points?wait=true "HTTP/1.1 200 OK"
2026-03-17 16:34:23,503 - INFO - HTTP Request: PUT http://localhost:6333/collections/daily_trade_strategies/points?wait=true "HTTP/1.1 200 OK"
2026-03-17 16:34:23,516 - INFO - HTTP Request: PUT http://localhost:6333/collections/trading_results/points?wait=true "HTTP/1.1 200 OK"
2026-03-17 16:34:23,548 - INFO - HTTP Request: PUT http://localhost:6333/collections/stock_recommendations/points?wait=true "HTTP/1.1 200 OK"
2026-03-17 16:34:23,595 - INFO - HTTP Request: PUT http://localhost:6333/collections/daily_trade_strategies/points?wait=true "HTTP/1.1 200 OK"
2026-03-17 16:34:23,609 - INFO - HTTP Request: PUT http://localhost:6333/collections/trading_results/points?wait=true "HTTP/1.1 200 OK"
2026-03-17 16:34:23,643 - INFO - HTTP Request: PUT http://localhost:6333/collections/stock_recommendations/points?wait=true "HTTP/1.1 200 OK"
2026-03-17 16:34:23,690 - INFO - HTTP Request: PUT http://localhost:6333/collections/daily_trade_strategies/points?wait=true "HTTP/1.1 200 OK"
2026-03-17 16:34:23,694 - INFO - HTTP Request: PUT http://localhost:6333/collections/trading_results/points?wait=true "HTTP/1.1 200 OK"
2026-03-17 16:34:23,702 - INFO - HTTP Request: PUT http://localhost:6333/collections/stock_recommendations/points?wait=true "HTTP/1.1 200 OK"
2026-03-17 16:34:23,729 - INFO - HTTP Request: PUT http://localhost:6333/collections/daily_trade_strategies/points?wait=true "HTTP/1.1 200 OK"
2026-03-17 16:34:23,751 - INFO - HTTP Request: PUT http://localhost:6333/collections/trading_results/points?wait=true "HTTP/1.1 200 OK"
2026-03-17 16:34:23,760 - INFO - HTTP Request: PUT http://localhost:6333/collections/stock_recommendations/points?wait=true "HTTP/1.1 200 OK"
2026-03-17 16:34:23,787 - INFO - HTTP Request: PUT http://localhost:6333/collections/daily_trade_strategies/points?wait=true "HTTP/1.1 200 OK"
2026-03-17 16:34:23,798 - INFO - HTTP Request: PUT http://localhost:6333/collections/trading_results/points?wait=true "HTTP/1.1 200 OK"
2026-03-17 16:34:23,817 - INFO - HTTP Request: PUT http://localhost:6333/collections/stock_recommendations/points?wait=true "HTTP/1.1 200 OK"
2026-03-17 16:34:23,863 - INFO - HTTP Request: PUT http://localhost:6333/collections/daily_trade_strategies/points?wait=true "HTTP/1.1 200 OK"
2026-03-17 16:34:23,878 - INFO - HTTP Request: PUT http://localhost:6333/collections/trading_results/points?wait=true "HTTP/1.1 200 OK"
2026-03-17 16:34:23,918 - INFO - HTTP Request: PUT http://localhost:6333/collections/stock_recommendations/points?wait=true "HTTP/1.1 200 OK"
2026-03-17 16:34:23,945 - INFO - HTTP Request: PUT http://localhost:6333/collections/daily_trade_strategies/points?wait=true "HTTP/1.1 200 OK"
2026-03-17 16:34:23,948 - INFO - HTTP Request: PUT http://localhost:6333/collections/trading_results/points?wait=true "HTTP/1.1 200 OK"
2026-03-17 16:34:23,975 - INFO - HTTP Request: PUT http://localhost:6333/collections/stock_recommendations/points?wait=true "HTTP/1.1 200 OK"
2026-03-17 16:34:24,019 - INFO - HTTP Request: PUT http://localhost:6333/collections/daily_trade_strategies/points?wait=true "HTTP/1.1 200 OK"
2026-03-17 16:34:24,022 - INFO - HTTP Request: PUT http://localhost:6333/collections/trading_results/points?wait=true "HTTP/1.1 200 OK"
2026-03-17 16:34:24,050 - INFO - HTTP Request: PUT http://localhost:6333/collections/stock_recommendations/points?wait=true "HTTP/1.1 200 OK"
2026-03-17 16:34:24,098 - INFO - HTTP Request: PUT http://localhost:6333/collections/daily_trade_strategies/points?wait=true "HTTP/1.1 200 OK"
2026-03-17 16:34:24,102 - INFO - HTTP Request: PUT http://localhost:6333/collections/trading_results/points?wait=true "HTTP/1.1 200 OK"
2026-03-17 16:34:24,129 - INFO - HTTP Request: PUT http://localhost:6333/collections/stock_recommendations/points?wait=true "HTTP/1.1 200 OK"
2026-03-17 16:34:24,173 - INFO - HTTP Request: PUT http://localhost:6333/collections/daily_trade_strategies/points?wait=true "HTTP/1.1 200 OK"
2026-03-17 16:34:24,188 - INFO - HTTP Request: PUT http://localhost:6333/collections/trading_results/points?wait=true "HTTP/1.1 200 OK"
2026-03-17 16:34:24,205 - INFO - HTTP Request: PUT http://localhost:6333/collections/stock_recommendations/points?wait=true "HTTP/1.1 200 OK"
2026-03-17 16:34:24,253 - INFO - HTTP Request: PUT http://localhost:6333/collections/daily_trade_strategies/points?wait=true "HTTP/1.1 200 OK"
2026-03-17 16:34:24,266 - INFO - HTTP Request: PUT http://localhost:6333/collections/trading_results/points?wait=true "HTTP/1.1 200 OK"
2026-03-17 16:34:24,299 - INFO - HTTP Request: PUT http://localhost:6333/collections/stock_recommendations/points?wait=true "HTTP/1.1 200 OK"
2026-03-17 16:34:24,346 - INFO - HTTP Request: PUT http://localhost:6333/collections/daily_trade_strategies/points?wait=true "HTTP/1.1 200 OK"
2026-03-17 16:34:24,360 - INFO - HTTP Request: PUT http://localhost:6333/collections/trading_results/points?wait=true "HTTP/1.1 200 OK"
2026-03-17 16:34:24,378 - INFO - HTTP Request: PUT http://localhost:6333/collections/stock_recommendations/points?wait=true "HTTP/1.1 200 OK"
2026-03-17 16:34:24,426 - INFO - HTTP Request: PUT http://localhost:6333/collections/daily_trade_strategies/points?wait=true "HTTP/1.1 200 OK"
2026-03-17 16:34:24,440 - INFO - HTTP Request: PUT http://localhost:6333/collections/trading_results/points?wait=true "HTTP/1.1 200 OK"
2026-03-17 16:34:24,472 - INFO - HTTP Request: PUT http://localhost:6333/collections/stock_recommendations/points?wait=true "HTTP/1.1 200 OK"
2026-03-17 16:34:24,497 - INFO - HTTP Request: PUT http://localhost:6333/collections/daily_trade_strategies/points?wait=true "HTTP/1.1 200 OK"
2026-03-17 16:34:24,501 - INFO - HTTP Request: PUT http://localhost:6333/collections/trading_results/points?wait=true "HTTP/1.1 200 OK"
2026-03-17 16:34:24,508 - INFO - HTTP Request: PUT http://localhost:6333/collections/stock_recommendations/points?wait=true "HTTP/1.1 200 OK"
2026-03-17 16:34:24,534 - INFO - HTTP Request: PUT http://localhost:6333/collections/daily_trade_strategies/points?wait=true "HTTP/1.1 200 OK"
2026-03-17 16:34:24,548 - INFO - HTTP Request: PUT http://localhost:6333/collections/trading_results/points?wait=true "HTTP/1.1 200 OK"
2026-03-17 16:34:24,565 - INFO - HTTP Request: PUT http://localhost:6333/collections/stock_recommendations/points?wait=true "HTTP/1.1 200 OK"
2026-03-17 16:34:24,611 - INFO - HTTP Request: PUT http://localhost:6333/collections/daily_trade_strategies/points?wait=true "HTTP/1.1 200 OK"
2026-03-17 16:34:24,616 - INFO - HTTP Request: PUT http://localhost:6333/collections/trading_results/points?wait=true "HTTP/1.1 200 OK"
2026-03-17 16:34:24,625 - INFO - HTTP Request: PUT http://localhost:6333/collections/stock_recommendations/points?wait=true "HTTP/1.1 200 OK"
2026-03-17 16:34:24,650 - INFO - HTTP Request: PUT http://localhost:6333/collections/daily_trade_strategies/points?wait=true "HTTP/1.1 200 OK"
2026-03-17 16:34:24,654 - INFO - HTTP Request: PUT http://localhost:6333/collections/trading_results/points?wait=true "HTTP/1.1 200 OK"
2026-03-17 16:34:24,672 - INFO - HTTP Request: PUT http://localhost:6333/collections/stock_recommendations/points?wait=true "HTTP/1.1 200 OK"
2026-03-17 16:34:24,717 - INFO - HTTP Request: PUT http://localhost:6333/collections/daily_trade_strategies/points?wait=true "HTTP/1.1 200 OK"
2026-03-17 16:34:24,732 - INFO - HTTP Request: PUT http://localhost:6333/collections/trading_results/points?wait=true "HTTP/1.1 200 OK"
2026-03-17 16:34:24,749 - INFO - HTTP Request: PUT http://localhost:6333/collections/stock_recommendations/points?wait=true "HTTP/1.1 200 OK"
2026-03-17 16:34:24,772 - INFO - HTTP Request: PUT http://localhost:6333/collections/daily_trade_strategies/points?wait=true "HTTP/1.1 200 OK"
2026-03-17 16:34:24,795 - INFO - HTTP Request: PUT http://localhost:6333/collections/trading_results/points?wait=true "HTTP/1.1 200 OK"
2026-03-17 16:34:24,802 - INFO - HTTP Request: PUT http://localhost:6333/collections/stock_recommendations/points?wait=true "HTTP/1.1 200 OK"
2026-03-17 16:34:24,842 - INFO - HTTP Request: PUT http://localhost:6333/collections/daily_trade_strategies/points?wait=true "HTTP/1.1 200 OK"
2026-03-17 16:34:24,856 - INFO - HTTP Request: PUT http://localhost:6333/collections/trading_results/points?wait=true "HTTP/1.1 200 OK"
2026-03-17 16:34:24,890 - INFO - HTTP Request: PUT http://localhost:6333/collections/stock_recommendations/points?wait=true "HTTP/1.1 200 OK"
2026-03-17 16:34:24,936 - INFO - HTTP Request: PUT http://localhost:6333/collections/daily_trade_strategies/points?wait=true "HTTP/1.1 200 OK"
2026-03-17 16:34:24,940 - INFO - HTTP Request: PUT http://localhost:6333/collections/trading_results/points?wait=true "HTTP/1.1 200 OK"
2026-03-17 16:34:24,968 - INFO - HTTP Request: PUT http://localhost:6333/collections/stock_recommendations/points?wait=true "HTTP/1.1 200 OK"
2026-03-17 16:34:25,015 - INFO - HTTP Request: PUT http://localhost:6333/collections/daily_trade_strategies/points?wait=true "HTTP/1.1 200 OK"
2026-03-17 16:34:25,019 - INFO - HTTP Request: PUT http://localhost:6333/collections/trading_results/points?wait=true "HTTP/1.1 200 OK"
2026-03-17 16:34:25,028 - INFO - HTTP Request: PUT http://localhost:6333/collections/stock_recommendations/points?wait=true "HTTP/1.1 200 OK"
2026-03-17 16:34:25,057 - INFO - HTTP Request: PUT http://localhost:6333/collections/daily_trade_strategies/points?wait=true "HTTP/1.1 200 OK"
2026-03-17 16:34:25,062 - INFO - HTTP Request: PUT http://localhost:6333/collections/trading_results/points?wait=true "HTTP/1.1 200 OK"
2026-03-17 16:34:25,093 - INFO - HTTP Request: PUT http://localhost:6333/collections/stock_recommendations/points?wait=true "HTTP/1.1 200 OK"
2026-03-17 16:34:25,139 - INFO - HTTP Request: PUT http://localhost:6333/collections/daily_trade_strategies/points?wait=true "HTTP/1.1 200 OK"
2026-03-17 16:34:25,154 - INFO - HTTP Request: PUT http://localhost:6333/collections/trading_results/points?wait=true "HTTP/1.1 200 OK"
2026-03-17 16:34:25,187 - INFO - HTTP Request: PUT http://localhost:6333/collections/stock_recommendations/points?wait=true "HTTP/1.1 200 OK"
2026-03-17 16:34:25,233 - INFO - HTTP Request: PUT http://localhost:6333/collections/daily_trade_strategies/points?wait=true "HTTP/1.1 200 OK"
2026-03-17 16:34:25,248 - INFO - HTTP Request: PUT http://localhost:6333/collections/trading_results/points?wait=true "HTTP/1.1 200 OK"
2026-03-17 16:34:25,280 - INFO - HTTP Request: PUT http://localhost:6333/collections/stock_recommendations/points?wait=true "HTTP/1.1 200 OK"
2026-03-17 16:34:25,326 - INFO - HTTP Request: PUT http://localhost:6333/collections/daily_trade_strategies/points?wait=true "HTTP/1.1 200 OK"
2026-03-17 16:34:25,331 - INFO - HTTP Request: PUT http://localhost:6333/collections/trading_results/points?wait=true "HTTP/1.1 200 OK"
2026-03-17 16:34:25,358 - INFO - HTTP Request: PUT http://localhost:6333/collections/stock_recommendations/points?wait=true "HTTP/1.1 200 OK"
2026-03-17 16:34:25,404 - INFO - HTTP Request: PUT http://localhost:6333/collections/daily_trade_strategies/points?wait=true "HTTP/1.1 200 OK"
2026-03-17 16:34:25,419 - INFO - HTTP Request: PUT http://localhost:6333/collections/trading_results/points?wait=true "HTTP/1.1 200 OK"
2026-03-17 16:34:25,452 - INFO - HTTP Request: PUT http://localhost:6333/collections/stock_recommendations/points?wait=true "HTTP/1.1 200 OK"
2026-03-17 16:34:25,499 - INFO - HTTP Request: PUT http://localhost:6333/collections/daily_trade_strategies/points?wait=true "HTTP/1.1 200 OK"
2026-03-17 16:34:25,514 - INFO - HTTP Request: PUT http://localhost:6333/collections/trading_results/points?wait=true "HTTP/1.1 200 OK"
2026-03-17 16:34:25,522 - INFO - HTTP Request: PUT http://localhost:6333/collections/stock_recommendations/points?wait=true "HTTP/1.1 200 OK"
2026-03-17 16:34:25,563 - INFO - HTTP Request: PUT http://localhost:6333/collections/daily_trade_strategies/points?wait=true "HTTP/1.1 200 OK"
2026-03-17 16:34:25,566 - INFO - HTTP Request: PUT http://localhost:6333/collections/trading_results/points?wait=true "HTTP/1.1 200 OK"
2026-03-17 16:34:25,575 - INFO - HTTP Request: PUT http://localhost:6333/collections/stock_recommendations/points?wait=true "HTTP/1.1 200 OK"
2026-03-17 16:34:25,624 - INFO - HTTP Request: PUT http://localhost:6333/collections/daily_trade_strategies/points?wait=true "HTTP/1.1 200 OK"
2026-03-17 16:34:25,630 - INFO - HTTP Request: PUT http://localhost:6333/collections/trading_results/points?wait=true "HTTP/1.1 200 OK"
2026-03-17 16:34:25,655 - INFO - HTTP Request: PUT http://localhost:6333/collections/stock_recommendations/points?wait=true "HTTP/1.1 200 OK"
2026-03-17 16:34:25,681 - INFO - HTTP Request: PUT http://localhost:6333/collections/daily_trade_strategies/points?wait=true "HTTP/1.1 200 OK"
2026-03-17 16:34:25,687 - INFO - HTTP Request: PUT http://localhost:6333/collections/trading_results/points?wait=true "HTTP/1.1 200 OK"
2026-03-17 16:34:25,695 - INFO - HTTP Request: PUT http://localhost:6333/collections/stock_recommendations/points?wait=true "HTTP/1.1 200 OK"
2026-03-17 16:34:25,722 - INFO - HTTP Request: PUT http://localhost:6333/collections/daily_trade_strategies/points?wait=true "HTTP/1.1 200 OK"
2026-03-17 16:34:25,748 - INFO - HTTP Request: PUT http://localhost:6333/collections/trading_results/points?wait=true "HTTP/1.1 200 OK"
2026-03-17 16:34:25,780 - INFO - HTTP Request: PUT http://localhost:6333/collections/stock_recommendations/points?wait=true "HTTP/1.1 200 OK"
2026-03-17 16:34:25,806 - INFO - HTTP Request: PUT http://localhost:6333/collections/daily_trade_strategies/points?wait=true "HTTP/1.1 200 OK"
2026-03-17 16:34:25,810 - INFO - HTTP Request: PUT http://localhost:6333/collections/trading_results/points?wait=true "HTTP/1.1 200 OK"
2026-03-17 16:34:25,841 - INFO - HTTP Request: PUT http://localhost:6333/collections/stock_recommendations/points?wait=true "HTTP/1.1 200 OK"
2026-03-17 16:34:25,888 - INFO - HTTP Request: PUT http://localhost:6333/collections/daily_trade_strategies/points?wait=true "HTTP/1.1 200 OK"
2026-03-17 16:34:25,903 - INFO - HTTP Request: PUT http://localhost:6333/collections/trading_results/points?wait=true "HTTP/1.1 200 OK"
2026-03-17 16:34:25,937 - INFO - HTTP Request: PUT http://localhost:6333/collections/stock_recommendations/points?wait=true "HTTP/1.1 200 OK"
2026-03-17 16:34:25,982 - INFO - HTTP Request: PUT http://localhost:6333/collections/daily_trade_strategies/points?wait=true "HTTP/1.1 200 OK"
2026-03-17 16:34:25,996 - INFO - HTTP Request: PUT http://localhost:6333/collections/trading_results/points?wait=true "HTTP/1.1 200 OK"
2026-03-17 16:34:26,029 - INFO - HTTP Request: PUT http://localhost:6333/collections/stock_recommendations/points?wait=true "HTTP/1.1 200 OK"
2026-03-17 16:34:26,075 - INFO - HTTP Request: PUT http://localhost:6333/collections/daily_trade_strategies/points?wait=true "HTTP/1.1 200 OK"
2026-03-17 16:34:26,081 - INFO - HTTP Request: PUT http://localhost:6333/collections/trading_results/points?wait=true "HTTP/1.1 200 OK"
2026-03-17 16:34:26,107 - INFO - HTTP Request: PUT http://localhost:6333/collections/stock_recommendations/points?wait=true "HTTP/1.1 200 OK"
2026-03-17 16:34:26,152 - INFO - HTTP Request: PUT http://localhost:6333/collections/daily_trade_strategies/points?wait=true "HTTP/1.1 200 OK"
2026-03-17 16:34:26,167 - INFO - HTTP Request: PUT http://localhost:6333/collections/trading_results/points?wait=true "HTTP/1.1 200 OK"
2026-03-17 16:34:26,199 - INFO - HTTP Request: PUT http://localhost:6333/collections/stock_recommendations/points?wait=true "HTTP/1.1 200 OK"
2026-03-17 16:34:26,245 - INFO - HTTP Request: PUT http://localhost:6333/collections/daily_trade_strategies/points?wait=true "HTTP/1.1 200 OK"
2026-03-17 16:34:26,250 - INFO - HTTP Request: PUT http://localhost:6333/collections/trading_results/points?wait=true "HTTP/1.1 200 OK"
2026-03-17 16:34:26,260 - INFO - HTTP Request: PUT http://localhost:6333/collections/stock_recommendations/points?wait=true "HTTP/1.1 200 OK"
2026-03-17 16:34:26,309 - INFO - HTTP Request: PUT http://localhost:6333/collections/daily_trade_strategies/points?wait=true "HTTP/1.1 200 OK"
2026-03-17 16:34:26,323 - INFO - HTTP Request: PUT http://localhost:6333/collections/trading_results/points?wait=true "HTTP/1.1 200 OK"
2026-03-17 16:34:26,340 - INFO - HTTP Request: PUT http://localhost:6333/collections/stock_recommendations/points?wait=true "HTTP/1.1 200 OK"
2026-03-17 16:34:26,388 - INFO - HTTP Request: PUT http://localhost:6333/collections/daily_trade_strategies/points?wait=true "HTTP/1.1 200 OK"
2026-03-17 16:34:26,394 - INFO - HTTP Request: PUT http://localhost:6333/collections/trading_results/points?wait=true "HTTP/1.1 200 OK"
2026-03-17 16:34:26,401 - INFO - HTTP Request: PUT http://localhost:6333/collections/stock_recommendations/points?wait=true "HTTP/1.1 200 OK"
2026-03-17 16:34:26,449 - INFO - HTTP Request: PUT http://localhost:6333/collections/daily_trade_strategies/points?wait=true "HTTP/1.1 200 OK"
2026-03-17 16:34:26,453 - INFO - HTTP Request: PUT http://localhost:6333/collections/trading_results/points?wait=true "HTTP/1.1 200 OK"
2026-03-17 16:34:26,482 - INFO - HTTP Request: PUT http://localhost:6333/collections/stock_recommendations/points?wait=true "HTTP/1.1 200 OK"
2026-03-17 16:34:26,528 - INFO - HTTP Request: PUT http://localhost:6333/collections/daily_trade_strategies/points?wait=true "HTTP/1.1 200 OK"
2026-03-17 16:34:26,542 - INFO - HTTP Request: PUT http://localhost:6333/collections/trading_results/points?wait=true "HTTP/1.1 200 OK"
2026-03-17 16:34:26,559 - INFO - HTTP Request: PUT http://localhost:6333/collections/stock_recommendations/points?wait=true "HTTP/1.1 200 OK"
2026-03-17 16:34:26,606 - INFO - HTTP Request: PUT http://localhost:6333/collections/daily_trade_strategies/points?wait=true "HTTP/1.1 200 OK"
2026-03-17 16:34:26,622 - INFO - HTTP Request: PUT http://localhost:6333/collections/trading_results/points?wait=true "HTTP/1.1 200 OK"
2026-03-17 16:34:26,630 - INFO - HTTP Request: PUT http://localhost:6333/collections/stock_recommendations/points?wait=true "HTTP/1.1 200 OK"
2026-03-17 16:34:26,669 - INFO - HTTP Request: PUT http://localhost:6333/collections/daily_trade_strategies/points?wait=true "HTTP/1.1 200 OK"
2026-03-17 16:34:26,683 - INFO - HTTP Request: PUT http://localhost:6333/collections/trading_results/points?wait=true "HTTP/1.1 200 OK"
2026-03-17 16:34:26,693 - INFO - HTTP Request: PUT http://localhost:6333/collections/stock_recommendations/points?wait=true "HTTP/1.1 200 OK"
2026-03-17 16:34:26,732 - INFO - HTTP Request: PUT http://localhost:6333/collections/daily_trade_strategies/points?wait=true "HTTP/1.1 200 OK"
2026-03-17 16:34:26,735 - INFO - HTTP Request: PUT http://localhost:6333/collections/trading_results/points?wait=true "HTTP/1.1 200 OK"
2026-03-17 16:34:26,763 - INFO - HTTP Request: PUT http://localhost:6333/collections/stock_recommendations/points?wait=true "HTTP/1.1 200 OK"
2026-03-17 16:34:26,810 - INFO - HTTP Request: PUT http://localhost:6333/collections/daily_trade_strategies/points?wait=true "HTTP/1.1 200 OK"
2026-03-17 16:34:26,825 - INFO - HTTP Request: PUT http://localhost:6333/collections/trading_results/points?wait=true "HTTP/1.1 200 OK"
2026-03-17 16:34:26,833 - INFO - HTTP Request: PUT http://localhost:6333/collections/stock_recommendations/points?wait=true "HTTP/1.1 200 OK"
2026-03-17 16:34:26,859 - INFO - HTTP Request: PUT http://localhost:6333/collections/daily_trade_strategies/points?wait=true "HTTP/1.1 200 OK"
2026-03-17 16:34:26,871 - INFO - HTTP Request: PUT http://localhost:6333/collections/trading_results/points?wait=true "HTTP/1.1 200 OK"
2026-03-17 16:34:26,879 - INFO - HTTP Request: PUT http://localhost:6333/collections/stock_recommendations/points?wait=true "HTTP/1.1 200 OK"
2026-03-17 16:34:26,908 - INFO - HTTP Request: PUT http://localhost:6333/collections/daily_trade_strategies/points?wait=true "HTTP/1.1 200 OK"
2026-03-17 16:34:26,912 - INFO - HTTP Request: PUT http://localhost:6333/collections/trading_results/points?wait=true "HTTP/1.1 200 OK"
2026-03-17 16:34:26,920 - INFO - HTTP Request: PUT http://localhost:6333/collections/stock_recommendations/points?wait=true "HTTP/1.1 200 OK"
2026-03-17 16:34:26,968 - INFO - HTTP Request: PUT http://localhost:6333/collections/daily_trade_strategies/points?wait=true "HTTP/1.1 200 OK"
2026-03-17 16:34:26,972 - INFO - HTTP Request: PUT http://localhost:6333/collections/trading_results/points?wait=true "HTTP/1.1 200 OK"
2026-03-17 16:34:26,999 - INFO - HTTP Request: PUT http://localhost:6333/collections/stock_recommendations/points?wait=true "HTTP/1.1 200 OK"
2026-03-17 16:34:27,045 - INFO - HTTP Request: PUT http://localhost:6333/collections/daily_trade_strategies/points?wait=true "HTTP/1.1 200 OK"
2026-03-17 16:34:27,060 - INFO - HTTP Request: PUT http://localhost:6333/collections/trading_results/points?wait=true "HTTP/1.1 200 OK"
2026-03-17 16:34:27,068 - INFO - HTTP Request: PUT http://localhost:6333/collections/stock_recommendations/points?wait=true "HTTP/1.1 200 OK"
2026-03-17 16:34:27,107 - INFO - HTTP Request: PUT http://localhost:6333/collections/daily_trade_strategies/points?wait=true "HTTP/1.1 200 OK"
2026-03-17 16:34:27,112 - INFO - HTTP Request: PUT http://localhost:6333/collections/trading_results/points?wait=true "HTTP/1.1 200 OK"
2026-03-17 16:34:27,139 - INFO - HTTP Request: PUT http://localhost:6333/collections/stock_recommendations/points?wait=true "HTTP/1.1 200 OK"
2026-03-17 16:34:27,187 - INFO - HTTP Request: PUT http://localhost:6333/collections/daily_trade_strategies/points?wait=true "HTTP/1.1 200 OK"
2026-03-17 16:34:27,200 - INFO - HTTP Request: PUT http://localhost:6333/collections/trading_results/points?wait=true "HTTP/1.1 200 OK"
2026-03-17 16:34:27,231 - INFO - HTTP Request: PUT http://localhost:6333/collections/stock_recommendations/points?wait=true "HTTP/1.1 200 OK"
2026-03-17 16:34:27,278 - INFO - HTTP Request: PUT http://localhost:6333/collections/daily_trade_strategies/points?wait=true "HTTP/1.1 200 OK"
2026-03-17 16:34:27,282 - INFO - HTTP Request: PUT http://localhost:6333/collections/trading_results/points?wait=true "HTTP/1.1 200 OK"
2026-03-17 16:34:27,310 - INFO - HTTP Request: PUT http://localhost:6333/collections/stock_recommendations/points?wait=true "HTTP/1.1 200 OK"
2026-03-17 16:34:27,357 - INFO - HTTP Request: PUT http://localhost:6333/collections/daily_trade_strategies/points?wait=true "HTTP/1.1 200 OK"
2026-03-17 16:34:27,370 - INFO - HTTP Request: PUT http://localhost:6333/collections/trading_results/points?wait=true "HTTP/1.1 200 OK"
2026-03-17 16:34:27,404 - INFO - HTTP Request: PUT http://localhost:6333/collections/stock_recommendations/points?wait=true "HTTP/1.1 200 OK"
2026-03-17 16:34:27,449 - INFO - HTTP Request: PUT http://localhost:6333/collections/daily_trade_strategies/points?wait=true "HTTP/1.1 200 OK"
2026-03-17 16:34:27,454 - INFO - HTTP Request: PUT http://localhost:6333/collections/trading_results/points?wait=true "HTTP/1.1 200 OK"
2026-03-17 16:34:27,480 - INFO - HTTP Request: PUT http://localhost:6333/collections/stock_recommendations/points?wait=true "HTTP/1.1 200 OK"
2026-03-17 16:34:27,527 - INFO - HTTP Request: PUT http://localhost:6333/collections/daily_trade_strategies/points?wait=true "HTTP/1.1 200 OK"
2026-03-17 16:34:27,531 - INFO - HTTP Request: PUT http://localhost:6333/collections/trading_results/points?wait=true "HTTP/1.1 200 OK"
2026-03-17 16:34:27,559 - INFO - HTTP Request: PUT http://localhost:6333/collections/stock_recommendations/points?wait=true "HTTP/1.1 200 OK"
2026-03-17 16:34:27,605 - INFO - HTTP Request: PUT http://localhost:6333/collections/daily_trade_strategies/points?wait=true "HTTP/1.1 200 OK"
2026-03-17 16:34:27,608 - INFO - HTTP Request: PUT http://localhost:6333/collections/trading_results/points?wait=true "HTTP/1.1 200 OK"
2026-03-17 16:34:27,636 - INFO - HTTP Request: PUT http://localhost:6333/collections/stock_recommendations/points?wait=true "HTTP/1.1 200 OK"
2026-03-17 16:34:27,682 - INFO - HTTP Request: PUT http://localhost:6333/collections/daily_trade_strategies/points?wait=true "HTTP/1.1 200 OK"
2026-03-17 16:34:27,686 - INFO - HTTP Request: PUT http://localhost:6333/collections/trading_results/points?wait=true "HTTP/1.1 200 OK"
2026-03-17 16:34:27,693 - INFO - HTTP Request: PUT http://localhost:6333/collections/stock_recommendations/points?wait=true "HTTP/1.1 200 OK"
2026-03-17 16:34:27,729 - INFO - HTTP Request: PUT http://localhost:6333/collections/daily_trade_strategies/points?wait=true "HTTP/1.1 200 OK"
2026-03-17 16:34:27,732 - INFO - HTTP Request: PUT http://localhost:6333/collections/trading_results/points?wait=true "HTTP/1.1 200 OK"
2026-03-17 16:34:27,760 - INFO - HTTP Request: PUT http://localhost:6333/collections/stock_recommendations/points?wait=true "HTTP/1.1 200 OK"
2026-03-17 16:34:27,807 - INFO - HTTP Request: PUT http://localhost:6333/collections/daily_trade_strategies/points?wait=true "HTTP/1.1 200 OK"
2026-03-17 16:34:27,811 - INFO - HTTP Request: PUT http://localhost:6333/collections/trading_results/points?wait=true "HTTP/1.1 200 OK"
2026-03-17 16:34:27,818 - INFO - HTTP Request: PUT http://localhost:6333/collections/stock_recommendations/points?wait=true "HTTP/1.1 200 OK"
2026-03-17 16:34:27,855 - INFO - HTTP Request: PUT http://localhost:6333/collections/daily_trade_strategies/points?wait=true "HTTP/1.1 200 OK"
2026-03-17 16:34:27,869 - INFO - HTTP Request: PUT http://localhost:6333/collections/trading_results/points?wait=true "HTTP/1.1 200 OK"
2026-03-17 16:34:27,900 - INFO - HTTP Request: PUT http://localhost:6333/collections/stock_recommendations/points?wait=true "HTTP/1.1 200 OK"
2026-03-17 16:34:27,948 - INFO - HTTP Request: PUT http://localhost:6333/collections/daily_trade_strategies/points?wait=true "HTTP/1.1 200 OK"
2026-03-17 16:34:27,952 - INFO - HTTP Request: PUT http://localhost:6333/collections/trading_results/points?wait=true "HTTP/1.1 200 OK"
2026-03-17 16:34:27,979 - INFO - HTTP Request: PUT http://localhost:6333/collections/stock_recommendations/points?wait=true "HTTP/1.1 200 OK"
2026-03-17 16:34:28,025 - INFO - HTTP Request: PUT http://localhost:6333/collections/daily_trade_strategies/points?wait=true "HTTP/1.1 200 OK"
2026-03-17 16:34:28,040 - INFO - HTTP Request: PUT http://localhost:6333/collections/trading_results/points?wait=true "HTTP/1.1 200 OK"
2026-03-17 16:34:28,056 - INFO - HTTP Request: PUT http://localhost:6333/collections/stock_recommendations/points?wait=true "HTTP/1.1 200 OK"
2026-03-17 16:34:28,103 - INFO - HTTP Request: PUT http://localhost:6333/collections/daily_trade_strategies/points?wait=true "HTTP/1.1 200 OK"
2026-03-17 16:34:28,107 - INFO - HTTP Request: PUT http://localhost:6333/collections/trading_results/points?wait=true "HTTP/1.1 200 OK"
2026-03-17 16:34:28,114 - INFO - HTTP Request: PUT http://localhost:6333/collections/stock_recommendations/points?wait=true "HTTP/1.1 200 OK"
2026-03-17 16:34:28,153 - INFO - HTTP Request: PUT http://localhost:6333/collections/daily_trade_strategies/points?wait=true "HTTP/1.1 200 OK"
2026-03-17 16:34:28,180 - INFO - HTTP Request: PUT http://localhost:6333/collections/trading_results/points?wait=true "HTTP/1.1 200 OK"
2026-03-17 16:34:28,212 - INFO - HTTP Request: PUT http://localhost:6333/collections/stock_recommendations/points?wait=true "HTTP/1.1 200 OK"
2026-03-17 16:34:28,239 - INFO - HTTP Request: PUT http://localhost:6333/collections/daily_trade_strategies/points?wait=true "HTTP/1.1 200 OK"
2026-03-17 16:34:28,258 - INFO - HTTP Request: PUT http://localhost:6333/collections/trading_results/points?wait=true "HTTP/1.1 200 OK"
2026-03-17 16:34:28,290 - INFO - HTTP Request: PUT http://localhost:6333/collections/stock_recommendations/points?wait=true "HTTP/1.1 200 OK"
2026-03-17 16:34:28,318 - INFO - HTTP Request: PUT http://localhost:6333/collections/daily_trade_strategies/points?wait=true "HTTP/1.1 200 OK"
2026-03-17 16:34:28,323 - INFO - HTTP Request: PUT http://localhost:6333/collections/trading_results/points?wait=true "HTTP/1.1 200 OK"
2026-03-17 16:34:28,352 - INFO - HTTP Request: PUT http://localhost:6333/collections/stock_recommendations/points?wait=true "HTTP/1.1 200 OK"
2026-03-17 16:34:28,380 - INFO - HTTP Request: PUT http://localhost:6333/collections/daily_trade_strategies/points?wait=true "HTTP/1.1 200 OK"
2026-03-17 16:34:28,383 - INFO - HTTP Request: PUT http://localhost:6333/collections/trading_results/points?wait=true "HTTP/1.1 200 OK"
2026-03-17 16:34:28,392 - INFO - HTTP Request: PUT http://localhost:6333/collections/stock_recommendations/points?wait=true "HTTP/1.1 200 OK"
2026-03-17 16:34:28,431 - INFO - HTTP Request: PUT http://localhost:6333/collections/daily_trade_strategies/points?wait=true "HTTP/1.1 200 OK"
2026-03-17 16:34:28,434 - INFO - HTTP Request: PUT http://localhost:6333/collections/trading_results/points?wait=true "HTTP/1.1 200 OK"
2026-03-17 16:34:28,461 - INFO - HTTP Request: PUT http://localhost:6333/collections/stock_recommendations/points?wait=true "HTTP/1.1 200 OK"
2026-03-17 16:34:28,507 - INFO - HTTP Request: PUT http://localhost:6333/collections/daily_trade_strategies/points?wait=true "HTTP/1.1 200 OK"
2026-03-17 16:34:28,521 - INFO - HTTP Request: PUT http://localhost:6333/collections/trading_results/points?wait=true "HTTP/1.1 200 OK"
2026-03-17 16:34:28,553 - INFO - HTTP Request: PUT http://localhost:6333/collections/stock_recommendations/points?wait=true "HTTP/1.1 200 OK"
2026-03-17 16:34:28,600 - INFO - HTTP Request: PUT http://localhost:6333/collections/daily_trade_strategies/points?wait=true "HTTP/1.1 200 OK"
2026-03-17 16:34:28,604 - INFO - HTTP Request: PUT http://localhost:6333/collections/trading_results/points?wait=true "HTTP/1.1 200 OK"
2026-03-17 16:34:28,632 - INFO - HTTP Request: PUT http://localhost:6333/collections/stock_recommendations/points?wait=true "HTTP/1.1 200 OK"
2026-03-17 16:34:28,679 - INFO - HTTP Request: PUT http://localhost:6333/collections/daily_trade_strategies/points?wait=true "HTTP/1.1 200 OK"
2026-03-17 16:34:28,683 - INFO - HTTP Request: PUT http://localhost:6333/collections/trading_results/points?wait=true "HTTP/1.1 200 OK"
2026-03-17 16:34:28,711 - INFO - HTTP Request: PUT http://localhost:6333/collections/stock_recommendations/points?wait=true "HTTP/1.1 200 OK"
2026-03-17 16:34:28,757 - INFO - HTTP Request: PUT http://localhost:6333/collections/daily_trade_strategies/points?wait=true "HTTP/1.1 200 OK"
2026-03-17 16:34:28,773 - INFO - HTTP Request: PUT http://localhost:6333/collections/trading_results/points?wait=true "HTTP/1.1 200 OK"
2026-03-17 16:34:28,804 - INFO - HTTP Request: PUT http://localhost:6333/collections/stock_recommendations/points?wait=true "HTTP/1.1 200 OK"
2026-03-17 16:34:28,849 - INFO - HTTP Request: PUT http://localhost:6333/collections/daily_trade_strategies/points?wait=true "HTTP/1.1 200 OK"
2026-03-17 16:34:28,864 - INFO - HTTP Request: PUT http://localhost:6333/collections/trading_results/points?wait=true "HTTP/1.1 200 OK"
2026-03-17 16:34:28,898 - INFO - HTTP Request: PUT http://localhost:6333/collections/stock_recommendations/points?wait=true "HTTP/1.1 200 OK"
2026-03-17 16:34:28,942 - INFO - HTTP Request: PUT http://localhost:6333/collections/daily_trade_strategies/points?wait=true "HTTP/1.1 200 OK"
2026-03-17 16:34:28,958 - INFO - HTTP Request: PUT http://localhost:6333/collections/trading_results/points?wait=true "HTTP/1.1 200 OK"
2026-03-17 16:34:28,989 - INFO - HTTP Request: PUT http://localhost:6333/collections/stock_recommendations/points?wait=true "HTTP/1.1 200 OK"
2026-03-17 16:34:29,036 - INFO - HTTP Request: PUT http://localhost:6333/collections/daily_trade_strategies/points?wait=true "HTTP/1.1 200 OK"
2026-03-17 16:34:29,040 - INFO - HTTP Request: PUT http://localhost:6333/collections/trading_results/points?wait=true "HTTP/1.1 200 OK"
2026-03-17 16:34:29,047 - INFO - HTTP Request: PUT http://localhost:6333/collections/stock_recommendations/points?wait=true "HTTP/1.1 200 OK"
2026-03-17 16:34:29,083 - INFO - HTTP Request: PUT http://localhost:6333/collections/daily_trade_strategies/points?wait=true "HTTP/1.1 200 OK"
2026-03-17 16:34:29,088 - INFO - HTTP Request: PUT http://localhost:6333/collections/trading_results/points?wait=true "HTTP/1.1 200 OK"
2026-03-17 16:34:29,094 - INFO - HTTP Request: PUT http://localhost:6333/collections/stock_recommendations/points?wait=true "HTTP/1.1 200 OK"
2026-03-17 16:34:29,146 - INFO - HTTP Request: PUT http://localhost:6333/collections/daily_trade_strategies/points?wait=true "HTTP/1.1 200 OK"
2026-03-17 16:34:29,160 - INFO - HTTP Request: PUT http://localhost:6333/collections/trading_results/points?wait=true "HTTP/1.1 200 OK"
2026-03-17 16:34:29,177 - INFO - HTTP Request: PUT http://localhost:6333/collections/stock_recommendations/points?wait=true "HTTP/1.1 200 OK"
2026-03-17 16:34:29,304 - INFO - HTTP Request: PUT http://localhost:6333/collections/daily_trade_strategies/points?wait=true "HTTP/1.1 200 OK"
2026-03-17 16:34:29,319 - INFO - HTTP Request: PUT http://localhost:6333/collections/trading_results/points?wait=true "HTTP/1.1 200 OK"
2026-03-17 16:34:29,352 - INFO - HTTP Request: PUT http://localhost:6333/collections/stock_recommendations/points?wait=true "HTTP/1.1 200 OK"
2026-03-17 16:34:29,399 - INFO - HTTP Request: PUT http://localhost:6333/collections/daily_trade_strategies/points?wait=true "HTTP/1.1 200 OK"
2026-03-17 16:34:29,403 - INFO - HTTP Request: PUT http://localhost:6333/collections/trading_results/points?wait=true "HTTP/1.1 200 OK"
2026-03-17 16:34:29,430 - INFO - HTTP Request: PUT http://localhost:6333/collections/stock_recommendations/points?wait=true "HTTP/1.1 200 OK"
2026-03-17 16:34:29,456 - INFO - HTTP Request: PUT http://localhost:6333/collections/daily_trade_strategies/points?wait=true "HTTP/1.1 200 OK"
2026-03-17 16:34:29,459 - INFO - HTTP Request: PUT http://localhost:6333/collections/trading_results/points?wait=true "HTTP/1.1 200 OK"
2026-03-17 16:34:29,477 - INFO - HTTP Request: PUT http://localhost:6333/collections/stock_recommendations/points?wait=true "HTTP/1.1 200 OK"
2026-03-17 16:34:29,526 - INFO - HTTP Request: PUT http://localhost:6333/collections/daily_trade_strategies/points?wait=true "HTTP/1.1 200 OK"
2026-03-17 16:34:29,530 - INFO - HTTP Request: PUT http://localhost:6333/collections/trading_results/points?wait=true "HTTP/1.1 200 OK"
2026-03-17 16:34:29,558 - INFO - HTTP Request: PUT http://localhost:6333/collections/stock_recommendations/points?wait=true "HTTP/1.1 200 OK"
2026-03-17 16:34:29,604 - INFO - HTTP Request: PUT http://localhost:6333/collections/daily_trade_strategies/points?wait=true "HTTP/1.1 200 OK"
2026-03-17 16:34:29,619 - INFO - HTTP Request: PUT http://localhost:6333/collections/trading_results/points?wait=true "HTTP/1.1 200 OK"
2026-03-17 16:34:29,627 - INFO - HTTP Request: PUT http://localhost:6333/collections/stock_recommendations/points?wait=true "HTTP/1.1 200 OK"
2026-03-17 16:34:29,653 - INFO - HTTP Request: PUT http://localhost:6333/collections/daily_trade_strategies/points?wait=true "HTTP/1.1 200 OK"
2026-03-17 16:34:29,656 - INFO - HTTP Request: PUT http://localhost:6333/collections/trading_results/points?wait=true "HTTP/1.1 200 OK"
2026-03-17 16:34:29,664 - INFO - HTTP Request: PUT http://localhost:6333/collections/stock_recommendations/points?wait=true "HTTP/1.1 200 OK"
2026-03-17 16:34:29,712 - INFO - HTTP Request: PUT http://localhost:6333/collections/daily_trade_strategies/points?wait=true "HTTP/1.1 200 OK"
2026-03-17 16:34:29,716 - INFO - HTTP Request: PUT http://localhost:6333/collections/trading_results/points?wait=true "HTTP/1.1 200 OK"
2026-03-17 16:34:29,726 - INFO - HTTP Request: PUT http://localhost:6333/collections/stock_recommendations/points?wait=true "HTTP/1.1 200 OK"
2026-03-17 16:34:29,752 - INFO - HTTP Request: PUT http://localhost:6333/collections/daily_trade_strategies/points?wait=true "HTTP/1.1 200 OK"
2026-03-17 16:34:29,775 - INFO - HTTP Request: PUT http://localhost:6333/collections/trading_results/points?wait=true "HTTP/1.1 200 OK"
2026-03-17 16:34:29,808 - INFO - HTTP Request: PUT http://localhost:6333/collections/stock_recommendations/points?wait=true "HTTP/1.1 200 OK"
2026-03-17 16:34:29,855 - INFO - HTTP Request: PUT http://localhost:6333/collections/daily_trade_strategies/points?wait=true "HTTP/1.1 200 OK"
2026-03-17 16:34:29,871 - INFO - HTTP Request: PUT http://localhost:6333/collections/trading_results/points?wait=true "HTTP/1.1 200 OK"
2026-03-17 16:34:29,903 - INFO - HTTP Request: PUT http://localhost:6333/collections/stock_recommendations/points?wait=true "HTTP/1.1 200 OK"
2026-03-17 16:34:29,950 - INFO - HTTP Request: PUT http://localhost:6333/collections/daily_trade_strategies/points?wait=true "HTTP/1.1 200 OK"
2026-03-17 16:34:29,964 - INFO - HTTP Request: PUT http://localhost:6333/collections/trading_results/points?wait=true "HTTP/1.1 200 OK"
2026-03-17 16:34:29,972 - INFO - HTTP Request: PUT http://localhost:6333/collections/stock_recommendations/points?wait=true "HTTP/1.1 200 OK"
2026-03-17 16:34:30,014 - INFO - HTTP Request: PUT http://localhost:6333/collections/daily_trade_strategies/points?wait=true "HTTP/1.1 200 OK"
2026-03-17 16:34:30,027 - INFO - HTTP Request: PUT http://localhost:6333/collections/trading_results/points?wait=true "HTTP/1.1 200 OK"
2026-03-17 16:34:30,037 - INFO - HTTP Request: PUT http://localhost:6333/collections/stock_recommendations/points?wait=true "HTTP/1.1 200 OK"
2026-03-17 16:34:30,074 - INFO - HTTP Request: PUT http://localhost:6333/collections/daily_trade_strategies/points?wait=true "HTTP/1.1 200 OK"
2026-03-17 16:34:30,077 - INFO - HTTP Request: PUT http://localhost:6333/collections/trading_results/points?wait=true "HTTP/1.1 200 OK"
2026-03-17 16:34:30,106 - INFO - HTTP Request: PUT http://localhost:6333/collections/stock_recommendations/points?wait=true "HTTP/1.1 200 OK"
2026-03-17 16:34:30,153 - INFO - HTTP Request: PUT http://localhost:6333/collections/daily_trade_strategies/points?wait=true "HTTP/1.1 200 OK"
2026-03-17 16:34:30,157 - INFO - HTTP Request: PUT http://localhost:6333/collections/trading_results/points?wait=true "HTTP/1.1 200 OK"
2026-03-17 16:34:30,184 - INFO - HTTP Request: PUT http://localhost:6333/collections/stock_recommendations/points?wait=true "HTTP/1.1 200 OK"
2026-03-17 16:34:30,229 - INFO - HTTP Request: PUT http://localhost:6333/collections/daily_trade_strategies/points?wait=true "HTTP/1.1 200 OK"
2026-03-17 16:34:30,234 - INFO - HTTP Request: PUT http://localhost:6333/collections/trading_results/points?wait=true "HTTP/1.1 200 OK"
2026-03-17 16:34:30,261 - INFO - HTTP Request: PUT http://localhost:6333/collections/stock_recommendations/points?wait=true "HTTP/1.1 200 OK"
2026-03-17 16:34:30,308 - INFO - HTTP Request: PUT http://localhost:6333/collections/daily_trade_strategies/points?wait=true "HTTP/1.1 200 OK"
2026-03-17 16:34:30,322 - INFO - HTTP Request: PUT http://localhost:6333/collections/trading_results/points?wait=true "HTTP/1.1 200 OK"
2026-03-17 16:34:30,355 - INFO - HTTP Request: PUT http://localhost:6333/collections/stock_recommendations/points?wait=true "HTTP/1.1 200 OK"
2026-03-17 16:34:30,401 - INFO - HTTP Request: PUT http://localhost:6333/collections/daily_trade_strategies/points?wait=true "HTTP/1.1 200 OK"
2026-03-17 16:34:30,415 - INFO - HTTP Request: PUT http://localhost:6333/collections/trading_results/points?wait=true "HTTP/1.1 200 OK"
2026-03-17 16:34:30,433 - INFO - HTTP Request: PUT http://localhost:6333/collections/stock_recommendations/points?wait=true "HTTP/1.1 200 OK"
2026-03-17 16:34:30,459 - INFO - HTTP Request: PUT http://localhost:6333/collections/daily_trade_strategies/points?wait=true "HTTP/1.1 200 OK"
2026-03-17 16:34:30,478 - INFO - HTTP Request: PUT http://localhost:6333/collections/trading_results/points?wait=true "HTTP/1.1 200 OK"
2026-03-17 16:34:30,510 - INFO - HTTP Request: PUT http://localhost:6333/collections/stock_recommendations/points?wait=true "HTTP/1.1 200 OK"
2026-03-17 16:34:30,557 - INFO - HTTP Request: PUT http://localhost:6333/collections/daily_trade_strategies/points?wait=true "HTTP/1.1 200 OK"
2026-03-17 16:34:30,562 - INFO - HTTP Request: PUT http://localhost:6333/collections/trading_results/points?wait=true "HTTP/1.1 200 OK"
2026-03-17 16:34:30,588 - INFO - HTTP Request: PUT http://localhost:6333/collections/stock_recommendations/points?wait=true "HTTP/1.1 200 OK"
2026-03-17 16:34:30,634 - INFO - HTTP Request: PUT http://localhost:6333/collections/daily_trade_strategies/points?wait=true "HTTP/1.1 200 OK"
2026-03-17 16:34:30,648 - INFO - HTTP Request: PUT http://localhost:6333/collections/trading_results/points?wait=true "HTTP/1.1 200 OK"
2026-03-17 16:34:30,681 - INFO - HTTP Request: PUT http://localhost:6333/collections/stock_recommendations/points?wait=true "HTTP/1.1 200 OK"
2026-03-17 16:34:30,727 - INFO - HTTP Request: PUT http://localhost:6333/collections/daily_trade_strategies/points?wait=true "HTTP/1.1 200 OK"
2026-03-17 16:34:30,740 - INFO - HTTP Request: PUT http://localhost:6333/collections/trading_results/points?wait=true "HTTP/1.1 200 OK"
2026-03-17 16:34:30,750 - INFO - HTTP Request: PUT http://localhost:6333/collections/stock_recommendations/points?wait=true "HTTP/1.1 200 OK"
2026-03-17 16:34:30,788 - INFO - HTTP Request: PUT http://localhost:6333/collections/daily_trade_strategies/points?wait=true "HTTP/1.1 200 OK"
2026-03-17 16:34:30,792 - INFO - HTTP Request: PUT http://localhost:6333/collections/trading_results/points?wait=true "HTTP/1.1 200 OK"
2026-03-17 16:34:30,800 - INFO - HTTP Request: PUT http://localhost:6333/collections/stock_recommendations/points?wait=true "HTTP/1.1 200 OK"
2026-03-17 16:34:30,836 - INFO - HTTP Request: PUT http://localhost:6333/collections/daily_trade_strategies/points?wait=true "HTTP/1.1 200 OK"
2026-03-17 16:34:30,851 - INFO - HTTP Request: PUT http://localhost:6333/collections/trading_results/points?wait=true "HTTP/1.1 200 OK"
2026-03-17 16:34:30,883 - INFO - HTTP Request: PUT http://localhost:6333/collections/stock_recommendations/points?wait=true "HTTP/1.1 200 OK"
2026-03-17 16:34:30,929 - INFO - HTTP Request: PUT http://localhost:6333/collections/daily_trade_strategies/points?wait=true "HTTP/1.1 200 OK"
2026-03-17 16:34:30,945 - INFO - HTTP Request: PUT http://localhost:6333/collections/trading_results/points?wait=true "HTTP/1.1 200 OK"
2026-03-17 16:34:30,976 - INFO - HTTP Request: PUT http://localhost:6333/collections/stock_recommendations/points?wait=true "HTTP/1.1 200 OK"
2026-03-17 16:34:31,024 - INFO - HTTP Request: PUT http://localhost:6333/collections/daily_trade_strategies/points?wait=true "HTTP/1.1 200 OK"
2026-03-17 16:34:31,028 - INFO - HTTP Request: PUT http://localhost:6333/collections/trading_results/points?wait=true "HTTP/1.1 200 OK"
2026-03-17 16:34:31,035 - INFO - HTTP Request: PUT http://localhost:6333/collections/stock_recommendations/points?wait=true "HTTP/1.1 200 OK"
2026-03-17 16:34:31,063 - INFO - HTTP Request: PUT http://localhost:6333/collections/daily_trade_strategies/points?wait=true "HTTP/1.1 200 OK"
2026-03-17 16:34:31,067 - INFO - HTTP Request: PUT http://localhost:6333/collections/trading_results/points?wait=true "HTTP/1.1 200 OK"
2026-03-17 16:34:31,086 - INFO - HTTP Request: PUT http://localhost:6333/collections/stock_recommendations/points?wait=true "HTTP/1.1 200 OK"
2026-03-17 16:34:31,134 - INFO - HTTP Request: PUT http://localhost:6333/collections/daily_trade_strategies/points?wait=true "HTTP/1.1 200 OK"
2026-03-17 16:34:31,138 - INFO - HTTP Request: PUT http://localhost:6333/collections/trading_results/points?wait=true "HTTP/1.1 200 OK"
2026-03-17 16:34:31,165 - INFO - HTTP Request: PUT http://localhost:6333/collections/stock_recommendations/points?wait=true "HTTP/1.1 200 OK"
2026-03-17 16:34:31,212 - INFO - HTTP Request: PUT http://localhost:6333/collections/daily_trade_strategies/points?wait=true "HTTP/1.1 200 OK"
2026-03-17 16:34:31,218 - INFO - HTTP Request: PUT http://localhost:6333/collections/trading_results/points?wait=true "HTTP/1.1 200 OK"
2026-03-17 16:34:31,224 - INFO - HTTP Request: PUT http://localhost:6333/collections/stock_recommendations/points?wait=true "HTTP/1.1 200 OK"
2026-03-17 16:34:31,275 - INFO - HTTP Request: PUT http://localhost:6333/collections/daily_trade_strategies/points?wait=true "HTTP/1.1 200 OK"
2026-03-17 16:34:31,278 - INFO - HTTP Request: PUT http://localhost:6333/collections/trading_results/points?wait=true "HTTP/1.1 200 OK"
2026-03-17 16:34:31,286 - INFO - HTTP Request: PUT http://localhost:6333/collections/stock_recommendations/points?wait=true "HTTP/1.1 200 OK"
2026-03-17 16:34:31,337 - INFO - HTTP Request: PUT http://localhost:6333/collections/daily_trade_strategies/points?wait=true "HTTP/1.1 200 OK"
2026-03-17 16:34:31,352 - INFO - HTTP Request: PUT http://localhost:6333/collections/trading_results/points?wait=true "HTTP/1.1 200 OK"
2026-03-17 16:34:31,384 - INFO - HTTP Request: PUT http://localhost:6333/collections/stock_recommendations/points?wait=true "HTTP/1.1 200 OK"
2026-03-17 16:34:31,431 - INFO - HTTP Request: PUT http://localhost:6333/collections/daily_trade_strategies/points?wait=true "HTTP/1.1 200 OK"
2026-03-17 16:34:31,444 - INFO - HTTP Request: PUT http://localhost:6333/collections/trading_results/points?wait=true "HTTP/1.1 200 OK"
2026-03-17 16:34:31,477 - INFO - HTTP Request: PUT http://localhost:6333/collections/stock_recommendations/points?wait=true "HTTP/1.1 200 OK"
2026-03-17 16:34:31,523 - INFO - HTTP Request: PUT http://localhost:6333/collections/daily_trade_strategies/points?wait=true "HTTP/1.1 200 OK"
2026-03-17 16:34:31,538 - INFO - HTTP Request: PUT http://localhost:6333/collections/trading_results/points?wait=true "HTTP/1.1 200 OK"
2026-03-17 16:34:31,571 - INFO - HTTP Request: PUT http://localhost:6333/collections/stock_recommendations/points?wait=true "HTTP/1.1 200 OK"
2026-03-17 16:34:31,617 - INFO - HTTP Request: PUT http://localhost:6333/collections/daily_trade_strategies/points?wait=true "HTTP/1.1 200 OK"
2026-03-17 16:34:31,621 - INFO - HTTP Request: PUT http://localhost:6333/collections/trading_results/points?wait=true "HTTP/1.1 200 OK"
2026-03-17 16:34:31,650 - INFO - HTTP Request: PUT http://localhost:6333/collections/stock_recommendations/points?wait=true "HTTP/1.1 200 OK"
2026-03-17 16:34:31,695 - INFO - HTTP Request: PUT http://localhost:6333/collections/daily_trade_strategies/points?wait=true "HTTP/1.1 200 OK"
2026-03-17 16:34:31,699 - INFO - HTTP Request: PUT http://localhost:6333/collections/trading_results/points?wait=true "HTTP/1.1 200 OK"
2026-03-17 16:34:31,726 - INFO - HTTP Request: PUT http://localhost:6333/collections/stock_recommendations/points?wait=true "HTTP/1.1 200 OK"
2026-03-17 16:34:31,774 - INFO - HTTP Request: PUT http://localhost:6333/collections/daily_trade_strategies/points?wait=true "HTTP/1.1 200 OK"
2026-03-17 16:34:31,788 - INFO - HTTP Request: PUT http://localhost:6333/collections/trading_results/points?wait=true "HTTP/1.1 200 OK"
2026-03-17 16:34:31,798 - INFO - HTTP Request: PUT http://localhost:6333/collections/stock_recommendations/points?wait=true "HTTP/1.1 200 OK"
2026-03-17 16:34:31,830 - INFO - HTTP Request: PUT http://localhost:6333/collections/daily_trade_strategies/points?wait=true "HTTP/1.1 200 OK"
2026-03-17 16:34:31,845 - INFO - HTTP Request: PUT http://localhost:6333/collections/trading_results/points?wait=true "HTTP/1.1 200 OK"
2026-03-17 16:34:31,856 - INFO - HTTP Request: PUT http://localhost:6333/collections/stock_recommendations/points?wait=true "HTTP/1.1 200 OK"
2026-03-17 16:34:31,886 - INFO - HTTP Request: PUT http://localhost:6333/collections/daily_trade_strategies/points?wait=true "HTTP/1.1 200 OK"
2026-03-17 16:34:31,912 - INFO - HTTP Request: PUT http://localhost:6333/collections/trading_results/points?wait=true "HTTP/1.1 200 OK"
2026-03-17 16:34:31,945 - INFO - HTTP Request: PUT http://localhost:6333/collections/stock_recommendations/points?wait=true "HTTP/1.1 200 OK"
2026-03-17 16:34:31,992 - INFO - HTTP Request: PUT http://localhost:6333/collections/daily_trade_strategies/points?wait=true "HTTP/1.1 200 OK"
2026-03-17 16:34:32,005 - INFO - HTTP Request: PUT http://localhost:6333/collections/trading_results/points?wait=true "HTTP/1.1 200 OK"
2026-03-17 16:34:32,017 - INFO - HTTP Request: PUT http://localhost:6333/collections/stock_recommendations/points?wait=true "HTTP/1.1 200 OK"
2026-03-17 16:34:32,046 - INFO - HTTP Request: PUT http://localhost:6333/collections/daily_trade_strategies/points?wait=true "HTTP/1.1 200 OK"
2026-03-17 16:34:32,051 - INFO - HTTP Request: PUT http://localhost:6333/collections/trading_results/points?wait=true "HTTP/1.1 200 OK"
2026-03-17 16:34:32,063 - INFO - HTTP Request: PUT http://localhost:6333/collections/stock_recommendations/points?wait=true "HTTP/1.1 200 OK"
2026-03-17 16:34:32,101 - INFO - HTTP Request: PUT http://localhost:6333/collections/daily_trade_strategies/points?wait=true "HTTP/1.1 200 OK"
2026-03-17 16:34:32,116 - INFO - HTTP Request: PUT http://localhost:6333/collections/trading_results/points?wait=true "HTTP/1.1 200 OK"
2026-03-17 16:34:32,149 - INFO - HTTP Request: PUT http://localhost:6333/collections/stock_recommendations/points?wait=true "HTTP/1.1 200 OK"
2026-03-17 16:34:32,179 - INFO - HTTP Request: PUT http://localhost:6333/collections/daily_trade_strategies/points?wait=true "HTTP/1.1 200 OK"
2026-03-17 16:34:32,184 - INFO - HTTP Request: PUT http://localhost:6333/collections/trading_results/points?wait=true "HTTP/1.1 200 OK"
2026-03-17 16:34:32,212 - INFO - HTTP Request: PUT http://localhost:6333/collections/stock_recommendations/points?wait=true "HTTP/1.1 200 OK"
2026-03-17 16:34:32,238 - INFO - HTTP Request: PUT http://localhost:6333/collections/daily_trade_strategies/points?wait=true "HTTP/1.1 200 OK"
2026-03-17 16:34:32,258 - INFO - HTTP Request: PUT http://localhost:6333/collections/trading_results/points?wait=true "HTTP/1.1 200 OK"
2026-03-17 16:34:32,290 - INFO - HTTP Request: PUT http://localhost:6333/collections/stock_recommendations/points?wait=true "HTTP/1.1 200 OK"
2026-03-17 16:34:32,316 - INFO - HTTP Request: PUT http://localhost:6333/collections/daily_trade_strategies/points?wait=true "HTTP/1.1 200 OK"
2026-03-17 16:34:32,335 - INFO - HTTP Request: PUT http://localhost:6333/collections/trading_results/points?wait=true "HTTP/1.1 200 OK"
2026-03-17 16:34:32,345 - INFO - HTTP Request: PUT http://localhost:6333/collections/stock_recommendations/points?wait=true "HTTP/1.1 200 OK"
2026-03-17 16:34:32,383 - INFO - HTTP Request: PUT http://localhost:6333/collections/daily_trade_strategies/points?wait=true "HTTP/1.1 200 OK"
2026-03-17 16:34:32,397 - INFO - HTTP Request: PUT http://localhost:6333/collections/trading_results/points?wait=true "HTTP/1.1 200 OK"
2026-03-17 16:34:32,406 - INFO - HTTP Request: PUT http://localhost:6333/collections/stock_recommendations/points?wait=true "HTTP/1.1 200 OK"
2026-03-17 16:34:32,432 - INFO - HTTP Request: PUT http://localhost:6333/collections/daily_trade_strategies/points?wait=true "HTTP/1.1 200 OK"
2026-03-17 16:34:32,460 - INFO - HTTP Request: PUT http://localhost:6333/collections/trading_results/points?wait=true "HTTP/1.1 200 OK"
2026-03-17 16:34:32,492 - INFO - HTTP Request: PUT http://localhost:6333/collections/stock_recommendations/points?wait=true "HTTP/1.1 200 OK"
2026-03-17 16:34:32,540 - INFO - HTTP Request: PUT http://localhost:6333/collections/daily_trade_strategies/points?wait=true "HTTP/1.1 200 OK"
2026-03-17 16:34:32,554 - INFO - HTTP Request: PUT http://localhost:6333/collections/trading_results/points?wait=true "HTTP/1.1 200 OK"
2026-03-17 16:34:32,585 - INFO - HTTP Request: PUT http://localhost:6333/collections/stock_recommendations/points?wait=true "HTTP/1.1 200 OK"
2026-03-17 16:34:32,632 - INFO - HTTP Request: PUT http://localhost:6333/collections/daily_trade_strategies/points?wait=true "HTTP/1.1 200 OK"
2026-03-17 16:34:32,635 - INFO - HTTP Request: PUT http://localhost:6333/collections/trading_results/points?wait=true "HTTP/1.1 200 OK"
2026-03-17 16:34:32,664 - INFO - HTTP Request: PUT http://localhost:6333/collections/stock_recommendations/points?wait=true "HTTP/1.1 200 OK"
2026-03-17 16:34:32,711 - INFO - HTTP Request: PUT http://localhost:6333/collections/daily_trade_strategies/points?wait=true "HTTP/1.1 200 OK"
2026-03-17 16:34:32,715 - INFO - HTTP Request: PUT http://localhost:6333/collections/trading_results/points?wait=true "HTTP/1.1 200 OK"
2026-03-17 16:34:32,722 - INFO - HTTP Request: PUT http://localhost:6333/collections/stock_recommendations/points?wait=true "HTTP/1.1 200 OK"
2026-03-17 16:34:32,758 - INFO - HTTP Request: PUT http://localhost:6333/collections/daily_trade_strategies/points?wait=true "HTTP/1.1 200 OK"
2026-03-17 16:34:32,772 - INFO - HTTP Request: PUT http://localhost:6333/collections/trading_results/points?wait=true "HTTP/1.1 200 OK"
2026-03-17 16:34:32,779 - INFO - HTTP Request: PUT http://localhost:6333/collections/stock_recommendations/points?wait=true "HTTP/1.1 200 OK"
2026-03-17 16:34:32,818 - INFO - HTTP Request: PUT http://localhost:6333/collections/daily_trade_strategies/points?wait=true "HTTP/1.1 200 OK"
2026-03-17 16:34:32,834 - INFO - HTTP Request: PUT http://localhost:6333/collections/trading_results/points?wait=true "HTTP/1.1 200 OK"
2026-03-17 16:34:32,866 - INFO - HTTP Request: PUT http://localhost:6333/collections/stock_recommendations/points?wait=true "HTTP/1.1 200 OK"
2026-03-17 16:34:32,913 - INFO - HTTP Request: PUT http://localhost:6333/collections/daily_trade_strategies/points?wait=true "HTTP/1.1 200 OK"
2026-03-17 16:34:32,927 - INFO - HTTP Request: PUT http://localhost:6333/collections/trading_results/points?wait=true "HTTP/1.1 200 OK"
2026-03-17 16:34:32,935 - INFO - HTTP Request: PUT http://localhost:6333/collections/stock_recommendations/points?wait=true "HTTP/1.1 200 OK"
2026-03-17 16:34:32,976 - INFO - HTTP Request: PUT http://localhost:6333/collections/daily_trade_strategies/points?wait=true "HTTP/1.1 200 OK"
2026-03-17 16:34:32,980 - INFO - HTTP Request: PUT http://localhost:6333/collections/trading_results/points?wait=true "HTTP/1.1 200 OK"
2026-03-17 16:34:32,988 - INFO - HTTP Request: PUT http://localhost:6333/collections/stock_recommendations/points?wait=true "HTTP/1.1 200 OK"
2026-03-17 16:34:33,038 - INFO - HTTP Request: PUT http://localhost:6333/collections/daily_trade_strategies/points?wait=true "HTTP/1.1 200 OK"
2026-03-17 16:34:33,053 - INFO - HTTP Request: PUT http://localhost:6333/collections/trading_results/points?wait=true "HTTP/1.1 200 OK"
2026-03-17 16:34:33,069 - INFO - HTTP Request: PUT http://localhost:6333/collections/stock_recommendations/points?wait=true "HTTP/1.1 200 OK"
2026-03-17 16:34:33,116 - INFO - HTTP Request: PUT http://localhost:6333/collections/daily_trade_strategies/points?wait=true "HTTP/1.1 200 OK"
2026-03-17 16:34:33,145 - INFO - HTTP Request: PUT http://localhost:6333/collections/trading_results/points?wait=true "HTTP/1.1 200 OK"
2026-03-17 16:34:33,154 - INFO - HTTP Request: PUT http://localhost:6333/collections/stock_recommendations/points?wait=true "HTTP/1.1 200 OK"
2026-03-17 16:34:33,193 - INFO - HTTP Request: PUT http://localhost:6333/collections/daily_trade_strategies/points?wait=true "HTTP/1.1 200 OK"
2026-03-17 16:34:33,197 - INFO - HTTP Request: PUT http://localhost:6333/collections/trading_results/points?wait=true "HTTP/1.1 200 OK"
2026-03-17 16:34:33,224 - INFO - HTTP Request: PUT http://localhost:6333/collections/stock_recommendations/points?wait=true "HTTP/1.1 200 OK"
2026-03-17 16:34:33,271 - INFO - HTTP Request: PUT http://localhost:6333/collections/daily_trade_strategies/points?wait=true "HTTP/1.1 200 OK"
2026-03-17 16:34:33,284 - INFO - HTTP Request: PUT http://localhost:6333/collections/trading_results/points?wait=true "HTTP/1.1 200 OK"
2026-03-17 16:34:33,318 - INFO - HTTP Request: PUT http://localhost:6333/collections/stock_recommendations/points?wait=true "HTTP/1.1 200 OK"
2026-03-17 16:34:33,364 - INFO - HTTP Request: PUT http://localhost:6333/collections/daily_trade_strategies/points?wait=true "HTTP/1.1 200 OK"
2026-03-17 16:34:33,369 - INFO - HTTP Request: PUT http://localhost:6333/collections/trading_results/points?wait=true "HTTP/1.1 200 OK"
2026-03-17 16:34:33,377 - INFO - HTTP Request: PUT http://localhost:6333/collections/stock_recommendations/points?wait=true "HTTP/1.1 200 OK"
2026-03-17 16:34:33,427 - INFO - HTTP Request: PUT http://localhost:6333/collections/daily_trade_strategies/points?wait=true "HTTP/1.1 200 OK"
2026-03-17 16:34:33,431 - INFO - HTTP Request: PUT http://localhost:6333/collections/trading_results/points?wait=true "HTTP/1.1 200 OK"
2026-03-17 16:34:33,440 - INFO - HTTP Request: PUT http://localhost:6333/collections/stock_recommendations/points?wait=true "HTTP/1.1 200 OK"
2026-03-17 16:34:33,490 - INFO - HTTP Request: PUT http://localhost:6333/collections/daily_trade_strategies/points?wait=true "HTTP/1.1 200 OK"
2026-03-17 16:34:33,519 - INFO - HTTP Request: PUT http://localhost:6333/collections/trading_results/points?wait=true "HTTP/1.1 200 OK"
2026-03-17 16:34:33,551 - INFO - HTTP Request: PUT http://localhost:6333/collections/stock_recommendations/points?wait=true "HTTP/1.1 200 OK"
2026-03-17 16:34:33,577 - INFO - HTTP Request: PUT http://localhost:6333/collections/daily_trade_strategies/points?wait=true "HTTP/1.1 200 OK"
2026-03-17 16:34:33,598 - INFO - HTTP Request: PUT http://localhost:6333/collections/trading_results/points?wait=true "HTTP/1.1 200 OK"
2026-03-17 16:34:33,630 - INFO - HTTP Request: PUT http://localhost:6333/collections/stock_recommendations/points?wait=true "HTTP/1.1 200 OK"
2026-03-17 16:34:33,678 - INFO - HTTP Request: PUT http://localhost:6333/collections/daily_trade_strategies/points?wait=true "HTTP/1.1 200 OK"
2026-03-17 16:34:33,692 - INFO - HTTP Request: PUT http://localhost:6333/collections/trading_results/points?wait=true "HTTP/1.1 200 OK"
2026-03-17 16:34:33,725 - INFO - HTTP Request: PUT http://localhost:6333/collections/stock_recommendations/points?wait=true "HTTP/1.1 200 OK"
2026-03-17 16:34:33,772 - INFO - HTTP Request: PUT http://localhost:6333/collections/daily_trade_strategies/points?wait=true "HTTP/1.1 200 OK"
2026-03-17 16:34:33,776 - INFO - HTTP Request: PUT http://localhost:6333/collections/trading_results/points?wait=true "HTTP/1.1 200 OK"
2026-03-17 16:34:33,785 - INFO - HTTP Request: PUT http://localhost:6333/collections/stock_recommendations/points?wait=true "HTTP/1.1 200 OK"
2026-03-17 16:34:33,812 - INFO - HTTP Request: PUT http://localhost:6333/collections/daily_trade_strategies/points?wait=true "HTTP/1.1 200 OK"
2026-03-17 16:34:33,817 - INFO - HTTP Request: PUT http://localhost:6333/collections/trading_results/points?wait=true "HTTP/1.1 200 OK"
2026-03-17 16:34:33,826 - INFO - HTTP Request: PUT http://localhost:6333/collections/stock_recommendations/points?wait=true "HTTP/1.1 200 OK"
2026-03-17 16:34:33,854 - INFO - HTTP Request: PUT http://localhost:6333/collections/daily_trade_strategies/points?wait=true "HTTP/1.1 200 OK"
2026-03-17 16:34:33,878 - INFO - HTTP Request: PUT http://localhost:6333/collections/trading_results/points?wait=true "HTTP/1.1 200 OK"
2026-03-17 16:34:33,895 - INFO - HTTP Request: PUT http://localhost:6333/collections/stock_recommendations/points?wait=true "HTTP/1.1 200 OK"
2026-03-17 16:34:33,921 - INFO - HTTP Request: PUT http://localhost:6333/collections/daily_trade_strategies/points?wait=true "HTTP/1.1 200 OK"
2026-03-17 16:34:33,940 - INFO - HTTP Request: PUT http://localhost:6333/collections/trading_results/points?wait=true "HTTP/1.1 200 OK"
2026-03-17 16:34:33,974 - INFO - HTTP Request: PUT http://localhost:6333/collections/stock_recommendations/points?wait=true "HTTP/1.1 200 OK"
2026-03-17 16:34:34,019 - INFO - HTTP Request: PUT http://localhost:6333/collections/daily_trade_strategies/points?wait=true "HTTP/1.1 200 OK"
2026-03-17 16:34:34,023 - INFO - HTTP Request: PUT http://localhost:6333/collections/trading_results/points?wait=true "HTTP/1.1 200 OK"
2026-03-17 16:34:34,030 - INFO - HTTP Request: PUT http://localhost:6333/collections/stock_recommendations/points?wait=true "HTTP/1.1 200 OK"
2026-03-17 16:34:34,057 - INFO - HTTP Request: PUT http://localhost:6333/collections/daily_trade_strategies/points?wait=true "HTTP/1.1 200 OK"
2026-03-17 16:34:34,060 - INFO - HTTP Request: PUT http://localhost:6333/collections/trading_results/points?wait=true "HTTP/1.1 200 OK"
2026-03-17 16:34:34,067 - INFO - HTTP Request: PUT http://localhost:6333/collections/stock_recommendations/points?wait=true "HTTP/1.1 200 OK"
2026-03-17 16:34:34,111 - INFO - HTTP Request: PUT http://localhost:6333/collections/daily_trade_strategies/points?wait=true "HTTP/1.1 200 OK"
2026-03-17 16:34:34,114 - INFO - HTTP Request: PUT http://localhost:6333/collections/trading_results/points?wait=true "HTTP/1.1 200 OK"
2026-03-17 16:34:34,141 - INFO - HTTP Request: PUT http://localhost:6333/collections/stock_recommendations/points?wait=true "HTTP/1.1 200 OK"
2026-03-17 16:34:34,188 - INFO - HTTP Request: PUT http://localhost:6333/collections/daily_trade_strategies/points?wait=true "HTTP/1.1 200 OK"
2026-03-17 16:34:34,203 - INFO - HTTP Request: PUT http://localhost:6333/collections/trading_results/points?wait=true "HTTP/1.1 200 OK"
2026-03-17 16:34:34,211 - INFO - HTTP Request: PUT http://localhost:6333/collections/stock_recommendations/points?wait=true "HTTP/1.1 200 OK"
2026-03-17 16:34:34,236 - INFO - HTTP Request: PUT http://localhost:6333/collections/daily_trade_strategies/points?wait=true "HTTP/1.1 200 OK"
2026-03-17 16:34:34,241 - INFO - HTTP Request: PUT http://localhost:6333/collections/trading_results/points?wait=true "HTTP/1.1 200 OK"
2026-03-17 16:34:34,248 - INFO - HTTP Request: PUT http://localhost:6333/collections/stock_recommendations/points?wait=true "HTTP/1.1 200 OK"
2026-03-17 16:34:34,274 - INFO - HTTP Request: PUT http://localhost:6333/collections/daily_trade_strategies/points?wait=true "HTTP/1.1 200 OK"
2026-03-17 16:34:34,277 - INFO - HTTP Request: PUT http://localhost:6333/collections/trading_results/points?wait=true "HTTP/1.1 200 OK"
2026-03-17 16:34:34,285 - INFO - HTTP Request: PUT http://localhost:6333/collections/stock_recommendations/points?wait=true "HTTP/1.1 200 OK"
2026-03-17 16:34:34,330 - INFO - HTTP Request: PUT http://localhost:6333/collections/daily_trade_strategies/points?wait=true "HTTP/1.1 200 OK"
2026-03-17 16:34:34,334 - INFO - HTTP Request: PUT http://localhost:6333/collections/trading_results/points?wait=true "HTTP/1.1 200 OK"
2026-03-17 16:34:34,361 - INFO - HTTP Request: PUT http://localhost:6333/collections/stock_recommendations/points?wait=true "HTTP/1.1 200 OK"
2026-03-17 16:34:34,388 - INFO - HTTP Request: PUT http://localhost:6333/collections/daily_trade_strategies/points?wait=true "HTTP/1.1 200 OK"
2026-03-17 16:34:34,406 - INFO - HTTP Request: PUT http://localhost:6333/collections/trading_results/points?wait=true "HTTP/1.1 200 OK"
2026-03-17 16:34:34,424 - INFO - HTTP Request: PUT http://localhost:6333/collections/stock_recommendations/points?wait=true "HTTP/1.1 200 OK"
2026-03-17 16:34:34,470 - INFO - HTTP Request: PUT http://localhost:6333/collections/daily_trade_strategies/points?wait=true "HTTP/1.1 200 OK"
2026-03-17 16:34:34,483 - INFO - HTTP Request: PUT http://localhost:6333/collections/trading_results/points?wait=true "HTTP/1.1 200 OK"
2026-03-17 16:34:34,500 - INFO - HTTP Request: PUT http://localhost:6333/collections/stock_recommendations/points?wait=true "HTTP/1.1 200 OK"
2026-03-17 16:34:34,528 - INFO - HTTP Request: PUT http://localhost:6333/collections/daily_trade_strategies/points?wait=true "HTTP/1.1 200 OK"
2026-03-17 16:34:34,547 - INFO - HTTP Request: PUT http://localhost:6333/collections/trading_results/points?wait=true "HTTP/1.1 200 OK"
2026-03-17 16:34:34,564 - INFO - HTTP Request: PUT http://localhost:6333/collections/stock_recommendations/points?wait=true "HTTP/1.1 200 OK"
2026-03-17 16:34:34,591 - INFO - HTTP Request: PUT http://localhost:6333/collections/daily_trade_strategies/points?wait=true "HTTP/1.1 200 OK"
2026-03-17 16:34:34,595 - INFO - HTTP Request: PUT http://localhost:6333/collections/trading_results/points?wait=true "HTTP/1.1 200 OK"
2026-03-17 16:34:34,601 - INFO - HTTP Request: PUT http://localhost:6333/collections/stock_recommendations/points?wait=true "HTTP/1.1 200 OK"
2026-03-17 16:34:34,627 - INFO - HTTP Request: PUT http://localhost:6333/collections/daily_trade_strategies/points?wait=true "HTTP/1.1 200 OK"
2026-03-17 16:34:34,632 - INFO - HTTP Request: PUT http://localhost:6333/collections/trading_results/points?wait=true "HTTP/1.1 200 OK"
2026-03-17 16:34:34,640 - INFO - HTTP Request: PUT http://localhost:6333/collections/stock_recommendations/points?wait=true "HTTP/1.1 200 OK"
2026-03-17 16:34:34,666 - INFO - HTTP Request: PUT http://localhost:6333/collections/daily_trade_strategies/points?wait=true "HTTP/1.1 200 OK"
2026-03-17 16:34:34,670 - INFO - HTTP Request: PUT http://localhost:6333/collections/trading_results/points?wait=true "HTTP/1.1 200 OK"
2026-03-17 16:34:34,677 - INFO - HTTP Request: PUT http://localhost:6333/collections/stock_recommendations/points?wait=true "HTTP/1.1 200 OK"
2026-03-17 16:34:34,717 - INFO - HTTP Request: PUT http://localhost:6333/collections/daily_trade_strategies/points?wait=true "HTTP/1.1 200 OK"
2026-03-17 16:34:34,733 - INFO - HTTP Request: PUT http://localhost:6333/collections/trading_results/points?wait=true "HTTP/1.1 200 OK"
2026-03-17 16:34:34,749 - INFO - HTTP Request: PUT http://localhost:6333/collections/stock_recommendations/points?wait=true "HTTP/1.1 200 OK"
2026-03-17 16:34:34,774 - INFO - HTTP Request: PUT http://localhost:6333/collections/daily_trade_strategies/points?wait=true "HTTP/1.1 200 OK"
2026-03-17 16:34:34,783 - INFO - HTTP Request: PUT http://localhost:6333/collections/trading_results/points?wait=true "HTTP/1.1 200 OK"
2026-03-17 16:34:34,791 - INFO - HTTP Request: PUT http://localhost:6333/collections/stock_recommendations/points?wait=true "HTTP/1.1 200 OK"
2026-03-17 16:34:34,816 - INFO - HTTP Request: PUT http://localhost:6333/collections/daily_trade_strategies/points?wait=true "HTTP/1.1 200 OK"
2026-03-17 16:34:34,819 - INFO - HTTP Request: PUT http://localhost:6333/collections/trading_results/points?wait=true "HTTP/1.1 200 OK"
2026-03-17 16:34:34,843 - INFO - HTTP Request: PUT http://localhost:6333/collections/stock_recommendations/points?wait=true "HTTP/1.1 200 OK"
2026-03-17 16:34:34,870 - INFO - HTTP Request: PUT http://localhost:6333/collections/daily_trade_strategies/points?wait=true "HTTP/1.1 200 OK"
2026-03-17 16:34:34,874 - INFO - HTTP Request: PUT http://localhost:6333/collections/trading_results/points?wait=true "HTTP/1.1 200 OK"
2026-03-17 16:34:34,881 - INFO - HTTP Request: PUT http://localhost:6333/collections/stock_recommendations/points?wait=true "HTTP/1.1 200 OK"
2026-03-17 16:34:34,907 - INFO - HTTP Request: PUT http://localhost:6333/collections/daily_trade_strategies/points?wait=true "HTTP/1.1 200 OK"
2026-03-17 16:34:34,911 - INFO - HTTP Request: PUT http://localhost:6333/collections/trading_results/points?wait=true "HTTP/1.1 200 OK"
2026-03-17 16:34:34,938 - INFO - HTTP Request: PUT http://localhost:6333/collections/stock_recommendations/points?wait=true "HTTP/1.1 200 OK"
2026-03-17 16:34:34,985 - INFO - HTTP Request: PUT http://localhost:6333/collections/daily_trade_strategies/points?wait=true "HTTP/1.1 200 OK"
2026-03-17 16:34:34,999 - INFO - HTTP Request: PUT http://localhost:6333/collections/trading_results/points?wait=true "HTTP/1.1 200 OK"
2026-03-17 16:34:35,007 - INFO - HTTP Request: PUT http://localhost:6333/collections/stock_recommendations/points?wait=true "HTTP/1.1 200 OK"
2026-03-17 16:34:35,032 - INFO - HTTP Request: PUT http://localhost:6333/collections/daily_trade_strategies/points?wait=true "HTTP/1.1 200 OK"
2026-03-17 16:34:35,036 - INFO - HTTP Request: PUT http://localhost:6333/collections/trading_results/points?wait=true "HTTP/1.1 200 OK"
2026-03-17 16:34:35,064 - INFO - HTTP Request: PUT http://localhost:6333/collections/stock_recommendations/points?wait=true "HTTP/1.1 200 OK"
2026-03-17 16:34:35,091 - INFO - HTTP Request: PUT http://localhost:6333/collections/daily_trade_strategies/points?wait=true "HTTP/1.1 200 OK"
2026-03-17 16:34:35,095 - INFO - HTTP Request: PUT http://localhost:6333/collections/trading_results/points?wait=true "HTTP/1.1 200 OK"
2026-03-17 16:34:35,126 - INFO - HTTP Request: PUT http://localhost:6333/collections/stock_recommendations/points?wait=true "HTTP/1.1 200 OK"
2026-03-17 16:34:35,173 - INFO - HTTP Request: PUT http://localhost:6333/collections/daily_trade_strategies/points?wait=true "HTTP/1.1 200 OK"
2026-03-17 16:34:35,178 - INFO - HTTP Request: PUT http://localhost:6333/collections/trading_results/points?wait=true "HTTP/1.1 200 OK"
2026-03-17 16:34:35,187 - INFO - HTTP Request: PUT http://localhost:6333/collections/stock_recommendations/points?wait=true "HTTP/1.1 200 OK"
2026-03-17 16:34:35,221 - INFO - HTTP Request: PUT http://localhost:6333/collections/daily_trade_strategies/points?wait=true "HTTP/1.1 200 OK"
2026-03-17 16:34:35,225 - INFO - HTTP Request: PUT http://localhost:6333/collections/trading_results/points?wait=true "HTTP/1.1 200 OK"
2026-03-17 16:34:35,253 - INFO - HTTP Request: PUT http://localhost:6333/collections/stock_recommendations/points?wait=true "HTTP/1.1 200 OK"
2026-03-17 16:34:35,278 - INFO - HTTP Request: PUT http://localhost:6333/collections/daily_trade_strategies/points?wait=true "HTTP/1.1 200 OK"
2026-03-17 16:34:35,298 - INFO - HTTP Request: PUT http://localhost:6333/collections/trading_results/points?wait=true "HTTP/1.1 200 OK"
2026-03-17 16:34:35,306 - INFO - HTTP Request: PUT http://localhost:6333/collections/stock_recommendations/points?wait=true "HTTP/1.1 200 OK"
2026-03-17 16:34:35,331 - INFO - HTTP Request: PUT http://localhost:6333/collections/daily_trade_strategies/points?wait=true "HTTP/1.1 200 OK"
2026-03-17 16:34:35,336 - INFO - HTTP Request: PUT http://localhost:6333/collections/trading_results/points?wait=true "HTTP/1.1 200 OK"
2026-03-17 16:34:35,361 - INFO - HTTP Request: PUT http://localhost:6333/collections/stock_recommendations/points?wait=true "HTTP/1.1 200 OK"
2026-03-17 16:34:35,388 - INFO - HTTP Request: PUT http://localhost:6333/collections/daily_trade_strategies/points?wait=true "HTTP/1.1 200 OK"
2026-03-17 16:34:35,407 - INFO - HTTP Request: PUT http://localhost:6333/collections/trading_results/points?wait=true "HTTP/1.1 200 OK"
2026-03-17 16:34:35,415 - INFO - HTTP Request: PUT http://localhost:6333/collections/stock_recommendations/points?wait=true "HTTP/1.1 200 OK"
2026-03-17 16:34:35,441 - INFO - HTTP Request: PUT http://localhost:6333/collections/daily_trade_strategies/points?wait=true "HTTP/1.1 200 OK"
2026-03-17 16:34:35,445 - INFO - HTTP Request: PUT http://localhost:6333/collections/trading_results/points?wait=true "HTTP/1.1 200 OK"
2026-03-17 16:34:35,453 - INFO - HTTP Request: PUT http://localhost:6333/collections/stock_recommendations/points?wait=true "HTTP/1.1 200 OK"
2026-03-17 16:34:35,480 - INFO - HTTP Request: PUT http://localhost:6333/collections/daily_trade_strategies/points?wait=true "HTTP/1.1 200 OK"
2026-03-17 16:34:35,484 - INFO - HTTP Request: PUT http://localhost:6333/collections/trading_results/points?wait=true "HTTP/1.1 200 OK"
2026-03-17 16:34:35,493 - INFO - HTTP Request: PUT http://localhost:6333/collections/stock_recommendations/points?wait=true "HTTP/1.1 200 OK"
2026-03-17 16:34:35,520 - INFO - HTTP Request: PUT http://localhost:6333/collections/daily_trade_strategies/points?wait=true "HTTP/1.1 200 OK"
2026-03-17 16:34:35,548 - INFO - HTTP Request: PUT http://localhost:6333/collections/trading_results/points?wait=true "HTTP/1.1 200 OK"
2026-03-17 16:34:35,556 - INFO - HTTP Request: PUT http://localhost:6333/collections/stock_recommendations/points?wait=true "HTTP/1.1 200 OK"
2026-03-17 16:34:35,583 - INFO - HTTP Request: PUT http://localhost:6333/collections/daily_trade_strategies/points?wait=true "HTTP/1.1 200 OK"
2026-03-17 16:34:35,611 - INFO - HTTP Request: PUT http://localhost:6333/collections/trading_results/points?wait=true "HTTP/1.1 200 OK"
2026-03-17 16:34:35,619 - INFO - HTTP Request: PUT http://localhost:6333/collections/stock_recommendations/points?wait=true "HTTP/1.1 200 OK"
2026-03-17 16:34:35,646 - INFO - HTTP Request: PUT http://localhost:6333/collections/daily_trade_strategies/points?wait=true "HTTP/1.1 200 OK"
2026-03-17 16:34:35,673 - INFO - HTTP Request: PUT http://localhost:6333/collections/trading_results/points?wait=true "HTTP/1.1 200 OK"
2026-03-17 16:34:35,682 - INFO - HTTP Request: PUT http://localhost:6333/collections/stock_recommendations/points?wait=true "HTTP/1.1 200 OK"
2026-03-17 16:34:35,709 - INFO - HTTP Request: PUT http://localhost:6333/collections/daily_trade_strategies/points?wait=true "HTTP/1.1 200 OK"
2026-03-17 16:34:35,734 - INFO - HTTP Request: PUT http://localhost:6333/collections/trading_results/points?wait=true "HTTP/1.1 200 OK"
2026-03-17 16:34:35,767 - INFO - HTTP Request: PUT http://localhost:6333/collections/stock_recommendations/points?wait=true "HTTP/1.1 200 OK"
2026-03-17 16:34:35,814 - INFO - HTTP Request: PUT http://localhost:6333/collections/daily_trade_strategies/points?wait=true "HTTP/1.1 200 OK"
2026-03-17 16:34:35,828 - INFO - HTTP Request: PUT http://localhost:6333/collections/trading_results/points?wait=true "HTTP/1.1 200 OK"
2026-03-17 16:34:35,845 - INFO - HTTP Request: PUT http://localhost:6333/collections/stock_recommendations/points?wait=true "HTTP/1.1 200 OK"
2026-03-17 16:34:35,892 - INFO - HTTP Request: PUT http://localhost:6333/collections/daily_trade_strategies/points?wait=true "HTTP/1.1 200 OK"
2026-03-17 16:34:35,906 - INFO - HTTP Request: PUT http://localhost:6333/collections/trading_results/points?wait=true "HTTP/1.1 200 OK"
2026-03-17 16:34:35,914 - INFO - HTTP Request: PUT http://localhost:6333/collections/stock_recommendations/points?wait=true "HTTP/1.1 200 OK"
2026-03-17 16:34:35,955 - INFO - HTTP Request: PUT http://localhost:6333/collections/daily_trade_strategies/points?wait=true "HTTP/1.1 200 OK"
2026-03-17 16:34:35,960 - INFO - HTTP Request: PUT http://localhost:6333/collections/trading_results/points?wait=true "HTTP/1.1 200 OK"
2026-03-17 16:34:35,969 - INFO - HTTP Request: PUT http://localhost:6333/collections/stock_recommendations/points?wait=true "HTTP/1.1 200 OK"
2026-03-17 16:34:36,017 - INFO - HTTP Request: PUT http://localhost:6333/collections/daily_trade_strategies/points?wait=true "HTTP/1.1 200 OK"
2026-03-17 16:34:36,020 - INFO - HTTP Request: PUT http://localhost:6333/collections/trading_results/points?wait=true "HTTP/1.1 200 OK"
2026-03-17 16:34:36,048 - INFO - HTTP Request: PUT http://localhost:6333/collections/stock_recommendations/points?wait=true "HTTP/1.1 200 OK"
2026-03-17 16:34:36,094 - INFO - HTTP Request: PUT http://localhost:6333/collections/daily_trade_strategies/points?wait=true "HTTP/1.1 200 OK"
2026-03-17 16:34:36,097 - INFO - HTTP Request: PUT http://localhost:6333/collections/trading_results/points?wait=true "HTTP/1.1 200 OK"
2026-03-17 16:34:36,105 - INFO - HTTP Request: PUT http://localhost:6333/collections/stock_recommendations/points?wait=true "HTTP/1.1 200 OK"
2026-03-17 16:34:36,140 - INFO - HTTP Request: PUT http://localhost:6333/collections/daily_trade_strategies/points?wait=true "HTTP/1.1 200 OK"
2026-03-17 16:34:36,144 - INFO - HTTP Request: PUT http://localhost:6333/collections/trading_results/points?wait=true "HTTP/1.1 200 OK"
2026-03-17 16:34:36,152 - INFO - HTTP Request: PUT http://localhost:6333/collections/stock_recommendations/points?wait=true "HTTP/1.1 200 OK"
2026-03-17 16:34:36,178 - INFO - HTTP Request: PUT http://localhost:6333/collections/daily_trade_strategies/points?wait=true "HTTP/1.1 200 OK"
2026-03-17 16:34:36,181 - INFO - HTTP Request: PUT http://localhost:6333/collections/trading_results/points?wait=true "HTTP/1.1 200 OK"
2026-03-17 16:34:36,202 - INFO - HTTP Request: PUT http://localhost:6333/collections/stock_recommendations/points?wait=true "HTTP/1.1 200 OK"
2026-03-17 16:34:36,229 - INFO - HTTP Request: PUT http://localhost:6333/collections/daily_trade_strategies/points?wait=true "HTTP/1.1 200 OK"
2026-03-17 16:34:36,233 - INFO - HTTP Request: PUT http://localhost:6333/collections/trading_results/points?wait=true "HTTP/1.1 200 OK"
2026-03-17 16:34:36,250 - INFO - HTTP Request: PUT http://localhost:6333/collections/stock_recommendations/points?wait=true "HTTP/1.1 200 OK"
2026-03-17 16:34:36,296 - INFO - HTTP Request: PUT http://localhost:6333/collections/daily_trade_strategies/points?wait=true "HTTP/1.1 200 OK"
2026-03-17 16:34:36,310 - INFO - HTTP Request: PUT http://localhost:6333/collections/trading_results/points?wait=true "HTTP/1.1 200 OK"
2026-03-17 16:34:36,343 - INFO - HTTP Request: PUT http://localhost:6333/collections/stock_recommendations/points?wait=true "HTTP/1.1 200 OK"
2026-03-17 16:34:36,370 - INFO - HTTP Request: PUT http://localhost:6333/collections/daily_trade_strategies/points?wait=true "HTTP/1.1 200 OK"
2026-03-17 16:34:36,374 - INFO - HTTP Request: PUT http://localhost:6333/collections/trading_results/points?wait=true "HTTP/1.1 200 OK"
2026-03-17 16:34:36,381 - INFO - HTTP Request: PUT http://localhost:6333/collections/stock_recommendations/points?wait=true "HTTP/1.1 200 OK"
2026-03-17 16:34:36,421 - INFO - HTTP Request: PUT http://localhost:6333/collections/daily_trade_strategies/points?wait=true "HTTP/1.1 200 OK"
2026-03-17 16:34:36,436 - INFO - HTTP Request: PUT http://localhost:6333/collections/trading_results/points?wait=true "HTTP/1.1 200 OK"
2026-03-17 16:34:36,468 - INFO - HTTP Request: PUT http://localhost:6333/collections/stock_recommendations/points?wait=true "HTTP/1.1 200 OK"
2026-03-17 16:34:36,493 - INFO - HTTP Request: PUT http://localhost:6333/collections/daily_trade_strategies/points?wait=true "HTTP/1.1 200 OK"
2026-03-17 16:34:36,513 - INFO - HTTP Request: PUT http://localhost:6333/collections/trading_results/points?wait=true "HTTP/1.1 200 OK"
2026-03-17 16:34:36,531 - INFO - HTTP Request: PUT http://localhost:6333/collections/stock_recommendations/points?wait=true "HTTP/1.1 200 OK"
2026-03-17 16:34:36,578 - INFO - HTTP Request: PUT http://localhost:6333/collections/daily_trade_strategies/points?wait=true "HTTP/1.1 200 OK"
2026-03-17 16:34:36,592 - INFO - HTTP Request: PUT http://localhost:6333/collections/trading_results/points?wait=true "HTTP/1.1 200 OK"
2026-03-17 16:34:36,624 - INFO - HTTP Request: PUT http://localhost:6333/collections/stock_recommendations/points?wait=true "HTTP/1.1 200 OK"
2026-03-17 16:34:36,652 - INFO - HTTP Request: PUT http://localhost:6333/collections/daily_trade_strategies/points?wait=true "HTTP/1.1 200 OK"
2026-03-17 16:34:36,654 - INFO - HTTP Request: PUT http://localhost:6333/collections/trading_results/points?wait=true "HTTP/1.1 200 OK"
2026-03-17 16:34:36,662 - INFO - HTTP Request: PUT http://localhost:6333/collections/stock_recommendations/points?wait=true "HTTP/1.1 200 OK"
2026-03-17 16:34:36,689 - INFO - HTTP Request: PUT http://localhost:6333/collections/daily_trade_strategies/points?wait=true "HTTP/1.1 200 OK"
2026-03-17 16:34:36,716 - INFO - HTTP Request: PUT http://localhost:6333/collections/trading_results/points?wait=true "HTTP/1.1 200 OK"
2026-03-17 16:34:36,748 - INFO - HTTP Request: PUT http://localhost:6333/collections/stock_recommendations/points?wait=true "HTTP/1.1 200 OK"
2026-03-17 16:34:36,795 - INFO - HTTP Request: PUT http://localhost:6333/collections/daily_trade_strategies/points?wait=true "HTTP/1.1 200 OK"
2026-03-17 16:34:36,800 - INFO - HTTP Request: PUT http://localhost:6333/collections/trading_results/points?wait=true "HTTP/1.1 200 OK"
2026-03-17 16:34:36,807 - INFO - HTTP Request: PUT http://localhost:6333/collections/stock_recommendations/points?wait=true "HTTP/1.1 200 OK"
2026-03-17 16:34:36,856 - INFO - HTTP Request: PUT http://localhost:6333/collections/daily_trade_strategies/points?wait=true "HTTP/1.1 200 OK"
2026-03-17 16:34:36,860 - INFO - HTTP Request: PUT http://localhost:6333/collections/trading_results/points?wait=true "HTTP/1.1 200 OK"
2026-03-17 16:34:36,867 - INFO - HTTP Request: PUT http://localhost:6333/collections/stock_recommendations/points?wait=true "HTTP/1.1 200 OK"
2026-03-17 16:34:36,902 - INFO - HTTP Request: PUT http://localhost:6333/collections/daily_trade_strategies/points?wait=true "HTTP/1.1 200 OK"
2026-03-17 16:34:36,906 - INFO - HTTP Request: PUT http://localhost:6333/collections/trading_results/points?wait=true "HTTP/1.1 200 OK"
2026-03-17 16:34:36,913 - INFO - HTTP Request: PUT http://localhost:6333/collections/stock_recommendations/points?wait=true "HTTP/1.1 200 OK"
2026-03-17 16:34:36,950 - INFO - HTTP Request: PUT http://localhost:6333/collections/daily_trade_strategies/points?wait=true "HTTP/1.1 200 OK"
2026-03-17 16:34:36,964 - INFO - HTTP Request: PUT http://localhost:6333/collections/trading_results/points?wait=true "HTTP/1.1 200 OK"
2026-03-17 16:34:36,976 - INFO - HTTP Request: PUT http://localhost:6333/collections/stock_recommendations/points?wait=true "HTTP/1.1 200 OK"
2026-03-17 16:34:37,001 - INFO - HTTP Request: PUT http://localhost:6333/collections/daily_trade_strategies/points?wait=true "HTTP/1.1 200 OK"
2026-03-17 16:34:37,005 - INFO - HTTP Request: PUT http://localhost:6333/collections/trading_results/points?wait=true "HTTP/1.1 200 OK"
2026-03-17 16:34:37,012 - INFO - HTTP Request: PUT http://localhost:6333/collections/stock_recommendations/points?wait=true "HTTP/1.1 200 OK"
2026-03-17 16:34:37,039 - INFO - HTTP Request: PUT http://localhost:6333/collections/daily_trade_strategies/points?wait=true "HTTP/1.1 200 OK"
2026-03-17 16:34:37,043 - INFO - HTTP Request: PUT http://localhost:6333/collections/trading_results/points?wait=true "HTTP/1.1 200 OK"
2026-03-17 16:34:37,051 - INFO - HTTP Request: PUT http://localhost:6333/collections/stock_recommendations/points?wait=true "HTTP/1.1 200 OK"
2026-03-17 16:34:37,091 - INFO - HTTP Request: PUT http://localhost:6333/collections/daily_trade_strategies/points?wait=true "HTTP/1.1 200 OK"
2026-03-17 16:34:37,105 - INFO - HTTP Request: PUT http://localhost:6333/collections/trading_results/points?wait=true "HTTP/1.1 200 OK"
2026-03-17 16:34:37,137 - INFO - HTTP Request: PUT http://localhost:6333/collections/stock_recommendations/points?wait=true "HTTP/1.1 200 OK"
2026-03-17 16:34:37,164 - INFO - HTTP Request: PUT http://localhost:6333/collections/daily_trade_strategies/points?wait=true "HTTP/1.1 200 OK"
2026-03-17 16:34:37,168 - INFO - HTTP Request: PUT http://localhost:6333/collections/trading_results/points?wait=true "HTTP/1.1 200 OK"
2026-03-17 16:34:37,199 - INFO - HTTP Request: PUT http://localhost:6333/collections/stock_recommendations/points?wait=true "HTTP/1.1 200 OK"
2026-03-17 16:34:37,246 - INFO - HTTP Request: PUT http://localhost:6333/collections/daily_trade_strategies/points?wait=true "HTTP/1.1 200 OK"
2026-03-17 16:34:37,261 - INFO - HTTP Request: PUT http://localhost:6333/collections/trading_results/points?wait=true "HTTP/1.1 200 OK"
2026-03-17 16:34:37,268 - INFO - HTTP Request: PUT http://localhost:6333/collections/stock_recommendations/points?wait=true "HTTP/1.1 200 OK"
2026-03-17 16:34:37,322 - INFO - HTTP Request: PUT http://localhost:6333/collections/daily_trade_strategies/points?wait=true "HTTP/1.1 200 OK"
2026-03-17 16:34:37,338 - INFO - HTTP Request: PUT http://localhost:6333/collections/trading_results/points?wait=true "HTTP/1.1 200 OK"
2026-03-17 16:34:37,345 - INFO - HTTP Request: PUT http://localhost:6333/collections/stock_recommendations/points?wait=true "HTTP/1.1 200 OK"
2026-03-17 16:34:37,371 - INFO - HTTP Request: PUT http://localhost:6333/collections/daily_trade_strategies/points?wait=true "HTTP/1.1 200 OK"
2026-03-17 16:34:37,386 - INFO - HTTP Request: PUT http://localhost:6333/collections/trading_results/points?wait=true "HTTP/1.1 200 OK"
2026-03-17 16:34:37,418 - INFO - HTTP Request: PUT http://localhost:6333/collections/stock_recommendations/points?wait=true "HTTP/1.1 200 OK"
2026-03-17 16:34:37,464 - INFO - HTTP Request: PUT http://localhost:6333/collections/daily_trade_strategies/points?wait=true "HTTP/1.1 200 OK"
2026-03-17 16:34:37,478 - INFO - HTTP Request: PUT http://localhost:6333/collections/trading_results/points?wait=true "HTTP/1.1 200 OK"
2026-03-17 16:34:37,485 - INFO - HTTP Request: PUT http://localhost:6333/collections/stock_recommendations/points?wait=true "HTTP/1.1 200 OK"
2026-03-17 16:34:37,526 - INFO - HTTP Request: PUT http://localhost:6333/collections/daily_trade_strategies/points?wait=true "HTTP/1.1 200 OK"
2026-03-17 16:34:37,529 - INFO - HTTP Request: PUT http://localhost:6333/collections/trading_results/points?wait=true "HTTP/1.1 200 OK"
2026-03-17 16:34:37,558 - INFO - HTTP Request: PUT http://localhost:6333/collections/stock_recommendations/points?wait=true "HTTP/1.1 200 OK"
2026-03-17 16:34:37,605 - INFO - HTTP Request: PUT http://localhost:6333/collections/daily_trade_strategies/points?wait=true "HTTP/1.1 200 OK"
2026-03-17 16:34:37,609 - INFO - HTTP Request: PUT http://localhost:6333/collections/trading_results/points?wait=true "HTTP/1.1 200 OK"
2026-03-17 16:34:37,638 - INFO - HTTP Request: PUT http://localhost:6333/collections/stock_recommendations/points?wait=true "HTTP/1.1 200 OK"
2026-03-17 16:34:37,665 - INFO - HTTP Request: PUT http://localhost:6333/collections/daily_trade_strategies/points?wait=true "HTTP/1.1 200 OK"
2026-03-17 16:34:37,684 - INFO - HTTP Request: PUT http://localhost:6333/collections/trading_results/points?wait=true "HTTP/1.1 200 OK"
2026-03-17 16:34:37,716 - INFO - HTTP Request: PUT http://localhost:6333/collections/stock_recommendations/points?wait=true "HTTP/1.1 200 OK"
2026-03-17 16:34:37,763 - INFO - HTTP Request: PUT http://localhost:6333/collections/daily_trade_strategies/points?wait=true "HTTP/1.1 200 OK"
2026-03-17 16:34:37,778 - INFO - HTTP Request: PUT http://localhost:6333/collections/trading_results/points?wait=true "HTTP/1.1 200 OK"
2026-03-17 16:34:37,778 - INFO - Uploaded 15228 recommendation points.
2026-03-17 16:34:37,778 - INFO - Uploaded 213 trading result points.
2026-03-17 16:34:37,778 - INFO - Uploaded 213 strategy points.
2026-03-17 16:34:37,793 - INFO - HTTP Request: PUT http://localhost:6333/collections/performance_metrics/points?wait=true "HTTP/1.1 200 OK"
2026-03-17 16:34:37,793 - INFO - Uploaded performance snapshot.
2026-03-17 16:34:37,795 - INFO - Progress updated: 213 days | last: 2026-03-13
2026-03-17 16:34:37,795 - INFO - ============================================================
2026-03-17 16:34:37,795 - INFO - DONE — 2026 paper trading complete
2026-03-17 16:34:37,795 - INFO -   2026 predictions : C:\Users\luixj\AI\stock-data\data\processed\phase4\predictions_2026.parquet
2026-03-17 16:34:37,795 - INFO -   Combined preds   : C:\Users\luixj\AI\stock-data\data\processed\phase4\predictions_combined.parquet
2026-03-17 16:34:37,795 - INFO -   Daily results    : C:\Users\luixj\AI\stock-data\data\processed\phase4\phase4_paper_trading_daily.parquet
2026-03-17 16:34:37,795 - INFO -   Summary          : C:\Users\luixj\AI\stock-data\data\processed\phase4\phase4_paper_trading_summary.json
2026-03-17 16:34:37,795 - INFO - ============================================================
2026-03-17 16:34:38,377 - INFO - Prediction refresh completed successfully.
2026-03-17 16:34:38,424 - INFO - No new historical dates available. Last processed: 2026-03-13 | Tradable range: 2025-04-01 to 2026-03-13
2026-03-17 16:34:38,425 - WARNING - Predictions look stale. Refresh with:
2026-03-17 16:34:38,425 - WARNING -   python scripts/paper_trading/run_2026_paper_trading.py --sim-start 2026-03-14 --sim-end auto
2026-03-17 16:34:38,425 - INFO - No action taken today because there is no new historical date to process.
2026-03-17 16:34:38,447 - INFO - Scheduler run completed with no trade: no tradable historical date after last_processed=2026-03-13 (stale predictions (max tradable 2026-03-13 < 2026-03-16)).
2026-03-17 16:34:38,447 - INFO - ============================================================
2026-03-17 16:34:38,447 - INFO - DAILY AUTOMATION COMPLETE (NO NEW DATA)
2026-03-17 16:34:38,447 - INFO - ============================================================
2026-03-17 16:34:38,447 - INFO - Automation completed successfully!
