2026-03-02 16:15:07,764 - INFO - Starting automated daily paper trading...
2026-03-02 16:15:08,496 - INFO - Docker Desktop is running, daemon is ready
2026-03-02 16:15:08,504 - INFO - Qdrant is already running
2026-03-02 16:15:09,019 - INFO - HTTP Request: GET http://localhost:6333 "HTTP/1.1 200 OK"
2026-03-02 16:15:09,025 - INFO - Setting up Qdrant collections...
2026-03-02 16:15:09,027 - INFO - HTTP Request: GET http://localhost:6333/collections/stock_recommendations "HTTP/1.1 200 OK"
2026-03-02 16:15:09,029 - INFO - Collection 'stock_recommendations' already exists
2026-03-02 16:15:09,032 - INFO - HTTP Request: GET http://localhost:6333/collections/trading_results "HTTP/1.1 200 OK"
2026-03-02 16:15:09,032 - INFO - Collection 'trading_results' already exists
2026-03-02 16:15:09,035 - INFO - HTTP Request: GET http://localhost:6333/collections/performance_metrics "HTTP/1.1 200 OK"
2026-03-02 16:15:09,035 - INFO - Collection 'performance_metrics' already exists
2026-03-02 16:15:09,035 - INFO - ============================================================
2026-03-02 16:15:09,035 - INFO - AUTOMATED DAILY PAPER TRADING
2026-03-02 16:15:09,035 - INFO - ============================================================
2026-03-02 16:15:09,035 - INFO - Calendar Date: 2026-03-02
2026-03-02 16:15:09,035 - INFO - Predictions source: data\processed\phase4\predictions_combined.parquet
2026-03-02 16:15:09,202 - INFO - No new historical dates available. Last processed: 2026-02-26 | Tradable range: 2025-04-01 to 2026-02-26
2026-03-02 16:15:09,202 - WARNING - Predictions look stale. Refresh with:
2026-03-02 16:15:09,202 - WARNING -   python scripts/paper_trading/run_2026_paper_trading.py --sim-start 2026-02-27 --sim-end auto
2026-03-02 16:15:09,223 - WARNING - Predictions are stale (max tradable 2026-02-26, expected >= 2026-03-01). Auto-refreshing...
2026-03-02 16:15:09,223 - INFO - Refresh command: C:\Users\luixj\AI\stock-data\venv\Scripts\python.exe scripts/paper_trading/run_2026_paper_trading.py --sim-start 2026-02-27 --sim-end auto
2026-03-02 16:15:13,472 - INFO - ============================================================
2026-03-02 16:15:13,472 - INFO - 2026 PAPER TRADING — LIVE DATA
2026-03-02 16:15:13,472 - INFO -   2026 sim range : 2026-02-27 -> 2026-03-01
2026-03-02 16:15:13,472 - INFO -   Full range     : 2025-04-01 -> 2026-03-01
2026-03-02 16:15:13,472 - INFO -   YF download    : 2025-09-01 -> 2026-03-03
2026-03-02 16:15:13,473 - INFO -   Device         : cuda
2026-03-02 16:15:13,473 - INFO - ============================================================
2026-03-02 16:15:13,473 - INFO - Loading ticker universe from phase1_predictions.parquet
2026-03-02 16:15:13,530 - INFO - Ticker universe: 189 stocks
2026-03-02 16:15:13,538 - INFO - OHLCV cache is stale (max date 2026-02-27 < SIM_END 2026-03-01) — re-downloading
2026-03-02 16:15:13,538 - INFO - ============================================================
2026-03-02 16:15:13,538 - INFO - STEP 1: Downloading OHLCV data
2026-03-02 16:15:13,538 - INFO -   Range  : 2025-09-01 -> 2026-03-03
2026-03-02 16:15:13,538 - INFO -   Tickers: 189
2026-03-02 16:15:13,538 - INFO - ============================================================
2026-03-02 16:15:17,077 - INFO -   Progress: 20/189 tickers downloaded
2026-03-02 16:15:20,721 - INFO -   Progress: 40/189 tickers downloaded
2026-03-02 16:15:24,435 - INFO -   Progress: 60/189 tickers downloaded
2026-03-02 16:15:28,244 - INFO -   Progress: 80/189 tickers downloaded
2026-03-02 16:15:32,040 - INFO -   Progress: 100/189 tickers downloaded
2026-03-02 16:15:35,356 - INFO -   Progress: 120/189 tickers downloaded
2026-03-02 16:15:39,726 - INFO -   Progress: 140/189 tickers downloaded
2026-03-02 16:15:43,352 - INFO -   Progress: 160/189 tickers downloaded
2026-03-02 16:15:47,162 - INFO -   Progress: 180/189 tickers downloaded
2026-03-02 16:15:48,835 - INFO - Downloaded 23624 rows | 189 tickers | 2025-09-02 -> 2026-03-02
2026-03-02 16:15:48,845 - INFO - OHLCV data cached to C:\Users\luixj\AI\stock-data\data\processed\phase4\ohlcv_2026_cache.parquet
2026-03-02 16:15:48,846 - INFO - ============================================================
2026-03-02 16:15:48,847 - INFO - STEP 2: Computing 14 core features
2026-03-02 16:15:48,847 - INFO - ============================================================
2026-03-02 16:15:48,854 - INFO - Calculating 14 core features (leakage-safe)...
2026-03-02 16:15:49,037 - INFO - Core features calculated:
2026-03-02 16:15:49,037 - INFO -   Returns: ret_1d, ret_5d, ret_20d
2026-03-02 16:15:49,037 - INFO -   Volatility: vol_10d, vol_20d
2026-03-02 16:15:49,037 - INFO -   Price: hl_range, oc_gap
2026-03-02 16:15:49,037 - INFO -   Trend: sma_10_dist, sma_20_dist
2026-03-02 16:15:49,037 - INFO -   Volume: log_volume, volume_change
2026-03-02 16:15:49,037 - INFO -   Market: market_return, vs_market, market_correlation
2026-03-02 16:15:49,037 - INFO -   Total: 14 features
2026-03-02 16:15:49,038 - INFO - Features: 23624 rows, 189 tickers
2026-03-02 16:15:49,038 - INFO - ============================================================
2026-03-02 16:15:49,038 - INFO - STEP 3: Loading model from C:\Users\luixj\AI\stock-data\models\checkpoints\lstm_phase2a_temp0.05_best.pth
2026-03-02 16:15:49,038 - INFO - ============================================================
2026-03-02 16:15:49,144 - INFO - Model loaded (strict=True)
2026-03-02 16:15:49,158 - INFO - Model ready on cuda
2026-03-02 16:15:49,159 - INFO - ============================================================
2026-03-02 16:15:49,159 - INFO - STEP 4: Generating predictions 2026-02-27 -> 2026-03-01
2026-03-02 16:15:49,159 - INFO - ============================================================
2026-03-02 16:15:49,164 - INFO - Trading days in simulation range: 1
2026-03-02 16:15:49,809 - INFO -   2026-02-27: 189 predictions generated
2026-03-02 16:15:49,809 - INFO - Total: 189 predictions | 1 days | 189 tickers
2026-03-02 16:15:49,812 - INFO - Loaded existing 2026 predictions for merge: 945 rows | 5 dates
2026-03-02 16:15:49,820 - INFO - Saved 2026 predictions: C:\Users\luixj\AI\stock-data\data\processed\phase4\predictions_2026.parquet (1134 rows | 6 dates | 2026-02-20 -> 2026-02-27)
2026-03-02 16:15:49,820 - INFO - ============================================================
2026-03-02 16:15:49,820 - INFO - STEP 5: Combining 2025 + 2026 predictions and simulating
2026-03-02 16:15:49,820 - INFO - ============================================================
2026-03-02 16:15:49,961 - INFO - Combined: 36666 rows | 194 dates | 189 tickers
2026-03-02 16:15:49,963 - INFO -   Date range: 2025-04-01 -> 2026-02-27
2026-03-02 16:15:49,963 - INFO -   Saved to: C:\Users\luixj\AI\stock-data\data\processed\phase4\predictions_combined.parquet
2026-03-02 16:15:49,963 - INFO - Running simulation 2025-04-01 -> 2026-03-01 ...
2026-03-02 16:15:49,963 - INFO - Loading predictions from C:\Users\luixj\AI\stock-data\data\processed\phase4\predictions_combined.parquet
2026-03-02 16:15:49,978 - INFO - Running paper trading simulation for 194 days
2026-03-02 16:15:49,978 - INFO - Date range: 2025-04-01 to 2026-02-27
2026-03-02 16:15:49,978 - INFO - 
============================================================
2026-03-02 16:15:49,978 - INFO - Running paper trading for 2025-04-01
2026-03-02 16:15:49,978 - INFO - ============================================================
2026-03-02 16:15:49,979 - INFO - Portfolio construction: 38 longs, 15 shorts (from 38 candidates)
2026-03-02 16:15:49,980 - INFO - PnL Net: 0.0027 | Scaled: 0.0027 | Turnover: 100.00% | Vol Scale: 1.00
2026-03-02 16:15:49,980 - INFO - 
============================================================
2026-03-02 16:15:49,980 - INFO - Running paper trading for 2025-04-02
2026-03-02 16:15:49,980 - INFO - ============================================================
2026-03-02 16:15:49,981 - INFO - Portfolio construction: 38 longs, 38 shorts (from 38 candidates)
2026-03-02 16:15:49,981 - INFO - PnL Net: -0.0234 | Scaled: -0.0234 | Turnover: 16.46% | Vol Scale: 1.00
2026-03-02 16:15:49,981 - INFO - 
============================================================
2026-03-02 16:15:49,981 - INFO - Running paper trading for 2025-04-03
2026-03-02 16:15:49,981 - INFO - ============================================================
2026-03-02 16:15:49,982 - INFO - Portfolio construction: 38 longs, 38 shorts (from 38 candidates)
2026-03-02 16:15:49,982 - INFO - PnL Net: -0.0208 | Scaled: -0.0208 | Turnover: 20.14% | Vol Scale: 1.00
2026-03-02 16:15:49,982 - INFO - 
============================================================
2026-03-02 16:15:49,982 - INFO - Running paper trading for 2025-04-04
2026-03-02 16:15:49,982 - INFO - ============================================================
2026-03-02 16:15:49,983 - INFO - Portfolio construction: 38 longs, 38 shorts (from 38 candidates)
2026-03-02 16:15:49,984 - INFO - PnL Net: -0.0002 | Scaled: -0.0002 | Turnover: 27.43% | Vol Scale: 1.00
2026-03-02 16:15:49,984 - INFO - 
============================================================
2026-03-02 16:15:49,984 - INFO - Running paper trading for 2025-04-07
2026-03-02 16:15:49,984 - INFO - ============================================================
2026-03-02 16:15:49,985 - INFO - Portfolio construction: 38 longs, 38 shorts (from 38 candidates)
2026-03-02 16:15:49,985 - INFO - PnL Net: -0.0028 | Scaled: -0.0028 | Turnover: 21.14% | Vol Scale: 1.00
2026-03-02 16:15:49,985 - INFO - 
============================================================
2026-03-02 16:15:49,985 - INFO - Running paper trading for 2025-04-08
2026-03-02 16:15:49,985 - INFO - ============================================================
2026-03-02 16:15:49,986 - INFO - Portfolio construction: 38 longs, 38 shorts (from 38 candidates)
2026-03-02 16:15:49,986 - INFO - PnL Net: 0.0243 | Scaled: 0.0243 | Turnover: 21.60% | Vol Scale: 1.00
2026-03-02 16:15:49,986 - INFO - 
============================================================
2026-03-02 16:15:49,986 - INFO - Running paper trading for 2025-04-09
2026-03-02 16:15:49,986 - INFO - ============================================================
2026-03-02 16:15:49,987 - INFO - Portfolio construction: 38 longs, 1 shorts (from 38 candidates)
2026-03-02 16:15:49,987 - INFO - PnL Net: -0.0107 | Scaled: -0.0107 | Turnover: 20.86% | Vol Scale: 1.00
2026-03-02 16:15:49,987 - INFO - 
============================================================
2026-03-02 16:15:49,987 - INFO - Running paper trading for 2025-04-10
2026-03-02 16:15:49,987 - INFO - ============================================================
2026-03-02 16:15:49,988 - INFO - Portfolio construction: 38 longs, 38 shorts (from 38 candidates)
2026-03-02 16:15:49,988 - INFO - PnL Net: 0.0049 | Scaled: 0.0049 | Turnover: 22.53% | Vol Scale: 1.00
2026-03-02 16:15:49,989 - INFO - 
============================================================
2026-03-02 16:15:49,989 - INFO - Running paper trading for 2025-04-11
2026-03-02 16:15:49,989 - INFO - ============================================================
2026-03-02 16:15:49,989 - INFO - Portfolio construction: 38 longs, 1 shorts (from 38 candidates)
2026-03-02 16:15:49,990 - INFO - PnL Net: 0.0038 | Scaled: 0.0038 | Turnover: 20.79% | Vol Scale: 1.00
2026-03-02 16:15:49,990 - INFO - 
============================================================
2026-03-02 16:15:49,990 - INFO - Running paper trading for 2025-04-14
2026-03-02 16:15:49,990 - INFO - ============================================================
2026-03-02 16:15:49,991 - INFO - Portfolio construction: 38 longs, 38 shorts (from 38 candidates)
2026-03-02 16:15:49,991 - INFO - Vol targeting: rolling_vol=0.2061, scale=0.5000
2026-03-02 16:15:49,991 - INFO - PnL Net: -0.0018 | Scaled: -0.0009 | Turnover: 21.69% | Vol Scale: 0.50
2026-03-02 16:15:49,991 - INFO - 
============================================================
2026-03-02 16:15:49,991 - INFO - Running paper trading for 2025-04-15
2026-03-02 16:15:49,991 - INFO - ============================================================
2026-03-02 16:15:49,992 - INFO - Portfolio construction: 38 longs, 38 shorts (from 38 candidates)
2026-03-02 16:15:49,992 - INFO - Vol targeting: rolling_vol=0.1968, scale=0.5000
2026-03-02 16:15:49,992 - INFO - PnL Net: -0.0047 | Scaled: -0.0023 | Turnover: 21.09% | Vol Scale: 0.50
2026-03-02 16:15:49,992 - INFO - 
============================================================
2026-03-02 16:15:49,992 - INFO - Running paper trading for 2025-04-16
2026-03-02 16:15:49,992 - INFO - ============================================================
2026-03-02 16:15:49,993 - INFO - Portfolio construction: 38 longs, 38 shorts (from 38 candidates)
2026-03-02 16:15:49,993 - INFO - Vol targeting: rolling_vol=0.1890, scale=0.5000
2026-03-02 16:15:49,994 - INFO - PnL Net: 0.0008 | Scaled: 0.0004 | Turnover: 21.09% | Vol Scale: 0.50
2026-03-02 16:15:49,994 - INFO - 
============================================================
2026-03-02 16:15:49,994 - INFO - Running paper trading for 2025-04-17
2026-03-02 16:15:49,994 - INFO - ============================================================
2026-03-02 16:15:49,995 - INFO - Portfolio construction: 38 longs, 38 shorts (from 38 candidates)
2026-03-02 16:15:49,995 - INFO - Vol targeting: rolling_vol=0.1826, scale=0.5000
2026-03-02 16:15:49,995 - INFO - PnL Net: -0.0068 | Scaled: -0.0034 | Turnover: 18.47% | Vol Scale: 0.50
2026-03-02 16:15:49,995 - INFO - 
============================================================
2026-03-02 16:15:49,995 - INFO - Running paper trading for 2025-04-21
2026-03-02 16:15:49,995 - INFO - ============================================================
2026-03-02 16:15:49,996 - INFO - Portfolio construction: 38 longs, 6 shorts (from 38 candidates)
2026-03-02 16:15:49,996 - INFO - Vol targeting: rolling_vol=0.1822, scale=0.5000
2026-03-02 16:15:49,996 - INFO - PnL Net: 0.0089 | Scaled: 0.0045 | Turnover: 17.46% | Vol Scale: 0.50
2026-03-02 16:15:49,996 - INFO - 
============================================================
2026-03-02 16:15:49,996 - INFO - Running paper trading for 2025-04-22
2026-03-02 16:15:49,996 - INFO - ============================================================
2026-03-02 16:15:49,998 - INFO - Portfolio construction: 38 longs, 38 shorts (from 38 candidates)
2026-03-02 16:15:49,998 - INFO - Vol targeting: rolling_vol=0.1783, scale=0.5000
2026-03-02 16:15:49,998 - INFO - PnL Net: 0.0053 | Scaled: 0.0027 | Turnover: 18.72% | Vol Scale: 0.50
2026-03-02 16:15:49,999 - INFO - 
============================================================
2026-03-02 16:15:49,999 - INFO - Running paper trading for 2025-04-23
2026-03-02 16:15:49,999 - INFO - ============================================================
2026-03-02 16:15:50,000 - INFO - Portfolio construction: 38 longs, 5 shorts (from 38 candidates)
2026-03-02 16:15:50,000 - INFO - Vol targeting: rolling_vol=0.1782, scale=0.5000
2026-03-02 16:15:50,000 - INFO - PnL Net: 0.0102 | Scaled: 0.0051 | Turnover: 20.73% | Vol Scale: 0.50
2026-03-02 16:15:50,000 - INFO - 
============================================================
2026-03-02 16:15:50,000 - INFO - Running paper trading for 2025-04-24
2026-03-02 16:15:50,000 - INFO - ============================================================
2026-03-02 16:15:50,002 - INFO - Portfolio construction: 38 longs, 38 shorts (from 38 candidates)
2026-03-02 16:15:50,002 - INFO - Vol targeting: rolling_vol=0.1730, scale=0.5000
2026-03-02 16:15:50,002 - INFO - PnL Net: 0.0011 | Scaled: 0.0006 | Turnover: 18.37% | Vol Scale: 0.50
2026-03-02 16:15:50,002 - INFO - 
============================================================
2026-03-02 16:15:50,002 - INFO - Running paper trading for 2025-04-25
2026-03-02 16:15:50,002 - INFO - ============================================================
2026-03-02 16:15:50,004 - INFO - Portfolio construction: 38 longs, 38 shorts (from 38 candidates)
2026-03-02 16:15:50,004 - INFO - Vol targeting: rolling_vol=0.1682, scale=0.5000
2026-03-02 16:15:50,004 - INFO - PnL Net: 0.0007 | Scaled: 0.0004 | Turnover: 23.46% | Vol Scale: 0.50
2026-03-02 16:15:50,004 - INFO - 
============================================================
2026-03-02 16:15:50,004 - INFO - Running paper trading for 2025-04-28
2026-03-02 16:15:50,005 - INFO - ============================================================
2026-03-02 16:15:50,005 - INFO - Portfolio construction: 38 longs, 38 shorts (from 38 candidates)
2026-03-02 16:15:50,006 - INFO - Vol targeting: rolling_vol=0.1639, scale=0.5000
2026-03-02 16:15:50,006 - INFO - PnL Net: 0.0018 | Scaled: 0.0009 | Turnover: 19.52% | Vol Scale: 0.50
2026-03-02 16:15:50,006 - INFO - 
============================================================
2026-03-02 16:15:50,006 - INFO - Running paper trading for 2025-04-29
2026-03-02 16:15:50,006 - INFO - ============================================================
2026-03-02 16:15:50,007 - INFO - Portfolio construction: 38 longs, 30 shorts (from 38 candidates)
2026-03-02 16:15:50,007 - INFO - Vol targeting: rolling_vol=0.1599, scale=0.5004
2026-03-02 16:15:50,007 - INFO - PnL Net: 0.0011 | Scaled: 0.0005 | Turnover: 16.79% | Vol Scale: 0.50
2026-03-02 16:15:50,008 - INFO - 
============================================================
2026-03-02 16:15:50,008 - INFO - Running paper trading for 2025-04-30
2026-03-02 16:15:50,008 - INFO - ============================================================
2026-03-02 16:15:50,009 - INFO - Portfolio construction: 38 longs, 38 shorts (from 38 candidates)
2026-03-02 16:15:50,009 - INFO - Vol targeting: rolling_vol=0.1596, scale=0.5012
2026-03-02 16:15:50,009 - INFO - PnL Net: 0.0014 | Scaled: 0.0007 | Turnover: 20.09% | Vol Scale: 0.50
2026-03-02 16:15:50,009 - INFO - 
============================================================
2026-03-02 16:15:50,009 - INFO - Running paper trading for 2025-05-01
2026-03-02 16:15:50,009 - INFO - ============================================================
2026-03-02 16:15:50,010 - INFO - Portfolio construction: 38 longs, 38 shorts (from 38 candidates)
2026-03-02 16:15:50,010 - INFO - Vol targeting: rolling_vol=0.1370, scale=0.5840
2026-03-02 16:15:50,010 - INFO - PnL Net: 0.0062 | Scaled: 0.0036 | Turnover: 17.98% | Vol Scale: 0.58
2026-03-02 16:15:50,010 - INFO - 
============================================================
2026-03-02 16:15:50,010 - INFO - Running paper trading for 2025-05-02
2026-03-02 16:15:50,010 - INFO - ============================================================
2026-03-02 16:15:50,012 - INFO - Portfolio construction: 38 longs, 13 shorts (from 38 candidates)
2026-03-02 16:15:50,012 - INFO - Vol targeting: rolling_vol=0.1119, scale=0.7149
2026-03-02 16:15:50,012 - INFO - PnL Net: -0.0011 | Scaled: -0.0008 | Turnover: 17.52% | Vol Scale: 0.71
2026-03-02 16:15:50,012 - INFO - 
============================================================
2026-03-02 16:15:50,012 - INFO - Running paper trading for 2025-05-05
2026-03-02 16:15:50,012 - INFO - ============================================================
2026-03-02 16:15:50,014 - INFO - Portfolio construction: 38 longs, 2 shorts (from 38 candidates)
2026-03-02 16:15:50,014 - INFO - Vol targeting: rolling_vol=0.1128, scale=0.7091
2026-03-02 16:15:50,015 - INFO - PnL Net: -0.0026 | Scaled: -0.0018 | Turnover: 19.38% | Vol Scale: 0.71
2026-03-02 16:15:50,015 - INFO - 
============================================================
2026-03-02 16:15:50,015 - INFO - Running paper trading for 2025-05-06
2026-03-02 16:15:50,015 - INFO - ============================================================
2026-03-02 16:15:50,016 - INFO - Portfolio construction: 38 longs, 33 shorts (from 38 candidates)
2026-03-02 16:15:50,016 - INFO - Vol targeting: rolling_vol=0.1115, scale=0.7177
2026-03-02 16:15:50,016 - INFO - PnL Net: 0.0026 | Scaled: 0.0019 | Turnover: 19.06% | Vol Scale: 0.72
2026-03-02 16:15:50,016 - INFO - 
============================================================
2026-03-02 16:15:50,016 - INFO - Running paper trading for 2025-05-07
2026-03-02 16:15:50,016 - INFO - ============================================================
2026-03-02 16:15:50,017 - INFO - Portfolio construction: 38 longs, 9 shorts (from 38 candidates)
2026-03-02 16:15:50,017 - INFO - Vol targeting: rolling_vol=0.0781, scale=1.0243
2026-03-02 16:15:50,017 - INFO - PnL Net: 0.0043 | Scaled: 0.0045 | Turnover: 18.97% | Vol Scale: 1.02
2026-03-02 16:15:50,017 - INFO - 
============================================================
2026-03-02 16:15:50,017 - INFO - Running paper trading for 2025-05-08
2026-03-02 16:15:50,017 - INFO - ============================================================
2026-03-02 16:15:50,018 - INFO - Portfolio construction: 38 longs, 10 shorts (from 38 candidates)
2026-03-02 16:15:50,019 - INFO - Vol targeting: rolling_vol=0.0656, scale=1.2200
2026-03-02 16:15:50,019 - INFO - PnL Net: -0.0009 | Scaled: -0.0012 | Turnover: 19.75% | Vol Scale: 1.22
2026-03-02 16:15:50,019 - INFO - 
============================================================
2026-03-02 16:15:50,019 - INFO - Running paper trading for 2025-05-09
2026-03-02 16:15:50,019 - INFO - ============================================================
2026-03-02 16:15:50,020 - INFO - Portfolio construction: 38 longs, 37 shorts (from 38 candidates)
2026-03-02 16:15:50,020 - INFO - Vol targeting: rolling_vol=0.0785, scale=1.0196
2026-03-02 16:15:50,020 - INFO - PnL Net: 0.0145 | Scaled: 0.0148 | Turnover: 18.03% | Vol Scale: 1.02
2026-03-02 16:15:50,020 - INFO - 
============================================================
2026-03-02 16:15:50,020 - INFO - Running paper trading for 2025-05-12
2026-03-02 16:15:50,020 - INFO - ============================================================
2026-03-02 16:15:50,021 - INFO - Portfolio construction: 38 longs, 38 shorts (from 38 candidates)
2026-03-02 16:15:50,021 - INFO - Vol targeting: rolling_vol=0.0804, scale=0.9956
2026-03-02 16:15:50,022 - INFO - PnL Net: 0.0074 | Scaled: 0.0074 | Turnover: 18.12% | Vol Scale: 1.00
2026-03-02 16:15:50,022 - INFO - 
============================================================
2026-03-02 16:15:50,022 - INFO - Running paper trading for 2025-05-13
2026-03-02 16:15:50,022 - INFO - ============================================================
2026-03-02 16:15:50,022 - INFO - Portfolio construction: 38 longs, 38 shorts (from 38 candidates)
2026-03-02 16:15:50,023 - INFO - Vol targeting: rolling_vol=0.0797, scale=1.0044
2026-03-02 16:15:50,023 - INFO - PnL Net: -0.0006 | Scaled: -0.0006 | Turnover: 21.90% | Vol Scale: 1.00
2026-03-02 16:15:50,023 - INFO - 
============================================================
2026-03-02 16:15:50,023 - INFO - Running paper trading for 2025-05-14
2026-03-02 16:15:50,023 - INFO - ============================================================
2026-03-02 16:15:50,024 - INFO - Portfolio construction: 38 longs, 38 shorts (from 38 candidates)
2026-03-02 16:15:50,024 - INFO - Vol targeting: rolling_vol=0.0757, scale=1.0562
2026-03-02 16:15:50,025 - INFO - PnL Net: 0.0052 | Scaled: 0.0055 | Turnover: 20.59% | Vol Scale: 1.06
2026-03-02 16:15:50,025 - INFO - 
============================================================
2026-03-02 16:15:50,025 - INFO - Running paper trading for 2025-05-15
2026-03-02 16:15:50,026 - INFO - ============================================================
2026-03-02 16:15:50,027 - INFO - Portfolio construction: 38 longs, 38 shorts (from 38 candidates)
2026-03-02 16:15:50,027 - INFO - Vol targeting: rolling_vol=0.0754, scale=1.0608
2026-03-02 16:15:50,027 - INFO - PnL Net: 0.0020 | Scaled: 0.0021 | Turnover: 19.63% | Vol Scale: 1.06
2026-03-02 16:15:50,027 - INFO - 
============================================================
2026-03-02 16:15:50,027 - INFO - Running paper trading for 2025-05-16
2026-03-02 16:15:50,027 - INFO - ============================================================
2026-03-02 16:15:50,028 - INFO - Portfolio construction: 38 longs, 38 shorts (from 38 candidates)
2026-03-02 16:15:50,028 - INFO - Vol targeting: rolling_vol=0.0684, scale=1.1703
2026-03-02 16:15:50,028 - INFO - PnL Net: -0.0013 | Scaled: -0.0015 | Turnover: 18.38% | Vol Scale: 1.17
2026-03-02 16:15:50,028 - INFO - 
============================================================
2026-03-02 16:15:50,028 - INFO - Running paper trading for 2025-05-19
2026-03-02 16:15:50,028 - INFO - ============================================================
2026-03-02 16:15:50,030 - INFO - Portfolio construction: 38 longs, 38 shorts (from 38 candidates)
2026-03-02 16:15:50,030 - INFO - Vol targeting: rolling_vol=0.0676, scale=1.1828
2026-03-02 16:15:50,030 - INFO - PnL Net: -0.0021 | Scaled: -0.0025 | Turnover: 16.36% | Vol Scale: 1.18
2026-03-02 16:15:50,030 - INFO - 
============================================================
2026-03-02 16:15:50,030 - INFO - Running paper trading for 2025-05-20
2026-03-02 16:15:50,030 - INFO - ============================================================
2026-03-02 16:15:50,031 - INFO - Portfolio construction: 38 longs, 38 shorts (from 38 candidates)
2026-03-02 16:15:50,031 - INFO - Vol targeting: rolling_vol=0.0748, scale=1.0691
2026-03-02 16:15:50,031 - INFO - PnL Net: -0.0070 | Scaled: -0.0075 | Turnover: 15.81% | Vol Scale: 1.07
2026-03-02 16:15:50,031 - INFO - 
============================================================
2026-03-02 16:15:50,031 - INFO - Running paper trading for 2025-05-21
2026-03-02 16:15:50,031 - INFO - ============================================================
2026-03-02 16:15:50,032 - INFO - Portfolio construction: 38 longs, 38 shorts (from 38 candidates)
2026-03-02 16:15:50,032 - INFO - Vol targeting: rolling_vol=0.0690, scale=1.1591
2026-03-02 16:15:50,033 - INFO - PnL Net: 0.0004 | Scaled: 0.0004 | Turnover: 19.34% | Vol Scale: 1.16
2026-03-02 16:15:50,033 - INFO - 
============================================================
2026-03-02 16:15:50,033 - INFO - Running paper trading for 2025-05-22
2026-03-02 16:15:50,033 - INFO - ============================================================
2026-03-02 16:15:50,034 - INFO - Portfolio construction: 38 longs, 32 shorts (from 38 candidates)
2026-03-02 16:15:50,034 - INFO - Vol targeting: rolling_vol=0.0706, scale=1.1324
2026-03-02 16:15:50,034 - INFO - PnL Net: -0.0027 | Scaled: -0.0031 | Turnover: 19.64% | Vol Scale: 1.13
2026-03-02 16:15:50,034 - INFO - 
============================================================
2026-03-02 16:15:50,034 - INFO - Running paper trading for 2025-05-23
2026-03-02 16:15:50,034 - INFO - ============================================================
2026-03-02 16:15:50,035 - INFO - Portfolio construction: 38 longs, 38 shorts (from 38 candidates)
2026-03-02 16:15:50,035 - INFO - Vol targeting: rolling_vol=0.0743, scale=1.0767
2026-03-02 16:15:50,035 - INFO - PnL Net: 0.0082 | Scaled: 0.0088 | Turnover: 19.52% | Vol Scale: 1.08
2026-03-02 16:15:50,035 - INFO - 
============================================================
2026-03-02 16:15:50,035 - INFO - Running paper trading for 2025-05-27
2026-03-02 16:15:50,035 - INFO - ============================================================
2026-03-02 16:15:50,037 - INFO - Portfolio construction: 38 longs, 38 shorts (from 38 candidates)
2026-03-02 16:15:50,037 - INFO - Vol targeting: rolling_vol=0.0756, scale=1.0588
2026-03-02 16:15:50,037 - INFO - PnL Net: -0.0021 | Scaled: -0.0022 | Turnover: 18.56% | Vol Scale: 1.06
2026-03-02 16:15:50,037 - INFO - 
============================================================
2026-03-02 16:15:50,037 - INFO - Running paper trading for 2025-05-28
2026-03-02 16:15:50,037 - INFO - ============================================================
2026-03-02 16:15:50,038 - INFO - Portfolio construction: 38 longs, 38 shorts (from 38 candidates)
2026-03-02 16:15:50,038 - INFO - Vol targeting: rolling_vol=0.0756, scale=1.0575
2026-03-02 16:15:50,038 - INFO - PnL Net: 0.0004 | Scaled: 0.0005 | Turnover: 16.29% | Vol Scale: 1.06
2026-03-02 16:15:50,038 - INFO - 
============================================================
2026-03-02 16:15:50,038 - INFO - Running paper trading for 2025-05-29
2026-03-02 16:15:50,038 - INFO - ============================================================
2026-03-02 16:15:50,039 - INFO - Portfolio construction: 38 longs, 38 shorts (from 38 candidates)
2026-03-02 16:15:50,040 - INFO - Vol targeting: rolling_vol=0.0762, scale=1.0504
2026-03-02 16:15:50,040 - INFO - PnL Net: -0.0009 | Scaled: -0.0010 | Turnover: 19.51% | Vol Scale: 1.05
2026-03-02 16:15:50,040 - INFO - 
============================================================
2026-03-02 16:15:50,040 - INFO - Running paper trading for 2025-05-30
2026-03-02 16:15:50,040 - INFO - ============================================================
2026-03-02 16:15:50,041 - INFO - Portfolio construction: 38 longs, 38 shorts (from 38 candidates)
2026-03-02 16:15:50,041 - INFO - Vol targeting: rolling_vol=0.0742, scale=1.0777
2026-03-02 16:15:50,041 - INFO - PnL Net: 0.0008 | Scaled: 0.0009 | Turnover: 21.02% | Vol Scale: 1.08
2026-03-02 16:15:50,041 - INFO - 
============================================================
2026-03-02 16:15:50,041 - INFO - Running paper trading for 2025-06-02
2026-03-02 16:15:50,041 - INFO - ============================================================
2026-03-02 16:15:50,042 - INFO - Portfolio construction: 38 longs, 38 shorts (from 38 candidates)
2026-03-02 16:15:50,043 - INFO - Vol targeting: rolling_vol=0.0737, scale=1.0849
2026-03-02 16:15:50,043 - INFO - PnL Net: 0.0011 | Scaled: 0.0012 | Turnover: 20.37% | Vol Scale: 1.08
2026-03-02 16:15:50,043 - INFO - 
============================================================
2026-03-02 16:15:50,043 - INFO - Running paper trading for 2025-06-03
2026-03-02 16:15:50,043 - INFO - ============================================================
2026-03-02 16:15:50,044 - INFO - Portfolio construction: 38 longs, 38 shorts (from 38 candidates)
2026-03-02 16:15:50,044 - INFO - Vol targeting: rolling_vol=0.0730, scale=1.0965
2026-03-02 16:15:50,044 - INFO - PnL Net: -0.0012 | Scaled: -0.0013 | Turnover: 18.45% | Vol Scale: 1.10
2026-03-02 16:15:50,044 - INFO - 
============================================================
2026-03-02 16:15:50,044 - INFO - Running paper trading for 2025-06-04
2026-03-02 16:15:50,044 - INFO - ============================================================
2026-03-02 16:15:50,045 - INFO - Portfolio construction: 38 longs, 38 shorts (from 38 candidates)
2026-03-02 16:15:50,045 - INFO - Vol targeting: rolling_vol=0.0730, scale=1.0962
2026-03-02 16:15:50,045 - INFO - PnL Net: -0.0000 | Scaled: -0.0000 | Turnover: 16.06% | Vol Scale: 1.10
2026-03-02 16:15:50,045 - INFO - 
============================================================
2026-03-02 16:15:50,045 - INFO - Running paper trading for 2025-06-05
2026-03-02 16:15:50,045 - INFO - ============================================================
2026-03-02 16:15:50,046 - INFO - Portfolio construction: 38 longs, 38 shorts (from 38 candidates)
2026-03-02 16:15:50,047 - INFO - Vol targeting: rolling_vol=0.0721, scale=1.1092
2026-03-02 16:15:50,047 - INFO - PnL Net: 0.0008 | Scaled: 0.0009 | Turnover: 17.46% | Vol Scale: 1.11
2026-03-02 16:15:50,047 - INFO - 
============================================================
2026-03-02 16:15:50,047 - INFO - Running paper trading for 2025-06-06
2026-03-02 16:15:50,047 - INFO - ============================================================
2026-03-02 16:15:50,048 - INFO - Portfolio construction: 38 longs, 38 shorts (from 38 candidates)
2026-03-02 16:15:50,048 - INFO - Vol targeting: rolling_vol=0.0728, scale=1.0986
2026-03-02 16:15:50,048 - INFO - PnL Net: -0.0024 | Scaled: -0.0026 | Turnover: 18.52% | Vol Scale: 1.10
2026-03-02 16:15:50,048 - INFO - 
============================================================
2026-03-02 16:15:50,048 - INFO - Running paper trading for 2025-06-09
2026-03-02 16:15:50,048 - INFO - ============================================================
2026-03-02 16:15:50,049 - INFO - Portfolio construction: 38 longs, 13 shorts (from 38 candidates)
2026-03-02 16:15:50,049 - INFO - Vol targeting: rolling_vol=0.0539, scale=1.4831
2026-03-02 16:15:50,049 - INFO - PnL Net: 0.0012 | Scaled: 0.0018 | Turnover: 20.04% | Vol Scale: 1.48
2026-03-02 16:15:50,049 - INFO - 
============================================================
2026-03-02 16:15:50,049 - INFO - Running paper trading for 2025-06-10
2026-03-02 16:15:50,049 - INFO - ============================================================
2026-03-02 16:15:50,050 - INFO - Portfolio construction: 38 longs, 6 shorts (from 38 candidates)
2026-03-02 16:15:50,050 - INFO - Vol targeting: rolling_vol=0.0476, scale=1.6799
2026-03-02 16:15:50,050 - INFO - PnL Net: -0.0013 | Scaled: -0.0021 | Turnover: 17.79% | Vol Scale: 1.68
2026-03-02 16:15:50,050 - INFO - 
============================================================
2026-03-02 16:15:50,050 - INFO - Running paper trading for 2025-06-11
2026-03-02 16:15:50,051 - INFO - ============================================================
2026-03-02 16:15:50,051 - INFO - Portfolio construction: 38 longs, 16 shorts (from 38 candidates)
2026-03-02 16:15:50,052 - INFO - Vol targeting: rolling_vol=0.0477, scale=1.6785
2026-03-02 16:15:50,052 - INFO - PnL Net: 0.0007 | Scaled: 0.0012 | Turnover: 18.77% | Vol Scale: 1.68
2026-03-02 16:15:50,052 - INFO - 
============================================================
2026-03-02 16:15:50,052 - INFO - Running paper trading for 2025-06-12
2026-03-02 16:15:50,052 - INFO - ============================================================
2026-03-02 16:15:50,053 - INFO - Portfolio construction: 38 longs, 38 shorts (from 38 candidates)
2026-03-02 16:15:50,053 - INFO - Vol targeting: rolling_vol=0.0449, scale=1.7832
2026-03-02 16:15:50,053 - INFO - PnL Net: -0.0033 | Scaled: -0.0058 | Turnover: 21.75% | Vol Scale: 1.78
2026-03-02 16:15:50,053 - INFO - 
============================================================
2026-03-02 16:15:50,054 - INFO - Running paper trading for 2025-06-13
2026-03-02 16:15:50,054 - INFO - ============================================================
2026-03-02 16:15:50,054 - INFO - Portfolio construction: 38 longs, 38 shorts (from 38 candidates)
2026-03-02 16:15:50,055 - INFO - Vol targeting: rolling_vol=0.0444, scale=1.8031
2026-03-02 16:15:50,055 - INFO - PnL Net: 0.0011 | Scaled: 0.0020 | Turnover: 18.70% | Vol Scale: 1.80
2026-03-02 16:15:50,055 - INFO - 
============================================================
2026-03-02 16:15:50,055 - INFO - Running paper trading for 2025-06-16
2026-03-02 16:15:50,055 - INFO - ============================================================
2026-03-02 16:15:50,056 - INFO - Portfolio construction: 38 longs, 38 shorts (from 38 candidates)
2026-03-02 16:15:50,056 - INFO - Vol targeting: rolling_vol=0.0455, scale=1.7575
2026-03-02 16:15:50,056 - INFO - PnL Net: -0.0035 | Scaled: -0.0061 | Turnover: 16.38% | Vol Scale: 1.76
2026-03-02 16:15:50,056 - INFO - 
============================================================
2026-03-02 16:15:50,056 - INFO - Running paper trading for 2025-06-17
2026-03-02 16:15:50,056 - INFO - ============================================================
2026-03-02 16:15:50,057 - INFO - Portfolio construction: 38 longs, 38 shorts (from 38 candidates)
2026-03-02 16:15:50,057 - INFO - Vol targeting: rolling_vol=0.0452, scale=1.7708
2026-03-02 16:15:50,057 - INFO - PnL Net: -0.0005 | Scaled: -0.0009 | Turnover: 17.30% | Vol Scale: 1.77
2026-03-02 16:15:50,057 - INFO - 
============================================================
2026-03-02 16:15:50,057 - INFO - Running paper trading for 2025-06-18
2026-03-02 16:15:50,057 - INFO - ============================================================
2026-03-02 16:15:50,058 - INFO - Portfolio construction: 38 longs, 38 shorts (from 38 candidates)
2026-03-02 16:15:50,058 - INFO - Vol targeting: rolling_vol=0.0385, scale=2.0000
2026-03-02 16:15:50,058 - INFO - PnL Net: 0.0001 | Scaled: 0.0003 | Turnover: 18.66% | Vol Scale: 2.00
2026-03-02 16:15:50,058 - INFO - 
============================================================
2026-03-02 16:15:50,058 - INFO - Running paper trading for 2025-06-20
2026-03-02 16:15:50,058 - INFO - ============================================================
2026-03-02 16:15:50,059 - INFO - Portfolio construction: 38 longs, 38 shorts (from 38 candidates)
2026-03-02 16:15:50,060 - INFO - Vol targeting: rolling_vol=0.0397, scale=2.0000
2026-03-02 16:15:50,060 - INFO - PnL Net: 0.0027 | Scaled: 0.0053 | Turnover: 20.03% | Vol Scale: 2.00
2026-03-02 16:15:50,060 - INFO - 
============================================================
2026-03-02 16:15:50,060 - INFO - Running paper trading for 2025-06-23
2026-03-02 16:15:50,060 - INFO - ============================================================
2026-03-02 16:15:50,061 - INFO - Portfolio construction: 38 longs, 38 shorts (from 38 candidates)
2026-03-02 16:15:50,061 - INFO - Vol targeting: rolling_vol=0.0406, scale=1.9706
2026-03-02 16:15:50,061 - INFO - PnL Net: 0.0039 | Scaled: 0.0076 | Turnover: 17.48% | Vol Scale: 1.97
2026-03-02 16:15:50,061 - INFO - 
============================================================
2026-03-02 16:15:50,061 - INFO - Running paper trading for 2025-06-24
2026-03-02 16:15:50,061 - INFO - ============================================================
2026-03-02 16:15:50,062 - INFO - Portfolio construction: 38 longs, 38 shorts (from 38 candidates)
2026-03-02 16:15:50,063 - INFO - Vol targeting: rolling_vol=0.0294, scale=2.0000
2026-03-02 16:15:50,063 - INFO - PnL Net: -0.0021 | Scaled: -0.0042 | Turnover: 18.08% | Vol Scale: 2.00
2026-03-02 16:15:50,063 - INFO - 
============================================================
2026-03-02 16:15:50,063 - INFO - Running paper trading for 2025-06-25
2026-03-02 16:15:50,063 - INFO - ============================================================
2026-03-02 16:15:50,063 - INFO - Portfolio construction: 38 longs, 38 shorts (from 38 candidates)
2026-03-02 16:15:50,063 - INFO - Vol targeting: rolling_vol=0.0295, scale=2.0000
2026-03-02 16:15:50,063 - INFO - PnL Net: 0.0019 | Scaled: 0.0038 | Turnover: 17.90% | Vol Scale: 2.00
2026-03-02 16:15:50,063 - INFO - 
============================================================
2026-03-02 16:15:50,063 - INFO - Running paper trading for 2025-06-26
2026-03-02 16:15:50,064 - INFO - ============================================================
2026-03-02 16:15:50,064 - INFO - Portfolio construction: 38 longs, 38 shorts (from 38 candidates)
2026-03-02 16:15:50,065 - INFO - Vol targeting: rolling_vol=0.0299, scale=2.0000
2026-03-02 16:15:50,065 - INFO - PnL Net: 0.0015 | Scaled: 0.0029 | Turnover: 17.70% | Vol Scale: 2.00
2026-03-02 16:15:50,065 - INFO - 
============================================================
2026-03-02 16:15:50,065 - INFO - Running paper trading for 2025-06-27
2026-03-02 16:15:50,065 - INFO - ============================================================
2026-03-02 16:15:50,067 - INFO - Portfolio construction: 38 longs, 38 shorts (from 38 candidates)
2026-03-02 16:15:50,067 - INFO - Vol targeting: rolling_vol=0.0300, scale=2.0000
2026-03-02 16:15:50,067 - INFO - PnL Net: 0.0013 | Scaled: 0.0025 | Turnover: 16.45% | Vol Scale: 2.00
2026-03-02 16:15:50,067 - INFO - 
============================================================
2026-03-02 16:15:50,067 - INFO - Running paper trading for 2025-06-30
2026-03-02 16:15:50,067 - INFO - ============================================================
2026-03-02 16:15:50,068 - INFO - Portfolio construction: 38 longs, 38 shorts (from 38 candidates)
2026-03-02 16:15:50,068 - INFO - Vol targeting: rolling_vol=0.0351, scale=2.0000
2026-03-02 16:15:50,068 - INFO - PnL Net: 0.0055 | Scaled: 0.0109 | Turnover: 17.10% | Vol Scale: 2.00
2026-03-02 16:15:50,068 - INFO - 
============================================================
2026-03-02 16:15:50,068 - INFO - Running paper trading for 2025-07-01
2026-03-02 16:15:50,068 - INFO - ============================================================
2026-03-02 16:15:50,069 - INFO - Portfolio construction: 38 longs, 38 shorts (from 38 candidates)
2026-03-02 16:15:50,069 - INFO - Vol targeting: rolling_vol=0.0352, scale=2.0000
2026-03-02 16:15:50,070 - INFO - PnL Net: 0.0013 | Scaled: 0.0026 | Turnover: 15.04% | Vol Scale: 2.00
2026-03-02 16:15:50,070 - INFO - 
============================================================
2026-03-02 16:15:50,070 - INFO - Running paper trading for 2025-07-02
2026-03-02 16:15:50,070 - INFO - ============================================================
2026-03-02 16:15:50,070 - INFO - Portfolio construction: 38 longs, 38 shorts (from 38 candidates)
2026-03-02 16:15:50,071 - INFO - Vol targeting: rolling_vol=0.0349, scale=2.0000
2026-03-02 16:15:50,071 - INFO - PnL Net: 0.0014 | Scaled: 0.0028 | Turnover: 12.74% | Vol Scale: 2.00
2026-03-02 16:15:50,071 - INFO - 
============================================================
2026-03-02 16:15:50,071 - INFO - Running paper trading for 2025-07-03
2026-03-02 16:15:50,071 - INFO - ============================================================
2026-03-02 16:15:50,072 - INFO - Portfolio construction: 38 longs, 38 shorts (from 38 candidates)
2026-03-02 16:15:50,072 - INFO - Vol targeting: rolling_vol=0.0371, scale=2.0000
2026-03-02 16:15:50,072 - INFO - PnL Net: -0.0032 | Scaled: -0.0063 | Turnover: 11.38% | Vol Scale: 2.00
2026-03-02 16:15:50,072 - INFO - 
============================================================
2026-03-02 16:15:50,072 - INFO - Running paper trading for 2025-07-07
2026-03-02 16:15:50,072 - INFO - ============================================================
2026-03-02 16:15:50,073 - INFO - Portfolio construction: 38 longs, 38 shorts (from 38 candidates)
2026-03-02 16:15:50,073 - INFO - Vol targeting: rolling_vol=0.0371, scale=2.0000
2026-03-02 16:15:50,073 - INFO - PnL Net: 0.0005 | Scaled: 0.0010 | Turnover: 10.84% | Vol Scale: 2.00
2026-03-02 16:15:50,074 - INFO - 
============================================================
2026-03-02 16:15:50,074 - INFO - Running paper trading for 2025-07-08
2026-03-02 16:15:50,074 - INFO - ============================================================
2026-03-02 16:15:50,075 - INFO - Portfolio construction: 38 longs, 38 shorts (from 38 candidates)
2026-03-02 16:15:50,075 - INFO - Vol targeting: rolling_vol=0.0357, scale=2.0000
2026-03-02 16:15:50,075 - INFO - PnL Net: 0.0009 | Scaled: 0.0019 | Turnover: 18.35% | Vol Scale: 2.00
2026-03-02 16:15:50,075 - INFO - 
============================================================
2026-03-02 16:15:50,075 - INFO - Running paper trading for 2025-07-09
2026-03-02 16:15:50,075 - INFO - ============================================================
2026-03-02 16:15:50,076 - INFO - Portfolio construction: 38 longs, 38 shorts (from 38 candidates)
2026-03-02 16:15:50,076 - INFO - Vol targeting: rolling_vol=0.0364, scale=2.0000
2026-03-02 16:15:50,076 - INFO - PnL Net: 0.0026 | Scaled: 0.0053 | Turnover: 19.70% | Vol Scale: 2.00
2026-03-02 16:15:50,076 - INFO - 
============================================================
2026-03-02 16:15:50,076 - INFO - Running paper trading for 2025-07-10
2026-03-02 16:15:50,076 - INFO - ============================================================
2026-03-02 16:15:50,077 - INFO - Portfolio construction: 38 longs, 12 shorts (from 38 candidates)
2026-03-02 16:15:50,077 - INFO - Vol targeting: rolling_vol=0.0379, scale=2.0000
2026-03-02 16:15:50,077 - INFO - PnL Net: -0.0029 | Scaled: -0.0058 | Turnover: 19.47% | Vol Scale: 2.00
2026-03-02 16:15:50,077 - INFO - 
============================================================
2026-03-02 16:15:50,078 - INFO - Running paper trading for 2025-07-11
2026-03-02 16:15:50,078 - INFO - ============================================================
2026-03-02 16:15:50,078 - INFO - Portfolio construction: 38 longs, 26 shorts (from 38 candidates)
2026-03-02 16:15:50,079 - INFO - Vol targeting: rolling_vol=0.0382, scale=2.0000
2026-03-02 16:15:50,079 - INFO - PnL Net: -0.0008 | Scaled: -0.0016 | Turnover: 19.00% | Vol Scale: 2.00
2026-03-02 16:15:50,079 - INFO - 
============================================================
2026-03-02 16:15:50,079 - INFO - Running paper trading for 2025-07-14
2026-03-02 16:15:50,079 - INFO - ============================================================
2026-03-02 16:15:50,080 - INFO - Portfolio construction: 38 longs, 38 shorts (from 38 candidates)
2026-03-02 16:15:50,080 - INFO - Vol targeting: rolling_vol=0.0411, scale=1.9456
2026-03-02 16:15:50,080 - INFO - PnL Net: -0.0053 | Scaled: -0.0103 | Turnover: 18.01% | Vol Scale: 1.95
2026-03-02 16:15:50,081 - INFO - 
============================================================
2026-03-02 16:15:50,081 - INFO - Running paper trading for 2025-07-15
2026-03-02 16:15:50,081 - INFO - ============================================================
2026-03-02 16:15:50,081 - INFO - Portfolio construction: 38 longs, 24 shorts (from 38 candidates)
2026-03-02 16:15:50,082 - INFO - Vol targeting: rolling_vol=0.0411, scale=1.9452
2026-03-02 16:15:50,082 - INFO - PnL Net: 0.0011 | Scaled: 0.0022 | Turnover: 17.80% | Vol Scale: 1.95
2026-03-02 16:15:50,082 - INFO - 
============================================================
2026-03-02 16:15:50,082 - INFO - Running paper trading for 2025-07-16
2026-03-02 16:15:50,082 - INFO - ============================================================
2026-03-02 16:15:50,083 - INFO - Portfolio construction: 38 longs, 4 shorts (from 38 candidates)
2026-03-02 16:15:50,083 - INFO - Vol targeting: rolling_vol=0.0400, scale=1.9977
2026-03-02 16:15:50,083 - INFO - PnL Net: 0.0035 | Scaled: 0.0070 | Turnover: 18.83% | Vol Scale: 2.00
2026-03-02 16:15:50,083 - INFO - 
============================================================
2026-03-02 16:15:50,083 - INFO - Running paper trading for 2025-07-17
2026-03-02 16:15:50,083 - INFO - ============================================================
2026-03-02 16:15:50,084 - INFO - Portfolio construction: 38 longs, 38 shorts (from 38 candidates)
2026-03-02 16:15:50,084 - INFO - Vol targeting: rolling_vol=0.0400, scale=2.0000
2026-03-02 16:15:50,084 - INFO - PnL Net: -0.0003 | Scaled: -0.0006 | Turnover: 20.65% | Vol Scale: 2.00
2026-03-02 16:15:50,084 - INFO - 
============================================================
2026-03-02 16:15:50,084 - INFO - Running paper trading for 2025-07-18
2026-03-02 16:15:50,084 - INFO - ============================================================
2026-03-02 16:15:50,085 - INFO - Portfolio construction: 38 longs, 38 shorts (from 38 candidates)
2026-03-02 16:15:50,085 - INFO - Vol targeting: rolling_vol=0.0407, scale=1.9646
2026-03-02 16:15:50,086 - INFO - PnL Net: -0.0016 | Scaled: -0.0032 | Turnover: 22.59% | Vol Scale: 1.96
2026-03-02 16:15:50,086 - INFO - 
============================================================
2026-03-02 16:15:50,086 - INFO - Running paper trading for 2025-07-21
2026-03-02 16:15:50,086 - INFO - ============================================================
2026-03-02 16:15:50,086 - INFO - Portfolio construction: 38 longs, 38 shorts (from 38 candidates)
2026-03-02 16:15:50,087 - INFO - Vol targeting: rolling_vol=0.0456, scale=1.7529
2026-03-02 16:15:50,087 - INFO - PnL Net: 0.0068 | Scaled: 0.0120 | Turnover: 18.81% | Vol Scale: 1.75
2026-03-02 16:15:50,087 - INFO - 
============================================================
2026-03-02 16:15:50,087 - INFO - Running paper trading for 2025-07-22
2026-03-02 16:15:50,087 - INFO - ============================================================
2026-03-02 16:15:50,088 - INFO - Portfolio construction: 38 longs, 38 shorts (from 38 candidates)
2026-03-02 16:15:50,088 - INFO - Vol targeting: rolling_vol=0.0446, scale=1.7927
2026-03-02 16:15:50,088 - INFO - PnL Net: 0.0023 | Scaled: 0.0041 | Turnover: 18.89% | Vol Scale: 1.79
2026-03-02 16:15:50,088 - INFO - 
============================================================
2026-03-02 16:15:50,088 - INFO - Running paper trading for 2025-07-23
2026-03-02 16:15:50,088 - INFO - ============================================================
2026-03-02 16:15:50,089 - INFO - Portfolio construction: 38 longs, 38 shorts (from 38 candidates)
2026-03-02 16:15:50,090 - INFO - Vol targeting: rolling_vol=0.0451, scale=1.7756
2026-03-02 16:15:50,090 - INFO - PnL Net: -0.0026 | Scaled: -0.0046 | Turnover: 15.52% | Vol Scale: 1.78
2026-03-02 16:15:50,090 - INFO - 
============================================================
2026-03-02 16:15:50,090 - INFO - Running paper trading for 2025-07-24
2026-03-02 16:15:50,090 - INFO - ============================================================
2026-03-02 16:15:50,091 - INFO - Portfolio construction: 38 longs, 38 shorts (from 38 candidates)
2026-03-02 16:15:50,091 - INFO - Vol targeting: rolling_vol=0.0449, scale=1.7834
2026-03-02 16:15:50,091 - INFO - PnL Net: 0.0011 | Scaled: 0.0019 | Turnover: 15.70% | Vol Scale: 1.78
2026-03-02 16:15:50,091 - INFO - 
============================================================
2026-03-02 16:15:50,091 - INFO - Running paper trading for 2025-07-25
2026-03-02 16:15:50,091 - INFO - ============================================================
2026-03-02 16:15:50,092 - INFO - Portfolio construction: 38 longs, 38 shorts (from 38 candidates)
2026-03-02 16:15:50,092 - INFO - Vol targeting: rolling_vol=0.0465, scale=1.7198
2026-03-02 16:15:50,092 - INFO - PnL Net: -0.0031 | Scaled: -0.0052 | Turnover: 16.41% | Vol Scale: 1.72
2026-03-02 16:15:50,092 - INFO - 
============================================================
2026-03-02 16:15:50,092 - INFO - Running paper trading for 2025-07-28
2026-03-02 16:15:50,092 - INFO - ============================================================
2026-03-02 16:15:50,093 - INFO - Portfolio construction: 38 longs, 38 shorts (from 38 candidates)
2026-03-02 16:15:50,094 - INFO - Vol targeting: rolling_vol=0.0474, scale=1.6862
2026-03-02 16:15:50,094 - INFO - PnL Net: -0.0025 | Scaled: -0.0041 | Turnover: 18.54% | Vol Scale: 1.69
2026-03-02 16:15:50,094 - INFO - 
============================================================
2026-03-02 16:15:50,094 - INFO - Running paper trading for 2025-07-29
2026-03-02 16:15:50,094 - INFO - ============================================================
2026-03-02 16:15:50,095 - INFO - Portfolio construction: 38 longs, 38 shorts (from 38 candidates)
2026-03-02 16:15:50,095 - INFO - Vol targeting: rolling_vol=0.0445, scale=1.7974
2026-03-02 16:15:50,095 - INFO - PnL Net: -0.0028 | Scaled: -0.0050 | Turnover: 17.07% | Vol Scale: 1.80
2026-03-02 16:15:50,095 - INFO - 
============================================================
2026-03-02 16:15:50,095 - INFO - Running paper trading for 2025-07-30
2026-03-02 16:15:50,095 - INFO - ============================================================
2026-03-02 16:15:50,096 - INFO - Portfolio construction: 38 longs, 38 shorts (from 38 candidates)
2026-03-02 16:15:50,096 - INFO - Vol targeting: rolling_vol=0.0463, scale=1.7283
2026-03-02 16:15:50,096 - INFO - PnL Net: -0.0042 | Scaled: -0.0073 | Turnover: 18.97% | Vol Scale: 1.73
2026-03-02 16:15:50,096 - INFO - 
============================================================
2026-03-02 16:15:50,096 - INFO - Running paper trading for 2025-07-31
2026-03-02 16:15:50,096 - INFO - ============================================================
2026-03-02 16:15:50,097 - INFO - Portfolio construction: 38 longs, 38 shorts (from 38 candidates)
2026-03-02 16:15:50,097 - INFO - Vol targeting: rolling_vol=0.0470, scale=1.7007
2026-03-02 16:15:50,097 - INFO - PnL Net: -0.0036 | Scaled: -0.0062 | Turnover: 19.57% | Vol Scale: 1.70
2026-03-02 16:15:50,098 - INFO - 
============================================================
2026-03-02 16:15:50,098 - INFO - Running paper trading for 2025-08-01
2026-03-02 16:15:50,098 - INFO - ============================================================
2026-03-02 16:15:50,098 - INFO - Portfolio construction: 38 longs, 6 shorts (from 38 candidates)
2026-03-02 16:15:50,099 - INFO - Vol targeting: rolling_vol=0.0468, scale=1.7092
2026-03-02 16:15:50,099 - INFO - PnL Net: 0.0016 | Scaled: 0.0028 | Turnover: 18.75% | Vol Scale: 1.71
2026-03-02 16:15:50,099 - INFO - 
============================================================
2026-03-02 16:15:50,099 - INFO - Running paper trading for 2025-08-04
2026-03-02 16:15:50,099 - INFO - ============================================================
2026-03-02 16:15:50,100 - INFO - Portfolio construction: 38 longs, 5 shorts (from 38 candidates)
2026-03-02 16:15:50,100 - INFO - Vol targeting: rolling_vol=0.0486, scale=1.6467
2026-03-02 16:15:50,100 - INFO - PnL Net: 0.0034 | Scaled: 0.0056 | Turnover: 20.03% | Vol Scale: 1.65
2026-03-02 16:15:50,100 - INFO - 
============================================================
2026-03-02 16:15:50,100 - INFO - Running paper trading for 2025-08-05
2026-03-02 16:15:50,100 - INFO - ============================================================
2026-03-02 16:15:50,101 - INFO - Portfolio construction: 38 longs, 37 shorts (from 38 candidates)
2026-03-02 16:15:50,101 - INFO - Vol targeting: rolling_vol=0.0485, scale=1.6507
2026-03-02 16:15:50,101 - INFO - PnL Net: -0.0013 | Scaled: -0.0021 | Turnover: 19.43% | Vol Scale: 1.65
2026-03-02 16:15:50,101 - INFO - 
============================================================
2026-03-02 16:15:50,101 - INFO - Running paper trading for 2025-08-06
2026-03-02 16:15:50,101 - INFO - ============================================================
2026-03-02 16:15:50,102 - INFO - Portfolio construction: 38 longs, 38 shorts (from 38 candidates)
2026-03-02 16:15:50,103 - INFO - Vol targeting: rolling_vol=0.0472, scale=1.6961
2026-03-02 16:15:50,103 - INFO - PnL Net: -0.0009 | Scaled: -0.0016 | Turnover: 18.13% | Vol Scale: 1.70
2026-03-02 16:15:50,103 - INFO - 
============================================================
2026-03-02 16:15:50,103 - INFO - Running paper trading for 2025-08-07
2026-03-02 16:15:50,103 - INFO - ============================================================
2026-03-02 16:15:50,104 - INFO - Portfolio construction: 38 longs, 7 shorts (from 38 candidates)
2026-03-02 16:15:50,104 - INFO - Vol targeting: rolling_vol=0.0466, scale=1.7164
2026-03-02 16:15:50,104 - INFO - PnL Net: 0.0008 | Scaled: 0.0013 | Turnover: 20.31% | Vol Scale: 1.72
2026-03-02 16:15:50,104 - INFO - 
============================================================
2026-03-02 16:15:50,104 - INFO - Running paper trading for 2025-08-08
2026-03-02 16:15:50,104 - INFO - ============================================================
2026-03-02 16:15:50,106 - INFO - Portfolio construction: 38 longs, 8 shorts (from 38 candidates)
2026-03-02 16:15:50,106 - INFO - Vol targeting: rolling_vol=0.0467, scale=1.7135
2026-03-02 16:15:50,106 - WARNING - KS3 TRIGGERED: 60-day Sharpe -0.0651 < 0
2026-03-02 16:15:50,106 - INFO - PnL Net: -0.0013 | Scaled: -0.0022 | Turnover: 18.30% | Vol Scale: 1.71
2026-03-02 16:15:50,106 - INFO - 
============================================================
2026-03-02 16:15:50,106 - INFO - Running paper trading for 2025-08-11
2026-03-02 16:15:50,106 - INFO - ============================================================
2026-03-02 16:15:50,107 - INFO - Portfolio construction: 38 longs, 38 shorts (from 38 candidates)
2026-03-02 16:15:50,107 - INFO - Vol targeting: rolling_vol=0.0479, scale=1.6690
2026-03-02 16:15:50,107 - WARNING - KS3 TRIGGERED: 60-day Sharpe -0.0144 < 0
2026-03-02 16:15:50,107 - INFO - PnL Net: 0.0058 | Scaled: 0.0096 | Turnover: 15.45% | Vol Scale: 1.67
2026-03-02 16:15:50,107 - INFO - 
============================================================
2026-03-02 16:15:50,107 - INFO - Running paper trading for 2025-08-12
2026-03-02 16:15:50,107 - INFO - ============================================================
2026-03-02 16:15:50,109 - INFO - Portfolio construction: 38 longs, 38 shorts (from 38 candidates)
2026-03-02 16:15:50,109 - INFO - Vol targeting: rolling_vol=0.0574, scale=1.3933
2026-03-02 16:15:50,109 - INFO - PnL Net: 0.0093 | Scaled: 0.0129 | Turnover: 15.64% | Vol Scale: 1.39
2026-03-02 16:15:50,109 - INFO - 
============================================================
2026-03-02 16:15:50,109 - INFO - Running paper trading for 2025-08-13
2026-03-02 16:15:50,109 - INFO - ============================================================
2026-03-02 16:15:50,109 - INFO - Portfolio construction: 38 longs, 38 shorts (from 38 candidates)
2026-03-02 16:15:50,110 - INFO - Vol targeting: rolling_vol=0.0564, scale=1.4186
2026-03-02 16:15:50,110 - INFO - PnL Net: 0.0002 | Scaled: 0.0003 | Turnover: 20.87% | Vol Scale: 1.42
2026-03-02 16:15:50,110 - INFO - 
============================================================
2026-03-02 16:15:50,110 - INFO - Running paper trading for 2025-08-14
2026-03-02 16:15:50,110 - INFO - ============================================================
2026-03-02 16:15:50,111 - INFO - Portfolio construction: 38 longs, 38 shorts (from 38 candidates)
2026-03-02 16:15:50,111 - INFO - Vol targeting: rolling_vol=0.0564, scale=1.4190
2026-03-02 16:15:50,111 - INFO - PnL Net: 0.0010 | Scaled: 0.0014 | Turnover: 18.05% | Vol Scale: 1.42
2026-03-02 16:15:50,111 - INFO - 
============================================================
2026-03-02 16:15:50,111 - INFO - Running paper trading for 2025-08-15
2026-03-02 16:15:50,111 - INFO - ============================================================
2026-03-02 16:15:50,112 - INFO - Portfolio construction: 38 longs, 38 shorts (from 38 candidates)
2026-03-02 16:15:50,112 - INFO - Vol targeting: rolling_vol=0.0559, scale=1.4310
2026-03-02 16:15:50,112 - INFO - PnL Net: 0.0002 | Scaled: 0.0003 | Turnover: 19.70% | Vol Scale: 1.43
2026-03-02 16:15:50,112 - INFO - 
============================================================
2026-03-02 16:15:50,112 - INFO - Running paper trading for 2025-08-18
2026-03-02 16:15:50,113 - INFO - ============================================================
2026-03-02 16:15:50,113 - INFO - Portfolio construction: 38 longs, 38 shorts (from 38 candidates)
2026-03-02 16:15:50,114 - INFO - Vol targeting: rolling_vol=0.0515, scale=1.5525
2026-03-02 16:15:50,114 - INFO - PnL Net: 0.0024 | Scaled: 0.0038 | Turnover: 18.09% | Vol Scale: 1.55
2026-03-02 16:15:50,114 - INFO - 
============================================================
2026-03-02 16:15:50,114 - INFO - Running paper trading for 2025-08-19
2026-03-02 16:15:50,114 - INFO - ============================================================
2026-03-02 16:15:50,115 - INFO - Portfolio construction: 38 longs, 38 shorts (from 38 candidates)
2026-03-02 16:15:50,116 - INFO - Vol targeting: rolling_vol=0.0516, scale=1.5515
2026-03-02 16:15:50,116 - INFO - PnL Net: -0.0020 | Scaled: -0.0031 | Turnover: 16.60% | Vol Scale: 1.55
2026-03-02 16:15:50,116 - INFO - 
============================================================
2026-03-02 16:15:50,116 - INFO - Running paper trading for 2025-08-20
2026-03-02 16:15:50,116 - INFO - ============================================================
2026-03-02 16:15:50,117 - INFO - Portfolio construction: 38 longs, 38 shorts (from 38 candidates)
2026-03-02 16:15:50,117 - INFO - Vol targeting: rolling_vol=0.0510, scale=1.5694
2026-03-02 16:15:50,117 - INFO - PnL Net: -0.0015 | Scaled: -0.0024 | Turnover: 15.21% | Vol Scale: 1.57
2026-03-02 16:15:50,117 - INFO - 
============================================================
2026-03-02 16:15:50,117 - INFO - Running paper trading for 2025-08-21
2026-03-02 16:15:50,117 - INFO - ============================================================
2026-03-02 16:15:50,118 - INFO - Portfolio construction: 38 longs, 38 shorts (from 38 candidates)
2026-03-02 16:15:50,118 - INFO - Vol targeting: rolling_vol=0.0594, scale=1.3476
2026-03-02 16:15:50,118 - INFO - PnL Net: 0.0089 | Scaled: 0.0120 | Turnover: 16.82% | Vol Scale: 1.35
2026-03-02 16:15:50,118 - INFO - 
============================================================
2026-03-02 16:15:50,118 - INFO - Running paper trading for 2025-08-22
2026-03-02 16:15:50,118 - INFO - ============================================================
2026-03-02 16:15:50,119 - INFO - Portfolio construction: 38 longs, 38 shorts (from 38 candidates)
2026-03-02 16:15:50,120 - INFO - Vol targeting: rolling_vol=0.0605, scale=1.3221
2026-03-02 16:15:50,120 - INFO - PnL Net: -0.0044 | Scaled: -0.0058 | Turnover: 15.55% | Vol Scale: 1.32
2026-03-02 16:15:50,120 - INFO - 
============================================================
2026-03-02 16:15:50,120 - INFO - Running paper trading for 2025-08-25
2026-03-02 16:15:50,120 - INFO - ============================================================
2026-03-02 16:15:50,121 - INFO - Portfolio construction: 38 longs, 38 shorts (from 38 candidates)
2026-03-02 16:15:50,121 - INFO - Vol targeting: rolling_vol=0.0596, scale=1.3428
2026-03-02 16:15:50,121 - INFO - PnL Net: 0.0005 | Scaled: 0.0007 | Turnover: 15.86% | Vol Scale: 1.34
2026-03-02 16:15:50,121 - INFO - 
============================================================
2026-03-02 16:15:50,121 - INFO - Running paper trading for 2025-08-26
2026-03-02 16:15:50,121 - INFO - ============================================================
2026-03-02 16:15:50,122 - INFO - Portfolio construction: 38 longs, 38 shorts (from 38 candidates)
2026-03-02 16:15:50,122 - INFO - Vol targeting: rolling_vol=0.0583, scale=1.3725
2026-03-02 16:15:50,122 - INFO - PnL Net: 0.0005 | Scaled: 0.0007 | Turnover: 17.06% | Vol Scale: 1.37
2026-03-02 16:15:50,122 - INFO - 
============================================================
2026-03-02 16:15:50,122 - INFO - Running paper trading for 2025-08-27
2026-03-02 16:15:50,122 - INFO - ============================================================
2026-03-02 16:15:50,123 - INFO - Portfolio construction: 38 longs, 38 shorts (from 38 candidates)
2026-03-02 16:15:50,124 - INFO - Vol targeting: rolling_vol=0.0555, scale=1.4411
2026-03-02 16:15:50,124 - INFO - PnL Net: -0.0002 | Scaled: -0.0002 | Turnover: 17.80% | Vol Scale: 1.44
2026-03-02 16:15:50,124 - INFO - 
============================================================
2026-03-02 16:15:50,124 - INFO - Running paper trading for 2025-08-28
2026-03-02 16:15:50,124 - INFO - ============================================================
2026-03-02 16:15:50,125 - INFO - Portfolio construction: 38 longs, 38 shorts (from 38 candidates)
2026-03-02 16:15:50,125 - INFO - Vol targeting: rolling_vol=0.0530, scale=1.5091
2026-03-02 16:15:50,125 - INFO - PnL Net: 0.0003 | Scaled: 0.0004 | Turnover: 19.25% | Vol Scale: 1.51
2026-03-02 16:15:50,125 - INFO - 
============================================================
2026-03-02 16:15:50,125 - INFO - Running paper trading for 2025-08-29
2026-03-02 16:15:50,125 - INFO - ============================================================
2026-03-02 16:15:50,126 - INFO - Portfolio construction: 38 longs, 38 shorts (from 38 candidates)
2026-03-02 16:15:50,126 - INFO - Vol targeting: rolling_vol=0.0539, scale=1.4841
2026-03-02 16:15:50,126 - INFO - PnL Net: -0.0017 | Scaled: -0.0026 | Turnover: 15.06% | Vol Scale: 1.48
2026-03-02 16:15:50,126 - INFO - 
============================================================
2026-03-02 16:15:50,126 - INFO - Running paper trading for 2025-09-02
2026-03-02 16:15:50,126 - INFO - ============================================================
2026-03-02 16:15:50,128 - INFO - Portfolio construction: 38 longs, 38 shorts (from 38 candidates)
2026-03-02 16:15:50,128 - INFO - Vol targeting: rolling_vol=0.0542, scale=1.4760
2026-03-02 16:15:50,129 - INFO - PnL Net: -0.0021 | Scaled: -0.0031 | Turnover: 18.16% | Vol Scale: 1.48
2026-03-02 16:15:50,129 - INFO - 
============================================================
2026-03-02 16:15:50,129 - INFO - Running paper trading for 2025-09-03
2026-03-02 16:15:50,129 - INFO - ============================================================
2026-03-02 16:15:50,130 - INFO - Portfolio construction: 38 longs, 38 shorts (from 38 candidates)
2026-03-02 16:15:50,130 - INFO - Vol targeting: rolling_vol=0.0537, scale=1.4886
2026-03-02 16:15:50,130 - INFO - PnL Net: 0.0013 | Scaled: 0.0020 | Turnover: 17.78% | Vol Scale: 1.49
2026-03-02 16:15:50,130 - INFO - 
============================================================
2026-03-02 16:15:50,130 - INFO - Running paper trading for 2025-09-04
2026-03-02 16:15:50,131 - INFO - ============================================================
2026-03-02 16:15:50,132 - INFO - Portfolio construction: 38 longs, 38 shorts (from 38 candidates)
2026-03-02 16:15:50,132 - INFO - Vol targeting: rolling_vol=0.0534, scale=1.4994
2026-03-02 16:15:50,132 - INFO - PnL Net: 0.0012 | Scaled: 0.0019 | Turnover: 17.33% | Vol Scale: 1.50
2026-03-02 16:15:50,132 - INFO - 
============================================================
2026-03-02 16:15:50,132 - INFO - Running paper trading for 2025-09-05
2026-03-02 16:15:50,132 - INFO - ============================================================
2026-03-02 16:15:50,133 - INFO - Portfolio construction: 38 longs, 38 shorts (from 38 candidates)
2026-03-02 16:15:50,133 - INFO - Vol targeting: rolling_vol=0.0539, scale=1.4842
2026-03-02 16:15:50,133 - INFO - PnL Net: -0.0013 | Scaled: -0.0019 | Turnover: 20.00% | Vol Scale: 1.48
2026-03-02 16:15:50,134 - INFO - 
============================================================
2026-03-02 16:15:50,134 - INFO - Running paper trading for 2025-09-08
2026-03-02 16:15:50,134 - INFO - ============================================================
2026-03-02 16:15:50,134 - INFO - Portfolio construction: 38 longs, 38 shorts (from 38 candidates)
2026-03-02 16:15:50,135 - INFO - Vol targeting: rolling_vol=0.0535, scale=1.4949
2026-03-02 16:15:50,135 - INFO - PnL Net: -0.0003 | Scaled: -0.0004 | Turnover: 16.66% | Vol Scale: 1.49
2026-03-02 16:15:50,135 - INFO - 
============================================================
2026-03-02 16:15:50,135 - INFO - Running paper trading for 2025-09-09
2026-03-02 16:15:50,135 - INFO - ============================================================
2026-03-02 16:15:50,136 - INFO - Portfolio construction: 38 longs, 38 shorts (from 38 candidates)
2026-03-02 16:15:50,136 - INFO - Vol targeting: rolling_vol=0.0534, scale=1.4986
2026-03-02 16:15:50,136 - INFO - PnL Net: -0.0044 | Scaled: -0.0065 | Turnover: 17.19% | Vol Scale: 1.50
2026-03-02 16:15:50,136 - INFO - 
============================================================
2026-03-02 16:15:50,136 - INFO - Running paper trading for 2025-09-10
2026-03-02 16:15:50,136 - INFO - ============================================================
2026-03-02 16:15:50,137 - INFO - Portfolio construction: 38 longs, 38 shorts (from 38 candidates)
2026-03-02 16:15:50,138 - INFO - Vol targeting: rolling_vol=0.0448, scale=1.7844
2026-03-02 16:15:50,138 - INFO - PnL Net: 0.0040 | Scaled: 0.0072 | Turnover: 16.96% | Vol Scale: 1.78
2026-03-02 16:15:50,138 - INFO - 
============================================================
2026-03-02 16:15:50,138 - INFO - Running paper trading for 2025-09-11
2026-03-02 16:15:50,138 - INFO - ============================================================
2026-03-02 16:15:50,139 - INFO - Portfolio construction: 38 longs, 38 shorts (from 38 candidates)
2026-03-02 16:15:50,139 - INFO - Vol targeting: rolling_vol=0.0472, scale=1.6944
2026-03-02 16:15:50,139 - INFO - PnL Net: -0.0041 | Scaled: -0.0070 | Turnover: 17.39% | Vol Scale: 1.69
2026-03-02 16:15:50,139 - INFO - 
============================================================
2026-03-02 16:15:50,139 - INFO - Running paper trading for 2025-09-12
2026-03-02 16:15:50,139 - INFO - ============================================================
2026-03-02 16:15:50,140 - INFO - Portfolio construction: 38 longs, 38 shorts (from 38 candidates)
2026-03-02 16:15:50,140 - INFO - Vol targeting: rolling_vol=0.0475, scale=1.6830
2026-03-02 16:15:50,141 - INFO - PnL Net: -0.0021 | Scaled: -0.0035 | Turnover: 15.81% | Vol Scale: 1.68
2026-03-02 16:15:50,141 - INFO - 
============================================================
2026-03-02 16:15:50,141 - INFO - Running paper trading for 2025-09-15
2026-03-02 16:15:50,141 - INFO - ============================================================
2026-03-02 16:15:50,142 - INFO - Portfolio construction: 38 longs, 38 shorts (from 38 candidates)
2026-03-02 16:15:50,142 - INFO - Vol targeting: rolling_vol=0.0477, scale=1.6773
2026-03-02 16:15:50,142 - INFO - PnL Net: 0.0010 | Scaled: 0.0016 | Turnover: 18.17% | Vol Scale: 1.68
2026-03-02 16:15:50,142 - INFO - 
============================================================
2026-03-02 16:15:50,142 - INFO - Running paper trading for 2025-09-16
2026-03-02 16:15:50,142 - INFO - ============================================================
2026-03-02 16:15:50,143 - INFO - Portfolio construction: 38 longs, 38 shorts (from 38 candidates)
2026-03-02 16:15:50,144 - INFO - Vol targeting: rolling_vol=0.0469, scale=1.7072
2026-03-02 16:15:50,144 - INFO - PnL Net: 0.0006 | Scaled: 0.0011 | Turnover: 16.81% | Vol Scale: 1.71
2026-03-02 16:15:50,144 - INFO - 
============================================================
2026-03-02 16:15:50,144 - INFO - Running paper trading for 2025-09-17
2026-03-02 16:15:50,144 - INFO - ============================================================
2026-03-02 16:15:50,145 - INFO - Portfolio construction: 38 longs, 38 shorts (from 38 candidates)
2026-03-02 16:15:50,145 - INFO - Vol targeting: rolling_vol=0.0483, scale=1.6553
2026-03-02 16:15:50,145 - INFO - PnL Net: 0.0037 | Scaled: 0.0061 | Turnover: 15.39% | Vol Scale: 1.66
2026-03-02 16:15:50,145 - INFO - 
============================================================
2026-03-02 16:15:50,145 - INFO - Running paper trading for 2025-09-18
2026-03-02 16:15:50,145 - INFO - ============================================================
2026-03-02 16:15:50,146 - INFO - Portfolio construction: 38 longs, 38 shorts (from 38 candidates)
2026-03-02 16:15:50,146 - INFO - Vol targeting: rolling_vol=0.0490, scale=1.6323
2026-03-02 16:15:50,146 - INFO - PnL Net: -0.0028 | Scaled: -0.0045 | Turnover: 13.88% | Vol Scale: 1.63
2026-03-02 16:15:50,146 - INFO - 
============================================================
2026-03-02 16:15:50,146 - INFO - Running paper trading for 2025-09-19
2026-03-02 16:15:50,146 - INFO - ============================================================
2026-03-02 16:15:50,147 - INFO - Portfolio construction: 38 longs, 38 shorts (from 38 candidates)
2026-03-02 16:15:50,147 - INFO - Vol targeting: rolling_vol=0.0368, scale=2.0000
2026-03-02 16:15:50,147 - INFO - PnL Net: -0.0018 | Scaled: -0.0037 | Turnover: 14.15% | Vol Scale: 2.00
2026-03-02 16:15:50,147 - INFO - 
============================================================
2026-03-02 16:15:50,147 - INFO - Running paper trading for 2025-09-22
2026-03-02 16:15:50,147 - INFO - ============================================================
2026-03-02 16:15:50,148 - INFO - Portfolio construction: 38 longs, 38 shorts (from 38 candidates)
2026-03-02 16:15:50,148 - INFO - Vol targeting: rolling_vol=0.0347, scale=2.0000
2026-03-02 16:15:50,148 - INFO - PnL Net: -0.0022 | Scaled: -0.0044 | Turnover: 12.25% | Vol Scale: 2.00
2026-03-02 16:15:50,148 - INFO - 
============================================================
2026-03-02 16:15:50,148 - INFO - Running paper trading for 2025-09-23
2026-03-02 16:15:50,148 - INFO - ============================================================
2026-03-02 16:15:50,150 - INFO - Portfolio construction: 38 longs, 38 shorts (from 38 candidates)
2026-03-02 16:15:50,150 - INFO - Vol targeting: rolling_vol=0.0347, scale=2.0000
2026-03-02 16:15:50,150 - INFO - PnL Net: 0.0006 | Scaled: 0.0012 | Turnover: 11.55% | Vol Scale: 2.00
2026-03-02 16:15:50,150 - INFO - 
============================================================
2026-03-02 16:15:50,150 - INFO - Running paper trading for 2025-09-24
2026-03-02 16:15:50,150 - INFO - ============================================================
2026-03-02 16:15:50,151 - INFO - Portfolio construction: 38 longs, 38 shorts (from 38 candidates)
2026-03-02 16:15:50,151 - INFO - Vol targeting: rolling_vol=0.0370, scale=2.0000
2026-03-02 16:15:50,151 - WARNING - KS3 TRIGGERED: 60-day Sharpe -0.2339 < 0
2026-03-02 16:15:50,151 - INFO - PnL Net: -0.0044 | Scaled: -0.0087 | Turnover: 10.82% | Vol Scale: 2.00
2026-03-02 16:15:50,151 - INFO - 
============================================================
2026-03-02 16:15:50,151 - INFO - Running paper trading for 2025-09-25
2026-03-02 16:15:50,151 - INFO - ============================================================
2026-03-02 16:15:50,152 - INFO - Portfolio construction: 38 longs, 38 shorts (from 38 candidates)
2026-03-02 16:15:50,153 - INFO - Vol targeting: rolling_vol=0.0394, scale=2.0000
2026-03-02 16:15:50,153 - WARNING - KS3 TRIGGERED: 60-day Sharpe -0.0747 < 0
2026-03-02 16:15:50,153 - INFO - PnL Net: 0.0031 | Scaled: 0.0063 | Turnover: 11.32% | Vol Scale: 2.00
2026-03-02 16:15:50,153 - INFO - 
============================================================
2026-03-02 16:15:50,153 - INFO - Running paper trading for 2025-09-26
2026-03-02 16:15:50,153 - INFO - ============================================================
2026-03-02 16:15:50,154 - INFO - Portfolio construction: 38 longs, 38 shorts (from 38 candidates)
2026-03-02 16:15:50,154 - INFO - Vol targeting: rolling_vol=0.0396, scale=2.0000
2026-03-02 16:15:50,154 - WARNING - KS3 TRIGGERED: 60-day Sharpe -0.1133 < 0
2026-03-02 16:15:50,154 - INFO - PnL Net: 0.0009 | Scaled: 0.0019 | Turnover: 10.79% | Vol Scale: 2.00
2026-03-02 16:15:50,154 - INFO - 
============================================================
2026-03-02 16:15:50,154 - INFO - Running paper trading for 2025-09-29
2026-03-02 16:15:50,154 - INFO - ============================================================
2026-03-02 16:15:50,155 - INFO - Portfolio construction: 38 longs, 38 shorts (from 38 candidates)
2026-03-02 16:15:50,155 - INFO - Vol targeting: rolling_vol=0.0395, scale=2.0000
2026-03-02 16:15:50,156 - INFO - PnL Net: 0.0006 | Scaled: 0.0013 | Turnover: 18.78% | Vol Scale: 2.00
2026-03-02 16:15:50,156 - INFO - 
============================================================
2026-03-02 16:15:50,156 - INFO - Running paper trading for 2025-09-30
2026-03-02 16:15:50,156 - INFO - ============================================================
2026-03-02 16:15:50,157 - INFO - Portfolio construction: 38 longs, 38 shorts (from 38 candidates)
2026-03-02 16:15:50,157 - INFO - Vol targeting: rolling_vol=0.0394, scale=2.0000
2026-03-02 16:15:50,157 - INFO - PnL Net: 0.0013 | Scaled: 0.0026 | Turnover: 16.32% | Vol Scale: 2.00
2026-03-02 16:15:50,157 - INFO - 
============================================================
2026-03-02 16:15:50,157 - INFO - Running paper trading for 2025-10-01
2026-03-02 16:15:50,157 - INFO - ============================================================
2026-03-02 16:15:50,158 - INFO - Portfolio construction: 38 longs, 38 shorts (from 38 candidates)
2026-03-02 16:15:50,158 - INFO - Vol targeting: rolling_vol=0.0406, scale=1.9724
2026-03-02 16:15:50,158 - INFO - PnL Net: 0.0029 | Scaled: 0.0057 | Turnover: 13.62% | Vol Scale: 1.97
2026-03-02 16:15:50,158 - INFO - 
============================================================
2026-03-02 16:15:50,158 - INFO - Running paper trading for 2025-10-02
2026-03-02 16:15:50,158 - INFO - ============================================================
2026-03-02 16:15:50,159 - INFO - Portfolio construction: 38 longs, 38 shorts (from 38 candidates)
2026-03-02 16:15:50,159 - INFO - Vol targeting: rolling_vol=0.0415, scale=1.9257
2026-03-02 16:15:50,159 - INFO - PnL Net: 0.0028 | Scaled: 0.0053 | Turnover: 12.21% | Vol Scale: 1.93
2026-03-02 16:15:50,160 - INFO - 
============================================================
2026-03-02 16:15:50,160 - INFO - Running paper trading for 2025-10-03
2026-03-02 16:15:50,160 - INFO - ============================================================
2026-03-02 16:15:50,160 - INFO - Portfolio construction: 38 longs, 38 shorts (from 38 candidates)
2026-03-02 16:15:50,161 - INFO - Vol targeting: rolling_vol=0.0436, scale=1.8365
2026-03-02 16:15:50,161 - INFO - PnL Net: 0.0040 | Scaled: 0.0073 | Turnover: 10.49% | Vol Scale: 1.84
2026-03-02 16:15:50,161 - INFO - 
============================================================
2026-03-02 16:15:50,161 - INFO - Running paper trading for 2025-10-06
2026-03-02 16:15:50,161 - INFO - ============================================================
2026-03-02 16:15:50,162 - INFO - Portfolio construction: 38 longs, 38 shorts (from 38 candidates)
2026-03-02 16:15:50,162 - INFO - Vol targeting: rolling_vol=0.0440, scale=1.8163
2026-03-02 16:15:50,162 - INFO - PnL Net: -0.0017 | Scaled: -0.0032 | Turnover: 8.91% | Vol Scale: 1.82
2026-03-02 16:15:50,162 - INFO - 
============================================================
2026-03-02 16:15:50,162 - INFO - Running paper trading for 2025-10-07
2026-03-02 16:15:50,162 - INFO - ============================================================
2026-03-02 16:15:50,163 - INFO - Portfolio construction: 38 longs, 38 shorts (from 38 candidates)
2026-03-02 16:15:50,163 - INFO - Vol targeting: rolling_vol=0.0418, scale=1.9150
2026-03-02 16:15:50,163 - INFO - PnL Net: 0.0027 | Scaled: 0.0053 | Turnover: 7.62% | Vol Scale: 1.91
2026-03-02 16:15:50,163 - INFO - 
============================================================
2026-03-02 16:15:50,163 - INFO - Running paper trading for 2025-10-08
2026-03-02 16:15:50,164 - INFO - ============================================================
2026-03-02 16:15:50,164 - INFO - Portfolio construction: 38 longs, 38 shorts (from 38 candidates)
2026-03-02 16:15:50,165 - INFO - Vol targeting: rolling_vol=0.0400, scale=1.9984
2026-03-02 16:15:50,165 - INFO - PnL Net: -0.0012 | Scaled: -0.0024 | Turnover: 6.47% | Vol Scale: 2.00
2026-03-02 16:15:50,165 - INFO - 
============================================================
2026-03-02 16:15:50,165 - INFO - Running paper trading for 2025-10-09
2026-03-02 16:15:50,165 - INFO - ============================================================
2026-03-02 16:15:50,166 - INFO - Portfolio construction: 38 longs, 38 shorts (from 38 candidates)
2026-03-02 16:15:50,166 - INFO - Vol targeting: rolling_vol=0.0499, scale=1.6037
2026-03-02 16:15:50,166 - INFO - PnL Net: -0.0093 | Scaled: -0.0149 | Turnover: 6.11% | Vol Scale: 1.60
2026-03-02 16:15:50,166 - INFO - 
============================================================
2026-03-02 16:15:50,166 - INFO - Running paper trading for 2025-10-10
2026-03-02 16:15:50,166 - INFO - ============================================================
2026-03-02 16:15:50,167 - INFO - Portfolio construction: 38 longs, 38 shorts (from 38 candidates)
2026-03-02 16:15:50,167 - INFO - Vol targeting: rolling_vol=0.0501, scale=1.5958
2026-03-02 16:15:50,167 - INFO - PnL Net: 0.0026 | Scaled: 0.0041 | Turnover: 16.58% | Vol Scale: 1.60
2026-03-02 16:15:50,167 - INFO - 
============================================================
2026-03-02 16:15:50,167 - INFO - Running paper trading for 2025-10-13
2026-03-02 16:15:50,167 - INFO - ============================================================
2026-03-02 16:15:50,168 - INFO - Portfolio construction: 38 longs, 36 shorts (from 38 candidates)
2026-03-02 16:15:50,168 - INFO - Vol targeting: rolling_vol=0.0500, scale=1.5985
2026-03-02 16:15:50,168 - INFO - PnL Net: 0.0001 | Scaled: 0.0001 | Turnover: 21.87% | Vol Scale: 1.60
2026-03-02 16:15:50,168 - INFO - 
============================================================
2026-03-02 16:15:50,169 - INFO - Running paper trading for 2025-10-14
2026-03-02 16:15:50,169 - INFO - ============================================================
2026-03-02 16:15:50,170 - INFO - Portfolio construction: 38 longs, 38 shorts (from 38 candidates)
2026-03-02 16:15:50,170 - INFO - Vol targeting: rolling_vol=0.0503, scale=1.5894
2026-03-02 16:15:50,170 - INFO - PnL Net: 0.0017 | Scaled: 0.0028 | Turnover: 19.87% | Vol Scale: 1.59
2026-03-02 16:15:50,170 - INFO - 
============================================================
2026-03-02 16:15:50,170 - INFO - Running paper trading for 2025-10-15
2026-03-02 16:15:50,170 - INFO - ============================================================
2026-03-02 16:15:50,171 - INFO - Portfolio construction: 38 longs, 38 shorts (from 38 candidates)
2026-03-02 16:15:50,171 - INFO - Vol targeting: rolling_vol=0.0506, scale=1.5825
2026-03-02 16:15:50,171 - WARNING - KS3 TRIGGERED: 60-day Sharpe -0.2138 < 0
2026-03-02 16:15:50,171 - INFO - PnL Net: -0.0039 | Scaled: -0.0062 | Turnover: 19.76% | Vol Scale: 1.58
2026-03-02 16:15:50,171 - INFO - 
============================================================
2026-03-02 16:15:50,171 - INFO - Running paper trading for 2025-10-16
2026-03-02 16:15:50,171 - INFO - ============================================================
2026-03-02 16:15:50,172 - INFO - Portfolio construction: 38 longs, 38 shorts (from 38 candidates)
2026-03-02 16:15:50,172 - INFO - Vol targeting: rolling_vol=0.0497, scale=1.6093
2026-03-02 16:15:50,172 - INFO - PnL Net: 0.0004 | Scaled: 0.0006 | Turnover: 19.81% | Vol Scale: 1.61
2026-03-02 16:15:50,172 - INFO - 
============================================================
2026-03-02 16:15:50,172 - INFO - Running paper trading for 2025-10-17
2026-03-02 16:15:50,172 - INFO - ============================================================
2026-03-02 16:15:50,173 - INFO - Portfolio construction: 38 longs, 2 shorts (from 38 candidates)
2026-03-02 16:15:50,174 - INFO - Vol targeting: rolling_vol=0.0522, scale=1.5325
2026-03-02 16:15:50,174 - INFO - PnL Net: 0.0050 | Scaled: 0.0077 | Turnover: 21.18% | Vol Scale: 1.53
2026-03-02 16:15:50,174 - INFO - 
============================================================
2026-03-02 16:15:50,174 - INFO - Running paper trading for 2025-10-20
2026-03-02 16:15:50,174 - INFO - ============================================================
2026-03-02 16:15:50,175 - INFO - Portfolio construction: 38 longs, 38 shorts (from 38 candidates)
2026-03-02 16:15:50,175 - INFO - Vol targeting: rolling_vol=0.0521, scale=1.5369
2026-03-02 16:15:50,175 - INFO - PnL Net: 0.0028 | Scaled: 0.0043 | Turnover: 19.97% | Vol Scale: 1.54
2026-03-02 16:15:50,175 - INFO - 
============================================================
2026-03-02 16:15:50,175 - INFO - Running paper trading for 2025-10-21
2026-03-02 16:15:50,175 - INFO - ============================================================
2026-03-02 16:15:50,176 - INFO - Portfolio construction: 38 longs, 38 shorts (from 38 candidates)
2026-03-02 16:15:50,177 - INFO - Vol targeting: rolling_vol=0.0528, scale=1.5154
2026-03-02 16:15:50,177 - INFO - PnL Net: -0.0020 | Scaled: -0.0030 | Turnover: 17.75% | Vol Scale: 1.52
2026-03-02 16:15:50,177 - INFO - 
============================================================
2026-03-02 16:15:50,177 - INFO - Running paper trading for 2025-10-22
2026-03-02 16:15:50,177 - INFO - ============================================================
2026-03-02 16:15:50,178 - INFO - Portfolio construction: 38 longs, 38 shorts (from 38 candidates)
2026-03-02 16:15:50,178 - INFO - Vol targeting: rolling_vol=0.0516, scale=1.5499
2026-03-02 16:15:50,178 - INFO - PnL Net: 0.0046 | Scaled: 0.0071 | Turnover: 16.55% | Vol Scale: 1.55
2026-03-02 16:15:50,178 - INFO - 
============================================================
2026-03-02 16:15:50,179 - INFO - Running paper trading for 2025-10-23
2026-03-02 16:15:50,179 - INFO - ============================================================
2026-03-02 16:15:50,179 - INFO - Portfolio construction: 38 longs, 38 shorts (from 38 candidates)
2026-03-02 16:15:50,180 - INFO - Vol targeting: rolling_vol=0.0510, scale=1.5701
2026-03-02 16:15:50,180 - INFO - PnL Net: 0.0010 | Scaled: 0.0015 | Turnover: 18.04% | Vol Scale: 1.57
2026-03-02 16:15:50,180 - INFO - 
============================================================
2026-03-02 16:15:50,180 - INFO - Running paper trading for 2025-10-24
2026-03-02 16:15:50,180 - INFO - ============================================================
2026-03-02 16:15:50,181 - INFO - Portfolio construction: 38 longs, 38 shorts (from 38 candidates)
2026-03-02 16:15:50,181 - INFO - Vol targeting: rolling_vol=0.0511, scale=1.5665
2026-03-02 16:15:50,181 - INFO - PnL Net: 0.0018 | Scaled: 0.0028 | Turnover: 20.07% | Vol Scale: 1.57
2026-03-02 16:15:50,181 - INFO - 
============================================================
2026-03-02 16:15:50,181 - INFO - Running paper trading for 2025-10-27
2026-03-02 16:15:50,181 - INFO - ============================================================
2026-03-02 16:15:50,182 - INFO - Portfolio construction: 38 longs, 38 shorts (from 38 candidates)
2026-03-02 16:15:50,182 - INFO - Vol targeting: rolling_vol=0.0513, scale=1.5609
2026-03-02 16:15:50,182 - INFO - PnL Net: -0.0005 | Scaled: -0.0007 | Turnover: 20.20% | Vol Scale: 1.56
2026-03-02 16:15:50,182 - INFO - 
============================================================
2026-03-02 16:15:50,182 - INFO - Running paper trading for 2025-10-28
2026-03-02 16:15:50,182 - INFO - ============================================================
2026-03-02 16:15:50,183 - INFO - Portfolio construction: 38 longs, 38 shorts (from 38 candidates)
2026-03-02 16:15:50,183 - INFO - Vol targeting: rolling_vol=0.0516, scale=1.5503
2026-03-02 16:15:50,184 - INFO - PnL Net: -0.0011 | Scaled: -0.0017 | Turnover: 17.57% | Vol Scale: 1.55
2026-03-02 16:15:50,184 - INFO - 
============================================================
2026-03-02 16:15:50,184 - INFO - Running paper trading for 2025-10-29
2026-03-02 16:15:50,184 - INFO - ============================================================
2026-03-02 16:15:50,185 - INFO - Portfolio construction: 38 longs, 38 shorts (from 38 candidates)
2026-03-02 16:15:50,185 - INFO - Vol targeting: rolling_vol=0.0533, scale=1.4997
2026-03-02 16:15:50,185 - INFO - PnL Net: -0.0041 | Scaled: -0.0061 | Turnover: 16.24% | Vol Scale: 1.50
2026-03-02 16:15:50,185 - INFO - 
============================================================
2026-03-02 16:15:50,185 - INFO - Running paper trading for 2025-10-30
2026-03-02 16:15:50,185 - INFO - ============================================================
2026-03-02 16:15:50,186 - INFO - Portfolio construction: 38 longs, 38 shorts (from 38 candidates)
2026-03-02 16:15:50,186 - INFO - Vol targeting: rolling_vol=0.0529, scale=1.5111
2026-03-02 16:15:50,186 - INFO - PnL Net: 0.0019 | Scaled: 0.0029 | Turnover: 17.83% | Vol Scale: 1.51
2026-03-02 16:15:50,186 - INFO - 
============================================================
2026-03-02 16:15:50,186 - INFO - Running paper trading for 2025-10-31
2026-03-02 16:15:50,187 - INFO - ============================================================
2026-03-02 16:15:50,187 - INFO - Portfolio construction: 38 longs, 38 shorts (from 38 candidates)
2026-03-02 16:15:50,188 - INFO - Vol targeting: rolling_vol=0.0514, scale=1.5577
2026-03-02 16:15:50,188 - INFO - PnL Net: -0.0012 | Scaled: -0.0019 | Turnover: 17.75% | Vol Scale: 1.56
2026-03-02 16:15:50,188 - INFO - 
============================================================
2026-03-02 16:15:50,188 - INFO - Running paper trading for 2025-11-03
2026-03-02 16:15:50,188 - INFO - ============================================================
2026-03-02 16:15:50,189 - INFO - Portfolio construction: 38 longs, 38 shorts (from 38 candidates)
2026-03-02 16:15:50,189 - INFO - Vol targeting: rolling_vol=0.0532, scale=1.5032
2026-03-02 16:15:50,189 - INFO - PnL Net: -0.0044 | Scaled: -0.0065 | Turnover: 18.48% | Vol Scale: 1.50
2026-03-02 16:15:50,189 - INFO - 
============================================================
2026-03-02 16:15:50,189 - INFO - Running paper trading for 2025-11-04
2026-03-02 16:15:50,189 - INFO - ============================================================
2026-03-02 16:15:50,190 - INFO - Portfolio construction: 38 longs, 38 shorts (from 38 candidates)
2026-03-02 16:15:50,191 - INFO - Vol targeting: rolling_vol=0.0532, scale=1.5046
2026-03-02 16:15:50,191 - INFO - PnL Net: 0.0027 | Scaled: 0.0040 | Turnover: 18.50% | Vol Scale: 1.50
2026-03-02 16:15:50,191 - INFO - 
============================================================
2026-03-02 16:15:50,191 - INFO - Running paper trading for 2025-11-05
2026-03-02 16:15:50,191 - INFO - ============================================================
2026-03-02 16:15:50,192 - INFO - Portfolio construction: 38 longs, 38 shorts (from 38 candidates)
2026-03-02 16:15:50,192 - INFO - Vol targeting: rolling_vol=0.0556, scale=1.4381
2026-03-02 16:15:50,192 - WARNING - KS3 TRIGGERED: 60-day Sharpe -0.0205 < 0
2026-03-02 16:15:50,192 - INFO - PnL Net: -0.0050 | Scaled: -0.0071 | Turnover: 18.91% | Vol Scale: 1.44
2026-03-02 16:15:50,192 - INFO - 
============================================================
2026-03-02 16:15:50,192 - INFO - Running paper trading for 2025-11-06
2026-03-02 16:15:50,192 - INFO - ============================================================
2026-03-02 16:15:50,193 - INFO - Portfolio construction: 38 longs, 38 shorts (from 38 candidates)
2026-03-02 16:15:50,193 - INFO - Vol targeting: rolling_vol=0.0450, scale=1.7759
2026-03-02 16:15:50,194 - WARNING - KS3 TRIGGERED: 60-day Sharpe -0.0011 < 0
2026-03-02 16:15:50,194 - INFO - PnL Net: 0.0004 | Scaled: 0.0007 | Turnover: 19.27% | Vol Scale: 1.78
2026-03-02 16:15:50,194 - INFO - 
============================================================
2026-03-02 16:15:50,194 - INFO - Running paper trading for 2025-11-07
2026-03-02 16:15:50,194 - INFO - ============================================================
2026-03-02 16:15:50,195 - WARNING - No negative predictions for shorts - skipping short positions
2026-03-02 16:15:50,195 - INFO - Portfolio construction: 38 longs, 0 shorts (from 38 candidates)
2026-03-02 16:15:50,195 - INFO - Vol targeting: rolling_vol=0.0446, scale=1.7921
2026-03-02 16:15:50,195 - INFO - PnL Net: 0.0019 | Scaled: 0.0034 | Turnover: 13.18% | Vol Scale: 1.79
2026-03-02 16:15:50,195 - INFO - 
============================================================
2026-03-02 16:15:50,195 - INFO - Running paper trading for 2025-11-10
2026-03-02 16:15:50,195 - INFO - ============================================================
2026-03-02 16:15:50,196 - INFO - Portfolio construction: 38 longs, 38 shorts (from 38 candidates)
2026-03-02 16:15:50,196 - INFO - Vol targeting: rolling_vol=0.0454, scale=1.7634
2026-03-02 16:15:50,196 - INFO - PnL Net: 0.0024 | Scaled: 0.0043 | Turnover: 18.16% | Vol Scale: 1.76
2026-03-02 16:15:50,196 - INFO - 
============================================================
2026-03-02 16:15:50,196 - INFO - Running paper trading for 2025-11-11
2026-03-02 16:15:50,196 - INFO - ============================================================
2026-03-02 16:15:50,197 - INFO - Portfolio construction: 38 longs, 38 shorts (from 38 candidates)
2026-03-02 16:15:50,197 - INFO - Vol targeting: rolling_vol=0.0464, scale=1.7224
2026-03-02 16:15:50,198 - INFO - PnL Net: 0.0034 | Scaled: 0.0059 | Turnover: 16.31% | Vol Scale: 1.72
2026-03-02 16:15:50,198 - INFO - 
============================================================
2026-03-02 16:15:50,198 - INFO - Running paper trading for 2025-11-12
2026-03-02 16:15:50,198 - INFO - ============================================================
2026-03-02 16:15:50,198 - INFO - Portfolio construction: 38 longs, 38 shorts (from 38 candidates)
2026-03-02 16:15:50,198 - INFO - Vol targeting: rolling_vol=0.0448, scale=1.7861
2026-03-02 16:15:50,198 - INFO - PnL Net: -0.0022 | Scaled: -0.0039 | Turnover: 15.82% | Vol Scale: 1.79
2026-03-02 16:15:50,198 - INFO - 
============================================================
2026-03-02 16:15:50,198 - INFO - Running paper trading for 2025-11-13
2026-03-02 16:15:50,198 - INFO - ============================================================
2026-03-02 16:15:50,200 - INFO - Portfolio construction: 38 longs, 38 shorts (from 38 candidates)
2026-03-02 16:15:50,200 - INFO - Vol targeting: rolling_vol=0.0464, scale=1.7238
2026-03-02 16:15:50,200 - INFO - PnL Net: -0.0031 | Scaled: -0.0054 | Turnover: 17.53% | Vol Scale: 1.72
2026-03-02 16:15:50,200 - INFO - 
============================================================
2026-03-02 16:15:50,200 - INFO - Running paper trading for 2025-11-14
2026-03-02 16:15:50,200 - INFO - ============================================================
2026-03-02 16:15:50,201 - INFO - Portfolio construction: 38 longs, 38 shorts (from 38 candidates)
2026-03-02 16:15:50,202 - INFO - Vol targeting: rolling_vol=0.0494, scale=1.6195
2026-03-02 16:15:50,202 - WARNING - KS3 TRIGGERED: 60-day Sharpe -1.2139 < 0
2026-03-02 16:15:50,202 - INFO - PnL Net: -0.0071 | Scaled: -0.0114 | Turnover: 18.41% | Vol Scale: 1.62
2026-03-02 16:15:50,202 - INFO - 
============================================================
2026-03-02 16:15:50,202 - INFO - Running paper trading for 2025-11-17
2026-03-02 16:15:50,202 - INFO - ============================================================
2026-03-02 16:15:50,203 - INFO - Portfolio construction: 38 longs, 38 shorts (from 38 candidates)
2026-03-02 16:15:50,203 - INFO - Vol targeting: rolling_vol=0.0481, scale=1.6647
2026-03-02 16:15:50,203 - WARNING - KS3 TRIGGERED: 60-day Sharpe -0.9382 < 0
2026-03-02 16:15:50,203 - INFO - PnL Net: -0.0011 | Scaled: -0.0018 | Turnover: 18.60% | Vol Scale: 1.66
2026-03-02 16:15:50,203 - INFO - 
============================================================
2026-03-02 16:15:50,203 - INFO - Running paper trading for 2025-11-18
2026-03-02 16:15:50,203 - INFO - ============================================================
2026-03-02 16:15:50,204 - INFO - Portfolio construction: 38 longs, 38 shorts (from 38 candidates)
2026-03-02 16:15:50,205 - INFO - Vol targeting: rolling_vol=0.0478, scale=1.6738
2026-03-02 16:15:50,205 - WARNING - KS3 TRIGGERED: 60-day Sharpe -0.9945 < 0
2026-03-02 16:15:50,205 - INFO - PnL Net: -0.0001 | Scaled: -0.0002 | Turnover: 17.82% | Vol Scale: 1.67
2026-03-02 16:15:50,205 - INFO - 
============================================================
2026-03-02 16:15:50,205 - INFO - Running paper trading for 2025-11-19
2026-03-02 16:15:50,205 - INFO - ============================================================
2026-03-02 16:15:50,206 - INFO - Portfolio construction: 38 longs, 10 shorts (from 38 candidates)
2026-03-02 16:15:50,206 - INFO - Vol targeting: rolling_vol=0.0464, scale=1.7231
2026-03-02 16:15:50,206 - WARNING - KS3 TRIGGERED: 60-day Sharpe -1.4547 < 0
2026-03-02 16:15:50,206 - INFO - PnL Net: -0.0049 | Scaled: -0.0085 | Turnover: 20.34% | Vol Scale: 1.72
2026-03-02 16:15:50,206 - INFO - 
============================================================
2026-03-02 16:15:50,206 - INFO - Running paper trading for 2025-11-20
2026-03-02 16:15:50,206 - INFO - ============================================================
2026-03-02 16:15:50,207 - INFO - Portfolio construction: 38 longs, 4 shorts (from 38 candidates)
2026-03-02 16:15:50,207 - INFO - Vol targeting: rolling_vol=0.0537, scale=1.4897
2026-03-02 16:15:50,207 - WARNING - KS3 TRIGGERED: 60-day Sharpe -0.7805 < 0
2026-03-02 16:15:50,207 - INFO - PnL Net: 0.0070 | Scaled: 0.0104 | Turnover: 18.63% | Vol Scale: 1.49
2026-03-02 16:15:50,207 - INFO - 
============================================================
2026-03-02 16:15:50,207 - INFO - Running paper trading for 2025-11-21
2026-03-02 16:15:50,208 - INFO - ============================================================
2026-03-02 16:15:50,208 - WARNING - No negative predictions for shorts - skipping short positions
2026-03-02 16:15:50,208 - INFO - Portfolio construction: 38 longs, 0 shorts (from 38 candidates)
2026-03-02 16:15:50,209 - INFO - Vol targeting: rolling_vol=0.0544, scale=1.4711
2026-03-02 16:15:50,209 - WARNING - KS3 TRIGGERED: 60-day Sharpe -0.5647 < 0
2026-03-02 16:15:50,209 - INFO - PnL Net: 0.0028 | Scaled: 0.0041 | Turnover: 14.74% | Vol Scale: 1.47
2026-03-02 16:15:50,209 - INFO - 
============================================================
2026-03-02 16:15:50,209 - INFO - Running paper trading for 2025-11-24
2026-03-02 16:15:50,209 - INFO - ============================================================
2026-03-02 16:15:50,210 - INFO - Portfolio construction: 38 longs, 38 shorts (from 38 candidates)
2026-03-02 16:15:50,210 - INFO - Vol targeting: rolling_vol=0.0569, scale=1.4057
2026-03-02 16:15:50,210 - WARNING - KS3 TRIGGERED: 60-day Sharpe -0.0606 < 0
2026-03-02 16:15:50,210 - INFO - PnL Net: 0.0042 | Scaled: 0.0060 | Turnover: 18.63% | Vol Scale: 1.41
2026-03-02 16:15:50,210 - INFO - 
============================================================
2026-03-02 16:15:50,210 - INFO - Running paper trading for 2025-11-25
2026-03-02 16:15:50,210 - INFO - ============================================================
2026-03-02 16:15:50,211 - INFO - Portfolio construction: 38 longs, 29 shorts (from 38 candidates)
2026-03-02 16:15:50,212 - INFO - Vol targeting: rolling_vol=0.0582, scale=1.3744
2026-03-02 16:15:50,212 - INFO - PnL Net: 0.0033 | Scaled: 0.0045 | Turnover: 16.83% | Vol Scale: 1.37
2026-03-02 16:15:50,212 - INFO - 
============================================================
2026-03-02 16:15:50,212 - INFO - Running paper trading for 2025-11-26
2026-03-02 16:15:50,212 - INFO - ============================================================
2026-03-02 16:15:50,213 - INFO - Portfolio construction: 38 longs, 38 shorts (from 38 candidates)
2026-03-02 16:15:50,213 - INFO - Vol targeting: rolling_vol=0.0572, scale=1.3978
2026-03-02 16:15:50,213 - INFO - PnL Net: 0.0028 | Scaled: 0.0039 | Turnover: 19.67% | Vol Scale: 1.40
2026-03-02 16:15:50,213 - INFO - 
============================================================
2026-03-02 16:15:50,213 - INFO - Running paper trading for 2025-11-28
2026-03-02 16:15:50,213 - INFO - ============================================================
2026-03-02 16:15:50,213 - INFO - Portfolio construction: 38 longs, 38 shorts (from 38 candidates)
2026-03-02 16:15:50,214 - INFO - Vol targeting: rolling_vol=0.0570, scale=1.4044
2026-03-02 16:15:50,214 - INFO - PnL Net: -0.0008 | Scaled: -0.0011 | Turnover: 18.71% | Vol Scale: 1.40
2026-03-02 16:15:50,215 - INFO - 
============================================================
2026-03-02 16:15:50,215 - INFO - Running paper trading for 2025-12-01
2026-03-02 16:15:50,215 - INFO - ============================================================
2026-03-02 16:15:50,216 - INFO - Portfolio construction: 38 longs, 38 shorts (from 38 candidates)
2026-03-02 16:15:50,216 - INFO - Vol targeting: rolling_vol=0.0577, scale=1.3855
2026-03-02 16:15:50,216 - INFO - PnL Net: 0.0032 | Scaled: 0.0044 | Turnover: 17.87% | Vol Scale: 1.39
2026-03-02 16:15:50,216 - INFO - 
============================================================
2026-03-02 16:15:50,216 - INFO - Running paper trading for 2025-12-02
2026-03-02 16:15:50,216 - INFO - ============================================================
2026-03-02 16:15:50,217 - INFO - Portfolio construction: 38 longs, 38 shorts (from 38 candidates)
2026-03-02 16:15:50,217 - INFO - Vol targeting: rolling_vol=0.0579, scale=1.3813
2026-03-02 16:15:50,217 - INFO - PnL Net: 0.0056 | Scaled: 0.0077 | Turnover: 20.20% | Vol Scale: 1.38
2026-03-02 16:15:50,217 - INFO - 
============================================================
2026-03-02 16:15:50,217 - INFO - Running paper trading for 2025-12-03
2026-03-02 16:15:50,217 - INFO - ============================================================
2026-03-02 16:15:50,218 - INFO - Portfolio construction: 38 longs, 38 shorts (from 38 candidates)
2026-03-02 16:15:50,219 - INFO - Vol targeting: rolling_vol=0.0576, scale=1.3891
2026-03-02 16:15:50,219 - INFO - PnL Net: -0.0002 | Scaled: -0.0003 | Turnover: 19.11% | Vol Scale: 1.39
2026-03-02 16:15:50,219 - INFO - 
============================================================
2026-03-02 16:15:50,219 - INFO - Running paper trading for 2025-12-04
2026-03-02 16:15:50,219 - INFO - ============================================================
2026-03-02 16:15:50,219 - INFO - Portfolio construction: 38 longs, 3 shorts (from 38 candidates)
2026-03-02 16:15:50,219 - INFO - Vol targeting: rolling_vol=0.0539, scale=1.4845
2026-03-02 16:15:50,219 - INFO - PnL Net: 0.0005 | Scaled: 0.0008 | Turnover: 19.09% | Vol Scale: 1.48
2026-03-02 16:15:50,220 - INFO - 
============================================================
2026-03-02 16:15:50,220 - INFO - Running paper trading for 2025-12-05
2026-03-02 16:15:50,220 - INFO - ============================================================
2026-03-02 16:15:50,220 - INFO - Portfolio construction: 38 longs, 2 shorts (from 38 candidates)
2026-03-02 16:15:50,221 - INFO - Vol targeting: rolling_vol=0.0571, scale=1.4018
2026-03-02 16:15:50,221 - INFO - PnL Net: -0.0045 | Scaled: -0.0063 | Turnover: 19.14% | Vol Scale: 1.40
2026-03-02 16:15:50,221 - INFO - 
============================================================
2026-03-02 16:15:50,221 - INFO - Running paper trading for 2025-12-08
2026-03-02 16:15:50,221 - INFO - ============================================================
2026-03-02 16:15:50,222 - WARNING - No negative predictions for shorts - skipping short positions
2026-03-02 16:15:50,222 - INFO - Portfolio construction: 38 longs, 0 shorts (from 38 candidates)
2026-03-02 16:15:50,223 - INFO - Vol targeting: rolling_vol=0.0570, scale=1.4030
2026-03-02 16:15:50,223 - INFO - PnL Net: -0.0005 | Scaled: -0.0008 | Turnover: 15.68% | Vol Scale: 1.40
2026-03-02 16:15:50,223 - INFO - 
============================================================
2026-03-02 16:15:50,223 - INFO - Running paper trading for 2025-12-09
2026-03-02 16:15:50,223 - INFO - ============================================================
2026-03-02 16:15:50,224 - INFO - Portfolio construction: 38 longs, 2 shorts (from 38 candidates)
2026-03-02 16:15:50,224 - INFO - Vol targeting: rolling_vol=0.0607, scale=1.3183
2026-03-02 16:15:50,224 - INFO - PnL Net: 0.0068 | Scaled: 0.0089 | Turnover: 18.84% | Vol Scale: 1.32
2026-03-02 16:15:50,224 - INFO - 
============================================================
2026-03-02 16:15:50,224 - INFO - Running paper trading for 2025-12-10
2026-03-02 16:15:50,224 - INFO - ============================================================
2026-03-02 16:15:50,225 - WARNING - No negative predictions for shorts - skipping short positions
2026-03-02 16:15:50,225 - INFO - Portfolio construction: 38 longs, 0 shorts (from 38 candidates)
2026-03-02 16:15:50,225 - INFO - Vol targeting: rolling_vol=0.0675, scale=1.1847
2026-03-02 16:15:50,225 - INFO - PnL Net: 0.0096 | Scaled: 0.0114 | Turnover: 13.56% | Vol Scale: 1.18
2026-03-02 16:15:50,225 - INFO - 
============================================================
2026-03-02 16:15:50,225 - INFO - Running paper trading for 2025-12-11
2026-03-02 16:15:50,225 - INFO - ============================================================
2026-03-02 16:15:50,226 - INFO - Portfolio construction: 38 longs, 38 shorts (from 38 candidates)
2026-03-02 16:15:50,226 - INFO - Vol targeting: rolling_vol=0.0665, scale=1.2031
2026-03-02 16:15:50,226 - INFO - PnL Net: 0.0011 | Scaled: 0.0013 | Turnover: 17.58% | Vol Scale: 1.20
2026-03-02 16:15:50,226 - INFO - 
============================================================
2026-03-02 16:15:50,226 - INFO - Running paper trading for 2025-12-12
2026-03-02 16:15:50,226 - INFO - ============================================================
2026-03-02 16:15:50,227 - INFO - Portfolio construction: 38 longs, 38 shorts (from 38 candidates)
2026-03-02 16:15:50,227 - INFO - Vol targeting: rolling_vol=0.0646, scale=1.2379
2026-03-02 16:15:50,228 - INFO - PnL Net: 0.0020 | Scaled: 0.0025 | Turnover: 20.65% | Vol Scale: 1.24
2026-03-02 16:15:50,228 - INFO - 
============================================================
2026-03-02 16:15:50,228 - INFO - Running paper trading for 2025-12-15
2026-03-02 16:15:50,228 - INFO - ============================================================
2026-03-02 16:15:50,228 - INFO - Portfolio construction: 38 longs, 38 shorts (from 38 candidates)
2026-03-02 16:15:50,229 - INFO - Vol targeting: rolling_vol=0.0592, scale=1.3522
2026-03-02 16:15:50,229 - INFO - PnL Net: -0.0030 | Scaled: -0.0041 | Turnover: 19.78% | Vol Scale: 1.35
2026-03-02 16:15:50,229 - INFO - 
============================================================
2026-03-02 16:15:50,229 - INFO - Running paper trading for 2025-12-16
2026-03-02 16:15:50,229 - INFO - ============================================================
2026-03-02 16:15:50,229 - INFO - Portfolio construction: 38 longs, 38 shorts (from 38 candidates)
2026-03-02 16:15:50,231 - INFO - Vol targeting: rolling_vol=0.0591, scale=1.3527
2026-03-02 16:15:50,231 - INFO - PnL Net: -0.0011 | Scaled: -0.0014 | Turnover: 18.63% | Vol Scale: 1.35
2026-03-02 16:15:50,231 - INFO - 
============================================================
2026-03-02 16:15:50,231 - INFO - Running paper trading for 2025-12-17
2026-03-02 16:15:50,231 - INFO - ============================================================
2026-03-02 16:15:50,232 - INFO - Portfolio construction: 38 longs, 38 shorts (from 38 candidates)
2026-03-02 16:15:50,232 - INFO - Vol targeting: rolling_vol=0.0590, scale=1.3570
2026-03-02 16:15:50,232 - INFO - PnL Net: 0.0005 | Scaled: 0.0007 | Turnover: 18.11% | Vol Scale: 1.36
2026-03-02 16:15:50,232 - INFO - 
============================================================
2026-03-02 16:15:50,232 - INFO - Running paper trading for 2025-12-18
2026-03-02 16:15:50,232 - INFO - ============================================================
2026-03-02 16:15:50,233 - INFO - Portfolio construction: 38 longs, 38 shorts (from 38 candidates)
2026-03-02 16:15:50,233 - INFO - Vol targeting: rolling_vol=0.0538, scale=1.4865
2026-03-02 16:15:50,233 - INFO - PnL Net: 0.0014 | Scaled: 0.0021 | Turnover: 15.89% | Vol Scale: 1.49
2026-03-02 16:15:50,233 - INFO - 
============================================================
2026-03-02 16:15:50,233 - INFO - Running paper trading for 2025-12-19
2026-03-02 16:15:50,233 - INFO - ============================================================
2026-03-02 16:15:50,234 - INFO - Portfolio construction: 38 longs, 38 shorts (from 38 candidates)
2026-03-02 16:15:50,234 - INFO - Vol targeting: rolling_vol=0.0508, scale=1.5738
2026-03-02 16:15:50,235 - INFO - PnL Net: 0.0029 | Scaled: 0.0046 | Turnover: 15.26% | Vol Scale: 1.57
2026-03-02 16:15:50,235 - INFO - 
============================================================
2026-03-02 16:15:50,235 - INFO - Running paper trading for 2025-12-22
2026-03-02 16:15:50,235 - INFO - ============================================================
2026-03-02 16:15:50,236 - INFO - Portfolio construction: 38 longs, 38 shorts (from 38 candidates)
2026-03-02 16:15:50,236 - INFO - Vol targeting: rolling_vol=0.0516, scale=1.5517
2026-03-02 16:15:50,236 - INFO - PnL Net: -0.0009 | Scaled: -0.0014 | Turnover: 16.20% | Vol Scale: 1.55
2026-03-02 16:15:50,236 - INFO - 
============================================================
2026-03-02 16:15:50,236 - INFO - Running paper trading for 2025-12-23
2026-03-02 16:15:50,236 - INFO - ============================================================
2026-03-02 16:15:50,237 - INFO - Portfolio construction: 38 longs, 38 shorts (from 38 candidates)
2026-03-02 16:15:50,237 - INFO - Vol targeting: rolling_vol=0.0507, scale=1.5785
2026-03-02 16:15:50,237 - INFO - PnL Net: 0.0014 | Scaled: 0.0022 | Turnover: 18.49% | Vol Scale: 1.58
2026-03-02 16:15:50,237 - INFO - 
============================================================
2026-03-02 16:15:50,237 - INFO - Running paper trading for 2025-12-24
2026-03-02 16:15:50,237 - INFO - ============================================================
2026-03-02 16:15:50,239 - INFO - Portfolio construction: 38 longs, 38 shorts (from 38 candidates)
2026-03-02 16:15:50,239 - INFO - Vol targeting: rolling_vol=0.0504, scale=1.5889
2026-03-02 16:15:50,239 - INFO - PnL Net: 0.0005 | Scaled: 0.0008 | Turnover: 17.12% | Vol Scale: 1.59
2026-03-02 16:15:50,239 - INFO - 
============================================================
2026-03-02 16:15:50,239 - INFO - Running paper trading for 2025-12-26
2026-03-02 16:15:50,239 - INFO - ============================================================
2026-03-02 16:15:50,239 - INFO - Portfolio construction: 38 longs, 38 shorts (from 38 candidates)
2026-03-02 16:15:50,240 - INFO - Vol targeting: rolling_vol=0.0515, scale=1.5540
2026-03-02 16:15:50,240 - INFO - PnL Net: -0.0022 | Scaled: -0.0034 | Turnover: 16.78% | Vol Scale: 1.55
2026-03-02 16:15:50,240 - INFO - 
============================================================
2026-03-02 16:15:50,240 - INFO - Running paper trading for 2025-12-29
2026-03-02 16:15:50,240 - INFO - ============================================================
2026-03-02 16:15:50,241 - INFO - Portfolio construction: 38 longs, 38 shorts (from 38 candidates)
2026-03-02 16:15:50,241 - INFO - Vol targeting: rolling_vol=0.0514, scale=1.5572
2026-03-02 16:15:50,241 - INFO - PnL Net: -0.0006 | Scaled: -0.0009 | Turnover: 15.33% | Vol Scale: 1.56
2026-03-02 16:15:50,242 - INFO - 
============================================================
2026-03-02 16:15:50,242 - INFO - Running paper trading for 2026-02-20
2026-03-02 16:15:50,242 - INFO - ============================================================
2026-03-02 16:15:50,242 - INFO - Portfolio construction: 38 longs, 38 shorts (from 38 candidates)
2026-03-02 16:15:50,243 - INFO - Vol targeting: rolling_vol=0.0597, scale=1.3411
2026-03-02 16:15:50,243 - INFO - PnL Net: -0.0080 | Scaled: -0.0107 | Turnover: 21.23% | Vol Scale: 1.34
2026-03-02 16:15:50,243 - INFO - 
============================================================
2026-03-02 16:15:50,243 - INFO - Running paper trading for 2026-02-23
2026-03-02 16:15:50,243 - INFO - ============================================================
2026-03-02 16:15:50,244 - INFO - Portfolio construction: 38 longs, 38 shorts (from 38 candidates)
2026-03-02 16:15:50,244 - INFO - Vol targeting: rolling_vol=0.0594, scale=1.3476
2026-03-02 16:15:50,244 - INFO - PnL Net: 0.0053 | Scaled: 0.0071 | Turnover: 17.98% | Vol Scale: 1.35
2026-03-02 16:15:50,244 - INFO - 
============================================================
2026-03-02 16:15:50,244 - INFO - Running paper trading for 2026-02-24
2026-03-02 16:15:50,244 - INFO - ============================================================
2026-03-02 16:15:50,245 - INFO - Portfolio construction: 38 longs, 38 shorts (from 38 candidates)
2026-03-02 16:15:50,245 - INFO - Vol targeting: rolling_vol=0.0610, scale=1.3119
2026-03-02 16:15:50,245 - INFO - PnL Net: 0.0047 | Scaled: 0.0062 | Turnover: 15.33% | Vol Scale: 1.31
2026-03-02 16:15:50,245 - INFO - 
============================================================
2026-03-02 16:15:50,245 - INFO - Running paper trading for 2026-02-25
2026-03-02 16:15:50,245 - INFO - ============================================================
2026-03-02 16:15:50,245 - INFO - Portfolio construction: 38 longs, 38 shorts (from 38 candidates)
2026-03-02 16:15:50,246 - INFO - Vol targeting: rolling_vol=0.0610, scale=1.3115
2026-03-02 16:15:50,246 - INFO - PnL Net: 0.0003 | Scaled: 0.0004 | Turnover: 13.19% | Vol Scale: 1.31
2026-03-02 16:15:50,246 - INFO - 
============================================================
2026-03-02 16:15:50,246 - INFO - Running paper trading for 2026-02-26
2026-03-02 16:15:50,246 - INFO - ============================================================
2026-03-02 16:15:50,247 - INFO - Portfolio construction: 38 longs, 38 shorts (from 38 candidates)
2026-03-02 16:15:50,247 - INFO - Vol targeting: rolling_vol=0.0620, scale=1.2895
2026-03-02 16:15:50,247 - INFO - PnL Net: -0.0054 | Scaled: -0.0070 | Turnover: 12.09% | Vol Scale: 1.29
2026-03-02 16:15:50,248 - INFO - 
============================================================
2026-03-02 16:15:50,248 - INFO - Running paper trading for 2026-02-27
2026-03-02 16:15:50,248 - INFO - ============================================================
2026-03-02 16:15:50,248 - INFO - Portfolio construction: 38 longs, 38 shorts (from 38 candidates)
2026-03-02 16:15:50,249 - INFO - Vol targeting: rolling_vol=0.0628, scale=1.2737
2026-03-02 16:15:50,249 - INFO - PnL Net: -0.0023 | Scaled: -0.0030 | Turnover: 10.97% | Vol Scale: 1.27
2026-03-02 16:15:50,252 - INFO - Saved daily results to C:\Users\luixj\AI\stock-data\data\processed\phase4\phase4_paper_trading_daily.parquet
2026-03-02 16:15:50,252 - INFO - Saved summary to C:\Users\luixj\AI\stock-data\data\processed\phase4\phase4_paper_trading_summary.json
2026-03-02 16:15:50,252 - INFO - 
============================================================
2026-03-02 16:15:50,252 - INFO - PAPER TRADING SUMMARY
2026-03-02 16:15:50,252 - INFO - ============================================================
2026-03-02 16:15:50,252 - INFO - Trading Days: 194
2026-03-02 16:15:50,252 - INFO - 
RAW PERFORMANCE (no vol targeting):
2026-03-02 16:15:50,252 - INFO -   Sharpe Ratio: 1.18
2026-03-02 16:15:50,252 - INFO -   Annual Return: 8.56%
2026-03-02 16:15:50,252 - INFO -   Volatility: 7.27%
2026-03-02 16:15:50,252 - INFO - 
VOL-TARGETED PERFORMANCE:
2026-03-02 16:15:50,252 - INFO -   Sharpe Ratio: 1.08
2026-03-02 16:15:50,252 - INFO -   Annual Return: 9.61%
2026-03-02 16:15:50,252 - INFO -   Volatility: 8.93%
2026-03-02 16:15:50,252 - INFO - 
RISK METRICS:
2026-03-02 16:15:50,252 - INFO -   Max Drawdown: -4.72%
2026-03-02 16:15:50,252 - INFO -   Long Sharpe: 0.70
2026-03-02 16:15:50,252 - INFO -   Short Sharpe: 0.54
2026-03-02 16:15:50,252 - INFO - 
EXECUTION:
2026-03-02 16:15:50,252 - INFO -   Avg Turnover: 18.05%
2026-03-02 16:15:50,252 - INFO -   Avg Cost: 0.5 bps
2026-03-02 16:15:50,252 - INFO - 
KILL SWITCHES:
2026-03-02 16:15:50,253 - INFO -   Events: 15 (7.7% of days)
2026-03-02 16:15:50,253 - INFO - ============================================================
2026-03-02 16:15:50,253 - INFO - Simulation complete: 194 days | Sharpe(scaled)=1.08 | MaxDD=-4.7%
2026-03-02 16:15:50,658 - INFO - ============================================================
2026-03-02 16:15:50,658 - INFO - STEP 6: Syncing Qdrant
2026-03-02 16:15:50,658 - INFO - ============================================================
2026-03-02 16:15:51,143 - INFO - HTTP Request: GET http://localhost:6333 "HTTP/1.1 200 OK"
2026-03-02 16:15:51,174 - INFO - HTTP Request: GET http://localhost:6333/collections/stock_recommendations "HTTP/1.1 200 OK"
2026-03-02 16:15:51,175 - INFO - Collection 'stock_recommendations' already exists.
2026-03-02 16:15:51,177 - INFO - HTTP Request: GET http://localhost:6333/collections/trading_results "HTTP/1.1 200 OK"
2026-03-02 16:15:51,178 - INFO - Collection 'trading_results' already exists.
2026-03-02 16:15:51,180 - INFO - HTTP Request: GET http://localhost:6333/collections/performance_metrics "HTTP/1.1 200 OK"
2026-03-02 16:15:51,180 - INFO - Collection 'performance_metrics' already exists.
2026-03-02 16:15:51,182 - INFO - HTTP Request: GET http://localhost:6333/collections/daily_trade_strategies "HTTP/1.1 200 OK"
2026-03-02 16:15:51,183 - INFO - Collection 'daily_trade_strategies' already exists.
2026-03-02 16:15:51,202 - INFO - HTTP Request: POST http://localhost:6333/collections/stock_recommendations/points/delete?wait=true "HTTP/1.1 200 OK"
2026-03-02 16:15:51,203 - INFO - Cleared 'stock_recommendations'.
2026-03-02 16:15:51,222 - INFO - HTTP Request: POST http://localhost:6333/collections/trading_results/points/delete?wait=true "HTTP/1.1 200 OK"
2026-03-02 16:15:51,223 - INFO - Cleared 'trading_results'.
2026-03-02 16:15:51,237 - INFO - HTTP Request: POST http://localhost:6333/collections/performance_metrics/points/delete?wait=true "HTTP/1.1 200 OK"
2026-03-02 16:15:51,237 - INFO - Cleared 'performance_metrics'.
2026-03-02 16:15:51,271 - INFO - HTTP Request: POST http://localhost:6333/collections/daily_trade_strategies/points/delete?wait=true "HTTP/1.1 200 OK"
2026-03-02 16:15:51,272 - INFO - Cleared 'daily_trade_strategies'.
2026-03-02 16:15:51,300 - INFO - HTTP Request: PUT http://localhost:6333/collections/stock_recommendations/points?wait=true "HTTP/1.1 200 OK"
2026-03-02 16:15:51,324 - INFO - HTTP Request: PUT http://localhost:6333/collections/daily_trade_strategies/points?wait=true "HTTP/1.1 200 OK"
2026-03-02 16:15:51,328 - INFO - HTTP Request: PUT http://localhost:6333/collections/trading_results/points?wait=true "HTTP/1.1 200 OK"
2026-03-02 16:15:51,336 - INFO - HTTP Request: PUT http://localhost:6333/collections/stock_recommendations/points?wait=true "HTTP/1.1 200 OK"
2026-03-02 16:15:51,364 - INFO - HTTP Request: PUT http://localhost:6333/collections/daily_trade_strategies/points?wait=true "HTTP/1.1 200 OK"
2026-03-02 16:15:51,370 - INFO - HTTP Request: PUT http://localhost:6333/collections/trading_results/points?wait=true "HTTP/1.1 200 OK"
2026-03-02 16:15:51,381 - INFO - HTTP Request: PUT http://localhost:6333/collections/stock_recommendations/points?wait=true "HTTP/1.1 200 OK"
2026-03-02 16:15:51,425 - INFO - HTTP Request: PUT http://localhost:6333/collections/daily_trade_strategies/points?wait=true "HTTP/1.1 200 OK"
2026-03-02 16:15:51,453 - INFO - HTTP Request: PUT http://localhost:6333/collections/trading_results/points?wait=true "HTTP/1.1 200 OK"
2026-03-02 16:15:51,487 - INFO - HTTP Request: PUT http://localhost:6333/collections/stock_recommendations/points?wait=true "HTTP/1.1 200 OK"
2026-03-02 16:15:51,532 - INFO - HTTP Request: PUT http://localhost:6333/collections/daily_trade_strategies/points?wait=true "HTTP/1.1 200 OK"
2026-03-02 16:15:51,547 - INFO - HTTP Request: PUT http://localhost:6333/collections/trading_results/points?wait=true "HTTP/1.1 200 OK"
2026-03-02 16:15:51,578 - INFO - HTTP Request: PUT http://localhost:6333/collections/stock_recommendations/points?wait=true "HTTP/1.1 200 OK"
2026-03-02 16:15:51,606 - INFO - HTTP Request: PUT http://localhost:6333/collections/daily_trade_strategies/points?wait=true "HTTP/1.1 200 OK"
2026-03-02 16:15:51,614 - INFO - HTTP Request: PUT http://localhost:6333/collections/trading_results/points?wait=true "HTTP/1.1 200 OK"
2026-03-02 16:15:51,622 - INFO - HTTP Request: PUT http://localhost:6333/collections/stock_recommendations/points?wait=true "HTTP/1.1 200 OK"
2026-03-02 16:15:51,647 - INFO - HTTP Request: PUT http://localhost:6333/collections/daily_trade_strategies/points?wait=true "HTTP/1.1 200 OK"
2026-03-02 16:15:51,651 - INFO - HTTP Request: PUT http://localhost:6333/collections/trading_results/points?wait=true "HTTP/1.1 200 OK"
2026-03-02 16:15:51,670 - INFO - HTTP Request: PUT http://localhost:6333/collections/stock_recommendations/points?wait=true "HTTP/1.1 200 OK"
2026-03-02 16:15:51,694 - INFO - HTTP Request: PUT http://localhost:6333/collections/daily_trade_strategies/points?wait=true "HTTP/1.1 200 OK"
2026-03-02 16:15:51,699 - INFO - HTTP Request: PUT http://localhost:6333/collections/trading_results/points?wait=true "HTTP/1.1 200 OK"
2026-03-02 16:15:51,732 - INFO - HTTP Request: PUT http://localhost:6333/collections/stock_recommendations/points?wait=true "HTTP/1.1 200 OK"
2026-03-02 16:15:51,779 - INFO - HTTP Request: PUT http://localhost:6333/collections/daily_trade_strategies/points?wait=true "HTTP/1.1 200 OK"
2026-03-02 16:15:51,783 - INFO - HTTP Request: PUT http://localhost:6333/collections/trading_results/points?wait=true "HTTP/1.1 200 OK"
2026-03-02 16:15:51,808 - INFO - HTTP Request: PUT http://localhost:6333/collections/stock_recommendations/points?wait=true "HTTP/1.1 200 OK"
2026-03-02 16:15:51,833 - INFO - HTTP Request: PUT http://localhost:6333/collections/daily_trade_strategies/points?wait=true "HTTP/1.1 200 OK"
2026-03-02 16:15:51,837 - INFO - HTTP Request: PUT http://localhost:6333/collections/trading_results/points?wait=true "HTTP/1.1 200 OK"
2026-03-02 16:15:51,856 - INFO - HTTP Request: PUT http://localhost:6333/collections/stock_recommendations/points?wait=true "HTTP/1.1 200 OK"
2026-03-02 16:15:51,882 - INFO - HTTP Request: PUT http://localhost:6333/collections/daily_trade_strategies/points?wait=true "HTTP/1.1 200 OK"
2026-03-02 16:15:51,901 - INFO - HTTP Request: PUT http://localhost:6333/collections/trading_results/points?wait=true "HTTP/1.1 200 OK"
2026-03-02 16:15:51,911 - INFO - HTTP Request: PUT http://localhost:6333/collections/stock_recommendations/points?wait=true "HTTP/1.1 200 OK"
2026-03-02 16:15:51,949 - INFO - HTTP Request: PUT http://localhost:6333/collections/daily_trade_strategies/points?wait=true "HTTP/1.1 200 OK"
2026-03-02 16:15:51,955 - INFO - HTTP Request: PUT http://localhost:6333/collections/trading_results/points?wait=true "HTTP/1.1 200 OK"
2026-03-02 16:15:51,979 - INFO - HTTP Request: PUT http://localhost:6333/collections/stock_recommendations/points?wait=true "HTTP/1.1 200 OK"
2026-03-02 16:15:52,027 - INFO - HTTP Request: PUT http://localhost:6333/collections/daily_trade_strategies/points?wait=true "HTTP/1.1 200 OK"
2026-03-02 16:15:52,031 - INFO - HTTP Request: PUT http://localhost:6333/collections/trading_results/points?wait=true "HTTP/1.1 200 OK"
2026-03-02 16:15:52,057 - INFO - HTTP Request: PUT http://localhost:6333/collections/stock_recommendations/points?wait=true "HTTP/1.1 200 OK"
2026-03-02 16:15:52,082 - INFO - HTTP Request: PUT http://localhost:6333/collections/daily_trade_strategies/points?wait=true "HTTP/1.1 200 OK"
2026-03-02 16:15:52,086 - INFO - HTTP Request: PUT http://localhost:6333/collections/trading_results/points?wait=true "HTTP/1.1 200 OK"
2026-03-02 16:15:52,094 - INFO - HTTP Request: PUT http://localhost:6333/collections/stock_recommendations/points?wait=true "HTTP/1.1 200 OK"
2026-03-02 16:15:52,135 - INFO - HTTP Request: PUT http://localhost:6333/collections/daily_trade_strategies/points?wait=true "HTTP/1.1 200 OK"
2026-03-02 16:15:52,163 - INFO - HTTP Request: PUT http://localhost:6333/collections/trading_results/points?wait=true "HTTP/1.1 200 OK"
2026-03-02 16:15:52,196 - INFO - HTTP Request: PUT http://localhost:6333/collections/stock_recommendations/points?wait=true "HTTP/1.1 200 OK"
2026-03-02 16:15:52,243 - INFO - HTTP Request: PUT http://localhost:6333/collections/daily_trade_strategies/points?wait=true "HTTP/1.1 200 OK"
2026-03-02 16:15:52,247 - INFO - HTTP Request: PUT http://localhost:6333/collections/trading_results/points?wait=true "HTTP/1.1 200 OK"
2026-03-02 16:15:52,254 - INFO - HTTP Request: PUT http://localhost:6333/collections/stock_recommendations/points?wait=true "HTTP/1.1 200 OK"
2026-03-02 16:15:52,289 - INFO - HTTP Request: PUT http://localhost:6333/collections/daily_trade_strategies/points?wait=true "HTTP/1.1 200 OK"
2026-03-02 16:15:52,294 - INFO - HTTP Request: PUT http://localhost:6333/collections/trading_results/points?wait=true "HTTP/1.1 200 OK"
2026-03-02 16:15:52,320 - INFO - HTTP Request: PUT http://localhost:6333/collections/stock_recommendations/points?wait=true "HTTP/1.1 200 OK"
2026-03-02 16:15:52,366 - INFO - HTTP Request: PUT http://localhost:6333/collections/daily_trade_strategies/points?wait=true "HTTP/1.1 200 OK"
2026-03-02 16:15:52,370 - INFO - HTTP Request: PUT http://localhost:6333/collections/trading_results/points?wait=true "HTTP/1.1 200 OK"
2026-03-02 16:15:52,379 - INFO - HTTP Request: PUT http://localhost:6333/collections/stock_recommendations/points?wait=true "HTTP/1.1 200 OK"
2026-03-02 16:15:52,405 - INFO - HTTP Request: PUT http://localhost:6333/collections/daily_trade_strategies/points?wait=true "HTTP/1.1 200 OK"
2026-03-02 16:15:52,425 - INFO - HTTP Request: PUT http://localhost:6333/collections/trading_results/points?wait=true "HTTP/1.1 200 OK"
2026-03-02 16:15:52,438 - INFO - HTTP Request: PUT http://localhost:6333/collections/stock_recommendations/points?wait=true "HTTP/1.1 200 OK"
2026-03-02 16:15:52,464 - INFO - HTTP Request: PUT http://localhost:6333/collections/daily_trade_strategies/points?wait=true "HTTP/1.1 200 OK"
2026-03-02 16:15:52,470 - INFO - HTTP Request: PUT http://localhost:6333/collections/trading_results/points?wait=true "HTTP/1.1 200 OK"
2026-03-02 16:15:52,479 - INFO - HTTP Request: PUT http://localhost:6333/collections/stock_recommendations/points?wait=true "HTTP/1.1 200 OK"
2026-03-02 16:15:52,505 - INFO - HTTP Request: PUT http://localhost:6333/collections/daily_trade_strategies/points?wait=true "HTTP/1.1 200 OK"
2026-03-02 16:15:52,510 - INFO - HTTP Request: PUT http://localhost:6333/collections/trading_results/points?wait=true "HTTP/1.1 200 OK"
2026-03-02 16:15:52,533 - INFO - HTTP Request: PUT http://localhost:6333/collections/stock_recommendations/points?wait=true "HTTP/1.1 200 OK"
2026-03-02 16:15:52,557 - INFO - HTTP Request: PUT http://localhost:6333/collections/daily_trade_strategies/points?wait=true "HTTP/1.1 200 OK"
2026-03-02 16:15:52,578 - INFO - HTTP Request: PUT http://localhost:6333/collections/trading_results/points?wait=true "HTTP/1.1 200 OK"
2026-03-02 16:15:52,609 - INFO - HTTP Request: PUT http://localhost:6333/collections/stock_recommendations/points?wait=true "HTTP/1.1 200 OK"
2026-03-02 16:15:52,656 - INFO - HTTP Request: PUT http://localhost:6333/collections/daily_trade_strategies/points?wait=true "HTTP/1.1 200 OK"
2026-03-02 16:15:52,660 - INFO - HTTP Request: PUT http://localhost:6333/collections/trading_results/points?wait=true "HTTP/1.1 200 OK"
2026-03-02 16:15:52,686 - INFO - HTTP Request: PUT http://localhost:6333/collections/stock_recommendations/points?wait=true "HTTP/1.1 200 OK"
2026-03-02 16:15:52,733 - INFO - HTTP Request: PUT http://localhost:6333/collections/daily_trade_strategies/points?wait=true "HTTP/1.1 200 OK"
2026-03-02 16:15:52,736 - INFO - HTTP Request: PUT http://localhost:6333/collections/trading_results/points?wait=true "HTTP/1.1 200 OK"
2026-03-02 16:15:52,763 - INFO - HTTP Request: PUT http://localhost:6333/collections/stock_recommendations/points?wait=true "HTTP/1.1 200 OK"
2026-03-02 16:15:52,788 - INFO - HTTP Request: PUT http://localhost:6333/collections/daily_trade_strategies/points?wait=true "HTTP/1.1 200 OK"
2026-03-02 16:15:52,792 - INFO - HTTP Request: PUT http://localhost:6333/collections/trading_results/points?wait=true "HTTP/1.1 200 OK"
2026-03-02 16:15:52,800 - INFO - HTTP Request: PUT http://localhost:6333/collections/stock_recommendations/points?wait=true "HTTP/1.1 200 OK"
2026-03-02 16:15:52,848 - INFO - HTTP Request: PUT http://localhost:6333/collections/daily_trade_strategies/points?wait=true "HTTP/1.1 200 OK"
2026-03-02 16:15:52,870 - INFO - HTTP Request: PUT http://localhost:6333/collections/trading_results/points?wait=true "HTTP/1.1 200 OK"
2026-03-02 16:15:52,878 - INFO - HTTP Request: PUT http://localhost:6333/collections/stock_recommendations/points?wait=true "HTTP/1.1 200 OK"
2026-03-02 16:15:52,919 - INFO - HTTP Request: PUT http://localhost:6333/collections/daily_trade_strategies/points?wait=true "HTTP/1.1 200 OK"
2026-03-02 16:15:52,923 - INFO - HTTP Request: PUT http://localhost:6333/collections/trading_results/points?wait=true "HTTP/1.1 200 OK"
2026-03-02 16:15:52,929 - INFO - HTTP Request: PUT http://localhost:6333/collections/stock_recommendations/points?wait=true "HTTP/1.1 200 OK"
2026-03-02 16:15:52,966 - INFO - HTTP Request: PUT http://localhost:6333/collections/daily_trade_strategies/points?wait=true "HTTP/1.1 200 OK"
2026-03-02 16:15:52,980 - INFO - HTTP Request: PUT http://localhost:6333/collections/trading_results/points?wait=true "HTTP/1.1 200 OK"
2026-03-02 16:15:53,013 - INFO - HTTP Request: PUT http://localhost:6333/collections/stock_recommendations/points?wait=true "HTTP/1.1 200 OK"
2026-03-02 16:15:53,038 - INFO - HTTP Request: PUT http://localhost:6333/collections/daily_trade_strategies/points?wait=true "HTTP/1.1 200 OK"
2026-03-02 16:15:53,059 - INFO - HTTP Request: PUT http://localhost:6333/collections/trading_results/points?wait=true "HTTP/1.1 200 OK"
2026-03-02 16:15:53,093 - INFO - HTTP Request: PUT http://localhost:6333/collections/stock_recommendations/points?wait=true "HTTP/1.1 200 OK"
2026-03-02 16:15:53,139 - INFO - HTTP Request: PUT http://localhost:6333/collections/daily_trade_strategies/points?wait=true "HTTP/1.1 200 OK"
2026-03-02 16:15:53,144 - INFO - HTTP Request: PUT http://localhost:6333/collections/trading_results/points?wait=true "HTTP/1.1 200 OK"
2026-03-02 16:15:53,170 - INFO - HTTP Request: PUT http://localhost:6333/collections/stock_recommendations/points?wait=true "HTTP/1.1 200 OK"
2026-03-02 16:15:53,216 - INFO - HTTP Request: PUT http://localhost:6333/collections/daily_trade_strategies/points?wait=true "HTTP/1.1 200 OK"
2026-03-02 16:15:53,230 - INFO - HTTP Request: PUT http://localhost:6333/collections/trading_results/points?wait=true "HTTP/1.1 200 OK"
2026-03-02 16:15:53,262 - INFO - HTTP Request: PUT http://localhost:6333/collections/stock_recommendations/points?wait=true "HTTP/1.1 200 OK"
2026-03-02 16:15:53,293 - INFO - HTTP Request: PUT http://localhost:6333/collections/daily_trade_strategies/points?wait=true "HTTP/1.1 200 OK"
2026-03-02 16:15:53,296 - INFO - HTTP Request: PUT http://localhost:6333/collections/trading_results/points?wait=true "HTTP/1.1 200 OK"
2026-03-02 16:15:53,304 - INFO - HTTP Request: PUT http://localhost:6333/collections/stock_recommendations/points?wait=true "HTTP/1.1 200 OK"
2026-03-02 16:15:53,339 - INFO - HTTP Request: PUT http://localhost:6333/collections/daily_trade_strategies/points?wait=true "HTTP/1.1 200 OK"
2026-03-02 16:15:53,342 - INFO - HTTP Request: PUT http://localhost:6333/collections/trading_results/points?wait=true "HTTP/1.1 200 OK"
2026-03-02 16:15:53,372 - INFO - HTTP Request: PUT http://localhost:6333/collections/stock_recommendations/points?wait=true "HTTP/1.1 200 OK"
2026-03-02 16:15:53,398 - INFO - HTTP Request: PUT http://localhost:6333/collections/daily_trade_strategies/points?wait=true "HTTP/1.1 200 OK"
2026-03-02 16:15:53,417 - INFO - HTTP Request: PUT http://localhost:6333/collections/trading_results/points?wait=true "HTTP/1.1 200 OK"
2026-03-02 16:15:53,434 - INFO - HTTP Request: PUT http://localhost:6333/collections/stock_recommendations/points?wait=true "HTTP/1.1 200 OK"
2026-03-02 16:15:53,459 - INFO - HTTP Request: PUT http://localhost:6333/collections/daily_trade_strategies/points?wait=true "HTTP/1.1 200 OK"
2026-03-02 16:15:53,462 - INFO - HTTP Request: PUT http://localhost:6333/collections/trading_results/points?wait=true "HTTP/1.1 200 OK"
2026-03-02 16:15:53,482 - INFO - HTTP Request: PUT http://localhost:6333/collections/stock_recommendations/points?wait=true "HTTP/1.1 200 OK"
2026-03-02 16:15:53,506 - INFO - HTTP Request: PUT http://localhost:6333/collections/daily_trade_strategies/points?wait=true "HTTP/1.1 200 OK"
2026-03-02 16:15:53,512 - INFO - HTTP Request: PUT http://localhost:6333/collections/trading_results/points?wait=true "HTTP/1.1 200 OK"
2026-03-02 16:15:53,519 - INFO - HTTP Request: PUT http://localhost:6333/collections/stock_recommendations/points?wait=true "HTTP/1.1 200 OK"
2026-03-02 16:15:53,547 - INFO - HTTP Request: PUT http://localhost:6333/collections/daily_trade_strategies/points?wait=true "HTTP/1.1 200 OK"
2026-03-02 16:15:53,551 - INFO - HTTP Request: PUT http://localhost:6333/collections/trading_results/points?wait=true "HTTP/1.1 200 OK"
2026-03-02 16:15:53,559 - INFO - HTTP Request: PUT http://localhost:6333/collections/stock_recommendations/points?wait=true "HTTP/1.1 200 OK"
2026-03-02 16:15:53,584 - INFO - HTTP Request: PUT http://localhost:6333/collections/daily_trade_strategies/points?wait=true "HTTP/1.1 200 OK"
2026-03-02 16:15:53,588 - INFO - HTTP Request: PUT http://localhost:6333/collections/trading_results/points?wait=true "HTTP/1.1 200 OK"
2026-03-02 16:15:53,605 - INFO - HTTP Request: PUT http://localhost:6333/collections/stock_recommendations/points?wait=true "HTTP/1.1 200 OK"
2026-03-02 16:15:53,652 - INFO - HTTP Request: PUT http://localhost:6333/collections/daily_trade_strategies/points?wait=true "HTTP/1.1 200 OK"
2026-03-02 16:15:53,666 - INFO - HTTP Request: PUT http://localhost:6333/collections/trading_results/points?wait=true "HTTP/1.1 200 OK"
2026-03-02 16:15:53,674 - INFO - HTTP Request: PUT http://localhost:6333/collections/stock_recommendations/points?wait=true "HTTP/1.1 200 OK"
2026-03-02 16:15:53,699 - INFO - HTTP Request: PUT http://localhost:6333/collections/daily_trade_strategies/points?wait=true "HTTP/1.1 200 OK"
2026-03-02 16:15:53,704 - INFO - HTTP Request: PUT http://localhost:6333/collections/trading_results/points?wait=true "HTTP/1.1 200 OK"
2026-03-02 16:15:53,712 - INFO - HTTP Request: PUT http://localhost:6333/collections/stock_recommendations/points?wait=true "HTTP/1.1 200 OK"
2026-03-02 16:15:53,738 - INFO - HTTP Request: PUT http://localhost:6333/collections/daily_trade_strategies/points?wait=true "HTTP/1.1 200 OK"
2026-03-02 16:15:53,741 - INFO - HTTP Request: PUT http://localhost:6333/collections/trading_results/points?wait=true "HTTP/1.1 200 OK"
2026-03-02 16:15:53,751 - INFO - HTTP Request: PUT http://localhost:6333/collections/stock_recommendations/points?wait=true "HTTP/1.1 200 OK"
2026-03-02 16:15:53,793 - INFO - HTTP Request: PUT http://localhost:6333/collections/daily_trade_strategies/points?wait=true "HTTP/1.1 200 OK"
2026-03-02 16:15:53,806 - INFO - HTTP Request: PUT http://localhost:6333/collections/trading_results/points?wait=true "HTTP/1.1 200 OK"
2026-03-02 16:15:53,822 - INFO - HTTP Request: PUT http://localhost:6333/collections/stock_recommendations/points?wait=true "HTTP/1.1 200 OK"
2026-03-02 16:15:53,870 - INFO - HTTP Request: PUT http://localhost:6333/collections/daily_trade_strategies/points?wait=true "HTTP/1.1 200 OK"
2026-03-02 16:15:53,884 - INFO - HTTP Request: PUT http://localhost:6333/collections/trading_results/points?wait=true "HTTP/1.1 200 OK"
2026-03-02 16:15:53,892 - INFO - HTTP Request: PUT http://localhost:6333/collections/stock_recommendations/points?wait=true "HTTP/1.1 200 OK"
2026-03-02 16:15:53,933 - INFO - HTTP Request: PUT http://localhost:6333/collections/daily_trade_strategies/points?wait=true "HTTP/1.1 200 OK"
2026-03-02 16:15:53,962 - INFO - HTTP Request: PUT http://localhost:6333/collections/trading_results/points?wait=true "HTTP/1.1 200 OK"
2026-03-02 16:15:53,994 - INFO - HTTP Request: PUT http://localhost:6333/collections/stock_recommendations/points?wait=true "HTTP/1.1 200 OK"
2026-03-02 16:15:54,042 - INFO - HTTP Request: PUT http://localhost:6333/collections/daily_trade_strategies/points?wait=true "HTTP/1.1 200 OK"
2026-03-02 16:15:54,046 - INFO - HTTP Request: PUT http://localhost:6333/collections/trading_results/points?wait=true "HTTP/1.1 200 OK"
2026-03-02 16:15:54,054 - INFO - HTTP Request: PUT http://localhost:6333/collections/stock_recommendations/points?wait=true "HTTP/1.1 200 OK"
2026-03-02 16:15:54,080 - INFO - HTTP Request: PUT http://localhost:6333/collections/daily_trade_strategies/points?wait=true "HTTP/1.1 200 OK"
2026-03-02 16:15:54,084 - INFO - HTTP Request: PUT http://localhost:6333/collections/trading_results/points?wait=true "HTTP/1.1 200 OK"
2026-03-02 16:15:54,096 - INFO - HTTP Request: PUT http://localhost:6333/collections/stock_recommendations/points?wait=true "HTTP/1.1 200 OK"
2026-03-02 16:15:54,123 - INFO - HTTP Request: PUT http://localhost:6333/collections/daily_trade_strategies/points?wait=true "HTTP/1.1 200 OK"
2026-03-02 16:15:54,130 - INFO - HTTP Request: PUT http://localhost:6333/collections/trading_results/points?wait=true "HTTP/1.1 200 OK"
2026-03-02 16:15:54,153 - INFO - HTTP Request: PUT http://localhost:6333/collections/stock_recommendations/points?wait=true "HTTP/1.1 200 OK"
2026-03-02 16:15:54,178 - INFO - HTTP Request: PUT http://localhost:6333/collections/daily_trade_strategies/points?wait=true "HTTP/1.1 200 OK"
2026-03-02 16:15:54,181 - INFO - HTTP Request: PUT http://localhost:6333/collections/trading_results/points?wait=true "HTTP/1.1 200 OK"
2026-03-02 16:15:54,189 - INFO - HTTP Request: PUT http://localhost:6333/collections/stock_recommendations/points?wait=true "HTTP/1.1 200 OK"
2026-03-02 16:15:54,230 - INFO - HTTP Request: PUT http://localhost:6333/collections/daily_trade_strategies/points?wait=true "HTTP/1.1 200 OK"
2026-03-02 16:15:54,233 - INFO - HTTP Request: PUT http://localhost:6333/collections/trading_results/points?wait=true "HTTP/1.1 200 OK"
2026-03-02 16:15:54,262 - INFO - HTTP Request: PUT http://localhost:6333/collections/stock_recommendations/points?wait=true "HTTP/1.1 200 OK"
2026-03-02 16:15:54,307 - INFO - HTTP Request: PUT http://localhost:6333/collections/daily_trade_strategies/points?wait=true "HTTP/1.1 200 OK"
2026-03-02 16:15:54,311 - INFO - HTTP Request: PUT http://localhost:6333/collections/trading_results/points?wait=true "HTTP/1.1 200 OK"
2026-03-02 16:15:54,338 - INFO - HTTP Request: PUT http://localhost:6333/collections/stock_recommendations/points?wait=true "HTTP/1.1 200 OK"
2026-03-02 16:15:54,385 - INFO - HTTP Request: PUT http://localhost:6333/collections/daily_trade_strategies/points?wait=true "HTTP/1.1 200 OK"
2026-03-02 16:15:54,390 - INFO - HTTP Request: PUT http://localhost:6333/collections/trading_results/points?wait=true "HTTP/1.1 200 OK"
2026-03-02 16:15:54,416 - INFO - HTTP Request: PUT http://localhost:6333/collections/stock_recommendations/points?wait=true "HTTP/1.1 200 OK"
2026-03-02 16:15:54,464 - INFO - HTTP Request: PUT http://localhost:6333/collections/daily_trade_strategies/points?wait=true "HTTP/1.1 200 OK"
2026-03-02 16:15:54,484 - INFO - HTTP Request: PUT http://localhost:6333/collections/trading_results/points?wait=true "HTTP/1.1 200 OK"
2026-03-02 16:15:54,510 - INFO - HTTP Request: PUT http://localhost:6333/collections/stock_recommendations/points?wait=true "HTTP/1.1 200 OK"
2026-03-02 16:15:54,536 - INFO - HTTP Request: PUT http://localhost:6333/collections/daily_trade_strategies/points?wait=true "HTTP/1.1 200 OK"
2026-03-02 16:15:54,544 - INFO - HTTP Request: PUT http://localhost:6333/collections/trading_results/points?wait=true "HTTP/1.1 200 OK"
2026-03-02 16:15:54,574 - INFO - HTTP Request: PUT http://localhost:6333/collections/stock_recommendations/points?wait=true "HTTP/1.1 200 OK"
2026-03-02 16:15:54,598 - INFO - HTTP Request: PUT http://localhost:6333/collections/daily_trade_strategies/points?wait=true "HTTP/1.1 200 OK"
2026-03-02 16:15:54,601 - INFO - HTTP Request: PUT http://localhost:6333/collections/trading_results/points?wait=true "HTTP/1.1 200 OK"
2026-03-02 16:15:54,619 - INFO - HTTP Request: PUT http://localhost:6333/collections/stock_recommendations/points?wait=true "HTTP/1.1 200 OK"
2026-03-02 16:15:54,666 - INFO - HTTP Request: PUT http://localhost:6333/collections/daily_trade_strategies/points?wait=true "HTTP/1.1 200 OK"
2026-03-02 16:15:54,669 - INFO - HTTP Request: PUT http://localhost:6333/collections/trading_results/points?wait=true "HTTP/1.1 200 OK"
2026-03-02 16:15:54,697 - INFO - HTTP Request: PUT http://localhost:6333/collections/stock_recommendations/points?wait=true "HTTP/1.1 200 OK"
2026-03-02 16:15:54,722 - INFO - HTTP Request: PUT http://localhost:6333/collections/daily_trade_strategies/points?wait=true "HTTP/1.1 200 OK"
2026-03-02 16:15:54,726 - INFO - HTTP Request: PUT http://localhost:6333/collections/trading_results/points?wait=true "HTTP/1.1 200 OK"
2026-03-02 16:15:54,733 - INFO - HTTP Request: PUT http://localhost:6333/collections/stock_recommendations/points?wait=true "HTTP/1.1 200 OK"
2026-03-02 16:15:54,777 - INFO - HTTP Request: PUT http://localhost:6333/collections/daily_trade_strategies/points?wait=true "HTTP/1.1 200 OK"
2026-03-02 16:15:54,806 - INFO - HTTP Request: PUT http://localhost:6333/collections/trading_results/points?wait=true "HTTP/1.1 200 OK"
2026-03-02 16:15:54,814 - INFO - HTTP Request: PUT http://localhost:6333/collections/stock_recommendations/points?wait=true "HTTP/1.1 200 OK"
2026-03-02 16:15:54,853 - INFO - HTTP Request: PUT http://localhost:6333/collections/daily_trade_strategies/points?wait=true "HTTP/1.1 200 OK"
2026-03-02 16:15:54,867 - INFO - HTTP Request: PUT http://localhost:6333/collections/trading_results/points?wait=true "HTTP/1.1 200 OK"
2026-03-02 16:15:54,875 - INFO - HTTP Request: PUT http://localhost:6333/collections/stock_recommendations/points?wait=true "HTTP/1.1 200 OK"
2026-03-02 16:15:54,904 - INFO - HTTP Request: PUT http://localhost:6333/collections/daily_trade_strategies/points?wait=true "HTTP/1.1 200 OK"
2026-03-02 16:15:54,908 - INFO - HTTP Request: PUT http://localhost:6333/collections/trading_results/points?wait=true "HTTP/1.1 200 OK"
2026-03-02 16:15:54,930 - INFO - HTTP Request: PUT http://localhost:6333/collections/stock_recommendations/points?wait=true "HTTP/1.1 200 OK"
2026-03-02 16:15:54,955 - INFO - HTTP Request: PUT http://localhost:6333/collections/daily_trade_strategies/points?wait=true "HTTP/1.1 200 OK"
2026-03-02 16:15:54,961 - INFO - HTTP Request: PUT http://localhost:6333/collections/trading_results/points?wait=true "HTTP/1.1 200 OK"
2026-03-02 16:15:54,994 - INFO - HTTP Request: PUT http://localhost:6333/collections/stock_recommendations/points?wait=true "HTTP/1.1 200 OK"
2026-03-02 16:15:55,040 - INFO - HTTP Request: PUT http://localhost:6333/collections/daily_trade_strategies/points?wait=true "HTTP/1.1 200 OK"
2026-03-02 16:15:55,044 - INFO - HTTP Request: PUT http://localhost:6333/collections/trading_results/points?wait=true "HTTP/1.1 200 OK"
2026-03-02 16:15:55,051 - INFO - HTTP Request: PUT http://localhost:6333/collections/stock_recommendations/points?wait=true "HTTP/1.1 200 OK"
2026-03-02 16:15:55,076 - INFO - HTTP Request: PUT http://localhost:6333/collections/daily_trade_strategies/points?wait=true "HTTP/1.1 200 OK"
2026-03-02 16:15:55,079 - INFO - HTTP Request: PUT http://localhost:6333/collections/trading_results/points?wait=true "HTTP/1.1 200 OK"
2026-03-02 16:15:55,087 - INFO - HTTP Request: PUT http://localhost:6333/collections/stock_recommendations/points?wait=true "HTTP/1.1 200 OK"
2026-03-02 16:15:55,113 - INFO - HTTP Request: PUT http://localhost:6333/collections/daily_trade_strategies/points?wait=true "HTTP/1.1 200 OK"
2026-03-02 16:15:55,134 - INFO - HTTP Request: PUT http://localhost:6333/collections/trading_results/points?wait=true "HTTP/1.1 200 OK"
2026-03-02 16:15:55,167 - INFO - HTTP Request: PUT http://localhost:6333/collections/stock_recommendations/points?wait=true "HTTP/1.1 200 OK"
2026-03-02 16:15:55,212 - INFO - HTTP Request: PUT http://localhost:6333/collections/daily_trade_strategies/points?wait=true "HTTP/1.1 200 OK"
2026-03-02 16:15:55,216 - INFO - HTTP Request: PUT http://localhost:6333/collections/trading_results/points?wait=true "HTTP/1.1 200 OK"
2026-03-02 16:15:55,244 - INFO - HTTP Request: PUT http://localhost:6333/collections/stock_recommendations/points?wait=true "HTTP/1.1 200 OK"
2026-03-02 16:15:55,268 - INFO - HTTP Request: PUT http://localhost:6333/collections/daily_trade_strategies/points?wait=true "HTTP/1.1 200 OK"
2026-03-02 16:15:55,272 - INFO - HTTP Request: PUT http://localhost:6333/collections/trading_results/points?wait=true "HTTP/1.1 200 OK"
2026-03-02 16:15:55,279 - INFO - HTTP Request: PUT http://localhost:6333/collections/stock_recommendations/points?wait=true "HTTP/1.1 200 OK"
2026-03-02 16:15:55,303 - INFO - HTTP Request: PUT http://localhost:6333/collections/daily_trade_strategies/points?wait=true "HTTP/1.1 200 OK"
2026-03-02 16:15:55,306 - INFO - HTTP Request: PUT http://localhost:6333/collections/trading_results/points?wait=true "HTTP/1.1 200 OK"
2026-03-02 16:15:55,314 - INFO - HTTP Request: PUT http://localhost:6333/collections/stock_recommendations/points?wait=true "HTTP/1.1 200 OK"
2026-03-02 16:15:55,353 - INFO - HTTP Request: PUT http://localhost:6333/collections/daily_trade_strategies/points?wait=true "HTTP/1.1 200 OK"
2026-03-02 16:15:55,356 - INFO - HTTP Request: PUT http://localhost:6333/collections/trading_results/points?wait=true "HTTP/1.1 200 OK"
2026-03-02 16:15:55,366 - INFO - HTTP Request: PUT http://localhost:6333/collections/stock_recommendations/points?wait=true "HTTP/1.1 200 OK"
2026-03-02 16:15:55,396 - INFO - HTTP Request: PUT http://localhost:6333/collections/daily_trade_strategies/points?wait=true "HTTP/1.1 200 OK"
2026-03-02 16:15:55,401 - INFO - HTTP Request: PUT http://localhost:6333/collections/trading_results/points?wait=true "HTTP/1.1 200 OK"
2026-03-02 16:15:55,408 - INFO - HTTP Request: PUT http://localhost:6333/collections/stock_recommendations/points?wait=true "HTTP/1.1 200 OK"
2026-03-02 16:15:55,446 - INFO - HTTP Request: PUT http://localhost:6333/collections/daily_trade_strategies/points?wait=true "HTTP/1.1 200 OK"
2026-03-02 16:15:55,456 - INFO - HTTP Request: PUT http://localhost:6333/collections/trading_results/points?wait=true "HTTP/1.1 200 OK"
2026-03-02 16:15:55,476 - INFO - HTTP Request: PUT http://localhost:6333/collections/stock_recommendations/points?wait=true "HTTP/1.1 200 OK"
2026-03-02 16:15:55,523 - INFO - HTTP Request: PUT http://localhost:6333/collections/daily_trade_strategies/points?wait=true "HTTP/1.1 200 OK"
2026-03-02 16:15:55,528 - INFO - HTTP Request: PUT http://localhost:6333/collections/trading_results/points?wait=true "HTTP/1.1 200 OK"
2026-03-02 16:15:55,554 - INFO - HTTP Request: PUT http://localhost:6333/collections/stock_recommendations/points?wait=true "HTTP/1.1 200 OK"
2026-03-02 16:15:55,602 - INFO - HTTP Request: PUT http://localhost:6333/collections/daily_trade_strategies/points?wait=true "HTTP/1.1 200 OK"
2026-03-02 16:15:55,617 - INFO - HTTP Request: PUT http://localhost:6333/collections/trading_results/points?wait=true "HTTP/1.1 200 OK"
2026-03-02 16:15:55,649 - INFO - HTTP Request: PUT http://localhost:6333/collections/stock_recommendations/points?wait=true "HTTP/1.1 200 OK"
2026-03-02 16:15:55,678 - INFO - HTTP Request: PUT http://localhost:6333/collections/daily_trade_strategies/points?wait=true "HTTP/1.1 200 OK"
2026-03-02 16:15:55,682 - INFO - HTTP Request: PUT http://localhost:6333/collections/trading_results/points?wait=true "HTTP/1.1 200 OK"
2026-03-02 16:15:55,690 - INFO - HTTP Request: PUT http://localhost:6333/collections/stock_recommendations/points?wait=true "HTTP/1.1 200 OK"
2026-03-02 16:15:55,717 - INFO - HTTP Request: PUT http://localhost:6333/collections/daily_trade_strategies/points?wait=true "HTTP/1.1 200 OK"
2026-03-02 16:15:55,721 - INFO - HTTP Request: PUT http://localhost:6333/collections/trading_results/points?wait=true "HTTP/1.1 200 OK"
2026-03-02 16:15:55,729 - INFO - HTTP Request: PUT http://localhost:6333/collections/stock_recommendations/points?wait=true "HTTP/1.1 200 OK"
2026-03-02 16:15:55,757 - INFO - HTTP Request: PUT http://localhost:6333/collections/daily_trade_strategies/points?wait=true "HTTP/1.1 200 OK"
2026-03-02 16:15:55,761 - INFO - HTTP Request: PUT http://localhost:6333/collections/trading_results/points?wait=true "HTTP/1.1 200 OK"
2026-03-02 16:15:55,791 - INFO - HTTP Request: PUT http://localhost:6333/collections/stock_recommendations/points?wait=true "HTTP/1.1 200 OK"
2026-03-02 16:15:55,837 - INFO - HTTP Request: PUT http://localhost:6333/collections/daily_trade_strategies/points?wait=true "HTTP/1.1 200 OK"
2026-03-02 16:15:55,841 - INFO - HTTP Request: PUT http://localhost:6333/collections/trading_results/points?wait=true "HTTP/1.1 200 OK"
2026-03-02 16:15:55,849 - INFO - HTTP Request: PUT http://localhost:6333/collections/stock_recommendations/points?wait=true "HTTP/1.1 200 OK"
2026-03-02 16:15:55,885 - INFO - HTTP Request: PUT http://localhost:6333/collections/daily_trade_strategies/points?wait=true "HTTP/1.1 200 OK"
2026-03-02 16:15:55,890 - INFO - HTTP Request: PUT http://localhost:6333/collections/trading_results/points?wait=true "HTTP/1.1 200 OK"
2026-03-02 16:15:55,898 - INFO - HTTP Request: PUT http://localhost:6333/collections/stock_recommendations/points?wait=true "HTTP/1.1 200 OK"
2026-03-02 16:15:55,940 - INFO - HTTP Request: PUT http://localhost:6333/collections/daily_trade_strategies/points?wait=true "HTTP/1.1 200 OK"
2026-03-02 16:15:55,950 - INFO - HTTP Request: PUT http://localhost:6333/collections/trading_results/points?wait=true "HTTP/1.1 200 OK"
2026-03-02 16:15:55,957 - INFO - HTTP Request: PUT http://localhost:6333/collections/stock_recommendations/points?wait=true "HTTP/1.1 200 OK"
2026-03-02 16:15:55,982 - INFO - HTTP Request: PUT http://localhost:6333/collections/daily_trade_strategies/points?wait=true "HTTP/1.1 200 OK"
2026-03-02 16:15:55,987 - INFO - HTTP Request: PUT http://localhost:6333/collections/trading_results/points?wait=true "HTTP/1.1 200 OK"
2026-03-02 16:15:55,995 - INFO - HTTP Request: PUT http://localhost:6333/collections/stock_recommendations/points?wait=true "HTTP/1.1 200 OK"
2026-03-02 16:15:56,019 - INFO - HTTP Request: PUT http://localhost:6333/collections/daily_trade_strategies/points?wait=true "HTTP/1.1 200 OK"
2026-03-02 16:15:56,023 - INFO - HTTP Request: PUT http://localhost:6333/collections/trading_results/points?wait=true "HTTP/1.1 200 OK"
2026-03-02 16:15:56,041 - INFO - HTTP Request: PUT http://localhost:6333/collections/stock_recommendations/points?wait=true "HTTP/1.1 200 OK"
2026-03-02 16:15:56,066 - INFO - HTTP Request: PUT http://localhost:6333/collections/daily_trade_strategies/points?wait=true "HTTP/1.1 200 OK"
2026-03-02 16:15:56,070 - INFO - HTTP Request: PUT http://localhost:6333/collections/trading_results/points?wait=true "HTTP/1.1 200 OK"
2026-03-02 16:15:56,079 - INFO - HTTP Request: PUT http://localhost:6333/collections/stock_recommendations/points?wait=true "HTTP/1.1 200 OK"
2026-03-02 16:15:56,106 - INFO - HTTP Request: PUT http://localhost:6333/collections/daily_trade_strategies/points?wait=true "HTTP/1.1 200 OK"
2026-03-02 16:15:56,111 - INFO - HTTP Request: PUT http://localhost:6333/collections/trading_results/points?wait=true "HTTP/1.1 200 OK"
2026-03-02 16:15:56,120 - INFO - HTTP Request: PUT http://localhost:6333/collections/stock_recommendations/points?wait=true "HTTP/1.1 200 OK"
2026-03-02 16:15:56,166 - INFO - HTTP Request: PUT http://localhost:6333/collections/daily_trade_strategies/points?wait=true "HTTP/1.1 200 OK"
2026-03-02 16:15:56,170 - INFO - HTTP Request: PUT http://localhost:6333/collections/trading_results/points?wait=true "HTTP/1.1 200 OK"
2026-03-02 16:15:56,198 - INFO - HTTP Request: PUT http://localhost:6333/collections/stock_recommendations/points?wait=true "HTTP/1.1 200 OK"
2026-03-02 16:15:56,225 - INFO - HTTP Request: PUT http://localhost:6333/collections/daily_trade_strategies/points?wait=true "HTTP/1.1 200 OK"
2026-03-02 16:15:56,229 - INFO - HTTP Request: PUT http://localhost:6333/collections/trading_results/points?wait=true "HTTP/1.1 200 OK"
2026-03-02 16:15:56,238 - INFO - HTTP Request: PUT http://localhost:6333/collections/stock_recommendations/points?wait=true "HTTP/1.1 200 OK"
2026-03-02 16:15:56,276 - INFO - HTTP Request: PUT http://localhost:6333/collections/daily_trade_strategies/points?wait=true "HTTP/1.1 200 OK"
2026-03-02 16:15:56,280 - INFO - HTTP Request: PUT http://localhost:6333/collections/trading_results/points?wait=true "HTTP/1.1 200 OK"
2026-03-02 16:15:56,287 - INFO - HTTP Request: PUT http://localhost:6333/collections/stock_recommendations/points?wait=true "HTTP/1.1 200 OK"
2026-03-02 16:15:56,321 - INFO - HTTP Request: PUT http://localhost:6333/collections/daily_trade_strategies/points?wait=true "HTTP/1.1 200 OK"
2026-03-02 16:15:56,325 - INFO - HTTP Request: PUT http://localhost:6333/collections/trading_results/points?wait=true "HTTP/1.1 200 OK"
2026-03-02 16:15:56,332 - INFO - HTTP Request: PUT http://localhost:6333/collections/stock_recommendations/points?wait=true "HTTP/1.1 200 OK"
2026-03-02 16:15:56,369 - INFO - HTTP Request: PUT http://localhost:6333/collections/daily_trade_strategies/points?wait=true "HTTP/1.1 200 OK"
2026-03-02 16:15:56,383 - INFO - HTTP Request: PUT http://localhost:6333/collections/trading_results/points?wait=true "HTTP/1.1 200 OK"
2026-03-02 16:15:56,390 - INFO - HTTP Request: PUT http://localhost:6333/collections/stock_recommendations/points?wait=true "HTTP/1.1 200 OK"
2026-03-02 16:15:56,432 - INFO - HTTP Request: PUT http://localhost:6333/collections/daily_trade_strategies/points?wait=true "HTTP/1.1 200 OK"
2026-03-02 16:15:56,445 - INFO - HTTP Request: PUT http://localhost:6333/collections/trading_results/points?wait=true "HTTP/1.1 200 OK"
2026-03-02 16:15:56,459 - INFO - HTTP Request: PUT http://localhost:6333/collections/stock_recommendations/points?wait=true "HTTP/1.1 200 OK"
2026-03-02 16:15:56,483 - INFO - HTTP Request: PUT http://localhost:6333/collections/daily_trade_strategies/points?wait=true "HTTP/1.1 200 OK"
2026-03-02 16:15:56,487 - INFO - HTTP Request: PUT http://localhost:6333/collections/trading_results/points?wait=true "HTTP/1.1 200 OK"
2026-03-02 16:15:56,495 - INFO - HTTP Request: PUT http://localhost:6333/collections/stock_recommendations/points?wait=true "HTTP/1.1 200 OK"
2026-03-02 16:15:56,541 - INFO - HTTP Request: PUT http://localhost:6333/collections/daily_trade_strategies/points?wait=true "HTTP/1.1 200 OK"
2026-03-02 16:15:56,546 - INFO - HTTP Request: PUT http://localhost:6333/collections/trading_results/points?wait=true "HTTP/1.1 200 OK"
2026-03-02 16:15:56,552 - INFO - HTTP Request: PUT http://localhost:6333/collections/stock_recommendations/points?wait=true "HTTP/1.1 200 OK"
2026-03-02 16:15:56,586 - INFO - HTTP Request: PUT http://localhost:6333/collections/daily_trade_strategies/points?wait=true "HTTP/1.1 200 OK"
2026-03-02 16:15:56,590 - INFO - HTTP Request: PUT http://localhost:6333/collections/trading_results/points?wait=true "HTTP/1.1 200 OK"
2026-03-02 16:15:56,598 - INFO - HTTP Request: PUT http://localhost:6333/collections/stock_recommendations/points?wait=true "HTTP/1.1 200 OK"
2026-03-02 16:15:56,632 - INFO - HTTP Request: PUT http://localhost:6333/collections/daily_trade_strategies/points?wait=true "HTTP/1.1 200 OK"
2026-03-02 16:15:56,637 - INFO - HTTP Request: PUT http://localhost:6333/collections/trading_results/points?wait=true "HTTP/1.1 200 OK"
2026-03-02 16:15:56,644 - INFO - HTTP Request: PUT http://localhost:6333/collections/stock_recommendations/points?wait=true "HTTP/1.1 200 OK"
2026-03-02 16:15:56,670 - INFO - HTTP Request: PUT http://localhost:6333/collections/daily_trade_strategies/points?wait=true "HTTP/1.1 200 OK"
2026-03-02 16:15:56,674 - INFO - HTTP Request: PUT http://localhost:6333/collections/trading_results/points?wait=true "HTTP/1.1 200 OK"
2026-03-02 16:15:56,694 - INFO - HTTP Request: PUT http://localhost:6333/collections/stock_recommendations/points?wait=true "HTTP/1.1 200 OK"
2026-03-02 16:15:56,741 - INFO - HTTP Request: PUT http://localhost:6333/collections/daily_trade_strategies/points?wait=true "HTTP/1.1 200 OK"
2026-03-02 16:15:56,757 - INFO - HTTP Request: PUT http://localhost:6333/collections/trading_results/points?wait=true "HTTP/1.1 200 OK"
2026-03-02 16:15:56,765 - INFO - HTTP Request: PUT http://localhost:6333/collections/stock_recommendations/points?wait=true "HTTP/1.1 200 OK"
2026-03-02 16:15:56,805 - INFO - HTTP Request: PUT http://localhost:6333/collections/daily_trade_strategies/points?wait=true "HTTP/1.1 200 OK"
2026-03-02 16:15:56,809 - INFO - HTTP Request: PUT http://localhost:6333/collections/trading_results/points?wait=true "HTTP/1.1 200 OK"
2026-03-02 16:15:56,817 - INFO - HTTP Request: PUT http://localhost:6333/collections/stock_recommendations/points?wait=true "HTTP/1.1 200 OK"
2026-03-02 16:15:56,850 - INFO - HTTP Request: PUT http://localhost:6333/collections/daily_trade_strategies/points?wait=true "HTTP/1.1 200 OK"
2026-03-02 16:15:56,856 - INFO - HTTP Request: PUT http://localhost:6333/collections/trading_results/points?wait=true "HTTP/1.1 200 OK"
2026-03-02 16:15:56,884 - INFO - HTTP Request: PUT http://localhost:6333/collections/stock_recommendations/points?wait=true "HTTP/1.1 200 OK"
2026-03-02 16:15:56,911 - INFO - HTTP Request: PUT http://localhost:6333/collections/daily_trade_strategies/points?wait=true "HTTP/1.1 200 OK"
2026-03-02 16:15:56,917 - INFO - HTTP Request: PUT http://localhost:6333/collections/trading_results/points?wait=true "HTTP/1.1 200 OK"
2026-03-02 16:15:56,930 - INFO - HTTP Request: PUT http://localhost:6333/collections/stock_recommendations/points?wait=true "HTTP/1.1 200 OK"
2026-03-02 16:15:56,977 - INFO - HTTP Request: PUT http://localhost:6333/collections/daily_trade_strategies/points?wait=true "HTTP/1.1 200 OK"
2026-03-02 16:15:56,993 - INFO - HTTP Request: PUT http://localhost:6333/collections/trading_results/points?wait=true "HTTP/1.1 200 OK"
2026-03-02 16:15:57,004 - INFO - HTTP Request: PUT http://localhost:6333/collections/stock_recommendations/points?wait=true "HTTP/1.1 200 OK"
2026-03-02 16:15:57,042 - INFO - HTTP Request: PUT http://localhost:6333/collections/daily_trade_strategies/points?wait=true "HTTP/1.1 200 OK"
2026-03-02 16:15:57,057 - INFO - HTTP Request: PUT http://localhost:6333/collections/trading_results/points?wait=true "HTTP/1.1 200 OK"
2026-03-02 16:15:57,065 - INFO - HTTP Request: PUT http://localhost:6333/collections/stock_recommendations/points?wait=true "HTTP/1.1 200 OK"
2026-03-02 16:15:57,104 - INFO - HTTP Request: PUT http://localhost:6333/collections/daily_trade_strategies/points?wait=true "HTTP/1.1 200 OK"
2026-03-02 16:15:57,109 - INFO - HTTP Request: PUT http://localhost:6333/collections/trading_results/points?wait=true "HTTP/1.1 200 OK"
2026-03-02 16:15:57,135 - INFO - HTTP Request: PUT http://localhost:6333/collections/stock_recommendations/points?wait=true "HTTP/1.1 200 OK"
2026-03-02 16:15:57,183 - INFO - HTTP Request: PUT http://localhost:6333/collections/daily_trade_strategies/points?wait=true "HTTP/1.1 200 OK"
2026-03-02 16:15:57,189 - INFO - HTTP Request: PUT http://localhost:6333/collections/trading_results/points?wait=true "HTTP/1.1 200 OK"
2026-03-02 16:15:57,196 - INFO - HTTP Request: PUT http://localhost:6333/collections/stock_recommendations/points?wait=true "HTTP/1.1 200 OK"
2026-03-02 16:15:57,223 - INFO - HTTP Request: PUT http://localhost:6333/collections/daily_trade_strategies/points?wait=true "HTTP/1.1 200 OK"
2026-03-02 16:15:57,227 - INFO - HTTP Request: PUT http://localhost:6333/collections/trading_results/points?wait=true "HTTP/1.1 200 OK"
2026-03-02 16:15:57,235 - INFO - HTTP Request: PUT http://localhost:6333/collections/stock_recommendations/points?wait=true "HTTP/1.1 200 OK"
2026-03-02 16:15:57,275 - INFO - HTTP Request: PUT http://localhost:6333/collections/daily_trade_strategies/points?wait=true "HTTP/1.1 200 OK"
2026-03-02 16:15:57,279 - INFO - HTTP Request: PUT http://localhost:6333/collections/trading_results/points?wait=true "HTTP/1.1 200 OK"
2026-03-02 16:15:57,306 - INFO - HTTP Request: PUT http://localhost:6333/collections/stock_recommendations/points?wait=true "HTTP/1.1 200 OK"
2026-03-02 16:15:57,355 - INFO - HTTP Request: PUT http://localhost:6333/collections/daily_trade_strategies/points?wait=true "HTTP/1.1 200 OK"
2026-03-02 16:15:57,383 - INFO - HTTP Request: PUT http://localhost:6333/collections/trading_results/points?wait=true "HTTP/1.1 200 OK"
2026-03-02 16:15:57,392 - INFO - HTTP Request: PUT http://localhost:6333/collections/stock_recommendations/points?wait=true "HTTP/1.1 200 OK"
2026-03-02 16:15:57,419 - INFO - HTTP Request: PUT http://localhost:6333/collections/daily_trade_strategies/points?wait=true "HTTP/1.1 200 OK"
2026-03-02 16:15:57,425 - INFO - HTTP Request: PUT http://localhost:6333/collections/trading_results/points?wait=true "HTTP/1.1 200 OK"
2026-03-02 16:15:57,434 - INFO - HTTP Request: PUT http://localhost:6333/collections/stock_recommendations/points?wait=true "HTTP/1.1 200 OK"
2026-03-02 16:15:57,464 - INFO - HTTP Request: PUT http://localhost:6333/collections/daily_trade_strategies/points?wait=true "HTTP/1.1 200 OK"
2026-03-02 16:15:57,468 - INFO - HTTP Request: PUT http://localhost:6333/collections/trading_results/points?wait=true "HTTP/1.1 200 OK"
2026-03-02 16:15:57,474 - INFO - HTTP Request: PUT http://localhost:6333/collections/stock_recommendations/points?wait=true "HTTP/1.1 200 OK"
2026-03-02 16:15:57,503 - INFO - HTTP Request: PUT http://localhost:6333/collections/daily_trade_strategies/points?wait=true "HTTP/1.1 200 OK"
2026-03-02 16:15:57,508 - INFO - HTTP Request: PUT http://localhost:6333/collections/trading_results/points?wait=true "HTTP/1.1 200 OK"
2026-03-02 16:15:57,514 - INFO - HTTP Request: PUT http://localhost:6333/collections/stock_recommendations/points?wait=true "HTTP/1.1 200 OK"
2026-03-02 16:15:57,540 - INFO - HTTP Request: PUT http://localhost:6333/collections/daily_trade_strategies/points?wait=true "HTTP/1.1 200 OK"
2026-03-02 16:15:57,542 - INFO - HTTP Request: PUT http://localhost:6333/collections/trading_results/points?wait=true "HTTP/1.1 200 OK"
2026-03-02 16:15:57,572 - INFO - HTTP Request: PUT http://localhost:6333/collections/stock_recommendations/points?wait=true "HTTP/1.1 200 OK"
2026-03-02 16:15:57,597 - INFO - HTTP Request: PUT http://localhost:6333/collections/daily_trade_strategies/points?wait=true "HTTP/1.1 200 OK"
2026-03-02 16:15:57,601 - INFO - HTTP Request: PUT http://localhost:6333/collections/trading_results/points?wait=true "HTTP/1.1 200 OK"
2026-03-02 16:15:57,608 - INFO - HTTP Request: PUT http://localhost:6333/collections/stock_recommendations/points?wait=true "HTTP/1.1 200 OK"
2026-03-02 16:15:57,652 - INFO - HTTP Request: PUT http://localhost:6333/collections/daily_trade_strategies/points?wait=true "HTTP/1.1 200 OK"
2026-03-02 16:15:57,666 - INFO - HTTP Request: PUT http://localhost:6333/collections/trading_results/points?wait=true "HTTP/1.1 200 OK"
2026-03-02 16:15:57,699 - INFO - HTTP Request: PUT http://localhost:6333/collections/stock_recommendations/points?wait=true "HTTP/1.1 200 OK"
2026-03-02 16:15:57,727 - INFO - HTTP Request: PUT http://localhost:6333/collections/daily_trade_strategies/points?wait=true "HTTP/1.1 200 OK"
2026-03-02 16:15:57,730 - INFO - HTTP Request: PUT http://localhost:6333/collections/trading_results/points?wait=true "HTTP/1.1 200 OK"
2026-03-02 16:15:57,738 - INFO - HTTP Request: PUT http://localhost:6333/collections/stock_recommendations/points?wait=true "HTTP/1.1 200 OK"
2026-03-02 16:15:57,777 - INFO - HTTP Request: PUT http://localhost:6333/collections/daily_trade_strategies/points?wait=true "HTTP/1.1 200 OK"
2026-03-02 16:15:57,783 - INFO - HTTP Request: PUT http://localhost:6333/collections/trading_results/points?wait=true "HTTP/1.1 200 OK"
2026-03-02 16:15:57,808 - INFO - HTTP Request: PUT http://localhost:6333/collections/stock_recommendations/points?wait=true "HTTP/1.1 200 OK"
2026-03-02 16:15:57,835 - INFO - HTTP Request: PUT http://localhost:6333/collections/daily_trade_strategies/points?wait=true "HTTP/1.1 200 OK"
2026-03-02 16:15:57,837 - INFO - HTTP Request: PUT http://localhost:6333/collections/trading_results/points?wait=true "HTTP/1.1 200 OK"
2026-03-02 16:15:57,849 - INFO - HTTP Request: PUT http://localhost:6333/collections/stock_recommendations/points?wait=true "HTTP/1.1 200 OK"
2026-03-02 16:15:57,890 - INFO - HTTP Request: PUT http://localhost:6333/collections/daily_trade_strategies/points?wait=true "HTTP/1.1 200 OK"
2026-03-02 16:15:57,918 - INFO - HTTP Request: PUT http://localhost:6333/collections/trading_results/points?wait=true "HTTP/1.1 200 OK"
2026-03-02 16:15:57,949 - INFO - HTTP Request: PUT http://localhost:6333/collections/stock_recommendations/points?wait=true "HTTP/1.1 200 OK"
2026-03-02 16:15:57,976 - INFO - HTTP Request: PUT http://localhost:6333/collections/daily_trade_strategies/points?wait=true "HTTP/1.1 200 OK"
2026-03-02 16:15:57,996 - INFO - HTTP Request: PUT http://localhost:6333/collections/trading_results/points?wait=true "HTTP/1.1 200 OK"
2026-03-02 16:15:58,004 - INFO - HTTP Request: PUT http://localhost:6333/collections/stock_recommendations/points?wait=true "HTTP/1.1 200 OK"
2026-03-02 16:15:58,046 - INFO - HTTP Request: PUT http://localhost:6333/collections/daily_trade_strategies/points?wait=true "HTTP/1.1 200 OK"
2026-03-02 16:15:58,049 - INFO - HTTP Request: PUT http://localhost:6333/collections/trading_results/points?wait=true "HTTP/1.1 200 OK"
2026-03-02 16:15:58,056 - INFO - HTTP Request: PUT http://localhost:6333/collections/stock_recommendations/points?wait=true "HTTP/1.1 200 OK"
2026-03-02 16:15:58,081 - INFO - HTTP Request: PUT http://localhost:6333/collections/daily_trade_strategies/points?wait=true "HTTP/1.1 200 OK"
2026-03-02 16:15:58,085 - INFO - HTTP Request: PUT http://localhost:6333/collections/trading_results/points?wait=true "HTTP/1.1 200 OK"
2026-03-02 16:15:58,107 - INFO - HTTP Request: PUT http://localhost:6333/collections/stock_recommendations/points?wait=true "HTTP/1.1 200 OK"
2026-03-02 16:15:58,155 - INFO - HTTP Request: PUT http://localhost:6333/collections/daily_trade_strategies/points?wait=true "HTTP/1.1 200 OK"
2026-03-02 16:15:58,159 - INFO - HTTP Request: PUT http://localhost:6333/collections/trading_results/points?wait=true "HTTP/1.1 200 OK"
2026-03-02 16:15:58,186 - INFO - HTTP Request: PUT http://localhost:6333/collections/stock_recommendations/points?wait=true "HTTP/1.1 200 OK"
2026-03-02 16:15:58,231 - INFO - HTTP Request: PUT http://localhost:6333/collections/daily_trade_strategies/points?wait=true "HTTP/1.1 200 OK"
2026-03-02 16:15:58,235 - INFO - HTTP Request: PUT http://localhost:6333/collections/trading_results/points?wait=true "HTTP/1.1 200 OK"
2026-03-02 16:15:58,263 - INFO - HTTP Request: PUT http://localhost:6333/collections/stock_recommendations/points?wait=true "HTTP/1.1 200 OK"
2026-03-02 16:15:58,289 - INFO - HTTP Request: PUT http://localhost:6333/collections/daily_trade_strategies/points?wait=true "HTTP/1.1 200 OK"
2026-03-02 16:15:58,296 - INFO - HTTP Request: PUT http://localhost:6333/collections/trading_results/points?wait=true "HTTP/1.1 200 OK"
2026-03-02 16:15:58,303 - INFO - HTTP Request: PUT http://localhost:6333/collections/stock_recommendations/points?wait=true "HTTP/1.1 200 OK"
2026-03-02 16:15:58,340 - INFO - HTTP Request: PUT http://localhost:6333/collections/daily_trade_strategies/points?wait=true "HTTP/1.1 200 OK"
2026-03-02 16:15:58,345 - INFO - HTTP Request: PUT http://localhost:6333/collections/trading_results/points?wait=true "HTTP/1.1 200 OK"
2026-03-02 16:15:58,370 - INFO - HTTP Request: PUT http://localhost:6333/collections/stock_recommendations/points?wait=true "HTTP/1.1 200 OK"
2026-03-02 16:15:58,418 - INFO - HTTP Request: PUT http://localhost:6333/collections/daily_trade_strategies/points?wait=true "HTTP/1.1 200 OK"
2026-03-02 16:15:58,444 - INFO - HTTP Request: PUT http://localhost:6333/collections/trading_results/points?wait=true "HTTP/1.1 200 OK"
2026-03-02 16:15:58,463 - INFO - HTTP Request: PUT http://localhost:6333/collections/stock_recommendations/points?wait=true "HTTP/1.1 200 OK"
2026-03-02 16:15:58,511 - INFO - HTTP Request: PUT http://localhost:6333/collections/daily_trade_strategies/points?wait=true "HTTP/1.1 200 OK"
2026-03-02 16:15:58,515 - INFO - HTTP Request: PUT http://localhost:6333/collections/trading_results/points?wait=true "HTTP/1.1 200 OK"
2026-03-02 16:15:58,542 - INFO - HTTP Request: PUT http://localhost:6333/collections/stock_recommendations/points?wait=true "HTTP/1.1 200 OK"
2026-03-02 16:15:58,568 - INFO - HTTP Request: PUT http://localhost:6333/collections/daily_trade_strategies/points?wait=true "HTTP/1.1 200 OK"
2026-03-02 16:15:58,577 - INFO - HTTP Request: PUT http://localhost:6333/collections/trading_results/points?wait=true "HTTP/1.1 200 OK"
2026-03-02 16:15:58,585 - INFO - HTTP Request: PUT http://localhost:6333/collections/stock_recommendations/points?wait=true "HTTP/1.1 200 OK"
2026-03-02 16:15:58,611 - INFO - HTTP Request: PUT http://localhost:6333/collections/daily_trade_strategies/points?wait=true "HTTP/1.1 200 OK"
2026-03-02 16:15:58,614 - INFO - HTTP Request: PUT http://localhost:6333/collections/trading_results/points?wait=true "HTTP/1.1 200 OK"
2026-03-02 16:15:58,622 - INFO - HTTP Request: PUT http://localhost:6333/collections/stock_recommendations/points?wait=true "HTTP/1.1 200 OK"
2026-03-02 16:15:58,667 - INFO - HTTP Request: PUT http://localhost:6333/collections/daily_trade_strategies/points?wait=true "HTTP/1.1 200 OK"
2026-03-02 16:15:58,671 - INFO - HTTP Request: PUT http://localhost:6333/collections/trading_results/points?wait=true "HTTP/1.1 200 OK"
2026-03-02 16:15:58,678 - INFO - HTTP Request: PUT http://localhost:6333/collections/stock_recommendations/points?wait=true "HTTP/1.1 200 OK"
2026-03-02 16:15:58,704 - INFO - HTTP Request: PUT http://localhost:6333/collections/daily_trade_strategies/points?wait=true "HTTP/1.1 200 OK"
2026-03-02 16:15:58,729 - INFO - HTTP Request: PUT http://localhost:6333/collections/trading_results/points?wait=true "HTTP/1.1 200 OK"
2026-03-02 16:15:58,737 - INFO - HTTP Request: PUT http://localhost:6333/collections/stock_recommendations/points?wait=true "HTTP/1.1 200 OK"
2026-03-02 16:15:58,775 - INFO - HTTP Request: PUT http://localhost:6333/collections/daily_trade_strategies/points?wait=true "HTTP/1.1 200 OK"
2026-03-02 16:15:58,779 - INFO - HTTP Request: PUT http://localhost:6333/collections/trading_results/points?wait=true "HTTP/1.1 200 OK"
2026-03-02 16:15:58,808 - INFO - HTTP Request: PUT http://localhost:6333/collections/stock_recommendations/points?wait=true "HTTP/1.1 200 OK"
2026-03-02 16:15:58,834 - INFO - HTTP Request: PUT http://localhost:6333/collections/daily_trade_strategies/points?wait=true "HTTP/1.1 200 OK"
2026-03-02 16:15:58,838 - INFO - HTTP Request: PUT http://localhost:6333/collections/trading_results/points?wait=true "HTTP/1.1 200 OK"
2026-03-02 16:15:58,844 - INFO - HTTP Request: PUT http://localhost:6333/collections/stock_recommendations/points?wait=true "HTTP/1.1 200 OK"
2026-03-02 16:15:58,870 - INFO - HTTP Request: PUT http://localhost:6333/collections/daily_trade_strategies/points?wait=true "HTTP/1.1 200 OK"
2026-03-02 16:15:58,874 - INFO - HTTP Request: PUT http://localhost:6333/collections/trading_results/points?wait=true "HTTP/1.1 200 OK"
2026-03-02 16:15:58,881 - INFO - HTTP Request: PUT http://localhost:6333/collections/stock_recommendations/points?wait=true "HTTP/1.1 200 OK"
2026-03-02 16:15:58,929 - INFO - HTTP Request: PUT http://localhost:6333/collections/daily_trade_strategies/points?wait=true "HTTP/1.1 200 OK"
2026-03-02 16:15:58,943 - INFO - HTTP Request: PUT http://localhost:6333/collections/trading_results/points?wait=true "HTTP/1.1 200 OK"
2026-03-02 16:15:58,976 - INFO - HTTP Request: PUT http://localhost:6333/collections/stock_recommendations/points?wait=true "HTTP/1.1 200 OK"
2026-03-02 16:15:59,003 - INFO - HTTP Request: PUT http://localhost:6333/collections/daily_trade_strategies/points?wait=true "HTTP/1.1 200 OK"
2026-03-02 16:15:59,006 - INFO - HTTP Request: PUT http://localhost:6333/collections/trading_results/points?wait=true "HTTP/1.1 200 OK"
2026-03-02 16:15:59,014 - INFO - HTTP Request: PUT http://localhost:6333/collections/stock_recommendations/points?wait=true "HTTP/1.1 200 OK"
2026-03-02 16:15:59,039 - INFO - HTTP Request: PUT http://localhost:6333/collections/daily_trade_strategies/points?wait=true "HTTP/1.1 200 OK"
2026-03-02 16:15:59,044 - INFO - HTTP Request: PUT http://localhost:6333/collections/trading_results/points?wait=true "HTTP/1.1 200 OK"
2026-03-02 16:15:59,070 - INFO - HTTP Request: PUT http://localhost:6333/collections/stock_recommendations/points?wait=true "HTTP/1.1 200 OK"
2026-03-02 16:15:59,098 - INFO - HTTP Request: PUT http://localhost:6333/collections/daily_trade_strategies/points?wait=true "HTTP/1.1 200 OK"
2026-03-02 16:15:59,101 - INFO - HTTP Request: PUT http://localhost:6333/collections/trading_results/points?wait=true "HTTP/1.1 200 OK"
2026-03-02 16:15:59,110 - INFO - HTTP Request: PUT http://localhost:6333/collections/stock_recommendations/points?wait=true "HTTP/1.1 200 OK"
2026-03-02 16:15:59,150 - INFO - HTTP Request: PUT http://localhost:6333/collections/daily_trade_strategies/points?wait=true "HTTP/1.1 200 OK"
2026-03-02 16:15:59,164 - INFO - HTTP Request: PUT http://localhost:6333/collections/trading_results/points?wait=true "HTTP/1.1 200 OK"
2026-03-02 16:15:59,196 - INFO - HTTP Request: PUT http://localhost:6333/collections/stock_recommendations/points?wait=true "HTTP/1.1 200 OK"
2026-03-02 16:15:59,243 - INFO - HTTP Request: PUT http://localhost:6333/collections/daily_trade_strategies/points?wait=true "HTTP/1.1 200 OK"
2026-03-02 16:15:59,247 - INFO - HTTP Request: PUT http://localhost:6333/collections/trading_results/points?wait=true "HTTP/1.1 200 OK"
2026-03-02 16:15:59,256 - INFO - HTTP Request: PUT http://localhost:6333/collections/stock_recommendations/points?wait=true "HTTP/1.1 200 OK"
2026-03-02 16:15:59,282 - INFO - HTTP Request: PUT http://localhost:6333/collections/daily_trade_strategies/points?wait=true "HTTP/1.1 200 OK"
2026-03-02 16:15:59,286 - INFO - HTTP Request: PUT http://localhost:6333/collections/trading_results/points?wait=true "HTTP/1.1 200 OK"
2026-03-02 16:15:59,295 - INFO - HTTP Request: PUT http://localhost:6333/collections/stock_recommendations/points?wait=true "HTTP/1.1 200 OK"
2026-03-02 16:15:59,336 - INFO - HTTP Request: PUT http://localhost:6333/collections/daily_trade_strategies/points?wait=true "HTTP/1.1 200 OK"
2026-03-02 16:15:59,341 - INFO - HTTP Request: PUT http://localhost:6333/collections/trading_results/points?wait=true "HTTP/1.1 200 OK"
2026-03-02 16:15:59,368 - INFO - HTTP Request: PUT http://localhost:6333/collections/stock_recommendations/points?wait=true "HTTP/1.1 200 OK"
2026-03-02 16:15:59,394 - INFO - HTTP Request: PUT http://localhost:6333/collections/daily_trade_strategies/points?wait=true "HTTP/1.1 200 OK"
2026-03-02 16:15:59,398 - INFO - HTTP Request: PUT http://localhost:6333/collections/trading_results/points?wait=true "HTTP/1.1 200 OK"
2026-03-02 16:15:59,406 - INFO - HTTP Request: PUT http://localhost:6333/collections/stock_recommendations/points?wait=true "HTTP/1.1 200 OK"
2026-03-02 16:15:59,433 - INFO - HTTP Request: PUT http://localhost:6333/collections/daily_trade_strategies/points?wait=true "HTTP/1.1 200 OK"
2026-03-02 16:15:59,460 - INFO - HTTP Request: PUT http://localhost:6333/collections/trading_results/points?wait=true "HTTP/1.1 200 OK"
2026-03-02 16:15:59,467 - INFO - HTTP Request: PUT http://localhost:6333/collections/stock_recommendations/points?wait=true "HTTP/1.1 200 OK"
2026-03-02 16:15:59,508 - INFO - HTTP Request: PUT http://localhost:6333/collections/daily_trade_strategies/points?wait=true "HTTP/1.1 200 OK"
2026-03-02 16:15:59,523 - INFO - HTTP Request: PUT http://localhost:6333/collections/trading_results/points?wait=true "HTTP/1.1 200 OK"
2026-03-02 16:15:59,533 - INFO - HTTP Request: PUT http://localhost:6333/collections/stock_recommendations/points?wait=true "HTTP/1.1 200 OK"
2026-03-02 16:15:59,571 - INFO - HTTP Request: PUT http://localhost:6333/collections/daily_trade_strategies/points?wait=true "HTTP/1.1 200 OK"
2026-03-02 16:15:59,586 - INFO - HTTP Request: PUT http://localhost:6333/collections/trading_results/points?wait=true "HTTP/1.1 200 OK"
2026-03-02 16:15:59,618 - INFO - HTTP Request: PUT http://localhost:6333/collections/stock_recommendations/points?wait=true "HTTP/1.1 200 OK"
2026-03-02 16:15:59,664 - INFO - HTTP Request: PUT http://localhost:6333/collections/daily_trade_strategies/points?wait=true "HTTP/1.1 200 OK"
2026-03-02 16:15:59,679 - INFO - HTTP Request: PUT http://localhost:6333/collections/trading_results/points?wait=true "HTTP/1.1 200 OK"
2026-03-02 16:15:59,686 - INFO - HTTP Request: PUT http://localhost:6333/collections/stock_recommendations/points?wait=true "HTTP/1.1 200 OK"
2026-03-02 16:15:59,727 - INFO - HTTP Request: PUT http://localhost:6333/collections/daily_trade_strategies/points?wait=true "HTTP/1.1 200 OK"
2026-03-02 16:15:59,740 - INFO - HTTP Request: PUT http://localhost:6333/collections/trading_results/points?wait=true "HTTP/1.1 200 OK"
2026-03-02 16:15:59,777 - INFO - HTTP Request: PUT http://localhost:6333/collections/stock_recommendations/points?wait=true "HTTP/1.1 200 OK"
2026-03-02 16:15:59,804 - INFO - HTTP Request: PUT http://localhost:6333/collections/daily_trade_strategies/points?wait=true "HTTP/1.1 200 OK"
2026-03-02 16:15:59,819 - INFO - HTTP Request: PUT http://localhost:6333/collections/trading_results/points?wait=true "HTTP/1.1 200 OK"
2026-03-02 16:15:59,827 - INFO - HTTP Request: PUT http://localhost:6333/collections/stock_recommendations/points?wait=true "HTTP/1.1 200 OK"
2026-03-02 16:15:59,867 - INFO - HTTP Request: PUT http://localhost:6333/collections/daily_trade_strategies/points?wait=true "HTTP/1.1 200 OK"
2026-03-02 16:15:59,872 - INFO - HTTP Request: PUT http://localhost:6333/collections/trading_results/points?wait=true "HTTP/1.1 200 OK"
2026-03-02 16:15:59,878 - INFO - HTTP Request: PUT http://localhost:6333/collections/stock_recommendations/points?wait=true "HTTP/1.1 200 OK"
2026-03-02 16:15:59,905 - INFO - HTTP Request: PUT http://localhost:6333/collections/daily_trade_strategies/points?wait=true "HTTP/1.1 200 OK"
2026-03-02 16:15:59,909 - INFO - HTTP Request: PUT http://localhost:6333/collections/trading_results/points?wait=true "HTTP/1.1 200 OK"
2026-03-02 16:15:59,932 - INFO - HTTP Request: PUT http://localhost:6333/collections/stock_recommendations/points?wait=true "HTTP/1.1 200 OK"
2026-03-02 16:15:59,964 - INFO - HTTP Request: PUT http://localhost:6333/collections/daily_trade_strategies/points?wait=true "HTTP/1.1 200 OK"
2026-03-02 16:15:59,971 - INFO - HTTP Request: PUT http://localhost:6333/collections/trading_results/points?wait=true "HTTP/1.1 200 OK"
2026-03-02 16:15:59,983 - INFO - HTTP Request: PUT http://localhost:6333/collections/stock_recommendations/points?wait=true "HTTP/1.1 200 OK"
2026-03-02 16:16:00,025 - INFO - HTTP Request: PUT http://localhost:6333/collections/daily_trade_strategies/points?wait=true "HTTP/1.1 200 OK"
2026-03-02 16:16:00,029 - INFO - HTTP Request: PUT http://localhost:6333/collections/trading_results/points?wait=true "HTTP/1.1 200 OK"
2026-03-02 16:16:00,057 - INFO - HTTP Request: PUT http://localhost:6333/collections/stock_recommendations/points?wait=true "HTTP/1.1 200 OK"
2026-03-02 16:16:00,105 - INFO - HTTP Request: PUT http://localhost:6333/collections/daily_trade_strategies/points?wait=true "HTTP/1.1 200 OK"
2026-03-02 16:16:00,108 - INFO - HTTP Request: PUT http://localhost:6333/collections/trading_results/points?wait=true "HTTP/1.1 200 OK"
2026-03-02 16:16:00,136 - INFO - HTTP Request: PUT http://localhost:6333/collections/stock_recommendations/points?wait=true "HTTP/1.1 200 OK"
2026-03-02 16:16:00,163 - INFO - HTTP Request: PUT http://localhost:6333/collections/daily_trade_strategies/points?wait=true "HTTP/1.1 200 OK"
2026-03-02 16:16:00,167 - INFO - HTTP Request: PUT http://localhost:6333/collections/trading_results/points?wait=true "HTTP/1.1 200 OK"
2026-03-02 16:16:00,175 - INFO - HTTP Request: PUT http://localhost:6333/collections/stock_recommendations/points?wait=true "HTTP/1.1 200 OK"
2026-03-02 16:16:00,208 - INFO - HTTP Request: PUT http://localhost:6333/collections/daily_trade_strategies/points?wait=true "HTTP/1.1 200 OK"
2026-03-02 16:16:00,212 - INFO - HTTP Request: PUT http://localhost:6333/collections/trading_results/points?wait=true "HTTP/1.1 200 OK"
2026-03-02 16:16:00,220 - INFO - HTTP Request: PUT http://localhost:6333/collections/stock_recommendations/points?wait=true "HTTP/1.1 200 OK"
2026-03-02 16:16:00,261 - INFO - HTTP Request: PUT http://localhost:6333/collections/daily_trade_strategies/points?wait=true "HTTP/1.1 200 OK"
2026-03-02 16:16:00,276 - INFO - HTTP Request: PUT http://localhost:6333/collections/trading_results/points?wait=true "HTTP/1.1 200 OK"
2026-03-02 16:16:00,307 - INFO - HTTP Request: PUT http://localhost:6333/collections/stock_recommendations/points?wait=true "HTTP/1.1 200 OK"
2026-03-02 16:16:00,354 - INFO - HTTP Request: PUT http://localhost:6333/collections/daily_trade_strategies/points?wait=true "HTTP/1.1 200 OK"
2026-03-02 16:16:00,361 - INFO - HTTP Request: PUT http://localhost:6333/collections/trading_results/points?wait=true "HTTP/1.1 200 OK"
2026-03-02 16:16:00,385 - INFO - HTTP Request: PUT http://localhost:6333/collections/stock_recommendations/points?wait=true "HTTP/1.1 200 OK"
2026-03-02 16:16:00,431 - INFO - HTTP Request: PUT http://localhost:6333/collections/daily_trade_strategies/points?wait=true "HTTP/1.1 200 OK"
2026-03-02 16:16:00,435 - INFO - HTTP Request: PUT http://localhost:6333/collections/trading_results/points?wait=true "HTTP/1.1 200 OK"
2026-03-02 16:16:00,463 - INFO - HTTP Request: PUT http://localhost:6333/collections/stock_recommendations/points?wait=true "HTTP/1.1 200 OK"
2026-03-02 16:16:00,488 - INFO - HTTP Request: PUT http://localhost:6333/collections/daily_trade_strategies/points?wait=true "HTTP/1.1 200 OK"
2026-03-02 16:16:00,509 - INFO - HTTP Request: PUT http://localhost:6333/collections/trading_results/points?wait=true "HTTP/1.1 200 OK"
2026-03-02 16:16:00,542 - INFO - HTTP Request: PUT http://localhost:6333/collections/stock_recommendations/points?wait=true "HTTP/1.1 200 OK"
2026-03-02 16:16:00,590 - INFO - HTTP Request: PUT http://localhost:6333/collections/daily_trade_strategies/points?wait=true "HTTP/1.1 200 OK"
2026-03-02 16:16:00,593 - INFO - HTTP Request: PUT http://localhost:6333/collections/trading_results/points?wait=true "HTTP/1.1 200 OK"
2026-03-02 16:16:00,601 - INFO - HTTP Request: PUT http://localhost:6333/collections/stock_recommendations/points?wait=true "HTTP/1.1 200 OK"
2026-03-02 16:16:00,631 - INFO - HTTP Request: PUT http://localhost:6333/collections/daily_trade_strategies/points?wait=true "HTTP/1.1 200 OK"
2026-03-02 16:16:00,635 - INFO - HTTP Request: PUT http://localhost:6333/collections/trading_results/points?wait=true "HTTP/1.1 200 OK"
2026-03-02 16:16:00,643 - INFO - HTTP Request: PUT http://localhost:6333/collections/stock_recommendations/points?wait=true "HTTP/1.1 200 OK"
2026-03-02 16:16:00,682 - INFO - HTTP Request: PUT http://localhost:6333/collections/daily_trade_strategies/points?wait=true "HTTP/1.1 200 OK"
2026-03-02 16:16:00,687 - INFO - HTTP Request: PUT http://localhost:6333/collections/trading_results/points?wait=true "HTTP/1.1 200 OK"
2026-03-02 16:16:00,694 - INFO - HTTP Request: PUT http://localhost:6333/collections/stock_recommendations/points?wait=true "HTTP/1.1 200 OK"
2026-03-02 16:16:00,729 - INFO - HTTP Request: PUT http://localhost:6333/collections/daily_trade_strategies/points?wait=true "HTTP/1.1 200 OK"
2026-03-02 16:16:00,743 - INFO - HTTP Request: PUT http://localhost:6333/collections/trading_results/points?wait=true "HTTP/1.1 200 OK"
2026-03-02 16:16:00,751 - INFO - HTTP Request: PUT http://localhost:6333/collections/stock_recommendations/points?wait=true "HTTP/1.1 200 OK"
2026-03-02 16:16:00,776 - INFO - HTTP Request: PUT http://localhost:6333/collections/daily_trade_strategies/points?wait=true "HTTP/1.1 200 OK"
2026-03-02 16:16:00,780 - INFO - HTTP Request: PUT http://localhost:6333/collections/trading_results/points?wait=true "HTTP/1.1 200 OK"
2026-03-02 16:16:00,809 - INFO - HTTP Request: PUT http://localhost:6333/collections/stock_recommendations/points?wait=true "HTTP/1.1 200 OK"
2026-03-02 16:16:00,855 - INFO - HTTP Request: PUT http://localhost:6333/collections/daily_trade_strategies/points?wait=true "HTTP/1.1 200 OK"
2026-03-02 16:16:00,860 - INFO - HTTP Request: PUT http://localhost:6333/collections/trading_results/points?wait=true "HTTP/1.1 200 OK"
2026-03-02 16:16:00,888 - INFO - HTTP Request: PUT http://localhost:6333/collections/stock_recommendations/points?wait=true "HTTP/1.1 200 OK"
2026-03-02 16:16:00,914 - INFO - HTTP Request: PUT http://localhost:6333/collections/daily_trade_strategies/points?wait=true "HTTP/1.1 200 OK"
2026-03-02 16:16:00,918 - INFO - HTTP Request: PUT http://localhost:6333/collections/trading_results/points?wait=true "HTTP/1.1 200 OK"
2026-03-02 16:16:00,932 - INFO - HTTP Request: PUT http://localhost:6333/collections/stock_recommendations/points?wait=true "HTTP/1.1 200 OK"
2026-03-02 16:16:00,957 - INFO - HTTP Request: PUT http://localhost:6333/collections/daily_trade_strategies/points?wait=true "HTTP/1.1 200 OK"
2026-03-02 16:16:00,962 - INFO - HTTP Request: PUT http://localhost:6333/collections/trading_results/points?wait=true "HTTP/1.1 200 OK"
2026-03-02 16:16:00,971 - INFO - HTTP Request: PUT http://localhost:6333/collections/stock_recommendations/points?wait=true "HTTP/1.1 200 OK"
2026-03-02 16:16:00,997 - INFO - HTTP Request: PUT http://localhost:6333/collections/daily_trade_strategies/points?wait=true "HTTP/1.1 200 OK"
2026-03-02 16:16:01,001 - INFO - HTTP Request: PUT http://localhost:6333/collections/trading_results/points?wait=true "HTTP/1.1 200 OK"
2026-03-02 16:16:01,008 - INFO - HTTP Request: PUT http://localhost:6333/collections/stock_recommendations/points?wait=true "HTTP/1.1 200 OK"
2026-03-02 16:16:01,055 - INFO - HTTP Request: PUT http://localhost:6333/collections/daily_trade_strategies/points?wait=true "HTTP/1.1 200 OK"
2026-03-02 16:16:01,059 - INFO - HTTP Request: PUT http://localhost:6333/collections/trading_results/points?wait=true "HTTP/1.1 200 OK"
2026-03-02 16:16:01,086 - INFO - HTTP Request: PUT http://localhost:6333/collections/stock_recommendations/points?wait=true "HTTP/1.1 200 OK"
2026-03-02 16:16:01,111 - INFO - HTTP Request: PUT http://localhost:6333/collections/daily_trade_strategies/points?wait=true "HTTP/1.1 200 OK"
2026-03-02 16:16:01,131 - INFO - HTTP Request: PUT http://localhost:6333/collections/trading_results/points?wait=true "HTTP/1.1 200 OK"
2026-03-02 16:16:01,148 - INFO - HTTP Request: PUT http://localhost:6333/collections/stock_recommendations/points?wait=true "HTTP/1.1 200 OK"
2026-03-02 16:16:01,194 - INFO - HTTP Request: PUT http://localhost:6333/collections/daily_trade_strategies/points?wait=true "HTTP/1.1 200 OK"
2026-03-02 16:16:01,199 - INFO - HTTP Request: PUT http://localhost:6333/collections/trading_results/points?wait=true "HTTP/1.1 200 OK"
2026-03-02 16:16:01,228 - INFO - HTTP Request: PUT http://localhost:6333/collections/stock_recommendations/points?wait=true "HTTP/1.1 200 OK"
2026-03-02 16:16:01,273 - INFO - HTTP Request: PUT http://localhost:6333/collections/daily_trade_strategies/points?wait=true "HTTP/1.1 200 OK"
2026-03-02 16:16:01,279 - INFO - HTTP Request: PUT http://localhost:6333/collections/trading_results/points?wait=true "HTTP/1.1 200 OK"
2026-03-02 16:16:01,288 - INFO - HTTP Request: PUT http://localhost:6333/collections/stock_recommendations/points?wait=true "HTTP/1.1 200 OK"
2026-03-02 16:16:01,342 - INFO - HTTP Request: PUT http://localhost:6333/collections/daily_trade_strategies/points?wait=true "HTTP/1.1 200 OK"
2026-03-02 16:16:01,347 - INFO - HTTP Request: PUT http://localhost:6333/collections/trading_results/points?wait=true "HTTP/1.1 200 OK"
2026-03-02 16:16:01,368 - INFO - HTTP Request: PUT http://localhost:6333/collections/stock_recommendations/points?wait=true "HTTP/1.1 200 OK"
2026-03-02 16:16:01,414 - INFO - HTTP Request: PUT http://localhost:6333/collections/daily_trade_strategies/points?wait=true "HTTP/1.1 200 OK"
2026-03-02 16:16:01,420 - INFO - HTTP Request: PUT http://localhost:6333/collections/trading_results/points?wait=true "HTTP/1.1 200 OK"
2026-03-02 16:16:01,429 - INFO - HTTP Request: PUT http://localhost:6333/collections/stock_recommendations/points?wait=true "HTTP/1.1 200 OK"
2026-03-02 16:16:01,477 - INFO - HTTP Request: PUT http://localhost:6333/collections/daily_trade_strategies/points?wait=true "HTTP/1.1 200 OK"
2026-03-02 16:16:01,493 - INFO - HTTP Request: PUT http://localhost:6333/collections/trading_results/points?wait=true "HTTP/1.1 200 OK"
2026-03-02 16:16:01,501 - INFO - HTTP Request: PUT http://localhost:6333/collections/stock_recommendations/points?wait=true "HTTP/1.1 200 OK"
2026-03-02 16:16:01,539 - INFO - HTTP Request: PUT http://localhost:6333/collections/daily_trade_strategies/points?wait=true "HTTP/1.1 200 OK"
2026-03-02 16:16:01,554 - INFO - HTTP Request: PUT http://localhost:6333/collections/trading_results/points?wait=true "HTTP/1.1 200 OK"
2026-03-02 16:16:01,561 - INFO - HTTP Request: PUT http://localhost:6333/collections/stock_recommendations/points?wait=true "HTTP/1.1 200 OK"
2026-03-02 16:16:01,601 - INFO - HTTP Request: PUT http://localhost:6333/collections/daily_trade_strategies/points?wait=true "HTTP/1.1 200 OK"
2026-03-02 16:16:01,616 - INFO - HTTP Request: PUT http://localhost:6333/collections/trading_results/points?wait=true "HTTP/1.1 200 OK"
2026-03-02 16:16:01,623 - INFO - HTTP Request: PUT http://localhost:6333/collections/stock_recommendations/points?wait=true "HTTP/1.1 200 OK"
2026-03-02 16:16:01,649 - INFO - HTTP Request: PUT http://localhost:6333/collections/daily_trade_strategies/points?wait=true "HTTP/1.1 200 OK"
2026-03-02 16:16:01,653 - INFO - HTTP Request: PUT http://localhost:6333/collections/trading_results/points?wait=true "HTTP/1.1 200 OK"
2026-03-02 16:16:01,659 - INFO - HTTP Request: PUT http://localhost:6333/collections/stock_recommendations/points?wait=true "HTTP/1.1 200 OK"
2026-03-02 16:16:01,683 - INFO - HTTP Request: PUT http://localhost:6333/collections/daily_trade_strategies/points?wait=true "HTTP/1.1 200 OK"
2026-03-02 16:16:01,687 - INFO - HTTP Request: PUT http://localhost:6333/collections/trading_results/points?wait=true "HTTP/1.1 200 OK"
2026-03-02 16:16:01,693 - INFO - HTTP Request: PUT http://localhost:6333/collections/stock_recommendations/points?wait=true "HTTP/1.1 200 OK"
2026-03-02 16:16:01,719 - INFO - HTTP Request: PUT http://localhost:6333/collections/daily_trade_strategies/points?wait=true "HTTP/1.1 200 OK"
2026-03-02 16:16:01,723 - INFO - HTTP Request: PUT http://localhost:6333/collections/trading_results/points?wait=true "HTTP/1.1 200 OK"
2026-03-02 16:16:01,730 - INFO - HTTP Request: PUT http://localhost:6333/collections/stock_recommendations/points?wait=true "HTTP/1.1 200 OK"
2026-03-02 16:16:01,758 - INFO - HTTP Request: PUT http://localhost:6333/collections/daily_trade_strategies/points?wait=true "HTTP/1.1 200 OK"
2026-03-02 16:16:01,762 - INFO - HTTP Request: PUT http://localhost:6333/collections/trading_results/points?wait=true "HTTP/1.1 200 OK"
2026-03-02 16:16:01,791 - INFO - HTTP Request: PUT http://localhost:6333/collections/stock_recommendations/points?wait=true "HTTP/1.1 200 OK"
2026-03-02 16:16:01,838 - INFO - HTTP Request: PUT http://localhost:6333/collections/daily_trade_strategies/points?wait=true "HTTP/1.1 200 OK"
2026-03-02 16:16:01,843 - INFO - HTTP Request: PUT http://localhost:6333/collections/trading_results/points?wait=true "HTTP/1.1 200 OK"
2026-03-02 16:16:01,869 - INFO - HTTP Request: PUT http://localhost:6333/collections/stock_recommendations/points?wait=true "HTTP/1.1 200 OK"
2026-03-02 16:16:01,909 - INFO - HTTP Request: PUT http://localhost:6333/collections/daily_trade_strategies/points?wait=true "HTTP/1.1 200 OK"
2026-03-02 16:16:01,913 - INFO - HTTP Request: PUT http://localhost:6333/collections/trading_results/points?wait=true "HTTP/1.1 200 OK"
2026-03-02 16:16:01,921 - INFO - HTTP Request: PUT http://localhost:6333/collections/stock_recommendations/points?wait=true "HTTP/1.1 200 OK"
2026-03-02 16:16:01,947 - INFO - HTTP Request: PUT http://localhost:6333/collections/daily_trade_strategies/points?wait=true "HTTP/1.1 200 OK"
2026-03-02 16:16:01,950 - INFO - HTTP Request: PUT http://localhost:6333/collections/trading_results/points?wait=true "HTTP/1.1 200 OK"
2026-03-02 16:16:01,958 - INFO - HTTP Request: PUT http://localhost:6333/collections/stock_recommendations/points?wait=true "HTTP/1.1 200 OK"
2026-03-02 16:16:01,984 - INFO - HTTP Request: PUT http://localhost:6333/collections/daily_trade_strategies/points?wait=true "HTTP/1.1 200 OK"
2026-03-02 16:16:02,009 - INFO - HTTP Request: PUT http://localhost:6333/collections/trading_results/points?wait=true "HTTP/1.1 200 OK"
2026-03-02 16:16:02,041 - INFO - HTTP Request: PUT http://localhost:6333/collections/stock_recommendations/points?wait=true "HTTP/1.1 200 OK"
2026-03-02 16:16:02,067 - INFO - HTTP Request: PUT http://localhost:6333/collections/daily_trade_strategies/points?wait=true "HTTP/1.1 200 OK"
2026-03-02 16:16:02,073 - INFO - HTTP Request: PUT http://localhost:6333/collections/trading_results/points?wait=true "HTTP/1.1 200 OK"
2026-03-02 16:16:02,081 - INFO - HTTP Request: PUT http://localhost:6333/collections/stock_recommendations/points?wait=true "HTTP/1.1 200 OK"
2026-03-02 16:16:02,106 - INFO - HTTP Request: PUT http://localhost:6333/collections/daily_trade_strategies/points?wait=true "HTTP/1.1 200 OK"
2026-03-02 16:16:02,109 - INFO - HTTP Request: PUT http://localhost:6333/collections/trading_results/points?wait=true "HTTP/1.1 200 OK"
2026-03-02 16:16:02,116 - INFO - HTTP Request: PUT http://localhost:6333/collections/stock_recommendations/points?wait=true "HTTP/1.1 200 OK"
2026-03-02 16:16:02,142 - INFO - HTTP Request: PUT http://localhost:6333/collections/daily_trade_strategies/points?wait=true "HTTP/1.1 200 OK"
2026-03-02 16:16:02,151 - INFO - HTTP Request: PUT http://localhost:6333/collections/trading_results/points?wait=true "HTTP/1.1 200 OK"
2026-03-02 16:16:02,160 - INFO - HTTP Request: PUT http://localhost:6333/collections/stock_recommendations/points?wait=true "HTTP/1.1 200 OK"
2026-03-02 16:16:02,197 - INFO - HTTP Request: PUT http://localhost:6333/collections/daily_trade_strategies/points?wait=true "HTTP/1.1 200 OK"
2026-03-02 16:16:02,201 - INFO - HTTP Request: PUT http://localhost:6333/collections/trading_results/points?wait=true "HTTP/1.1 200 OK"
2026-03-02 16:16:02,209 - INFO - HTTP Request: PUT http://localhost:6333/collections/stock_recommendations/points?wait=true "HTTP/1.1 200 OK"
2026-03-02 16:16:02,236 - INFO - HTTP Request: PUT http://localhost:6333/collections/daily_trade_strategies/points?wait=true "HTTP/1.1 200 OK"
2026-03-02 16:16:02,239 - INFO - HTTP Request: PUT http://localhost:6333/collections/trading_results/points?wait=true "HTTP/1.1 200 OK"
2026-03-02 16:16:02,260 - INFO - HTTP Request: PUT http://localhost:6333/collections/stock_recommendations/points?wait=true "HTTP/1.1 200 OK"
2026-03-02 16:16:02,306 - INFO - HTTP Request: PUT http://localhost:6333/collections/daily_trade_strategies/points?wait=true "HTTP/1.1 200 OK"
2026-03-02 16:16:02,310 - INFO - HTTP Request: PUT http://localhost:6333/collections/trading_results/points?wait=true "HTTP/1.1 200 OK"
2026-03-02 16:16:02,318 - INFO - HTTP Request: PUT http://localhost:6333/collections/stock_recommendations/points?wait=true "HTTP/1.1 200 OK"
2026-03-02 16:16:02,354 - INFO - HTTP Request: PUT http://localhost:6333/collections/daily_trade_strategies/points?wait=true "HTTP/1.1 200 OK"
2026-03-02 16:16:02,357 - INFO - HTTP Request: PUT http://localhost:6333/collections/trading_results/points?wait=true "HTTP/1.1 200 OK"
2026-03-02 16:16:02,365 - INFO - HTTP Request: PUT http://localhost:6333/collections/stock_recommendations/points?wait=true "HTTP/1.1 200 OK"
2026-03-02 16:16:02,415 - INFO - HTTP Request: PUT http://localhost:6333/collections/daily_trade_strategies/points?wait=true "HTTP/1.1 200 OK"
2026-03-02 16:16:02,429 - INFO - HTTP Request: PUT http://localhost:6333/collections/trading_results/points?wait=true "HTTP/1.1 200 OK"
2026-03-02 16:16:02,461 - INFO - HTTP Request: PUT http://localhost:6333/collections/stock_recommendations/points?wait=true "HTTP/1.1 200 OK"
2026-03-02 16:16:02,494 - INFO - HTTP Request: PUT http://localhost:6333/collections/daily_trade_strategies/points?wait=true "HTTP/1.1 200 OK"
2026-03-02 16:16:02,497 - INFO - HTTP Request: PUT http://localhost:6333/collections/trading_results/points?wait=true "HTTP/1.1 200 OK"
2026-03-02 16:16:02,504 - INFO - HTTP Request: PUT http://localhost:6333/collections/stock_recommendations/points?wait=true "HTTP/1.1 200 OK"
2026-03-02 16:16:02,529 - INFO - HTTP Request: PUT http://localhost:6333/collections/daily_trade_strategies/points?wait=true "HTTP/1.1 200 OK"
2026-03-02 16:16:02,534 - INFO - HTTP Request: PUT http://localhost:6333/collections/trading_results/points?wait=true "HTTP/1.1 200 OK"
2026-03-02 16:16:02,556 - INFO - HTTP Request: PUT http://localhost:6333/collections/stock_recommendations/points?wait=true "HTTP/1.1 200 OK"
2026-03-02 16:16:02,583 - INFO - HTTP Request: PUT http://localhost:6333/collections/daily_trade_strategies/points?wait=true "HTTP/1.1 200 OK"
2026-03-02 16:16:02,588 - INFO - HTTP Request: PUT http://localhost:6333/collections/trading_results/points?wait=true "HTTP/1.1 200 OK"
2026-03-02 16:16:02,597 - INFO - HTTP Request: PUT http://localhost:6333/collections/stock_recommendations/points?wait=true "HTTP/1.1 200 OK"
2026-03-02 16:16:02,634 - INFO - HTTP Request: PUT http://localhost:6333/collections/daily_trade_strategies/points?wait=true "HTTP/1.1 200 OK"
2026-03-02 16:16:02,638 - INFO - HTTP Request: PUT http://localhost:6333/collections/trading_results/points?wait=true "HTTP/1.1 200 OK"
2026-03-02 16:16:02,646 - INFO - HTTP Request: PUT http://localhost:6333/collections/stock_recommendations/points?wait=true "HTTP/1.1 200 OK"
2026-03-02 16:16:02,673 - INFO - HTTP Request: PUT http://localhost:6333/collections/daily_trade_strategies/points?wait=true "HTTP/1.1 200 OK"
2026-03-02 16:16:02,676 - INFO - HTTP Request: PUT http://localhost:6333/collections/trading_results/points?wait=true "HTTP/1.1 200 OK"
2026-03-02 16:16:02,683 - INFO - HTTP Request: PUT http://localhost:6333/collections/stock_recommendations/points?wait=true "HTTP/1.1 200 OK"
2026-03-02 16:16:02,729 - INFO - HTTP Request: PUT http://localhost:6333/collections/daily_trade_strategies/points?wait=true "HTTP/1.1 200 OK"
2026-03-02 16:16:02,743 - INFO - HTTP Request: PUT http://localhost:6333/collections/trading_results/points?wait=true "HTTP/1.1 200 OK"
2026-03-02 16:16:02,743 - INFO - Uploaded 13784 recommendation points.
2026-03-02 16:16:02,743 - INFO - Uploaded 194 trading result points.
2026-03-02 16:16:02,743 - INFO - Uploaded 194 strategy points.
2026-03-02 16:16:02,747 - INFO - HTTP Request: PUT http://localhost:6333/collections/performance_metrics/points?wait=true "HTTP/1.1 200 OK"
2026-03-02 16:16:02,747 - INFO - Uploaded performance snapshot.
2026-03-02 16:16:02,748 - INFO - Progress updated: 194 days | last: 2026-02-27
2026-03-02 16:16:02,749 - INFO - ============================================================
2026-03-02 16:16:02,749 - INFO - DONE — 2026 paper trading complete
2026-03-02 16:16:02,749 - INFO -   2026 predictions : C:\Users\luixj\AI\stock-data\data\processed\phase4\predictions_2026.parquet
2026-03-02 16:16:02,749 - INFO -   Combined preds   : C:\Users\luixj\AI\stock-data\data\processed\phase4\predictions_combined.parquet
2026-03-02 16:16:02,749 - INFO -   Daily results    : C:\Users\luixj\AI\stock-data\data\processed\phase4\phase4_paper_trading_daily.parquet
2026-03-02 16:16:02,749 - INFO -   Summary          : C:\Users\luixj\AI\stock-data\data\processed\phase4\phase4_paper_trading_summary.json
2026-03-02 16:16:02,749 - INFO - ============================================================
2026-03-02 16:16:03,374 - INFO - Prediction refresh completed successfully.
2026-03-02 16:16:03,419 - INFO - No new historical dates available. Last processed: 2026-02-27 | Tradable range: 2025-04-01 to 2026-02-27
2026-03-02 16:16:03,419 - WARNING - Predictions look stale. Refresh with:
2026-03-02 16:16:03,420 - WARNING -   python scripts/paper_trading/run_2026_paper_trading.py --sim-start 2026-02-28 --sim-end auto
2026-03-02 16:16:03,420 - INFO - No action taken today because there is no new historical date to process.
2026-03-02 16:16:03,440 - INFO - Scheduler run completed with no trade: no tradable historical date after last_processed=2026-02-27 (stale predictions (max tradable 2026-02-27 < 2026-03-01)).
2026-03-02 16:16:03,440 - INFO - ============================================================
2026-03-02 16:16:03,440 - INFO - DAILY AUTOMATION COMPLETE (NO NEW DATA)
2026-03-02 16:16:03,440 - INFO - ============================================================
2026-03-02 16:16:03,440 - INFO - Automation completed successfully!
