2026-03-18 16:15:07,047 - INFO - Starting automated daily paper trading...
2026-03-18 16:15:07,187 - INFO - Docker Desktop is running, daemon is ready
2026-03-18 16:15:07,196 - INFO - Qdrant is already running
2026-03-18 16:15:07,737 - INFO - HTTP Request: GET http://localhost:6333 "HTTP/1.1 200 OK"
2026-03-18 16:15:07,743 - INFO - Setting up Qdrant collections...
2026-03-18 16:15:07,761 - INFO - HTTP Request: GET http://localhost:6333/collections/stock_recommendations "HTTP/1.1 200 OK"
2026-03-18 16:15:07,764 - INFO - Collection 'stock_recommendations' already exists
2026-03-18 16:15:07,768 - INFO - HTTP Request: GET http://localhost:6333/collections/trading_results "HTTP/1.1 200 OK"
2026-03-18 16:15:07,769 - INFO - Collection 'trading_results' already exists
2026-03-18 16:15:07,771 - INFO - HTTP Request: GET http://localhost:6333/collections/performance_metrics "HTTP/1.1 200 OK"
2026-03-18 16:15:07,773 - INFO - Collection 'performance_metrics' already exists
2026-03-18 16:15:07,774 - INFO - ============================================================
2026-03-18 16:15:07,774 - INFO - AUTOMATED DAILY PAPER TRADING
2026-03-18 16:15:07,774 - INFO - ============================================================
2026-03-18 16:15:07,775 - INFO - Calendar Date: 2026-03-18
2026-03-18 16:15:07,775 - INFO - Predictions source: data\processed\phase4\predictions_combined.parquet
2026-03-18 16:15:07,953 - INFO - No new historical dates available. Last processed: 2026-03-13 | Tradable range: 2025-04-01 to 2026-03-13
2026-03-18 16:15:07,954 - WARNING - Predictions look stale. Refresh with:
2026-03-18 16:15:07,954 - WARNING -   python scripts/paper_trading/run_2026_paper_trading.py --sim-start 2026-03-14 --sim-end auto
2026-03-18 16:15:07,976 - WARNING - Predictions are stale (max tradable 2026-03-13, expected >= 2026-03-17). Auto-refreshing...
2026-03-18 16:15:07,976 - INFO - Refresh command: C:\Users\luixj\AI\stock-data\venv\Scripts\python.exe scripts/paper_trading/run_2026_paper_trading.py --sim-start 2026-03-14 --sim-end auto
2026-03-18 16:15:11,991 - INFO - ============================================================
2026-03-18 16:15:11,992 - INFO - 2026 PAPER TRADING — LIVE DATA
2026-03-18 16:15:11,992 - INFO -   2026 sim range : 2026-03-14 -> 2026-03-17
2026-03-18 16:15:11,992 - INFO -   Full range     : 2025-04-01 -> 2026-03-17
2026-03-18 16:15:11,992 - INFO -   YF download    : 2025-09-01 -> 2026-03-19
2026-03-18 16:15:11,992 - INFO -   Device         : cuda
2026-03-18 16:15:11,992 - INFO - ============================================================
2026-03-18 16:15:11,992 - INFO - Loading ticker universe from phase1_predictions.parquet
2026-03-18 16:15:12,045 - INFO - Ticker universe: 189 stocks
2026-03-18 16:15:12,053 - INFO - OHLCV cache is stale (max date 2026-03-16 < SIM_END 2026-03-17) — re-downloading
2026-03-18 16:15:12,053 - INFO - ============================================================
2026-03-18 16:15:12,053 - INFO - STEP 1: Downloading OHLCV data
2026-03-18 16:15:12,053 - INFO -   Range  : 2025-09-01 -> 2026-03-19
2026-03-18 16:15:12,053 - INFO -   Tickers: 189
2026-03-18 16:15:12,054 - INFO - ============================================================
2026-03-18 16:15:15,787 - INFO -   Progress: 20/189 tickers downloaded
2026-03-18 16:15:19,520 - INFO -   Progress: 40/189 tickers downloaded
2026-03-18 16:15:23,380 - INFO -   Progress: 60/189 tickers downloaded
2026-03-18 16:15:28,981 - INFO -   Progress: 80/189 tickers downloaded
2026-03-18 16:15:32,677 - INFO -   Progress: 100/189 tickers downloaded
2026-03-18 16:15:37,003 - ERROR - $MMC: possibly delisted; no price data found  (1d 2025-09-01 -> 2026-03-19) (Yahoo error = "No data found, symbol may be delisted")
2026-03-18 16:15:37,009 - ERROR - 
1 Failed download:
2026-03-18 16:15:37,009 - ERROR - ['MMC']: possibly delisted; no price data found  (1d 2025-09-01 -> 2026-03-19) (Yahoo error = "No data found, symbol may be delisted")
2026-03-18 16:15:37,011 - WARNING -   No data for MMC
2026-03-18 16:15:37,254 - INFO -   Progress: 120/189 tickers downloaded
2026-03-18 16:15:41,079 - INFO -   Progress: 140/189 tickers downloaded
2026-03-18 16:15:45,175 - INFO -   Progress: 160/189 tickers downloaded
2026-03-18 16:15:49,104 - INFO -   Progress: 180/189 tickers downloaded
2026-03-18 16:15:51,280 - WARNING - Failed tickers (1): ['MMC']...
2026-03-18 16:15:51,288 - INFO - Downloaded 25756 rows | 188 tickers | 2025-09-02 -> 2026-03-18
2026-03-18 16:15:51,298 - INFO - OHLCV data cached to C:\Users\luixj\AI\stock-data\data\processed\phase4\ohlcv_2026_cache.parquet
2026-03-18 16:15:51,299 - INFO - ============================================================
2026-03-18 16:15:51,299 - INFO - STEP 2: Computing 14 core features
2026-03-18 16:15:51,299 - INFO - ============================================================
2026-03-18 16:15:51,306 - INFO - Calculating 14 core features (leakage-safe)...
2026-03-18 16:15:51,489 - INFO - Core features calculated:
2026-03-18 16:15:51,489 - INFO -   Returns: ret_1d, ret_5d, ret_20d
2026-03-18 16:15:51,489 - INFO -   Volatility: vol_10d, vol_20d
2026-03-18 16:15:51,489 - INFO -   Price: hl_range, oc_gap
2026-03-18 16:15:51,489 - INFO -   Trend: sma_10_dist, sma_20_dist
2026-03-18 16:15:51,489 - INFO -   Volume: log_volume, volume_change
2026-03-18 16:15:51,489 - INFO -   Market: market_return, vs_market, market_correlation
2026-03-18 16:15:51,489 - INFO -   Total: 14 features
2026-03-18 16:15:51,489 - INFO - Features: 25756 rows, 188 tickers
2026-03-18 16:15:51,490 - INFO - ============================================================
2026-03-18 16:15:51,490 - INFO - STEP 3: Loading model from C:\Users\luixj\AI\stock-data\models\checkpoints\lstm_phase2a_temp0.05_best.pth
2026-03-18 16:15:51,490 - INFO - ============================================================
2026-03-18 16:15:51,579 - INFO - Model loaded (strict=True)
2026-03-18 16:15:51,593 - INFO - Model ready on cuda
2026-03-18 16:15:51,593 - INFO - ============================================================
2026-03-18 16:15:51,593 - INFO - STEP 4: Generating predictions 2026-03-14 -> 2026-03-17
2026-03-18 16:15:51,593 - INFO - ============================================================
2026-03-18 16:15:51,599 - INFO - Trading days in simulation range: 2
2026-03-18 16:15:52,234 - INFO -   2026-03-16: 188 predictions generated
2026-03-18 16:15:52,681 - INFO -   2026-03-17: 188 predictions generated
2026-03-18 16:15:52,682 - INFO - Total: 376 predictions | 2 days | 188 tickers
2026-03-18 16:15:52,684 - INFO - Loaded existing 2026 predictions for merge: 4725 rows | 25 dates
2026-03-18 16:15:52,695 - INFO - Saved 2026 predictions: C:\Users\luixj\AI\stock-data\data\processed\phase4\predictions_2026.parquet (5101 rows | 27 dates | 2026-02-06 -> 2026-03-17)
2026-03-18 16:15:52,695 - INFO - ============================================================
2026-03-18 16:15:52,695 - INFO - STEP 5: Combining 2025 + 2026 predictions and simulating
2026-03-18 16:15:52,695 - INFO - ============================================================
2026-03-18 16:15:52,833 - INFO - Combined: 40633 rows | 215 dates | 189 tickers
2026-03-18 16:15:52,835 - INFO -   Date range: 2025-04-01 -> 2026-03-17
2026-03-18 16:15:52,835 - INFO -   Saved to: C:\Users\luixj\AI\stock-data\data\processed\phase4\predictions_combined.parquet
2026-03-18 16:15:52,835 - INFO - Running simulation 2025-04-01 -> 2026-03-17 ...
2026-03-18 16:15:52,835 - INFO - Loading predictions from C:\Users\luixj\AI\stock-data\data\processed\phase4\predictions_combined.parquet
2026-03-18 16:15:52,850 - INFO - Running paper trading simulation for 215 days
2026-03-18 16:15:52,850 - INFO - Date range: 2025-04-01 to 2026-03-17
2026-03-18 16:15:52,850 - INFO - 
============================================================
2026-03-18 16:15:52,850 - INFO - Running paper trading for 2025-04-01
2026-03-18 16:15:52,850 - INFO - ============================================================
2026-03-18 16:15:52,851 - INFO - Portfolio construction: 38 longs, 15 shorts (from 38 candidates)
2026-03-18 16:15:52,851 - INFO - PnL Net: 0.0027 | Scaled: 0.0027 | Turnover: 100.00% | Vol Scale: 1.00
2026-03-18 16:15:52,851 - INFO - 
============================================================
2026-03-18 16:15:52,851 - INFO - Running paper trading for 2025-04-02
2026-03-18 16:15:52,852 - INFO - ============================================================
2026-03-18 16:15:52,853 - INFO - Portfolio construction: 38 longs, 38 shorts (from 38 candidates)
2026-03-18 16:15:52,853 - INFO - PnL Net: -0.0234 | Scaled: -0.0234 | Turnover: 16.46% | Vol Scale: 1.00
2026-03-18 16:15:52,853 - INFO - 
============================================================
2026-03-18 16:15:52,853 - INFO - Running paper trading for 2025-04-03
2026-03-18 16:15:52,853 - INFO - ============================================================
2026-03-18 16:15:52,854 - INFO - Portfolio construction: 38 longs, 38 shorts (from 38 candidates)
2026-03-18 16:15:52,854 - INFO - PnL Net: -0.0208 | Scaled: -0.0208 | Turnover: 20.14% | Vol Scale: 1.00
2026-03-18 16:15:52,854 - INFO - 
============================================================
2026-03-18 16:15:52,854 - INFO - Running paper trading for 2025-04-04
2026-03-18 16:15:52,854 - INFO - ============================================================
2026-03-18 16:15:52,855 - INFO - Portfolio construction: 38 longs, 38 shorts (from 38 candidates)
2026-03-18 16:15:52,855 - INFO - PnL Net: -0.0002 | Scaled: -0.0002 | Turnover: 27.43% | Vol Scale: 1.00
2026-03-18 16:15:52,855 - INFO - 
============================================================
2026-03-18 16:15:52,855 - INFO - Running paper trading for 2025-04-07
2026-03-18 16:15:52,855 - INFO - ============================================================
2026-03-18 16:15:52,856 - INFO - Portfolio construction: 38 longs, 38 shorts (from 38 candidates)
2026-03-18 16:15:52,857 - INFO - PnL Net: -0.0028 | Scaled: -0.0028 | Turnover: 21.14% | Vol Scale: 1.00
2026-03-18 16:15:52,857 - INFO - 
============================================================
2026-03-18 16:15:52,857 - INFO - Running paper trading for 2025-04-08
2026-03-18 16:15:52,857 - INFO - ============================================================
2026-03-18 16:15:52,858 - INFO - Portfolio construction: 38 longs, 38 shorts (from 38 candidates)
2026-03-18 16:15:52,859 - INFO - PnL Net: 0.0243 | Scaled: 0.0243 | Turnover: 21.60% | Vol Scale: 1.00
2026-03-18 16:15:52,859 - INFO - 
============================================================
2026-03-18 16:15:52,859 - INFO - Running paper trading for 2025-04-09
2026-03-18 16:15:52,859 - INFO - ============================================================
2026-03-18 16:15:52,860 - INFO - Portfolio construction: 38 longs, 1 shorts (from 38 candidates)
2026-03-18 16:15:52,860 - INFO - PnL Net: -0.0107 | Scaled: -0.0107 | Turnover: 20.86% | Vol Scale: 1.00
2026-03-18 16:15:52,860 - INFO - 
============================================================
2026-03-18 16:15:52,860 - INFO - Running paper trading for 2025-04-10
2026-03-18 16:15:52,860 - INFO - ============================================================
2026-03-18 16:15:52,861 - INFO - Portfolio construction: 38 longs, 38 shorts (from 38 candidates)
2026-03-18 16:15:52,861 - INFO - PnL Net: 0.0049 | Scaled: 0.0049 | Turnover: 22.53% | Vol Scale: 1.00
2026-03-18 16:15:52,861 - INFO - 
============================================================
2026-03-18 16:15:52,861 - INFO - Running paper trading for 2025-04-11
2026-03-18 16:15:52,861 - INFO - ============================================================
2026-03-18 16:15:52,862 - INFO - Portfolio construction: 38 longs, 1 shorts (from 38 candidates)
2026-03-18 16:15:52,863 - INFO - PnL Net: 0.0038 | Scaled: 0.0038 | Turnover: 20.79% | Vol Scale: 1.00
2026-03-18 16:15:52,863 - INFO - 
============================================================
2026-03-18 16:15:52,863 - INFO - Running paper trading for 2025-04-14
2026-03-18 16:15:52,863 - INFO - ============================================================
2026-03-18 16:15:52,863 - INFO - Portfolio construction: 38 longs, 38 shorts (from 38 candidates)
2026-03-18 16:15:52,863 - INFO - Vol targeting: rolling_vol=0.2061, scale=0.5000
2026-03-18 16:15:52,864 - INFO - PnL Net: -0.0018 | Scaled: -0.0009 | Turnover: 21.69% | Vol Scale: 0.50
2026-03-18 16:15:52,864 - INFO - 
============================================================
2026-03-18 16:15:52,864 - INFO - Running paper trading for 2025-04-15
2026-03-18 16:15:52,864 - INFO - ============================================================
2026-03-18 16:15:52,865 - INFO - Portfolio construction: 38 longs, 38 shorts (from 38 candidates)
2026-03-18 16:15:52,865 - INFO - Vol targeting: rolling_vol=0.1968, scale=0.5000
2026-03-18 16:15:52,865 - INFO - PnL Net: -0.0047 | Scaled: -0.0023 | Turnover: 21.09% | Vol Scale: 0.50
2026-03-18 16:15:52,865 - INFO - 
============================================================
2026-03-18 16:15:52,865 - INFO - Running paper trading for 2025-04-16
2026-03-18 16:15:52,865 - INFO - ============================================================
2026-03-18 16:15:52,866 - INFO - Portfolio construction: 38 longs, 38 shorts (from 38 candidates)
2026-03-18 16:15:52,866 - INFO - Vol targeting: rolling_vol=0.1890, scale=0.5000
2026-03-18 16:15:52,866 - INFO - PnL Net: 0.0008 | Scaled: 0.0004 | Turnover: 21.09% | Vol Scale: 0.50
2026-03-18 16:15:52,866 - INFO - 
============================================================
2026-03-18 16:15:52,866 - INFO - Running paper trading for 2025-04-17
2026-03-18 16:15:52,866 - INFO - ============================================================
2026-03-18 16:15:52,867 - INFO - Portfolio construction: 38 longs, 38 shorts (from 38 candidates)
2026-03-18 16:15:52,868 - INFO - Vol targeting: rolling_vol=0.1826, scale=0.5000
2026-03-18 16:15:52,868 - INFO - PnL Net: -0.0068 | Scaled: -0.0034 | Turnover: 18.47% | Vol Scale: 0.50
2026-03-18 16:15:52,868 - INFO - 
============================================================
2026-03-18 16:15:52,868 - INFO - Running paper trading for 2025-04-21
2026-03-18 16:15:52,868 - INFO - ============================================================
2026-03-18 16:15:52,869 - INFO - Portfolio construction: 38 longs, 6 shorts (from 38 candidates)
2026-03-18 16:15:52,869 - INFO - Vol targeting: rolling_vol=0.1822, scale=0.5000
2026-03-18 16:15:52,869 - INFO - PnL Net: 0.0089 | Scaled: 0.0045 | Turnover: 17.46% | Vol Scale: 0.50
2026-03-18 16:15:52,869 - INFO - 
============================================================
2026-03-18 16:15:52,869 - INFO - Running paper trading for 2025-04-22
2026-03-18 16:15:52,869 - INFO - ============================================================
2026-03-18 16:15:52,870 - INFO - Portfolio construction: 38 longs, 38 shorts (from 38 candidates)
2026-03-18 16:15:52,871 - INFO - Vol targeting: rolling_vol=0.1783, scale=0.5000
2026-03-18 16:15:52,871 - INFO - PnL Net: 0.0053 | Scaled: 0.0027 | Turnover: 18.72% | Vol Scale: 0.50
2026-03-18 16:15:52,871 - INFO - 
============================================================
2026-03-18 16:15:52,871 - INFO - Running paper trading for 2025-04-23
2026-03-18 16:15:52,871 - INFO - ============================================================
2026-03-18 16:15:52,872 - INFO - Portfolio construction: 38 longs, 5 shorts (from 38 candidates)
2026-03-18 16:15:52,872 - INFO - Vol targeting: rolling_vol=0.1782, scale=0.5000
2026-03-18 16:15:52,872 - INFO - PnL Net: 0.0102 | Scaled: 0.0051 | Turnover: 20.73% | Vol Scale: 0.50
2026-03-18 16:15:52,872 - INFO - 
============================================================
2026-03-18 16:15:52,872 - INFO - Running paper trading for 2025-04-24
2026-03-18 16:15:52,872 - INFO - ============================================================
2026-03-18 16:15:52,874 - INFO - Portfolio construction: 38 longs, 38 shorts (from 38 candidates)
2026-03-18 16:15:52,875 - INFO - Vol targeting: rolling_vol=0.1730, scale=0.5000
2026-03-18 16:15:52,875 - INFO - PnL Net: 0.0011 | Scaled: 0.0006 | Turnover: 18.37% | Vol Scale: 0.50
2026-03-18 16:15:52,875 - INFO - 
============================================================
2026-03-18 16:15:52,875 - INFO - Running paper trading for 2025-04-25
2026-03-18 16:15:52,875 - INFO - ============================================================
2026-03-18 16:15:52,876 - INFO - Portfolio construction: 38 longs, 38 shorts (from 38 candidates)
2026-03-18 16:15:52,876 - INFO - Vol targeting: rolling_vol=0.1682, scale=0.5000
2026-03-18 16:15:52,876 - INFO - PnL Net: 0.0007 | Scaled: 0.0004 | Turnover: 23.46% | Vol Scale: 0.50
2026-03-18 16:15:52,876 - INFO - 
============================================================
2026-03-18 16:15:52,876 - INFO - Running paper trading for 2025-04-28
2026-03-18 16:15:52,876 - INFO - ============================================================
2026-03-18 16:15:52,877 - INFO - Portfolio construction: 38 longs, 38 shorts (from 38 candidates)
2026-03-18 16:15:52,878 - INFO - Vol targeting: rolling_vol=0.1639, scale=0.5000
2026-03-18 16:15:52,878 - INFO - PnL Net: 0.0018 | Scaled: 0.0009 | Turnover: 19.52% | Vol Scale: 0.50
2026-03-18 16:15:52,878 - INFO - 
============================================================
2026-03-18 16:15:52,878 - INFO - Running paper trading for 2025-04-29
2026-03-18 16:15:52,878 - INFO - ============================================================
2026-03-18 16:15:52,879 - INFO - Portfolio construction: 38 longs, 30 shorts (from 38 candidates)
2026-03-18 16:15:52,879 - INFO - Vol targeting: rolling_vol=0.1599, scale=0.5004
2026-03-18 16:15:52,879 - INFO - PnL Net: 0.0011 | Scaled: 0.0005 | Turnover: 16.79% | Vol Scale: 0.50
2026-03-18 16:15:52,879 - INFO - 
============================================================
2026-03-18 16:15:52,879 - INFO - Running paper trading for 2025-04-30
2026-03-18 16:15:52,879 - INFO - ============================================================
2026-03-18 16:15:52,880 - INFO - Portfolio construction: 38 longs, 38 shorts (from 38 candidates)
2026-03-18 16:15:52,880 - INFO - Vol targeting: rolling_vol=0.1596, scale=0.5012
2026-03-18 16:15:52,880 - INFO - PnL Net: 0.0014 | Scaled: 0.0007 | Turnover: 20.09% | Vol Scale: 0.50
2026-03-18 16:15:52,881 - INFO - 
============================================================
2026-03-18 16:15:52,881 - INFO - Running paper trading for 2025-05-01
2026-03-18 16:15:52,881 - INFO - ============================================================
2026-03-18 16:15:52,881 - INFO - Portfolio construction: 38 longs, 38 shorts (from 38 candidates)
2026-03-18 16:15:52,882 - INFO - Vol targeting: rolling_vol=0.1370, scale=0.5840
2026-03-18 16:15:52,882 - INFO - PnL Net: 0.0062 | Scaled: 0.0036 | Turnover: 17.98% | Vol Scale: 0.58
2026-03-18 16:15:52,882 - INFO - 
============================================================
2026-03-18 16:15:52,882 - INFO - Running paper trading for 2025-05-02
2026-03-18 16:15:52,882 - INFO - ============================================================
2026-03-18 16:15:52,883 - INFO - Portfolio construction: 38 longs, 13 shorts (from 38 candidates)
2026-03-18 16:15:52,883 - INFO - Vol targeting: rolling_vol=0.1119, scale=0.7149
2026-03-18 16:15:52,883 - INFO - PnL Net: -0.0011 | Scaled: -0.0008 | Turnover: 17.52% | Vol Scale: 0.71
2026-03-18 16:15:52,883 - INFO - 
============================================================
2026-03-18 16:15:52,883 - INFO - Running paper trading for 2025-05-05
2026-03-18 16:15:52,883 - INFO - ============================================================
2026-03-18 16:15:52,884 - INFO - Portfolio construction: 38 longs, 2 shorts (from 38 candidates)
2026-03-18 16:15:52,884 - INFO - Vol targeting: rolling_vol=0.1128, scale=0.7091
2026-03-18 16:15:52,884 - INFO - PnL Net: -0.0026 | Scaled: -0.0018 | Turnover: 19.38% | Vol Scale: 0.71
2026-03-18 16:15:52,884 - INFO - 
============================================================
2026-03-18 16:15:52,884 - INFO - Running paper trading for 2025-05-06
2026-03-18 16:15:52,884 - INFO - ============================================================
2026-03-18 16:15:52,885 - INFO - Portfolio construction: 38 longs, 33 shorts (from 38 candidates)
2026-03-18 16:15:52,885 - INFO - Vol targeting: rolling_vol=0.1115, scale=0.7177
2026-03-18 16:15:52,885 - INFO - PnL Net: 0.0026 | Scaled: 0.0019 | Turnover: 19.06% | Vol Scale: 0.72
2026-03-18 16:15:52,885 - INFO - 
============================================================
2026-03-18 16:15:52,885 - INFO - Running paper trading for 2025-05-07
2026-03-18 16:15:52,886 - INFO - ============================================================
2026-03-18 16:15:52,886 - INFO - Portfolio construction: 38 longs, 9 shorts (from 38 candidates)
2026-03-18 16:15:52,887 - INFO - Vol targeting: rolling_vol=0.0781, scale=1.0243
2026-03-18 16:15:52,887 - INFO - PnL Net: 0.0043 | Scaled: 0.0045 | Turnover: 18.97% | Vol Scale: 1.02
2026-03-18 16:15:52,887 - INFO - 
============================================================
2026-03-18 16:15:52,887 - INFO - Running paper trading for 2025-05-08
2026-03-18 16:15:52,887 - INFO - ============================================================
2026-03-18 16:15:52,888 - INFO - Portfolio construction: 38 longs, 10 shorts (from 38 candidates)
2026-03-18 16:15:52,888 - INFO - Vol targeting: rolling_vol=0.0656, scale=1.2200
2026-03-18 16:15:52,888 - INFO - PnL Net: -0.0009 | Scaled: -0.0012 | Turnover: 19.75% | Vol Scale: 1.22
2026-03-18 16:15:52,888 - INFO - 
============================================================
2026-03-18 16:15:52,888 - INFO - Running paper trading for 2025-05-09
2026-03-18 16:15:52,888 - INFO - ============================================================
2026-03-18 16:15:52,890 - INFO - Portfolio construction: 38 longs, 37 shorts (from 38 candidates)
2026-03-18 16:15:52,890 - INFO - Vol targeting: rolling_vol=0.0785, scale=1.0196
2026-03-18 16:15:52,890 - INFO - PnL Net: 0.0145 | Scaled: 0.0148 | Turnover: 18.03% | Vol Scale: 1.02
2026-03-18 16:15:52,890 - INFO - 
============================================================
2026-03-18 16:15:52,890 - INFO - Running paper trading for 2025-05-12
2026-03-18 16:15:52,890 - INFO - ============================================================
2026-03-18 16:15:52,891 - INFO - Portfolio construction: 38 longs, 38 shorts (from 38 candidates)
2026-03-18 16:15:52,892 - INFO - Vol targeting: rolling_vol=0.0804, scale=0.9956
2026-03-18 16:15:52,892 - INFO - PnL Net: 0.0074 | Scaled: 0.0074 | Turnover: 18.12% | Vol Scale: 1.00
2026-03-18 16:15:52,892 - INFO - 
============================================================
2026-03-18 16:15:52,892 - INFO - Running paper trading for 2025-05-13
2026-03-18 16:15:52,892 - INFO - ============================================================
2026-03-18 16:15:52,893 - INFO - Portfolio construction: 38 longs, 38 shorts (from 38 candidates)
2026-03-18 16:15:52,893 - INFO - Vol targeting: rolling_vol=0.0797, scale=1.0044
2026-03-18 16:15:52,893 - INFO - PnL Net: -0.0006 | Scaled: -0.0006 | Turnover: 21.90% | Vol Scale: 1.00
2026-03-18 16:15:52,893 - INFO - 
============================================================
2026-03-18 16:15:52,893 - INFO - Running paper trading for 2025-05-14
2026-03-18 16:15:52,893 - INFO - ============================================================
2026-03-18 16:15:52,894 - INFO - Portfolio construction: 38 longs, 38 shorts (from 38 candidates)
2026-03-18 16:15:52,894 - INFO - Vol targeting: rolling_vol=0.0757, scale=1.0562
2026-03-18 16:15:52,894 - INFO - PnL Net: 0.0052 | Scaled: 0.0055 | Turnover: 20.59% | Vol Scale: 1.06
2026-03-18 16:15:52,894 - INFO - 
============================================================
2026-03-18 16:15:52,894 - INFO - Running paper trading for 2025-05-15
2026-03-18 16:15:52,894 - INFO - ============================================================
2026-03-18 16:15:52,895 - INFO - Portfolio construction: 38 longs, 38 shorts (from 38 candidates)
2026-03-18 16:15:52,895 - INFO - Vol targeting: rolling_vol=0.0754, scale=1.0608
2026-03-18 16:15:52,895 - INFO - PnL Net: 0.0020 | Scaled: 0.0021 | Turnover: 19.63% | Vol Scale: 1.06
2026-03-18 16:15:52,895 - INFO - 
============================================================
2026-03-18 16:15:52,895 - INFO - Running paper trading for 2025-05-16
2026-03-18 16:15:52,895 - INFO - ============================================================
2026-03-18 16:15:52,896 - INFO - Portfolio construction: 38 longs, 38 shorts (from 38 candidates)
2026-03-18 16:15:52,897 - INFO - Vol targeting: rolling_vol=0.0684, scale=1.1703
2026-03-18 16:15:52,897 - INFO - PnL Net: -0.0013 | Scaled: -0.0015 | Turnover: 18.38% | Vol Scale: 1.17
2026-03-18 16:15:52,897 - INFO - 
============================================================
2026-03-18 16:15:52,897 - INFO - Running paper trading for 2025-05-19
2026-03-18 16:15:52,897 - INFO - ============================================================
2026-03-18 16:15:52,898 - INFO - Portfolio construction: 38 longs, 38 shorts (from 38 candidates)
2026-03-18 16:15:52,898 - INFO - Vol targeting: rolling_vol=0.0676, scale=1.1828
2026-03-18 16:15:52,898 - INFO - PnL Net: -0.0021 | Scaled: -0.0025 | Turnover: 16.36% | Vol Scale: 1.18
2026-03-18 16:15:52,898 - INFO - 
============================================================
2026-03-18 16:15:52,898 - INFO - Running paper trading for 2025-05-20
2026-03-18 16:15:52,898 - INFO - ============================================================
2026-03-18 16:15:52,899 - INFO - Portfolio construction: 38 longs, 38 shorts (from 38 candidates)
2026-03-18 16:15:52,899 - INFO - Vol targeting: rolling_vol=0.0748, scale=1.0691
2026-03-18 16:15:52,899 - INFO - PnL Net: -0.0070 | Scaled: -0.0075 | Turnover: 15.81% | Vol Scale: 1.07
2026-03-18 16:15:52,899 - INFO - 
============================================================
2026-03-18 16:15:52,899 - INFO - Running paper trading for 2025-05-21
2026-03-18 16:15:52,899 - INFO - ============================================================
2026-03-18 16:15:52,900 - INFO - Portfolio construction: 38 longs, 38 shorts (from 38 candidates)
2026-03-18 16:15:52,901 - INFO - Vol targeting: rolling_vol=0.0690, scale=1.1591
2026-03-18 16:15:52,901 - INFO - PnL Net: 0.0004 | Scaled: 0.0004 | Turnover: 19.34% | Vol Scale: 1.16
2026-03-18 16:15:52,901 - INFO - 
============================================================
2026-03-18 16:15:52,901 - INFO - Running paper trading for 2025-05-22
2026-03-18 16:15:52,901 - INFO - ============================================================
2026-03-18 16:15:52,902 - INFO - Portfolio construction: 38 longs, 32 shorts (from 38 candidates)
2026-03-18 16:15:52,902 - INFO - Vol targeting: rolling_vol=0.0706, scale=1.1324
2026-03-18 16:15:52,902 - INFO - PnL Net: -0.0027 | Scaled: -0.0031 | Turnover: 19.64% | Vol Scale: 1.13
2026-03-18 16:15:52,902 - INFO - 
============================================================
2026-03-18 16:15:52,902 - INFO - Running paper trading for 2025-05-23
2026-03-18 16:15:52,902 - INFO - ============================================================
2026-03-18 16:15:52,903 - INFO - Portfolio construction: 38 longs, 38 shorts (from 38 candidates)
2026-03-18 16:15:52,903 - INFO - Vol targeting: rolling_vol=0.0743, scale=1.0767
2026-03-18 16:15:52,903 - INFO - PnL Net: 0.0082 | Scaled: 0.0088 | Turnover: 19.52% | Vol Scale: 1.08
2026-03-18 16:15:52,903 - INFO - 
============================================================
2026-03-18 16:15:52,904 - INFO - Running paper trading for 2025-05-27
2026-03-18 16:15:52,904 - INFO - ============================================================
2026-03-18 16:15:52,904 - INFO - Portfolio construction: 38 longs, 38 shorts (from 38 candidates)
2026-03-18 16:15:52,904 - INFO - Vol targeting: rolling_vol=0.0756, scale=1.0588
2026-03-18 16:15:52,904 - INFO - PnL Net: -0.0021 | Scaled: -0.0022 | Turnover: 18.56% | Vol Scale: 1.06
2026-03-18 16:15:52,904 - INFO - 
============================================================
2026-03-18 16:15:52,904 - INFO - Running paper trading for 2025-05-28
2026-03-18 16:15:52,904 - INFO - ============================================================
2026-03-18 16:15:52,906 - INFO - Portfolio construction: 38 longs, 38 shorts (from 38 candidates)
2026-03-18 16:15:52,906 - INFO - Vol targeting: rolling_vol=0.0756, scale=1.0575
2026-03-18 16:15:52,906 - INFO - PnL Net: 0.0004 | Scaled: 0.0005 | Turnover: 16.29% | Vol Scale: 1.06
2026-03-18 16:15:52,906 - INFO - 
============================================================
2026-03-18 16:15:52,906 - INFO - Running paper trading for 2025-05-29
2026-03-18 16:15:52,906 - INFO - ============================================================
2026-03-18 16:15:52,908 - INFO - Portfolio construction: 38 longs, 38 shorts (from 38 candidates)
2026-03-18 16:15:52,908 - INFO - Vol targeting: rolling_vol=0.0762, scale=1.0504
2026-03-18 16:15:52,908 - INFO - PnL Net: -0.0009 | Scaled: -0.0010 | Turnover: 19.51% | Vol Scale: 1.05
2026-03-18 16:15:52,908 - INFO - 
============================================================
2026-03-18 16:15:52,908 - INFO - Running paper trading for 2025-05-30
2026-03-18 16:15:52,908 - INFO - ============================================================
2026-03-18 16:15:52,909 - INFO - Portfolio construction: 38 longs, 38 shorts (from 38 candidates)
2026-03-18 16:15:52,909 - INFO - Vol targeting: rolling_vol=0.0742, scale=1.0777
2026-03-18 16:15:52,909 - INFO - PnL Net: 0.0008 | Scaled: 0.0009 | Turnover: 21.02% | Vol Scale: 1.08
2026-03-18 16:15:52,909 - INFO - 
============================================================
2026-03-18 16:15:52,909 - INFO - Running paper trading for 2025-06-02
2026-03-18 16:15:52,909 - INFO - ============================================================
2026-03-18 16:15:52,910 - INFO - Portfolio construction: 38 longs, 38 shorts (from 38 candidates)
2026-03-18 16:15:52,910 - INFO - Vol targeting: rolling_vol=0.0737, scale=1.0849
2026-03-18 16:15:52,910 - INFO - PnL Net: 0.0011 | Scaled: 0.0012 | Turnover: 20.37% | Vol Scale: 1.08
2026-03-18 16:15:52,910 - INFO - 
============================================================
2026-03-18 16:15:52,910 - INFO - Running paper trading for 2025-06-03
2026-03-18 16:15:52,910 - INFO - ============================================================
2026-03-18 16:15:52,912 - INFO - Portfolio construction: 38 longs, 38 shorts (from 38 candidates)
2026-03-18 16:15:52,912 - INFO - Vol targeting: rolling_vol=0.0730, scale=1.0965
2026-03-18 16:15:52,912 - INFO - PnL Net: -0.0012 | Scaled: -0.0013 | Turnover: 18.45% | Vol Scale: 1.10
2026-03-18 16:15:52,913 - INFO - 
============================================================
2026-03-18 16:15:52,913 - INFO - Running paper trading for 2025-06-04
2026-03-18 16:15:52,913 - INFO - ============================================================
2026-03-18 16:15:52,914 - INFO - Portfolio construction: 38 longs, 38 shorts (from 38 candidates)
2026-03-18 16:15:52,914 - INFO - Vol targeting: rolling_vol=0.0730, scale=1.0962
2026-03-18 16:15:52,914 - INFO - PnL Net: -0.0000 | Scaled: -0.0000 | Turnover: 16.06% | Vol Scale: 1.10
2026-03-18 16:15:52,914 - INFO - 
============================================================
2026-03-18 16:15:52,914 - INFO - Running paper trading for 2025-06-05
2026-03-18 16:15:52,914 - INFO - ============================================================
2026-03-18 16:15:52,915 - INFO - Portfolio construction: 38 longs, 38 shorts (from 38 candidates)
2026-03-18 16:15:52,915 - INFO - Vol targeting: rolling_vol=0.0721, scale=1.1092
2026-03-18 16:15:52,915 - INFO - PnL Net: 0.0008 | Scaled: 0.0009 | Turnover: 17.46% | Vol Scale: 1.11
2026-03-18 16:15:52,915 - INFO - 
============================================================
2026-03-18 16:15:52,915 - INFO - Running paper trading for 2025-06-06
2026-03-18 16:15:52,915 - INFO - ============================================================
2026-03-18 16:15:52,916 - INFO - Portfolio construction: 38 longs, 38 shorts (from 38 candidates)
2026-03-18 16:15:52,916 - INFO - Vol targeting: rolling_vol=0.0728, scale=1.0986
2026-03-18 16:15:52,916 - INFO - PnL Net: -0.0024 | Scaled: -0.0026 | Turnover: 18.52% | Vol Scale: 1.10
2026-03-18 16:15:52,917 - INFO - 
============================================================
2026-03-18 16:15:52,917 - INFO - Running paper trading for 2025-06-09
2026-03-18 16:15:52,917 - INFO - ============================================================
2026-03-18 16:15:52,918 - INFO - Portfolio construction: 38 longs, 13 shorts (from 38 candidates)
2026-03-18 16:15:52,918 - INFO - Vol targeting: rolling_vol=0.0539, scale=1.4831
2026-03-18 16:15:52,918 - INFO - PnL Net: 0.0012 | Scaled: 0.0018 | Turnover: 20.04% | Vol Scale: 1.48
2026-03-18 16:15:52,918 - INFO - 
============================================================
2026-03-18 16:15:52,918 - INFO - Running paper trading for 2025-06-10
2026-03-18 16:15:52,918 - INFO - ============================================================
2026-03-18 16:15:52,919 - INFO - Portfolio construction: 38 longs, 6 shorts (from 38 candidates)
2026-03-18 16:15:52,919 - INFO - Vol targeting: rolling_vol=0.0476, scale=1.6799
2026-03-18 16:15:52,919 - INFO - PnL Net: -0.0013 | Scaled: -0.0021 | Turnover: 17.79% | Vol Scale: 1.68
2026-03-18 16:15:52,919 - INFO - 
============================================================
2026-03-18 16:15:52,919 - INFO - Running paper trading for 2025-06-11
2026-03-18 16:15:52,919 - INFO - ============================================================
2026-03-18 16:15:52,920 - INFO - Portfolio construction: 38 longs, 16 shorts (from 38 candidates)
2026-03-18 16:15:52,920 - INFO - Vol targeting: rolling_vol=0.0477, scale=1.6785
2026-03-18 16:15:52,920 - INFO - PnL Net: 0.0007 | Scaled: 0.0012 | Turnover: 18.77% | Vol Scale: 1.68
2026-03-18 16:15:52,921 - INFO - 
============================================================
2026-03-18 16:15:52,921 - INFO - Running paper trading for 2025-06-12
2026-03-18 16:15:52,921 - INFO - ============================================================
2026-03-18 16:15:52,922 - INFO - Portfolio construction: 38 longs, 38 shorts (from 38 candidates)
2026-03-18 16:15:52,922 - INFO - Vol targeting: rolling_vol=0.0449, scale=1.7832
2026-03-18 16:15:52,923 - INFO - PnL Net: -0.0033 | Scaled: -0.0058 | Turnover: 21.75% | Vol Scale: 1.78
2026-03-18 16:15:52,923 - INFO - 
============================================================
2026-03-18 16:15:52,923 - INFO - Running paper trading for 2025-06-13
2026-03-18 16:15:52,923 - INFO - ============================================================
2026-03-18 16:15:52,924 - INFO - Portfolio construction: 38 longs, 38 shorts (from 38 candidates)
2026-03-18 16:15:52,924 - INFO - Vol targeting: rolling_vol=0.0444, scale=1.8031
2026-03-18 16:15:52,924 - INFO - PnL Net: 0.0011 | Scaled: 0.0020 | Turnover: 18.70% | Vol Scale: 1.80
2026-03-18 16:15:52,924 - INFO - 
============================================================
2026-03-18 16:15:52,924 - INFO - Running paper trading for 2025-06-16
2026-03-18 16:15:52,924 - INFO - ============================================================
2026-03-18 16:15:52,925 - INFO - Portfolio construction: 38 longs, 38 shorts (from 38 candidates)
2026-03-18 16:15:52,925 - INFO - Vol targeting: rolling_vol=0.0455, scale=1.7575
2026-03-18 16:15:52,925 - INFO - PnL Net: -0.0035 | Scaled: -0.0061 | Turnover: 16.38% | Vol Scale: 1.76
2026-03-18 16:15:52,925 - INFO - 
============================================================
2026-03-18 16:15:52,925 - INFO - Running paper trading for 2025-06-17
2026-03-18 16:15:52,925 - INFO - ============================================================
2026-03-18 16:15:52,926 - INFO - Portfolio construction: 38 longs, 38 shorts (from 38 candidates)
2026-03-18 16:15:52,926 - INFO - Vol targeting: rolling_vol=0.0452, scale=1.7708
2026-03-18 16:15:52,926 - INFO - PnL Net: -0.0005 | Scaled: -0.0009 | Turnover: 17.30% | Vol Scale: 1.77
2026-03-18 16:15:52,926 - INFO - 
============================================================
2026-03-18 16:15:52,926 - INFO - Running paper trading for 2025-06-18
2026-03-18 16:15:52,926 - INFO - ============================================================
2026-03-18 16:15:52,927 - INFO - Portfolio construction: 38 longs, 38 shorts (from 38 candidates)
2026-03-18 16:15:52,928 - INFO - Vol targeting: rolling_vol=0.0385, scale=2.0000
2026-03-18 16:15:52,928 - INFO - PnL Net: 0.0001 | Scaled: 0.0003 | Turnover: 18.66% | Vol Scale: 2.00
2026-03-18 16:15:52,928 - INFO - 
============================================================
2026-03-18 16:15:52,928 - INFO - Running paper trading for 2025-06-20
2026-03-18 16:15:52,928 - INFO - ============================================================
2026-03-18 16:15:52,929 - INFO - Portfolio construction: 38 longs, 38 shorts (from 38 candidates)
2026-03-18 16:15:52,929 - INFO - Vol targeting: rolling_vol=0.0397, scale=2.0000
2026-03-18 16:15:52,929 - INFO - PnL Net: 0.0027 | Scaled: 0.0053 | Turnover: 20.03% | Vol Scale: 2.00
2026-03-18 16:15:52,929 - INFO - 
============================================================
2026-03-18 16:15:52,929 - INFO - Running paper trading for 2025-06-23
2026-03-18 16:15:52,929 - INFO - ============================================================
2026-03-18 16:15:52,930 - INFO - Portfolio construction: 38 longs, 38 shorts (from 38 candidates)
2026-03-18 16:15:52,930 - INFO - Vol targeting: rolling_vol=0.0406, scale=1.9706
2026-03-18 16:15:52,930 - INFO - PnL Net: 0.0039 | Scaled: 0.0076 | Turnover: 17.48% | Vol Scale: 1.97
2026-03-18 16:15:52,930 - INFO - 
============================================================
2026-03-18 16:15:52,930 - INFO - Running paper trading for 2025-06-24
2026-03-18 16:15:52,930 - INFO - ============================================================
2026-03-18 16:15:52,931 - INFO - Portfolio construction: 38 longs, 38 shorts (from 38 candidates)
2026-03-18 16:15:52,932 - INFO - Vol targeting: rolling_vol=0.0294, scale=2.0000
2026-03-18 16:15:52,932 - INFO - PnL Net: -0.0021 | Scaled: -0.0042 | Turnover: 18.08% | Vol Scale: 2.00
2026-03-18 16:15:52,932 - INFO - 
============================================================
2026-03-18 16:15:52,932 - INFO - Running paper trading for 2025-06-25
2026-03-18 16:15:52,932 - INFO - ============================================================
2026-03-18 16:15:52,933 - INFO - Portfolio construction: 38 longs, 38 shorts (from 38 candidates)
2026-03-18 16:15:52,933 - INFO - Vol targeting: rolling_vol=0.0295, scale=2.0000
2026-03-18 16:15:52,933 - INFO - PnL Net: 0.0019 | Scaled: 0.0038 | Turnover: 17.90% | Vol Scale: 2.00
2026-03-18 16:15:52,933 - INFO - 
============================================================
2026-03-18 16:15:52,933 - INFO - Running paper trading for 2025-06-26
2026-03-18 16:15:52,933 - INFO - ============================================================
2026-03-18 16:15:52,934 - INFO - Portfolio construction: 38 longs, 38 shorts (from 38 candidates)
2026-03-18 16:15:52,934 - INFO - Vol targeting: rolling_vol=0.0299, scale=2.0000
2026-03-18 16:15:52,934 - INFO - PnL Net: 0.0015 | Scaled: 0.0029 | Turnover: 17.70% | Vol Scale: 2.00
2026-03-18 16:15:52,935 - INFO - 
============================================================
2026-03-18 16:15:52,935 - INFO - Running paper trading for 2025-06-27
2026-03-18 16:15:52,935 - INFO - ============================================================
2026-03-18 16:15:52,935 - INFO - Portfolio construction: 38 longs, 38 shorts (from 38 candidates)
2026-03-18 16:15:52,935 - INFO - Vol targeting: rolling_vol=0.0300, scale=2.0000
2026-03-18 16:15:52,935 - INFO - PnL Net: 0.0013 | Scaled: 0.0025 | Turnover: 16.45% | Vol Scale: 2.00
2026-03-18 16:15:52,935 - INFO - 
============================================================
2026-03-18 16:15:52,935 - INFO - Running paper trading for 2025-06-30
2026-03-18 16:15:52,935 - INFO - ============================================================
2026-03-18 16:15:52,937 - INFO - Portfolio construction: 38 longs, 38 shorts (from 38 candidates)
2026-03-18 16:15:52,937 - INFO - Vol targeting: rolling_vol=0.0351, scale=2.0000
2026-03-18 16:15:52,937 - INFO - PnL Net: 0.0055 | Scaled: 0.0109 | Turnover: 17.10% | Vol Scale: 2.00
2026-03-18 16:15:52,937 - INFO - 
============================================================
2026-03-18 16:15:52,937 - INFO - Running paper trading for 2025-07-01
2026-03-18 16:15:52,938 - INFO - ============================================================
2026-03-18 16:15:52,939 - INFO - Portfolio construction: 38 longs, 38 shorts (from 38 candidates)
2026-03-18 16:15:52,939 - INFO - Vol targeting: rolling_vol=0.0352, scale=2.0000
2026-03-18 16:15:52,939 - INFO - PnL Net: 0.0013 | Scaled: 0.0026 | Turnover: 15.04% | Vol Scale: 2.00
2026-03-18 16:15:52,939 - INFO - 
============================================================
2026-03-18 16:15:52,939 - INFO - Running paper trading for 2025-07-02
2026-03-18 16:15:52,939 - INFO - ============================================================
2026-03-18 16:15:52,940 - INFO - Portfolio construction: 38 longs, 38 shorts (from 38 candidates)
2026-03-18 16:15:52,940 - INFO - Vol targeting: rolling_vol=0.0349, scale=2.0000
2026-03-18 16:15:52,940 - INFO - PnL Net: 0.0014 | Scaled: 0.0028 | Turnover: 12.74% | Vol Scale: 2.00
2026-03-18 16:15:52,940 - INFO - 
============================================================
2026-03-18 16:15:52,940 - INFO - Running paper trading for 2025-07-03
2026-03-18 16:15:52,940 - INFO - ============================================================
2026-03-18 16:15:52,941 - INFO - Portfolio construction: 38 longs, 38 shorts (from 38 candidates)
2026-03-18 16:15:52,942 - INFO - Vol targeting: rolling_vol=0.0371, scale=2.0000
2026-03-18 16:15:52,942 - INFO - PnL Net: -0.0032 | Scaled: -0.0063 | Turnover: 11.38% | Vol Scale: 2.00
2026-03-18 16:15:52,942 - INFO - 
============================================================
2026-03-18 16:15:52,942 - INFO - Running paper trading for 2025-07-07
2026-03-18 16:15:52,942 - INFO - ============================================================
2026-03-18 16:15:52,943 - INFO - Portfolio construction: 38 longs, 38 shorts (from 38 candidates)
2026-03-18 16:15:52,943 - INFO - Vol targeting: rolling_vol=0.0371, scale=2.0000
2026-03-18 16:15:52,943 - INFO - PnL Net: 0.0005 | Scaled: 0.0010 | Turnover: 10.84% | Vol Scale: 2.00
2026-03-18 16:15:52,943 - INFO - 
============================================================
2026-03-18 16:15:52,943 - INFO - Running paper trading for 2025-07-08
2026-03-18 16:15:52,943 - INFO - ============================================================
2026-03-18 16:15:52,944 - INFO - Portfolio construction: 38 longs, 38 shorts (from 38 candidates)
2026-03-18 16:15:52,944 - INFO - Vol targeting: rolling_vol=0.0357, scale=2.0000
2026-03-18 16:15:52,944 - INFO - PnL Net: 0.0009 | Scaled: 0.0019 | Turnover: 18.35% | Vol Scale: 2.00
2026-03-18 16:15:52,944 - INFO - 
============================================================
2026-03-18 16:15:52,944 - INFO - Running paper trading for 2025-07-09
2026-03-18 16:15:52,945 - INFO - ============================================================
2026-03-18 16:15:52,946 - INFO - Portfolio construction: 38 longs, 38 shorts (from 38 candidates)
2026-03-18 16:15:52,946 - INFO - Vol targeting: rolling_vol=0.0364, scale=2.0000
2026-03-18 16:15:52,946 - INFO - PnL Net: 0.0026 | Scaled: 0.0053 | Turnover: 19.70% | Vol Scale: 2.00
2026-03-18 16:15:52,946 - INFO - 
============================================================
2026-03-18 16:15:52,946 - INFO - Running paper trading for 2025-07-10
2026-03-18 16:15:52,946 - INFO - ============================================================
2026-03-18 16:15:52,947 - INFO - Portfolio construction: 38 longs, 12 shorts (from 38 candidates)
2026-03-18 16:15:52,948 - INFO - Vol targeting: rolling_vol=0.0379, scale=2.0000
2026-03-18 16:15:52,948 - INFO - PnL Net: -0.0029 | Scaled: -0.0058 | Turnover: 19.47% | Vol Scale: 2.00
2026-03-18 16:15:52,948 - INFO - 
============================================================
2026-03-18 16:15:52,948 - INFO - Running paper trading for 2025-07-11
2026-03-18 16:15:52,948 - INFO - ============================================================
2026-03-18 16:15:52,949 - INFO - Portfolio construction: 38 longs, 26 shorts (from 38 candidates)
2026-03-18 16:15:52,949 - INFO - Vol targeting: rolling_vol=0.0382, scale=2.0000
2026-03-18 16:15:52,949 - INFO - PnL Net: -0.0008 | Scaled: -0.0016 | Turnover: 19.00% | Vol Scale: 2.00
2026-03-18 16:15:52,949 - INFO - 
============================================================
2026-03-18 16:15:52,949 - INFO - Running paper trading for 2025-07-14
2026-03-18 16:15:52,949 - INFO - ============================================================
2026-03-18 16:15:52,950 - INFO - Portfolio construction: 38 longs, 38 shorts (from 38 candidates)
2026-03-18 16:15:52,950 - INFO - Vol targeting: rolling_vol=0.0411, scale=1.9456
2026-03-18 16:15:52,950 - INFO - PnL Net: -0.0053 | Scaled: -0.0103 | Turnover: 18.01% | Vol Scale: 1.95
2026-03-18 16:15:52,950 - INFO - 
============================================================
2026-03-18 16:15:52,950 - INFO - Running paper trading for 2025-07-15
2026-03-18 16:15:52,951 - INFO - ============================================================
2026-03-18 16:15:52,951 - INFO - Portfolio construction: 38 longs, 24 shorts (from 38 candidates)
2026-03-18 16:15:52,952 - INFO - Vol targeting: rolling_vol=0.0411, scale=1.9452
2026-03-18 16:15:52,952 - INFO - PnL Net: 0.0011 | Scaled: 0.0022 | Turnover: 17.80% | Vol Scale: 1.95
2026-03-18 16:15:52,952 - INFO - 
============================================================
2026-03-18 16:15:52,952 - INFO - Running paper trading for 2025-07-16
2026-03-18 16:15:52,952 - INFO - ============================================================
2026-03-18 16:15:52,953 - INFO - Portfolio construction: 38 longs, 4 shorts (from 38 candidates)
2026-03-18 16:15:52,953 - INFO - Vol targeting: rolling_vol=0.0400, scale=1.9977
2026-03-18 16:15:52,953 - INFO - PnL Net: 0.0035 | Scaled: 0.0070 | Turnover: 18.83% | Vol Scale: 2.00
2026-03-18 16:15:52,953 - INFO - 
============================================================
2026-03-18 16:15:52,953 - INFO - Running paper trading for 2025-07-17
2026-03-18 16:15:52,953 - INFO - ============================================================
2026-03-18 16:15:52,954 - INFO - Portfolio construction: 38 longs, 38 shorts (from 38 candidates)
2026-03-18 16:15:52,954 - INFO - Vol targeting: rolling_vol=0.0400, scale=2.0000
2026-03-18 16:15:52,954 - INFO - PnL Net: -0.0003 | Scaled: -0.0006 | Turnover: 20.65% | Vol Scale: 2.00
2026-03-18 16:15:52,954 - INFO - 
============================================================
2026-03-18 16:15:52,954 - INFO - Running paper trading for 2025-07-18
2026-03-18 16:15:52,954 - INFO - ============================================================
2026-03-18 16:15:52,955 - INFO - Portfolio construction: 38 longs, 38 shorts (from 38 candidates)
2026-03-18 16:15:52,955 - INFO - Vol targeting: rolling_vol=0.0407, scale=1.9646
2026-03-18 16:15:52,955 - INFO - PnL Net: -0.0016 | Scaled: -0.0032 | Turnover: 22.59% | Vol Scale: 1.96
2026-03-18 16:15:52,955 - INFO - 
============================================================
2026-03-18 16:15:52,955 - INFO - Running paper trading for 2025-07-21
2026-03-18 16:15:52,955 - INFO - ============================================================
2026-03-18 16:15:52,957 - INFO - Portfolio construction: 38 longs, 38 shorts (from 38 candidates)
2026-03-18 16:15:52,958 - INFO - Vol targeting: rolling_vol=0.0456, scale=1.7529
2026-03-18 16:15:52,958 - INFO - PnL Net: 0.0068 | Scaled: 0.0120 | Turnover: 18.81% | Vol Scale: 1.75
2026-03-18 16:15:52,958 - INFO - 
============================================================
2026-03-18 16:15:52,958 - INFO - Running paper trading for 2025-07-22
2026-03-18 16:15:52,958 - INFO - ============================================================
2026-03-18 16:15:52,959 - INFO - Portfolio construction: 38 longs, 38 shorts (from 38 candidates)
2026-03-18 16:15:52,959 - INFO - Vol targeting: rolling_vol=0.0446, scale=1.7927
2026-03-18 16:15:52,959 - INFO - PnL Net: 0.0023 | Scaled: 0.0041 | Turnover: 18.89% | Vol Scale: 1.79
2026-03-18 16:15:52,959 - INFO - 
============================================================
2026-03-18 16:15:52,959 - INFO - Running paper trading for 2025-07-23
2026-03-18 16:15:52,959 - INFO - ============================================================
2026-03-18 16:15:52,960 - INFO - Portfolio construction: 38 longs, 38 shorts (from 38 candidates)
2026-03-18 16:15:52,960 - INFO - Vol targeting: rolling_vol=0.0451, scale=1.7756
2026-03-18 16:15:52,961 - INFO - PnL Net: -0.0026 | Scaled: -0.0046 | Turnover: 15.52% | Vol Scale: 1.78
2026-03-18 16:15:52,961 - INFO - 
============================================================
2026-03-18 16:15:52,961 - INFO - Running paper trading for 2025-07-24
2026-03-18 16:15:52,961 - INFO - ============================================================
2026-03-18 16:15:52,962 - INFO - Portfolio construction: 38 longs, 38 shorts (from 38 candidates)
2026-03-18 16:15:52,962 - INFO - Vol targeting: rolling_vol=0.0449, scale=1.7834
2026-03-18 16:15:52,962 - INFO - PnL Net: 0.0011 | Scaled: 0.0019 | Turnover: 15.70% | Vol Scale: 1.78
2026-03-18 16:15:52,962 - INFO - 
============================================================
2026-03-18 16:15:52,962 - INFO - Running paper trading for 2025-07-25
2026-03-18 16:15:52,962 - INFO - ============================================================
2026-03-18 16:15:52,963 - INFO - Portfolio construction: 38 longs, 38 shorts (from 38 candidates)
2026-03-18 16:15:52,963 - INFO - Vol targeting: rolling_vol=0.0465, scale=1.7198
2026-03-18 16:15:52,963 - INFO - PnL Net: -0.0031 | Scaled: -0.0052 | Turnover: 16.41% | Vol Scale: 1.72
2026-03-18 16:15:52,963 - INFO - 
============================================================
2026-03-18 16:15:52,963 - INFO - Running paper trading for 2025-07-28
2026-03-18 16:15:52,963 - INFO - ============================================================
2026-03-18 16:15:52,964 - INFO - Portfolio construction: 38 longs, 38 shorts (from 38 candidates)
2026-03-18 16:15:52,965 - INFO - Vol targeting: rolling_vol=0.0474, scale=1.6862
2026-03-18 16:15:52,965 - INFO - PnL Net: -0.0025 | Scaled: -0.0041 | Turnover: 18.54% | Vol Scale: 1.69
2026-03-18 16:15:52,965 - INFO - 
============================================================
2026-03-18 16:15:52,965 - INFO - Running paper trading for 2025-07-29
2026-03-18 16:15:52,965 - INFO - ============================================================
2026-03-18 16:15:52,966 - INFO - Portfolio construction: 38 longs, 38 shorts (from 38 candidates)
2026-03-18 16:15:52,966 - INFO - Vol targeting: rolling_vol=0.0445, scale=1.7974
2026-03-18 16:15:52,966 - INFO - PnL Net: -0.0028 | Scaled: -0.0050 | Turnover: 17.07% | Vol Scale: 1.80
2026-03-18 16:15:52,966 - INFO - 
============================================================
2026-03-18 16:15:52,966 - INFO - Running paper trading for 2025-07-30
2026-03-18 16:15:52,966 - INFO - ============================================================
2026-03-18 16:15:52,967 - INFO - Portfolio construction: 38 longs, 38 shorts (from 38 candidates)
2026-03-18 16:15:52,967 - INFO - Vol targeting: rolling_vol=0.0463, scale=1.7283
2026-03-18 16:15:52,967 - INFO - PnL Net: -0.0042 | Scaled: -0.0073 | Turnover: 18.97% | Vol Scale: 1.73
2026-03-18 16:15:52,967 - INFO - 
============================================================
2026-03-18 16:15:52,967 - INFO - Running paper trading for 2025-07-31
2026-03-18 16:15:52,967 - INFO - ============================================================
2026-03-18 16:15:52,969 - INFO - Portfolio construction: 38 longs, 38 shorts (from 38 candidates)
2026-03-18 16:15:52,969 - INFO - Vol targeting: rolling_vol=0.0470, scale=1.7007
2026-03-18 16:15:52,969 - INFO - PnL Net: -0.0036 | Scaled: -0.0062 | Turnover: 19.57% | Vol Scale: 1.70
2026-03-18 16:15:52,969 - INFO - 
============================================================
2026-03-18 16:15:52,969 - INFO - Running paper trading for 2025-08-01
2026-03-18 16:15:52,969 - INFO - ============================================================
2026-03-18 16:15:52,970 - INFO - Portfolio construction: 38 longs, 6 shorts (from 38 candidates)
2026-03-18 16:15:52,970 - INFO - Vol targeting: rolling_vol=0.0468, scale=1.7092
2026-03-18 16:15:52,971 - INFO - PnL Net: 0.0016 | Scaled: 0.0028 | Turnover: 18.75% | Vol Scale: 1.71
2026-03-18 16:15:52,971 - INFO - 
============================================================
2026-03-18 16:15:52,971 - INFO - Running paper trading for 2025-08-04
2026-03-18 16:15:52,971 - INFO - ============================================================
2026-03-18 16:15:52,972 - INFO - Portfolio construction: 38 longs, 5 shorts (from 38 candidates)
2026-03-18 16:15:52,972 - INFO - Vol targeting: rolling_vol=0.0486, scale=1.6467
2026-03-18 16:15:52,972 - INFO - PnL Net: 0.0034 | Scaled: 0.0056 | Turnover: 20.03% | Vol Scale: 1.65
2026-03-18 16:15:52,972 - INFO - 
============================================================
2026-03-18 16:15:52,972 - INFO - Running paper trading for 2025-08-05
2026-03-18 16:15:52,972 - INFO - ============================================================
2026-03-18 16:15:52,973 - INFO - Portfolio construction: 38 longs, 37 shorts (from 38 candidates)
2026-03-18 16:15:52,973 - INFO - Vol targeting: rolling_vol=0.0485, scale=1.6507
2026-03-18 16:15:52,973 - INFO - PnL Net: -0.0013 | Scaled: -0.0021 | Turnover: 19.43% | Vol Scale: 1.65
2026-03-18 16:15:52,973 - INFO - 
============================================================
2026-03-18 16:15:52,973 - INFO - Running paper trading for 2025-08-06
2026-03-18 16:15:52,973 - INFO - ============================================================
2026-03-18 16:15:52,974 - INFO - Portfolio construction: 38 longs, 38 shorts (from 38 candidates)
2026-03-18 16:15:52,975 - INFO - Vol targeting: rolling_vol=0.0472, scale=1.6961
2026-03-18 16:15:52,975 - INFO - PnL Net: -0.0009 | Scaled: -0.0016 | Turnover: 18.13% | Vol Scale: 1.70
2026-03-18 16:15:52,975 - INFO - 
============================================================
2026-03-18 16:15:52,975 - INFO - Running paper trading for 2025-08-07
2026-03-18 16:15:52,975 - INFO - ============================================================
2026-03-18 16:15:52,976 - INFO - Portfolio construction: 38 longs, 7 shorts (from 38 candidates)
2026-03-18 16:15:52,976 - INFO - Vol targeting: rolling_vol=0.0466, scale=1.7164
2026-03-18 16:15:52,976 - INFO - PnL Net: 0.0008 | Scaled: 0.0013 | Turnover: 20.31% | Vol Scale: 1.72
2026-03-18 16:15:52,976 - INFO - 
============================================================
2026-03-18 16:15:52,976 - INFO - Running paper trading for 2025-08-08
2026-03-18 16:15:52,976 - INFO - ============================================================
2026-03-18 16:15:52,977 - INFO - Portfolio construction: 38 longs, 8 shorts (from 38 candidates)
2026-03-18 16:15:52,977 - INFO - Vol targeting: rolling_vol=0.0467, scale=1.7135
2026-03-18 16:15:52,977 - WARNING - KS3 TRIGGERED: 60-day Sharpe -0.0651 < 0
2026-03-18 16:15:52,977 - INFO - PnL Net: -0.0013 | Scaled: -0.0022 | Turnover: 18.30% | Vol Scale: 1.71
2026-03-18 16:15:52,977 - INFO - 
============================================================
2026-03-18 16:15:52,977 - INFO - Running paper trading for 2025-08-11
2026-03-18 16:15:52,977 - INFO - ============================================================
2026-03-18 16:15:52,978 - INFO - Portfolio construction: 38 longs, 38 shorts (from 38 candidates)
2026-03-18 16:15:52,978 - INFO - Vol targeting: rolling_vol=0.0479, scale=1.6690
2026-03-18 16:15:52,979 - WARNING - KS3 TRIGGERED: 60-day Sharpe -0.0144 < 0
2026-03-18 16:15:52,979 - INFO - PnL Net: 0.0058 | Scaled: 0.0096 | Turnover: 15.45% | Vol Scale: 1.67
2026-03-18 16:15:52,979 - INFO - 
============================================================
2026-03-18 16:15:52,979 - INFO - Running paper trading for 2025-08-12
2026-03-18 16:15:52,979 - INFO - ============================================================
2026-03-18 16:15:52,980 - INFO - Portfolio construction: 38 longs, 38 shorts (from 38 candidates)
2026-03-18 16:15:52,980 - INFO - Vol targeting: rolling_vol=0.0574, scale=1.3933
2026-03-18 16:15:52,980 - INFO - PnL Net: 0.0093 | Scaled: 0.0129 | Turnover: 15.64% | Vol Scale: 1.39
2026-03-18 16:15:52,980 - INFO - 
============================================================
2026-03-18 16:15:52,980 - INFO - Running paper trading for 2025-08-13
2026-03-18 16:15:52,980 - INFO - ============================================================
2026-03-18 16:15:52,981 - INFO - Portfolio construction: 38 longs, 38 shorts (from 38 candidates)
2026-03-18 16:15:52,981 - INFO - Vol targeting: rolling_vol=0.0564, scale=1.4186
2026-03-18 16:15:52,981 - INFO - PnL Net: 0.0002 | Scaled: 0.0003 | Turnover: 20.87% | Vol Scale: 1.42
2026-03-18 16:15:52,981 - INFO - 
============================================================
2026-03-18 16:15:52,981 - INFO - Running paper trading for 2025-08-14
2026-03-18 16:15:52,981 - INFO - ============================================================
2026-03-18 16:15:52,982 - INFO - Portfolio construction: 38 longs, 38 shorts (from 38 candidates)
2026-03-18 16:15:52,983 - INFO - Vol targeting: rolling_vol=0.0564, scale=1.4190
2026-03-18 16:15:52,983 - INFO - PnL Net: 0.0010 | Scaled: 0.0014 | Turnover: 18.05% | Vol Scale: 1.42
2026-03-18 16:15:52,983 - INFO - 
============================================================
2026-03-18 16:15:52,983 - INFO - Running paper trading for 2025-08-15
2026-03-18 16:15:52,983 - INFO - ============================================================
2026-03-18 16:15:52,984 - INFO - Portfolio construction: 38 longs, 38 shorts (from 38 candidates)
2026-03-18 16:15:52,985 - INFO - Vol targeting: rolling_vol=0.0559, scale=1.4310
2026-03-18 16:15:52,985 - INFO - PnL Net: 0.0002 | Scaled: 0.0003 | Turnover: 19.70% | Vol Scale: 1.43
2026-03-18 16:15:52,985 - INFO - 
============================================================
2026-03-18 16:15:52,985 - INFO - Running paper trading for 2025-08-18
2026-03-18 16:15:52,985 - INFO - ============================================================
2026-03-18 16:15:52,986 - INFO - Portfolio construction: 38 longs, 38 shorts (from 38 candidates)
2026-03-18 16:15:52,986 - INFO - Vol targeting: rolling_vol=0.0515, scale=1.5525
2026-03-18 16:15:52,986 - INFO - PnL Net: 0.0024 | Scaled: 0.0038 | Turnover: 18.09% | Vol Scale: 1.55
2026-03-18 16:15:52,986 - INFO - 
============================================================
2026-03-18 16:15:52,986 - INFO - Running paper trading for 2025-08-19
2026-03-18 16:15:52,986 - INFO - ============================================================
2026-03-18 16:15:52,988 - INFO - Portfolio construction: 38 longs, 38 shorts (from 38 candidates)
2026-03-18 16:15:52,988 - INFO - Vol targeting: rolling_vol=0.0516, scale=1.5515
2026-03-18 16:15:52,988 - INFO - PnL Net: -0.0020 | Scaled: -0.0031 | Turnover: 16.60% | Vol Scale: 1.55
2026-03-18 16:15:52,988 - INFO - 
============================================================
2026-03-18 16:15:52,988 - INFO - Running paper trading for 2025-08-20
2026-03-18 16:15:52,988 - INFO - ============================================================
2026-03-18 16:15:52,989 - INFO - Portfolio construction: 38 longs, 38 shorts (from 38 candidates)
2026-03-18 16:15:52,989 - INFO - Vol targeting: rolling_vol=0.0510, scale=1.5694
2026-03-18 16:15:52,990 - INFO - PnL Net: -0.0015 | Scaled: -0.0024 | Turnover: 15.21% | Vol Scale: 1.57
2026-03-18 16:15:52,990 - INFO - 
============================================================
2026-03-18 16:15:52,990 - INFO - Running paper trading for 2025-08-21
2026-03-18 16:15:52,990 - INFO - ============================================================
2026-03-18 16:15:52,991 - INFO - Portfolio construction: 38 longs, 38 shorts (from 38 candidates)
2026-03-18 16:15:52,991 - INFO - Vol targeting: rolling_vol=0.0594, scale=1.3476
2026-03-18 16:15:52,991 - INFO - PnL Net: 0.0089 | Scaled: 0.0120 | Turnover: 16.82% | Vol Scale: 1.35
2026-03-18 16:15:52,991 - INFO - 
============================================================
2026-03-18 16:15:52,991 - INFO - Running paper trading for 2025-08-22
2026-03-18 16:15:52,991 - INFO - ============================================================
2026-03-18 16:15:52,992 - INFO - Portfolio construction: 38 longs, 38 shorts (from 38 candidates)
2026-03-18 16:15:52,992 - INFO - Vol targeting: rolling_vol=0.0605, scale=1.3221
2026-03-18 16:15:52,992 - INFO - PnL Net: -0.0044 | Scaled: -0.0058 | Turnover: 15.55% | Vol Scale: 1.32
2026-03-18 16:15:52,992 - INFO - 
============================================================
2026-03-18 16:15:52,992 - INFO - Running paper trading for 2025-08-25
2026-03-18 16:15:52,992 - INFO - ============================================================
2026-03-18 16:15:52,993 - INFO - Portfolio construction: 38 longs, 38 shorts (from 38 candidates)
2026-03-18 16:15:52,994 - INFO - Vol targeting: rolling_vol=0.0596, scale=1.3428
2026-03-18 16:15:52,994 - INFO - PnL Net: 0.0005 | Scaled: 0.0007 | Turnover: 15.86% | Vol Scale: 1.34
2026-03-18 16:15:52,994 - INFO - 
============================================================
2026-03-18 16:15:52,994 - INFO - Running paper trading for 2025-08-26
2026-03-18 16:15:52,994 - INFO - ============================================================
2026-03-18 16:15:52,995 - INFO - Portfolio construction: 38 longs, 38 shorts (from 38 candidates)
2026-03-18 16:15:52,995 - INFO - Vol targeting: rolling_vol=0.0583, scale=1.3725
2026-03-18 16:15:52,995 - INFO - PnL Net: 0.0005 | Scaled: 0.0007 | Turnover: 17.06% | Vol Scale: 1.37
2026-03-18 16:15:52,995 - INFO - 
============================================================
2026-03-18 16:15:52,995 - INFO - Running paper trading for 2025-08-27
2026-03-18 16:15:52,995 - INFO - ============================================================
2026-03-18 16:15:52,996 - INFO - Portfolio construction: 38 longs, 38 shorts (from 38 candidates)
2026-03-18 16:15:52,997 - INFO - Vol targeting: rolling_vol=0.0555, scale=1.4411
2026-03-18 16:15:52,997 - INFO - PnL Net: -0.0002 | Scaled: -0.0002 | Turnover: 17.80% | Vol Scale: 1.44
2026-03-18 16:15:52,997 - INFO - 
============================================================
2026-03-18 16:15:52,997 - INFO - Running paper trading for 2025-08-28
2026-03-18 16:15:52,997 - INFO - ============================================================
2026-03-18 16:15:52,997 - INFO - Portfolio construction: 38 longs, 38 shorts (from 38 candidates)
2026-03-18 16:15:52,997 - INFO - Vol targeting: rolling_vol=0.0530, scale=1.5091
2026-03-18 16:15:52,997 - INFO - PnL Net: 0.0003 | Scaled: 0.0004 | Turnover: 19.25% | Vol Scale: 1.51
2026-03-18 16:15:52,998 - INFO - 
============================================================
2026-03-18 16:15:52,998 - INFO - Running paper trading for 2025-08-29
2026-03-18 16:15:52,998 - INFO - ============================================================
2026-03-18 16:15:52,999 - INFO - Portfolio construction: 38 longs, 38 shorts (from 38 candidates)
2026-03-18 16:15:52,999 - INFO - Vol targeting: rolling_vol=0.0539, scale=1.4841
2026-03-18 16:15:52,999 - INFO - PnL Net: -0.0017 | Scaled: -0.0026 | Turnover: 15.06% | Vol Scale: 1.48
2026-03-18 16:15:52,999 - INFO - 
============================================================
2026-03-18 16:15:52,999 - INFO - Running paper trading for 2025-09-02
2026-03-18 16:15:52,999 - INFO - ============================================================
2026-03-18 16:15:53,001 - INFO - Portfolio construction: 38 longs, 38 shorts (from 38 candidates)
2026-03-18 16:15:53,001 - INFO - Vol targeting: rolling_vol=0.0542, scale=1.4760
2026-03-18 16:15:53,001 - INFO - PnL Net: -0.0021 | Scaled: -0.0031 | Turnover: 18.16% | Vol Scale: 1.48
2026-03-18 16:15:53,001 - INFO - 
============================================================
2026-03-18 16:15:53,001 - INFO - Running paper trading for 2025-09-03
2026-03-18 16:15:53,001 - INFO - ============================================================
2026-03-18 16:15:53,002 - INFO - Portfolio construction: 38 longs, 38 shorts (from 38 candidates)
2026-03-18 16:15:53,003 - INFO - Vol targeting: rolling_vol=0.0537, scale=1.4886
2026-03-18 16:15:53,003 - INFO - PnL Net: 0.0013 | Scaled: 0.0020 | Turnover: 17.78% | Vol Scale: 1.49
2026-03-18 16:15:53,003 - INFO - 
============================================================
2026-03-18 16:15:53,003 - INFO - Running paper trading for 2025-09-04
2026-03-18 16:15:53,003 - INFO - ============================================================
2026-03-18 16:15:53,004 - INFO - Portfolio construction: 38 longs, 38 shorts (from 38 candidates)
2026-03-18 16:15:53,004 - INFO - Vol targeting: rolling_vol=0.0534, scale=1.4994
2026-03-18 16:15:53,004 - INFO - PnL Net: 0.0012 | Scaled: 0.0019 | Turnover: 17.33% | Vol Scale: 1.50
2026-03-18 16:15:53,004 - INFO - 
============================================================
2026-03-18 16:15:53,004 - INFO - Running paper trading for 2025-09-05
2026-03-18 16:15:53,004 - INFO - ============================================================
2026-03-18 16:15:53,005 - INFO - Portfolio construction: 38 longs, 38 shorts (from 38 candidates)
2026-03-18 16:15:53,005 - INFO - Vol targeting: rolling_vol=0.0539, scale=1.4842
2026-03-18 16:15:53,005 - INFO - PnL Net: -0.0013 | Scaled: -0.0019 | Turnover: 20.00% | Vol Scale: 1.48
2026-03-18 16:15:53,005 - INFO - 
============================================================
2026-03-18 16:15:53,006 - INFO - Running paper trading for 2025-09-08
2026-03-18 16:15:53,006 - INFO - ============================================================
2026-03-18 16:15:53,006 - INFO - Portfolio construction: 38 longs, 38 shorts (from 38 candidates)
2026-03-18 16:15:53,007 - INFO - Vol targeting: rolling_vol=0.0535, scale=1.4949
2026-03-18 16:15:53,007 - INFO - PnL Net: -0.0003 | Scaled: -0.0004 | Turnover: 16.66% | Vol Scale: 1.49
2026-03-18 16:15:53,007 - INFO - 
============================================================
2026-03-18 16:15:53,007 - INFO - Running paper trading for 2025-09-09
2026-03-18 16:15:53,007 - INFO - ============================================================
2026-03-18 16:15:53,007 - INFO - Portfolio construction: 38 longs, 38 shorts (from 38 candidates)
2026-03-18 16:15:53,008 - INFO - Vol targeting: rolling_vol=0.0534, scale=1.4986
2026-03-18 16:15:53,008 - INFO - PnL Net: -0.0044 | Scaled: -0.0065 | Turnover: 17.19% | Vol Scale: 1.50
2026-03-18 16:15:53,008 - INFO - 
============================================================
2026-03-18 16:15:53,008 - INFO - Running paper trading for 2025-09-10
2026-03-18 16:15:53,008 - INFO - ============================================================
2026-03-18 16:15:53,009 - INFO - Portfolio construction: 38 longs, 38 shorts (from 38 candidates)
2026-03-18 16:15:53,009 - INFO - Vol targeting: rolling_vol=0.0448, scale=1.7844
2026-03-18 16:15:53,009 - INFO - PnL Net: 0.0040 | Scaled: 0.0072 | Turnover: 16.96% | Vol Scale: 1.78
2026-03-18 16:15:53,009 - INFO - 
============================================================
2026-03-18 16:15:53,009 - INFO - Running paper trading for 2025-09-11
2026-03-18 16:15:53,009 - INFO - ============================================================
2026-03-18 16:15:53,010 - INFO - Portfolio construction: 38 longs, 38 shorts (from 38 candidates)
2026-03-18 16:15:53,011 - INFO - Vol targeting: rolling_vol=0.0472, scale=1.6944
2026-03-18 16:15:53,011 - INFO - PnL Net: -0.0041 | Scaled: -0.0070 | Turnover: 17.39% | Vol Scale: 1.69
2026-03-18 16:15:53,011 - INFO - 
============================================================
2026-03-18 16:15:53,011 - INFO - Running paper trading for 2025-09-12
2026-03-18 16:15:53,011 - INFO - ============================================================
2026-03-18 16:15:53,012 - INFO - Portfolio construction: 38 longs, 38 shorts (from 38 candidates)
2026-03-18 16:15:53,012 - INFO - Vol targeting: rolling_vol=0.0475, scale=1.6830
2026-03-18 16:15:53,012 - INFO - PnL Net: -0.0021 | Scaled: -0.0035 | Turnover: 15.81% | Vol Scale: 1.68
2026-03-18 16:15:53,012 - INFO - 
============================================================
2026-03-18 16:15:53,012 - INFO - Running paper trading for 2025-09-15
2026-03-18 16:15:53,012 - INFO - ============================================================
2026-03-18 16:15:53,013 - INFO - Portfolio construction: 38 longs, 38 shorts (from 38 candidates)
2026-03-18 16:15:53,013 - INFO - Vol targeting: rolling_vol=0.0477, scale=1.6773
2026-03-18 16:15:53,014 - INFO - PnL Net: 0.0010 | Scaled: 0.0016 | Turnover: 18.17% | Vol Scale: 1.68
2026-03-18 16:15:53,014 - INFO - 
============================================================
2026-03-18 16:15:53,014 - INFO - Running paper trading for 2025-09-16
2026-03-18 16:15:53,014 - INFO - ============================================================
2026-03-18 16:15:53,015 - INFO - Portfolio construction: 38 longs, 38 shorts (from 38 candidates)
2026-03-18 16:15:53,015 - INFO - Vol targeting: rolling_vol=0.0469, scale=1.7072
2026-03-18 16:15:53,015 - INFO - PnL Net: 0.0006 | Scaled: 0.0011 | Turnover: 16.81% | Vol Scale: 1.71
2026-03-18 16:15:53,015 - INFO - 
============================================================
2026-03-18 16:15:53,015 - INFO - Running paper trading for 2025-09-17
2026-03-18 16:15:53,015 - INFO - ============================================================
2026-03-18 16:15:53,016 - INFO - Portfolio construction: 38 longs, 38 shorts (from 38 candidates)
2026-03-18 16:15:53,017 - INFO - Vol targeting: rolling_vol=0.0483, scale=1.6553
2026-03-18 16:15:53,017 - INFO - PnL Net: 0.0037 | Scaled: 0.0061 | Turnover: 15.39% | Vol Scale: 1.66
2026-03-18 16:15:53,017 - INFO - 
============================================================
2026-03-18 16:15:53,017 - INFO - Running paper trading for 2025-09-18
2026-03-18 16:15:53,017 - INFO - ============================================================
2026-03-18 16:15:53,018 - INFO - Portfolio construction: 38 longs, 38 shorts (from 38 candidates)
2026-03-18 16:15:53,018 - INFO - Vol targeting: rolling_vol=0.0490, scale=1.6323
2026-03-18 16:15:53,018 - INFO - PnL Net: -0.0028 | Scaled: -0.0045 | Turnover: 13.88% | Vol Scale: 1.63
2026-03-18 16:15:53,018 - INFO - 
============================================================
2026-03-18 16:15:53,018 - INFO - Running paper trading for 2025-09-19
2026-03-18 16:15:53,018 - INFO - ============================================================
2026-03-18 16:15:53,019 - INFO - Portfolio construction: 38 longs, 38 shorts (from 38 candidates)
2026-03-18 16:15:53,019 - INFO - Vol targeting: rolling_vol=0.0368, scale=2.0000
2026-03-18 16:15:53,020 - INFO - PnL Net: -0.0018 | Scaled: -0.0037 | Turnover: 14.15% | Vol Scale: 2.00
2026-03-18 16:15:53,020 - INFO - 
============================================================
2026-03-18 16:15:53,020 - INFO - Running paper trading for 2025-09-22
2026-03-18 16:15:53,020 - INFO - ============================================================
2026-03-18 16:15:53,020 - INFO - Portfolio construction: 38 longs, 38 shorts (from 38 candidates)
2026-03-18 16:15:53,020 - INFO - Vol targeting: rolling_vol=0.0347, scale=2.0000
2026-03-18 16:15:53,020 - INFO - PnL Net: -0.0022 | Scaled: -0.0044 | Turnover: 12.25% | Vol Scale: 2.00
2026-03-18 16:15:53,020 - INFO - 
============================================================
2026-03-18 16:15:53,020 - INFO - Running paper trading for 2025-09-23
2026-03-18 16:15:53,022 - INFO - ============================================================
2026-03-18 16:15:53,023 - INFO - Portfolio construction: 38 longs, 38 shorts (from 38 candidates)
2026-03-18 16:15:53,023 - INFO - Vol targeting: rolling_vol=0.0347, scale=2.0000
2026-03-18 16:15:53,023 - INFO - PnL Net: 0.0006 | Scaled: 0.0012 | Turnover: 11.55% | Vol Scale: 2.00
2026-03-18 16:15:53,023 - INFO - 
============================================================
2026-03-18 16:15:53,023 - INFO - Running paper trading for 2025-09-24
2026-03-18 16:15:53,023 - INFO - ============================================================
2026-03-18 16:15:53,024 - INFO - Portfolio construction: 38 longs, 38 shorts (from 38 candidates)
2026-03-18 16:15:53,024 - INFO - Vol targeting: rolling_vol=0.0370, scale=2.0000
2026-03-18 16:15:53,024 - WARNING - KS3 TRIGGERED: 60-day Sharpe -0.2339 < 0
2026-03-18 16:15:53,024 - INFO - PnL Net: -0.0044 | Scaled: -0.0087 | Turnover: 10.82% | Vol Scale: 2.00
2026-03-18 16:15:53,024 - INFO - 
============================================================
2026-03-18 16:15:53,024 - INFO - Running paper trading for 2025-09-25
2026-03-18 16:15:53,024 - INFO - ============================================================
2026-03-18 16:15:53,025 - INFO - Portfolio construction: 38 longs, 38 shorts (from 38 candidates)
2026-03-18 16:15:53,026 - INFO - Vol targeting: rolling_vol=0.0394, scale=2.0000
2026-03-18 16:15:53,026 - WARNING - KS3 TRIGGERED: 60-day Sharpe -0.0747 < 0
2026-03-18 16:15:53,026 - INFO - PnL Net: 0.0031 | Scaled: 0.0063 | Turnover: 11.32% | Vol Scale: 2.00
2026-03-18 16:15:53,026 - INFO - 
============================================================
2026-03-18 16:15:53,026 - INFO - Running paper trading for 2025-09-26
2026-03-18 16:15:53,026 - INFO - ============================================================
2026-03-18 16:15:53,027 - INFO - Portfolio construction: 38 longs, 38 shorts (from 38 candidates)
2026-03-18 16:15:53,027 - INFO - Vol targeting: rolling_vol=0.0396, scale=2.0000
2026-03-18 16:15:53,027 - WARNING - KS3 TRIGGERED: 60-day Sharpe -0.1133 < 0
2026-03-18 16:15:53,027 - INFO - PnL Net: 0.0009 | Scaled: 0.0019 | Turnover: 10.79% | Vol Scale: 2.00
2026-03-18 16:15:53,027 - INFO - 
============================================================
2026-03-18 16:15:53,027 - INFO - Running paper trading for 2025-09-29
2026-03-18 16:15:53,027 - INFO - ============================================================
2026-03-18 16:15:53,028 - INFO - Portfolio construction: 38 longs, 38 shorts (from 38 candidates)
2026-03-18 16:15:53,028 - INFO - Vol targeting: rolling_vol=0.0395, scale=2.0000
2026-03-18 16:15:53,029 - INFO - PnL Net: 0.0006 | Scaled: 0.0013 | Turnover: 18.78% | Vol Scale: 2.00
2026-03-18 16:15:53,029 - INFO - 
============================================================
2026-03-18 16:15:53,029 - INFO - Running paper trading for 2025-09-30
2026-03-18 16:15:53,029 - INFO - ============================================================
2026-03-18 16:15:53,029 - INFO - Portfolio construction: 38 longs, 38 shorts (from 38 candidates)
2026-03-18 16:15:53,029 - INFO - Vol targeting: rolling_vol=0.0394, scale=2.0000
2026-03-18 16:15:53,030 - INFO - PnL Net: 0.0013 | Scaled: 0.0026 | Turnover: 16.32% | Vol Scale: 2.00
2026-03-18 16:15:53,030 - INFO - 
============================================================
2026-03-18 16:15:53,030 - INFO - Running paper trading for 2025-10-01
2026-03-18 16:15:53,030 - INFO - ============================================================
2026-03-18 16:15:53,031 - INFO - Portfolio construction: 38 longs, 38 shorts (from 38 candidates)
2026-03-18 16:15:53,031 - INFO - Vol targeting: rolling_vol=0.0406, scale=1.9724
2026-03-18 16:15:53,031 - INFO - PnL Net: 0.0029 | Scaled: 0.0057 | Turnover: 13.62% | Vol Scale: 1.97
2026-03-18 16:15:53,031 - INFO - 
============================================================
2026-03-18 16:15:53,031 - INFO - Running paper trading for 2025-10-02
2026-03-18 16:15:53,031 - INFO - ============================================================
2026-03-18 16:15:53,032 - INFO - Portfolio construction: 38 longs, 38 shorts (from 38 candidates)
2026-03-18 16:15:53,033 - INFO - Vol targeting: rolling_vol=0.0415, scale=1.9257
2026-03-18 16:15:53,033 - INFO - PnL Net: 0.0028 | Scaled: 0.0053 | Turnover: 12.21% | Vol Scale: 1.93
2026-03-18 16:15:53,033 - INFO - 
============================================================
2026-03-18 16:15:53,033 - INFO - Running paper trading for 2025-10-03
2026-03-18 16:15:53,033 - INFO - ============================================================
2026-03-18 16:15:53,034 - INFO - Portfolio construction: 38 longs, 38 shorts (from 38 candidates)
2026-03-18 16:15:53,034 - INFO - Vol targeting: rolling_vol=0.0436, scale=1.8365
2026-03-18 16:15:53,034 - INFO - PnL Net: 0.0040 | Scaled: 0.0073 | Turnover: 10.49% | Vol Scale: 1.84
2026-03-18 16:15:53,034 - INFO - 
============================================================
2026-03-18 16:15:53,034 - INFO - Running paper trading for 2025-10-06
2026-03-18 16:15:53,034 - INFO - ============================================================
2026-03-18 16:15:53,035 - INFO - Portfolio construction: 38 longs, 38 shorts (from 38 candidates)
2026-03-18 16:15:53,036 - INFO - Vol targeting: rolling_vol=0.0440, scale=1.8163
2026-03-18 16:15:53,036 - INFO - PnL Net: -0.0017 | Scaled: -0.0032 | Turnover: 8.91% | Vol Scale: 1.82
2026-03-18 16:15:53,036 - INFO - 
============================================================
2026-03-18 16:15:53,036 - INFO - Running paper trading for 2025-10-07
2026-03-18 16:15:53,036 - INFO - ============================================================
2026-03-18 16:15:53,037 - INFO - Portfolio construction: 38 longs, 38 shorts (from 38 candidates)
2026-03-18 16:15:53,037 - INFO - Vol targeting: rolling_vol=0.0418, scale=1.9150
2026-03-18 16:15:53,037 - INFO - PnL Net: 0.0027 | Scaled: 0.0053 | Turnover: 7.62% | Vol Scale: 1.91
2026-03-18 16:15:53,037 - INFO - 
============================================================
2026-03-18 16:15:53,037 - INFO - Running paper trading for 2025-10-08
2026-03-18 16:15:53,037 - INFO - ============================================================
2026-03-18 16:15:53,038 - INFO - Portfolio construction: 38 longs, 38 shorts (from 38 candidates)
2026-03-18 16:15:53,038 - INFO - Vol targeting: rolling_vol=0.0400, scale=1.9984
2026-03-18 16:15:53,038 - INFO - PnL Net: -0.0012 | Scaled: -0.0024 | Turnover: 6.47% | Vol Scale: 2.00
2026-03-18 16:15:53,038 - INFO - 
============================================================
2026-03-18 16:15:53,038 - INFO - Running paper trading for 2025-10-09
2026-03-18 16:15:53,038 - INFO - ============================================================
2026-03-18 16:15:53,039 - INFO - Portfolio construction: 38 longs, 38 shorts (from 38 candidates)
2026-03-18 16:15:53,039 - INFO - Vol targeting: rolling_vol=0.0499, scale=1.6037
2026-03-18 16:15:53,039 - INFO - PnL Net: -0.0093 | Scaled: -0.0149 | Turnover: 6.11% | Vol Scale: 1.60
2026-03-18 16:15:53,039 - INFO - 
============================================================
2026-03-18 16:15:53,039 - INFO - Running paper trading for 2025-10-10
2026-03-18 16:15:53,039 - INFO - ============================================================
2026-03-18 16:15:53,040 - INFO - Portfolio construction: 38 longs, 38 shorts (from 38 candidates)
2026-03-18 16:15:53,041 - INFO - Vol targeting: rolling_vol=0.0501, scale=1.5958
2026-03-18 16:15:53,041 - INFO - PnL Net: 0.0026 | Scaled: 0.0041 | Turnover: 16.58% | Vol Scale: 1.60
2026-03-18 16:15:53,041 - INFO - 
============================================================
2026-03-18 16:15:53,041 - INFO - Running paper trading for 2025-10-13
2026-03-18 16:15:53,041 - INFO - ============================================================
2026-03-18 16:15:53,042 - INFO - Portfolio construction: 38 longs, 36 shorts (from 38 candidates)
2026-03-18 16:15:53,042 - INFO - Vol targeting: rolling_vol=0.0500, scale=1.5985
2026-03-18 16:15:53,042 - INFO - PnL Net: 0.0001 | Scaled: 0.0001 | Turnover: 21.87% | Vol Scale: 1.60
2026-03-18 16:15:53,042 - INFO - 
============================================================
2026-03-18 16:15:53,042 - INFO - Running paper trading for 2025-10-14
2026-03-18 16:15:53,042 - INFO - ============================================================
2026-03-18 16:15:53,043 - INFO - Portfolio construction: 38 longs, 38 shorts (from 38 candidates)
2026-03-18 16:15:53,043 - INFO - Vol targeting: rolling_vol=0.0503, scale=1.5894
2026-03-18 16:15:53,043 - INFO - PnL Net: 0.0017 | Scaled: 0.0028 | Turnover: 19.87% | Vol Scale: 1.59
2026-03-18 16:15:53,044 - INFO - 
============================================================
2026-03-18 16:15:53,044 - INFO - Running paper trading for 2025-10-15
2026-03-18 16:15:53,044 - INFO - ============================================================
2026-03-18 16:15:53,044 - INFO - Portfolio construction: 38 longs, 38 shorts (from 38 candidates)
2026-03-18 16:15:53,045 - INFO - Vol targeting: rolling_vol=0.0506, scale=1.5825
2026-03-18 16:15:53,045 - WARNING - KS3 TRIGGERED: 60-day Sharpe -0.2138 < 0
2026-03-18 16:15:53,045 - INFO - PnL Net: -0.0039 | Scaled: -0.0062 | Turnover: 19.76% | Vol Scale: 1.58
2026-03-18 16:15:53,045 - INFO - 
============================================================
2026-03-18 16:15:53,045 - INFO - Running paper trading for 2025-10-16
2026-03-18 16:15:53,045 - INFO - ============================================================
2026-03-18 16:15:53,046 - INFO - Portfolio construction: 38 longs, 38 shorts (from 38 candidates)
2026-03-18 16:15:53,046 - INFO - Vol targeting: rolling_vol=0.0497, scale=1.6093
2026-03-18 16:15:53,046 - INFO - PnL Net: 0.0004 | Scaled: 0.0006 | Turnover: 19.81% | Vol Scale: 1.61
2026-03-18 16:15:53,046 - INFO - 
============================================================
2026-03-18 16:15:53,046 - INFO - Running paper trading for 2025-10-17
2026-03-18 16:15:53,046 - INFO - ============================================================
2026-03-18 16:15:53,047 - INFO - Portfolio construction: 38 longs, 2 shorts (from 38 candidates)
2026-03-18 16:15:53,048 - INFO - Vol targeting: rolling_vol=0.0522, scale=1.5325
2026-03-18 16:15:53,048 - INFO - PnL Net: 0.0050 | Scaled: 0.0077 | Turnover: 21.18% | Vol Scale: 1.53
2026-03-18 16:15:53,048 - INFO - 
============================================================
2026-03-18 16:15:53,048 - INFO - Running paper trading for 2025-10-20
2026-03-18 16:15:53,048 - INFO - ============================================================
2026-03-18 16:15:53,049 - INFO - Portfolio construction: 38 longs, 38 shorts (from 38 candidates)
2026-03-18 16:15:53,050 - INFO - Vol targeting: rolling_vol=0.0521, scale=1.5369
2026-03-18 16:15:53,050 - INFO - PnL Net: 0.0028 | Scaled: 0.0043 | Turnover: 19.97% | Vol Scale: 1.54
2026-03-18 16:15:53,050 - INFO - 
============================================================
2026-03-18 16:15:53,050 - INFO - Running paper trading for 2025-10-21
2026-03-18 16:15:53,050 - INFO - ============================================================
2026-03-18 16:15:53,051 - INFO - Portfolio construction: 38 longs, 38 shorts (from 38 candidates)
2026-03-18 16:15:53,051 - INFO - Vol targeting: rolling_vol=0.0528, scale=1.5154
2026-03-18 16:15:53,051 - INFO - PnL Net: -0.0020 | Scaled: -0.0030 | Turnover: 17.75% | Vol Scale: 1.52
2026-03-18 16:15:53,051 - INFO - 
============================================================
2026-03-18 16:15:53,051 - INFO - Running paper trading for 2025-10-22
2026-03-18 16:15:53,051 - INFO - ============================================================
2026-03-18 16:15:53,052 - INFO - Portfolio construction: 38 longs, 38 shorts (from 38 candidates)
2026-03-18 16:15:53,052 - INFO - Vol targeting: rolling_vol=0.0516, scale=1.5499
2026-03-18 16:15:53,053 - INFO - PnL Net: 0.0046 | Scaled: 0.0071 | Turnover: 16.55% | Vol Scale: 1.55
2026-03-18 16:15:53,053 - INFO - 
============================================================
2026-03-18 16:15:53,053 - INFO - Running paper trading for 2025-10-23
2026-03-18 16:15:53,053 - INFO - ============================================================
2026-03-18 16:15:53,054 - INFO - Portfolio construction: 38 longs, 38 shorts (from 38 candidates)
2026-03-18 16:15:53,054 - INFO - Vol targeting: rolling_vol=0.0510, scale=1.5701
2026-03-18 16:15:53,054 - INFO - PnL Net: 0.0010 | Scaled: 0.0015 | Turnover: 18.04% | Vol Scale: 1.57
2026-03-18 16:15:53,054 - INFO - 
============================================================
2026-03-18 16:15:53,054 - INFO - Running paper trading for 2025-10-24
2026-03-18 16:15:53,054 - INFO - ============================================================
2026-03-18 16:15:53,055 - INFO - Portfolio construction: 38 longs, 38 shorts (from 38 candidates)
2026-03-18 16:15:53,055 - INFO - Vol targeting: rolling_vol=0.0511, scale=1.5665
2026-03-18 16:15:53,055 - INFO - PnL Net: 0.0018 | Scaled: 0.0028 | Turnover: 20.07% | Vol Scale: 1.57
2026-03-18 16:15:53,055 - INFO - 
============================================================
2026-03-18 16:15:53,056 - INFO - Running paper trading for 2025-10-27
2026-03-18 16:15:53,056 - INFO - ============================================================
2026-03-18 16:15:53,056 - INFO - Portfolio construction: 38 longs, 38 shorts (from 38 candidates)
2026-03-18 16:15:53,057 - INFO - Vol targeting: rolling_vol=0.0513, scale=1.5609
2026-03-18 16:15:53,057 - INFO - PnL Net: -0.0005 | Scaled: -0.0007 | Turnover: 20.20% | Vol Scale: 1.56
2026-03-18 16:15:53,057 - INFO - 
============================================================
2026-03-18 16:15:53,057 - INFO - Running paper trading for 2025-10-28
2026-03-18 16:15:53,057 - INFO - ============================================================
2026-03-18 16:15:53,058 - INFO - Portfolio construction: 38 longs, 38 shorts (from 38 candidates)
2026-03-18 16:15:53,058 - INFO - Vol targeting: rolling_vol=0.0516, scale=1.5503
2026-03-18 16:15:53,058 - INFO - PnL Net: -0.0011 | Scaled: -0.0017 | Turnover: 17.57% | Vol Scale: 1.55
2026-03-18 16:15:53,058 - INFO - 
============================================================
2026-03-18 16:15:53,058 - INFO - Running paper trading for 2025-10-29
2026-03-18 16:15:53,058 - INFO - ============================================================
2026-03-18 16:15:53,059 - INFO - Portfolio construction: 38 longs, 38 shorts (from 38 candidates)
2026-03-18 16:15:53,059 - INFO - Vol targeting: rolling_vol=0.0533, scale=1.4997
2026-03-18 16:15:53,060 - INFO - PnL Net: -0.0041 | Scaled: -0.0061 | Turnover: 16.24% | Vol Scale: 1.50
2026-03-18 16:15:53,060 - INFO - 
============================================================
2026-03-18 16:15:53,060 - INFO - Running paper trading for 2025-10-30
2026-03-18 16:15:53,060 - INFO - ============================================================
2026-03-18 16:15:53,060 - INFO - Portfolio construction: 38 longs, 38 shorts (from 38 candidates)
2026-03-18 16:15:53,060 - INFO - Vol targeting: rolling_vol=0.0529, scale=1.5111
2026-03-18 16:15:53,060 - INFO - PnL Net: 0.0019 | Scaled: 0.0029 | Turnover: 17.83% | Vol Scale: 1.51
2026-03-18 16:15:53,060 - INFO - 
============================================================
2026-03-18 16:15:53,061 - INFO - Running paper trading for 2025-10-31
2026-03-18 16:15:53,061 - INFO - ============================================================
2026-03-18 16:15:53,061 - INFO - Portfolio construction: 38 longs, 38 shorts (from 38 candidates)
2026-03-18 16:15:53,062 - INFO - Vol targeting: rolling_vol=0.0514, scale=1.5577
2026-03-18 16:15:53,062 - INFO - PnL Net: -0.0012 | Scaled: -0.0019 | Turnover: 17.75% | Vol Scale: 1.56
2026-03-18 16:15:53,062 - INFO - 
============================================================
2026-03-18 16:15:53,062 - INFO - Running paper trading for 2025-11-03
2026-03-18 16:15:53,062 - INFO - ============================================================
2026-03-18 16:15:53,063 - INFO - Portfolio construction: 38 longs, 38 shorts (from 38 candidates)
2026-03-18 16:15:53,063 - INFO - Vol targeting: rolling_vol=0.0532, scale=1.5032
2026-03-18 16:15:53,063 - INFO - PnL Net: -0.0044 | Scaled: -0.0065 | Turnover: 18.48% | Vol Scale: 1.50
2026-03-18 16:15:53,063 - INFO - 
============================================================
2026-03-18 16:15:53,063 - INFO - Running paper trading for 2025-11-04
2026-03-18 16:15:53,063 - INFO - ============================================================
2026-03-18 16:15:53,065 - INFO - Portfolio construction: 38 longs, 38 shorts (from 38 candidates)
2026-03-18 16:15:53,065 - INFO - Vol targeting: rolling_vol=0.0532, scale=1.5046
2026-03-18 16:15:53,065 - INFO - PnL Net: 0.0027 | Scaled: 0.0040 | Turnover: 18.50% | Vol Scale: 1.50
2026-03-18 16:15:53,065 - INFO - 
============================================================
2026-03-18 16:15:53,066 - INFO - Running paper trading for 2025-11-05
2026-03-18 16:15:53,066 - INFO - ============================================================
2026-03-18 16:15:53,067 - INFO - Portfolio construction: 38 longs, 38 shorts (from 38 candidates)
2026-03-18 16:15:53,067 - INFO - Vol targeting: rolling_vol=0.0556, scale=1.4381
2026-03-18 16:15:53,067 - WARNING - KS3 TRIGGERED: 60-day Sharpe -0.0205 < 0
2026-03-18 16:15:53,067 - INFO - PnL Net: -0.0050 | Scaled: -0.0071 | Turnover: 18.91% | Vol Scale: 1.44
2026-03-18 16:15:53,067 - INFO - 
============================================================
2026-03-18 16:15:53,067 - INFO - Running paper trading for 2025-11-06
2026-03-18 16:15:53,067 - INFO - ============================================================
2026-03-18 16:15:53,068 - INFO - Portfolio construction: 38 longs, 38 shorts (from 38 candidates)
2026-03-18 16:15:53,068 - INFO - Vol targeting: rolling_vol=0.0450, scale=1.7759
2026-03-18 16:15:53,068 - WARNING - KS3 TRIGGERED: 60-day Sharpe -0.0011 < 0
2026-03-18 16:15:53,069 - INFO - PnL Net: 0.0004 | Scaled: 0.0007 | Turnover: 19.27% | Vol Scale: 1.78
2026-03-18 16:15:53,069 - INFO - 
============================================================
2026-03-18 16:15:53,069 - INFO - Running paper trading for 2025-11-07
2026-03-18 16:15:53,069 - INFO - ============================================================
2026-03-18 16:15:53,070 - WARNING - No negative predictions for shorts - skipping short positions
2026-03-18 16:15:53,070 - INFO - Portfolio construction: 38 longs, 0 shorts (from 38 candidates)
2026-03-18 16:15:53,070 - INFO - Vol targeting: rolling_vol=0.0446, scale=1.7921
2026-03-18 16:15:53,071 - INFO - PnL Net: 0.0019 | Scaled: 0.0034 | Turnover: 13.18% | Vol Scale: 1.79
2026-03-18 16:15:53,071 - INFO - 
============================================================
2026-03-18 16:15:53,071 - INFO - Running paper trading for 2025-11-10
2026-03-18 16:15:53,071 - INFO - ============================================================
2026-03-18 16:15:53,072 - INFO - Portfolio construction: 38 longs, 38 shorts (from 38 candidates)
2026-03-18 16:15:53,072 - INFO - Vol targeting: rolling_vol=0.0454, scale=1.7634
2026-03-18 16:15:53,072 - INFO - PnL Net: 0.0024 | Scaled: 0.0043 | Turnover: 18.16% | Vol Scale: 1.76
2026-03-18 16:15:53,072 - INFO - 
============================================================
2026-03-18 16:15:53,072 - INFO - Running paper trading for 2025-11-11
2026-03-18 16:15:53,072 - INFO - ============================================================
2026-03-18 16:15:53,073 - INFO - Portfolio construction: 38 longs, 38 shorts (from 38 candidates)
2026-03-18 16:15:53,073 - INFO - Vol targeting: rolling_vol=0.0464, scale=1.7224
2026-03-18 16:15:53,073 - INFO - PnL Net: 0.0034 | Scaled: 0.0059 | Turnover: 16.31% | Vol Scale: 1.72
2026-03-18 16:15:53,073 - INFO - 
============================================================
2026-03-18 16:15:53,073 - INFO - Running paper trading for 2025-11-12
2026-03-18 16:15:53,073 - INFO - ============================================================
2026-03-18 16:15:53,074 - INFO - Portfolio construction: 38 longs, 38 shorts (from 38 candidates)
2026-03-18 16:15:53,075 - INFO - Vol targeting: rolling_vol=0.0448, scale=1.7861
2026-03-18 16:15:53,075 - INFO - PnL Net: -0.0022 | Scaled: -0.0039 | Turnover: 15.82% | Vol Scale: 1.79
2026-03-18 16:15:53,075 - INFO - 
============================================================
2026-03-18 16:15:53,075 - INFO - Running paper trading for 2025-11-13
2026-03-18 16:15:53,075 - INFO - ============================================================
2026-03-18 16:15:53,076 - INFO - Portfolio construction: 38 longs, 38 shorts (from 38 candidates)
2026-03-18 16:15:53,076 - INFO - Vol targeting: rolling_vol=0.0464, scale=1.7238
2026-03-18 16:15:53,076 - INFO - PnL Net: -0.0031 | Scaled: -0.0054 | Turnover: 17.53% | Vol Scale: 1.72
2026-03-18 16:15:53,076 - INFO - 
============================================================
2026-03-18 16:15:53,076 - INFO - Running paper trading for 2025-11-14
2026-03-18 16:15:53,076 - INFO - ============================================================
2026-03-18 16:15:53,077 - INFO - Portfolio construction: 38 longs, 38 shorts (from 38 candidates)
2026-03-18 16:15:53,077 - INFO - Vol targeting: rolling_vol=0.0494, scale=1.6195
2026-03-18 16:15:53,077 - WARNING - KS3 TRIGGERED: 60-day Sharpe -1.2139 < 0
2026-03-18 16:15:53,077 - INFO - PnL Net: -0.0071 | Scaled: -0.0114 | Turnover: 18.41% | Vol Scale: 1.62
2026-03-18 16:15:53,078 - INFO - 
============================================================
2026-03-18 16:15:53,078 - INFO - Running paper trading for 2025-11-17
2026-03-18 16:15:53,078 - INFO - ============================================================
2026-03-18 16:15:53,078 - INFO - Portfolio construction: 38 longs, 38 shorts (from 38 candidates)
2026-03-18 16:15:53,079 - INFO - Vol targeting: rolling_vol=0.0481, scale=1.6647
2026-03-18 16:15:53,079 - WARNING - KS3 TRIGGERED: 60-day Sharpe -0.9382 < 0
2026-03-18 16:15:53,079 - INFO - PnL Net: -0.0011 | Scaled: -0.0018 | Turnover: 18.60% | Vol Scale: 1.66
2026-03-18 16:15:53,079 - INFO - 
============================================================
2026-03-18 16:15:53,079 - INFO - Running paper trading for 2025-11-18
2026-03-18 16:15:53,079 - INFO - ============================================================
2026-03-18 16:15:53,080 - INFO - Portfolio construction: 38 longs, 38 shorts (from 38 candidates)
2026-03-18 16:15:53,080 - INFO - Vol targeting: rolling_vol=0.0478, scale=1.6738
2026-03-18 16:15:53,080 - WARNING - KS3 TRIGGERED: 60-day Sharpe -0.9945 < 0
2026-03-18 16:15:53,080 - INFO - PnL Net: -0.0001 | Scaled: -0.0002 | Turnover: 17.82% | Vol Scale: 1.67
2026-03-18 16:15:53,080 - INFO - 
============================================================
2026-03-18 16:15:53,080 - INFO - Running paper trading for 2025-11-19
2026-03-18 16:15:53,080 - INFO - ============================================================
2026-03-18 16:15:53,081 - INFO - Portfolio construction: 38 longs, 10 shorts (from 38 candidates)
2026-03-18 16:15:53,081 - INFO - Vol targeting: rolling_vol=0.0464, scale=1.7231
2026-03-18 16:15:53,081 - WARNING - KS3 TRIGGERED: 60-day Sharpe -1.4547 < 0
2026-03-18 16:15:53,081 - INFO - PnL Net: -0.0049 | Scaled: -0.0085 | Turnover: 20.34% | Vol Scale: 1.72
2026-03-18 16:15:53,081 - INFO - 
============================================================
2026-03-18 16:15:53,081 - INFO - Running paper trading for 2025-11-20
2026-03-18 16:15:53,081 - INFO - ============================================================
2026-03-18 16:15:53,082 - INFO - Portfolio construction: 38 longs, 4 shorts (from 38 candidates)
2026-03-18 16:15:53,083 - INFO - Vol targeting: rolling_vol=0.0537, scale=1.4897
2026-03-18 16:15:53,083 - WARNING - KS3 TRIGGERED: 60-day Sharpe -0.7805 < 0
2026-03-18 16:15:53,083 - INFO - PnL Net: 0.0070 | Scaled: 0.0104 | Turnover: 18.63% | Vol Scale: 1.49
2026-03-18 16:15:53,083 - INFO - 
============================================================
2026-03-18 16:15:53,083 - INFO - Running paper trading for 2025-11-21
2026-03-18 16:15:53,083 - INFO - ============================================================
2026-03-18 16:15:53,084 - WARNING - No negative predictions for shorts - skipping short positions
2026-03-18 16:15:53,084 - INFO - Portfolio construction: 38 longs, 0 shorts (from 38 candidates)
2026-03-18 16:15:53,084 - INFO - Vol targeting: rolling_vol=0.0544, scale=1.4711
2026-03-18 16:15:53,084 - WARNING - KS3 TRIGGERED: 60-day Sharpe -0.5647 < 0
2026-03-18 16:15:53,084 - INFO - PnL Net: 0.0028 | Scaled: 0.0041 | Turnover: 14.74% | Vol Scale: 1.47
2026-03-18 16:15:53,084 - INFO - 
============================================================
2026-03-18 16:15:53,084 - INFO - Running paper trading for 2025-11-24
2026-03-18 16:15:53,084 - INFO - ============================================================
2026-03-18 16:15:53,085 - INFO - Portfolio construction: 38 longs, 38 shorts (from 38 candidates)
2026-03-18 16:15:53,085 - INFO - Vol targeting: rolling_vol=0.0569, scale=1.4057
2026-03-18 16:15:53,086 - WARNING - KS3 TRIGGERED: 60-day Sharpe -0.0606 < 0
2026-03-18 16:15:53,086 - INFO - PnL Net: 0.0042 | Scaled: 0.0060 | Turnover: 18.63% | Vol Scale: 1.41
2026-03-18 16:15:53,086 - INFO - 
============================================================
2026-03-18 16:15:53,086 - INFO - Running paper trading for 2025-11-25
2026-03-18 16:15:53,086 - INFO - ============================================================
2026-03-18 16:15:53,087 - INFO - Portfolio construction: 38 longs, 29 shorts (from 38 candidates)
2026-03-18 16:15:53,087 - INFO - Vol targeting: rolling_vol=0.0582, scale=1.3744
2026-03-18 16:15:53,087 - INFO - PnL Net: 0.0033 | Scaled: 0.0045 | Turnover: 16.83% | Vol Scale: 1.37
2026-03-18 16:15:53,087 - INFO - 
============================================================
2026-03-18 16:15:53,087 - INFO - Running paper trading for 2025-11-26
2026-03-18 16:15:53,087 - INFO - ============================================================
2026-03-18 16:15:53,088 - INFO - Portfolio construction: 38 longs, 38 shorts (from 38 candidates)
2026-03-18 16:15:53,088 - INFO - Vol targeting: rolling_vol=0.0572, scale=1.3978
2026-03-18 16:15:53,088 - INFO - PnL Net: 0.0028 | Scaled: 0.0039 | Turnover: 19.67% | Vol Scale: 1.40
2026-03-18 16:15:53,088 - INFO - 
============================================================
2026-03-18 16:15:53,088 - INFO - Running paper trading for 2025-11-28
2026-03-18 16:15:53,088 - INFO - ============================================================
2026-03-18 16:15:53,089 - INFO - Portfolio construction: 38 longs, 38 shorts (from 38 candidates)
2026-03-18 16:15:53,090 - INFO - Vol targeting: rolling_vol=0.0570, scale=1.4044
2026-03-18 16:15:53,090 - INFO - PnL Net: -0.0008 | Scaled: -0.0011 | Turnover: 18.71% | Vol Scale: 1.40
2026-03-18 16:15:53,090 - INFO - 
============================================================
2026-03-18 16:15:53,090 - INFO - Running paper trading for 2025-12-01
2026-03-18 16:15:53,090 - INFO - ============================================================
2026-03-18 16:15:53,091 - INFO - Portfolio construction: 38 longs, 38 shorts (from 38 candidates)
2026-03-18 16:15:53,092 - INFO - Vol targeting: rolling_vol=0.0577, scale=1.3855
2026-03-18 16:15:53,092 - INFO - PnL Net: 0.0032 | Scaled: 0.0044 | Turnover: 17.87% | Vol Scale: 1.39
2026-03-18 16:15:53,092 - INFO - 
============================================================
2026-03-18 16:15:53,092 - INFO - Running paper trading for 2025-12-02
2026-03-18 16:15:53,092 - INFO - ============================================================
2026-03-18 16:15:53,093 - INFO - Portfolio construction: 38 longs, 38 shorts (from 38 candidates)
2026-03-18 16:15:53,093 - INFO - Vol targeting: rolling_vol=0.0579, scale=1.3813
2026-03-18 16:15:53,093 - INFO - PnL Net: 0.0056 | Scaled: 0.0077 | Turnover: 20.20% | Vol Scale: 1.38
2026-03-18 16:15:53,093 - INFO - 
============================================================
2026-03-18 16:15:53,093 - INFO - Running paper trading for 2025-12-03
2026-03-18 16:15:53,093 - INFO - ============================================================
2026-03-18 16:15:53,094 - INFO - Portfolio construction: 38 longs, 38 shorts (from 38 candidates)
2026-03-18 16:15:53,094 - INFO - Vol targeting: rolling_vol=0.0576, scale=1.3891
2026-03-18 16:15:53,094 - INFO - PnL Net: -0.0002 | Scaled: -0.0003 | Turnover: 19.11% | Vol Scale: 1.39
2026-03-18 16:15:53,094 - INFO - 
============================================================
2026-03-18 16:15:53,094 - INFO - Running paper trading for 2025-12-04
2026-03-18 16:15:53,095 - INFO - ============================================================
2026-03-18 16:15:53,096 - INFO - Portfolio construction: 38 longs, 3 shorts (from 38 candidates)
2026-03-18 16:15:53,096 - INFO - Vol targeting: rolling_vol=0.0539, scale=1.4845
2026-03-18 16:15:53,096 - INFO - PnL Net: 0.0005 | Scaled: 0.0008 | Turnover: 19.09% | Vol Scale: 1.48
2026-03-18 16:15:53,096 - INFO - 
============================================================
2026-03-18 16:15:53,096 - INFO - Running paper trading for 2025-12-05
2026-03-18 16:15:53,096 - INFO - ============================================================
2026-03-18 16:15:53,097 - INFO - Portfolio construction: 38 longs, 2 shorts (from 38 candidates)
2026-03-18 16:15:53,097 - INFO - Vol targeting: rolling_vol=0.0571, scale=1.4018
2026-03-18 16:15:53,097 - INFO - PnL Net: -0.0045 | Scaled: -0.0063 | Turnover: 19.14% | Vol Scale: 1.40
2026-03-18 16:15:53,097 - INFO - 
============================================================
2026-03-18 16:15:53,097 - INFO - Running paper trading for 2025-12-08
2026-03-18 16:15:53,097 - INFO - ============================================================
2026-03-18 16:15:53,098 - WARNING - No negative predictions for shorts - skipping short positions
2026-03-18 16:15:53,098 - INFO - Portfolio construction: 38 longs, 0 shorts (from 38 candidates)
2026-03-18 16:15:53,098 - INFO - Vol targeting: rolling_vol=0.0570, scale=1.4030
2026-03-18 16:15:53,098 - INFO - PnL Net: -0.0005 | Scaled: -0.0008 | Turnover: 15.68% | Vol Scale: 1.40
2026-03-18 16:15:53,098 - INFO - 
============================================================
2026-03-18 16:15:53,098 - INFO - Running paper trading for 2025-12-09
2026-03-18 16:15:53,098 - INFO - ============================================================
2026-03-18 16:15:53,099 - INFO - Portfolio construction: 38 longs, 2 shorts (from 38 candidates)
2026-03-18 16:15:53,100 - INFO - Vol targeting: rolling_vol=0.0607, scale=1.3183
2026-03-18 16:15:53,100 - INFO - PnL Net: 0.0068 | Scaled: 0.0089 | Turnover: 18.84% | Vol Scale: 1.32
2026-03-18 16:15:53,100 - INFO - 
============================================================
2026-03-18 16:15:53,100 - INFO - Running paper trading for 2025-12-10
2026-03-18 16:15:53,100 - INFO - ============================================================
2026-03-18 16:15:53,101 - WARNING - No negative predictions for shorts - skipping short positions
2026-03-18 16:15:53,101 - INFO - Portfolio construction: 38 longs, 0 shorts (from 38 candidates)
2026-03-18 16:15:53,102 - INFO - Vol targeting: rolling_vol=0.0675, scale=1.1847
2026-03-18 16:15:53,102 - INFO - PnL Net: 0.0096 | Scaled: 0.0114 | Turnover: 13.56% | Vol Scale: 1.18
2026-03-18 16:15:53,102 - INFO - 
============================================================
2026-03-18 16:15:53,102 - INFO - Running paper trading for 2025-12-11
2026-03-18 16:15:53,102 - INFO - ============================================================
2026-03-18 16:15:53,103 - INFO - Portfolio construction: 38 longs, 38 shorts (from 38 candidates)
2026-03-18 16:15:53,103 - INFO - Vol targeting: rolling_vol=0.0665, scale=1.2031
2026-03-18 16:15:53,103 - INFO - PnL Net: 0.0011 | Scaled: 0.0013 | Turnover: 17.58% | Vol Scale: 1.20
2026-03-18 16:15:53,103 - INFO - 
============================================================
2026-03-18 16:15:53,103 - INFO - Running paper trading for 2025-12-12
2026-03-18 16:15:53,103 - INFO - ============================================================
2026-03-18 16:15:53,104 - INFO - Portfolio construction: 38 longs, 38 shorts (from 38 candidates)
2026-03-18 16:15:53,105 - INFO - Vol targeting: rolling_vol=0.0646, scale=1.2379
2026-03-18 16:15:53,105 - INFO - PnL Net: 0.0020 | Scaled: 0.0025 | Turnover: 20.65% | Vol Scale: 1.24
2026-03-18 16:15:53,105 - INFO - 
============================================================
2026-03-18 16:15:53,105 - INFO - Running paper trading for 2025-12-15
2026-03-18 16:15:53,105 - INFO - ============================================================
2026-03-18 16:15:53,106 - INFO - Portfolio construction: 38 longs, 38 shorts (from 38 candidates)
2026-03-18 16:15:53,106 - INFO - Vol targeting: rolling_vol=0.0592, scale=1.3522
2026-03-18 16:15:53,106 - INFO - PnL Net: -0.0030 | Scaled: -0.0041 | Turnover: 19.78% | Vol Scale: 1.35
2026-03-18 16:15:53,106 - INFO - 
============================================================
2026-03-18 16:15:53,106 - INFO - Running paper trading for 2025-12-16
2026-03-18 16:15:53,106 - INFO - ============================================================
2026-03-18 16:15:53,107 - INFO - Portfolio construction: 38 longs, 38 shorts (from 38 candidates)
2026-03-18 16:15:53,107 - INFO - Vol targeting: rolling_vol=0.0591, scale=1.3527
2026-03-18 16:15:53,108 - INFO - PnL Net: -0.0011 | Scaled: -0.0014 | Turnover: 18.63% | Vol Scale: 1.35
2026-03-18 16:15:53,108 - INFO - 
============================================================
2026-03-18 16:15:53,108 - INFO - Running paper trading for 2025-12-17
2026-03-18 16:15:53,108 - INFO - ============================================================
2026-03-18 16:15:53,109 - INFO - Portfolio construction: 38 longs, 38 shorts (from 38 candidates)
2026-03-18 16:15:53,109 - INFO - Vol targeting: rolling_vol=0.0590, scale=1.3570
2026-03-18 16:15:53,109 - INFO - PnL Net: 0.0005 | Scaled: 0.0007 | Turnover: 18.11% | Vol Scale: 1.36
2026-03-18 16:15:53,109 - INFO - 
============================================================
2026-03-18 16:15:53,109 - INFO - Running paper trading for 2025-12-18
2026-03-18 16:15:53,109 - INFO - ============================================================
2026-03-18 16:15:53,110 - INFO - Portfolio construction: 38 longs, 38 shorts (from 38 candidates)
2026-03-18 16:15:53,110 - INFO - Vol targeting: rolling_vol=0.0538, scale=1.4865
2026-03-18 16:15:53,110 - INFO - PnL Net: 0.0014 | Scaled: 0.0021 | Turnover: 15.89% | Vol Scale: 1.49
2026-03-18 16:15:53,111 - INFO - 
============================================================
2026-03-18 16:15:53,111 - INFO - Running paper trading for 2025-12-19
2026-03-18 16:15:53,111 - INFO - ============================================================
2026-03-18 16:15:53,111 - INFO - Portfolio construction: 38 longs, 38 shorts (from 38 candidates)
2026-03-18 16:15:53,112 - INFO - Vol targeting: rolling_vol=0.0508, scale=1.5738
2026-03-18 16:15:53,112 - INFO - PnL Net: 0.0029 | Scaled: 0.0046 | Turnover: 15.26% | Vol Scale: 1.57
2026-03-18 16:15:53,112 - INFO - 
============================================================
2026-03-18 16:15:53,112 - INFO - Running paper trading for 2025-12-22
2026-03-18 16:15:53,112 - INFO - ============================================================
2026-03-18 16:15:53,113 - INFO - Portfolio construction: 38 longs, 38 shorts (from 38 candidates)
2026-03-18 16:15:53,113 - INFO - Vol targeting: rolling_vol=0.0516, scale=1.5517
2026-03-18 16:15:53,113 - INFO - PnL Net: -0.0009 | Scaled: -0.0014 | Turnover: 16.20% | Vol Scale: 1.55
2026-03-18 16:15:53,113 - INFO - 
============================================================
2026-03-18 16:15:53,113 - INFO - Running paper trading for 2025-12-23
2026-03-18 16:15:53,113 - INFO - ============================================================
2026-03-18 16:15:53,114 - INFO - Portfolio construction: 38 longs, 38 shorts (from 38 candidates)
2026-03-18 16:15:53,114 - INFO - Vol targeting: rolling_vol=0.0507, scale=1.5785
2026-03-18 16:15:53,114 - INFO - PnL Net: 0.0014 | Scaled: 0.0022 | Turnover: 18.49% | Vol Scale: 1.58
2026-03-18 16:15:53,114 - INFO - 
============================================================
2026-03-18 16:15:53,114 - INFO - Running paper trading for 2025-12-24
2026-03-18 16:15:53,114 - INFO - ============================================================
2026-03-18 16:15:53,115 - INFO - Portfolio construction: 38 longs, 38 shorts (from 38 candidates)
2026-03-18 16:15:53,116 - INFO - Vol targeting: rolling_vol=0.0504, scale=1.5889
2026-03-18 16:15:53,116 - INFO - PnL Net: 0.0005 | Scaled: 0.0008 | Turnover: 17.12% | Vol Scale: 1.59
2026-03-18 16:15:53,116 - INFO - 
============================================================
2026-03-18 16:15:53,116 - INFO - Running paper trading for 2025-12-26
2026-03-18 16:15:53,116 - INFO - ============================================================
2026-03-18 16:15:53,117 - INFO - Portfolio construction: 38 longs, 38 shorts (from 38 candidates)
2026-03-18 16:15:53,118 - INFO - Vol targeting: rolling_vol=0.0515, scale=1.5540
2026-03-18 16:15:53,118 - INFO - PnL Net: -0.0022 | Scaled: -0.0034 | Turnover: 16.78% | Vol Scale: 1.55
2026-03-18 16:15:53,118 - INFO - 
============================================================
2026-03-18 16:15:53,118 - INFO - Running paper trading for 2025-12-29
2026-03-18 16:15:53,118 - INFO - ============================================================
2026-03-18 16:15:53,119 - INFO - Portfolio construction: 38 longs, 38 shorts (from 38 candidates)
2026-03-18 16:15:53,119 - INFO - Vol targeting: rolling_vol=0.0514, scale=1.5572
2026-03-18 16:15:53,119 - INFO - PnL Net: -0.0006 | Scaled: -0.0009 | Turnover: 15.33% | Vol Scale: 1.56
2026-03-18 16:15:53,119 - INFO - 
============================================================
2026-03-18 16:15:53,119 - INFO - Running paper trading for 2026-02-06
2026-03-18 16:15:53,119 - INFO - ============================================================
2026-03-18 16:15:53,120 - INFO - Portfolio construction: 38 longs, 38 shorts (from 38 candidates)
2026-03-18 16:15:53,120 - INFO - Vol targeting: rolling_vol=0.0513, scale=1.5602
2026-03-18 16:15:53,121 - INFO - PnL Net: -0.0009 | Scaled: -0.0014 | Turnover: 21.13% | Vol Scale: 1.56
2026-03-18 16:15:53,121 - INFO - 
============================================================
2026-03-18 16:15:53,121 - INFO - Running paper trading for 2026-02-09
2026-03-18 16:15:53,121 - INFO - ============================================================
2026-03-18 16:15:53,122 - INFO - Portfolio construction: 38 longs, 38 shorts (from 38 candidates)
2026-03-18 16:15:53,122 - INFO - Vol targeting: rolling_vol=0.0485, scale=1.6506
2026-03-18 16:15:53,122 - INFO - PnL Net: -0.0001 | Scaled: -0.0001 | Turnover: 18.54% | Vol Scale: 1.65
2026-03-18 16:15:53,122 - INFO - 
============================================================
2026-03-18 16:15:53,122 - INFO - Running paper trading for 2026-02-10
2026-03-18 16:15:53,122 - INFO - ============================================================
2026-03-18 16:15:53,123 - INFO - Portfolio construction: 38 longs, 38 shorts (from 38 candidates)
2026-03-18 16:15:53,123 - INFO - Vol targeting: rolling_vol=0.0499, scale=1.6039
2026-03-18 16:15:53,123 - INFO - PnL Net: -0.0028 | Scaled: -0.0046 | Turnover: 16.26% | Vol Scale: 1.60
2026-03-18 16:15:53,123 - INFO - 
============================================================
2026-03-18 16:15:53,123 - INFO - Running paper trading for 2026-02-11
2026-03-18 16:15:53,123 - INFO - ============================================================
2026-03-18 16:15:53,124 - INFO - Portfolio construction: 38 longs, 38 shorts (from 38 candidates)
2026-03-18 16:15:53,124 - INFO - Vol targeting: rolling_vol=0.0606, scale=1.3194
2026-03-18 16:15:53,124 - INFO - PnL Net: -0.0095 | Scaled: -0.0125 | Turnover: 14.12% | Vol Scale: 1.32
2026-03-18 16:15:53,124 - INFO - 
============================================================
2026-03-18 16:15:53,124 - INFO - Running paper trading for 2026-02-12
2026-03-18 16:15:53,124 - INFO - ============================================================
2026-03-18 16:15:53,126 - INFO - Portfolio construction: 38 longs, 38 shorts (from 38 candidates)
2026-03-18 16:15:53,126 - INFO - Vol targeting: rolling_vol=0.0586, scale=1.3651
2026-03-18 16:15:53,126 - INFO - PnL Net: 0.0018 | Scaled: 0.0025 | Turnover: 12.15% | Vol Scale: 1.37
2026-03-18 16:15:53,126 - INFO - 
============================================================
2026-03-18 16:15:53,126 - INFO - Running paper trading for 2026-02-13
2026-03-18 16:15:53,126 - INFO - ============================================================
2026-03-18 16:15:53,127 - INFO - Portfolio construction: 38 longs, 38 shorts (from 38 candidates)
2026-03-18 16:15:53,127 - INFO - Vol targeting: rolling_vol=0.0585, scale=1.3670
2026-03-18 16:15:53,128 - INFO - PnL Net: 0.0002 | Scaled: 0.0003 | Turnover: 11.86% | Vol Scale: 1.37
2026-03-18 16:15:53,128 - INFO - 
============================================================
2026-03-18 16:15:53,128 - INFO - Running paper trading for 2026-02-17
2026-03-18 16:15:53,128 - INFO - ============================================================
2026-03-18 16:15:53,129 - INFO - Portfolio construction: 38 longs, 38 shorts (from 38 candidates)
2026-03-18 16:15:53,129 - INFO - Vol targeting: rolling_vol=0.0546, scale=1.4658
2026-03-18 16:15:53,129 - INFO - PnL Net: 0.0029 | Scaled: 0.0042 | Turnover: 10.41% | Vol Scale: 1.47
2026-03-18 16:15:53,129 - INFO - 
============================================================
2026-03-18 16:15:53,129 - INFO - Running paper trading for 2026-02-18
2026-03-18 16:15:53,129 - INFO - ============================================================
2026-03-18 16:15:53,131 - INFO - Portfolio construction: 38 longs, 38 shorts (from 38 candidates)
2026-03-18 16:15:53,131 - INFO - Vol targeting: rolling_vol=0.0428, scale=1.8675
2026-03-18 16:15:53,131 - INFO - PnL Net: -0.0022 | Scaled: -0.0041 | Turnover: 8.78% | Vol Scale: 1.87
2026-03-18 16:15:53,131 - INFO - 
============================================================
2026-03-18 16:15:53,131 - INFO - Running paper trading for 2026-02-19
2026-03-18 16:15:53,131 - INFO - ============================================================
2026-03-18 16:15:53,132 - INFO - Portfolio construction: 38 longs, 38 shorts (from 38 candidates)
2026-03-18 16:15:53,132 - INFO - Vol targeting: rolling_vol=0.0425, scale=1.8807
2026-03-18 16:15:53,132 - INFO - PnL Net: 0.0001 | Scaled: 0.0003 | Turnover: 7.95% | Vol Scale: 1.88
2026-03-18 16:15:53,132 - INFO - 
============================================================
2026-03-18 16:15:53,132 - INFO - Running paper trading for 2026-02-20
2026-03-18 16:15:53,132 - INFO - ============================================================
2026-03-18 16:15:53,133 - INFO - Portfolio construction: 38 longs, 38 shorts (from 38 candidates)
2026-03-18 16:15:53,134 - INFO - Vol targeting: rolling_vol=0.0467, scale=1.7140
2026-03-18 16:15:53,134 - INFO - PnL Net: -0.0068 | Scaled: -0.0116 | Turnover: 7.97% | Vol Scale: 1.71
2026-03-18 16:15:53,134 - INFO - 
============================================================
2026-03-18 16:15:53,134 - INFO - Running paper trading for 2026-02-23
2026-03-18 16:15:53,134 - INFO - ============================================================
2026-03-18 16:15:53,135 - INFO - Portfolio construction: 38 longs, 38 shorts (from 38 candidates)
2026-03-18 16:15:53,135 - INFO - Vol targeting: rolling_vol=0.0518, scale=1.5453
2026-03-18 16:15:53,135 - INFO - PnL Net: 0.0060 | Scaled: 0.0093 | Turnover: 7.07% | Vol Scale: 1.55
2026-03-18 16:15:53,135 - INFO - 
============================================================
2026-03-18 16:15:53,135 - INFO - Running paper trading for 2026-02-24
2026-03-18 16:15:53,135 - INFO - ============================================================
2026-03-18 16:15:53,136 - INFO - Portfolio construction: 38 longs, 38 shorts (from 38 candidates)
2026-03-18 16:15:53,136 - INFO - Vol targeting: rolling_vol=0.0565, scale=1.4169
2026-03-18 16:15:53,136 - INFO - PnL Net: 0.0061 | Scaled: 0.0087 | Turnover: 6.89% | Vol Scale: 1.42
2026-03-18 16:15:53,136 - INFO - 
============================================================
2026-03-18 16:15:53,136 - INFO - Running paper trading for 2026-02-25
2026-03-18 16:15:53,136 - INFO - ============================================================
2026-03-18 16:15:53,137 - INFO - Portfolio construction: 38 longs, 38 shorts (from 38 candidates)
2026-03-18 16:15:53,137 - INFO - Vol targeting: rolling_vol=0.0566, scale=1.4144
2026-03-18 16:15:53,138 - INFO - PnL Net: -0.0013 | Scaled: -0.0018 | Turnover: 6.04% | Vol Scale: 1.41
2026-03-18 16:15:53,138 - INFO - 
============================================================
2026-03-18 16:15:53,138 - INFO - Running paper trading for 2026-02-26
2026-03-18 16:15:53,138 - INFO - ============================================================
2026-03-18 16:15:53,139 - INFO - Portfolio construction: 38 longs, 38 shorts (from 38 candidates)
2026-03-18 16:15:53,139 - INFO - Vol targeting: rolling_vol=0.0588, scale=1.3597
2026-03-18 16:15:53,139 - INFO - PnL Net: -0.0052 | Scaled: -0.0071 | Turnover: 5.70% | Vol Scale: 1.36
2026-03-18 16:15:53,139 - INFO - 
============================================================
2026-03-18 16:15:53,139 - INFO - Running paper trading for 2026-02-27
2026-03-18 16:15:53,139 - INFO - ============================================================
2026-03-18 16:15:53,140 - INFO - Portfolio construction: 38 longs, 38 shorts (from 38 candidates)
2026-03-18 16:15:53,140 - INFO - Vol targeting: rolling_vol=0.0578, scale=1.3844
2026-03-18 16:15:53,140 - INFO - PnL Net: -0.0023 | Scaled: -0.0032 | Turnover: 5.32% | Vol Scale: 1.38
2026-03-18 16:15:53,140 - INFO - 
============================================================
2026-03-18 16:15:53,140 - INFO - Running paper trading for 2026-03-02
2026-03-18 16:15:53,140 - INFO - ============================================================
2026-03-18 16:15:53,141 - INFO - Portfolio construction: 38 longs, 38 shorts (from 38 candidates)
2026-03-18 16:15:53,142 - INFO - Vol targeting: rolling_vol=0.0580, scale=1.3792
2026-03-18 16:15:53,142 - INFO - PnL Net: -0.0022 | Scaled: -0.0031 | Turnover: 5.00% | Vol Scale: 1.38
2026-03-18 16:15:53,142 - INFO - 
============================================================
2026-03-18 16:15:53,142 - INFO - Running paper trading for 2026-03-03
2026-03-18 16:15:53,142 - INFO - ============================================================
2026-03-18 16:15:53,143 - INFO - Portfolio construction: 38 longs, 38 shorts (from 38 candidates)
2026-03-18 16:15:53,144 - INFO - Vol targeting: rolling_vol=0.0602, scale=1.3294
2026-03-18 16:15:53,144 - INFO - PnL Net: 0.0042 | Scaled: 0.0056 | Turnover: 5.60% | Vol Scale: 1.33
2026-03-18 16:15:53,144 - INFO - 
============================================================
2026-03-18 16:15:53,144 - INFO - Running paper trading for 2026-03-04
2026-03-18 16:15:53,144 - INFO - ============================================================
2026-03-18 16:15:53,144 - INFO - Portfolio construction: 38 longs, 38 shorts (from 38 candidates)
2026-03-18 16:15:53,144 - INFO - Vol targeting: rolling_vol=0.0613, scale=1.3057
2026-03-18 16:15:53,145 - INFO - PnL Net: 0.0028 | Scaled: 0.0037 | Turnover: 4.87% | Vol Scale: 1.31
2026-03-18 16:15:53,145 - INFO - 
============================================================
2026-03-18 16:15:53,145 - INFO - Running paper trading for 2026-03-05
2026-03-18 16:15:53,145 - INFO - ============================================================
2026-03-18 16:15:53,146 - INFO - Portfolio construction: 38 longs, 38 shorts (from 38 candidates)
2026-03-18 16:15:53,146 - INFO - Vol targeting: rolling_vol=0.0623, scale=1.2832
2026-03-18 16:15:53,146 - INFO - PnL Net: -0.0042 | Scaled: -0.0054 | Turnover: 4.08% | Vol Scale: 1.28
2026-03-18 16:15:53,146 - INFO - 
============================================================
2026-03-18 16:15:53,146 - INFO - Running paper trading for 2026-03-06
2026-03-18 16:15:53,146 - INFO - ============================================================
2026-03-18 16:15:53,147 - INFO - Portfolio construction: 38 longs, 38 shorts (from 38 candidates)
2026-03-18 16:15:53,147 - INFO - Vol targeting: rolling_vol=0.0625, scale=1.2798
2026-03-18 16:15:53,147 - INFO - PnL Net: 0.0006 | Scaled: 0.0008 | Turnover: 4.68% | Vol Scale: 1.28
2026-03-18 16:15:53,147 - INFO - 
============================================================
2026-03-18 16:15:53,148 - INFO - Running paper trading for 2026-03-09
2026-03-18 16:15:53,148 - INFO - ============================================================
2026-03-18 16:15:53,148 - INFO - Portfolio construction: 38 longs, 38 shorts (from 38 candidates)
2026-03-18 16:15:53,149 - INFO - Vol targeting: rolling_vol=0.0625, scale=1.2793
2026-03-18 16:15:53,149 - INFO - PnL Net: -0.0000 | Scaled: -0.0001 | Turnover: 5.24% | Vol Scale: 1.28
2026-03-18 16:15:53,149 - INFO - 
============================================================
2026-03-18 16:15:53,149 - INFO - Running paper trading for 2026-03-10
2026-03-18 16:15:53,149 - INFO - ============================================================
2026-03-18 16:15:53,150 - INFO - Portfolio construction: 38 longs, 38 shorts (from 38 candidates)
2026-03-18 16:15:53,150 - INFO - Vol targeting: rolling_vol=0.0630, scale=1.2696
2026-03-18 16:15:53,150 - INFO - PnL Net: 0.0017 | Scaled: 0.0021 | Turnover: 5.32% | Vol Scale: 1.27
2026-03-18 16:15:53,150 - INFO - 
============================================================
2026-03-18 16:15:53,150 - INFO - Running paper trading for 2026-03-11
2026-03-18 16:15:53,150 - INFO - ============================================================
2026-03-18 16:15:53,151 - INFO - Portfolio construction: 38 longs, 38 shorts (from 38 candidates)
2026-03-18 16:15:53,152 - INFO - Vol targeting: rolling_vol=0.0673, scale=1.1884
2026-03-18 16:15:53,152 - INFO - PnL Net: -0.0077 | Scaled: -0.0091 | Turnover: 5.08% | Vol Scale: 1.19
2026-03-18 16:15:53,152 - INFO - 
============================================================
2026-03-18 16:15:53,152 - INFO - Running paper trading for 2026-03-12
2026-03-18 16:15:53,152 - INFO - ============================================================
2026-03-18 16:15:53,153 - INFO - Portfolio construction: 38 longs, 38 shorts (from 38 candidates)
2026-03-18 16:15:53,153 - INFO - Vol targeting: rolling_vol=0.0614, scale=1.3024
2026-03-18 16:15:53,153 - INFO - PnL Net: -0.0048 | Scaled: -0.0063 | Turnover: 5.04% | Vol Scale: 1.30
2026-03-18 16:15:53,153 - INFO - 
============================================================
2026-03-18 16:15:53,153 - INFO - Running paper trading for 2026-03-13
2026-03-18 16:15:53,153 - INFO - ============================================================
2026-03-18 16:15:53,154 - INFO - Portfolio construction: 38 longs, 38 shorts (from 38 candidates)
2026-03-18 16:15:53,154 - INFO - Vol targeting: rolling_vol=0.0634, scale=1.2617
2026-03-18 16:15:53,154 - INFO - PnL Net: 0.0045 | Scaled: 0.0057 | Turnover: 4.73% | Vol Scale: 1.26
2026-03-18 16:15:53,154 - INFO - 
============================================================
2026-03-18 16:15:53,154 - INFO - Running paper trading for 2026-03-16
2026-03-18 16:15:53,154 - INFO - ============================================================
2026-03-18 16:15:53,156 - INFO - Portfolio construction: 38 longs, 38 shorts (from 38 candidates)
2026-03-18 16:15:53,156 - INFO - Vol targeting: rolling_vol=0.0641, scale=1.2475
2026-03-18 16:15:53,156 - INFO - PnL Net: 0.0024 | Scaled: 0.0030 | Turnover: 5.09% | Vol Scale: 1.25
2026-03-18 16:15:53,156 - INFO - 
============================================================
2026-03-18 16:15:53,156 - INFO - Running paper trading for 2026-03-17
2026-03-18 16:15:53,156 - INFO - ============================================================
2026-03-18 16:15:53,157 - INFO - Portfolio construction: 38 longs, 38 shorts (from 38 candidates)
2026-03-18 16:15:53,158 - INFO - Vol targeting: rolling_vol=0.0645, scale=1.2410
2026-03-18 16:15:53,158 - INFO - PnL Net: -0.0042 | Scaled: -0.0053 | Turnover: 5.63% | Vol Scale: 1.24
2026-03-18 16:15:53,161 - INFO - Saved daily results to C:\Users\luixj\AI\stock-data\data\processed\phase4\phase4_paper_trading_daily.parquet
2026-03-18 16:15:53,161 - INFO - Saved summary to C:\Users\luixj\AI\stock-data\data\processed\phase4\phase4_paper_trading_summary.json
2026-03-18 16:15:53,161 - INFO - 
============================================================
2026-03-18 16:15:53,161 - INFO - PAPER TRADING SUMMARY
2026-03-18 16:15:53,162 - INFO - ============================================================
2026-03-18 16:15:53,162 - INFO - Trading Days: 215
2026-03-18 16:15:53,162 - INFO - 
RAW PERFORMANCE (no vol targeting):
2026-03-18 16:15:53,162 - INFO -   Sharpe Ratio: 0.83
2026-03-18 16:15:53,162 - INFO -   Annual Return: 5.92%
2026-03-18 16:15:53,162 - INFO -   Volatility: 7.16%
2026-03-18 16:15:53,162 - INFO - 
VOL-TARGETED PERFORMANCE:
2026-03-18 16:15:53,162 - INFO -   Sharpe Ratio: 0.68
2026-03-18 16:15:53,162 - INFO -   Annual Return: 6.04%
2026-03-18 16:15:53,162 - INFO -   Volatility: 8.90%
2026-03-18 16:15:53,162 - INFO - 
RISK METRICS:
2026-03-18 16:15:53,162 - INFO -   Max Drawdown: -4.72%
2026-03-18 16:15:53,162 - INFO -   Long Sharpe: 0.28
2026-03-18 16:15:53,162 - INFO -   Short Sharpe: 0.98
2026-03-18 16:15:53,162 - INFO - 
EXECUTION:
2026-03-18 16:15:53,162 - INFO -   Avg Turnover: 16.89%
2026-03-18 16:15:53,162 - INFO -   Avg Cost: 0.4 bps
2026-03-18 16:15:53,162 - INFO - 
KILL SWITCHES:
2026-03-18 16:15:53,162 - INFO -   Events: 15 (7.0% of days)
2026-03-18 16:15:53,162 - INFO - ============================================================
2026-03-18 16:15:53,162 - INFO - Simulation complete: 215 days | Sharpe(scaled)=0.68 | MaxDD=-4.7%
2026-03-18 16:15:53,559 - INFO - ============================================================
2026-03-18 16:15:53,559 - INFO - STEP 6: Syncing Qdrant
2026-03-18 16:15:53,559 - INFO - ============================================================
2026-03-18 16:15:54,019 - INFO - HTTP Request: GET http://localhost:6333 "HTTP/1.1 200 OK"
2026-03-18 16:15:54,026 - INFO - HTTP Request: GET http://localhost:6333/collections/stock_recommendations "HTTP/1.1 200 OK"
2026-03-18 16:15:54,027 - INFO - Collection 'stock_recommendations' already exists.
2026-03-18 16:15:54,029 - INFO - HTTP Request: GET http://localhost:6333/collections/trading_results "HTTP/1.1 200 OK"
2026-03-18 16:15:54,030 - INFO - Collection 'trading_results' already exists.
2026-03-18 16:15:54,032 - INFO - HTTP Request: GET http://localhost:6333/collections/performance_metrics "HTTP/1.1 200 OK"
2026-03-18 16:15:54,032 - INFO - Collection 'performance_metrics' already exists.
2026-03-18 16:15:54,035 - INFO - HTTP Request: GET http://localhost:6333/collections/daily_trade_strategies "HTTP/1.1 200 OK"
2026-03-18 16:15:54,035 - INFO - Collection 'daily_trade_strategies' already exists.
2026-03-18 16:15:54,061 - INFO - HTTP Request: POST http://localhost:6333/collections/stock_recommendations/points/delete?wait=true "HTTP/1.1 200 OK"
2026-03-18 16:15:54,061 - INFO - Cleared 'stock_recommendations'.
2026-03-18 16:15:54,081 - INFO - HTTP Request: POST http://localhost:6333/collections/trading_results/points/delete?wait=true "HTTP/1.1 200 OK"
2026-03-18 16:15:54,082 - INFO - Cleared 'trading_results'.
2026-03-18 16:15:54,086 - INFO - HTTP Request: POST http://localhost:6333/collections/performance_metrics/points/delete?wait=true "HTTP/1.1 200 OK"
2026-03-18 16:15:54,087 - INFO - Cleared 'performance_metrics'.
2026-03-18 16:15:54,111 - INFO - HTTP Request: POST http://localhost:6333/collections/daily_trade_strategies/points/delete?wait=true "HTTP/1.1 200 OK"
2026-03-18 16:15:54,112 - INFO - Cleared 'daily_trade_strategies'.
2026-03-18 16:15:54,119 - INFO - HTTP Request: PUT http://localhost:6333/collections/stock_recommendations/points?wait=true "HTTP/1.1 200 OK"
2026-03-18 16:15:54,160 - INFO - HTTP Request: PUT http://localhost:6333/collections/daily_trade_strategies/points?wait=true "HTTP/1.1 200 OK"
2026-03-18 16:15:54,165 - INFO - HTTP Request: PUT http://localhost:6333/collections/trading_results/points?wait=true "HTTP/1.1 200 OK"
2026-03-18 16:15:54,192 - INFO - HTTP Request: PUT http://localhost:6333/collections/stock_recommendations/points?wait=true "HTTP/1.1 200 OK"
2026-03-18 16:15:54,219 - INFO - HTTP Request: PUT http://localhost:6333/collections/daily_trade_strategies/points?wait=true "HTTP/1.1 200 OK"
2026-03-18 16:15:54,223 - INFO - HTTP Request: PUT http://localhost:6333/collections/trading_results/points?wait=true "HTTP/1.1 200 OK"
2026-03-18 16:15:54,231 - INFO - HTTP Request: PUT http://localhost:6333/collections/stock_recommendations/points?wait=true "HTTP/1.1 200 OK"
2026-03-18 16:15:54,256 - INFO - HTTP Request: PUT http://localhost:6333/collections/daily_trade_strategies/points?wait=true "HTTP/1.1 200 OK"
2026-03-18 16:15:54,260 - INFO - HTTP Request: PUT http://localhost:6333/collections/trading_results/points?wait=true "HTTP/1.1 200 OK"
2026-03-18 16:15:54,284 - INFO - HTTP Request: PUT http://localhost:6333/collections/stock_recommendations/points?wait=true "HTTP/1.1 200 OK"
2026-03-18 16:15:54,332 - INFO - HTTP Request: PUT http://localhost:6333/collections/daily_trade_strategies/points?wait=true "HTTP/1.1 200 OK"
2026-03-18 16:15:54,336 - INFO - HTTP Request: PUT http://localhost:6333/collections/trading_results/points?wait=true "HTTP/1.1 200 OK"
2026-03-18 16:15:54,365 - INFO - HTTP Request: PUT http://localhost:6333/collections/stock_recommendations/points?wait=true "HTTP/1.1 200 OK"
2026-03-18 16:15:54,391 - INFO - HTTP Request: PUT http://localhost:6333/collections/daily_trade_strategies/points?wait=true "HTTP/1.1 200 OK"
2026-03-18 16:15:54,395 - INFO - HTTP Request: PUT http://localhost:6333/collections/trading_results/points?wait=true "HTTP/1.1 200 OK"
2026-03-18 16:15:54,402 - INFO - HTTP Request: PUT http://localhost:6333/collections/stock_recommendations/points?wait=true "HTTP/1.1 200 OK"
2026-03-18 16:15:54,427 - INFO - HTTP Request: PUT http://localhost:6333/collections/daily_trade_strategies/points?wait=true "HTTP/1.1 200 OK"
2026-03-18 16:15:54,430 - INFO - HTTP Request: PUT http://localhost:6333/collections/trading_results/points?wait=true "HTTP/1.1 200 OK"
2026-03-18 16:15:54,459 - INFO - HTTP Request: PUT http://localhost:6333/collections/stock_recommendations/points?wait=true "HTTP/1.1 200 OK"
2026-03-18 16:15:54,484 - INFO - HTTP Request: PUT http://localhost:6333/collections/daily_trade_strategies/points?wait=true "HTTP/1.1 200 OK"
2026-03-18 16:15:54,486 - INFO - HTTP Request: PUT http://localhost:6333/collections/trading_results/points?wait=true "HTTP/1.1 200 OK"
2026-03-18 16:15:54,494 - INFO - HTTP Request: PUT http://localhost:6333/collections/stock_recommendations/points?wait=true "HTTP/1.1 200 OK"
2026-03-18 16:15:54,518 - INFO - HTTP Request: PUT http://localhost:6333/collections/daily_trade_strategies/points?wait=true "HTTP/1.1 200 OK"
2026-03-18 16:15:54,521 - INFO - HTTP Request: PUT http://localhost:6333/collections/trading_results/points?wait=true "HTTP/1.1 200 OK"
2026-03-18 16:15:54,527 - INFO - HTTP Request: PUT http://localhost:6333/collections/stock_recommendations/points?wait=true "HTTP/1.1 200 OK"
2026-03-18 16:15:54,570 - INFO - HTTP Request: PUT http://localhost:6333/collections/daily_trade_strategies/points?wait=true "HTTP/1.1 200 OK"
2026-03-18 16:15:54,599 - INFO - HTTP Request: PUT http://localhost:6333/collections/trading_results/points?wait=true "HTTP/1.1 200 OK"
2026-03-18 16:15:54,631 - INFO - HTTP Request: PUT http://localhost:6333/collections/stock_recommendations/points?wait=true "HTTP/1.1 200 OK"
2026-03-18 16:15:54,677 - INFO - HTTP Request: PUT http://localhost:6333/collections/daily_trade_strategies/points?wait=true "HTTP/1.1 200 OK"
2026-03-18 16:15:54,681 - INFO - HTTP Request: PUT http://localhost:6333/collections/trading_results/points?wait=true "HTTP/1.1 200 OK"
2026-03-18 16:15:54,708 - INFO - HTTP Request: PUT http://localhost:6333/collections/stock_recommendations/points?wait=true "HTTP/1.1 200 OK"
2026-03-18 16:15:54,734 - INFO - HTTP Request: PUT http://localhost:6333/collections/daily_trade_strategies/points?wait=true "HTTP/1.1 200 OK"
2026-03-18 16:15:54,737 - INFO - HTTP Request: PUT http://localhost:6333/collections/trading_results/points?wait=true "HTTP/1.1 200 OK"
2026-03-18 16:15:54,744 - INFO - HTTP Request: PUT http://localhost:6333/collections/stock_recommendations/points?wait=true "HTTP/1.1 200 OK"
2026-03-18 16:15:54,768 - INFO - HTTP Request: PUT http://localhost:6333/collections/daily_trade_strategies/points?wait=true "HTTP/1.1 200 OK"
2026-03-18 16:15:54,771 - INFO - HTTP Request: PUT http://localhost:6333/collections/trading_results/points?wait=true "HTTP/1.1 200 OK"
2026-03-18 16:15:54,802 - INFO - HTTP Request: PUT http://localhost:6333/collections/stock_recommendations/points?wait=true "HTTP/1.1 200 OK"
2026-03-18 16:15:54,827 - INFO - HTTP Request: PUT http://localhost:6333/collections/daily_trade_strategies/points?wait=true "HTTP/1.1 200 OK"
2026-03-18 16:15:54,832 - INFO - HTTP Request: PUT http://localhost:6333/collections/trading_results/points?wait=true "HTTP/1.1 200 OK"
2026-03-18 16:15:54,841 - INFO - HTTP Request: PUT http://localhost:6333/collections/stock_recommendations/points?wait=true "HTTP/1.1 200 OK"
2026-03-18 16:15:54,880 - INFO - HTTP Request: PUT http://localhost:6333/collections/daily_trade_strategies/points?wait=true "HTTP/1.1 200 OK"
2026-03-18 16:15:54,885 - INFO - HTTP Request: PUT http://localhost:6333/collections/trading_results/points?wait=true "HTTP/1.1 200 OK"
2026-03-18 16:15:54,912 - INFO - HTTP Request: PUT http://localhost:6333/collections/stock_recommendations/points?wait=true "HTTP/1.1 200 OK"
2026-03-18 16:15:54,959 - INFO - HTTP Request: PUT http://localhost:6333/collections/daily_trade_strategies/points?wait=true "HTTP/1.1 200 OK"
2026-03-18 16:15:54,963 - INFO - HTTP Request: PUT http://localhost:6333/collections/trading_results/points?wait=true "HTTP/1.1 200 OK"
2026-03-18 16:15:54,969 - INFO - HTTP Request: PUT http://localhost:6333/collections/stock_recommendations/points?wait=true "HTTP/1.1 200 OK"
2026-03-18 16:15:55,006 - INFO - HTTP Request: PUT http://localhost:6333/collections/daily_trade_strategies/points?wait=true "HTTP/1.1 200 OK"
2026-03-18 16:15:55,009 - INFO - HTTP Request: PUT http://localhost:6333/collections/trading_results/points?wait=true "HTTP/1.1 200 OK"
2026-03-18 16:15:55,016 - INFO - HTTP Request: PUT http://localhost:6333/collections/stock_recommendations/points?wait=true "HTTP/1.1 200 OK"
2026-03-18 16:15:55,040 - INFO - HTTP Request: PUT http://localhost:6333/collections/daily_trade_strategies/points?wait=true "HTTP/1.1 200 OK"
2026-03-18 16:15:55,043 - INFO - HTTP Request: PUT http://localhost:6333/collections/trading_results/points?wait=true "HTTP/1.1 200 OK"
2026-03-18 16:15:55,051 - INFO - HTTP Request: PUT http://localhost:6333/collections/stock_recommendations/points?wait=true "HTTP/1.1 200 OK"
2026-03-18 16:15:55,075 - INFO - HTTP Request: PUT http://localhost:6333/collections/daily_trade_strategies/points?wait=true "HTTP/1.1 200 OK"
2026-03-18 16:15:55,078 - INFO - HTTP Request: PUT http://localhost:6333/collections/trading_results/points?wait=true "HTTP/1.1 200 OK"
2026-03-18 16:15:55,085 - INFO - HTTP Request: PUT http://localhost:6333/collections/stock_recommendations/points?wait=true "HTTP/1.1 200 OK"
2026-03-18 16:15:55,111 - INFO - HTTP Request: PUT http://localhost:6333/collections/daily_trade_strategies/points?wait=true "HTTP/1.1 200 OK"
2026-03-18 16:15:55,114 - INFO - HTTP Request: PUT http://localhost:6333/collections/trading_results/points?wait=true "HTTP/1.1 200 OK"
2026-03-18 16:15:55,122 - INFO - HTTP Request: PUT http://localhost:6333/collections/stock_recommendations/points?wait=true "HTTP/1.1 200 OK"
2026-03-18 16:15:55,162 - INFO - HTTP Request: PUT http://localhost:6333/collections/daily_trade_strategies/points?wait=true "HTTP/1.1 200 OK"
2026-03-18 16:15:55,165 - INFO - HTTP Request: PUT http://localhost:6333/collections/trading_results/points?wait=true "HTTP/1.1 200 OK"
2026-03-18 16:15:55,171 - INFO - HTTP Request: PUT http://localhost:6333/collections/stock_recommendations/points?wait=true "HTTP/1.1 200 OK"
2026-03-18 16:15:55,209 - INFO - HTTP Request: PUT http://localhost:6333/collections/daily_trade_strategies/points?wait=true "HTTP/1.1 200 OK"
2026-03-18 16:15:55,212 - INFO - HTTP Request: PUT http://localhost:6333/collections/trading_results/points?wait=true "HTTP/1.1 200 OK"
2026-03-18 16:15:55,240 - INFO - HTTP Request: PUT http://localhost:6333/collections/stock_recommendations/points?wait=true "HTTP/1.1 200 OK"
2026-03-18 16:15:55,287 - INFO - HTTP Request: PUT http://localhost:6333/collections/daily_trade_strategies/points?wait=true "HTTP/1.1 200 OK"
2026-03-18 16:15:55,291 - INFO - HTTP Request: PUT http://localhost:6333/collections/trading_results/points?wait=true "HTTP/1.1 200 OK"
2026-03-18 16:15:55,297 - INFO - HTTP Request: PUT http://localhost:6333/collections/stock_recommendations/points?wait=true "HTTP/1.1 200 OK"
2026-03-18 16:15:55,322 - INFO - HTTP Request: PUT http://localhost:6333/collections/daily_trade_strategies/points?wait=true "HTTP/1.1 200 OK"
2026-03-18 16:15:55,347 - INFO - HTTP Request: PUT http://localhost:6333/collections/trading_results/points?wait=true "HTTP/1.1 200 OK"
2026-03-18 16:15:55,378 - INFO - HTTP Request: PUT http://localhost:6333/collections/stock_recommendations/points?wait=true "HTTP/1.1 200 OK"
2026-03-18 16:15:55,426 - INFO - HTTP Request: PUT http://localhost:6333/collections/daily_trade_strategies/points?wait=true "HTTP/1.1 200 OK"
2026-03-18 16:15:55,432 - INFO - HTTP Request: PUT http://localhost:6333/collections/trading_results/points?wait=true "HTTP/1.1 200 OK"
2026-03-18 16:15:55,441 - INFO - HTTP Request: PUT http://localhost:6333/collections/stock_recommendations/points?wait=true "HTTP/1.1 200 OK"
2026-03-18 16:15:55,466 - INFO - HTTP Request: PUT http://localhost:6333/collections/daily_trade_strategies/points?wait=true "HTTP/1.1 200 OK"
2026-03-18 16:15:55,468 - INFO - HTTP Request: PUT http://localhost:6333/collections/trading_results/points?wait=true "HTTP/1.1 200 OK"
2026-03-18 16:15:55,476 - INFO - HTTP Request: PUT http://localhost:6333/collections/stock_recommendations/points?wait=true "HTTP/1.1 200 OK"
2026-03-18 16:15:55,500 - INFO - HTTP Request: PUT http://localhost:6333/collections/daily_trade_strategies/points?wait=true "HTTP/1.1 200 OK"
2026-03-18 16:15:55,503 - INFO - HTTP Request: PUT http://localhost:6333/collections/trading_results/points?wait=true "HTTP/1.1 200 OK"
2026-03-18 16:15:55,509 - INFO - HTTP Request: PUT http://localhost:6333/collections/stock_recommendations/points?wait=true "HTTP/1.1 200 OK"
2026-03-18 16:15:55,533 - INFO - HTTP Request: PUT http://localhost:6333/collections/daily_trade_strategies/points?wait=true "HTTP/1.1 200 OK"
2026-03-18 16:15:55,537 - INFO - HTTP Request: PUT http://localhost:6333/collections/trading_results/points?wait=true "HTTP/1.1 200 OK"
2026-03-18 16:15:55,568 - INFO - HTTP Request: PUT http://localhost:6333/collections/stock_recommendations/points?wait=true "HTTP/1.1 200 OK"
2026-03-18 16:15:55,614 - INFO - HTTP Request: PUT http://localhost:6333/collections/daily_trade_strategies/points?wait=true "HTTP/1.1 200 OK"
2026-03-18 16:15:55,618 - INFO - HTTP Request: PUT http://localhost:6333/collections/trading_results/points?wait=true "HTTP/1.1 200 OK"
2026-03-18 16:15:55,625 - INFO - HTTP Request: PUT http://localhost:6333/collections/stock_recommendations/points?wait=true "HTTP/1.1 200 OK"
2026-03-18 16:15:55,651 - INFO - HTTP Request: PUT http://localhost:6333/collections/daily_trade_strategies/points?wait=true "HTTP/1.1 200 OK"
2026-03-18 16:15:55,655 - INFO - HTTP Request: PUT http://localhost:6333/collections/trading_results/points?wait=true "HTTP/1.1 200 OK"
2026-03-18 16:15:55,661 - INFO - HTTP Request: PUT http://localhost:6333/collections/stock_recommendations/points?wait=true "HTTP/1.1 200 OK"
2026-03-18 16:15:55,692 - INFO - HTTP Request: PUT http://localhost:6333/collections/daily_trade_strategies/points?wait=true "HTTP/1.1 200 OK"
2026-03-18 16:15:55,695 - INFO - HTTP Request: PUT http://localhost:6333/collections/trading_results/points?wait=true "HTTP/1.1 200 OK"
2026-03-18 16:15:55,723 - INFO - HTTP Request: PUT http://localhost:6333/collections/stock_recommendations/points?wait=true "HTTP/1.1 200 OK"
2026-03-18 16:15:55,770 - INFO - HTTP Request: PUT http://localhost:6333/collections/daily_trade_strategies/points?wait=true "HTTP/1.1 200 OK"
2026-03-18 16:15:55,775 - INFO - HTTP Request: PUT http://localhost:6333/collections/trading_results/points?wait=true "HTTP/1.1 200 OK"
2026-03-18 16:15:55,801 - INFO - HTTP Request: PUT http://localhost:6333/collections/stock_recommendations/points?wait=true "HTTP/1.1 200 OK"
2026-03-18 16:15:55,826 - INFO - HTTP Request: PUT http://localhost:6333/collections/daily_trade_strategies/points?wait=true "HTTP/1.1 200 OK"
2026-03-18 16:15:55,829 - INFO - HTTP Request: PUT http://localhost:6333/collections/trading_results/points?wait=true "HTTP/1.1 200 OK"
2026-03-18 16:15:55,836 - INFO - HTTP Request: PUT http://localhost:6333/collections/stock_recommendations/points?wait=true "HTTP/1.1 200 OK"
2026-03-18 16:15:55,862 - INFO - HTTP Request: PUT http://localhost:6333/collections/daily_trade_strategies/points?wait=true "HTTP/1.1 200 OK"
2026-03-18 16:15:55,876 - INFO - HTTP Request: PUT http://localhost:6333/collections/trading_results/points?wait=true "HTTP/1.1 200 OK"
2026-03-18 16:15:55,882 - INFO - HTTP Request: PUT http://localhost:6333/collections/stock_recommendations/points?wait=true "HTTP/1.1 200 OK"
2026-03-18 16:15:55,923 - INFO - HTTP Request: PUT http://localhost:6333/collections/daily_trade_strategies/points?wait=true "HTTP/1.1 200 OK"
2026-03-18 16:15:55,927 - INFO - HTTP Request: PUT http://localhost:6333/collections/trading_results/points?wait=true "HTTP/1.1 200 OK"
2026-03-18 16:15:55,933 - INFO - HTTP Request: PUT http://localhost:6333/collections/stock_recommendations/points?wait=true "HTTP/1.1 200 OK"
2026-03-18 16:15:55,961 - INFO - HTTP Request: PUT http://localhost:6333/collections/daily_trade_strategies/points?wait=true "HTTP/1.1 200 OK"
2026-03-18 16:15:55,967 - INFO - HTTP Request: PUT http://localhost:6333/collections/trading_results/points?wait=true "HTTP/1.1 200 OK"
2026-03-18 16:15:55,974 - INFO - HTTP Request: PUT http://localhost:6333/collections/stock_recommendations/points?wait=true "HTTP/1.1 200 OK"
2026-03-18 16:15:55,999 - INFO - HTTP Request: PUT http://localhost:6333/collections/daily_trade_strategies/points?wait=true "HTTP/1.1 200 OK"
2026-03-18 16:15:56,005 - INFO - HTTP Request: PUT http://localhost:6333/collections/trading_results/points?wait=true "HTTP/1.1 200 OK"
2026-03-18 16:15:56,014 - INFO - HTTP Request: PUT http://localhost:6333/collections/stock_recommendations/points?wait=true "HTTP/1.1 200 OK"
2026-03-18 16:15:56,041 - INFO - HTTP Request: PUT http://localhost:6333/collections/daily_trade_strategies/points?wait=true "HTTP/1.1 200 OK"
2026-03-18 16:15:56,043 - INFO - HTTP Request: PUT http://localhost:6333/collections/trading_results/points?wait=true "HTTP/1.1 200 OK"
2026-03-18 16:15:56,051 - INFO - HTTP Request: PUT http://localhost:6333/collections/stock_recommendations/points?wait=true "HTTP/1.1 200 OK"
2026-03-18 16:15:56,076 - INFO - HTTP Request: PUT http://localhost:6333/collections/daily_trade_strategies/points?wait=true "HTTP/1.1 200 OK"
2026-03-18 16:15:56,080 - INFO - HTTP Request: PUT http://localhost:6333/collections/trading_results/points?wait=true "HTTP/1.1 200 OK"
2026-03-18 16:15:56,087 - INFO - HTTP Request: PUT http://localhost:6333/collections/stock_recommendations/points?wait=true "HTTP/1.1 200 OK"
2026-03-18 16:15:56,129 - INFO - HTTP Request: PUT http://localhost:6333/collections/daily_trade_strategies/points?wait=true "HTTP/1.1 200 OK"
2026-03-18 16:15:56,132 - INFO - HTTP Request: PUT http://localhost:6333/collections/trading_results/points?wait=true "HTTP/1.1 200 OK"
2026-03-18 16:15:56,141 - INFO - HTTP Request: PUT http://localhost:6333/collections/stock_recommendations/points?wait=true "HTTP/1.1 200 OK"
2026-03-18 16:15:56,188 - INFO - HTTP Request: PUT http://localhost:6333/collections/daily_trade_strategies/points?wait=true "HTTP/1.1 200 OK"
2026-03-18 16:15:56,192 - INFO - HTTP Request: PUT http://localhost:6333/collections/trading_results/points?wait=true "HTTP/1.1 200 OK"
2026-03-18 16:15:56,219 - INFO - HTTP Request: PUT http://localhost:6333/collections/stock_recommendations/points?wait=true "HTTP/1.1 200 OK"
2026-03-18 16:15:56,267 - INFO - HTTP Request: PUT http://localhost:6333/collections/daily_trade_strategies/points?wait=true "HTTP/1.1 200 OK"
2026-03-18 16:15:56,271 - INFO - HTTP Request: PUT http://localhost:6333/collections/trading_results/points?wait=true "HTTP/1.1 200 OK"
2026-03-18 16:15:56,298 - INFO - HTTP Request: PUT http://localhost:6333/collections/stock_recommendations/points?wait=true "HTTP/1.1 200 OK"
2026-03-18 16:15:56,344 - INFO - HTTP Request: PUT http://localhost:6333/collections/daily_trade_strategies/points?wait=true "HTTP/1.1 200 OK"
2026-03-18 16:15:56,359 - INFO - HTTP Request: PUT http://localhost:6333/collections/trading_results/points?wait=true "HTTP/1.1 200 OK"
2026-03-18 16:15:56,391 - INFO - HTTP Request: PUT http://localhost:6333/collections/stock_recommendations/points?wait=true "HTTP/1.1 200 OK"
2026-03-18 16:15:56,438 - INFO - HTTP Request: PUT http://localhost:6333/collections/daily_trade_strategies/points?wait=true "HTTP/1.1 200 OK"
2026-03-18 16:15:56,441 - INFO - HTTP Request: PUT http://localhost:6333/collections/trading_results/points?wait=true "HTTP/1.1 200 OK"
2026-03-18 16:15:56,469 - INFO - HTTP Request: PUT http://localhost:6333/collections/stock_recommendations/points?wait=true "HTTP/1.1 200 OK"
2026-03-18 16:15:56,517 - INFO - HTTP Request: PUT http://localhost:6333/collections/daily_trade_strategies/points?wait=true "HTTP/1.1 200 OK"
2026-03-18 16:15:56,521 - INFO - HTTP Request: PUT http://localhost:6333/collections/trading_results/points?wait=true "HTTP/1.1 200 OK"
2026-03-18 16:15:56,529 - INFO - HTTP Request: PUT http://localhost:6333/collections/stock_recommendations/points?wait=true "HTTP/1.1 200 OK"
2026-03-18 16:15:56,579 - INFO - HTTP Request: PUT http://localhost:6333/collections/daily_trade_strategies/points?wait=true "HTTP/1.1 200 OK"
2026-03-18 16:15:56,582 - INFO - HTTP Request: PUT http://localhost:6333/collections/trading_results/points?wait=true "HTTP/1.1 200 OK"
2026-03-18 16:15:56,609 - INFO - HTTP Request: PUT http://localhost:6333/collections/stock_recommendations/points?wait=true "HTTP/1.1 200 OK"
2026-03-18 16:15:56,654 - INFO - HTTP Request: PUT http://localhost:6333/collections/daily_trade_strategies/points?wait=true "HTTP/1.1 200 OK"
2026-03-18 16:15:56,659 - INFO - HTTP Request: PUT http://localhost:6333/collections/trading_results/points?wait=true "HTTP/1.1 200 OK"
2026-03-18 16:15:56,685 - INFO - HTTP Request: PUT http://localhost:6333/collections/stock_recommendations/points?wait=true "HTTP/1.1 200 OK"
2026-03-18 16:15:56,731 - INFO - HTTP Request: PUT http://localhost:6333/collections/daily_trade_strategies/points?wait=true "HTTP/1.1 200 OK"
2026-03-18 16:15:56,742 - INFO - HTTP Request: PUT http://localhost:6333/collections/trading_results/points?wait=true "HTTP/1.1 200 OK"
2026-03-18 16:15:56,749 - INFO - HTTP Request: PUT http://localhost:6333/collections/stock_recommendations/points?wait=true "HTTP/1.1 200 OK"
2026-03-18 16:15:56,778 - INFO - HTTP Request: PUT http://localhost:6333/collections/daily_trade_strategies/points?wait=true "HTTP/1.1 200 OK"
2026-03-18 16:15:56,791 - INFO - HTTP Request: PUT http://localhost:6333/collections/trading_results/points?wait=true "HTTP/1.1 200 OK"
2026-03-18 16:15:56,809 - INFO - HTTP Request: PUT http://localhost:6333/collections/stock_recommendations/points?wait=true "HTTP/1.1 200 OK"
2026-03-18 16:15:56,833 - INFO - HTTP Request: PUT http://localhost:6333/collections/daily_trade_strategies/points?wait=true "HTTP/1.1 200 OK"
2026-03-18 16:15:56,856 - INFO - HTTP Request: PUT http://localhost:6333/collections/trading_results/points?wait=true "HTTP/1.1 200 OK"
2026-03-18 16:15:56,889 - INFO - HTTP Request: PUT http://localhost:6333/collections/stock_recommendations/points?wait=true "HTTP/1.1 200 OK"
2026-03-18 16:15:56,926 - INFO - HTTP Request: PUT http://localhost:6333/collections/daily_trade_strategies/points?wait=true "HTTP/1.1 200 OK"
2026-03-18 16:15:56,933 - INFO - HTTP Request: PUT http://localhost:6333/collections/trading_results/points?wait=true "HTTP/1.1 200 OK"
2026-03-18 16:15:56,949 - INFO - HTTP Request: PUT http://localhost:6333/collections/stock_recommendations/points?wait=true "HTTP/1.1 200 OK"
2026-03-18 16:15:56,975 - INFO - HTTP Request: PUT http://localhost:6333/collections/daily_trade_strategies/points?wait=true "HTTP/1.1 200 OK"
2026-03-18 16:15:56,979 - INFO - HTTP Request: PUT http://localhost:6333/collections/trading_results/points?wait=true "HTTP/1.1 200 OK"
2026-03-18 16:15:56,986 - INFO - HTTP Request: PUT http://localhost:6333/collections/stock_recommendations/points?wait=true "HTTP/1.1 200 OK"
2026-03-18 16:15:57,012 - INFO - HTTP Request: PUT http://localhost:6333/collections/daily_trade_strategies/points?wait=true "HTTP/1.1 200 OK"
2026-03-18 16:15:57,015 - INFO - HTTP Request: PUT http://localhost:6333/collections/trading_results/points?wait=true "HTTP/1.1 200 OK"
2026-03-18 16:15:57,021 - INFO - HTTP Request: PUT http://localhost:6333/collections/stock_recommendations/points?wait=true "HTTP/1.1 200 OK"
2026-03-18 16:15:57,047 - INFO - HTTP Request: PUT http://localhost:6333/collections/daily_trade_strategies/points?wait=true "HTTP/1.1 200 OK"
2026-03-18 16:15:57,050 - INFO - HTTP Request: PUT http://localhost:6333/collections/trading_results/points?wait=true "HTTP/1.1 200 OK"
2026-03-18 16:15:57,072 - INFO - HTTP Request: PUT http://localhost:6333/collections/stock_recommendations/points?wait=true "HTTP/1.1 200 OK"
2026-03-18 16:15:57,113 - INFO - HTTP Request: PUT http://localhost:6333/collections/daily_trade_strategies/points?wait=true "HTTP/1.1 200 OK"
2026-03-18 16:15:57,117 - INFO - HTTP Request: PUT http://localhost:6333/collections/trading_results/points?wait=true "HTTP/1.1 200 OK"
2026-03-18 16:15:57,124 - INFO - HTTP Request: PUT http://localhost:6333/collections/stock_recommendations/points?wait=true "HTTP/1.1 200 OK"
2026-03-18 16:15:57,153 - INFO - HTTP Request: PUT http://localhost:6333/collections/daily_trade_strategies/points?wait=true "HTTP/1.1 200 OK"
2026-03-18 16:15:57,157 - INFO - HTTP Request: PUT http://localhost:6333/collections/trading_results/points?wait=true "HTTP/1.1 200 OK"
2026-03-18 16:15:57,165 - INFO - HTTP Request: PUT http://localhost:6333/collections/stock_recommendations/points?wait=true "HTTP/1.1 200 OK"
2026-03-18 16:15:57,192 - INFO - HTTP Request: PUT http://localhost:6333/collections/daily_trade_strategies/points?wait=true "HTTP/1.1 200 OK"
2026-03-18 16:15:57,213 - INFO - HTTP Request: PUT http://localhost:6333/collections/trading_results/points?wait=true "HTTP/1.1 200 OK"
2026-03-18 16:15:57,246 - INFO - HTTP Request: PUT http://localhost:6333/collections/stock_recommendations/points?wait=true "HTTP/1.1 200 OK"
2026-03-18 16:15:57,293 - INFO - HTTP Request: PUT http://localhost:6333/collections/daily_trade_strategies/points?wait=true "HTTP/1.1 200 OK"
2026-03-18 16:15:57,296 - INFO - HTTP Request: PUT http://localhost:6333/collections/trading_results/points?wait=true "HTTP/1.1 200 OK"
2026-03-18 16:15:57,304 - INFO - HTTP Request: PUT http://localhost:6333/collections/stock_recommendations/points?wait=true "HTTP/1.1 200 OK"
2026-03-18 16:15:57,330 - INFO - HTTP Request: PUT http://localhost:6333/collections/daily_trade_strategies/points?wait=true "HTTP/1.1 200 OK"
2026-03-18 16:15:57,333 - INFO - HTTP Request: PUT http://localhost:6333/collections/trading_results/points?wait=true "HTTP/1.1 200 OK"
2026-03-18 16:15:57,340 - INFO - HTTP Request: PUT http://localhost:6333/collections/stock_recommendations/points?wait=true "HTTP/1.1 200 OK"
2026-03-18 16:15:57,366 - INFO - HTTP Request: PUT http://localhost:6333/collections/daily_trade_strategies/points?wait=true "HTTP/1.1 200 OK"
2026-03-18 16:15:57,370 - INFO - HTTP Request: PUT http://localhost:6333/collections/trading_results/points?wait=true "HTTP/1.1 200 OK"
2026-03-18 16:15:57,377 - INFO - HTTP Request: PUT http://localhost:6333/collections/stock_recommendations/points?wait=true "HTTP/1.1 200 OK"
2026-03-18 16:15:57,402 - INFO - HTTP Request: PUT http://localhost:6333/collections/daily_trade_strategies/points?wait=true "HTTP/1.1 200 OK"
2026-03-18 16:15:57,405 - INFO - HTTP Request: PUT http://localhost:6333/collections/trading_results/points?wait=true "HTTP/1.1 200 OK"
2026-03-18 16:15:57,412 - INFO - HTTP Request: PUT http://localhost:6333/collections/stock_recommendations/points?wait=true "HTTP/1.1 200 OK"
2026-03-18 16:15:57,436 - INFO - HTTP Request: PUT http://localhost:6333/collections/daily_trade_strategies/points?wait=true "HTTP/1.1 200 OK"
2026-03-18 16:15:57,440 - INFO - HTTP Request: PUT http://localhost:6333/collections/trading_results/points?wait=true "HTTP/1.1 200 OK"
2026-03-18 16:15:57,447 - INFO - HTTP Request: PUT http://localhost:6333/collections/stock_recommendations/points?wait=true "HTTP/1.1 200 OK"
2026-03-18 16:15:57,473 - INFO - HTTP Request: PUT http://localhost:6333/collections/daily_trade_strategies/points?wait=true "HTTP/1.1 200 OK"
2026-03-18 16:15:57,476 - INFO - HTTP Request: PUT http://localhost:6333/collections/trading_results/points?wait=true "HTTP/1.1 200 OK"
2026-03-18 16:15:57,483 - INFO - HTTP Request: PUT http://localhost:6333/collections/stock_recommendations/points?wait=true "HTTP/1.1 200 OK"
2026-03-18 16:15:57,507 - INFO - HTTP Request: PUT http://localhost:6333/collections/daily_trade_strategies/points?wait=true "HTTP/1.1 200 OK"
2026-03-18 16:15:57,511 - INFO - HTTP Request: PUT http://localhost:6333/collections/trading_results/points?wait=true "HTTP/1.1 200 OK"
2026-03-18 16:15:57,518 - INFO - HTTP Request: PUT http://localhost:6333/collections/stock_recommendations/points?wait=true "HTTP/1.1 200 OK"
2026-03-18 16:15:57,545 - INFO - HTTP Request: PUT http://localhost:6333/collections/daily_trade_strategies/points?wait=true "HTTP/1.1 200 OK"
2026-03-18 16:15:57,548 - INFO - HTTP Request: PUT http://localhost:6333/collections/trading_results/points?wait=true "HTTP/1.1 200 OK"
2026-03-18 16:15:57,556 - INFO - HTTP Request: PUT http://localhost:6333/collections/stock_recommendations/points?wait=true "HTTP/1.1 200 OK"
2026-03-18 16:15:57,582 - INFO - HTTP Request: PUT http://localhost:6333/collections/daily_trade_strategies/points?wait=true "HTTP/1.1 200 OK"
2026-03-18 16:15:57,585 - INFO - HTTP Request: PUT http://localhost:6333/collections/trading_results/points?wait=true "HTTP/1.1 200 OK"
2026-03-18 16:15:57,607 - INFO - HTTP Request: PUT http://localhost:6333/collections/stock_recommendations/points?wait=true "HTTP/1.1 200 OK"
2026-03-18 16:15:57,633 - INFO - HTTP Request: PUT http://localhost:6333/collections/daily_trade_strategies/points?wait=true "HTTP/1.1 200 OK"
2026-03-18 16:15:57,637 - INFO - HTTP Request: PUT http://localhost:6333/collections/trading_results/points?wait=true "HTTP/1.1 200 OK"
2026-03-18 16:15:57,645 - INFO - HTTP Request: PUT http://localhost:6333/collections/stock_recommendations/points?wait=true "HTTP/1.1 200 OK"
2026-03-18 16:15:57,673 - INFO - HTTP Request: PUT http://localhost:6333/collections/daily_trade_strategies/points?wait=true "HTTP/1.1 200 OK"
2026-03-18 16:15:57,676 - INFO - HTTP Request: PUT http://localhost:6333/collections/trading_results/points?wait=true "HTTP/1.1 200 OK"
2026-03-18 16:15:57,690 - INFO - HTTP Request: PUT http://localhost:6333/collections/stock_recommendations/points?wait=true "HTTP/1.1 200 OK"
2026-03-18 16:15:57,717 - INFO - HTTP Request: PUT http://localhost:6333/collections/daily_trade_strategies/points?wait=true "HTTP/1.1 200 OK"
2026-03-18 16:15:57,733 - INFO - HTTP Request: PUT http://localhost:6333/collections/trading_results/points?wait=true "HTTP/1.1 200 OK"
2026-03-18 16:15:57,749 - INFO - HTTP Request: PUT http://localhost:6333/collections/stock_recommendations/points?wait=true "HTTP/1.1 200 OK"
2026-03-18 16:15:57,774 - INFO - HTTP Request: PUT http://localhost:6333/collections/daily_trade_strategies/points?wait=true "HTTP/1.1 200 OK"
2026-03-18 16:15:57,777 - INFO - HTTP Request: PUT http://localhost:6333/collections/trading_results/points?wait=true "HTTP/1.1 200 OK"
2026-03-18 16:15:57,783 - INFO - HTTP Request: PUT http://localhost:6333/collections/stock_recommendations/points?wait=true "HTTP/1.1 200 OK"
2026-03-18 16:15:57,827 - INFO - HTTP Request: PUT http://localhost:6333/collections/daily_trade_strategies/points?wait=true "HTTP/1.1 200 OK"
2026-03-18 16:15:57,830 - INFO - HTTP Request: PUT http://localhost:6333/collections/trading_results/points?wait=true "HTTP/1.1 200 OK"
2026-03-18 16:15:57,859 - INFO - HTTP Request: PUT http://localhost:6333/collections/stock_recommendations/points?wait=true "HTTP/1.1 200 OK"
2026-03-18 16:15:57,884 - INFO - HTTP Request: PUT http://localhost:6333/collections/daily_trade_strategies/points?wait=true "HTTP/1.1 200 OK"
2026-03-18 16:15:57,888 - INFO - HTTP Request: PUT http://localhost:6333/collections/trading_results/points?wait=true "HTTP/1.1 200 OK"
2026-03-18 16:15:57,895 - INFO - HTTP Request: PUT http://localhost:6333/collections/stock_recommendations/points?wait=true "HTTP/1.1 200 OK"
2026-03-18 16:15:57,921 - INFO - HTTP Request: PUT http://localhost:6333/collections/daily_trade_strategies/points?wait=true "HTTP/1.1 200 OK"
2026-03-18 16:15:57,924 - INFO - HTTP Request: PUT http://localhost:6333/collections/trading_results/points?wait=true "HTTP/1.1 200 OK"
2026-03-18 16:15:57,951 - INFO - HTTP Request: PUT http://localhost:6333/collections/stock_recommendations/points?wait=true "HTTP/1.1 200 OK"
2026-03-18 16:15:57,999 - INFO - HTTP Request: PUT http://localhost:6333/collections/daily_trade_strategies/points?wait=true "HTTP/1.1 200 OK"
2026-03-18 16:15:58,030 - INFO - HTTP Request: PUT http://localhost:6333/collections/trading_results/points?wait=true "HTTP/1.1 200 OK"
2026-03-18 16:15:58,061 - INFO - HTTP Request: PUT http://localhost:6333/collections/stock_recommendations/points?wait=true "HTTP/1.1 200 OK"
2026-03-18 16:15:58,090 - INFO - HTTP Request: PUT http://localhost:6333/collections/daily_trade_strategies/points?wait=true "HTTP/1.1 200 OK"
2026-03-18 16:15:58,105 - INFO - HTTP Request: PUT http://localhost:6333/collections/trading_results/points?wait=true "HTTP/1.1 200 OK"
2026-03-18 16:15:58,123 - INFO - HTTP Request: PUT http://localhost:6333/collections/stock_recommendations/points?wait=true "HTTP/1.1 200 OK"
2026-03-18 16:15:58,148 - INFO - HTTP Request: PUT http://localhost:6333/collections/daily_trade_strategies/points?wait=true "HTTP/1.1 200 OK"
2026-03-18 16:15:58,152 - INFO - HTTP Request: PUT http://localhost:6333/collections/trading_results/points?wait=true "HTTP/1.1 200 OK"
2026-03-18 16:15:58,159 - INFO - HTTP Request: PUT http://localhost:6333/collections/stock_recommendations/points?wait=true "HTTP/1.1 200 OK"
2026-03-18 16:15:58,188 - INFO - HTTP Request: PUT http://localhost:6333/collections/daily_trade_strategies/points?wait=true "HTTP/1.1 200 OK"
2026-03-18 16:15:58,193 - INFO - HTTP Request: PUT http://localhost:6333/collections/trading_results/points?wait=true "HTTP/1.1 200 OK"
2026-03-18 16:15:58,203 - INFO - HTTP Request: PUT http://localhost:6333/collections/stock_recommendations/points?wait=true "HTTP/1.1 200 OK"
2026-03-18 16:15:58,231 - INFO - HTTP Request: PUT http://localhost:6333/collections/daily_trade_strategies/points?wait=true "HTTP/1.1 200 OK"
2026-03-18 16:15:58,235 - INFO - HTTP Request: PUT http://localhost:6333/collections/trading_results/points?wait=true "HTTP/1.1 200 OK"
2026-03-18 16:15:58,261 - INFO - HTTP Request: PUT http://localhost:6333/collections/stock_recommendations/points?wait=true "HTTP/1.1 200 OK"
2026-03-18 16:15:58,309 - INFO - HTTP Request: PUT http://localhost:6333/collections/daily_trade_strategies/points?wait=true "HTTP/1.1 200 OK"
2026-03-18 16:15:58,312 - INFO - HTTP Request: PUT http://localhost:6333/collections/trading_results/points?wait=true "HTTP/1.1 200 OK"
2026-03-18 16:15:58,319 - INFO - HTTP Request: PUT http://localhost:6333/collections/stock_recommendations/points?wait=true "HTTP/1.1 200 OK"
2026-03-18 16:15:58,355 - INFO - HTTP Request: PUT http://localhost:6333/collections/daily_trade_strategies/points?wait=true "HTTP/1.1 200 OK"
2026-03-18 16:15:58,358 - INFO - HTTP Request: PUT http://localhost:6333/collections/trading_results/points?wait=true "HTTP/1.1 200 OK"
2026-03-18 16:15:58,365 - INFO - HTTP Request: PUT http://localhost:6333/collections/stock_recommendations/points?wait=true "HTTP/1.1 200 OK"
2026-03-18 16:15:58,392 - INFO - HTTP Request: PUT http://localhost:6333/collections/daily_trade_strategies/points?wait=true "HTTP/1.1 200 OK"
2026-03-18 16:15:58,395 - INFO - HTTP Request: PUT http://localhost:6333/collections/trading_results/points?wait=true "HTTP/1.1 200 OK"
2026-03-18 16:15:58,405 - INFO - HTTP Request: PUT http://localhost:6333/collections/stock_recommendations/points?wait=true "HTTP/1.1 200 OK"
2026-03-18 16:15:58,430 - INFO - HTTP Request: PUT http://localhost:6333/collections/daily_trade_strategies/points?wait=true "HTTP/1.1 200 OK"
2026-03-18 16:15:58,436 - INFO - HTTP Request: PUT http://localhost:6333/collections/trading_results/points?wait=true "HTTP/1.1 200 OK"
2026-03-18 16:15:58,444 - INFO - HTTP Request: PUT http://localhost:6333/collections/stock_recommendations/points?wait=true "HTTP/1.1 200 OK"
2026-03-18 16:15:58,470 - INFO - HTTP Request: PUT http://localhost:6333/collections/daily_trade_strategies/points?wait=true "HTTP/1.1 200 OK"
2026-03-18 16:15:58,473 - INFO - HTTP Request: PUT http://localhost:6333/collections/trading_results/points?wait=true "HTTP/1.1 200 OK"
2026-03-18 16:15:58,480 - INFO - HTTP Request: PUT http://localhost:6333/collections/stock_recommendations/points?wait=true "HTTP/1.1 200 OK"
2026-03-18 16:15:58,508 - INFO - HTTP Request: PUT http://localhost:6333/collections/daily_trade_strategies/points?wait=true "HTTP/1.1 200 OK"
2026-03-18 16:15:58,511 - INFO - HTTP Request: PUT http://localhost:6333/collections/trading_results/points?wait=true "HTTP/1.1 200 OK"
2026-03-18 16:15:58,517 - INFO - HTTP Request: PUT http://localhost:6333/collections/stock_recommendations/points?wait=true "HTTP/1.1 200 OK"
2026-03-18 16:15:58,545 - INFO - HTTP Request: PUT http://localhost:6333/collections/daily_trade_strategies/points?wait=true "HTTP/1.1 200 OK"
2026-03-18 16:15:58,549 - INFO - HTTP Request: PUT http://localhost:6333/collections/trading_results/points?wait=true "HTTP/1.1 200 OK"
2026-03-18 16:15:58,554 - INFO - HTTP Request: PUT http://localhost:6333/collections/stock_recommendations/points?wait=true "HTTP/1.1 200 OK"
2026-03-18 16:15:58,583 - INFO - HTTP Request: PUT http://localhost:6333/collections/daily_trade_strategies/points?wait=true "HTTP/1.1 200 OK"
2026-03-18 16:15:58,587 - INFO - HTTP Request: PUT http://localhost:6333/collections/trading_results/points?wait=true "HTTP/1.1 200 OK"
2026-03-18 16:15:58,593 - INFO - HTTP Request: PUT http://localhost:6333/collections/stock_recommendations/points?wait=true "HTTP/1.1 200 OK"
2026-03-18 16:15:58,617 - INFO - HTTP Request: PUT http://localhost:6333/collections/daily_trade_strategies/points?wait=true "HTTP/1.1 200 OK"
2026-03-18 16:15:58,636 - INFO - HTTP Request: PUT http://localhost:6333/collections/trading_results/points?wait=true "HTTP/1.1 200 OK"
2026-03-18 16:15:58,642 - INFO - HTTP Request: PUT http://localhost:6333/collections/stock_recommendations/points?wait=true "HTTP/1.1 200 OK"
2026-03-18 16:15:58,684 - INFO - HTTP Request: PUT http://localhost:6333/collections/daily_trade_strategies/points?wait=true "HTTP/1.1 200 OK"
2026-03-18 16:15:58,688 - INFO - HTTP Request: PUT http://localhost:6333/collections/trading_results/points?wait=true "HTTP/1.1 200 OK"
2026-03-18 16:15:58,715 - INFO - HTTP Request: PUT http://localhost:6333/collections/stock_recommendations/points?wait=true "HTTP/1.1 200 OK"
2026-03-18 16:15:58,741 - INFO - HTTP Request: PUT http://localhost:6333/collections/daily_trade_strategies/points?wait=true "HTTP/1.1 200 OK"
2026-03-18 16:15:58,744 - INFO - HTTP Request: PUT http://localhost:6333/collections/trading_results/points?wait=true "HTTP/1.1 200 OK"
2026-03-18 16:15:58,750 - INFO - HTTP Request: PUT http://localhost:6333/collections/stock_recommendations/points?wait=true "HTTP/1.1 200 OK"
2026-03-18 16:15:58,793 - INFO - HTTP Request: PUT http://localhost:6333/collections/daily_trade_strategies/points?wait=true "HTTP/1.1 200 OK"
2026-03-18 16:15:58,797 - INFO - HTTP Request: PUT http://localhost:6333/collections/trading_results/points?wait=true "HTTP/1.1 200 OK"
2026-03-18 16:15:58,803 - INFO - HTTP Request: PUT http://localhost:6333/collections/stock_recommendations/points?wait=true "HTTP/1.1 200 OK"
2026-03-18 16:15:58,841 - INFO - HTTP Request: PUT http://localhost:6333/collections/daily_trade_strategies/points?wait=true "HTTP/1.1 200 OK"
2026-03-18 16:15:58,844 - INFO - HTTP Request: PUT http://localhost:6333/collections/trading_results/points?wait=true "HTTP/1.1 200 OK"
2026-03-18 16:15:58,850 - INFO - HTTP Request: PUT http://localhost:6333/collections/stock_recommendations/points?wait=true "HTTP/1.1 200 OK"
2026-03-18 16:15:58,877 - INFO - HTTP Request: PUT http://localhost:6333/collections/daily_trade_strategies/points?wait=true "HTTP/1.1 200 OK"
2026-03-18 16:15:58,880 - INFO - HTTP Request: PUT http://localhost:6333/collections/trading_results/points?wait=true "HTTP/1.1 200 OK"
2026-03-18 16:15:58,887 - INFO - HTTP Request: PUT http://localhost:6333/collections/stock_recommendations/points?wait=true "HTTP/1.1 200 OK"
2026-03-18 16:15:58,912 - INFO - HTTP Request: PUT http://localhost:6333/collections/daily_trade_strategies/points?wait=true "HTTP/1.1 200 OK"
2026-03-18 16:15:58,916 - INFO - HTTP Request: PUT http://localhost:6333/collections/trading_results/points?wait=true "HTTP/1.1 200 OK"
2026-03-18 16:15:58,924 - INFO - HTTP Request: PUT http://localhost:6333/collections/stock_recommendations/points?wait=true "HTTP/1.1 200 OK"
2026-03-18 16:15:58,949 - INFO - HTTP Request: PUT http://localhost:6333/collections/daily_trade_strategies/points?wait=true "HTTP/1.1 200 OK"
2026-03-18 16:15:58,952 - INFO - HTTP Request: PUT http://localhost:6333/collections/trading_results/points?wait=true "HTTP/1.1 200 OK"
2026-03-18 16:15:58,959 - INFO - HTTP Request: PUT http://localhost:6333/collections/stock_recommendations/points?wait=true "HTTP/1.1 200 OK"
2026-03-18 16:15:58,986 - INFO - HTTP Request: PUT http://localhost:6333/collections/daily_trade_strategies/points?wait=true "HTTP/1.1 200 OK"
2026-03-18 16:15:58,989 - INFO - HTTP Request: PUT http://localhost:6333/collections/trading_results/points?wait=true "HTTP/1.1 200 OK"
2026-03-18 16:15:58,995 - INFO - HTTP Request: PUT http://localhost:6333/collections/stock_recommendations/points?wait=true "HTTP/1.1 200 OK"
2026-03-18 16:15:59,043 - INFO - HTTP Request: PUT http://localhost:6333/collections/daily_trade_strategies/points?wait=true "HTTP/1.1 200 OK"
2026-03-18 16:15:59,059 - INFO - HTTP Request: PUT http://localhost:6333/collections/trading_results/points?wait=true "HTTP/1.1 200 OK"
2026-03-18 16:15:59,090 - INFO - HTTP Request: PUT http://localhost:6333/collections/stock_recommendations/points?wait=true "HTTP/1.1 200 OK"
2026-03-18 16:15:59,116 - INFO - HTTP Request: PUT http://localhost:6333/collections/daily_trade_strategies/points?wait=true "HTTP/1.1 200 OK"
2026-03-18 16:15:59,119 - INFO - HTTP Request: PUT http://localhost:6333/collections/trading_results/points?wait=true "HTTP/1.1 200 OK"
2026-03-18 16:15:59,127 - INFO - HTTP Request: PUT http://localhost:6333/collections/stock_recommendations/points?wait=true "HTTP/1.1 200 OK"
2026-03-18 16:15:59,153 - INFO - HTTP Request: PUT http://localhost:6333/collections/daily_trade_strategies/points?wait=true "HTTP/1.1 200 OK"
2026-03-18 16:15:59,156 - INFO - HTTP Request: PUT http://localhost:6333/collections/trading_results/points?wait=true "HTTP/1.1 200 OK"
2026-03-18 16:15:59,163 - INFO - HTTP Request: PUT http://localhost:6333/collections/stock_recommendations/points?wait=true "HTTP/1.1 200 OK"
2026-03-18 16:15:59,190 - INFO - HTTP Request: PUT http://localhost:6333/collections/daily_trade_strategies/points?wait=true "HTTP/1.1 200 OK"
2026-03-18 16:15:59,193 - INFO - HTTP Request: PUT http://localhost:6333/collections/trading_results/points?wait=true "HTTP/1.1 200 OK"
2026-03-18 16:15:59,200 - INFO - HTTP Request: PUT http://localhost:6333/collections/stock_recommendations/points?wait=true "HTTP/1.1 200 OK"
2026-03-18 16:15:59,226 - INFO - HTTP Request: PUT http://localhost:6333/collections/daily_trade_strategies/points?wait=true "HTTP/1.1 200 OK"
2026-03-18 16:15:59,229 - INFO - HTTP Request: PUT http://localhost:6333/collections/trading_results/points?wait=true "HTTP/1.1 200 OK"
2026-03-18 16:15:59,236 - INFO - HTTP Request: PUT http://localhost:6333/collections/stock_recommendations/points?wait=true "HTTP/1.1 200 OK"
2026-03-18 16:15:59,264 - INFO - HTTP Request: PUT http://localhost:6333/collections/daily_trade_strategies/points?wait=true "HTTP/1.1 200 OK"
2026-03-18 16:15:59,267 - INFO - HTTP Request: PUT http://localhost:6333/collections/trading_results/points?wait=true "HTTP/1.1 200 OK"
2026-03-18 16:15:59,275 - INFO - HTTP Request: PUT http://localhost:6333/collections/stock_recommendations/points?wait=true "HTTP/1.1 200 OK"
2026-03-18 16:15:59,301 - INFO - HTTP Request: PUT http://localhost:6333/collections/daily_trade_strategies/points?wait=true "HTTP/1.1 200 OK"
2026-03-18 16:15:59,303 - INFO - HTTP Request: PUT http://localhost:6333/collections/trading_results/points?wait=true "HTTP/1.1 200 OK"
2026-03-18 16:15:59,327 - INFO - HTTP Request: PUT http://localhost:6333/collections/stock_recommendations/points?wait=true "HTTP/1.1 200 OK"
2026-03-18 16:15:59,376 - INFO - HTTP Request: PUT http://localhost:6333/collections/daily_trade_strategies/points?wait=true "HTTP/1.1 200 OK"
2026-03-18 16:15:59,405 - INFO - HTTP Request: PUT http://localhost:6333/collections/trading_results/points?wait=true "HTTP/1.1 200 OK"
2026-03-18 16:15:59,413 - INFO - HTTP Request: PUT http://localhost:6333/collections/stock_recommendations/points?wait=true "HTTP/1.1 200 OK"
2026-03-18 16:15:59,439 - INFO - HTTP Request: PUT http://localhost:6333/collections/daily_trade_strategies/points?wait=true "HTTP/1.1 200 OK"
2026-03-18 16:15:59,446 - INFO - HTTP Request: PUT http://localhost:6333/collections/trading_results/points?wait=true "HTTP/1.1 200 OK"
2026-03-18 16:15:59,466 - INFO - HTTP Request: PUT http://localhost:6333/collections/stock_recommendations/points?wait=true "HTTP/1.1 200 OK"
2026-03-18 16:15:59,493 - INFO - HTTP Request: PUT http://localhost:6333/collections/daily_trade_strategies/points?wait=true "HTTP/1.1 200 OK"
2026-03-18 16:15:59,497 - INFO - HTTP Request: PUT http://localhost:6333/collections/trading_results/points?wait=true "HTTP/1.1 200 OK"
2026-03-18 16:15:59,504 - INFO - HTTP Request: PUT http://localhost:6333/collections/stock_recommendations/points?wait=true "HTTP/1.1 200 OK"
2026-03-18 16:15:59,530 - INFO - HTTP Request: PUT http://localhost:6333/collections/daily_trade_strategies/points?wait=true "HTTP/1.1 200 OK"
2026-03-18 16:15:59,533 - INFO - HTTP Request: PUT http://localhost:6333/collections/trading_results/points?wait=true "HTTP/1.1 200 OK"
2026-03-18 16:15:59,540 - INFO - HTTP Request: PUT http://localhost:6333/collections/stock_recommendations/points?wait=true "HTTP/1.1 200 OK"
2026-03-18 16:15:59,567 - INFO - HTTP Request: PUT http://localhost:6333/collections/daily_trade_strategies/points?wait=true "HTTP/1.1 200 OK"
2026-03-18 16:15:59,570 - INFO - HTTP Request: PUT http://localhost:6333/collections/trading_results/points?wait=true "HTTP/1.1 200 OK"
2026-03-18 16:15:59,576 - INFO - HTTP Request: PUT http://localhost:6333/collections/stock_recommendations/points?wait=true "HTTP/1.1 200 OK"
2026-03-18 16:15:59,625 - INFO - HTTP Request: PUT http://localhost:6333/collections/daily_trade_strategies/points?wait=true "HTTP/1.1 200 OK"
2026-03-18 16:15:59,629 - INFO - HTTP Request: PUT http://localhost:6333/collections/trading_results/points?wait=true "HTTP/1.1 200 OK"
2026-03-18 16:15:59,636 - INFO - HTTP Request: PUT http://localhost:6333/collections/stock_recommendations/points?wait=true "HTTP/1.1 200 OK"
2026-03-18 16:15:59,663 - INFO - HTTP Request: PUT http://localhost:6333/collections/daily_trade_strategies/points?wait=true "HTTP/1.1 200 OK"
2026-03-18 16:15:59,687 - INFO - HTTP Request: PUT http://localhost:6333/collections/trading_results/points?wait=true "HTTP/1.1 200 OK"
2026-03-18 16:15:59,704 - INFO - HTTP Request: PUT http://localhost:6333/collections/stock_recommendations/points?wait=true "HTTP/1.1 200 OK"
2026-03-18 16:15:59,751 - INFO - HTTP Request: PUT http://localhost:6333/collections/daily_trade_strategies/points?wait=true "HTTP/1.1 200 OK"
2026-03-18 16:15:59,754 - INFO - HTTP Request: PUT http://localhost:6333/collections/trading_results/points?wait=true "HTTP/1.1 200 OK"
2026-03-18 16:15:59,762 - INFO - HTTP Request: PUT http://localhost:6333/collections/stock_recommendations/points?wait=true "HTTP/1.1 200 OK"
2026-03-18 16:15:59,789 - INFO - HTTP Request: PUT http://localhost:6333/collections/daily_trade_strategies/points?wait=true "HTTP/1.1 200 OK"
2026-03-18 16:15:59,792 - INFO - HTTP Request: PUT http://localhost:6333/collections/trading_results/points?wait=true "HTTP/1.1 200 OK"
2026-03-18 16:15:59,800 - INFO - HTTP Request: PUT http://localhost:6333/collections/stock_recommendations/points?wait=true "HTTP/1.1 200 OK"
2026-03-18 16:15:59,826 - INFO - HTTP Request: PUT http://localhost:6333/collections/daily_trade_strategies/points?wait=true "HTTP/1.1 200 OK"
2026-03-18 16:15:59,831 - INFO - HTTP Request: PUT http://localhost:6333/collections/trading_results/points?wait=true "HTTP/1.1 200 OK"
2026-03-18 16:15:59,839 - INFO - HTTP Request: PUT http://localhost:6333/collections/stock_recommendations/points?wait=true "HTTP/1.1 200 OK"
2026-03-18 16:15:59,865 - INFO - HTTP Request: PUT http://localhost:6333/collections/daily_trade_strategies/points?wait=true "HTTP/1.1 200 OK"
2026-03-18 16:15:59,868 - INFO - HTTP Request: PUT http://localhost:6333/collections/trading_results/points?wait=true "HTTP/1.1 200 OK"
2026-03-18 16:15:59,874 - INFO - HTTP Request: PUT http://localhost:6333/collections/stock_recommendations/points?wait=true "HTTP/1.1 200 OK"
2026-03-18 16:15:59,901 - INFO - HTTP Request: PUT http://localhost:6333/collections/daily_trade_strategies/points?wait=true "HTTP/1.1 200 OK"
2026-03-18 16:15:59,905 - INFO - HTTP Request: PUT http://localhost:6333/collections/trading_results/points?wait=true "HTTP/1.1 200 OK"
2026-03-18 16:15:59,911 - INFO - HTTP Request: PUT http://localhost:6333/collections/stock_recommendations/points?wait=true "HTTP/1.1 200 OK"
2026-03-18 16:15:59,937 - INFO - HTTP Request: PUT http://localhost:6333/collections/daily_trade_strategies/points?wait=true "HTTP/1.1 200 OK"
2026-03-18 16:15:59,942 - INFO - HTTP Request: PUT http://localhost:6333/collections/trading_results/points?wait=true "HTTP/1.1 200 OK"
2026-03-18 16:15:59,953 - INFO - HTTP Request: PUT http://localhost:6333/collections/stock_recommendations/points?wait=true "HTTP/1.1 200 OK"
2026-03-18 16:16:00,001 - INFO - HTTP Request: PUT http://localhost:6333/collections/daily_trade_strategies/points?wait=true "HTTP/1.1 200 OK"
2026-03-18 16:16:00,017 - INFO - HTTP Request: PUT http://localhost:6333/collections/trading_results/points?wait=true "HTTP/1.1 200 OK"
2026-03-18 16:16:00,048 - INFO - HTTP Request: PUT http://localhost:6333/collections/stock_recommendations/points?wait=true "HTTP/1.1 200 OK"
2026-03-18 16:16:00,073 - INFO - HTTP Request: PUT http://localhost:6333/collections/daily_trade_strategies/points?wait=true "HTTP/1.1 200 OK"
2026-03-18 16:16:00,077 - INFO - HTTP Request: PUT http://localhost:6333/collections/trading_results/points?wait=true "HTTP/1.1 200 OK"
2026-03-18 16:16:00,084 - INFO - HTTP Request: PUT http://localhost:6333/collections/stock_recommendations/points?wait=true "HTTP/1.1 200 OK"
2026-03-18 16:16:00,128 - INFO - HTTP Request: PUT http://localhost:6333/collections/daily_trade_strategies/points?wait=true "HTTP/1.1 200 OK"
2026-03-18 16:16:00,131 - INFO - HTTP Request: PUT http://localhost:6333/collections/trading_results/points?wait=true "HTTP/1.1 200 OK"
2026-03-18 16:16:00,160 - INFO - HTTP Request: PUT http://localhost:6333/collections/stock_recommendations/points?wait=true "HTTP/1.1 200 OK"
2026-03-18 16:16:00,186 - INFO - HTTP Request: PUT http://localhost:6333/collections/daily_trade_strategies/points?wait=true "HTTP/1.1 200 OK"
2026-03-18 16:16:00,204 - INFO - HTTP Request: PUT http://localhost:6333/collections/trading_results/points?wait=true "HTTP/1.1 200 OK"
2026-03-18 16:16:00,212 - INFO - HTTP Request: PUT http://localhost:6333/collections/stock_recommendations/points?wait=true "HTTP/1.1 200 OK"
2026-03-18 16:16:00,241 - INFO - HTTP Request: PUT http://localhost:6333/collections/daily_trade_strategies/points?wait=true "HTTP/1.1 200 OK"
2026-03-18 16:16:00,245 - INFO - HTTP Request: PUT http://localhost:6333/collections/trading_results/points?wait=true "HTTP/1.1 200 OK"
2026-03-18 16:16:00,269 - INFO - HTTP Request: PUT http://localhost:6333/collections/stock_recommendations/points?wait=true "HTTP/1.1 200 OK"
2026-03-18 16:16:00,316 - INFO - HTTP Request: PUT http://localhost:6333/collections/daily_trade_strategies/points?wait=true "HTTP/1.1 200 OK"
2026-03-18 16:16:00,320 - INFO - HTTP Request: PUT http://localhost:6333/collections/trading_results/points?wait=true "HTTP/1.1 200 OK"
2026-03-18 16:16:00,327 - INFO - HTTP Request: PUT http://localhost:6333/collections/stock_recommendations/points?wait=true "HTTP/1.1 200 OK"
2026-03-18 16:16:00,363 - INFO - HTTP Request: PUT http://localhost:6333/collections/daily_trade_strategies/points?wait=true "HTTP/1.1 200 OK"
2026-03-18 16:16:00,366 - INFO - HTTP Request: PUT http://localhost:6333/collections/trading_results/points?wait=true "HTTP/1.1 200 OK"
2026-03-18 16:16:00,395 - INFO - HTTP Request: PUT http://localhost:6333/collections/stock_recommendations/points?wait=true "HTTP/1.1 200 OK"
2026-03-18 16:16:00,420 - INFO - HTTP Request: PUT http://localhost:6333/collections/daily_trade_strategies/points?wait=true "HTTP/1.1 200 OK"
2026-03-18 16:16:00,424 - INFO - HTTP Request: PUT http://localhost:6333/collections/trading_results/points?wait=true "HTTP/1.1 200 OK"
2026-03-18 16:16:00,430 - INFO - HTTP Request: PUT http://localhost:6333/collections/stock_recommendations/points?wait=true "HTTP/1.1 200 OK"
2026-03-18 16:16:00,457 - INFO - HTTP Request: PUT http://localhost:6333/collections/daily_trade_strategies/points?wait=true "HTTP/1.1 200 OK"
2026-03-18 16:16:00,460 - INFO - HTTP Request: PUT http://localhost:6333/collections/trading_results/points?wait=true "HTTP/1.1 200 OK"
2026-03-18 16:16:00,467 - INFO - HTTP Request: PUT http://localhost:6333/collections/stock_recommendations/points?wait=true "HTTP/1.1 200 OK"
2026-03-18 16:16:00,493 - INFO - HTTP Request: PUT http://localhost:6333/collections/daily_trade_strategies/points?wait=true "HTTP/1.1 200 OK"
2026-03-18 16:16:00,496 - INFO - HTTP Request: PUT http://localhost:6333/collections/trading_results/points?wait=true "HTTP/1.1 200 OK"
2026-03-18 16:16:00,503 - INFO - HTTP Request: PUT http://localhost:6333/collections/stock_recommendations/points?wait=true "HTTP/1.1 200 OK"
2026-03-18 16:16:00,531 - INFO - HTTP Request: PUT http://localhost:6333/collections/daily_trade_strategies/points?wait=true "HTTP/1.1 200 OK"
2026-03-18 16:16:00,535 - INFO - HTTP Request: PUT http://localhost:6333/collections/trading_results/points?wait=true "HTTP/1.1 200 OK"
2026-03-18 16:16:00,543 - INFO - HTTP Request: PUT http://localhost:6333/collections/stock_recommendations/points?wait=true "HTTP/1.1 200 OK"
2026-03-18 16:16:00,572 - INFO - HTTP Request: PUT http://localhost:6333/collections/daily_trade_strategies/points?wait=true "HTTP/1.1 200 OK"
2026-03-18 16:16:00,577 - INFO - HTTP Request: PUT http://localhost:6333/collections/trading_results/points?wait=true "HTTP/1.1 200 OK"
2026-03-18 16:16:00,585 - INFO - HTTP Request: PUT http://localhost:6333/collections/stock_recommendations/points?wait=true "HTTP/1.1 200 OK"
2026-03-18 16:16:00,629 - INFO - HTTP Request: PUT http://localhost:6333/collections/daily_trade_strategies/points?wait=true "HTTP/1.1 200 OK"
2026-03-18 16:16:00,632 - INFO - HTTP Request: PUT http://localhost:6333/collections/trading_results/points?wait=true "HTTP/1.1 200 OK"
2026-03-18 16:16:00,640 - INFO - HTTP Request: PUT http://localhost:6333/collections/stock_recommendations/points?wait=true "HTTP/1.1 200 OK"
2026-03-18 16:16:00,676 - INFO - HTTP Request: PUT http://localhost:6333/collections/daily_trade_strategies/points?wait=true "HTTP/1.1 200 OK"
2026-03-18 16:16:00,690 - INFO - HTTP Request: PUT http://localhost:6333/collections/trading_results/points?wait=true "HTTP/1.1 200 OK"
2026-03-18 16:16:00,699 - INFO - HTTP Request: PUT http://localhost:6333/collections/stock_recommendations/points?wait=true "HTTP/1.1 200 OK"
2026-03-18 16:16:00,739 - INFO - HTTP Request: PUT http://localhost:6333/collections/daily_trade_strategies/points?wait=true "HTTP/1.1 200 OK"
2026-03-18 16:16:00,754 - INFO - HTTP Request: PUT http://localhost:6333/collections/trading_results/points?wait=true "HTTP/1.1 200 OK"
2026-03-18 16:16:00,770 - INFO - HTTP Request: PUT http://localhost:6333/collections/stock_recommendations/points?wait=true "HTTP/1.1 200 OK"
2026-03-18 16:16:00,818 - INFO - HTTP Request: PUT http://localhost:6333/collections/daily_trade_strategies/points?wait=true "HTTP/1.1 200 OK"
2026-03-18 16:16:00,822 - INFO - HTTP Request: PUT http://localhost:6333/collections/trading_results/points?wait=true "HTTP/1.1 200 OK"
2026-03-18 16:16:00,829 - INFO - HTTP Request: PUT http://localhost:6333/collections/stock_recommendations/points?wait=true "HTTP/1.1 200 OK"
2026-03-18 16:16:00,855 - INFO - HTTP Request: PUT http://localhost:6333/collections/daily_trade_strategies/points?wait=true "HTTP/1.1 200 OK"
2026-03-18 16:16:00,858 - INFO - HTTP Request: PUT http://localhost:6333/collections/trading_results/points?wait=true "HTTP/1.1 200 OK"
2026-03-18 16:16:00,865 - INFO - HTTP Request: PUT http://localhost:6333/collections/stock_recommendations/points?wait=true "HTTP/1.1 200 OK"
2026-03-18 16:16:00,892 - INFO - HTTP Request: PUT http://localhost:6333/collections/daily_trade_strategies/points?wait=true "HTTP/1.1 200 OK"
2026-03-18 16:16:00,895 - INFO - HTTP Request: PUT http://localhost:6333/collections/trading_results/points?wait=true "HTTP/1.1 200 OK"
2026-03-18 16:16:00,927 - INFO - HTTP Request: PUT http://localhost:6333/collections/stock_recommendations/points?wait=true "HTTP/1.1 200 OK"
2026-03-18 16:16:00,951 - INFO - HTTP Request: PUT http://localhost:6333/collections/daily_trade_strategies/points?wait=true "HTTP/1.1 200 OK"
2026-03-18 16:16:00,955 - INFO - HTTP Request: PUT http://localhost:6333/collections/trading_results/points?wait=true "HTTP/1.1 200 OK"
2026-03-18 16:16:00,962 - INFO - HTTP Request: PUT http://localhost:6333/collections/stock_recommendations/points?wait=true "HTTP/1.1 200 OK"
2026-03-18 16:16:00,990 - INFO - HTTP Request: PUT http://localhost:6333/collections/daily_trade_strategies/points?wait=true "HTTP/1.1 200 OK"
2026-03-18 16:16:00,994 - INFO - HTTP Request: PUT http://localhost:6333/collections/trading_results/points?wait=true "HTTP/1.1 200 OK"
2026-03-18 16:16:01,002 - INFO - HTTP Request: PUT http://localhost:6333/collections/stock_recommendations/points?wait=true "HTTP/1.1 200 OK"
2026-03-18 16:16:01,051 - INFO - HTTP Request: PUT http://localhost:6333/collections/daily_trade_strategies/points?wait=true "HTTP/1.1 200 OK"
2026-03-18 16:16:01,054 - INFO - HTTP Request: PUT http://localhost:6333/collections/trading_results/points?wait=true "HTTP/1.1 200 OK"
2026-03-18 16:16:01,061 - INFO - HTTP Request: PUT http://localhost:6333/collections/stock_recommendations/points?wait=true "HTTP/1.1 200 OK"
2026-03-18 16:16:01,088 - INFO - HTTP Request: PUT http://localhost:6333/collections/daily_trade_strategies/points?wait=true "HTTP/1.1 200 OK"
2026-03-18 16:16:01,091 - INFO - HTTP Request: PUT http://localhost:6333/collections/trading_results/points?wait=true "HTTP/1.1 200 OK"
2026-03-18 16:16:01,098 - INFO - HTTP Request: PUT http://localhost:6333/collections/stock_recommendations/points?wait=true "HTTP/1.1 200 OK"
2026-03-18 16:16:01,124 - INFO - HTTP Request: PUT http://localhost:6333/collections/daily_trade_strategies/points?wait=true "HTTP/1.1 200 OK"
2026-03-18 16:16:01,127 - INFO - HTTP Request: PUT http://localhost:6333/collections/trading_results/points?wait=true "HTTP/1.1 200 OK"
2026-03-18 16:16:01,134 - INFO - HTTP Request: PUT http://localhost:6333/collections/stock_recommendations/points?wait=true "HTTP/1.1 200 OK"
2026-03-18 16:16:01,160 - INFO - HTTP Request: PUT http://localhost:6333/collections/daily_trade_strategies/points?wait=true "HTTP/1.1 200 OK"
2026-03-18 16:16:01,163 - INFO - HTTP Request: PUT http://localhost:6333/collections/trading_results/points?wait=true "HTTP/1.1 200 OK"
2026-03-18 16:16:01,169 - INFO - HTTP Request: PUT http://localhost:6333/collections/stock_recommendations/points?wait=true "HTTP/1.1 200 OK"
2026-03-18 16:16:01,195 - INFO - HTTP Request: PUT http://localhost:6333/collections/daily_trade_strategies/points?wait=true "HTTP/1.1 200 OK"
2026-03-18 16:16:01,199 - INFO - HTTP Request: PUT http://localhost:6333/collections/trading_results/points?wait=true "HTTP/1.1 200 OK"
2026-03-18 16:16:01,223 - INFO - HTTP Request: PUT http://localhost:6333/collections/stock_recommendations/points?wait=true "HTTP/1.1 200 OK"
2026-03-18 16:16:01,270 - INFO - HTTP Request: PUT http://localhost:6333/collections/daily_trade_strategies/points?wait=true "HTTP/1.1 200 OK"
2026-03-18 16:16:01,284 - INFO - HTTP Request: PUT http://localhost:6333/collections/trading_results/points?wait=true "HTTP/1.1 200 OK"
2026-03-18 16:16:01,291 - INFO - HTTP Request: PUT http://localhost:6333/collections/stock_recommendations/points?wait=true "HTTP/1.1 200 OK"
2026-03-18 16:16:01,331 - INFO - HTTP Request: PUT http://localhost:6333/collections/daily_trade_strategies/points?wait=true "HTTP/1.1 200 OK"
2026-03-18 16:16:01,346 - INFO - HTTP Request: PUT http://localhost:6333/collections/trading_results/points?wait=true "HTTP/1.1 200 OK"
2026-03-18 16:16:01,354 - INFO - HTTP Request: PUT http://localhost:6333/collections/stock_recommendations/points?wait=true "HTTP/1.1 200 OK"
2026-03-18 16:16:01,378 - INFO - HTTP Request: PUT http://localhost:6333/collections/daily_trade_strategies/points?wait=true "HTTP/1.1 200 OK"
2026-03-18 16:16:01,394 - INFO - HTTP Request: PUT http://localhost:6333/collections/trading_results/points?wait=true "HTTP/1.1 200 OK"
2026-03-18 16:16:01,426 - INFO - HTTP Request: PUT http://localhost:6333/collections/stock_recommendations/points?wait=true "HTTP/1.1 200 OK"
2026-03-18 16:16:01,471 - INFO - HTTP Request: PUT http://localhost:6333/collections/daily_trade_strategies/points?wait=true "HTTP/1.1 200 OK"
2026-03-18 16:16:01,475 - INFO - HTTP Request: PUT http://localhost:6333/collections/trading_results/points?wait=true "HTTP/1.1 200 OK"
2026-03-18 16:16:01,482 - INFO - HTTP Request: PUT http://localhost:6333/collections/stock_recommendations/points?wait=true "HTTP/1.1 200 OK"
2026-03-18 16:16:01,508 - INFO - HTTP Request: PUT http://localhost:6333/collections/daily_trade_strategies/points?wait=true "HTTP/1.1 200 OK"
2026-03-18 16:16:01,511 - INFO - HTTP Request: PUT http://localhost:6333/collections/trading_results/points?wait=true "HTTP/1.1 200 OK"
2026-03-18 16:16:01,519 - INFO - HTTP Request: PUT http://localhost:6333/collections/stock_recommendations/points?wait=true "HTTP/1.1 200 OK"
2026-03-18 16:16:01,545 - INFO - HTTP Request: PUT http://localhost:6333/collections/daily_trade_strategies/points?wait=true "HTTP/1.1 200 OK"
2026-03-18 16:16:01,551 - INFO - HTTP Request: PUT http://localhost:6333/collections/trading_results/points?wait=true "HTTP/1.1 200 OK"
2026-03-18 16:16:01,558 - INFO - HTTP Request: PUT http://localhost:6333/collections/stock_recommendations/points?wait=true "HTTP/1.1 200 OK"
2026-03-18 16:16:01,595 - INFO - HTTP Request: PUT http://localhost:6333/collections/daily_trade_strategies/points?wait=true "HTTP/1.1 200 OK"
2026-03-18 16:16:01,598 - INFO - HTTP Request: PUT http://localhost:6333/collections/trading_results/points?wait=true "HTTP/1.1 200 OK"
2026-03-18 16:16:01,606 - INFO - HTTP Request: PUT http://localhost:6333/collections/stock_recommendations/points?wait=true "HTTP/1.1 200 OK"
2026-03-18 16:16:01,633 - INFO - HTTP Request: PUT http://localhost:6333/collections/daily_trade_strategies/points?wait=true "HTTP/1.1 200 OK"
2026-03-18 16:16:01,636 - INFO - HTTP Request: PUT http://localhost:6333/collections/trading_results/points?wait=true "HTTP/1.1 200 OK"
2026-03-18 16:16:01,643 - INFO - HTTP Request: PUT http://localhost:6333/collections/stock_recommendations/points?wait=true "HTTP/1.1 200 OK"
2026-03-18 16:16:01,701 - INFO - HTTP Request: PUT http://localhost:6333/collections/daily_trade_strategies/points?wait=true "HTTP/1.1 200 OK"
2026-03-18 16:16:01,705 - INFO - HTTP Request: PUT http://localhost:6333/collections/trading_results/points?wait=true "HTTP/1.1 200 OK"
2026-03-18 16:16:01,716 - INFO - HTTP Request: PUT http://localhost:6333/collections/stock_recommendations/points?wait=true "HTTP/1.1 200 OK"
2026-03-18 16:16:01,743 - INFO - HTTP Request: PUT http://localhost:6333/collections/daily_trade_strategies/points?wait=true "HTTP/1.1 200 OK"
2026-03-18 16:16:01,745 - INFO - HTTP Request: PUT http://localhost:6333/collections/trading_results/points?wait=true "HTTP/1.1 200 OK"
2026-03-18 16:16:01,768 - INFO - HTTP Request: PUT http://localhost:6333/collections/stock_recommendations/points?wait=true "HTTP/1.1 200 OK"
2026-03-18 16:16:01,794 - INFO - HTTP Request: PUT http://localhost:6333/collections/daily_trade_strategies/points?wait=true "HTTP/1.1 200 OK"
2026-03-18 16:16:01,797 - INFO - HTTP Request: PUT http://localhost:6333/collections/trading_results/points?wait=true "HTTP/1.1 200 OK"
2026-03-18 16:16:01,804 - INFO - HTTP Request: PUT http://localhost:6333/collections/stock_recommendations/points?wait=true "HTTP/1.1 200 OK"
2026-03-18 16:16:01,846 - INFO - HTTP Request: PUT http://localhost:6333/collections/daily_trade_strategies/points?wait=true "HTTP/1.1 200 OK"
2026-03-18 16:16:01,848 - INFO - HTTP Request: PUT http://localhost:6333/collections/trading_results/points?wait=true "HTTP/1.1 200 OK"
2026-03-18 16:16:01,855 - INFO - HTTP Request: PUT http://localhost:6333/collections/stock_recommendations/points?wait=true "HTTP/1.1 200 OK"
2026-03-18 16:16:01,894 - INFO - HTTP Request: PUT http://localhost:6333/collections/daily_trade_strategies/points?wait=true "HTTP/1.1 200 OK"
2026-03-18 16:16:01,922 - INFO - HTTP Request: PUT http://localhost:6333/collections/trading_results/points?wait=true "HTTP/1.1 200 OK"
2026-03-18 16:16:01,930 - INFO - HTTP Request: PUT http://localhost:6333/collections/stock_recommendations/points?wait=true "HTTP/1.1 200 OK"
2026-03-18 16:16:01,956 - INFO - HTTP Request: PUT http://localhost:6333/collections/daily_trade_strategies/points?wait=true "HTTP/1.1 200 OK"
2026-03-18 16:16:01,959 - INFO - HTTP Request: PUT http://localhost:6333/collections/trading_results/points?wait=true "HTTP/1.1 200 OK"
2026-03-18 16:16:01,987 - INFO - HTTP Request: PUT http://localhost:6333/collections/stock_recommendations/points?wait=true "HTTP/1.1 200 OK"
2026-03-18 16:16:02,014 - INFO - HTTP Request: PUT http://localhost:6333/collections/daily_trade_strategies/points?wait=true "HTTP/1.1 200 OK"
2026-03-18 16:16:02,017 - INFO - HTTP Request: PUT http://localhost:6333/collections/trading_results/points?wait=true "HTTP/1.1 200 OK"
2026-03-18 16:16:02,025 - INFO - HTTP Request: PUT http://localhost:6333/collections/stock_recommendations/points?wait=true "HTTP/1.1 200 OK"
2026-03-18 16:16:02,051 - INFO - HTTP Request: PUT http://localhost:6333/collections/daily_trade_strategies/points?wait=true "HTTP/1.1 200 OK"
2026-03-18 16:16:02,053 - INFO - HTTP Request: PUT http://localhost:6333/collections/trading_results/points?wait=true "HTTP/1.1 200 OK"
2026-03-18 16:16:02,061 - INFO - HTTP Request: PUT http://localhost:6333/collections/stock_recommendations/points?wait=true "HTTP/1.1 200 OK"
2026-03-18 16:16:02,086 - INFO - HTTP Request: PUT http://localhost:6333/collections/daily_trade_strategies/points?wait=true "HTTP/1.1 200 OK"
2026-03-18 16:16:02,089 - INFO - HTTP Request: PUT http://localhost:6333/collections/trading_results/points?wait=true "HTTP/1.1 200 OK"
2026-03-18 16:16:02,096 - INFO - HTTP Request: PUT http://localhost:6333/collections/stock_recommendations/points?wait=true "HTTP/1.1 200 OK"
2026-03-18 16:16:02,121 - INFO - HTTP Request: PUT http://localhost:6333/collections/daily_trade_strategies/points?wait=true "HTTP/1.1 200 OK"
2026-03-18 16:16:02,125 - INFO - HTTP Request: PUT http://localhost:6333/collections/trading_results/points?wait=true "HTTP/1.1 200 OK"
2026-03-18 16:16:02,132 - INFO - HTTP Request: PUT http://localhost:6333/collections/stock_recommendations/points?wait=true "HTTP/1.1 200 OK"
2026-03-18 16:16:02,158 - INFO - HTTP Request: PUT http://localhost:6333/collections/daily_trade_strategies/points?wait=true "HTTP/1.1 200 OK"
2026-03-18 16:16:02,162 - INFO - HTTP Request: PUT http://localhost:6333/collections/trading_results/points?wait=true "HTTP/1.1 200 OK"
2026-03-18 16:16:02,168 - INFO - HTTP Request: PUT http://localhost:6333/collections/stock_recommendations/points?wait=true "HTTP/1.1 200 OK"
2026-03-18 16:16:02,204 - INFO - HTTP Request: PUT http://localhost:6333/collections/daily_trade_strategies/points?wait=true "HTTP/1.1 200 OK"
2026-03-18 16:16:02,210 - INFO - HTTP Request: PUT http://localhost:6333/collections/trading_results/points?wait=true "HTTP/1.1 200 OK"
2026-03-18 16:16:02,218 - INFO - HTTP Request: PUT http://localhost:6333/collections/stock_recommendations/points?wait=true "HTTP/1.1 200 OK"
2026-03-18 16:16:02,244 - INFO - HTTP Request: PUT http://localhost:6333/collections/daily_trade_strategies/points?wait=true "HTTP/1.1 200 OK"
2026-03-18 16:16:02,247 - INFO - HTTP Request: PUT http://localhost:6333/collections/trading_results/points?wait=true "HTTP/1.1 200 OK"
2026-03-18 16:16:02,265 - INFO - HTTP Request: PUT http://localhost:6333/collections/stock_recommendations/points?wait=true "HTTP/1.1 200 OK"
2026-03-18 16:16:02,295 - INFO - HTTP Request: PUT http://localhost:6333/collections/daily_trade_strategies/points?wait=true "HTTP/1.1 200 OK"
2026-03-18 16:16:02,300 - INFO - HTTP Request: PUT http://localhost:6333/collections/trading_results/points?wait=true "HTTP/1.1 200 OK"
2026-03-18 16:16:02,308 - INFO - HTTP Request: PUT http://localhost:6333/collections/stock_recommendations/points?wait=true "HTTP/1.1 200 OK"
2026-03-18 16:16:02,359 - INFO - HTTP Request: PUT http://localhost:6333/collections/daily_trade_strategies/points?wait=true "HTTP/1.1 200 OK"
2026-03-18 16:16:02,373 - INFO - HTTP Request: PUT http://localhost:6333/collections/trading_results/points?wait=true "HTTP/1.1 200 OK"
2026-03-18 16:16:02,390 - INFO - HTTP Request: PUT http://localhost:6333/collections/stock_recommendations/points?wait=true "HTTP/1.1 200 OK"
2026-03-18 16:16:02,415 - INFO - HTTP Request: PUT http://localhost:6333/collections/daily_trade_strategies/points?wait=true "HTTP/1.1 200 OK"
2026-03-18 16:16:02,419 - INFO - HTTP Request: PUT http://localhost:6333/collections/trading_results/points?wait=true "HTTP/1.1 200 OK"
2026-03-18 16:16:02,436 - INFO - HTTP Request: PUT http://localhost:6333/collections/stock_recommendations/points?wait=true "HTTP/1.1 200 OK"
2026-03-18 16:16:02,462 - INFO - HTTP Request: PUT http://localhost:6333/collections/daily_trade_strategies/points?wait=true "HTTP/1.1 200 OK"
2026-03-18 16:16:02,465 - INFO - HTTP Request: PUT http://localhost:6333/collections/trading_results/points?wait=true "HTTP/1.1 200 OK"
2026-03-18 16:16:02,472 - INFO - HTTP Request: PUT http://localhost:6333/collections/stock_recommendations/points?wait=true "HTTP/1.1 200 OK"
2026-03-18 16:16:02,516 - INFO - HTTP Request: PUT http://localhost:6333/collections/daily_trade_strategies/points?wait=true "HTTP/1.1 200 OK"
2026-03-18 16:16:02,520 - INFO - HTTP Request: PUT http://localhost:6333/collections/trading_results/points?wait=true "HTTP/1.1 200 OK"
2026-03-18 16:16:02,526 - INFO - HTTP Request: PUT http://localhost:6333/collections/stock_recommendations/points?wait=true "HTTP/1.1 200 OK"
2026-03-18 16:16:02,553 - INFO - HTTP Request: PUT http://localhost:6333/collections/daily_trade_strategies/points?wait=true "HTTP/1.1 200 OK"
2026-03-18 16:16:02,556 - INFO - HTTP Request: PUT http://localhost:6333/collections/trading_results/points?wait=true "HTTP/1.1 200 OK"
2026-03-18 16:16:02,564 - INFO - HTTP Request: PUT http://localhost:6333/collections/stock_recommendations/points?wait=true "HTTP/1.1 200 OK"
2026-03-18 16:16:02,589 - INFO - HTTP Request: PUT http://localhost:6333/collections/daily_trade_strategies/points?wait=true "HTTP/1.1 200 OK"
2026-03-18 16:16:02,592 - INFO - HTTP Request: PUT http://localhost:6333/collections/trading_results/points?wait=true "HTTP/1.1 200 OK"
2026-03-18 16:16:02,599 - INFO - HTTP Request: PUT http://localhost:6333/collections/stock_recommendations/points?wait=true "HTTP/1.1 200 OK"
2026-03-18 16:16:02,641 - INFO - HTTP Request: PUT http://localhost:6333/collections/daily_trade_strategies/points?wait=true "HTTP/1.1 200 OK"
2026-03-18 16:16:02,644 - INFO - HTTP Request: PUT http://localhost:6333/collections/trading_results/points?wait=true "HTTP/1.1 200 OK"
2026-03-18 16:16:02,652 - INFO - HTTP Request: PUT http://localhost:6333/collections/stock_recommendations/points?wait=true "HTTP/1.1 200 OK"
2026-03-18 16:16:02,678 - INFO - HTTP Request: PUT http://localhost:6333/collections/daily_trade_strategies/points?wait=true "HTTP/1.1 200 OK"
2026-03-18 16:16:02,681 - INFO - HTTP Request: PUT http://localhost:6333/collections/trading_results/points?wait=true "HTTP/1.1 200 OK"
2026-03-18 16:16:02,688 - INFO - HTTP Request: PUT http://localhost:6333/collections/stock_recommendations/points?wait=true "HTTP/1.1 200 OK"
2026-03-18 16:16:02,714 - INFO - HTTP Request: PUT http://localhost:6333/collections/daily_trade_strategies/points?wait=true "HTTP/1.1 200 OK"
2026-03-18 16:16:02,718 - INFO - HTTP Request: PUT http://localhost:6333/collections/trading_results/points?wait=true "HTTP/1.1 200 OK"
2026-03-18 16:16:02,725 - INFO - HTTP Request: PUT http://localhost:6333/collections/stock_recommendations/points?wait=true "HTTP/1.1 200 OK"
2026-03-18 16:16:02,764 - INFO - HTTP Request: PUT http://localhost:6333/collections/daily_trade_strategies/points?wait=true "HTTP/1.1 200 OK"
2026-03-18 16:16:02,768 - INFO - HTTP Request: PUT http://localhost:6333/collections/trading_results/points?wait=true "HTTP/1.1 200 OK"
2026-03-18 16:16:02,774 - INFO - HTTP Request: PUT http://localhost:6333/collections/stock_recommendations/points?wait=true "HTTP/1.1 200 OK"
2026-03-18 16:16:02,820 - INFO - HTTP Request: PUT http://localhost:6333/collections/daily_trade_strategies/points?wait=true "HTTP/1.1 200 OK"
2026-03-18 16:16:02,826 - INFO - HTTP Request: PUT http://localhost:6333/collections/trading_results/points?wait=true "HTTP/1.1 200 OK"
2026-03-18 16:16:02,835 - INFO - HTTP Request: PUT http://localhost:6333/collections/stock_recommendations/points?wait=true "HTTP/1.1 200 OK"
2026-03-18 16:16:02,864 - INFO - HTTP Request: PUT http://localhost:6333/collections/daily_trade_strategies/points?wait=true "HTTP/1.1 200 OK"
2026-03-18 16:16:02,871 - INFO - HTTP Request: PUT http://localhost:6333/collections/trading_results/points?wait=true "HTTP/1.1 200 OK"
2026-03-18 16:16:02,877 - INFO - HTTP Request: PUT http://localhost:6333/collections/stock_recommendations/points?wait=true "HTTP/1.1 200 OK"
2026-03-18 16:16:02,904 - INFO - HTTP Request: PUT http://localhost:6333/collections/daily_trade_strategies/points?wait=true "HTTP/1.1 200 OK"
2026-03-18 16:16:02,906 - INFO - HTTP Request: PUT http://localhost:6333/collections/trading_results/points?wait=true "HTTP/1.1 200 OK"
2026-03-18 16:16:02,912 - INFO - HTTP Request: PUT http://localhost:6333/collections/stock_recommendations/points?wait=true "HTTP/1.1 200 OK"
2026-03-18 16:16:02,937 - INFO - HTTP Request: PUT http://localhost:6333/collections/daily_trade_strategies/points?wait=true "HTTP/1.1 200 OK"
2026-03-18 16:16:02,940 - INFO - HTTP Request: PUT http://localhost:6333/collections/trading_results/points?wait=true "HTTP/1.1 200 OK"
2026-03-18 16:16:02,945 - INFO - HTTP Request: PUT http://localhost:6333/collections/stock_recommendations/points?wait=true "HTTP/1.1 200 OK"
2026-03-18 16:16:02,973 - INFO - HTTP Request: PUT http://localhost:6333/collections/daily_trade_strategies/points?wait=true "HTTP/1.1 200 OK"
2026-03-18 16:16:02,976 - INFO - HTTP Request: PUT http://localhost:6333/collections/trading_results/points?wait=true "HTTP/1.1 200 OK"
2026-03-18 16:16:02,982 - INFO - HTTP Request: PUT http://localhost:6333/collections/stock_recommendations/points?wait=true "HTTP/1.1 200 OK"
2026-03-18 16:16:03,007 - INFO - HTTP Request: PUT http://localhost:6333/collections/daily_trade_strategies/points?wait=true "HTTP/1.1 200 OK"
2026-03-18 16:16:03,010 - INFO - HTTP Request: PUT http://localhost:6333/collections/trading_results/points?wait=true "HTTP/1.1 200 OK"
2026-03-18 16:16:03,017 - INFO - HTTP Request: PUT http://localhost:6333/collections/stock_recommendations/points?wait=true "HTTP/1.1 200 OK"
2026-03-18 16:16:03,043 - INFO - HTTP Request: PUT http://localhost:6333/collections/daily_trade_strategies/points?wait=true "HTTP/1.1 200 OK"
2026-03-18 16:16:03,046 - INFO - HTTP Request: PUT http://localhost:6333/collections/trading_results/points?wait=true "HTTP/1.1 200 OK"
2026-03-18 16:16:03,052 - INFO - HTTP Request: PUT http://localhost:6333/collections/stock_recommendations/points?wait=true "HTTP/1.1 200 OK"
2026-03-18 16:16:03,078 - INFO - HTTP Request: PUT http://localhost:6333/collections/daily_trade_strategies/points?wait=true "HTTP/1.1 200 OK"
2026-03-18 16:16:03,092 - INFO - HTTP Request: PUT http://localhost:6333/collections/trading_results/points?wait=true "HTTP/1.1 200 OK"
2026-03-18 16:16:03,099 - INFO - HTTP Request: PUT http://localhost:6333/collections/stock_recommendations/points?wait=true "HTTP/1.1 200 OK"
2026-03-18 16:16:03,126 - INFO - HTTP Request: PUT http://localhost:6333/collections/daily_trade_strategies/points?wait=true "HTTP/1.1 200 OK"
2026-03-18 16:16:03,129 - INFO - HTTP Request: PUT http://localhost:6333/collections/trading_results/points?wait=true "HTTP/1.1 200 OK"
2026-03-18 16:16:03,135 - INFO - HTTP Request: PUT http://localhost:6333/collections/stock_recommendations/points?wait=true "HTTP/1.1 200 OK"
2026-03-18 16:16:03,160 - INFO - HTTP Request: PUT http://localhost:6333/collections/daily_trade_strategies/points?wait=true "HTTP/1.1 200 OK"
2026-03-18 16:16:03,164 - INFO - HTTP Request: PUT http://localhost:6333/collections/trading_results/points?wait=true "HTTP/1.1 200 OK"
2026-03-18 16:16:03,171 - INFO - HTTP Request: PUT http://localhost:6333/collections/stock_recommendations/points?wait=true "HTTP/1.1 200 OK"
2026-03-18 16:16:03,197 - INFO - HTTP Request: PUT http://localhost:6333/collections/daily_trade_strategies/points?wait=true "HTTP/1.1 200 OK"
2026-03-18 16:16:03,201 - INFO - HTTP Request: PUT http://localhost:6333/collections/trading_results/points?wait=true "HTTP/1.1 200 OK"
2026-03-18 16:16:03,209 - INFO - HTTP Request: PUT http://localhost:6333/collections/stock_recommendations/points?wait=true "HTTP/1.1 200 OK"
2026-03-18 16:16:03,249 - INFO - HTTP Request: PUT http://localhost:6333/collections/daily_trade_strategies/points?wait=true "HTTP/1.1 200 OK"
2026-03-18 16:16:03,254 - INFO - HTTP Request: PUT http://localhost:6333/collections/trading_results/points?wait=true "HTTP/1.1 200 OK"
2026-03-18 16:16:03,261 - INFO - HTTP Request: PUT http://localhost:6333/collections/stock_recommendations/points?wait=true "HTTP/1.1 200 OK"
2026-03-18 16:16:03,286 - INFO - HTTP Request: PUT http://localhost:6333/collections/daily_trade_strategies/points?wait=true "HTTP/1.1 200 OK"
2026-03-18 16:16:03,290 - INFO - HTTP Request: PUT http://localhost:6333/collections/trading_results/points?wait=true "HTTP/1.1 200 OK"
2026-03-18 16:16:03,312 - INFO - HTTP Request: PUT http://localhost:6333/collections/stock_recommendations/points?wait=true "HTTP/1.1 200 OK"
2026-03-18 16:16:03,380 - INFO - HTTP Request: PUT http://localhost:6333/collections/daily_trade_strategies/points?wait=true "HTTP/1.1 200 OK"
2026-03-18 16:16:03,384 - INFO - HTTP Request: PUT http://localhost:6333/collections/trading_results/points?wait=true "HTTP/1.1 200 OK"
2026-03-18 16:16:03,391 - INFO - HTTP Request: PUT http://localhost:6333/collections/stock_recommendations/points?wait=true "HTTP/1.1 200 OK"
2026-03-18 16:16:03,437 - INFO - HTTP Request: PUT http://localhost:6333/collections/daily_trade_strategies/points?wait=true "HTTP/1.1 200 OK"
2026-03-18 16:16:03,451 - INFO - HTTP Request: PUT http://localhost:6333/collections/trading_results/points?wait=true "HTTP/1.1 200 OK"
2026-03-18 16:16:03,459 - INFO - HTTP Request: PUT http://localhost:6333/collections/stock_recommendations/points?wait=true "HTTP/1.1 200 OK"
2026-03-18 16:16:03,486 - INFO - HTTP Request: PUT http://localhost:6333/collections/daily_trade_strategies/points?wait=true "HTTP/1.1 200 OK"
2026-03-18 16:16:03,489 - INFO - HTTP Request: PUT http://localhost:6333/collections/trading_results/points?wait=true "HTTP/1.1 200 OK"
2026-03-18 16:16:03,515 - INFO - HTTP Request: PUT http://localhost:6333/collections/stock_recommendations/points?wait=true "HTTP/1.1 200 OK"
2026-03-18 16:16:03,540 - INFO - HTTP Request: PUT http://localhost:6333/collections/daily_trade_strategies/points?wait=true "HTTP/1.1 200 OK"
2026-03-18 16:16:03,543 - INFO - HTTP Request: PUT http://localhost:6333/collections/trading_results/points?wait=true "HTTP/1.1 200 OK"
2026-03-18 16:16:03,550 - INFO - HTTP Request: PUT http://localhost:6333/collections/stock_recommendations/points?wait=true "HTTP/1.1 200 OK"
2026-03-18 16:16:03,579 - INFO - HTTP Request: PUT http://localhost:6333/collections/daily_trade_strategies/points?wait=true "HTTP/1.1 200 OK"
2026-03-18 16:16:03,592 - INFO - HTTP Request: PUT http://localhost:6333/collections/trading_results/points?wait=true "HTTP/1.1 200 OK"
2026-03-18 16:16:03,599 - INFO - HTTP Request: PUT http://localhost:6333/collections/stock_recommendations/points?wait=true "HTTP/1.1 200 OK"
2026-03-18 16:16:03,639 - INFO - HTTP Request: PUT http://localhost:6333/collections/daily_trade_strategies/points?wait=true "HTTP/1.1 200 OK"
2026-03-18 16:16:03,642 - INFO - HTTP Request: PUT http://localhost:6333/collections/trading_results/points?wait=true "HTTP/1.1 200 OK"
2026-03-18 16:16:03,649 - INFO - HTTP Request: PUT http://localhost:6333/collections/stock_recommendations/points?wait=true "HTTP/1.1 200 OK"
2026-03-18 16:16:03,676 - INFO - HTTP Request: PUT http://localhost:6333/collections/daily_trade_strategies/points?wait=true "HTTP/1.1 200 OK"
2026-03-18 16:16:03,679 - INFO - HTTP Request: PUT http://localhost:6333/collections/trading_results/points?wait=true "HTTP/1.1 200 OK"
2026-03-18 16:16:03,686 - INFO - HTTP Request: PUT http://localhost:6333/collections/stock_recommendations/points?wait=true "HTTP/1.1 200 OK"
2026-03-18 16:16:03,712 - INFO - HTTP Request: PUT http://localhost:6333/collections/daily_trade_strategies/points?wait=true "HTTP/1.1 200 OK"
2026-03-18 16:16:03,715 - INFO - HTTP Request: PUT http://localhost:6333/collections/trading_results/points?wait=true "HTTP/1.1 200 OK"
2026-03-18 16:16:03,722 - INFO - HTTP Request: PUT http://localhost:6333/collections/stock_recommendations/points?wait=true "HTTP/1.1 200 OK"
2026-03-18 16:16:03,749 - INFO - HTTP Request: PUT http://localhost:6333/collections/daily_trade_strategies/points?wait=true "HTTP/1.1 200 OK"
2026-03-18 16:16:03,752 - INFO - HTTP Request: PUT http://localhost:6333/collections/trading_results/points?wait=true "HTTP/1.1 200 OK"
2026-03-18 16:16:03,758 - INFO - HTTP Request: PUT http://localhost:6333/collections/stock_recommendations/points?wait=true "HTTP/1.1 200 OK"
2026-03-18 16:16:03,785 - INFO - HTTP Request: PUT http://localhost:6333/collections/daily_trade_strategies/points?wait=true "HTTP/1.1 200 OK"
2026-03-18 16:16:03,788 - INFO - HTTP Request: PUT http://localhost:6333/collections/trading_results/points?wait=true "HTTP/1.1 200 OK"
2026-03-18 16:16:03,795 - INFO - HTTP Request: PUT http://localhost:6333/collections/stock_recommendations/points?wait=true "HTTP/1.1 200 OK"
2026-03-18 16:16:03,822 - INFO - HTTP Request: PUT http://localhost:6333/collections/daily_trade_strategies/points?wait=true "HTTP/1.1 200 OK"
2026-03-18 16:16:03,825 - INFO - HTTP Request: PUT http://localhost:6333/collections/trading_results/points?wait=true "HTTP/1.1 200 OK"
2026-03-18 16:16:03,832 - INFO - HTTP Request: PUT http://localhost:6333/collections/stock_recommendations/points?wait=true "HTTP/1.1 200 OK"
2026-03-18 16:16:03,874 - INFO - HTTP Request: PUT http://localhost:6333/collections/daily_trade_strategies/points?wait=true "HTTP/1.1 200 OK"
2026-03-18 16:16:03,878 - INFO - HTTP Request: PUT http://localhost:6333/collections/trading_results/points?wait=true "HTTP/1.1 200 OK"
2026-03-18 16:16:03,885 - INFO - HTTP Request: PUT http://localhost:6333/collections/stock_recommendations/points?wait=true "HTTP/1.1 200 OK"
2026-03-18 16:16:03,911 - INFO - HTTP Request: PUT http://localhost:6333/collections/daily_trade_strategies/points?wait=true "HTTP/1.1 200 OK"
2026-03-18 16:16:03,915 - INFO - HTTP Request: PUT http://localhost:6333/collections/trading_results/points?wait=true "HTTP/1.1 200 OK"
2026-03-18 16:16:03,924 - INFO - HTTP Request: PUT http://localhost:6333/collections/stock_recommendations/points?wait=true "HTTP/1.1 200 OK"
2026-03-18 16:16:03,950 - INFO - HTTP Request: PUT http://localhost:6333/collections/daily_trade_strategies/points?wait=true "HTTP/1.1 200 OK"
2026-03-18 16:16:03,956 - INFO - HTTP Request: PUT http://localhost:6333/collections/trading_results/points?wait=true "HTTP/1.1 200 OK"
2026-03-18 16:16:03,964 - INFO - HTTP Request: PUT http://localhost:6333/collections/stock_recommendations/points?wait=true "HTTP/1.1 200 OK"
2026-03-18 16:16:03,997 - INFO - HTTP Request: PUT http://localhost:6333/collections/daily_trade_strategies/points?wait=true "HTTP/1.1 200 OK"
2026-03-18 16:16:04,000 - INFO - HTTP Request: PUT http://localhost:6333/collections/trading_results/points?wait=true "HTTP/1.1 200 OK"
2026-03-18 16:16:04,007 - INFO - HTTP Request: PUT http://localhost:6333/collections/stock_recommendations/points?wait=true "HTTP/1.1 200 OK"
2026-03-18 16:16:04,034 - INFO - HTTP Request: PUT http://localhost:6333/collections/daily_trade_strategies/points?wait=true "HTTP/1.1 200 OK"
2026-03-18 16:16:04,038 - INFO - HTTP Request: PUT http://localhost:6333/collections/trading_results/points?wait=true "HTTP/1.1 200 OK"
2026-03-18 16:16:04,045 - INFO - HTTP Request: PUT http://localhost:6333/collections/stock_recommendations/points?wait=true "HTTP/1.1 200 OK"
2026-03-18 16:16:04,070 - INFO - HTTP Request: PUT http://localhost:6333/collections/daily_trade_strategies/points?wait=true "HTTP/1.1 200 OK"
2026-03-18 16:16:04,074 - INFO - HTTP Request: PUT http://localhost:6333/collections/trading_results/points?wait=true "HTTP/1.1 200 OK"
2026-03-18 16:16:04,081 - INFO - HTTP Request: PUT http://localhost:6333/collections/stock_recommendations/points?wait=true "HTTP/1.1 200 OK"
2026-03-18 16:16:04,107 - INFO - HTTP Request: PUT http://localhost:6333/collections/daily_trade_strategies/points?wait=true "HTTP/1.1 200 OK"
2026-03-18 16:16:04,110 - INFO - HTTP Request: PUT http://localhost:6333/collections/trading_results/points?wait=true "HTTP/1.1 200 OK"
2026-03-18 16:16:04,116 - INFO - HTTP Request: PUT http://localhost:6333/collections/stock_recommendations/points?wait=true "HTTP/1.1 200 OK"
2026-03-18 16:16:04,142 - INFO - HTTP Request: PUT http://localhost:6333/collections/daily_trade_strategies/points?wait=true "HTTP/1.1 200 OK"
2026-03-18 16:16:04,145 - INFO - HTTP Request: PUT http://localhost:6333/collections/trading_results/points?wait=true "HTTP/1.1 200 OK"
2026-03-18 16:16:04,152 - INFO - HTTP Request: PUT http://localhost:6333/collections/stock_recommendations/points?wait=true "HTTP/1.1 200 OK"
2026-03-18 16:16:04,202 - INFO - HTTP Request: PUT http://localhost:6333/collections/daily_trade_strategies/points?wait=true "HTTP/1.1 200 OK"
2026-03-18 16:16:04,206 - INFO - HTTP Request: PUT http://localhost:6333/collections/trading_results/points?wait=true "HTTP/1.1 200 OK"
2026-03-18 16:16:04,212 - INFO - HTTP Request: PUT http://localhost:6333/collections/stock_recommendations/points?wait=true "HTTP/1.1 200 OK"
2026-03-18 16:16:04,240 - INFO - HTTP Request: PUT http://localhost:6333/collections/daily_trade_strategies/points?wait=true "HTTP/1.1 200 OK"
2026-03-18 16:16:04,243 - INFO - HTTP Request: PUT http://localhost:6333/collections/trading_results/points?wait=true "HTTP/1.1 200 OK"
2026-03-18 16:16:04,250 - INFO - HTTP Request: PUT http://localhost:6333/collections/stock_recommendations/points?wait=true "HTTP/1.1 200 OK"
2026-03-18 16:16:04,276 - INFO - HTTP Request: PUT http://localhost:6333/collections/daily_trade_strategies/points?wait=true "HTTP/1.1 200 OK"
2026-03-18 16:16:04,279 - INFO - HTTP Request: PUT http://localhost:6333/collections/trading_results/points?wait=true "HTTP/1.1 200 OK"
2026-03-18 16:16:04,286 - INFO - HTTP Request: PUT http://localhost:6333/collections/stock_recommendations/points?wait=true "HTTP/1.1 200 OK"
2026-03-18 16:16:04,312 - INFO - HTTP Request: PUT http://localhost:6333/collections/daily_trade_strategies/points?wait=true "HTTP/1.1 200 OK"
2026-03-18 16:16:04,315 - INFO - HTTP Request: PUT http://localhost:6333/collections/trading_results/points?wait=true "HTTP/1.1 200 OK"
2026-03-18 16:16:04,322 - INFO - HTTP Request: PUT http://localhost:6333/collections/stock_recommendations/points?wait=true "HTTP/1.1 200 OK"
2026-03-18 16:16:04,358 - INFO - HTTP Request: PUT http://localhost:6333/collections/daily_trade_strategies/points?wait=true "HTTP/1.1 200 OK"
2026-03-18 16:16:04,362 - INFO - HTTP Request: PUT http://localhost:6333/collections/trading_results/points?wait=true "HTTP/1.1 200 OK"
2026-03-18 16:16:04,389 - INFO - HTTP Request: PUT http://localhost:6333/collections/stock_recommendations/points?wait=true "HTTP/1.1 200 OK"
2026-03-18 16:16:04,435 - INFO - HTTP Request: PUT http://localhost:6333/collections/daily_trade_strategies/points?wait=true "HTTP/1.1 200 OK"
2026-03-18 16:16:04,448 - INFO - HTTP Request: PUT http://localhost:6333/collections/trading_results/points?wait=true "HTTP/1.1 200 OK"
2026-03-18 16:16:04,457 - INFO - HTTP Request: PUT http://localhost:6333/collections/stock_recommendations/points?wait=true "HTTP/1.1 200 OK"
2026-03-18 16:16:04,483 - INFO - HTTP Request: PUT http://localhost:6333/collections/daily_trade_strategies/points?wait=true "HTTP/1.1 200 OK"
2026-03-18 16:16:04,486 - INFO - HTTP Request: PUT http://localhost:6333/collections/trading_results/points?wait=true "HTTP/1.1 200 OK"
2026-03-18 16:16:04,496 - INFO - HTTP Request: PUT http://localhost:6333/collections/stock_recommendations/points?wait=true "HTTP/1.1 200 OK"
2026-03-18 16:16:04,524 - INFO - HTTP Request: PUT http://localhost:6333/collections/daily_trade_strategies/points?wait=true "HTTP/1.1 200 OK"
2026-03-18 16:16:04,528 - INFO - HTTP Request: PUT http://localhost:6333/collections/trading_results/points?wait=true "HTTP/1.1 200 OK"
2026-03-18 16:16:04,535 - INFO - HTTP Request: PUT http://localhost:6333/collections/stock_recommendations/points?wait=true "HTTP/1.1 200 OK"
2026-03-18 16:16:04,559 - INFO - HTTP Request: PUT http://localhost:6333/collections/daily_trade_strategies/points?wait=true "HTTP/1.1 200 OK"
2026-03-18 16:16:04,562 - INFO - HTTP Request: PUT http://localhost:6333/collections/trading_results/points?wait=true "HTTP/1.1 200 OK"
2026-03-18 16:16:04,570 - INFO - HTTP Request: PUT http://localhost:6333/collections/stock_recommendations/points?wait=true "HTTP/1.1 200 OK"
2026-03-18 16:16:04,600 - INFO - HTTP Request: PUT http://localhost:6333/collections/daily_trade_strategies/points?wait=true "HTTP/1.1 200 OK"
2026-03-18 16:16:04,604 - INFO - HTTP Request: PUT http://localhost:6333/collections/trading_results/points?wait=true "HTTP/1.1 200 OK"
2026-03-18 16:16:04,612 - INFO - HTTP Request: PUT http://localhost:6333/collections/stock_recommendations/points?wait=true "HTTP/1.1 200 OK"
2026-03-18 16:16:04,652 - INFO - HTTP Request: PUT http://localhost:6333/collections/daily_trade_strategies/points?wait=true "HTTP/1.1 200 OK"
2026-03-18 16:16:04,666 - INFO - HTTP Request: PUT http://localhost:6333/collections/trading_results/points?wait=true "HTTP/1.1 200 OK"
2026-03-18 16:16:04,699 - INFO - HTTP Request: PUT http://localhost:6333/collections/stock_recommendations/points?wait=true "HTTP/1.1 200 OK"
2026-03-18 16:16:04,726 - INFO - HTTP Request: PUT http://localhost:6333/collections/daily_trade_strategies/points?wait=true "HTTP/1.1 200 OK"
2026-03-18 16:16:04,728 - INFO - HTTP Request: PUT http://localhost:6333/collections/trading_results/points?wait=true "HTTP/1.1 200 OK"
2026-03-18 16:16:04,729 - INFO - Uploaded 15380 recommendation points.
2026-03-18 16:16:04,729 - INFO - Uploaded 215 trading result points.
2026-03-18 16:16:04,729 - INFO - Uploaded 215 strategy points.
2026-03-18 16:16:04,732 - INFO - HTTP Request: PUT http://localhost:6333/collections/performance_metrics/points?wait=true "HTTP/1.1 200 OK"
2026-03-18 16:16:04,732 - INFO - Uploaded performance snapshot.
2026-03-18 16:16:04,733 - INFO - Progress updated: 215 days | last: 2026-03-17
2026-03-18 16:16:04,733 - INFO - ============================================================
2026-03-18 16:16:04,733 - INFO - DONE — 2026 paper trading complete
2026-03-18 16:16:04,733 - INFO -   2026 predictions : C:\Users\luixj\AI\stock-data\data\processed\phase4\predictions_2026.parquet
2026-03-18 16:16:04,733 - INFO -   Combined preds   : C:\Users\luixj\AI\stock-data\data\processed\phase4\predictions_combined.parquet
2026-03-18 16:16:04,733 - INFO -   Daily results    : C:\Users\luixj\AI\stock-data\data\processed\phase4\phase4_paper_trading_daily.parquet
2026-03-18 16:16:04,733 - INFO -   Summary          : C:\Users\luixj\AI\stock-data\data\processed\phase4\phase4_paper_trading_summary.json
2026-03-18 16:16:04,734 - INFO - ============================================================
2026-03-18 16:16:05,241 - INFO - Prediction refresh completed successfully.
2026-03-18 16:16:05,290 - INFO - No new historical dates available. Last processed: 2026-03-17 | Tradable range: 2025-04-01 to 2026-03-17
2026-03-18 16:16:05,291 - INFO - No action taken today because there is no new historical date to process.
2026-03-18 16:16:05,315 - INFO - Scheduler run completed with no trade: no tradable historical date after last_processed=2026-03-17 (predictions not stale).
2026-03-18 16:16:05,315 - INFO - ============================================================
2026-03-18 16:16:05,315 - INFO - DAILY AUTOMATION COMPLETE (NO NEW DATA)
2026-03-18 16:16:05,315 - INFO - ============================================================
2026-03-18 16:16:05,315 - INFO - Automation completed successfully!
