2026-03-22 16:15:06,709 - INFO - Starting automated daily paper trading...
2026-03-22 16:15:07,445 - INFO - Docker Desktop is running, daemon is ready
2026-03-22 16:15:07,453 - INFO - Qdrant is already running
2026-03-22 16:15:07,957 - INFO - HTTP Request: GET http://localhost:6333 "HTTP/1.1 200 OK"
2026-03-22 16:15:07,962 - INFO - Setting up Qdrant collections...
2026-03-22 16:15:07,965 - INFO - HTTP Request: GET http://localhost:6333/collections/stock_recommendations "HTTP/1.1 200 OK"
2026-03-22 16:15:07,967 - INFO - Collection 'stock_recommendations' already exists
2026-03-22 16:15:07,970 - INFO - HTTP Request: GET http://localhost:6333/collections/trading_results "HTTP/1.1 200 OK"
2026-03-22 16:15:07,971 - INFO - Collection 'trading_results' already exists
2026-03-22 16:15:07,974 - INFO - HTTP Request: GET http://localhost:6333/collections/performance_metrics "HTTP/1.1 200 OK"
2026-03-22 16:15:07,974 - INFO - Collection 'performance_metrics' already exists
2026-03-22 16:15:07,975 - INFO - ============================================================
2026-03-22 16:15:07,975 - INFO - AUTOMATED DAILY PAPER TRADING
2026-03-22 16:15:07,975 - INFO - ============================================================
2026-03-22 16:15:07,975 - INFO - Calendar Date: 2026-03-22
2026-03-22 16:15:07,975 - INFO - Predictions source: data\processed\phase4\predictions_combined.parquet
2026-03-22 16:15:08,140 - INFO - No new historical dates available. Last processed: 2026-03-19 | Tradable range: 2025-04-01 to 2026-03-19
2026-03-22 16:15:08,140 - WARNING - Predictions look stale. Refresh with:
2026-03-22 16:15:08,140 - WARNING -   python scripts/paper_trading/run_2026_paper_trading.py --sim-start 2026-03-20 --sim-end auto
2026-03-22 16:15:08,162 - WARNING - Predictions are stale (max tradable 2026-03-19, expected >= 2026-03-21). Auto-refreshing...
2026-03-22 16:15:08,163 - INFO - Refresh command: C:\Users\luixj\AI\stock-data\venv\Scripts\python.exe scripts/paper_trading/run_2026_paper_trading.py --sim-start 2026-03-20 --sim-end auto
2026-03-22 16:15:12,089 - INFO - ============================================================
2026-03-22 16:15:12,089 - INFO - 2026 PAPER TRADING — LIVE DATA
2026-03-22 16:15:12,089 - INFO -   2026 sim range : 2026-03-20 -> 2026-03-21
2026-03-22 16:15:12,089 - INFO -   Full range     : 2025-04-01 -> 2026-03-21
2026-03-22 16:15:12,089 - INFO -   YF download    : 2025-09-01 -> 2026-03-23
2026-03-22 16:15:12,089 - INFO -   Device         : cuda
2026-03-22 16:15:12,089 - INFO - ============================================================
2026-03-22 16:15:12,089 - INFO - Loading ticker universe from phase1_predictions.parquet
2026-03-22 16:15:12,143 - INFO - Ticker universe: 189 stocks
2026-03-22 16:15:12,151 - INFO - OHLCV cache is stale (max date 2026-03-20 < SIM_END 2026-03-21) — re-downloading
2026-03-22 16:15:12,151 - INFO - ============================================================
2026-03-22 16:15:12,151 - INFO - STEP 1: Downloading OHLCV data
2026-03-22 16:15:12,151 - INFO -   Range  : 2025-09-01 -> 2026-03-23
2026-03-22 16:15:12,151 - INFO -   Tickers: 189
2026-03-22 16:15:12,151 - INFO - ============================================================
2026-03-22 16:15:15,504 - INFO -   Progress: 20/189 tickers downloaded
2026-03-22 16:15:18,753 - INFO -   Progress: 40/189 tickers downloaded
2026-03-22 16:15:22,567 - INFO -   Progress: 60/189 tickers downloaded
2026-03-22 16:15:26,326 - INFO -   Progress: 80/189 tickers downloaded
2026-03-22 16:15:29,908 - INFO -   Progress: 100/189 tickers downloaded
2026-03-22 16:15:33,070 - ERROR - $MMC: possibly delisted; no price data found  (1d 2025-09-01 -> 2026-03-23) (Yahoo error = "No data found, symbol may be delisted")
2026-03-22 16:15:33,071 - ERROR - 
1 Failed download:
2026-03-22 16:15:33,072 - ERROR - ['MMC']: possibly delisted; no price data found  (1d 2025-09-01 -> 2026-03-23) (Yahoo error = "No data found, symbol may be delisted")
2026-03-22 16:15:33,076 - WARNING -   No data for MMC
2026-03-22 16:15:33,310 - INFO -   Progress: 120/189 tickers downloaded
2026-03-22 16:15:37,142 - INFO -   Progress: 140/189 tickers downloaded
2026-03-22 16:15:40,664 - INFO -   Progress: 160/189 tickers downloaded
2026-03-22 16:15:44,434 - INFO -   Progress: 180/189 tickers downloaded
2026-03-22 16:15:46,266 - WARNING - Failed tickers (1): ['MMC']...
2026-03-22 16:15:46,275 - INFO - Downloaded 26132 rows | 188 tickers | 2025-09-02 -> 2026-03-20
2026-03-22 16:15:46,287 - INFO - OHLCV data cached to C:\Users\luixj\AI\stock-data\data\processed\phase4\ohlcv_2026_cache.parquet
2026-03-22 16:15:46,288 - INFO - ============================================================
2026-03-22 16:15:46,288 - INFO - STEP 2: Computing 14 core features
2026-03-22 16:15:46,288 - INFO - ============================================================
2026-03-22 16:15:46,297 - INFO - Calculating 14 core features (leakage-safe)...
2026-03-22 16:15:46,480 - INFO - Core features calculated:
2026-03-22 16:15:46,481 - INFO -   Returns: ret_1d, ret_5d, ret_20d
2026-03-22 16:15:46,481 - INFO -   Volatility: vol_10d, vol_20d
2026-03-22 16:15:46,481 - INFO -   Price: hl_range, oc_gap
2026-03-22 16:15:46,481 - INFO -   Trend: sma_10_dist, sma_20_dist
2026-03-22 16:15:46,481 - INFO -   Volume: log_volume, volume_change
2026-03-22 16:15:46,481 - INFO -   Market: market_return, vs_market, market_correlation
2026-03-22 16:15:46,481 - INFO -   Total: 14 features
2026-03-22 16:15:46,481 - INFO - Features: 26132 rows, 188 tickers
2026-03-22 16:15:46,481 - INFO - ============================================================
2026-03-22 16:15:46,481 - INFO - STEP 3: Loading model from C:\Users\luixj\AI\stock-data\models\checkpoints\lstm_phase2a_temp0.05_best.pth
2026-03-22 16:15:46,481 - INFO - ============================================================
2026-03-22 16:15:46,573 - INFO - Model loaded (strict=True)
2026-03-22 16:15:46,586 - INFO - Model ready on cuda
2026-03-22 16:15:46,586 - INFO - ============================================================
2026-03-22 16:15:46,586 - INFO - STEP 4: Generating predictions 2026-03-20 -> 2026-03-21
2026-03-22 16:15:46,586 - INFO - ============================================================
2026-03-22 16:15:46,592 - INFO - Trading days in simulation range: 1
2026-03-22 16:15:47,185 - INFO -   2026-03-20: 188 predictions generated
2026-03-22 16:15:47,186 - INFO - Dropping 1 non-tradable date(s) with missing y_true_reg: 2026-03-20
2026-03-22 16:15:47,186 - INFO - Total: 0 predictions | 0 days | 0 tickers
2026-03-22 16:15:47,190 - INFO - Loaded existing 2026 predictions for merge: 5477 rows | 29 dates
2026-03-22 16:15:47,200 - INFO - Saved 2026 predictions: C:\Users\luixj\AI\stock-data\data\processed\phase4\predictions_2026.parquet (5477 rows | 29 dates | 2026-02-06 -> 2026-03-19)
2026-03-22 16:15:47,200 - INFO - ============================================================
2026-03-22 16:15:47,200 - INFO - STEP 5: Combining 2025 + 2026 predictions and simulating
2026-03-22 16:15:47,200 - INFO - ============================================================
2026-03-22 16:15:47,339 - INFO - Combined: 41009 rows | 217 dates | 189 tickers
2026-03-22 16:15:47,342 - INFO -   Date range: 2025-04-01 -> 2026-03-19
2026-03-22 16:15:47,342 - INFO -   Saved to: C:\Users\luixj\AI\stock-data\data\processed\phase4\predictions_combined.parquet
2026-03-22 16:15:47,342 - INFO - Running simulation 2025-04-01 -> 2026-03-21 ...
2026-03-22 16:15:47,342 - INFO - Loading predictions from C:\Users\luixj\AI\stock-data\data\processed\phase4\predictions_combined.parquet
2026-03-22 16:15:47,357 - INFO - Running paper trading simulation for 217 days
2026-03-22 16:15:47,358 - INFO - Date range: 2025-04-01 to 2026-03-19
2026-03-22 16:15:47,358 - INFO - 
============================================================
2026-03-22 16:15:47,358 - INFO - Running paper trading for 2025-04-01
2026-03-22 16:15:47,358 - INFO - ============================================================
2026-03-22 16:15:47,359 - INFO - Portfolio construction: 38 longs, 15 shorts (from 38 candidates)
2026-03-22 16:15:47,359 - INFO - PnL Net: 0.0027 | Scaled: 0.0027 | Turnover: 100.00% | Vol Scale: 1.00
2026-03-22 16:15:47,359 - INFO - 
============================================================
2026-03-22 16:15:47,359 - INFO - Running paper trading for 2025-04-02
2026-03-22 16:15:47,359 - INFO - ============================================================
2026-03-22 16:15:47,360 - INFO - Portfolio construction: 38 longs, 38 shorts (from 38 candidates)
2026-03-22 16:15:47,360 - INFO - PnL Net: -0.0234 | Scaled: -0.0234 | Turnover: 16.46% | Vol Scale: 1.00
2026-03-22 16:15:47,360 - INFO - 
============================================================
2026-03-22 16:15:47,360 - INFO - Running paper trading for 2025-04-03
2026-03-22 16:15:47,360 - INFO - ============================================================
2026-03-22 16:15:47,361 - INFO - Portfolio construction: 38 longs, 38 shorts (from 38 candidates)
2026-03-22 16:15:47,361 - INFO - PnL Net: -0.0208 | Scaled: -0.0208 | Turnover: 20.14% | Vol Scale: 1.00
2026-03-22 16:15:47,362 - INFO - 
============================================================
2026-03-22 16:15:47,362 - INFO - Running paper trading for 2025-04-04
2026-03-22 16:15:47,362 - INFO - ============================================================
2026-03-22 16:15:47,363 - INFO - Portfolio construction: 38 longs, 38 shorts (from 38 candidates)
2026-03-22 16:15:47,363 - INFO - PnL Net: -0.0002 | Scaled: -0.0002 | Turnover: 27.43% | Vol Scale: 1.00
2026-03-22 16:15:47,363 - INFO - 
============================================================
2026-03-22 16:15:47,363 - INFO - Running paper trading for 2025-04-07
2026-03-22 16:15:47,363 - INFO - ============================================================
2026-03-22 16:15:47,364 - INFO - Portfolio construction: 38 longs, 38 shorts (from 38 candidates)
2026-03-22 16:15:47,364 - INFO - PnL Net: -0.0028 | Scaled: -0.0028 | Turnover: 21.14% | Vol Scale: 1.00
2026-03-22 16:15:47,364 - INFO - 
============================================================
2026-03-22 16:15:47,364 - INFO - Running paper trading for 2025-04-08
2026-03-22 16:15:47,364 - INFO - ============================================================
2026-03-22 16:15:47,365 - INFO - Portfolio construction: 38 longs, 38 shorts (from 38 candidates)
2026-03-22 16:15:47,365 - INFO - PnL Net: 0.0243 | Scaled: 0.0243 | Turnover: 21.60% | Vol Scale: 1.00
2026-03-22 16:15:47,365 - INFO - 
============================================================
2026-03-22 16:15:47,365 - INFO - Running paper trading for 2025-04-09
2026-03-22 16:15:47,366 - INFO - ============================================================
2026-03-22 16:15:47,366 - INFO - Portfolio construction: 38 longs, 1 shorts (from 38 candidates)
2026-03-22 16:15:47,366 - INFO - PnL Net: -0.0107 | Scaled: -0.0107 | Turnover: 20.86% | Vol Scale: 1.00
2026-03-22 16:15:47,366 - INFO - 
============================================================
2026-03-22 16:15:47,366 - INFO - Running paper trading for 2025-04-10
2026-03-22 16:15:47,366 - INFO - ============================================================
2026-03-22 16:15:47,367 - INFO - Portfolio construction: 38 longs, 38 shorts (from 38 candidates)
2026-03-22 16:15:47,368 - INFO - PnL Net: 0.0049 | Scaled: 0.0049 | Turnover: 22.53% | Vol Scale: 1.00
2026-03-22 16:15:47,368 - INFO - 
============================================================
2026-03-22 16:15:47,368 - INFO - Running paper trading for 2025-04-11
2026-03-22 16:15:47,368 - INFO - ============================================================
2026-03-22 16:15:47,368 - INFO - Portfolio construction: 38 longs, 1 shorts (from 38 candidates)
2026-03-22 16:15:47,368 - INFO - PnL Net: 0.0038 | Scaled: 0.0038 | Turnover: 20.79% | Vol Scale: 1.00
2026-03-22 16:15:47,368 - INFO - 
============================================================
2026-03-22 16:15:47,368 - INFO - Running paper trading for 2025-04-14
2026-03-22 16:15:47,368 - INFO - ============================================================
2026-03-22 16:15:47,370 - INFO - Portfolio construction: 38 longs, 38 shorts (from 38 candidates)
2026-03-22 16:15:47,371 - INFO - Vol targeting: rolling_vol=0.2061, scale=0.5000
2026-03-22 16:15:47,371 - INFO - PnL Net: -0.0018 | Scaled: -0.0009 | Turnover: 21.69% | Vol Scale: 0.50
2026-03-22 16:15:47,371 - INFO - 
============================================================
2026-03-22 16:15:47,371 - INFO - Running paper trading for 2025-04-15
2026-03-22 16:15:47,371 - INFO - ============================================================
2026-03-22 16:15:47,372 - INFO - Portfolio construction: 38 longs, 38 shorts (from 38 candidates)
2026-03-22 16:15:47,372 - INFO - Vol targeting: rolling_vol=0.1968, scale=0.5000
2026-03-22 16:15:47,372 - INFO - PnL Net: -0.0047 | Scaled: -0.0023 | Turnover: 21.09% | Vol Scale: 0.50
2026-03-22 16:15:47,372 - INFO - 
============================================================
2026-03-22 16:15:47,372 - INFO - Running paper trading for 2025-04-16
2026-03-22 16:15:47,372 - INFO - ============================================================
2026-03-22 16:15:47,373 - INFO - Portfolio construction: 38 longs, 38 shorts (from 38 candidates)
2026-03-22 16:15:47,374 - INFO - Vol targeting: rolling_vol=0.1890, scale=0.5000
2026-03-22 16:15:47,374 - INFO - PnL Net: 0.0008 | Scaled: 0.0004 | Turnover: 21.09% | Vol Scale: 0.50
2026-03-22 16:15:47,374 - INFO - 
============================================================
2026-03-22 16:15:47,374 - INFO - Running paper trading for 2025-04-17
2026-03-22 16:15:47,374 - INFO - ============================================================
2026-03-22 16:15:47,375 - INFO - Portfolio construction: 38 longs, 38 shorts (from 38 candidates)
2026-03-22 16:15:47,375 - INFO - Vol targeting: rolling_vol=0.1826, scale=0.5000
2026-03-22 16:15:47,375 - INFO - PnL Net: -0.0068 | Scaled: -0.0034 | Turnover: 18.47% | Vol Scale: 0.50
2026-03-22 16:15:47,375 - INFO - 
============================================================
2026-03-22 16:15:47,375 - INFO - Running paper trading for 2025-04-21
2026-03-22 16:15:47,375 - INFO - ============================================================
2026-03-22 16:15:47,376 - INFO - Portfolio construction: 38 longs, 6 shorts (from 38 candidates)
2026-03-22 16:15:47,377 - INFO - Vol targeting: rolling_vol=0.1822, scale=0.5000
2026-03-22 16:15:47,377 - INFO - PnL Net: 0.0089 | Scaled: 0.0045 | Turnover: 17.46% | Vol Scale: 0.50
2026-03-22 16:15:47,377 - INFO - 
============================================================
2026-03-22 16:15:47,377 - INFO - Running paper trading for 2025-04-22
2026-03-22 16:15:47,377 - INFO - ============================================================
2026-03-22 16:15:47,378 - INFO - Portfolio construction: 38 longs, 38 shorts (from 38 candidates)
2026-03-22 16:15:47,378 - INFO - Vol targeting: rolling_vol=0.1783, scale=0.5000
2026-03-22 16:15:47,378 - INFO - PnL Net: 0.0053 | Scaled: 0.0027 | Turnover: 18.72% | Vol Scale: 0.50
2026-03-22 16:15:47,378 - INFO - 
============================================================
2026-03-22 16:15:47,378 - INFO - Running paper trading for 2025-04-23
2026-03-22 16:15:47,378 - INFO - ============================================================
2026-03-22 16:15:47,379 - INFO - Portfolio construction: 38 longs, 5 shorts (from 38 candidates)
2026-03-22 16:15:47,379 - INFO - Vol targeting: rolling_vol=0.1782, scale=0.5000
2026-03-22 16:15:47,379 - INFO - PnL Net: 0.0102 | Scaled: 0.0051 | Turnover: 20.73% | Vol Scale: 0.50
2026-03-22 16:15:47,379 - INFO - 
============================================================
2026-03-22 16:15:47,379 - INFO - Running paper trading for 2025-04-24
2026-03-22 16:15:47,379 - INFO - ============================================================
2026-03-22 16:15:47,380 - INFO - Portfolio construction: 38 longs, 38 shorts (from 38 candidates)
2026-03-22 16:15:47,381 - INFO - Vol targeting: rolling_vol=0.1730, scale=0.5000
2026-03-22 16:15:47,381 - INFO - PnL Net: 0.0011 | Scaled: 0.0006 | Turnover: 18.37% | Vol Scale: 0.50
2026-03-22 16:15:47,381 - INFO - 
============================================================
2026-03-22 16:15:47,381 - INFO - Running paper trading for 2025-04-25
2026-03-22 16:15:47,381 - INFO - ============================================================
2026-03-22 16:15:47,382 - INFO - Portfolio construction: 38 longs, 38 shorts (from 38 candidates)
2026-03-22 16:15:47,382 - INFO - Vol targeting: rolling_vol=0.1682, scale=0.5000
2026-03-22 16:15:47,382 - INFO - PnL Net: 0.0007 | Scaled: 0.0004 | Turnover: 23.46% | Vol Scale: 0.50
2026-03-22 16:15:47,382 - INFO - 
============================================================
2026-03-22 16:15:47,382 - INFO - Running paper trading for 2025-04-28
2026-03-22 16:15:47,383 - INFO - ============================================================
2026-03-22 16:15:47,383 - INFO - Portfolio construction: 38 longs, 38 shorts (from 38 candidates)
2026-03-22 16:15:47,384 - INFO - Vol targeting: rolling_vol=0.1639, scale=0.5000
2026-03-22 16:15:47,384 - INFO - PnL Net: 0.0018 | Scaled: 0.0009 | Turnover: 19.52% | Vol Scale: 0.50
2026-03-22 16:15:47,384 - INFO - 
============================================================
2026-03-22 16:15:47,384 - INFO - Running paper trading for 2025-04-29
2026-03-22 16:15:47,384 - INFO - ============================================================
2026-03-22 16:15:47,385 - INFO - Portfolio construction: 38 longs, 30 shorts (from 38 candidates)
2026-03-22 16:15:47,385 - INFO - Vol targeting: rolling_vol=0.1599, scale=0.5004
2026-03-22 16:15:47,385 - INFO - PnL Net: 0.0011 | Scaled: 0.0005 | Turnover: 16.79% | Vol Scale: 0.50
2026-03-22 16:15:47,385 - INFO - 
============================================================
2026-03-22 16:15:47,385 - INFO - Running paper trading for 2025-04-30
2026-03-22 16:15:47,385 - INFO - ============================================================
2026-03-22 16:15:47,386 - INFO - Portfolio construction: 38 longs, 38 shorts (from 38 candidates)
2026-03-22 16:15:47,386 - INFO - Vol targeting: rolling_vol=0.1596, scale=0.5012
2026-03-22 16:15:47,386 - INFO - PnL Net: 0.0014 | Scaled: 0.0007 | Turnover: 20.09% | Vol Scale: 0.50
2026-03-22 16:15:47,386 - INFO - 
============================================================
2026-03-22 16:15:47,386 - INFO - Running paper trading for 2025-05-01
2026-03-22 16:15:47,386 - INFO - ============================================================
2026-03-22 16:15:47,388 - INFO - Portfolio construction: 38 longs, 38 shorts (from 38 candidates)
2026-03-22 16:15:47,388 - INFO - Vol targeting: rolling_vol=0.1370, scale=0.5840
2026-03-22 16:15:47,388 - INFO - PnL Net: 0.0062 | Scaled: 0.0036 | Turnover: 17.98% | Vol Scale: 0.58
2026-03-22 16:15:47,388 - INFO - 
============================================================
2026-03-22 16:15:47,388 - INFO - Running paper trading for 2025-05-02
2026-03-22 16:15:47,388 - INFO - ============================================================
2026-03-22 16:15:47,389 - INFO - Portfolio construction: 38 longs, 13 shorts (from 38 candidates)
2026-03-22 16:15:47,390 - INFO - Vol targeting: rolling_vol=0.1119, scale=0.7149
2026-03-22 16:15:47,390 - INFO - PnL Net: -0.0011 | Scaled: -0.0008 | Turnover: 17.52% | Vol Scale: 0.71
2026-03-22 16:15:47,390 - INFO - 
============================================================
2026-03-22 16:15:47,390 - INFO - Running paper trading for 2025-05-05
2026-03-22 16:15:47,390 - INFO - ============================================================
2026-03-22 16:15:47,391 - INFO - Portfolio construction: 38 longs, 2 shorts (from 38 candidates)
2026-03-22 16:15:47,391 - INFO - Vol targeting: rolling_vol=0.1128, scale=0.7091
2026-03-22 16:15:47,391 - INFO - PnL Net: -0.0026 | Scaled: -0.0018 | Turnover: 19.38% | Vol Scale: 0.71
2026-03-22 16:15:47,391 - INFO - 
============================================================
2026-03-22 16:15:47,391 - INFO - Running paper trading for 2025-05-06
2026-03-22 16:15:47,391 - INFO - ============================================================
2026-03-22 16:15:47,392 - INFO - Portfolio construction: 38 longs, 33 shorts (from 38 candidates)
2026-03-22 16:15:47,392 - INFO - Vol targeting: rolling_vol=0.1115, scale=0.7177
2026-03-22 16:15:47,392 - INFO - PnL Net: 0.0026 | Scaled: 0.0019 | Turnover: 19.06% | Vol Scale: 0.72
2026-03-22 16:15:47,392 - INFO - 
============================================================
2026-03-22 16:15:47,393 - INFO - Running paper trading for 2025-05-07
2026-03-22 16:15:47,393 - INFO - ============================================================
2026-03-22 16:15:47,393 - INFO - Portfolio construction: 38 longs, 9 shorts (from 38 candidates)
2026-03-22 16:15:47,394 - INFO - Vol targeting: rolling_vol=0.0781, scale=1.0243
2026-03-22 16:15:47,394 - INFO - PnL Net: 0.0043 | Scaled: 0.0045 | Turnover: 18.97% | Vol Scale: 1.02
2026-03-22 16:15:47,394 - INFO - 
============================================================
2026-03-22 16:15:47,394 - INFO - Running paper trading for 2025-05-08
2026-03-22 16:15:47,394 - INFO - ============================================================
2026-03-22 16:15:47,395 - INFO - Portfolio construction: 38 longs, 10 shorts (from 38 candidates)
2026-03-22 16:15:47,395 - INFO - Vol targeting: rolling_vol=0.0656, scale=1.2200
2026-03-22 16:15:47,395 - INFO - PnL Net: -0.0009 | Scaled: -0.0012 | Turnover: 19.75% | Vol Scale: 1.22
2026-03-22 16:15:47,395 - INFO - 
============================================================
2026-03-22 16:15:47,395 - INFO - Running paper trading for 2025-05-09
2026-03-22 16:15:47,395 - INFO - ============================================================
2026-03-22 16:15:47,396 - INFO - Portfolio construction: 38 longs, 37 shorts (from 38 candidates)
2026-03-22 16:15:47,396 - INFO - Vol targeting: rolling_vol=0.0785, scale=1.0196
2026-03-22 16:15:47,396 - INFO - PnL Net: 0.0145 | Scaled: 0.0148 | Turnover: 18.03% | Vol Scale: 1.02
2026-03-22 16:15:47,396 - INFO - 
============================================================
2026-03-22 16:15:47,396 - INFO - Running paper trading for 2025-05-12
2026-03-22 16:15:47,396 - INFO - ============================================================
2026-03-22 16:15:47,398 - INFO - Portfolio construction: 38 longs, 38 shorts (from 38 candidates)
2026-03-22 16:15:47,398 - INFO - Vol targeting: rolling_vol=0.0804, scale=0.9956
2026-03-22 16:15:47,398 - INFO - PnL Net: 0.0074 | Scaled: 0.0074 | Turnover: 18.12% | Vol Scale: 1.00
2026-03-22 16:15:47,398 - INFO - 
============================================================
2026-03-22 16:15:47,398 - INFO - Running paper trading for 2025-05-13
2026-03-22 16:15:47,398 - INFO - ============================================================
2026-03-22 16:15:47,399 - INFO - Portfolio construction: 38 longs, 38 shorts (from 38 candidates)
2026-03-22 16:15:47,399 - INFO - Vol targeting: rolling_vol=0.0797, scale=1.0044
2026-03-22 16:15:47,399 - INFO - PnL Net: -0.0006 | Scaled: -0.0006 | Turnover: 21.90% | Vol Scale: 1.00
2026-03-22 16:15:47,399 - INFO - 
============================================================
2026-03-22 16:15:47,399 - INFO - Running paper trading for 2025-05-14
2026-03-22 16:15:47,399 - INFO - ============================================================
2026-03-22 16:15:47,400 - INFO - Portfolio construction: 38 longs, 38 shorts (from 38 candidates)
2026-03-22 16:15:47,400 - INFO - Vol targeting: rolling_vol=0.0757, scale=1.0562
2026-03-22 16:15:47,400 - INFO - PnL Net: 0.0052 | Scaled: 0.0055 | Turnover: 20.59% | Vol Scale: 1.06
2026-03-22 16:15:47,400 - INFO - 
============================================================
2026-03-22 16:15:47,400 - INFO - Running paper trading for 2025-05-15
2026-03-22 16:15:47,400 - INFO - ============================================================
2026-03-22 16:15:47,402 - INFO - Portfolio construction: 38 longs, 38 shorts (from 38 candidates)
2026-03-22 16:15:47,402 - INFO - Vol targeting: rolling_vol=0.0754, scale=1.0608
2026-03-22 16:15:47,402 - INFO - PnL Net: 0.0020 | Scaled: 0.0021 | Turnover: 19.63% | Vol Scale: 1.06
2026-03-22 16:15:47,403 - INFO - 
============================================================
2026-03-22 16:15:47,403 - INFO - Running paper trading for 2025-05-16
2026-03-22 16:15:47,403 - INFO - ============================================================
2026-03-22 16:15:47,404 - INFO - Portfolio construction: 38 longs, 38 shorts (from 38 candidates)
2026-03-22 16:15:47,404 - INFO - Vol targeting: rolling_vol=0.0684, scale=1.1703
2026-03-22 16:15:47,404 - INFO - PnL Net: -0.0013 | Scaled: -0.0015 | Turnover: 18.38% | Vol Scale: 1.17
2026-03-22 16:15:47,404 - INFO - 
============================================================
2026-03-22 16:15:47,404 - INFO - Running paper trading for 2025-05-19
2026-03-22 16:15:47,404 - INFO - ============================================================
2026-03-22 16:15:47,405 - INFO - Portfolio construction: 38 longs, 38 shorts (from 38 candidates)
2026-03-22 16:15:47,406 - INFO - Vol targeting: rolling_vol=0.0676, scale=1.1828
2026-03-22 16:15:47,406 - INFO - PnL Net: -0.0021 | Scaled: -0.0025 | Turnover: 16.36% | Vol Scale: 1.18
2026-03-22 16:15:47,406 - INFO - 
============================================================
2026-03-22 16:15:47,406 - INFO - Running paper trading for 2025-05-20
2026-03-22 16:15:47,406 - INFO - ============================================================
2026-03-22 16:15:47,407 - INFO - Portfolio construction: 38 longs, 38 shorts (from 38 candidates)
2026-03-22 16:15:47,407 - INFO - Vol targeting: rolling_vol=0.0748, scale=1.0691
2026-03-22 16:15:47,407 - INFO - PnL Net: -0.0070 | Scaled: -0.0075 | Turnover: 15.81% | Vol Scale: 1.07
2026-03-22 16:15:47,407 - INFO - 
============================================================
2026-03-22 16:15:47,407 - INFO - Running paper trading for 2025-05-21
2026-03-22 16:15:47,407 - INFO - ============================================================
2026-03-22 16:15:47,407 - INFO - Portfolio construction: 38 longs, 38 shorts (from 38 candidates)
2026-03-22 16:15:47,408 - INFO - Vol targeting: rolling_vol=0.0690, scale=1.1591
2026-03-22 16:15:47,408 - INFO - PnL Net: 0.0004 | Scaled: 0.0004 | Turnover: 19.34% | Vol Scale: 1.16
2026-03-22 16:15:47,408 - INFO - 
============================================================
2026-03-22 16:15:47,408 - INFO - Running paper trading for 2025-05-22
2026-03-22 16:15:47,408 - INFO - ============================================================
2026-03-22 16:15:47,409 - INFO - Portfolio construction: 38 longs, 32 shorts (from 38 candidates)
2026-03-22 16:15:47,410 - INFO - Vol targeting: rolling_vol=0.0706, scale=1.1324
2026-03-22 16:15:47,410 - INFO - PnL Net: -0.0027 | Scaled: -0.0031 | Turnover: 19.64% | Vol Scale: 1.13
2026-03-22 16:15:47,410 - INFO - 
============================================================
2026-03-22 16:15:47,410 - INFO - Running paper trading for 2025-05-23
2026-03-22 16:15:47,410 - INFO - ============================================================
2026-03-22 16:15:47,411 - INFO - Portfolio construction: 38 longs, 38 shorts (from 38 candidates)
2026-03-22 16:15:47,411 - INFO - Vol targeting: rolling_vol=0.0743, scale=1.0767
2026-03-22 16:15:47,411 - INFO - PnL Net: 0.0082 | Scaled: 0.0088 | Turnover: 19.52% | Vol Scale: 1.08
2026-03-22 16:15:47,411 - INFO - 
============================================================
2026-03-22 16:15:47,411 - INFO - Running paper trading for 2025-05-27
2026-03-22 16:15:47,411 - INFO - ============================================================
2026-03-22 16:15:47,412 - INFO - Portfolio construction: 38 longs, 38 shorts (from 38 candidates)
2026-03-22 16:15:47,412 - INFO - Vol targeting: rolling_vol=0.0756, scale=1.0588
2026-03-22 16:15:47,412 - INFO - PnL Net: -0.0021 | Scaled: -0.0022 | Turnover: 18.56% | Vol Scale: 1.06
2026-03-22 16:15:47,412 - INFO - 
============================================================
2026-03-22 16:15:47,412 - INFO - Running paper trading for 2025-05-28
2026-03-22 16:15:47,412 - INFO - ============================================================
2026-03-22 16:15:47,413 - INFO - Portfolio construction: 38 longs, 38 shorts (from 38 candidates)
2026-03-22 16:15:47,413 - INFO - Vol targeting: rolling_vol=0.0756, scale=1.0575
2026-03-22 16:15:47,413 - INFO - PnL Net: 0.0004 | Scaled: 0.0005 | Turnover: 16.29% | Vol Scale: 1.06
2026-03-22 16:15:47,413 - INFO - 
============================================================
2026-03-22 16:15:47,413 - INFO - Running paper trading for 2025-05-29
2026-03-22 16:15:47,413 - INFO - ============================================================
2026-03-22 16:15:47,414 - INFO - Portfolio construction: 38 longs, 38 shorts (from 38 candidates)
2026-03-22 16:15:47,414 - INFO - Vol targeting: rolling_vol=0.0762, scale=1.0504
2026-03-22 16:15:47,414 - INFO - PnL Net: -0.0009 | Scaled: -0.0010 | Turnover: 19.51% | Vol Scale: 1.05
2026-03-22 16:15:47,415 - INFO - 
============================================================
2026-03-22 16:15:47,415 - INFO - Running paper trading for 2025-05-30
2026-03-22 16:15:47,415 - INFO - ============================================================
2026-03-22 16:15:47,415 - INFO - Portfolio construction: 38 longs, 38 shorts (from 38 candidates)
2026-03-22 16:15:47,416 - INFO - Vol targeting: rolling_vol=0.0742, scale=1.0777
2026-03-22 16:15:47,416 - INFO - PnL Net: 0.0008 | Scaled: 0.0009 | Turnover: 21.02% | Vol Scale: 1.08
2026-03-22 16:15:47,416 - INFO - 
============================================================
2026-03-22 16:15:47,416 - INFO - Running paper trading for 2025-06-02
2026-03-22 16:15:47,416 - INFO - ============================================================
2026-03-22 16:15:47,417 - INFO - Portfolio construction: 38 longs, 38 shorts (from 38 candidates)
2026-03-22 16:15:47,417 - INFO - Vol targeting: rolling_vol=0.0737, scale=1.0849
2026-03-22 16:15:47,417 - INFO - PnL Net: 0.0011 | Scaled: 0.0012 | Turnover: 20.37% | Vol Scale: 1.08
2026-03-22 16:15:47,417 - INFO - 
============================================================
2026-03-22 16:15:47,417 - INFO - Running paper trading for 2025-06-03
2026-03-22 16:15:47,417 - INFO - ============================================================
2026-03-22 16:15:47,418 - INFO - Portfolio construction: 38 longs, 38 shorts (from 38 candidates)
2026-03-22 16:15:47,418 - INFO - Vol targeting: rolling_vol=0.0730, scale=1.0965
2026-03-22 16:15:47,418 - INFO - PnL Net: -0.0012 | Scaled: -0.0013 | Turnover: 18.45% | Vol Scale: 1.10
2026-03-22 16:15:47,419 - INFO - 
============================================================
2026-03-22 16:15:47,419 - INFO - Running paper trading for 2025-06-04
2026-03-22 16:15:47,419 - INFO - ============================================================
2026-03-22 16:15:47,420 - INFO - Portfolio construction: 38 longs, 38 shorts (from 38 candidates)
2026-03-22 16:15:47,421 - INFO - Vol targeting: rolling_vol=0.0730, scale=1.0962
2026-03-22 16:15:47,421 - INFO - PnL Net: -0.0000 | Scaled: -0.0000 | Turnover: 16.06% | Vol Scale: 1.10
2026-03-22 16:15:47,421 - INFO - 
============================================================
2026-03-22 16:15:47,421 - INFO - Running paper trading for 2025-06-05
2026-03-22 16:15:47,421 - INFO - ============================================================
2026-03-22 16:15:47,422 - INFO - Portfolio construction: 38 longs, 38 shorts (from 38 candidates)
2026-03-22 16:15:47,422 - INFO - Vol targeting: rolling_vol=0.0721, scale=1.1092
2026-03-22 16:15:47,422 - INFO - PnL Net: 0.0008 | Scaled: 0.0009 | Turnover: 17.46% | Vol Scale: 1.11
2026-03-22 16:15:47,422 - INFO - 
============================================================
2026-03-22 16:15:47,422 - INFO - Running paper trading for 2025-06-06
2026-03-22 16:15:47,422 - INFO - ============================================================
2026-03-22 16:15:47,423 - INFO - Portfolio construction: 38 longs, 38 shorts (from 38 candidates)
2026-03-22 16:15:47,423 - INFO - Vol targeting: rolling_vol=0.0728, scale=1.0986
2026-03-22 16:15:47,424 - INFO - PnL Net: -0.0024 | Scaled: -0.0026 | Turnover: 18.52% | Vol Scale: 1.10
2026-03-22 16:15:47,424 - INFO - 
============================================================
2026-03-22 16:15:47,424 - INFO - Running paper trading for 2025-06-09
2026-03-22 16:15:47,424 - INFO - ============================================================
2026-03-22 16:15:47,425 - INFO - Portfolio construction: 38 longs, 13 shorts (from 38 candidates)
2026-03-22 16:15:47,425 - INFO - Vol targeting: rolling_vol=0.0539, scale=1.4831
2026-03-22 16:15:47,425 - INFO - PnL Net: 0.0012 | Scaled: 0.0018 | Turnover: 20.04% | Vol Scale: 1.48
2026-03-22 16:15:47,425 - INFO - 
============================================================
2026-03-22 16:15:47,425 - INFO - Running paper trading for 2025-06-10
2026-03-22 16:15:47,425 - INFO - ============================================================
2026-03-22 16:15:47,426 - INFO - Portfolio construction: 38 longs, 6 shorts (from 38 candidates)
2026-03-22 16:15:47,426 - INFO - Vol targeting: rolling_vol=0.0476, scale=1.6799
2026-03-22 16:15:47,426 - INFO - PnL Net: -0.0013 | Scaled: -0.0021 | Turnover: 17.79% | Vol Scale: 1.68
2026-03-22 16:15:47,426 - INFO - 
============================================================
2026-03-22 16:15:47,426 - INFO - Running paper trading for 2025-06-11
2026-03-22 16:15:47,426 - INFO - ============================================================
2026-03-22 16:15:47,427 - INFO - Portfolio construction: 38 longs, 16 shorts (from 38 candidates)
2026-03-22 16:15:47,428 - INFO - Vol targeting: rolling_vol=0.0477, scale=1.6785
2026-03-22 16:15:47,428 - INFO - PnL Net: 0.0007 | Scaled: 0.0012 | Turnover: 18.77% | Vol Scale: 1.68
2026-03-22 16:15:47,428 - INFO - 
============================================================
2026-03-22 16:15:47,428 - INFO - Running paper trading for 2025-06-12
2026-03-22 16:15:47,428 - INFO - ============================================================
2026-03-22 16:15:47,429 - INFO - Portfolio construction: 38 longs, 38 shorts (from 38 candidates)
2026-03-22 16:15:47,429 - INFO - Vol targeting: rolling_vol=0.0449, scale=1.7832
2026-03-22 16:15:47,429 - INFO - PnL Net: -0.0033 | Scaled: -0.0058 | Turnover: 21.75% | Vol Scale: 1.78
2026-03-22 16:15:47,429 - INFO - 
============================================================
2026-03-22 16:15:47,429 - INFO - Running paper trading for 2025-06-13
2026-03-22 16:15:47,429 - INFO - ============================================================
2026-03-22 16:15:47,430 - INFO - Portfolio construction: 38 longs, 38 shorts (from 38 candidates)
2026-03-22 16:15:47,430 - INFO - Vol targeting: rolling_vol=0.0444, scale=1.8031
2026-03-22 16:15:47,430 - INFO - PnL Net: 0.0011 | Scaled: 0.0020 | Turnover: 18.70% | Vol Scale: 1.80
2026-03-22 16:15:47,430 - INFO - 
============================================================
2026-03-22 16:15:47,430 - INFO - Running paper trading for 2025-06-16
2026-03-22 16:15:47,430 - INFO - ============================================================
2026-03-22 16:15:47,431 - INFO - Portfolio construction: 38 longs, 38 shorts (from 38 candidates)
2026-03-22 16:15:47,431 - INFO - Vol targeting: rolling_vol=0.0455, scale=1.7575
2026-03-22 16:15:47,431 - INFO - PnL Net: -0.0035 | Scaled: -0.0061 | Turnover: 16.38% | Vol Scale: 1.76
2026-03-22 16:15:47,431 - INFO - 
============================================================
2026-03-22 16:15:47,431 - INFO - Running paper trading for 2025-06-17
2026-03-22 16:15:47,431 - INFO - ============================================================
2026-03-22 16:15:47,432 - INFO - Portfolio construction: 38 longs, 38 shorts (from 38 candidates)
2026-03-22 16:15:47,433 - INFO - Vol targeting: rolling_vol=0.0452, scale=1.7708
2026-03-22 16:15:47,433 - INFO - PnL Net: -0.0005 | Scaled: -0.0009 | Turnover: 17.30% | Vol Scale: 1.77
2026-03-22 16:15:47,433 - INFO - 
============================================================
2026-03-22 16:15:47,433 - INFO - Running paper trading for 2025-06-18
2026-03-22 16:15:47,433 - INFO - ============================================================
2026-03-22 16:15:47,434 - INFO - Portfolio construction: 38 longs, 38 shorts (from 38 candidates)
2026-03-22 16:15:47,434 - INFO - Vol targeting: rolling_vol=0.0385, scale=2.0000
2026-03-22 16:15:47,434 - INFO - PnL Net: 0.0001 | Scaled: 0.0003 | Turnover: 18.66% | Vol Scale: 2.00
2026-03-22 16:15:47,434 - INFO - 
============================================================
2026-03-22 16:15:47,434 - INFO - Running paper trading for 2025-06-20
2026-03-22 16:15:47,434 - INFO - ============================================================
2026-03-22 16:15:47,435 - INFO - Portfolio construction: 38 longs, 38 shorts (from 38 candidates)
2026-03-22 16:15:47,436 - INFO - Vol targeting: rolling_vol=0.0397, scale=2.0000
2026-03-22 16:15:47,436 - INFO - PnL Net: 0.0027 | Scaled: 0.0053 | Turnover: 20.03% | Vol Scale: 2.00
2026-03-22 16:15:47,436 - INFO - 
============================================================
2026-03-22 16:15:47,436 - INFO - Running paper trading for 2025-06-23
2026-03-22 16:15:47,436 - INFO - ============================================================
2026-03-22 16:15:47,437 - INFO - Portfolio construction: 38 longs, 38 shorts (from 38 candidates)
2026-03-22 16:15:47,437 - INFO - Vol targeting: rolling_vol=0.0406, scale=1.9706
2026-03-22 16:15:47,437 - INFO - PnL Net: 0.0039 | Scaled: 0.0076 | Turnover: 17.48% | Vol Scale: 1.97
2026-03-22 16:15:47,437 - INFO - 
============================================================
2026-03-22 16:15:47,437 - INFO - Running paper trading for 2025-06-24
2026-03-22 16:15:47,437 - INFO - ============================================================
2026-03-22 16:15:47,438 - INFO - Portfolio construction: 38 longs, 38 shorts (from 38 candidates)
2026-03-22 16:15:47,438 - INFO - Vol targeting: rolling_vol=0.0294, scale=2.0000
2026-03-22 16:15:47,438 - INFO - PnL Net: -0.0021 | Scaled: -0.0042 | Turnover: 18.08% | Vol Scale: 2.00
2026-03-22 16:15:47,438 - INFO - 
============================================================
2026-03-22 16:15:47,438 - INFO - Running paper trading for 2025-06-25
2026-03-22 16:15:47,438 - INFO - ============================================================
2026-03-22 16:15:47,440 - INFO - Portfolio construction: 38 longs, 38 shorts (from 38 candidates)
2026-03-22 16:15:47,440 - INFO - Vol targeting: rolling_vol=0.0295, scale=2.0000
2026-03-22 16:15:47,440 - INFO - PnL Net: 0.0019 | Scaled: 0.0038 | Turnover: 17.90% | Vol Scale: 2.00
2026-03-22 16:15:47,440 - INFO - 
============================================================
2026-03-22 16:15:47,440 - INFO - Running paper trading for 2025-06-26
2026-03-22 16:15:47,440 - INFO - ============================================================
2026-03-22 16:15:47,441 - INFO - Portfolio construction: 38 longs, 38 shorts (from 38 candidates)
2026-03-22 16:15:47,442 - INFO - Vol targeting: rolling_vol=0.0299, scale=2.0000
2026-03-22 16:15:47,442 - INFO - PnL Net: 0.0015 | Scaled: 0.0029 | Turnover: 17.70% | Vol Scale: 2.00
2026-03-22 16:15:47,442 - INFO - 
============================================================
2026-03-22 16:15:47,442 - INFO - Running paper trading for 2025-06-27
2026-03-22 16:15:47,442 - INFO - ============================================================
2026-03-22 16:15:47,443 - INFO - Portfolio construction: 38 longs, 38 shorts (from 38 candidates)
2026-03-22 16:15:47,443 - INFO - Vol targeting: rolling_vol=0.0300, scale=2.0000
2026-03-22 16:15:47,443 - INFO - PnL Net: 0.0013 | Scaled: 0.0025 | Turnover: 16.45% | Vol Scale: 2.00
2026-03-22 16:15:47,443 - INFO - 
============================================================
2026-03-22 16:15:47,443 - INFO - Running paper trading for 2025-06-30
2026-03-22 16:15:47,443 - INFO - ============================================================
2026-03-22 16:15:47,444 - INFO - Portfolio construction: 38 longs, 38 shorts (from 38 candidates)
2026-03-22 16:15:47,444 - INFO - Vol targeting: rolling_vol=0.0351, scale=2.0000
2026-03-22 16:15:47,444 - INFO - PnL Net: 0.0055 | Scaled: 0.0109 | Turnover: 17.10% | Vol Scale: 2.00
2026-03-22 16:15:47,444 - INFO - 
============================================================
2026-03-22 16:15:47,444 - INFO - Running paper trading for 2025-07-01
2026-03-22 16:15:47,444 - INFO - ============================================================
2026-03-22 16:15:47,445 - INFO - Portfolio construction: 38 longs, 38 shorts (from 38 candidates)
2026-03-22 16:15:47,446 - INFO - Vol targeting: rolling_vol=0.0352, scale=2.0000
2026-03-22 16:15:47,446 - INFO - PnL Net: 0.0013 | Scaled: 0.0026 | Turnover: 15.04% | Vol Scale: 2.00
2026-03-22 16:15:47,446 - INFO - 
============================================================
2026-03-22 16:15:47,446 - INFO - Running paper trading for 2025-07-02
2026-03-22 16:15:47,446 - INFO - ============================================================
2026-03-22 16:15:47,447 - INFO - Portfolio construction: 38 longs, 38 shorts (from 38 candidates)
2026-03-22 16:15:47,447 - INFO - Vol targeting: rolling_vol=0.0349, scale=2.0000
2026-03-22 16:15:47,447 - INFO - PnL Net: 0.0014 | Scaled: 0.0028 | Turnover: 12.74% | Vol Scale: 2.00
2026-03-22 16:15:47,447 - INFO - 
============================================================
2026-03-22 16:15:47,447 - INFO - Running paper trading for 2025-07-03
2026-03-22 16:15:47,447 - INFO - ============================================================
2026-03-22 16:15:47,448 - INFO - Portfolio construction: 38 longs, 38 shorts (from 38 candidates)
2026-03-22 16:15:47,448 - INFO - Vol targeting: rolling_vol=0.0371, scale=2.0000
2026-03-22 16:15:47,448 - INFO - PnL Net: -0.0032 | Scaled: -0.0063 | Turnover: 11.38% | Vol Scale: 2.00
2026-03-22 16:15:47,448 - INFO - 
============================================================
2026-03-22 16:15:47,449 - INFO - Running paper trading for 2025-07-07
2026-03-22 16:15:47,449 - INFO - ============================================================
2026-03-22 16:15:47,449 - INFO - Portfolio construction: 38 longs, 38 shorts (from 38 candidates)
2026-03-22 16:15:47,449 - INFO - Vol targeting: rolling_vol=0.0371, scale=2.0000
2026-03-22 16:15:47,449 - INFO - PnL Net: 0.0005 | Scaled: 0.0010 | Turnover: 10.84% | Vol Scale: 2.00
2026-03-22 16:15:47,449 - INFO - 
============================================================
2026-03-22 16:15:47,449 - INFO - Running paper trading for 2025-07-08
2026-03-22 16:15:47,449 - INFO - ============================================================
2026-03-22 16:15:47,450 - INFO - Portfolio construction: 38 longs, 38 shorts (from 38 candidates)
2026-03-22 16:15:47,451 - INFO - Vol targeting: rolling_vol=0.0357, scale=2.0000
2026-03-22 16:15:47,451 - INFO - PnL Net: 0.0009 | Scaled: 0.0019 | Turnover: 18.35% | Vol Scale: 2.00
2026-03-22 16:15:47,451 - INFO - 
============================================================
2026-03-22 16:15:47,451 - INFO - Running paper trading for 2025-07-09
2026-03-22 16:15:47,451 - INFO - ============================================================
2026-03-22 16:15:47,452 - INFO - Portfolio construction: 38 longs, 38 shorts (from 38 candidates)
2026-03-22 16:15:47,452 - INFO - Vol targeting: rolling_vol=0.0364, scale=2.0000
2026-03-22 16:15:47,452 - INFO - PnL Net: 0.0026 | Scaled: 0.0053 | Turnover: 19.70% | Vol Scale: 2.00
2026-03-22 16:15:47,452 - INFO - 
============================================================
2026-03-22 16:15:47,452 - INFO - Running paper trading for 2025-07-10
2026-03-22 16:15:47,452 - INFO - ============================================================
2026-03-22 16:15:47,453 - INFO - Portfolio construction: 38 longs, 12 shorts (from 38 candidates)
2026-03-22 16:15:47,454 - INFO - Vol targeting: rolling_vol=0.0379, scale=2.0000
2026-03-22 16:15:47,454 - INFO - PnL Net: -0.0029 | Scaled: -0.0058 | Turnover: 19.47% | Vol Scale: 2.00
2026-03-22 16:15:47,454 - INFO - 
============================================================
2026-03-22 16:15:47,454 - INFO - Running paper trading for 2025-07-11
2026-03-22 16:15:47,454 - INFO - ============================================================
2026-03-22 16:15:47,455 - INFO - Portfolio construction: 38 longs, 26 shorts (from 38 candidates)
2026-03-22 16:15:47,455 - INFO - Vol targeting: rolling_vol=0.0382, scale=2.0000
2026-03-22 16:15:47,455 - INFO - PnL Net: -0.0008 | Scaled: -0.0016 | Turnover: 19.00% | Vol Scale: 2.00
2026-03-22 16:15:47,455 - INFO - 
============================================================
2026-03-22 16:15:47,455 - INFO - Running paper trading for 2025-07-14
2026-03-22 16:15:47,455 - INFO - ============================================================
2026-03-22 16:15:47,456 - INFO - Portfolio construction: 38 longs, 38 shorts (from 38 candidates)
2026-03-22 16:15:47,456 - INFO - Vol targeting: rolling_vol=0.0411, scale=1.9456
2026-03-22 16:15:47,457 - INFO - PnL Net: -0.0053 | Scaled: -0.0103 | Turnover: 18.01% | Vol Scale: 1.95
2026-03-22 16:15:47,457 - INFO - 
============================================================
2026-03-22 16:15:47,457 - INFO - Running paper trading for 2025-07-15
2026-03-22 16:15:47,457 - INFO - ============================================================
2026-03-22 16:15:47,458 - INFO - Portfolio construction: 38 longs, 24 shorts (from 38 candidates)
2026-03-22 16:15:47,458 - INFO - Vol targeting: rolling_vol=0.0411, scale=1.9452
2026-03-22 16:15:47,458 - INFO - PnL Net: 0.0011 | Scaled: 0.0022 | Turnover: 17.80% | Vol Scale: 1.95
2026-03-22 16:15:47,458 - INFO - 
============================================================
2026-03-22 16:15:47,458 - INFO - Running paper trading for 2025-07-16
2026-03-22 16:15:47,458 - INFO - ============================================================
2026-03-22 16:15:47,459 - INFO - Portfolio construction: 38 longs, 4 shorts (from 38 candidates)
2026-03-22 16:15:47,459 - INFO - Vol targeting: rolling_vol=0.0400, scale=1.9977
2026-03-22 16:15:47,459 - INFO - PnL Net: 0.0035 | Scaled: 0.0070 | Turnover: 18.83% | Vol Scale: 2.00
2026-03-22 16:15:47,459 - INFO - 
============================================================
2026-03-22 16:15:47,459 - INFO - Running paper trading for 2025-07-17
2026-03-22 16:15:47,459 - INFO - ============================================================
2026-03-22 16:15:47,461 - INFO - Portfolio construction: 38 longs, 38 shorts (from 38 candidates)
2026-03-22 16:15:47,461 - INFO - Vol targeting: rolling_vol=0.0400, scale=2.0000
2026-03-22 16:15:47,461 - INFO - PnL Net: -0.0003 | Scaled: -0.0006 | Turnover: 20.65% | Vol Scale: 2.00
2026-03-22 16:15:47,461 - INFO - 
============================================================
2026-03-22 16:15:47,461 - INFO - Running paper trading for 2025-07-18
2026-03-22 16:15:47,461 - INFO - ============================================================
2026-03-22 16:15:47,462 - INFO - Portfolio construction: 38 longs, 38 shorts (from 38 candidates)
2026-03-22 16:15:47,463 - INFO - Vol targeting: rolling_vol=0.0407, scale=1.9646
2026-03-22 16:15:47,463 - INFO - PnL Net: -0.0016 | Scaled: -0.0032 | Turnover: 22.59% | Vol Scale: 1.96
2026-03-22 16:15:47,463 - INFO - 
============================================================
2026-03-22 16:15:47,463 - INFO - Running paper trading for 2025-07-21
2026-03-22 16:15:47,463 - INFO - ============================================================
2026-03-22 16:15:47,464 - INFO - Portfolio construction: 38 longs, 38 shorts (from 38 candidates)
2026-03-22 16:15:47,464 - INFO - Vol targeting: rolling_vol=0.0456, scale=1.7529
2026-03-22 16:15:47,464 - INFO - PnL Net: 0.0068 | Scaled: 0.0120 | Turnover: 18.81% | Vol Scale: 1.75
2026-03-22 16:15:47,464 - INFO - 
============================================================
2026-03-22 16:15:47,464 - INFO - Running paper trading for 2025-07-22
2026-03-22 16:15:47,464 - INFO - ============================================================
2026-03-22 16:15:47,465 - INFO - Portfolio construction: 38 longs, 38 shorts (from 38 candidates)
2026-03-22 16:15:47,465 - INFO - Vol targeting: rolling_vol=0.0446, scale=1.7927
2026-03-22 16:15:47,465 - INFO - PnL Net: 0.0023 | Scaled: 0.0041 | Turnover: 18.89% | Vol Scale: 1.79
2026-03-22 16:15:47,466 - INFO - 
============================================================
2026-03-22 16:15:47,466 - INFO - Running paper trading for 2025-07-23
2026-03-22 16:15:47,466 - INFO - ============================================================
2026-03-22 16:15:47,466 - INFO - Portfolio construction: 38 longs, 38 shorts (from 38 candidates)
2026-03-22 16:15:47,467 - INFO - Vol targeting: rolling_vol=0.0451, scale=1.7756
2026-03-22 16:15:47,467 - INFO - PnL Net: -0.0026 | Scaled: -0.0046 | Turnover: 15.52% | Vol Scale: 1.78
2026-03-22 16:15:47,467 - INFO - 
============================================================
2026-03-22 16:15:47,467 - INFO - Running paper trading for 2025-07-24
2026-03-22 16:15:47,467 - INFO - ============================================================
2026-03-22 16:15:47,468 - INFO - Portfolio construction: 38 longs, 38 shorts (from 38 candidates)
2026-03-22 16:15:47,469 - INFO - Vol targeting: rolling_vol=0.0449, scale=1.7834
2026-03-22 16:15:47,469 - INFO - PnL Net: 0.0011 | Scaled: 0.0019 | Turnover: 15.70% | Vol Scale: 1.78
2026-03-22 16:15:47,469 - INFO - 
============================================================
2026-03-22 16:15:47,469 - INFO - Running paper trading for 2025-07-25
2026-03-22 16:15:47,469 - INFO - ============================================================
2026-03-22 16:15:47,470 - INFO - Portfolio construction: 38 longs, 38 shorts (from 38 candidates)
2026-03-22 16:15:47,470 - INFO - Vol targeting: rolling_vol=0.0465, scale=1.7198
2026-03-22 16:15:47,470 - INFO - PnL Net: -0.0031 | Scaled: -0.0052 | Turnover: 16.41% | Vol Scale: 1.72
2026-03-22 16:15:47,470 - INFO - 
============================================================
2026-03-22 16:15:47,470 - INFO - Running paper trading for 2025-07-28
2026-03-22 16:15:47,470 - INFO - ============================================================
2026-03-22 16:15:47,471 - INFO - Portfolio construction: 38 longs, 38 shorts (from 38 candidates)
2026-03-22 16:15:47,471 - INFO - Vol targeting: rolling_vol=0.0474, scale=1.6862
2026-03-22 16:15:47,471 - INFO - PnL Net: -0.0025 | Scaled: -0.0041 | Turnover: 18.54% | Vol Scale: 1.69
2026-03-22 16:15:47,471 - INFO - 
============================================================
2026-03-22 16:15:47,471 - INFO - Running paper trading for 2025-07-29
2026-03-22 16:15:47,471 - INFO - ============================================================
2026-03-22 16:15:47,472 - INFO - Portfolio construction: 38 longs, 38 shorts (from 38 candidates)
2026-03-22 16:15:47,473 - INFO - Vol targeting: rolling_vol=0.0445, scale=1.7974
2026-03-22 16:15:47,473 - INFO - PnL Net: -0.0028 | Scaled: -0.0050 | Turnover: 17.07% | Vol Scale: 1.80
2026-03-22 16:15:47,473 - INFO - 
============================================================
2026-03-22 16:15:47,473 - INFO - Running paper trading for 2025-07-30
2026-03-22 16:15:47,473 - INFO - ============================================================
2026-03-22 16:15:47,474 - INFO - Portfolio construction: 38 longs, 38 shorts (from 38 candidates)
2026-03-22 16:15:47,474 - INFO - Vol targeting: rolling_vol=0.0463, scale=1.7283
2026-03-22 16:15:47,474 - INFO - PnL Net: -0.0042 | Scaled: -0.0073 | Turnover: 18.97% | Vol Scale: 1.73
2026-03-22 16:15:47,474 - INFO - 
============================================================
2026-03-22 16:15:47,474 - INFO - Running paper trading for 2025-07-31
2026-03-22 16:15:47,474 - INFO - ============================================================
2026-03-22 16:15:47,475 - INFO - Portfolio construction: 38 longs, 38 shorts (from 38 candidates)
2026-03-22 16:15:47,475 - INFO - Vol targeting: rolling_vol=0.0470, scale=1.7007
2026-03-22 16:15:47,476 - INFO - PnL Net: -0.0036 | Scaled: -0.0062 | Turnover: 19.57% | Vol Scale: 1.70
2026-03-22 16:15:47,476 - INFO - 
============================================================
2026-03-22 16:15:47,476 - INFO - Running paper trading for 2025-08-01
2026-03-22 16:15:47,476 - INFO - ============================================================
2026-03-22 16:15:47,477 - INFO - Portfolio construction: 38 longs, 6 shorts (from 38 candidates)
2026-03-22 16:15:47,477 - INFO - Vol targeting: rolling_vol=0.0468, scale=1.7092
2026-03-22 16:15:47,477 - INFO - PnL Net: 0.0016 | Scaled: 0.0028 | Turnover: 18.75% | Vol Scale: 1.71
2026-03-22 16:15:47,477 - INFO - 
============================================================
2026-03-22 16:15:47,477 - INFO - Running paper trading for 2025-08-04
2026-03-22 16:15:47,477 - INFO - ============================================================
2026-03-22 16:15:47,478 - INFO - Portfolio construction: 38 longs, 5 shorts (from 38 candidates)
2026-03-22 16:15:47,478 - INFO - Vol targeting: rolling_vol=0.0486, scale=1.6467
2026-03-22 16:15:47,478 - INFO - PnL Net: 0.0034 | Scaled: 0.0056 | Turnover: 20.03% | Vol Scale: 1.65
2026-03-22 16:15:47,478 - INFO - 
============================================================
2026-03-22 16:15:47,478 - INFO - Running paper trading for 2025-08-05
2026-03-22 16:15:47,478 - INFO - ============================================================
2026-03-22 16:15:47,479 - INFO - Portfolio construction: 38 longs, 37 shorts (from 38 candidates)
2026-03-22 16:15:47,480 - INFO - Vol targeting: rolling_vol=0.0485, scale=1.6507
2026-03-22 16:15:47,480 - INFO - PnL Net: -0.0013 | Scaled: -0.0021 | Turnover: 19.43% | Vol Scale: 1.65
2026-03-22 16:15:47,480 - INFO - 
============================================================
2026-03-22 16:15:47,480 - INFO - Running paper trading for 2025-08-06
2026-03-22 16:15:47,480 - INFO - ============================================================
2026-03-22 16:15:47,480 - INFO - Portfolio construction: 38 longs, 38 shorts (from 38 candidates)
2026-03-22 16:15:47,482 - INFO - Vol targeting: rolling_vol=0.0472, scale=1.6961
2026-03-22 16:15:47,482 - INFO - PnL Net: -0.0009 | Scaled: -0.0016 | Turnover: 18.13% | Vol Scale: 1.70
2026-03-22 16:15:47,482 - INFO - 
============================================================
2026-03-22 16:15:47,482 - INFO - Running paper trading for 2025-08-07
2026-03-22 16:15:47,482 - INFO - ============================================================
2026-03-22 16:15:47,483 - INFO - Portfolio construction: 38 longs, 7 shorts (from 38 candidates)
2026-03-22 16:15:47,484 - INFO - Vol targeting: rolling_vol=0.0466, scale=1.7164
2026-03-22 16:15:47,484 - INFO - PnL Net: 0.0008 | Scaled: 0.0013 | Turnover: 20.31% | Vol Scale: 1.72
2026-03-22 16:15:47,484 - INFO - 
============================================================
2026-03-22 16:15:47,484 - INFO - Running paper trading for 2025-08-08
2026-03-22 16:15:47,484 - INFO - ============================================================
2026-03-22 16:15:47,485 - INFO - Portfolio construction: 38 longs, 8 shorts (from 38 candidates)
2026-03-22 16:15:47,485 - INFO - Vol targeting: rolling_vol=0.0467, scale=1.7135
2026-03-22 16:15:47,485 - WARNING - KS3 TRIGGERED: 60-day Sharpe -0.0651 < 0
2026-03-22 16:15:47,486 - INFO - PnL Net: -0.0013 | Scaled: -0.0022 | Turnover: 18.30% | Vol Scale: 1.71
2026-03-22 16:15:47,486 - INFO - 
============================================================
2026-03-22 16:15:47,486 - INFO - Running paper trading for 2025-08-11
2026-03-22 16:15:47,486 - INFO - ============================================================
2026-03-22 16:15:47,487 - INFO - Portfolio construction: 38 longs, 38 shorts (from 38 candidates)
2026-03-22 16:15:47,487 - INFO - Vol targeting: rolling_vol=0.0479, scale=1.6690
2026-03-22 16:15:47,487 - WARNING - KS3 TRIGGERED: 60-day Sharpe -0.0144 < 0
2026-03-22 16:15:47,487 - INFO - PnL Net: 0.0058 | Scaled: 0.0096 | Turnover: 15.45% | Vol Scale: 1.67
2026-03-22 16:15:47,487 - INFO - 
============================================================
2026-03-22 16:15:47,487 - INFO - Running paper trading for 2025-08-12
2026-03-22 16:15:47,487 - INFO - ============================================================
2026-03-22 16:15:47,488 - INFO - Portfolio construction: 38 longs, 38 shorts (from 38 candidates)
2026-03-22 16:15:47,489 - INFO - Vol targeting: rolling_vol=0.0574, scale=1.3933
2026-03-22 16:15:47,489 - INFO - PnL Net: 0.0093 | Scaled: 0.0129 | Turnover: 15.64% | Vol Scale: 1.39
2026-03-22 16:15:47,489 - INFO - 
============================================================
2026-03-22 16:15:47,489 - INFO - Running paper trading for 2025-08-13
2026-03-22 16:15:47,489 - INFO - ============================================================
2026-03-22 16:15:47,490 - INFO - Portfolio construction: 38 longs, 38 shorts (from 38 candidates)
2026-03-22 16:15:47,490 - INFO - Vol targeting: rolling_vol=0.0564, scale=1.4186
2026-03-22 16:15:47,490 - INFO - PnL Net: 0.0002 | Scaled: 0.0003 | Turnover: 20.87% | Vol Scale: 1.42
2026-03-22 16:15:47,490 - INFO - 
============================================================
2026-03-22 16:15:47,490 - INFO - Running paper trading for 2025-08-14
2026-03-22 16:15:47,490 - INFO - ============================================================
2026-03-22 16:15:47,491 - INFO - Portfolio construction: 38 longs, 38 shorts (from 38 candidates)
2026-03-22 16:15:47,491 - INFO - Vol targeting: rolling_vol=0.0564, scale=1.4190
2026-03-22 16:15:47,491 - INFO - PnL Net: 0.0010 | Scaled: 0.0014 | Turnover: 18.05% | Vol Scale: 1.42
2026-03-22 16:15:47,491 - INFO - 
============================================================
2026-03-22 16:15:47,491 - INFO - Running paper trading for 2025-08-15
2026-03-22 16:15:47,491 - INFO - ============================================================
2026-03-22 16:15:47,492 - INFO - Portfolio construction: 38 longs, 38 shorts (from 38 candidates)
2026-03-22 16:15:47,492 - INFO - Vol targeting: rolling_vol=0.0559, scale=1.4310
2026-03-22 16:15:47,493 - INFO - PnL Net: 0.0002 | Scaled: 0.0003 | Turnover: 19.70% | Vol Scale: 1.43
2026-03-22 16:15:47,493 - INFO - 
============================================================
2026-03-22 16:15:47,493 - INFO - Running paper trading for 2025-08-18
2026-03-22 16:15:47,493 - INFO - ============================================================
2026-03-22 16:15:47,494 - INFO - Portfolio construction: 38 longs, 38 shorts (from 38 candidates)
2026-03-22 16:15:47,494 - INFO - Vol targeting: rolling_vol=0.0515, scale=1.5525
2026-03-22 16:15:47,494 - INFO - PnL Net: 0.0024 | Scaled: 0.0038 | Turnover: 18.09% | Vol Scale: 1.55
2026-03-22 16:15:47,494 - INFO - 
============================================================
2026-03-22 16:15:47,494 - INFO - Running paper trading for 2025-08-19
2026-03-22 16:15:47,494 - INFO - ============================================================
2026-03-22 16:15:47,495 - INFO - Portfolio construction: 38 longs, 38 shorts (from 38 candidates)
2026-03-22 16:15:47,495 - INFO - Vol targeting: rolling_vol=0.0516, scale=1.5515
2026-03-22 16:15:47,495 - INFO - PnL Net: -0.0020 | Scaled: -0.0031 | Turnover: 16.60% | Vol Scale: 1.55
2026-03-22 16:15:47,495 - INFO - 
============================================================
2026-03-22 16:15:47,495 - INFO - Running paper trading for 2025-08-20
2026-03-22 16:15:47,495 - INFO - ============================================================
2026-03-22 16:15:47,496 - INFO - Portfolio construction: 38 longs, 38 shorts (from 38 candidates)
2026-03-22 16:15:47,497 - INFO - Vol targeting: rolling_vol=0.0510, scale=1.5694
2026-03-22 16:15:47,497 - INFO - PnL Net: -0.0015 | Scaled: -0.0024 | Turnover: 15.21% | Vol Scale: 1.57
2026-03-22 16:15:47,497 - INFO - 
============================================================
2026-03-22 16:15:47,497 - INFO - Running paper trading for 2025-08-21
2026-03-22 16:15:47,497 - INFO - ============================================================
2026-03-22 16:15:47,498 - INFO - Portfolio construction: 38 longs, 38 shorts (from 38 candidates)
2026-03-22 16:15:47,498 - INFO - Vol targeting: rolling_vol=0.0594, scale=1.3476
2026-03-22 16:15:47,498 - INFO - PnL Net: 0.0089 | Scaled: 0.0120 | Turnover: 16.82% | Vol Scale: 1.35
2026-03-22 16:15:47,498 - INFO - 
============================================================
2026-03-22 16:15:47,499 - INFO - Running paper trading for 2025-08-22
2026-03-22 16:15:47,499 - INFO - ============================================================
2026-03-22 16:15:47,500 - INFO - Portfolio construction: 38 longs, 38 shorts (from 38 candidates)
2026-03-22 16:15:47,500 - INFO - Vol targeting: rolling_vol=0.0605, scale=1.3221
2026-03-22 16:15:47,500 - INFO - PnL Net: -0.0044 | Scaled: -0.0058 | Turnover: 15.55% | Vol Scale: 1.32
2026-03-22 16:15:47,500 - INFO - 
============================================================
2026-03-22 16:15:47,500 - INFO - Running paper trading for 2025-08-25
2026-03-22 16:15:47,500 - INFO - ============================================================
2026-03-22 16:15:47,501 - INFO - Portfolio construction: 38 longs, 38 shorts (from 38 candidates)
2026-03-22 16:15:47,501 - INFO - Vol targeting: rolling_vol=0.0596, scale=1.3428
2026-03-22 16:15:47,501 - INFO - PnL Net: 0.0005 | Scaled: 0.0007 | Turnover: 15.86% | Vol Scale: 1.34
2026-03-22 16:15:47,501 - INFO - 
============================================================
2026-03-22 16:15:47,501 - INFO - Running paper trading for 2025-08-26
2026-03-22 16:15:47,501 - INFO - ============================================================
2026-03-22 16:15:47,503 - INFO - Portfolio construction: 38 longs, 38 shorts (from 38 candidates)
2026-03-22 16:15:47,503 - INFO - Vol targeting: rolling_vol=0.0583, scale=1.3725
2026-03-22 16:15:47,503 - INFO - PnL Net: 0.0005 | Scaled: 0.0007 | Turnover: 17.06% | Vol Scale: 1.37
2026-03-22 16:15:47,503 - INFO - 
============================================================
2026-03-22 16:15:47,503 - INFO - Running paper trading for 2025-08-27
2026-03-22 16:15:47,503 - INFO - ============================================================
2026-03-22 16:15:47,505 - INFO - Portfolio construction: 38 longs, 38 shorts (from 38 candidates)
2026-03-22 16:15:47,505 - INFO - Vol targeting: rolling_vol=0.0555, scale=1.4411
2026-03-22 16:15:47,505 - INFO - PnL Net: -0.0002 | Scaled: -0.0002 | Turnover: 17.80% | Vol Scale: 1.44
2026-03-22 16:15:47,505 - INFO - 
============================================================
2026-03-22 16:15:47,505 - INFO - Running paper trading for 2025-08-28
2026-03-22 16:15:47,505 - INFO - ============================================================
2026-03-22 16:15:47,506 - INFO - Portfolio construction: 38 longs, 38 shorts (from 38 candidates)
2026-03-22 16:15:47,506 - INFO - Vol targeting: rolling_vol=0.0530, scale=1.5091
2026-03-22 16:15:47,506 - INFO - PnL Net: 0.0003 | Scaled: 0.0004 | Turnover: 19.25% | Vol Scale: 1.51
2026-03-22 16:15:47,506 - INFO - 
============================================================
2026-03-22 16:15:47,506 - INFO - Running paper trading for 2025-08-29
2026-03-22 16:15:47,507 - INFO - ============================================================
2026-03-22 16:15:47,507 - INFO - Portfolio construction: 38 longs, 38 shorts (from 38 candidates)
2026-03-22 16:15:47,508 - INFO - Vol targeting: rolling_vol=0.0539, scale=1.4841
2026-03-22 16:15:47,508 - INFO - PnL Net: -0.0017 | Scaled: -0.0026 | Turnover: 15.06% | Vol Scale: 1.48
2026-03-22 16:15:47,508 - INFO - 
============================================================
2026-03-22 16:15:47,508 - INFO - Running paper trading for 2025-09-02
2026-03-22 16:15:47,508 - INFO - ============================================================
2026-03-22 16:15:47,509 - INFO - Portfolio construction: 38 longs, 38 shorts (from 38 candidates)
2026-03-22 16:15:47,509 - INFO - Vol targeting: rolling_vol=0.0542, scale=1.4760
2026-03-22 16:15:47,509 - INFO - PnL Net: -0.0021 | Scaled: -0.0031 | Turnover: 18.16% | Vol Scale: 1.48
2026-03-22 16:15:47,509 - INFO - 
============================================================
2026-03-22 16:15:47,509 - INFO - Running paper trading for 2025-09-03
2026-03-22 16:15:47,509 - INFO - ============================================================
2026-03-22 16:15:47,510 - INFO - Portfolio construction: 38 longs, 38 shorts (from 38 candidates)
2026-03-22 16:15:47,510 - INFO - Vol targeting: rolling_vol=0.0537, scale=1.4886
2026-03-22 16:15:47,511 - INFO - PnL Net: 0.0013 | Scaled: 0.0020 | Turnover: 17.78% | Vol Scale: 1.49
2026-03-22 16:15:47,511 - INFO - 
============================================================
2026-03-22 16:15:47,511 - INFO - Running paper trading for 2025-09-04
2026-03-22 16:15:47,511 - INFO - ============================================================
2026-03-22 16:15:47,512 - INFO - Portfolio construction: 38 longs, 38 shorts (from 38 candidates)
2026-03-22 16:15:47,512 - INFO - Vol targeting: rolling_vol=0.0534, scale=1.4994
2026-03-22 16:15:47,512 - INFO - PnL Net: 0.0012 | Scaled: 0.0019 | Turnover: 17.33% | Vol Scale: 1.50
2026-03-22 16:15:47,512 - INFO - 
============================================================
2026-03-22 16:15:47,512 - INFO - Running paper trading for 2025-09-05
2026-03-22 16:15:47,512 - INFO - ============================================================
2026-03-22 16:15:47,512 - INFO - Portfolio construction: 38 longs, 38 shorts (from 38 candidates)
2026-03-22 16:15:47,513 - INFO - Vol targeting: rolling_vol=0.0539, scale=1.4842
2026-03-22 16:15:47,513 - INFO - PnL Net: -0.0013 | Scaled: -0.0019 | Turnover: 20.00% | Vol Scale: 1.48
2026-03-22 16:15:47,513 - INFO - 
============================================================
2026-03-22 16:15:47,513 - INFO - Running paper trading for 2025-09-08
2026-03-22 16:15:47,513 - INFO - ============================================================
2026-03-22 16:15:47,514 - INFO - Portfolio construction: 38 longs, 38 shorts (from 38 candidates)
2026-03-22 16:15:47,514 - INFO - Vol targeting: rolling_vol=0.0535, scale=1.4949
2026-03-22 16:15:47,514 - INFO - PnL Net: -0.0003 | Scaled: -0.0004 | Turnover: 16.66% | Vol Scale: 1.49
2026-03-22 16:15:47,514 - INFO - 
============================================================
2026-03-22 16:15:47,514 - INFO - Running paper trading for 2025-09-09
2026-03-22 16:15:47,514 - INFO - ============================================================
2026-03-22 16:15:47,515 - INFO - Portfolio construction: 38 longs, 38 shorts (from 38 candidates)
2026-03-22 16:15:47,516 - INFO - Vol targeting: rolling_vol=0.0534, scale=1.4986
2026-03-22 16:15:47,516 - INFO - PnL Net: -0.0044 | Scaled: -0.0065 | Turnover: 17.19% | Vol Scale: 1.50
2026-03-22 16:15:47,516 - INFO - 
============================================================
2026-03-22 16:15:47,516 - INFO - Running paper trading for 2025-09-10
2026-03-22 16:15:47,516 - INFO - ============================================================
2026-03-22 16:15:47,517 - INFO - Portfolio construction: 38 longs, 38 shorts (from 38 candidates)
2026-03-22 16:15:47,517 - INFO - Vol targeting: rolling_vol=0.0448, scale=1.7844
2026-03-22 16:15:47,517 - INFO - PnL Net: 0.0040 | Scaled: 0.0072 | Turnover: 16.96% | Vol Scale: 1.78
2026-03-22 16:15:47,517 - INFO - 
============================================================
2026-03-22 16:15:47,517 - INFO - Running paper trading for 2025-09-11
2026-03-22 16:15:47,517 - INFO - ============================================================
2026-03-22 16:15:47,518 - INFO - Portfolio construction: 38 longs, 38 shorts (from 38 candidates)
2026-03-22 16:15:47,518 - INFO - Vol targeting: rolling_vol=0.0472, scale=1.6944
2026-03-22 16:15:47,519 - INFO - PnL Net: -0.0041 | Scaled: -0.0070 | Turnover: 17.39% | Vol Scale: 1.69
2026-03-22 16:15:47,519 - INFO - 
============================================================
2026-03-22 16:15:47,519 - INFO - Running paper trading for 2025-09-12
2026-03-22 16:15:47,519 - INFO - ============================================================
2026-03-22 16:15:47,520 - INFO - Portfolio construction: 38 longs, 38 shorts (from 38 candidates)
2026-03-22 16:15:47,520 - INFO - Vol targeting: rolling_vol=0.0475, scale=1.6830
2026-03-22 16:15:47,520 - INFO - PnL Net: -0.0021 | Scaled: -0.0035 | Turnover: 15.81% | Vol Scale: 1.68
2026-03-22 16:15:47,520 - INFO - 
============================================================
2026-03-22 16:15:47,520 - INFO - Running paper trading for 2025-09-15
2026-03-22 16:15:47,520 - INFO - ============================================================
2026-03-22 16:15:47,521 - INFO - Portfolio construction: 38 longs, 38 shorts (from 38 candidates)
2026-03-22 16:15:47,521 - INFO - Vol targeting: rolling_vol=0.0477, scale=1.6773
2026-03-22 16:15:47,521 - INFO - PnL Net: 0.0010 | Scaled: 0.0016 | Turnover: 18.17% | Vol Scale: 1.68
2026-03-22 16:15:47,521 - INFO - 
============================================================
2026-03-22 16:15:47,521 - INFO - Running paper trading for 2025-09-16
2026-03-22 16:15:47,521 - INFO - ============================================================
2026-03-22 16:15:47,522 - INFO - Portfolio construction: 38 longs, 38 shorts (from 38 candidates)
2026-03-22 16:15:47,522 - INFO - Vol targeting: rolling_vol=0.0469, scale=1.7072
2026-03-22 16:15:47,522 - INFO - PnL Net: 0.0006 | Scaled: 0.0011 | Turnover: 16.81% | Vol Scale: 1.71
2026-03-22 16:15:47,522 - INFO - 
============================================================
2026-03-22 16:15:47,522 - INFO - Running paper trading for 2025-09-17
2026-03-22 16:15:47,522 - INFO - ============================================================
2026-03-22 16:15:47,524 - INFO - Portfolio construction: 38 longs, 38 shorts (from 38 candidates)
2026-03-22 16:15:47,525 - INFO - Vol targeting: rolling_vol=0.0483, scale=1.6553
2026-03-22 16:15:47,525 - INFO - PnL Net: 0.0037 | Scaled: 0.0061 | Turnover: 15.39% | Vol Scale: 1.66
2026-03-22 16:15:47,525 - INFO - 
============================================================
2026-03-22 16:15:47,525 - INFO - Running paper trading for 2025-09-18
2026-03-22 16:15:47,525 - INFO - ============================================================
2026-03-22 16:15:47,526 - INFO - Portfolio construction: 38 longs, 38 shorts (from 38 candidates)
2026-03-22 16:15:47,526 - INFO - Vol targeting: rolling_vol=0.0490, scale=1.6323
2026-03-22 16:15:47,526 - INFO - PnL Net: -0.0028 | Scaled: -0.0045 | Turnover: 13.88% | Vol Scale: 1.63
2026-03-22 16:15:47,526 - INFO - 
============================================================
2026-03-22 16:15:47,526 - INFO - Running paper trading for 2025-09-19
2026-03-22 16:15:47,526 - INFO - ============================================================
2026-03-22 16:15:47,527 - INFO - Portfolio construction: 38 longs, 38 shorts (from 38 candidates)
2026-03-22 16:15:47,527 - INFO - Vol targeting: rolling_vol=0.0368, scale=2.0000
2026-03-22 16:15:47,527 - INFO - PnL Net: -0.0018 | Scaled: -0.0037 | Turnover: 14.15% | Vol Scale: 2.00
2026-03-22 16:15:47,528 - INFO - 
============================================================
2026-03-22 16:15:47,528 - INFO - Running paper trading for 2025-09-22
2026-03-22 16:15:47,528 - INFO - ============================================================
2026-03-22 16:15:47,529 - INFO - Portfolio construction: 38 longs, 38 shorts (from 38 candidates)
2026-03-22 16:15:47,529 - INFO - Vol targeting: rolling_vol=0.0347, scale=2.0000
2026-03-22 16:15:47,529 - INFO - PnL Net: -0.0022 | Scaled: -0.0044 | Turnover: 12.25% | Vol Scale: 2.00
2026-03-22 16:15:47,529 - INFO - 
============================================================
2026-03-22 16:15:47,529 - INFO - Running paper trading for 2025-09-23
2026-03-22 16:15:47,529 - INFO - ============================================================
2026-03-22 16:15:47,530 - INFO - Portfolio construction: 38 longs, 38 shorts (from 38 candidates)
2026-03-22 16:15:47,530 - INFO - Vol targeting: rolling_vol=0.0347, scale=2.0000
2026-03-22 16:15:47,531 - INFO - PnL Net: 0.0006 | Scaled: 0.0012 | Turnover: 11.55% | Vol Scale: 2.00
2026-03-22 16:15:47,531 - INFO - 
============================================================
2026-03-22 16:15:47,531 - INFO - Running paper trading for 2025-09-24
2026-03-22 16:15:47,531 - INFO - ============================================================
2026-03-22 16:15:47,532 - INFO - Portfolio construction: 38 longs, 38 shorts (from 38 candidates)
2026-03-22 16:15:47,532 - INFO - Vol targeting: rolling_vol=0.0370, scale=2.0000
2026-03-22 16:15:47,532 - WARNING - KS3 TRIGGERED: 60-day Sharpe -0.2339 < 0
2026-03-22 16:15:47,532 - INFO - PnL Net: -0.0044 | Scaled: -0.0087 | Turnover: 10.82% | Vol Scale: 2.00
2026-03-22 16:15:47,532 - INFO - 
============================================================
2026-03-22 16:15:47,532 - INFO - Running paper trading for 2025-09-25
2026-03-22 16:15:47,532 - INFO - ============================================================
2026-03-22 16:15:47,533 - INFO - Portfolio construction: 38 longs, 38 shorts (from 38 candidates)
2026-03-22 16:15:47,533 - INFO - Vol targeting: rolling_vol=0.0394, scale=2.0000
2026-03-22 16:15:47,533 - WARNING - KS3 TRIGGERED: 60-day Sharpe -0.0747 < 0
2026-03-22 16:15:47,533 - INFO - PnL Net: 0.0031 | Scaled: 0.0063 | Turnover: 11.32% | Vol Scale: 2.00
2026-03-22 16:15:47,533 - INFO - 
============================================================
2026-03-22 16:15:47,533 - INFO - Running paper trading for 2025-09-26
2026-03-22 16:15:47,533 - INFO - ============================================================
2026-03-22 16:15:47,534 - INFO - Portfolio construction: 38 longs, 38 shorts (from 38 candidates)
2026-03-22 16:15:47,534 - INFO - Vol targeting: rolling_vol=0.0396, scale=2.0000
2026-03-22 16:15:47,534 - WARNING - KS3 TRIGGERED: 60-day Sharpe -0.1133 < 0
2026-03-22 16:15:47,534 - INFO - PnL Net: 0.0009 | Scaled: 0.0019 | Turnover: 10.79% | Vol Scale: 2.00
2026-03-22 16:15:47,534 - INFO - 
============================================================
2026-03-22 16:15:47,534 - INFO - Running paper trading for 2025-09-29
2026-03-22 16:15:47,534 - INFO - ============================================================
2026-03-22 16:15:47,535 - INFO - Portfolio construction: 38 longs, 38 shorts (from 38 candidates)
2026-03-22 16:15:47,536 - INFO - Vol targeting: rolling_vol=0.0395, scale=2.0000
2026-03-22 16:15:47,536 - INFO - PnL Net: 0.0006 | Scaled: 0.0013 | Turnover: 18.78% | Vol Scale: 2.00
2026-03-22 16:15:47,536 - INFO - 
============================================================
2026-03-22 16:15:47,536 - INFO - Running paper trading for 2025-09-30
2026-03-22 16:15:47,536 - INFO - ============================================================
2026-03-22 16:15:47,537 - INFO - Portfolio construction: 38 longs, 38 shorts (from 38 candidates)
2026-03-22 16:15:47,537 - INFO - Vol targeting: rolling_vol=0.0394, scale=2.0000
2026-03-22 16:15:47,537 - INFO - PnL Net: 0.0013 | Scaled: 0.0026 | Turnover: 16.32% | Vol Scale: 2.00
2026-03-22 16:15:47,537 - INFO - 
============================================================
2026-03-22 16:15:47,537 - INFO - Running paper trading for 2025-10-01
2026-03-22 16:15:47,537 - INFO - ============================================================
2026-03-22 16:15:47,538 - INFO - Portfolio construction: 38 longs, 38 shorts (from 38 candidates)
2026-03-22 16:15:47,538 - INFO - Vol targeting: rolling_vol=0.0406, scale=1.9724
2026-03-22 16:15:47,538 - INFO - PnL Net: 0.0029 | Scaled: 0.0057 | Turnover: 13.62% | Vol Scale: 1.97
2026-03-22 16:15:47,538 - INFO - 
============================================================
2026-03-22 16:15:47,538 - INFO - Running paper trading for 2025-10-02
2026-03-22 16:15:47,539 - INFO - ============================================================
2026-03-22 16:15:47,539 - INFO - Portfolio construction: 38 longs, 38 shorts (from 38 candidates)
2026-03-22 16:15:47,540 - INFO - Vol targeting: rolling_vol=0.0415, scale=1.9257
2026-03-22 16:15:47,540 - INFO - PnL Net: 0.0028 | Scaled: 0.0053 | Turnover: 12.21% | Vol Scale: 1.93
2026-03-22 16:15:47,540 - INFO - 
============================================================
2026-03-22 16:15:47,540 - INFO - Running paper trading for 2025-10-03
2026-03-22 16:15:47,540 - INFO - ============================================================
2026-03-22 16:15:47,541 - INFO - Portfolio construction: 38 longs, 38 shorts (from 38 candidates)
2026-03-22 16:15:47,542 - INFO - Vol targeting: rolling_vol=0.0436, scale=1.8365
2026-03-22 16:15:47,542 - INFO - PnL Net: 0.0040 | Scaled: 0.0073 | Turnover: 10.49% | Vol Scale: 1.84
2026-03-22 16:15:47,542 - INFO - 
============================================================
2026-03-22 16:15:47,542 - INFO - Running paper trading for 2025-10-06
2026-03-22 16:15:47,542 - INFO - ============================================================
2026-03-22 16:15:47,543 - INFO - Portfolio construction: 38 longs, 38 shorts (from 38 candidates)
2026-03-22 16:15:47,543 - INFO - Vol targeting: rolling_vol=0.0440, scale=1.8163
2026-03-22 16:15:47,543 - INFO - PnL Net: -0.0017 | Scaled: -0.0032 | Turnover: 8.91% | Vol Scale: 1.82
2026-03-22 16:15:47,543 - INFO - 
============================================================
2026-03-22 16:15:47,543 - INFO - Running paper trading for 2025-10-07
2026-03-22 16:15:47,543 - INFO - ============================================================
2026-03-22 16:15:47,544 - INFO - Portfolio construction: 38 longs, 38 shorts (from 38 candidates)
2026-03-22 16:15:47,544 - INFO - Vol targeting: rolling_vol=0.0418, scale=1.9150
2026-03-22 16:15:47,544 - INFO - PnL Net: 0.0027 | Scaled: 0.0053 | Turnover: 7.62% | Vol Scale: 1.91
2026-03-22 16:15:47,544 - INFO - 
============================================================
2026-03-22 16:15:47,544 - INFO - Running paper trading for 2025-10-08
2026-03-22 16:15:47,544 - INFO - ============================================================
2026-03-22 16:15:47,545 - INFO - Portfolio construction: 38 longs, 38 shorts (from 38 candidates)
2026-03-22 16:15:47,545 - INFO - Vol targeting: rolling_vol=0.0400, scale=1.9984
2026-03-22 16:15:47,545 - INFO - PnL Net: -0.0012 | Scaled: -0.0024 | Turnover: 6.47% | Vol Scale: 2.00
2026-03-22 16:15:47,545 - INFO - 
============================================================
2026-03-22 16:15:47,546 - INFO - Running paper trading for 2025-10-09
2026-03-22 16:15:47,546 - INFO - ============================================================
2026-03-22 16:15:47,546 - INFO - Portfolio construction: 38 longs, 38 shorts (from 38 candidates)
2026-03-22 16:15:47,547 - INFO - Vol targeting: rolling_vol=0.0499, scale=1.6037
2026-03-22 16:15:47,547 - INFO - PnL Net: -0.0093 | Scaled: -0.0149 | Turnover: 6.11% | Vol Scale: 1.60
2026-03-22 16:15:47,547 - INFO - 
============================================================
2026-03-22 16:15:47,547 - INFO - Running paper trading for 2025-10-10
2026-03-22 16:15:47,547 - INFO - ============================================================
2026-03-22 16:15:47,548 - INFO - Portfolio construction: 38 longs, 38 shorts (from 38 candidates)
2026-03-22 16:15:47,548 - INFO - Vol targeting: rolling_vol=0.0501, scale=1.5958
2026-03-22 16:15:47,548 - INFO - PnL Net: 0.0026 | Scaled: 0.0041 | Turnover: 16.58% | Vol Scale: 1.60
2026-03-22 16:15:47,548 - INFO - 
============================================================
2026-03-22 16:15:47,548 - INFO - Running paper trading for 2025-10-13
2026-03-22 16:15:47,548 - INFO - ============================================================
2026-03-22 16:15:47,549 - INFO - Portfolio construction: 38 longs, 36 shorts (from 38 candidates)
2026-03-22 16:15:47,549 - INFO - Vol targeting: rolling_vol=0.0500, scale=1.5985
2026-03-22 16:15:47,550 - INFO - PnL Net: 0.0001 | Scaled: 0.0001 | Turnover: 21.87% | Vol Scale: 1.60
2026-03-22 16:15:47,550 - INFO - 
============================================================
2026-03-22 16:15:47,550 - INFO - Running paper trading for 2025-10-14
2026-03-22 16:15:47,550 - INFO - ============================================================
2026-03-22 16:15:47,551 - INFO - Portfolio construction: 38 longs, 38 shorts (from 38 candidates)
2026-03-22 16:15:47,551 - INFO - Vol targeting: rolling_vol=0.0503, scale=1.5894
2026-03-22 16:15:47,551 - INFO - PnL Net: 0.0017 | Scaled: 0.0028 | Turnover: 19.87% | Vol Scale: 1.59
2026-03-22 16:15:47,551 - INFO - 
============================================================
2026-03-22 16:15:47,551 - INFO - Running paper trading for 2025-10-15
2026-03-22 16:15:47,551 - INFO - ============================================================
2026-03-22 16:15:47,552 - INFO - Portfolio construction: 38 longs, 38 shorts (from 38 candidates)
2026-03-22 16:15:47,552 - INFO - Vol targeting: rolling_vol=0.0506, scale=1.5825
2026-03-22 16:15:47,552 - WARNING - KS3 TRIGGERED: 60-day Sharpe -0.2138 < 0
2026-03-22 16:15:47,552 - INFO - PnL Net: -0.0039 | Scaled: -0.0062 | Turnover: 19.76% | Vol Scale: 1.58
2026-03-22 16:15:47,552 - INFO - 
============================================================
2026-03-22 16:15:47,552 - INFO - Running paper trading for 2025-10-16
2026-03-22 16:15:47,553 - INFO - ============================================================
2026-03-22 16:15:47,553 - INFO - Portfolio construction: 38 longs, 38 shorts (from 38 candidates)
2026-03-22 16:15:47,554 - INFO - Vol targeting: rolling_vol=0.0497, scale=1.6093
2026-03-22 16:15:47,554 - INFO - PnL Net: 0.0004 | Scaled: 0.0006 | Turnover: 19.81% | Vol Scale: 1.61
2026-03-22 16:15:47,554 - INFO - 
============================================================
2026-03-22 16:15:47,554 - INFO - Running paper trading for 2025-10-17
2026-03-22 16:15:47,554 - INFO - ============================================================
2026-03-22 16:15:47,555 - INFO - Portfolio construction: 38 longs, 2 shorts (from 38 candidates)
2026-03-22 16:15:47,556 - INFO - Vol targeting: rolling_vol=0.0522, scale=1.5325
2026-03-22 16:15:47,556 - INFO - PnL Net: 0.0050 | Scaled: 0.0077 | Turnover: 21.18% | Vol Scale: 1.53
2026-03-22 16:15:47,556 - INFO - 
============================================================
2026-03-22 16:15:47,556 - INFO - Running paper trading for 2025-10-20
2026-03-22 16:15:47,556 - INFO - ============================================================
2026-03-22 16:15:47,557 - INFO - Portfolio construction: 38 longs, 38 shorts (from 38 candidates)
2026-03-22 16:15:47,557 - INFO - Vol targeting: rolling_vol=0.0521, scale=1.5369
2026-03-22 16:15:47,557 - INFO - PnL Net: 0.0028 | Scaled: 0.0043 | Turnover: 19.97% | Vol Scale: 1.54
2026-03-22 16:15:47,557 - INFO - 
============================================================
2026-03-22 16:15:47,557 - INFO - Running paper trading for 2025-10-21
2026-03-22 16:15:47,557 - INFO - ============================================================
2026-03-22 16:15:47,558 - INFO - Portfolio construction: 38 longs, 38 shorts (from 38 candidates)
2026-03-22 16:15:47,558 - INFO - Vol targeting: rolling_vol=0.0528, scale=1.5154
2026-03-22 16:15:47,558 - INFO - PnL Net: -0.0020 | Scaled: -0.0030 | Turnover: 17.75% | Vol Scale: 1.52
2026-03-22 16:15:47,558 - INFO - 
============================================================
2026-03-22 16:15:47,559 - INFO - Running paper trading for 2025-10-22
2026-03-22 16:15:47,559 - INFO - ============================================================
2026-03-22 16:15:47,559 - INFO - Portfolio construction: 38 longs, 38 shorts (from 38 candidates)
2026-03-22 16:15:47,560 - INFO - Vol targeting: rolling_vol=0.0516, scale=1.5499
2026-03-22 16:15:47,560 - INFO - PnL Net: 0.0046 | Scaled: 0.0071 | Turnover: 16.55% | Vol Scale: 1.55
2026-03-22 16:15:47,560 - INFO - 
============================================================
2026-03-22 16:15:47,560 - INFO - Running paper trading for 2025-10-23
2026-03-22 16:15:47,560 - INFO - ============================================================
2026-03-22 16:15:47,561 - INFO - Portfolio construction: 38 longs, 38 shorts (from 38 candidates)
2026-03-22 16:15:47,561 - INFO - Vol targeting: rolling_vol=0.0510, scale=1.5701
2026-03-22 16:15:47,561 - INFO - PnL Net: 0.0010 | Scaled: 0.0015 | Turnover: 18.04% | Vol Scale: 1.57
2026-03-22 16:15:47,561 - INFO - 
============================================================
2026-03-22 16:15:47,561 - INFO - Running paper trading for 2025-10-24
2026-03-22 16:15:47,561 - INFO - ============================================================
2026-03-22 16:15:47,562 - INFO - Portfolio construction: 38 longs, 38 shorts (from 38 candidates)
2026-03-22 16:15:47,563 - INFO - Vol targeting: rolling_vol=0.0511, scale=1.5665
2026-03-22 16:15:47,563 - INFO - PnL Net: 0.0018 | Scaled: 0.0028 | Turnover: 20.07% | Vol Scale: 1.57
2026-03-22 16:15:47,563 - INFO - 
============================================================
2026-03-22 16:15:47,563 - INFO - Running paper trading for 2025-10-27
2026-03-22 16:15:47,563 - INFO - ============================================================
2026-03-22 16:15:47,564 - INFO - Portfolio construction: 38 longs, 38 shorts (from 38 candidates)
2026-03-22 16:15:47,564 - INFO - Vol targeting: rolling_vol=0.0513, scale=1.5609
2026-03-22 16:15:47,564 - INFO - PnL Net: -0.0005 | Scaled: -0.0007 | Turnover: 20.20% | Vol Scale: 1.56
2026-03-22 16:15:47,564 - INFO - 
============================================================
2026-03-22 16:15:47,564 - INFO - Running paper trading for 2025-10-28
2026-03-22 16:15:47,564 - INFO - ============================================================
2026-03-22 16:15:47,565 - INFO - Portfolio construction: 38 longs, 38 shorts (from 38 candidates)
2026-03-22 16:15:47,566 - INFO - Vol targeting: rolling_vol=0.0516, scale=1.5503
2026-03-22 16:15:47,566 - INFO - PnL Net: -0.0011 | Scaled: -0.0017 | Turnover: 17.57% | Vol Scale: 1.55
2026-03-22 16:15:47,566 - INFO - 
============================================================
2026-03-22 16:15:47,566 - INFO - Running paper trading for 2025-10-29
2026-03-22 16:15:47,566 - INFO - ============================================================
2026-03-22 16:15:47,566 - INFO - Portfolio construction: 38 longs, 38 shorts (from 38 candidates)
2026-03-22 16:15:47,566 - INFO - Vol targeting: rolling_vol=0.0533, scale=1.4997
2026-03-22 16:15:47,567 - INFO - PnL Net: -0.0041 | Scaled: -0.0061 | Turnover: 16.24% | Vol Scale: 1.50
2026-03-22 16:15:47,567 - INFO - 
============================================================
2026-03-22 16:15:47,567 - INFO - Running paper trading for 2025-10-30
2026-03-22 16:15:47,567 - INFO - ============================================================
2026-03-22 16:15:47,568 - INFO - Portfolio construction: 38 longs, 38 shorts (from 38 candidates)
2026-03-22 16:15:47,568 - INFO - Vol targeting: rolling_vol=0.0529, scale=1.5111
2026-03-22 16:15:47,568 - INFO - PnL Net: 0.0019 | Scaled: 0.0029 | Turnover: 17.83% | Vol Scale: 1.51
2026-03-22 16:15:47,568 - INFO - 
============================================================
2026-03-22 16:15:47,568 - INFO - Running paper trading for 2025-10-31
2026-03-22 16:15:47,568 - INFO - ============================================================
2026-03-22 16:15:47,568 - INFO - Portfolio construction: 38 longs, 38 shorts (from 38 candidates)
2026-03-22 16:15:47,570 - INFO - Vol targeting: rolling_vol=0.0514, scale=1.5577
2026-03-22 16:15:47,570 - INFO - PnL Net: -0.0012 | Scaled: -0.0019 | Turnover: 17.75% | Vol Scale: 1.56
2026-03-22 16:15:47,570 - INFO - 
============================================================
2026-03-22 16:15:47,570 - INFO - Running paper trading for 2025-11-03
2026-03-22 16:15:47,570 - INFO - ============================================================
2026-03-22 16:15:47,571 - INFO - Portfolio construction: 38 longs, 38 shorts (from 38 candidates)
2026-03-22 16:15:47,571 - INFO - Vol targeting: rolling_vol=0.0532, scale=1.5032
2026-03-22 16:15:47,571 - INFO - PnL Net: -0.0044 | Scaled: -0.0065 | Turnover: 18.48% | Vol Scale: 1.50
2026-03-22 16:15:47,571 - INFO - 
============================================================
2026-03-22 16:15:47,571 - INFO - Running paper trading for 2025-11-04
2026-03-22 16:15:47,571 - INFO - ============================================================
2026-03-22 16:15:47,572 - INFO - Portfolio construction: 38 longs, 38 shorts (from 38 candidates)
2026-03-22 16:15:47,572 - INFO - Vol targeting: rolling_vol=0.0532, scale=1.5046
2026-03-22 16:15:47,573 - INFO - PnL Net: 0.0027 | Scaled: 0.0040 | Turnover: 18.50% | Vol Scale: 1.50
2026-03-22 16:15:47,573 - INFO - 
============================================================
2026-03-22 16:15:47,573 - INFO - Running paper trading for 2025-11-05
2026-03-22 16:15:47,573 - INFO - ============================================================
2026-03-22 16:15:47,574 - INFO - Portfolio construction: 38 longs, 38 shorts (from 38 candidates)
2026-03-22 16:15:47,574 - INFO - Vol targeting: rolling_vol=0.0556, scale=1.4381
2026-03-22 16:15:47,574 - WARNING - KS3 TRIGGERED: 60-day Sharpe -0.0205 < 0
2026-03-22 16:15:47,574 - INFO - PnL Net: -0.0050 | Scaled: -0.0071 | Turnover: 18.91% | Vol Scale: 1.44
2026-03-22 16:15:47,574 - INFO - 
============================================================
2026-03-22 16:15:47,574 - INFO - Running paper trading for 2025-11-06
2026-03-22 16:15:47,574 - INFO - ============================================================
2026-03-22 16:15:47,575 - INFO - Portfolio construction: 38 longs, 38 shorts (from 38 candidates)
2026-03-22 16:15:47,575 - INFO - Vol targeting: rolling_vol=0.0450, scale=1.7759
2026-03-22 16:15:47,575 - WARNING - KS3 TRIGGERED: 60-day Sharpe -0.0011 < 0
2026-03-22 16:15:47,575 - INFO - PnL Net: 0.0004 | Scaled: 0.0007 | Turnover: 19.27% | Vol Scale: 1.78
2026-03-22 16:15:47,575 - INFO - 
============================================================
2026-03-22 16:15:47,575 - INFO - Running paper trading for 2025-11-07
2026-03-22 16:15:47,575 - INFO - ============================================================
2026-03-22 16:15:47,576 - WARNING - No negative predictions for shorts - skipping short positions
2026-03-22 16:15:47,576 - INFO - Portfolio construction: 38 longs, 0 shorts (from 38 candidates)
2026-03-22 16:15:47,576 - INFO - Vol targeting: rolling_vol=0.0446, scale=1.7921
2026-03-22 16:15:47,578 - INFO - PnL Net: 0.0019 | Scaled: 0.0034 | Turnover: 13.18% | Vol Scale: 1.79
2026-03-22 16:15:47,578 - INFO - 
============================================================
2026-03-22 16:15:47,578 - INFO - Running paper trading for 2025-11-10
2026-03-22 16:15:47,578 - INFO - ============================================================
2026-03-22 16:15:47,579 - INFO - Portfolio construction: 38 longs, 38 shorts (from 38 candidates)
2026-03-22 16:15:47,579 - INFO - Vol targeting: rolling_vol=0.0454, scale=1.7634
2026-03-22 16:15:47,579 - INFO - PnL Net: 0.0024 | Scaled: 0.0043 | Turnover: 18.16% | Vol Scale: 1.76
2026-03-22 16:15:47,579 - INFO - 
============================================================
2026-03-22 16:15:47,579 - INFO - Running paper trading for 2025-11-11
2026-03-22 16:15:47,579 - INFO - ============================================================
2026-03-22 16:15:47,580 - INFO - Portfolio construction: 38 longs, 38 shorts (from 38 candidates)
2026-03-22 16:15:47,580 - INFO - Vol targeting: rolling_vol=0.0464, scale=1.7224
2026-03-22 16:15:47,580 - INFO - PnL Net: 0.0034 | Scaled: 0.0059 | Turnover: 16.31% | Vol Scale: 1.72
2026-03-22 16:15:47,580 - INFO - 
============================================================
2026-03-22 16:15:47,580 - INFO - Running paper trading for 2025-11-12
2026-03-22 16:15:47,580 - INFO - ============================================================
2026-03-22 16:15:47,581 - INFO - Portfolio construction: 38 longs, 38 shorts (from 38 candidates)
2026-03-22 16:15:47,582 - INFO - Vol targeting: rolling_vol=0.0448, scale=1.7861
2026-03-22 16:15:47,582 - INFO - PnL Net: -0.0022 | Scaled: -0.0039 | Turnover: 15.82% | Vol Scale: 1.79
2026-03-22 16:15:47,582 - INFO - 
============================================================
2026-03-22 16:15:47,582 - INFO - Running paper trading for 2025-11-13
2026-03-22 16:15:47,582 - INFO - ============================================================
2026-03-22 16:15:47,583 - INFO - Portfolio construction: 38 longs, 38 shorts (from 38 candidates)
2026-03-22 16:15:47,583 - INFO - Vol targeting: rolling_vol=0.0464, scale=1.7238
2026-03-22 16:15:47,583 - INFO - PnL Net: -0.0031 | Scaled: -0.0054 | Turnover: 17.53% | Vol Scale: 1.72
2026-03-22 16:15:47,583 - INFO - 
============================================================
2026-03-22 16:15:47,583 - INFO - Running paper trading for 2025-11-14
2026-03-22 16:15:47,583 - INFO - ============================================================
2026-03-22 16:15:47,584 - INFO - Portfolio construction: 38 longs, 38 shorts (from 38 candidates)
2026-03-22 16:15:47,584 - INFO - Vol targeting: rolling_vol=0.0494, scale=1.6195
2026-03-22 16:15:47,584 - WARNING - KS3 TRIGGERED: 60-day Sharpe -1.2139 < 0
2026-03-22 16:15:47,584 - INFO - PnL Net: -0.0071 | Scaled: -0.0114 | Turnover: 18.41% | Vol Scale: 1.62
2026-03-22 16:15:47,585 - INFO - 
============================================================
2026-03-22 16:15:47,585 - INFO - Running paper trading for 2025-11-17
2026-03-22 16:15:47,585 - INFO - ============================================================
2026-03-22 16:15:47,585 - INFO - Portfolio construction: 38 longs, 38 shorts (from 38 candidates)
2026-03-22 16:15:47,586 - INFO - Vol targeting: rolling_vol=0.0481, scale=1.6647
2026-03-22 16:15:47,586 - WARNING - KS3 TRIGGERED: 60-day Sharpe -0.9382 < 0
2026-03-22 16:15:47,586 - INFO - PnL Net: -0.0011 | Scaled: -0.0018 | Turnover: 18.60% | Vol Scale: 1.66
2026-03-22 16:15:47,586 - INFO - 
============================================================
2026-03-22 16:15:47,586 - INFO - Running paper trading for 2025-11-18
2026-03-22 16:15:47,586 - INFO - ============================================================
2026-03-22 16:15:47,586 - INFO - Portfolio construction: 38 longs, 38 shorts (from 38 candidates)
2026-03-22 16:15:47,587 - INFO - Vol targeting: rolling_vol=0.0478, scale=1.6738
2026-03-22 16:15:47,587 - WARNING - KS3 TRIGGERED: 60-day Sharpe -0.9945 < 0
2026-03-22 16:15:47,587 - INFO - PnL Net: -0.0001 | Scaled: -0.0002 | Turnover: 17.82% | Vol Scale: 1.67
2026-03-22 16:15:47,587 - INFO - 
============================================================
2026-03-22 16:15:47,587 - INFO - Running paper trading for 2025-11-19
2026-03-22 16:15:47,587 - INFO - ============================================================
2026-03-22 16:15:47,588 - INFO - Portfolio construction: 38 longs, 10 shorts (from 38 candidates)
2026-03-22 16:15:47,588 - INFO - Vol targeting: rolling_vol=0.0464, scale=1.7231
2026-03-22 16:15:47,588 - WARNING - KS3 TRIGGERED: 60-day Sharpe -1.4547 < 0
2026-03-22 16:15:47,588 - INFO - PnL Net: -0.0049 | Scaled: -0.0085 | Turnover: 20.34% | Vol Scale: 1.72
2026-03-22 16:15:47,588 - INFO - 
============================================================
2026-03-22 16:15:47,588 - INFO - Running paper trading for 2025-11-20
2026-03-22 16:15:47,588 - INFO - ============================================================
2026-03-22 16:15:47,589 - INFO - Portfolio construction: 38 longs, 4 shorts (from 38 candidates)
2026-03-22 16:15:47,590 - INFO - Vol targeting: rolling_vol=0.0537, scale=1.4897
2026-03-22 16:15:47,590 - WARNING - KS3 TRIGGERED: 60-day Sharpe -0.7805 < 0
2026-03-22 16:15:47,590 - INFO - PnL Net: 0.0070 | Scaled: 0.0104 | Turnover: 18.63% | Vol Scale: 1.49
2026-03-22 16:15:47,590 - INFO - 
============================================================
2026-03-22 16:15:47,590 - INFO - Running paper trading for 2025-11-21
2026-03-22 16:15:47,590 - INFO - ============================================================
2026-03-22 16:15:47,591 - WARNING - No negative predictions for shorts - skipping short positions
2026-03-22 16:15:47,591 - INFO - Portfolio construction: 38 longs, 0 shorts (from 38 candidates)
2026-03-22 16:15:47,591 - INFO - Vol targeting: rolling_vol=0.0544, scale=1.4711
2026-03-22 16:15:47,591 - WARNING - KS3 TRIGGERED: 60-day Sharpe -0.5647 < 0
2026-03-22 16:15:47,591 - INFO - PnL Net: 0.0028 | Scaled: 0.0041 | Turnover: 14.74% | Vol Scale: 1.47
2026-03-22 16:15:47,591 - INFO - 
============================================================
2026-03-22 16:15:47,591 - INFO - Running paper trading for 2025-11-24
2026-03-22 16:15:47,591 - INFO - ============================================================
2026-03-22 16:15:47,592 - INFO - Portfolio construction: 38 longs, 38 shorts (from 38 candidates)
2026-03-22 16:15:47,593 - INFO - Vol targeting: rolling_vol=0.0569, scale=1.4057
2026-03-22 16:15:47,593 - WARNING - KS3 TRIGGERED: 60-day Sharpe -0.0606 < 0
2026-03-22 16:15:47,593 - INFO - PnL Net: 0.0042 | Scaled: 0.0060 | Turnover: 18.63% | Vol Scale: 1.41
2026-03-22 16:15:47,593 - INFO - 
============================================================
2026-03-22 16:15:47,593 - INFO - Running paper trading for 2025-11-25
2026-03-22 16:15:47,593 - INFO - ============================================================
2026-03-22 16:15:47,594 - INFO - Portfolio construction: 38 longs, 29 shorts (from 38 candidates)
2026-03-22 16:15:47,594 - INFO - Vol targeting: rolling_vol=0.0582, scale=1.3744
2026-03-22 16:15:47,594 - INFO - PnL Net: 0.0033 | Scaled: 0.0045 | Turnover: 16.83% | Vol Scale: 1.37
2026-03-22 16:15:47,594 - INFO - 
============================================================
2026-03-22 16:15:47,594 - INFO - Running paper trading for 2025-11-26
2026-03-22 16:15:47,594 - INFO - ============================================================
2026-03-22 16:15:47,595 - INFO - Portfolio construction: 38 longs, 38 shorts (from 38 candidates)
2026-03-22 16:15:47,595 - INFO - Vol targeting: rolling_vol=0.0572, scale=1.3978
2026-03-22 16:15:47,596 - INFO - PnL Net: 0.0028 | Scaled: 0.0039 | Turnover: 19.67% | Vol Scale: 1.40
2026-03-22 16:15:47,596 - INFO - 
============================================================
2026-03-22 16:15:47,596 - INFO - Running paper trading for 2025-11-28
2026-03-22 16:15:47,596 - INFO - ============================================================
2026-03-22 16:15:47,596 - INFO - Portfolio construction: 38 longs, 38 shorts (from 38 candidates)
2026-03-22 16:15:47,596 - INFO - Vol targeting: rolling_vol=0.0570, scale=1.4044
2026-03-22 16:15:47,596 - INFO - PnL Net: -0.0008 | Scaled: -0.0011 | Turnover: 18.71% | Vol Scale: 1.40
2026-03-22 16:15:47,596 - INFO - 
============================================================
2026-03-22 16:15:47,596 - INFO - Running paper trading for 2025-12-01
2026-03-22 16:15:47,598 - INFO - ============================================================
2026-03-22 16:15:47,598 - INFO - Portfolio construction: 38 longs, 38 shorts (from 38 candidates)
2026-03-22 16:15:47,599 - INFO - Vol targeting: rolling_vol=0.0577, scale=1.3855
2026-03-22 16:15:47,599 - INFO - PnL Net: 0.0032 | Scaled: 0.0044 | Turnover: 17.87% | Vol Scale: 1.39
2026-03-22 16:15:47,599 - INFO - 
============================================================
2026-03-22 16:15:47,599 - INFO - Running paper trading for 2025-12-02
2026-03-22 16:15:47,599 - INFO - ============================================================
2026-03-22 16:15:47,600 - INFO - Portfolio construction: 38 longs, 38 shorts (from 38 candidates)
2026-03-22 16:15:47,600 - INFO - Vol targeting: rolling_vol=0.0579, scale=1.3813
2026-03-22 16:15:47,600 - INFO - PnL Net: 0.0056 | Scaled: 0.0077 | Turnover: 20.20% | Vol Scale: 1.38
2026-03-22 16:15:47,600 - INFO - 
============================================================
2026-03-22 16:15:47,600 - INFO - Running paper trading for 2025-12-03
2026-03-22 16:15:47,600 - INFO - ============================================================
2026-03-22 16:15:47,601 - INFO - Portfolio construction: 38 longs, 38 shorts (from 38 candidates)
2026-03-22 16:15:47,601 - INFO - Vol targeting: rolling_vol=0.0576, scale=1.3891
2026-03-22 16:15:47,601 - INFO - PnL Net: -0.0002 | Scaled: -0.0003 | Turnover: 19.11% | Vol Scale: 1.39
2026-03-22 16:15:47,601 - INFO - 
============================================================
2026-03-22 16:15:47,601 - INFO - Running paper trading for 2025-12-04
2026-03-22 16:15:47,601 - INFO - ============================================================
2026-03-22 16:15:47,602 - INFO - Portfolio construction: 38 longs, 3 shorts (from 38 candidates)
2026-03-22 16:15:47,602 - INFO - Vol targeting: rolling_vol=0.0539, scale=1.4845
2026-03-22 16:15:47,603 - INFO - PnL Net: 0.0005 | Scaled: 0.0008 | Turnover: 19.09% | Vol Scale: 1.48
2026-03-22 16:15:47,603 - INFO - 
============================================================
2026-03-22 16:15:47,603 - INFO - Running paper trading for 2025-12-05
2026-03-22 16:15:47,603 - INFO - ============================================================
2026-03-22 16:15:47,604 - INFO - Portfolio construction: 38 longs, 2 shorts (from 38 candidates)
2026-03-22 16:15:47,604 - INFO - Vol targeting: rolling_vol=0.0571, scale=1.4018
2026-03-22 16:15:47,604 - INFO - PnL Net: -0.0045 | Scaled: -0.0063 | Turnover: 19.14% | Vol Scale: 1.40
2026-03-22 16:15:47,604 - INFO - 
============================================================
2026-03-22 16:15:47,604 - INFO - Running paper trading for 2025-12-08
2026-03-22 16:15:47,604 - INFO - ============================================================
2026-03-22 16:15:47,605 - WARNING - No negative predictions for shorts - skipping short positions
2026-03-22 16:15:47,605 - INFO - Portfolio construction: 38 longs, 0 shorts (from 38 candidates)
2026-03-22 16:15:47,606 - INFO - Vol targeting: rolling_vol=0.0570, scale=1.4030
2026-03-22 16:15:47,606 - INFO - PnL Net: -0.0005 | Scaled: -0.0008 | Turnover: 15.68% | Vol Scale: 1.40
2026-03-22 16:15:47,606 - INFO - 
============================================================
2026-03-22 16:15:47,606 - INFO - Running paper trading for 2025-12-09
2026-03-22 16:15:47,606 - INFO - ============================================================
2026-03-22 16:15:47,607 - INFO - Portfolio construction: 38 longs, 2 shorts (from 38 candidates)
2026-03-22 16:15:47,608 - INFO - Vol targeting: rolling_vol=0.0607, scale=1.3183
2026-03-22 16:15:47,608 - INFO - PnL Net: 0.0068 | Scaled: 0.0089 | Turnover: 18.84% | Vol Scale: 1.32
2026-03-22 16:15:47,608 - INFO - 
============================================================
2026-03-22 16:15:47,608 - INFO - Running paper trading for 2025-12-10
2026-03-22 16:15:47,608 - INFO - ============================================================
2026-03-22 16:15:47,608 - WARNING - No negative predictions for shorts - skipping short positions
2026-03-22 16:15:47,609 - INFO - Portfolio construction: 38 longs, 0 shorts (from 38 candidates)
2026-03-22 16:15:47,609 - INFO - Vol targeting: rolling_vol=0.0675, scale=1.1847
2026-03-22 16:15:47,609 - INFO - PnL Net: 0.0096 | Scaled: 0.0114 | Turnover: 13.56% | Vol Scale: 1.18
2026-03-22 16:15:47,609 - INFO - 
============================================================
2026-03-22 16:15:47,609 - INFO - Running paper trading for 2025-12-11
2026-03-22 16:15:47,609 - INFO - ============================================================
2026-03-22 16:15:47,610 - INFO - Portfolio construction: 38 longs, 38 shorts (from 38 candidates)
2026-03-22 16:15:47,610 - INFO - Vol targeting: rolling_vol=0.0665, scale=1.2031
2026-03-22 16:15:47,610 - INFO - PnL Net: 0.0011 | Scaled: 0.0013 | Turnover: 17.58% | Vol Scale: 1.20
2026-03-22 16:15:47,610 - INFO - 
============================================================
2026-03-22 16:15:47,611 - INFO - Running paper trading for 2025-12-12
2026-03-22 16:15:47,611 - INFO - ============================================================
2026-03-22 16:15:47,611 - INFO - Portfolio construction: 38 longs, 38 shorts (from 38 candidates)
2026-03-22 16:15:47,612 - INFO - Vol targeting: rolling_vol=0.0646, scale=1.2379
2026-03-22 16:15:47,612 - INFO - PnL Net: 0.0020 | Scaled: 0.0025 | Turnover: 20.65% | Vol Scale: 1.24
2026-03-22 16:15:47,612 - INFO - 
============================================================
2026-03-22 16:15:47,612 - INFO - Running paper trading for 2025-12-15
2026-03-22 16:15:47,612 - INFO - ============================================================
2026-03-22 16:15:47,613 - INFO - Portfolio construction: 38 longs, 38 shorts (from 38 candidates)
2026-03-22 16:15:47,613 - INFO - Vol targeting: rolling_vol=0.0592, scale=1.3522
2026-03-22 16:15:47,613 - INFO - PnL Net: -0.0030 | Scaled: -0.0041 | Turnover: 19.78% | Vol Scale: 1.35
2026-03-22 16:15:47,613 - INFO - 
============================================================
2026-03-22 16:15:47,613 - INFO - Running paper trading for 2025-12-16
2026-03-22 16:15:47,613 - INFO - ============================================================
2026-03-22 16:15:47,614 - INFO - Portfolio construction: 38 longs, 38 shorts (from 38 candidates)
2026-03-22 16:15:47,614 - INFO - Vol targeting: rolling_vol=0.0591, scale=1.3527
2026-03-22 16:15:47,615 - INFO - PnL Net: -0.0011 | Scaled: -0.0014 | Turnover: 18.63% | Vol Scale: 1.35
2026-03-22 16:15:47,615 - INFO - 
============================================================
2026-03-22 16:15:47,615 - INFO - Running paper trading for 2025-12-17
2026-03-22 16:15:47,615 - INFO - ============================================================
2026-03-22 16:15:47,616 - INFO - Portfolio construction: 38 longs, 38 shorts (from 38 candidates)
2026-03-22 16:15:47,616 - INFO - Vol targeting: rolling_vol=0.0590, scale=1.3570
2026-03-22 16:15:47,616 - INFO - PnL Net: 0.0005 | Scaled: 0.0007 | Turnover: 18.11% | Vol Scale: 1.36
2026-03-22 16:15:47,616 - INFO - 
============================================================
2026-03-22 16:15:47,616 - INFO - Running paper trading for 2025-12-18
2026-03-22 16:15:47,616 - INFO - ============================================================
2026-03-22 16:15:47,617 - INFO - Portfolio construction: 38 longs, 38 shorts (from 38 candidates)
2026-03-22 16:15:47,617 - INFO - Vol targeting: rolling_vol=0.0538, scale=1.4865
2026-03-22 16:15:47,617 - INFO - PnL Net: 0.0014 | Scaled: 0.0021 | Turnover: 15.89% | Vol Scale: 1.49
2026-03-22 16:15:47,617 - INFO - 
============================================================
2026-03-22 16:15:47,617 - INFO - Running paper trading for 2025-12-19
2026-03-22 16:15:47,617 - INFO - ============================================================
2026-03-22 16:15:47,619 - INFO - Portfolio construction: 38 longs, 38 shorts (from 38 candidates)
2026-03-22 16:15:47,619 - INFO - Vol targeting: rolling_vol=0.0508, scale=1.5738
2026-03-22 16:15:47,619 - INFO - PnL Net: 0.0029 | Scaled: 0.0046 | Turnover: 15.26% | Vol Scale: 1.57
2026-03-22 16:15:47,619 - INFO - 
============================================================
2026-03-22 16:15:47,619 - INFO - Running paper trading for 2025-12-22
2026-03-22 16:15:47,619 - INFO - ============================================================
2026-03-22 16:15:47,620 - INFO - Portfolio construction: 38 longs, 38 shorts (from 38 candidates)
2026-03-22 16:15:47,621 - INFO - Vol targeting: rolling_vol=0.0516, scale=1.5517
2026-03-22 16:15:47,621 - INFO - PnL Net: -0.0009 | Scaled: -0.0014 | Turnover: 16.20% | Vol Scale: 1.55
2026-03-22 16:15:47,621 - INFO - 
============================================================
2026-03-22 16:15:47,621 - INFO - Running paper trading for 2025-12-23
2026-03-22 16:15:47,621 - INFO - ============================================================
2026-03-22 16:15:47,622 - INFO - Portfolio construction: 38 longs, 38 shorts (from 38 candidates)
2026-03-22 16:15:47,622 - INFO - Vol targeting: rolling_vol=0.0507, scale=1.5785
2026-03-22 16:15:47,622 - INFO - PnL Net: 0.0014 | Scaled: 0.0022 | Turnover: 18.49% | Vol Scale: 1.58
2026-03-22 16:15:47,622 - INFO - 
============================================================
2026-03-22 16:15:47,622 - INFO - Running paper trading for 2025-12-24
2026-03-22 16:15:47,622 - INFO - ============================================================
2026-03-22 16:15:47,623 - INFO - Portfolio construction: 38 longs, 38 shorts (from 38 candidates)
2026-03-22 16:15:47,624 - INFO - Vol targeting: rolling_vol=0.0504, scale=1.5889
2026-03-22 16:15:47,624 - INFO - PnL Net: 0.0005 | Scaled: 0.0008 | Turnover: 17.12% | Vol Scale: 1.59
2026-03-22 16:15:47,624 - INFO - 
============================================================
2026-03-22 16:15:47,624 - INFO - Running paper trading for 2025-12-26
2026-03-22 16:15:47,624 - INFO - ============================================================
2026-03-22 16:15:47,625 - INFO - Portfolio construction: 38 longs, 38 shorts (from 38 candidates)
2026-03-22 16:15:47,625 - INFO - Vol targeting: rolling_vol=0.0515, scale=1.5540
2026-03-22 16:15:47,626 - INFO - PnL Net: -0.0022 | Scaled: -0.0034 | Turnover: 16.78% | Vol Scale: 1.55
2026-03-22 16:15:47,626 - INFO - 
============================================================
2026-03-22 16:15:47,626 - INFO - Running paper trading for 2025-12-29
2026-03-22 16:15:47,626 - INFO - ============================================================
2026-03-22 16:15:47,627 - INFO - Portfolio construction: 38 longs, 38 shorts (from 38 candidates)
2026-03-22 16:15:47,627 - INFO - Vol targeting: rolling_vol=0.0514, scale=1.5572
2026-03-22 16:15:47,627 - INFO - PnL Net: -0.0006 | Scaled: -0.0009 | Turnover: 15.33% | Vol Scale: 1.56
2026-03-22 16:15:47,627 - INFO - 
============================================================
2026-03-22 16:15:47,627 - INFO - Running paper trading for 2026-02-06
2026-03-22 16:15:47,627 - INFO - ============================================================
2026-03-22 16:15:47,628 - INFO - Portfolio construction: 38 longs, 38 shorts (from 38 candidates)
2026-03-22 16:15:47,628 - INFO - Vol targeting: rolling_vol=0.0513, scale=1.5602
2026-03-22 16:15:47,628 - INFO - PnL Net: -0.0009 | Scaled: -0.0014 | Turnover: 21.13% | Vol Scale: 1.56
2026-03-22 16:15:47,628 - INFO - 
============================================================
2026-03-22 16:15:47,628 - INFO - Running paper trading for 2026-02-09
2026-03-22 16:15:47,628 - INFO - ============================================================
2026-03-22 16:15:47,629 - INFO - Portfolio construction: 38 longs, 38 shorts (from 38 candidates)
2026-03-22 16:15:47,629 - INFO - Vol targeting: rolling_vol=0.0485, scale=1.6506
2026-03-22 16:15:47,629 - INFO - PnL Net: -0.0001 | Scaled: -0.0001 | Turnover: 18.54% | Vol Scale: 1.65
2026-03-22 16:15:47,629 - INFO - 
============================================================
2026-03-22 16:15:47,629 - INFO - Running paper trading for 2026-02-10
2026-03-22 16:15:47,630 - INFO - ============================================================
2026-03-22 16:15:47,631 - INFO - Portfolio construction: 38 longs, 38 shorts (from 38 candidates)
2026-03-22 16:15:47,631 - INFO - Vol targeting: rolling_vol=0.0499, scale=1.6039
2026-03-22 16:15:47,631 - INFO - PnL Net: -0.0028 | Scaled: -0.0046 | Turnover: 16.26% | Vol Scale: 1.60
2026-03-22 16:15:47,631 - INFO - 
============================================================
2026-03-22 16:15:47,631 - INFO - Running paper trading for 2026-02-11
2026-03-22 16:15:47,631 - INFO - ============================================================
2026-03-22 16:15:47,632 - INFO - Portfolio construction: 38 longs, 38 shorts (from 38 candidates)
2026-03-22 16:15:47,632 - INFO - Vol targeting: rolling_vol=0.0606, scale=1.3194
2026-03-22 16:15:47,632 - INFO - PnL Net: -0.0095 | Scaled: -0.0125 | Turnover: 14.12% | Vol Scale: 1.32
2026-03-22 16:15:47,632 - INFO - 
============================================================
2026-03-22 16:15:47,632 - INFO - Running paper trading for 2026-02-12
2026-03-22 16:15:47,632 - INFO - ============================================================
2026-03-22 16:15:47,633 - INFO - Portfolio construction: 38 longs, 38 shorts (from 38 candidates)
2026-03-22 16:15:47,633 - INFO - Vol targeting: rolling_vol=0.0586, scale=1.3651
2026-03-22 16:15:47,633 - INFO - PnL Net: 0.0018 | Scaled: 0.0025 | Turnover: 12.15% | Vol Scale: 1.37
2026-03-22 16:15:47,633 - INFO - 
============================================================
2026-03-22 16:15:47,633 - INFO - Running paper trading for 2026-02-13
2026-03-22 16:15:47,633 - INFO - ============================================================
2026-03-22 16:15:47,635 - INFO - Portfolio construction: 38 longs, 38 shorts (from 38 candidates)
2026-03-22 16:15:47,635 - INFO - Vol targeting: rolling_vol=0.0585, scale=1.3670
2026-03-22 16:15:47,636 - INFO - PnL Net: 0.0002 | Scaled: 0.0003 | Turnover: 11.86% | Vol Scale: 1.37
2026-03-22 16:15:47,636 - INFO - 
============================================================
2026-03-22 16:15:47,636 - INFO - Running paper trading for 2026-02-17
2026-03-22 16:15:47,636 - INFO - ============================================================
2026-03-22 16:15:47,637 - INFO - Portfolio construction: 38 longs, 38 shorts (from 38 candidates)
2026-03-22 16:15:47,637 - INFO - Vol targeting: rolling_vol=0.0546, scale=1.4658
2026-03-22 16:15:47,637 - INFO - PnL Net: 0.0029 | Scaled: 0.0042 | Turnover: 10.41% | Vol Scale: 1.47
2026-03-22 16:15:47,637 - INFO - 
============================================================
2026-03-22 16:15:47,637 - INFO - Running paper trading for 2026-02-18
2026-03-22 16:15:47,637 - INFO - ============================================================
2026-03-22 16:15:47,638 - INFO - Portfolio construction: 38 longs, 38 shorts (from 38 candidates)
2026-03-22 16:15:47,638 - INFO - Vol targeting: rolling_vol=0.0428, scale=1.8675
2026-03-22 16:15:47,638 - INFO - PnL Net: -0.0022 | Scaled: -0.0041 | Turnover: 8.78% | Vol Scale: 1.87
2026-03-22 16:15:47,638 - INFO - 
============================================================
2026-03-22 16:15:47,638 - INFO - Running paper trading for 2026-02-19
2026-03-22 16:15:47,638 - INFO - ============================================================
2026-03-22 16:15:47,639 - INFO - Portfolio construction: 38 longs, 38 shorts (from 38 candidates)
2026-03-22 16:15:47,639 - INFO - Vol targeting: rolling_vol=0.0425, scale=1.8807
2026-03-22 16:15:47,639 - INFO - PnL Net: 0.0001 | Scaled: 0.0003 | Turnover: 7.95% | Vol Scale: 1.88
2026-03-22 16:15:47,639 - INFO - 
============================================================
2026-03-22 16:15:47,639 - INFO - Running paper trading for 2026-02-20
2026-03-22 16:15:47,639 - INFO - ============================================================
2026-03-22 16:15:47,640 - INFO - Portfolio construction: 38 longs, 38 shorts (from 38 candidates)
2026-03-22 16:15:47,641 - INFO - Vol targeting: rolling_vol=0.0467, scale=1.7140
2026-03-22 16:15:47,641 - INFO - PnL Net: -0.0068 | Scaled: -0.0116 | Turnover: 7.97% | Vol Scale: 1.71
2026-03-22 16:15:47,641 - INFO - 
============================================================
2026-03-22 16:15:47,641 - INFO - Running paper trading for 2026-02-23
2026-03-22 16:15:47,641 - INFO - ============================================================
2026-03-22 16:15:47,642 - INFO - Portfolio construction: 38 longs, 38 shorts (from 38 candidates)
2026-03-22 16:15:47,642 - INFO - Vol targeting: rolling_vol=0.0518, scale=1.5453
2026-03-22 16:15:47,642 - INFO - PnL Net: 0.0060 | Scaled: 0.0093 | Turnover: 7.07% | Vol Scale: 1.55
2026-03-22 16:15:47,642 - INFO - 
============================================================
2026-03-22 16:15:47,642 - INFO - Running paper trading for 2026-02-24
2026-03-22 16:15:47,642 - INFO - ============================================================
2026-03-22 16:15:47,643 - INFO - Portfolio construction: 38 longs, 38 shorts (from 38 candidates)
2026-03-22 16:15:47,644 - INFO - Vol targeting: rolling_vol=0.0565, scale=1.4169
2026-03-22 16:15:47,644 - INFO - PnL Net: 0.0061 | Scaled: 0.0087 | Turnover: 6.89% | Vol Scale: 1.42
2026-03-22 16:15:47,644 - INFO - 
============================================================
2026-03-22 16:15:47,644 - INFO - Running paper trading for 2026-02-25
2026-03-22 16:15:47,644 - INFO - ============================================================
2026-03-22 16:15:47,645 - INFO - Portfolio construction: 38 longs, 38 shorts (from 38 candidates)
2026-03-22 16:15:47,645 - INFO - Vol targeting: rolling_vol=0.0566, scale=1.4144
2026-03-22 16:15:47,645 - INFO - PnL Net: -0.0013 | Scaled: -0.0018 | Turnover: 6.04% | Vol Scale: 1.41
2026-03-22 16:15:47,645 - INFO - 
============================================================
2026-03-22 16:15:47,645 - INFO - Running paper trading for 2026-02-26
2026-03-22 16:15:47,645 - INFO - ============================================================
2026-03-22 16:15:47,646 - INFO - Portfolio construction: 38 longs, 38 shorts (from 38 candidates)
2026-03-22 16:15:47,647 - INFO - Vol targeting: rolling_vol=0.0588, scale=1.3597
2026-03-22 16:15:47,647 - INFO - PnL Net: -0.0052 | Scaled: -0.0071 | Turnover: 5.70% | Vol Scale: 1.36
2026-03-22 16:15:47,647 - INFO - 
============================================================
2026-03-22 16:15:47,647 - INFO - Running paper trading for 2026-02-27
2026-03-22 16:15:47,647 - INFO - ============================================================
2026-03-22 16:15:47,648 - INFO - Portfolio construction: 38 longs, 38 shorts (from 38 candidates)
2026-03-22 16:15:47,648 - INFO - Vol targeting: rolling_vol=0.0578, scale=1.3844
2026-03-22 16:15:47,648 - INFO - PnL Net: -0.0023 | Scaled: -0.0032 | Turnover: 5.32% | Vol Scale: 1.38
2026-03-22 16:15:47,648 - INFO - 
============================================================
2026-03-22 16:15:47,648 - INFO - Running paper trading for 2026-03-02
2026-03-22 16:15:47,648 - INFO - ============================================================
2026-03-22 16:15:47,650 - INFO - Portfolio construction: 38 longs, 38 shorts (from 38 candidates)
2026-03-22 16:15:47,650 - INFO - Vol targeting: rolling_vol=0.0580, scale=1.3792
2026-03-22 16:15:47,650 - INFO - PnL Net: -0.0022 | Scaled: -0.0031 | Turnover: 5.00% | Vol Scale: 1.38
2026-03-22 16:15:47,650 - INFO - 
============================================================
2026-03-22 16:15:47,650 - INFO - Running paper trading for 2026-03-03
2026-03-22 16:15:47,650 - INFO - ============================================================
2026-03-22 16:15:47,651 - INFO - Portfolio construction: 38 longs, 38 shorts (from 38 candidates)
2026-03-22 16:15:47,651 - INFO - Vol targeting: rolling_vol=0.0602, scale=1.3294
2026-03-22 16:15:47,651 - INFO - PnL Net: 0.0042 | Scaled: 0.0056 | Turnover: 5.60% | Vol Scale: 1.33
2026-03-22 16:15:47,651 - INFO - 
============================================================
2026-03-22 16:15:47,651 - INFO - Running paper trading for 2026-03-04
2026-03-22 16:15:47,651 - INFO - ============================================================
2026-03-22 16:15:47,652 - INFO - Portfolio construction: 38 longs, 38 shorts (from 38 candidates)
2026-03-22 16:15:47,653 - INFO - Vol targeting: rolling_vol=0.0613, scale=1.3057
2026-03-22 16:15:47,653 - INFO - PnL Net: 0.0028 | Scaled: 0.0037 | Turnover: 4.87% | Vol Scale: 1.31
2026-03-22 16:15:47,653 - INFO - 
============================================================
2026-03-22 16:15:47,653 - INFO - Running paper trading for 2026-03-05
2026-03-22 16:15:47,653 - INFO - ============================================================
2026-03-22 16:15:47,654 - INFO - Portfolio construction: 38 longs, 38 shorts (from 38 candidates)
2026-03-22 16:15:47,654 - INFO - Vol targeting: rolling_vol=0.0623, scale=1.2832
2026-03-22 16:15:47,654 - INFO - PnL Net: -0.0042 | Scaled: -0.0054 | Turnover: 4.08% | Vol Scale: 1.28
2026-03-22 16:15:47,654 - INFO - 
============================================================
2026-03-22 16:15:47,654 - INFO - Running paper trading for 2026-03-06
2026-03-22 16:15:47,654 - INFO - ============================================================
2026-03-22 16:15:47,655 - INFO - Portfolio construction: 38 longs, 38 shorts (from 38 candidates)
2026-03-22 16:15:47,656 - INFO - Vol targeting: rolling_vol=0.0625, scale=1.2798
2026-03-22 16:15:47,656 - INFO - PnL Net: 0.0006 | Scaled: 0.0008 | Turnover: 4.68% | Vol Scale: 1.28
2026-03-22 16:15:47,656 - INFO - 
============================================================
2026-03-22 16:15:47,656 - INFO - Running paper trading for 2026-03-09
2026-03-22 16:15:47,656 - INFO - ============================================================
2026-03-22 16:15:47,657 - INFO - Portfolio construction: 38 longs, 38 shorts (from 38 candidates)
2026-03-22 16:15:47,657 - INFO - Vol targeting: rolling_vol=0.0625, scale=1.2793
2026-03-22 16:15:47,657 - INFO - PnL Net: -0.0000 | Scaled: -0.0001 | Turnover: 5.24% | Vol Scale: 1.28
2026-03-22 16:15:47,657 - INFO - 
============================================================
2026-03-22 16:15:47,657 - INFO - Running paper trading for 2026-03-10
2026-03-22 16:15:47,657 - INFO - ============================================================
2026-03-22 16:15:47,658 - INFO - Portfolio construction: 38 longs, 38 shorts (from 38 candidates)
2026-03-22 16:15:47,658 - INFO - Vol targeting: rolling_vol=0.0630, scale=1.2696
2026-03-22 16:15:47,659 - INFO - PnL Net: 0.0017 | Scaled: 0.0021 | Turnover: 5.32% | Vol Scale: 1.27
2026-03-22 16:15:47,659 - INFO - 
============================================================
2026-03-22 16:15:47,659 - INFO - Running paper trading for 2026-03-11
2026-03-22 16:15:47,659 - INFO - ============================================================
2026-03-22 16:15:47,659 - INFO - Portfolio construction: 38 longs, 38 shorts (from 38 candidates)
2026-03-22 16:15:47,659 - INFO - Vol targeting: rolling_vol=0.0673, scale=1.1884
2026-03-22 16:15:47,659 - INFO - PnL Net: -0.0077 | Scaled: -0.0091 | Turnover: 5.08% | Vol Scale: 1.19
2026-03-22 16:15:47,659 - INFO - 
============================================================
2026-03-22 16:15:47,659 - INFO - Running paper trading for 2026-03-12
2026-03-22 16:15:47,660 - INFO - ============================================================
2026-03-22 16:15:47,660 - INFO - Portfolio construction: 38 longs, 38 shorts (from 38 candidates)
2026-03-22 16:15:47,661 - INFO - Vol targeting: rolling_vol=0.0614, scale=1.3024
2026-03-22 16:15:47,661 - INFO - PnL Net: -0.0048 | Scaled: -0.0063 | Turnover: 5.04% | Vol Scale: 1.30
2026-03-22 16:15:47,661 - INFO - 
============================================================
2026-03-22 16:15:47,661 - INFO - Running paper trading for 2026-03-13
2026-03-22 16:15:47,661 - INFO - ============================================================
2026-03-22 16:15:47,662 - INFO - Portfolio construction: 38 longs, 38 shorts (from 38 candidates)
2026-03-22 16:15:47,662 - INFO - Vol targeting: rolling_vol=0.0634, scale=1.2617
2026-03-22 16:15:47,662 - INFO - PnL Net: 0.0045 | Scaled: 0.0057 | Turnover: 4.73% | Vol Scale: 1.26
2026-03-22 16:15:47,663 - INFO - 
============================================================
2026-03-22 16:15:47,663 - INFO - Running paper trading for 2026-03-16
2026-03-22 16:15:47,663 - INFO - ============================================================
2026-03-22 16:15:47,664 - INFO - Portfolio construction: 38 longs, 38 shorts (from 38 candidates)
2026-03-22 16:15:47,664 - INFO - Vol targeting: rolling_vol=0.0641, scale=1.2475
2026-03-22 16:15:47,664 - INFO - PnL Net: 0.0024 | Scaled: 0.0030 | Turnover: 5.09% | Vol Scale: 1.25
2026-03-22 16:15:47,664 - INFO - 
============================================================
2026-03-22 16:15:47,664 - INFO - Running paper trading for 2026-03-17
2026-03-22 16:15:47,664 - INFO - ============================================================
2026-03-22 16:15:47,665 - INFO - Portfolio construction: 38 longs, 38 shorts (from 38 candidates)
2026-03-22 16:15:47,666 - INFO - Vol targeting: rolling_vol=0.0645, scale=1.2410
2026-03-22 16:15:47,666 - INFO - PnL Net: -0.0042 | Scaled: -0.0053 | Turnover: 5.63% | Vol Scale: 1.24
2026-03-22 16:15:47,666 - INFO - 
============================================================
2026-03-22 16:15:47,666 - INFO - Running paper trading for 2026-03-18
2026-03-22 16:15:47,666 - INFO - ============================================================
2026-03-22 16:15:47,667 - INFO - Portfolio construction: 38 longs, 38 shorts (from 38 candidates)
2026-03-22 16:15:47,667 - INFO - Vol targeting: rolling_vol=0.0646, scale=1.2393
2026-03-22 16:15:47,667 - INFO - PnL Net: 0.0014 | Scaled: 0.0017 | Turnover: 5.42% | Vol Scale: 1.24
2026-03-22 16:15:47,668 - INFO - 
============================================================
2026-03-22 16:15:47,668 - INFO - Running paper trading for 2026-03-19
2026-03-22 16:15:47,668 - INFO - ============================================================
2026-03-22 16:15:47,669 - INFO - Portfolio construction: 38 longs, 38 shorts (from 38 candidates)
2026-03-22 16:15:47,669 - INFO - Vol targeting: rolling_vol=0.0659, scale=1.2140
2026-03-22 16:15:47,669 - INFO - PnL Net: -0.0044 | Scaled: -0.0053 | Turnover: 5.24% | Vol Scale: 1.21
2026-03-22 16:15:47,673 - INFO - Saved daily results to C:\Users\luixj\AI\stock-data\data\processed\phase4\phase4_paper_trading_daily.parquet
2026-03-22 16:15:47,673 - INFO - Saved summary to C:\Users\luixj\AI\stock-data\data\processed\phase4\phase4_paper_trading_summary.json
2026-03-22 16:15:47,673 - INFO - 
============================================================
2026-03-22 16:15:47,673 - INFO - PAPER TRADING SUMMARY
2026-03-22 16:15:47,673 - INFO - ============================================================
2026-03-22 16:15:47,673 - INFO - Trading Days: 217
2026-03-22 16:15:47,673 - INFO - 
RAW PERFORMANCE (no vol targeting):
2026-03-22 16:15:47,673 - INFO -   Sharpe Ratio: 0.77
2026-03-22 16:15:47,673 - INFO -   Annual Return: 5.53%
2026-03-22 16:15:47,673 - INFO -   Volatility: 7.15%
2026-03-22 16:15:47,673 - INFO - 
VOL-TARGETED PERFORMANCE:
2026-03-22 16:15:47,673 - INFO -   Sharpe Ratio: 0.63
2026-03-22 16:15:47,673 - INFO -   Annual Return: 5.57%
2026-03-22 16:15:47,673 - INFO -   Volatility: 8.88%
2026-03-22 16:15:47,673 - INFO - 
RISK METRICS:
2026-03-22 16:15:47,673 - INFO -   Max Drawdown: -4.72%
2026-03-22 16:15:47,673 - INFO -   Long Sharpe: 0.20
2026-03-22 16:15:47,673 - INFO -   Short Sharpe: 1.09
2026-03-22 16:15:47,673 - INFO - 
EXECUTION:
2026-03-22 16:15:47,673 - INFO -   Avg Turnover: 16.78%
2026-03-22 16:15:47,673 - INFO -   Avg Cost: 0.4 bps
2026-03-22 16:15:47,673 - INFO - 
KILL SWITCHES:
2026-03-22 16:15:47,673 - INFO -   Events: 15 (6.9% of days)
2026-03-22 16:15:47,673 - INFO - ============================================================
2026-03-22 16:15:47,673 - INFO - Simulation complete: 217 days | Sharpe(scaled)=0.63 | MaxDD=-4.7%
2026-03-22 16:15:48,411 - INFO - ============================================================
2026-03-22 16:15:48,411 - INFO - STEP 6: Syncing Qdrant
2026-03-22 16:15:48,411 - INFO - ============================================================
2026-03-22 16:15:49,037 - INFO - HTTP Request: GET http://localhost:6333 "HTTP/1.1 200 OK"
2026-03-22 16:15:49,044 - INFO - HTTP Request: GET http://localhost:6333/collections/stock_recommendations "HTTP/1.1 200 OK"
2026-03-22 16:15:49,047 - INFO - Collection 'stock_recommendations' already exists.
2026-03-22 16:15:49,049 - INFO - HTTP Request: GET http://localhost:6333/collections/trading_results "HTTP/1.1 200 OK"
2026-03-22 16:15:49,049 - INFO - Collection 'trading_results' already exists.
2026-03-22 16:15:49,052 - INFO - HTTP Request: GET http://localhost:6333/collections/performance_metrics "HTTP/1.1 200 OK"
2026-03-22 16:15:49,052 - INFO - Collection 'performance_metrics' already exists.
2026-03-22 16:15:49,053 - INFO - HTTP Request: GET http://localhost:6333/collections/daily_trade_strategies "HTTP/1.1 200 OK"
2026-03-22 16:15:49,054 - INFO - Collection 'daily_trade_strategies' already exists.
2026-03-22 16:15:49,075 - INFO - HTTP Request: POST http://localhost:6333/collections/stock_recommendations/points/delete?wait=true "HTTP/1.1 200 OK"
2026-03-22 16:15:49,076 - INFO - Cleared 'stock_recommendations'.
2026-03-22 16:15:49,080 - INFO - HTTP Request: POST http://localhost:6333/collections/trading_results/points/delete?wait=true "HTTP/1.1 200 OK"
2026-03-22 16:15:49,080 - INFO - Cleared 'trading_results'.
2026-03-22 16:15:49,104 - INFO - HTTP Request: POST http://localhost:6333/collections/performance_metrics/points/delete?wait=true "HTTP/1.1 200 OK"
2026-03-22 16:15:49,105 - INFO - Cleared 'performance_metrics'.
2026-03-22 16:15:49,130 - INFO - HTTP Request: POST http://localhost:6333/collections/daily_trade_strategies/points/delete?wait=true "HTTP/1.1 200 OK"
2026-03-22 16:15:49,130 - INFO - Cleared 'daily_trade_strategies'.
2026-03-22 16:15:49,138 - INFO - HTTP Request: PUT http://localhost:6333/collections/stock_recommendations/points?wait=true "HTTP/1.1 200 OK"
2026-03-22 16:15:49,161 - INFO - HTTP Request: PUT http://localhost:6333/collections/daily_trade_strategies/points?wait=true "HTTP/1.1 200 OK"
2026-03-22 16:15:49,165 - INFO - HTTP Request: PUT http://localhost:6333/collections/trading_results/points?wait=true "HTTP/1.1 200 OK"
2026-03-22 16:15:49,174 - INFO - HTTP Request: PUT http://localhost:6333/collections/stock_recommendations/points?wait=true "HTTP/1.1 200 OK"
2026-03-22 16:15:49,198 - INFO - HTTP Request: PUT http://localhost:6333/collections/daily_trade_strategies/points?wait=true "HTTP/1.1 200 OK"
2026-03-22 16:15:49,202 - INFO - HTTP Request: PUT http://localhost:6333/collections/trading_results/points?wait=true "HTTP/1.1 200 OK"
2026-03-22 16:15:49,208 - INFO - HTTP Request: PUT http://localhost:6333/collections/stock_recommendations/points?wait=true "HTTP/1.1 200 OK"
2026-03-22 16:15:49,234 - INFO - HTTP Request: PUT http://localhost:6333/collections/daily_trade_strategies/points?wait=true "HTTP/1.1 200 OK"
2026-03-22 16:15:49,237 - INFO - HTTP Request: PUT http://localhost:6333/collections/trading_results/points?wait=true "HTTP/1.1 200 OK"
2026-03-22 16:15:49,245 - INFO - HTTP Request: PUT http://localhost:6333/collections/stock_recommendations/points?wait=true "HTTP/1.1 200 OK"
2026-03-22 16:15:49,270 - INFO - HTTP Request: PUT http://localhost:6333/collections/daily_trade_strategies/points?wait=true "HTTP/1.1 200 OK"
2026-03-22 16:15:49,274 - INFO - HTTP Request: PUT http://localhost:6333/collections/trading_results/points?wait=true "HTTP/1.1 200 OK"
2026-03-22 16:15:49,281 - INFO - HTTP Request: PUT http://localhost:6333/collections/stock_recommendations/points?wait=true "HTTP/1.1 200 OK"
2026-03-22 16:15:49,324 - INFO - HTTP Request: PUT http://localhost:6333/collections/daily_trade_strategies/points?wait=true "HTTP/1.1 200 OK"
2026-03-22 16:15:49,327 - INFO - HTTP Request: PUT http://localhost:6333/collections/trading_results/points?wait=true "HTTP/1.1 200 OK"
2026-03-22 16:15:49,355 - INFO - HTTP Request: PUT http://localhost:6333/collections/stock_recommendations/points?wait=true "HTTP/1.1 200 OK"
2026-03-22 16:15:49,402 - INFO - HTTP Request: PUT http://localhost:6333/collections/daily_trade_strategies/points?wait=true "HTTP/1.1 200 OK"
2026-03-22 16:15:49,406 - INFO - HTTP Request: PUT http://localhost:6333/collections/trading_results/points?wait=true "HTTP/1.1 200 OK"
2026-03-22 16:15:49,411 - INFO - HTTP Request: PUT http://localhost:6333/collections/stock_recommendations/points?wait=true "HTTP/1.1 200 OK"
2026-03-22 16:15:49,449 - INFO - HTTP Request: PUT http://localhost:6333/collections/daily_trade_strategies/points?wait=true "HTTP/1.1 200 OK"
2026-03-22 16:15:49,453 - INFO - HTTP Request: PUT http://localhost:6333/collections/trading_results/points?wait=true "HTTP/1.1 200 OK"
2026-03-22 16:15:49,459 - INFO - HTTP Request: PUT http://localhost:6333/collections/stock_recommendations/points?wait=true "HTTP/1.1 200 OK"
2026-03-22 16:15:49,484 - INFO - HTTP Request: PUT http://localhost:6333/collections/daily_trade_strategies/points?wait=true "HTTP/1.1 200 OK"
2026-03-22 16:15:49,487 - INFO - HTTP Request: PUT http://localhost:6333/collections/trading_results/points?wait=true "HTTP/1.1 200 OK"
2026-03-22 16:15:49,494 - INFO - HTTP Request: PUT http://localhost:6333/collections/stock_recommendations/points?wait=true "HTTP/1.1 200 OK"
2026-03-22 16:15:49,527 - INFO - HTTP Request: PUT http://localhost:6333/collections/daily_trade_strategies/points?wait=true "HTTP/1.1 200 OK"
2026-03-22 16:15:49,531 - INFO - HTTP Request: PUT http://localhost:6333/collections/trading_results/points?wait=true "HTTP/1.1 200 OK"
2026-03-22 16:15:49,538 - INFO - HTTP Request: PUT http://localhost:6333/collections/stock_recommendations/points?wait=true "HTTP/1.1 200 OK"
2026-03-22 16:15:49,563 - INFO - HTTP Request: PUT http://localhost:6333/collections/daily_trade_strategies/points?wait=true "HTTP/1.1 200 OK"
2026-03-22 16:15:49,588 - INFO - HTTP Request: PUT http://localhost:6333/collections/trading_results/points?wait=true "HTTP/1.1 200 OK"
2026-03-22 16:15:49,596 - INFO - HTTP Request: PUT http://localhost:6333/collections/stock_recommendations/points?wait=true "HTTP/1.1 200 OK"
2026-03-22 16:15:49,638 - INFO - HTTP Request: PUT http://localhost:6333/collections/daily_trade_strategies/points?wait=true "HTTP/1.1 200 OK"
2026-03-22 16:15:49,642 - INFO - HTTP Request: PUT http://localhost:6333/collections/trading_results/points?wait=true "HTTP/1.1 200 OK"
2026-03-22 16:15:49,649 - INFO - HTTP Request: PUT http://localhost:6333/collections/stock_recommendations/points?wait=true "HTTP/1.1 200 OK"
2026-03-22 16:15:49,699 - INFO - HTTP Request: PUT http://localhost:6333/collections/daily_trade_strategies/points?wait=true "HTTP/1.1 200 OK"
2026-03-22 16:15:49,702 - INFO - HTTP Request: PUT http://localhost:6333/collections/trading_results/points?wait=true "HTTP/1.1 200 OK"
2026-03-22 16:15:49,709 - INFO - HTTP Request: PUT http://localhost:6333/collections/stock_recommendations/points?wait=true "HTTP/1.1 200 OK"
2026-03-22 16:15:49,736 - INFO - HTTP Request: PUT http://localhost:6333/collections/daily_trade_strategies/points?wait=true "HTTP/1.1 200 OK"
2026-03-22 16:15:49,739 - INFO - HTTP Request: PUT http://localhost:6333/collections/trading_results/points?wait=true "HTTP/1.1 200 OK"
2026-03-22 16:15:49,745 - INFO - HTTP Request: PUT http://localhost:6333/collections/stock_recommendations/points?wait=true "HTTP/1.1 200 OK"
2026-03-22 16:15:49,792 - INFO - HTTP Request: PUT http://localhost:6333/collections/daily_trade_strategies/points?wait=true "HTTP/1.1 200 OK"
2026-03-22 16:15:49,796 - INFO - HTTP Request: PUT http://localhost:6333/collections/trading_results/points?wait=true "HTTP/1.1 200 OK"
2026-03-22 16:15:49,802 - INFO - HTTP Request: PUT http://localhost:6333/collections/stock_recommendations/points?wait=true "HTTP/1.1 200 OK"
2026-03-22 16:15:49,840 - INFO - HTTP Request: PUT http://localhost:6333/collections/daily_trade_strategies/points?wait=true "HTTP/1.1 200 OK"
2026-03-22 16:15:49,846 - INFO - HTTP Request: PUT http://localhost:6333/collections/trading_results/points?wait=true "HTTP/1.1 200 OK"
2026-03-22 16:15:49,858 - INFO - HTTP Request: PUT http://localhost:6333/collections/stock_recommendations/points?wait=true "HTTP/1.1 200 OK"
2026-03-22 16:15:49,882 - INFO - HTTP Request: PUT http://localhost:6333/collections/daily_trade_strategies/points?wait=true "HTTP/1.1 200 OK"
2026-03-22 16:15:49,884 - INFO - HTTP Request: PUT http://localhost:6333/collections/trading_results/points?wait=true "HTTP/1.1 200 OK"
2026-03-22 16:15:49,892 - INFO - HTTP Request: PUT http://localhost:6333/collections/stock_recommendations/points?wait=true "HTTP/1.1 200 OK"
2026-03-22 16:15:49,917 - INFO - HTTP Request: PUT http://localhost:6333/collections/daily_trade_strategies/points?wait=true "HTTP/1.1 200 OK"
2026-03-22 16:15:49,920 - INFO - HTTP Request: PUT http://localhost:6333/collections/trading_results/points?wait=true "HTTP/1.1 200 OK"
2026-03-22 16:15:49,929 - INFO - HTTP Request: PUT http://localhost:6333/collections/stock_recommendations/points?wait=true "HTTP/1.1 200 OK"
2026-03-22 16:15:49,957 - INFO - HTTP Request: PUT http://localhost:6333/collections/daily_trade_strategies/points?wait=true "HTTP/1.1 200 OK"
2026-03-22 16:15:49,960 - INFO - HTTP Request: PUT http://localhost:6333/collections/trading_results/points?wait=true "HTTP/1.1 200 OK"
2026-03-22 16:15:49,980 - INFO - HTTP Request: PUT http://localhost:6333/collections/stock_recommendations/points?wait=true "HTTP/1.1 200 OK"
2026-03-22 16:15:50,006 - INFO - HTTP Request: PUT http://localhost:6333/collections/daily_trade_strategies/points?wait=true "HTTP/1.1 200 OK"
2026-03-22 16:15:50,009 - INFO - HTTP Request: PUT http://localhost:6333/collections/trading_results/points?wait=true "HTTP/1.1 200 OK"
2026-03-22 16:15:50,016 - INFO - HTTP Request: PUT http://localhost:6333/collections/stock_recommendations/points?wait=true "HTTP/1.1 200 OK"
2026-03-22 16:15:50,040 - INFO - HTTP Request: PUT http://localhost:6333/collections/daily_trade_strategies/points?wait=true "HTTP/1.1 200 OK"
2026-03-22 16:15:50,044 - INFO - HTTP Request: PUT http://localhost:6333/collections/trading_results/points?wait=true "HTTP/1.1 200 OK"
2026-03-22 16:15:50,051 - INFO - HTTP Request: PUT http://localhost:6333/collections/stock_recommendations/points?wait=true "HTTP/1.1 200 OK"
2026-03-22 16:15:50,077 - INFO - HTTP Request: PUT http://localhost:6333/collections/daily_trade_strategies/points?wait=true "HTTP/1.1 200 OK"
2026-03-22 16:15:50,085 - INFO - HTTP Request: PUT http://localhost:6333/collections/trading_results/points?wait=true "HTTP/1.1 200 OK"
2026-03-22 16:15:50,095 - INFO - HTTP Request: PUT http://localhost:6333/collections/stock_recommendations/points?wait=true "HTTP/1.1 200 OK"
2026-03-22 16:15:50,122 - INFO - HTTP Request: PUT http://localhost:6333/collections/daily_trade_strategies/points?wait=true "HTTP/1.1 200 OK"
2026-03-22 16:15:50,127 - INFO - HTTP Request: PUT http://localhost:6333/collections/trading_results/points?wait=true "HTTP/1.1 200 OK"
2026-03-22 16:15:50,137 - INFO - HTTP Request: PUT http://localhost:6333/collections/stock_recommendations/points?wait=true "HTTP/1.1 200 OK"
2026-03-22 16:15:50,182 - INFO - HTTP Request: PUT http://localhost:6333/collections/daily_trade_strategies/points?wait=true "HTTP/1.1 200 OK"
2026-03-22 16:15:50,186 - INFO - HTTP Request: PUT http://localhost:6333/collections/trading_results/points?wait=true "HTTP/1.1 200 OK"
2026-03-22 16:15:50,194 - INFO - HTTP Request: PUT http://localhost:6333/collections/stock_recommendations/points?wait=true "HTTP/1.1 200 OK"
2026-03-22 16:15:50,229 - INFO - HTTP Request: PUT http://localhost:6333/collections/daily_trade_strategies/points?wait=true "HTTP/1.1 200 OK"
2026-03-22 16:15:50,232 - INFO - HTTP Request: PUT http://localhost:6333/collections/trading_results/points?wait=true "HTTP/1.1 200 OK"
2026-03-22 16:15:50,238 - INFO - HTTP Request: PUT http://localhost:6333/collections/stock_recommendations/points?wait=true "HTTP/1.1 200 OK"
2026-03-22 16:15:50,264 - INFO - HTTP Request: PUT http://localhost:6333/collections/daily_trade_strategies/points?wait=true "HTTP/1.1 200 OK"
2026-03-22 16:15:50,267 - INFO - HTTP Request: PUT http://localhost:6333/collections/trading_results/points?wait=true "HTTP/1.1 200 OK"
2026-03-22 16:15:50,273 - INFO - HTTP Request: PUT http://localhost:6333/collections/stock_recommendations/points?wait=true "HTTP/1.1 200 OK"
2026-03-22 16:15:50,298 - INFO - HTTP Request: PUT http://localhost:6333/collections/daily_trade_strategies/points?wait=true "HTTP/1.1 200 OK"
2026-03-22 16:15:50,301 - INFO - HTTP Request: PUT http://localhost:6333/collections/trading_results/points?wait=true "HTTP/1.1 200 OK"
2026-03-22 16:15:50,321 - INFO - HTTP Request: PUT http://localhost:6333/collections/stock_recommendations/points?wait=true "HTTP/1.1 200 OK"
2026-03-22 16:15:50,345 - INFO - HTTP Request: PUT http://localhost:6333/collections/daily_trade_strategies/points?wait=true "HTTP/1.1 200 OK"
2026-03-22 16:15:50,367 - INFO - HTTP Request: PUT http://localhost:6333/collections/trading_results/points?wait=true "HTTP/1.1 200 OK"
2026-03-22 16:15:50,375 - INFO - HTTP Request: PUT http://localhost:6333/collections/stock_recommendations/points?wait=true "HTTP/1.1 200 OK"
2026-03-22 16:15:50,401 - INFO - HTTP Request: PUT http://localhost:6333/collections/daily_trade_strategies/points?wait=true "HTTP/1.1 200 OK"
2026-03-22 16:15:50,404 - INFO - HTTP Request: PUT http://localhost:6333/collections/trading_results/points?wait=true "HTTP/1.1 200 OK"
2026-03-22 16:15:50,412 - INFO - HTTP Request: PUT http://localhost:6333/collections/stock_recommendations/points?wait=true "HTTP/1.1 200 OK"
2026-03-22 16:15:50,437 - INFO - HTTP Request: PUT http://localhost:6333/collections/daily_trade_strategies/points?wait=true "HTTP/1.1 200 OK"
2026-03-22 16:15:50,440 - INFO - HTTP Request: PUT http://localhost:6333/collections/trading_results/points?wait=true "HTTP/1.1 200 OK"
2026-03-22 16:15:50,447 - INFO - HTTP Request: PUT http://localhost:6333/collections/stock_recommendations/points?wait=true "HTTP/1.1 200 OK"
2026-03-22 16:15:50,472 - INFO - HTTP Request: PUT http://localhost:6333/collections/daily_trade_strategies/points?wait=true "HTTP/1.1 200 OK"
2026-03-22 16:15:50,475 - INFO - HTTP Request: PUT http://localhost:6333/collections/trading_results/points?wait=true "HTTP/1.1 200 OK"
2026-03-22 16:15:50,483 - INFO - HTTP Request: PUT http://localhost:6333/collections/stock_recommendations/points?wait=true "HTTP/1.1 200 OK"
2026-03-22 16:15:50,507 - INFO - HTTP Request: PUT http://localhost:6333/collections/daily_trade_strategies/points?wait=true "HTTP/1.1 200 OK"
2026-03-22 16:15:50,522 - INFO - HTTP Request: PUT http://localhost:6333/collections/trading_results/points?wait=true "HTTP/1.1 200 OK"
2026-03-22 16:15:50,529 - INFO - HTTP Request: PUT http://localhost:6333/collections/stock_recommendations/points?wait=true "HTTP/1.1 200 OK"
2026-03-22 16:15:50,573 - INFO - HTTP Request: PUT http://localhost:6333/collections/daily_trade_strategies/points?wait=true "HTTP/1.1 200 OK"
2026-03-22 16:15:50,576 - INFO - HTTP Request: PUT http://localhost:6333/collections/trading_results/points?wait=true "HTTP/1.1 200 OK"
2026-03-22 16:15:50,583 - INFO - HTTP Request: PUT http://localhost:6333/collections/stock_recommendations/points?wait=true "HTTP/1.1 200 OK"
2026-03-22 16:15:50,608 - INFO - HTTP Request: PUT http://localhost:6333/collections/daily_trade_strategies/points?wait=true "HTTP/1.1 200 OK"
2026-03-22 16:15:50,611 - INFO - HTTP Request: PUT http://localhost:6333/collections/trading_results/points?wait=true "HTTP/1.1 200 OK"
2026-03-22 16:15:50,618 - INFO - HTTP Request: PUT http://localhost:6333/collections/stock_recommendations/points?wait=true "HTTP/1.1 200 OK"
2026-03-22 16:15:50,647 - INFO - HTTP Request: PUT http://localhost:6333/collections/daily_trade_strategies/points?wait=true "HTTP/1.1 200 OK"
2026-03-22 16:15:50,651 - INFO - HTTP Request: PUT http://localhost:6333/collections/trading_results/points?wait=true "HTTP/1.1 200 OK"
2026-03-22 16:15:50,679 - INFO - HTTP Request: PUT http://localhost:6333/collections/stock_recommendations/points?wait=true "HTTP/1.1 200 OK"
2026-03-22 16:15:50,725 - INFO - HTTP Request: PUT http://localhost:6333/collections/daily_trade_strategies/points?wait=true "HTTP/1.1 200 OK"
2026-03-22 16:15:50,730 - INFO - HTTP Request: PUT http://localhost:6333/collections/trading_results/points?wait=true "HTTP/1.1 200 OK"
2026-03-22 16:15:50,737 - INFO - HTTP Request: PUT http://localhost:6333/collections/stock_recommendations/points?wait=true "HTTP/1.1 200 OK"
2026-03-22 16:15:50,762 - INFO - HTTP Request: PUT http://localhost:6333/collections/daily_trade_strategies/points?wait=true "HTTP/1.1 200 OK"
2026-03-22 16:15:50,765 - INFO - HTTP Request: PUT http://localhost:6333/collections/trading_results/points?wait=true "HTTP/1.1 200 OK"
2026-03-22 16:15:50,772 - INFO - HTTP Request: PUT http://localhost:6333/collections/stock_recommendations/points?wait=true "HTTP/1.1 200 OK"
2026-03-22 16:15:50,798 - INFO - HTTP Request: PUT http://localhost:6333/collections/daily_trade_strategies/points?wait=true "HTTP/1.1 200 OK"
2026-03-22 16:15:50,802 - INFO - HTTP Request: PUT http://localhost:6333/collections/trading_results/points?wait=true "HTTP/1.1 200 OK"
2026-03-22 16:15:50,808 - INFO - HTTP Request: PUT http://localhost:6333/collections/stock_recommendations/points?wait=true "HTTP/1.1 200 OK"
2026-03-22 16:15:50,834 - INFO - HTTP Request: PUT http://localhost:6333/collections/daily_trade_strategies/points?wait=true "HTTP/1.1 200 OK"
2026-03-22 16:15:50,838 - INFO - HTTP Request: PUT http://localhost:6333/collections/trading_results/points?wait=true "HTTP/1.1 200 OK"
2026-03-22 16:15:50,844 - INFO - HTTP Request: PUT http://localhost:6333/collections/stock_recommendations/points?wait=true "HTTP/1.1 200 OK"
2026-03-22 16:15:50,870 - INFO - HTTP Request: PUT http://localhost:6333/collections/daily_trade_strategies/points?wait=true "HTTP/1.1 200 OK"
2026-03-22 16:15:50,873 - INFO - HTTP Request: PUT http://localhost:6333/collections/trading_results/points?wait=true "HTTP/1.1 200 OK"
2026-03-22 16:15:50,879 - INFO - HTTP Request: PUT http://localhost:6333/collections/stock_recommendations/points?wait=true "HTTP/1.1 200 OK"
2026-03-22 16:15:50,928 - INFO - HTTP Request: PUT http://localhost:6333/collections/daily_trade_strategies/points?wait=true "HTTP/1.1 200 OK"
2026-03-22 16:15:50,943 - INFO - HTTP Request: PUT http://localhost:6333/collections/trading_results/points?wait=true "HTTP/1.1 200 OK"
2026-03-22 16:15:50,974 - INFO - HTTP Request: PUT http://localhost:6333/collections/stock_recommendations/points?wait=true "HTTP/1.1 200 OK"
2026-03-22 16:15:51,002 - INFO - HTTP Request: PUT http://localhost:6333/collections/daily_trade_strategies/points?wait=true "HTTP/1.1 200 OK"
2026-03-22 16:15:51,005 - INFO - HTTP Request: PUT http://localhost:6333/collections/trading_results/points?wait=true "HTTP/1.1 200 OK"
2026-03-22 16:15:51,014 - INFO - HTTP Request: PUT http://localhost:6333/collections/stock_recommendations/points?wait=true "HTTP/1.1 200 OK"
2026-03-22 16:15:51,041 - INFO - HTTP Request: PUT http://localhost:6333/collections/daily_trade_strategies/points?wait=true "HTTP/1.1 200 OK"
2026-03-22 16:15:51,047 - INFO - HTTP Request: PUT http://localhost:6333/collections/trading_results/points?wait=true "HTTP/1.1 200 OK"
2026-03-22 16:15:51,056 - INFO - HTTP Request: PUT http://localhost:6333/collections/stock_recommendations/points?wait=true "HTTP/1.1 200 OK"
2026-03-22 16:15:51,080 - INFO - HTTP Request: PUT http://localhost:6333/collections/daily_trade_strategies/points?wait=true "HTTP/1.1 200 OK"
2026-03-22 16:15:51,086 - INFO - HTTP Request: PUT http://localhost:6333/collections/trading_results/points?wait=true "HTTP/1.1 200 OK"
2026-03-22 16:15:51,096 - INFO - HTTP Request: PUT http://localhost:6333/collections/stock_recommendations/points?wait=true "HTTP/1.1 200 OK"
2026-03-22 16:15:51,131 - INFO - HTTP Request: PUT http://localhost:6333/collections/daily_trade_strategies/points?wait=true "HTTP/1.1 200 OK"
2026-03-22 16:15:51,135 - INFO - HTTP Request: PUT http://localhost:6333/collections/trading_results/points?wait=true "HTTP/1.1 200 OK"
2026-03-22 16:15:51,163 - INFO - HTTP Request: PUT http://localhost:6333/collections/stock_recommendations/points?wait=true "HTTP/1.1 200 OK"
2026-03-22 16:15:51,189 - INFO - HTTP Request: PUT http://localhost:6333/collections/daily_trade_strategies/points?wait=true "HTTP/1.1 200 OK"
2026-03-22 16:15:51,192 - INFO - HTTP Request: PUT http://localhost:6333/collections/trading_results/points?wait=true "HTTP/1.1 200 OK"
2026-03-22 16:15:51,199 - INFO - HTTP Request: PUT http://localhost:6333/collections/stock_recommendations/points?wait=true "HTTP/1.1 200 OK"
2026-03-22 16:15:51,223 - INFO - HTTP Request: PUT http://localhost:6333/collections/daily_trade_strategies/points?wait=true "HTTP/1.1 200 OK"
2026-03-22 16:15:51,226 - INFO - HTTP Request: PUT http://localhost:6333/collections/trading_results/points?wait=true "HTTP/1.1 200 OK"
2026-03-22 16:15:51,233 - INFO - HTTP Request: PUT http://localhost:6333/collections/stock_recommendations/points?wait=true "HTTP/1.1 200 OK"
2026-03-22 16:15:51,263 - INFO - HTTP Request: PUT http://localhost:6333/collections/daily_trade_strategies/points?wait=true "HTTP/1.1 200 OK"
2026-03-22 16:15:51,268 - INFO - HTTP Request: PUT http://localhost:6333/collections/trading_results/points?wait=true "HTTP/1.1 200 OK"
2026-03-22 16:15:51,277 - INFO - HTTP Request: PUT http://localhost:6333/collections/stock_recommendations/points?wait=true "HTTP/1.1 200 OK"
2026-03-22 16:15:51,321 - INFO - HTTP Request: PUT http://localhost:6333/collections/daily_trade_strategies/points?wait=true "HTTP/1.1 200 OK"
2026-03-22 16:15:51,326 - INFO - HTTP Request: PUT http://localhost:6333/collections/trading_results/points?wait=true "HTTP/1.1 200 OK"
2026-03-22 16:15:51,354 - INFO - HTTP Request: PUT http://localhost:6333/collections/stock_recommendations/points?wait=true "HTTP/1.1 200 OK"
2026-03-22 16:15:51,379 - INFO - HTTP Request: PUT http://localhost:6333/collections/daily_trade_strategies/points?wait=true "HTTP/1.1 200 OK"
2026-03-22 16:15:51,384 - INFO - HTTP Request: PUT http://localhost:6333/collections/trading_results/points?wait=true "HTTP/1.1 200 OK"
2026-03-22 16:15:51,416 - INFO - HTTP Request: PUT http://localhost:6333/collections/stock_recommendations/points?wait=true "HTTP/1.1 200 OK"
2026-03-22 16:15:51,462 - INFO - HTTP Request: PUT http://localhost:6333/collections/daily_trade_strategies/points?wait=true "HTTP/1.1 200 OK"
2026-03-22 16:15:51,467 - INFO - HTTP Request: PUT http://localhost:6333/collections/trading_results/points?wait=true "HTTP/1.1 200 OK"
2026-03-22 16:15:51,476 - INFO - HTTP Request: PUT http://localhost:6333/collections/stock_recommendations/points?wait=true "HTTP/1.1 200 OK"
2026-03-22 16:15:51,502 - INFO - HTTP Request: PUT http://localhost:6333/collections/daily_trade_strategies/points?wait=true "HTTP/1.1 200 OK"
2026-03-22 16:15:51,506 - INFO - HTTP Request: PUT http://localhost:6333/collections/trading_results/points?wait=true "HTTP/1.1 200 OK"
2026-03-22 16:15:51,514 - INFO - HTTP Request: PUT http://localhost:6333/collections/stock_recommendations/points?wait=true "HTTP/1.1 200 OK"
2026-03-22 16:15:51,543 - INFO - HTTP Request: PUT http://localhost:6333/collections/daily_trade_strategies/points?wait=true "HTTP/1.1 200 OK"
2026-03-22 16:15:51,547 - INFO - HTTP Request: PUT http://localhost:6333/collections/trading_results/points?wait=true "HTTP/1.1 200 OK"
2026-03-22 16:15:51,555 - INFO - HTTP Request: PUT http://localhost:6333/collections/stock_recommendations/points?wait=true "HTTP/1.1 200 OK"
2026-03-22 16:15:51,582 - INFO - HTTP Request: PUT http://localhost:6333/collections/daily_trade_strategies/points?wait=true "HTTP/1.1 200 OK"
2026-03-22 16:15:51,585 - INFO - HTTP Request: PUT http://localhost:6333/collections/trading_results/points?wait=true "HTTP/1.1 200 OK"
2026-03-22 16:15:51,592 - INFO - HTTP Request: PUT http://localhost:6333/collections/stock_recommendations/points?wait=true "HTTP/1.1 200 OK"
2026-03-22 16:15:51,619 - INFO - HTTP Request: PUT http://localhost:6333/collections/daily_trade_strategies/points?wait=true "HTTP/1.1 200 OK"
2026-03-22 16:15:51,640 - INFO - HTTP Request: PUT http://localhost:6333/collections/trading_results/points?wait=true "HTTP/1.1 200 OK"
2026-03-22 16:15:51,651 - INFO - HTTP Request: PUT http://localhost:6333/collections/stock_recommendations/points?wait=true "HTTP/1.1 200 OK"
2026-03-22 16:15:51,696 - INFO - HTTP Request: PUT http://localhost:6333/collections/daily_trade_strategies/points?wait=true "HTTP/1.1 200 OK"
2026-03-22 16:15:51,700 - INFO - HTTP Request: PUT http://localhost:6333/collections/trading_results/points?wait=true "HTTP/1.1 200 OK"
2026-03-22 16:15:51,709 - INFO - HTTP Request: PUT http://localhost:6333/collections/stock_recommendations/points?wait=true "HTTP/1.1 200 OK"
2026-03-22 16:15:51,736 - INFO - HTTP Request: PUT http://localhost:6333/collections/daily_trade_strategies/points?wait=true "HTTP/1.1 200 OK"
2026-03-22 16:15:51,746 - INFO - HTTP Request: PUT http://localhost:6333/collections/trading_results/points?wait=true "HTTP/1.1 200 OK"
2026-03-22 16:15:51,754 - INFO - HTTP Request: PUT http://localhost:6333/collections/stock_recommendations/points?wait=true "HTTP/1.1 200 OK"
2026-03-22 16:15:51,781 - INFO - HTTP Request: PUT http://localhost:6333/collections/daily_trade_strategies/points?wait=true "HTTP/1.1 200 OK"
2026-03-22 16:15:51,785 - INFO - HTTP Request: PUT http://localhost:6333/collections/trading_results/points?wait=true "HTTP/1.1 200 OK"
2026-03-22 16:15:51,808 - INFO - HTTP Request: PUT http://localhost:6333/collections/stock_recommendations/points?wait=true "HTTP/1.1 200 OK"
2026-03-22 16:15:51,834 - INFO - HTTP Request: PUT http://localhost:6333/collections/daily_trade_strategies/points?wait=true "HTTP/1.1 200 OK"
2026-03-22 16:15:51,839 - INFO - HTTP Request: PUT http://localhost:6333/collections/trading_results/points?wait=true "HTTP/1.1 200 OK"
2026-03-22 16:15:51,846 - INFO - HTTP Request: PUT http://localhost:6333/collections/stock_recommendations/points?wait=true "HTTP/1.1 200 OK"
2026-03-22 16:15:51,870 - INFO - HTTP Request: PUT http://localhost:6333/collections/daily_trade_strategies/points?wait=true "HTTP/1.1 200 OK"
2026-03-22 16:15:51,873 - INFO - HTTP Request: PUT http://localhost:6333/collections/trading_results/points?wait=true "HTTP/1.1 200 OK"
2026-03-22 16:15:51,880 - INFO - HTTP Request: PUT http://localhost:6333/collections/stock_recommendations/points?wait=true "HTTP/1.1 200 OK"
2026-03-22 16:15:51,906 - INFO - HTTP Request: PUT http://localhost:6333/collections/daily_trade_strategies/points?wait=true "HTTP/1.1 200 OK"
2026-03-22 16:15:51,910 - INFO - HTTP Request: PUT http://localhost:6333/collections/trading_results/points?wait=true "HTTP/1.1 200 OK"
2026-03-22 16:15:51,917 - INFO - HTTP Request: PUT http://localhost:6333/collections/stock_recommendations/points?wait=true "HTTP/1.1 200 OK"
2026-03-22 16:15:51,943 - INFO - HTTP Request: PUT http://localhost:6333/collections/daily_trade_strategies/points?wait=true "HTTP/1.1 200 OK"
2026-03-22 16:15:51,947 - INFO - HTTP Request: PUT http://localhost:6333/collections/trading_results/points?wait=true "HTTP/1.1 200 OK"
2026-03-22 16:15:51,954 - INFO - HTTP Request: PUT http://localhost:6333/collections/stock_recommendations/points?wait=true "HTTP/1.1 200 OK"
2026-03-22 16:15:51,980 - INFO - HTTP Request: PUT http://localhost:6333/collections/daily_trade_strategies/points?wait=true "HTTP/1.1 200 OK"
2026-03-22 16:15:51,983 - INFO - HTTP Request: PUT http://localhost:6333/collections/trading_results/points?wait=true "HTTP/1.1 200 OK"
2026-03-22 16:15:51,990 - INFO - HTTP Request: PUT http://localhost:6333/collections/stock_recommendations/points?wait=true "HTTP/1.1 200 OK"
2026-03-22 16:15:52,026 - INFO - HTTP Request: PUT http://localhost:6333/collections/daily_trade_strategies/points?wait=true "HTTP/1.1 200 OK"
2026-03-22 16:15:52,039 - INFO - HTTP Request: PUT http://localhost:6333/collections/trading_results/points?wait=true "HTTP/1.1 200 OK"
2026-03-22 16:15:52,048 - INFO - HTTP Request: PUT http://localhost:6333/collections/stock_recommendations/points?wait=true "HTTP/1.1 200 OK"
2026-03-22 16:15:52,074 - INFO - HTTP Request: PUT http://localhost:6333/collections/daily_trade_strategies/points?wait=true "HTTP/1.1 200 OK"
2026-03-22 16:15:52,077 - INFO - HTTP Request: PUT http://localhost:6333/collections/trading_results/points?wait=true "HTTP/1.1 200 OK"
2026-03-22 16:15:52,085 - INFO - HTTP Request: PUT http://localhost:6333/collections/stock_recommendations/points?wait=true "HTTP/1.1 200 OK"
2026-03-22 16:15:52,119 - INFO - HTTP Request: PUT http://localhost:6333/collections/daily_trade_strategies/points?wait=true "HTTP/1.1 200 OK"
2026-03-22 16:15:52,122 - INFO - HTTP Request: PUT http://localhost:6333/collections/trading_results/points?wait=true "HTTP/1.1 200 OK"
2026-03-22 16:15:52,130 - INFO - HTTP Request: PUT http://localhost:6333/collections/stock_recommendations/points?wait=true "HTTP/1.1 200 OK"
2026-03-22 16:15:52,183 - INFO - HTTP Request: PUT http://localhost:6333/collections/daily_trade_strategies/points?wait=true "HTTP/1.1 200 OK"
2026-03-22 16:15:52,187 - INFO - HTTP Request: PUT http://localhost:6333/collections/trading_results/points?wait=true "HTTP/1.1 200 OK"
2026-03-22 16:15:52,203 - INFO - HTTP Request: PUT http://localhost:6333/collections/stock_recommendations/points?wait=true "HTTP/1.1 200 OK"
2026-03-22 16:15:52,230 - INFO - HTTP Request: PUT http://localhost:6333/collections/daily_trade_strategies/points?wait=true "HTTP/1.1 200 OK"
2026-03-22 16:15:52,234 - INFO - HTTP Request: PUT http://localhost:6333/collections/trading_results/points?wait=true "HTTP/1.1 200 OK"
2026-03-22 16:15:52,259 - INFO - HTTP Request: PUT http://localhost:6333/collections/stock_recommendations/points?wait=true "HTTP/1.1 200 OK"
2026-03-22 16:15:52,305 - INFO - HTTP Request: PUT http://localhost:6333/collections/daily_trade_strategies/points?wait=true "HTTP/1.1 200 OK"
2026-03-22 16:15:52,309 - INFO - HTTP Request: PUT http://localhost:6333/collections/trading_results/points?wait=true "HTTP/1.1 200 OK"
2026-03-22 16:15:52,315 - INFO - HTTP Request: PUT http://localhost:6333/collections/stock_recommendations/points?wait=true "HTTP/1.1 200 OK"
2026-03-22 16:15:52,339 - INFO - HTTP Request: PUT http://localhost:6333/collections/daily_trade_strategies/points?wait=true "HTTP/1.1 200 OK"
2026-03-22 16:15:52,343 - INFO - HTTP Request: PUT http://localhost:6333/collections/trading_results/points?wait=true "HTTP/1.1 200 OK"
2026-03-22 16:15:52,350 - INFO - HTTP Request: PUT http://localhost:6333/collections/stock_recommendations/points?wait=true "HTTP/1.1 200 OK"
2026-03-22 16:15:52,375 - INFO - HTTP Request: PUT http://localhost:6333/collections/daily_trade_strategies/points?wait=true "HTTP/1.1 200 OK"
2026-03-22 16:15:52,378 - INFO - HTTP Request: PUT http://localhost:6333/collections/trading_results/points?wait=true "HTTP/1.1 200 OK"
2026-03-22 16:15:52,387 - INFO - HTTP Request: PUT http://localhost:6333/collections/stock_recommendations/points?wait=true "HTTP/1.1 200 OK"
2026-03-22 16:15:52,412 - INFO - HTTP Request: PUT http://localhost:6333/collections/daily_trade_strategies/points?wait=true "HTTP/1.1 200 OK"
2026-03-22 16:15:52,415 - INFO - HTTP Request: PUT http://localhost:6333/collections/trading_results/points?wait=true "HTTP/1.1 200 OK"
2026-03-22 16:15:52,421 - INFO - HTTP Request: PUT http://localhost:6333/collections/stock_recommendations/points?wait=true "HTTP/1.1 200 OK"
2026-03-22 16:15:52,446 - INFO - HTTP Request: PUT http://localhost:6333/collections/daily_trade_strategies/points?wait=true "HTTP/1.1 200 OK"
2026-03-22 16:15:52,449 - INFO - HTTP Request: PUT http://localhost:6333/collections/trading_results/points?wait=true "HTTP/1.1 200 OK"
2026-03-22 16:15:52,455 - INFO - HTTP Request: PUT http://localhost:6333/collections/stock_recommendations/points?wait=true "HTTP/1.1 200 OK"
2026-03-22 16:15:52,479 - INFO - HTTP Request: PUT http://localhost:6333/collections/daily_trade_strategies/points?wait=true "HTTP/1.1 200 OK"
2026-03-22 16:15:52,482 - INFO - HTTP Request: PUT http://localhost:6333/collections/trading_results/points?wait=true "HTTP/1.1 200 OK"
2026-03-22 16:15:52,507 - INFO - HTTP Request: PUT http://localhost:6333/collections/stock_recommendations/points?wait=true "HTTP/1.1 200 OK"
2026-03-22 16:15:52,532 - INFO - HTTP Request: PUT http://localhost:6333/collections/daily_trade_strategies/points?wait=true "HTTP/1.1 200 OK"
2026-03-22 16:15:52,536 - INFO - HTTP Request: PUT http://localhost:6333/collections/trading_results/points?wait=true "HTTP/1.1 200 OK"
2026-03-22 16:15:52,542 - INFO - HTTP Request: PUT http://localhost:6333/collections/stock_recommendations/points?wait=true "HTTP/1.1 200 OK"
2026-03-22 16:15:52,568 - INFO - HTTP Request: PUT http://localhost:6333/collections/daily_trade_strategies/points?wait=true "HTTP/1.1 200 OK"
2026-03-22 16:15:52,571 - INFO - HTTP Request: PUT http://localhost:6333/collections/trading_results/points?wait=true "HTTP/1.1 200 OK"
2026-03-22 16:15:52,600 - INFO - HTTP Request: PUT http://localhost:6333/collections/stock_recommendations/points?wait=true "HTTP/1.1 200 OK"
2026-03-22 16:15:52,647 - INFO - HTTP Request: PUT http://localhost:6333/collections/daily_trade_strategies/points?wait=true "HTTP/1.1 200 OK"
2026-03-22 16:15:52,651 - INFO - HTTP Request: PUT http://localhost:6333/collections/trading_results/points?wait=true "HTTP/1.1 200 OK"
2026-03-22 16:15:52,665 - INFO - HTTP Request: PUT http://localhost:6333/collections/stock_recommendations/points?wait=true "HTTP/1.1 200 OK"
2026-03-22 16:15:52,709 - INFO - HTTP Request: PUT http://localhost:6333/collections/daily_trade_strategies/points?wait=true "HTTP/1.1 200 OK"
2026-03-22 16:15:52,724 - INFO - HTTP Request: PUT http://localhost:6333/collections/trading_results/points?wait=true "HTTP/1.1 200 OK"
2026-03-22 16:15:52,731 - INFO - HTTP Request: PUT http://localhost:6333/collections/stock_recommendations/points?wait=true "HTTP/1.1 200 OK"
2026-03-22 16:15:52,757 - INFO - HTTP Request: PUT http://localhost:6333/collections/daily_trade_strategies/points?wait=true "HTTP/1.1 200 OK"
2026-03-22 16:15:52,760 - INFO - HTTP Request: PUT http://localhost:6333/collections/trading_results/points?wait=true "HTTP/1.1 200 OK"
2026-03-22 16:15:52,768 - INFO - HTTP Request: PUT http://localhost:6333/collections/stock_recommendations/points?wait=true "HTTP/1.1 200 OK"
2026-03-22 16:15:52,793 - INFO - HTTP Request: PUT http://localhost:6333/collections/daily_trade_strategies/points?wait=true "HTTP/1.1 200 OK"
2026-03-22 16:15:52,796 - INFO - HTTP Request: PUT http://localhost:6333/collections/trading_results/points?wait=true "HTTP/1.1 200 OK"
2026-03-22 16:15:52,818 - INFO - HTTP Request: PUT http://localhost:6333/collections/stock_recommendations/points?wait=true "HTTP/1.1 200 OK"
2026-03-22 16:15:52,865 - INFO - HTTP Request: PUT http://localhost:6333/collections/daily_trade_strategies/points?wait=true "HTTP/1.1 200 OK"
2026-03-22 16:15:52,879 - INFO - HTTP Request: PUT http://localhost:6333/collections/trading_results/points?wait=true "HTTP/1.1 200 OK"
2026-03-22 16:15:52,887 - INFO - HTTP Request: PUT http://localhost:6333/collections/stock_recommendations/points?wait=true "HTTP/1.1 200 OK"
2026-03-22 16:15:52,913 - INFO - HTTP Request: PUT http://localhost:6333/collections/daily_trade_strategies/points?wait=true "HTTP/1.1 200 OK"
2026-03-22 16:15:52,916 - INFO - HTTP Request: PUT http://localhost:6333/collections/trading_results/points?wait=true "HTTP/1.1 200 OK"
2026-03-22 16:15:52,943 - INFO - HTTP Request: PUT http://localhost:6333/collections/stock_recommendations/points?wait=true "HTTP/1.1 200 OK"
2026-03-22 16:15:52,969 - INFO - HTTP Request: PUT http://localhost:6333/collections/daily_trade_strategies/points?wait=true "HTTP/1.1 200 OK"
2026-03-22 16:15:52,973 - INFO - HTTP Request: PUT http://localhost:6333/collections/trading_results/points?wait=true "HTTP/1.1 200 OK"
2026-03-22 16:15:52,980 - INFO - HTTP Request: PUT http://localhost:6333/collections/stock_recommendations/points?wait=true "HTTP/1.1 200 OK"
2026-03-22 16:15:53,006 - INFO - HTTP Request: PUT http://localhost:6333/collections/daily_trade_strategies/points?wait=true "HTTP/1.1 200 OK"
2026-03-22 16:15:53,009 - INFO - HTTP Request: PUT http://localhost:6333/collections/trading_results/points?wait=true "HTTP/1.1 200 OK"
2026-03-22 16:15:53,017 - INFO - HTTP Request: PUT http://localhost:6333/collections/stock_recommendations/points?wait=true "HTTP/1.1 200 OK"
2026-03-22 16:15:53,054 - INFO - HTTP Request: PUT http://localhost:6333/collections/daily_trade_strategies/points?wait=true "HTTP/1.1 200 OK"
2026-03-22 16:15:53,057 - INFO - HTTP Request: PUT http://localhost:6333/collections/trading_results/points?wait=true "HTTP/1.1 200 OK"
2026-03-22 16:15:53,085 - INFO - HTTP Request: PUT http://localhost:6333/collections/stock_recommendations/points?wait=true "HTTP/1.1 200 OK"
2026-03-22 16:15:53,110 - INFO - HTTP Request: PUT http://localhost:6333/collections/daily_trade_strategies/points?wait=true "HTTP/1.1 200 OK"
2026-03-22 16:15:53,113 - INFO - HTTP Request: PUT http://localhost:6333/collections/trading_results/points?wait=true "HTTP/1.1 200 OK"
2026-03-22 16:15:53,119 - INFO - HTTP Request: PUT http://localhost:6333/collections/stock_recommendations/points?wait=true "HTTP/1.1 200 OK"
2026-03-22 16:15:53,145 - INFO - HTTP Request: PUT http://localhost:6333/collections/daily_trade_strategies/points?wait=true "HTTP/1.1 200 OK"
2026-03-22 16:15:53,149 - INFO - HTTP Request: PUT http://localhost:6333/collections/trading_results/points?wait=true "HTTP/1.1 200 OK"
2026-03-22 16:15:53,179 - INFO - HTTP Request: PUT http://localhost:6333/collections/stock_recommendations/points?wait=true "HTTP/1.1 200 OK"
2026-03-22 16:15:53,204 - INFO - HTTP Request: PUT http://localhost:6333/collections/daily_trade_strategies/points?wait=true "HTTP/1.1 200 OK"
2026-03-22 16:15:53,208 - INFO - HTTP Request: PUT http://localhost:6333/collections/trading_results/points?wait=true "HTTP/1.1 200 OK"
2026-03-22 16:15:53,215 - INFO - HTTP Request: PUT http://localhost:6333/collections/stock_recommendations/points?wait=true "HTTP/1.1 200 OK"
2026-03-22 16:15:53,243 - INFO - HTTP Request: PUT http://localhost:6333/collections/daily_trade_strategies/points?wait=true "HTTP/1.1 200 OK"
2026-03-22 16:15:53,246 - INFO - HTTP Request: PUT http://localhost:6333/collections/trading_results/points?wait=true "HTTP/1.1 200 OK"
2026-03-22 16:15:53,252 - INFO - HTTP Request: PUT http://localhost:6333/collections/stock_recommendations/points?wait=true "HTTP/1.1 200 OK"
2026-03-22 16:15:53,285 - INFO - HTTP Request: PUT http://localhost:6333/collections/daily_trade_strategies/points?wait=true "HTTP/1.1 200 OK"
2026-03-22 16:15:53,288 - INFO - HTTP Request: PUT http://localhost:6333/collections/trading_results/points?wait=true "HTTP/1.1 200 OK"
2026-03-22 16:15:53,298 - INFO - HTTP Request: PUT http://localhost:6333/collections/stock_recommendations/points?wait=true "HTTP/1.1 200 OK"
2026-03-22 16:15:53,333 - INFO - HTTP Request: PUT http://localhost:6333/collections/daily_trade_strategies/points?wait=true "HTTP/1.1 200 OK"
2026-03-22 16:15:53,337 - INFO - HTTP Request: PUT http://localhost:6333/collections/trading_results/points?wait=true "HTTP/1.1 200 OK"
2026-03-22 16:15:53,344 - INFO - HTTP Request: PUT http://localhost:6333/collections/stock_recommendations/points?wait=true "HTTP/1.1 200 OK"
2026-03-22 16:15:53,370 - INFO - HTTP Request: PUT http://localhost:6333/collections/daily_trade_strategies/points?wait=true "HTTP/1.1 200 OK"
2026-03-22 16:15:53,373 - INFO - HTTP Request: PUT http://localhost:6333/collections/trading_results/points?wait=true "HTTP/1.1 200 OK"
2026-03-22 16:15:53,395 - INFO - HTTP Request: PUT http://localhost:6333/collections/stock_recommendations/points?wait=true "HTTP/1.1 200 OK"
2026-03-22 16:15:53,443 - INFO - HTTP Request: PUT http://localhost:6333/collections/daily_trade_strategies/points?wait=true "HTTP/1.1 200 OK"
2026-03-22 16:15:53,446 - INFO - HTTP Request: PUT http://localhost:6333/collections/trading_results/points?wait=true "HTTP/1.1 200 OK"
2026-03-22 16:15:53,452 - INFO - HTTP Request: PUT http://localhost:6333/collections/stock_recommendations/points?wait=true "HTTP/1.1 200 OK"
2026-03-22 16:15:53,480 - INFO - HTTP Request: PUT http://localhost:6333/collections/daily_trade_strategies/points?wait=true "HTTP/1.1 200 OK"
2026-03-22 16:15:53,483 - INFO - HTTP Request: PUT http://localhost:6333/collections/trading_results/points?wait=true "HTTP/1.1 200 OK"
2026-03-22 16:15:53,490 - INFO - HTTP Request: PUT http://localhost:6333/collections/stock_recommendations/points?wait=true "HTTP/1.1 200 OK"
2026-03-22 16:15:53,515 - INFO - HTTP Request: PUT http://localhost:6333/collections/daily_trade_strategies/points?wait=true "HTTP/1.1 200 OK"
2026-03-22 16:15:53,518 - INFO - HTTP Request: PUT http://localhost:6333/collections/trading_results/points?wait=true "HTTP/1.1 200 OK"
2026-03-22 16:15:53,525 - INFO - HTTP Request: PUT http://localhost:6333/collections/stock_recommendations/points?wait=true "HTTP/1.1 200 OK"
2026-03-22 16:15:53,567 - INFO - HTTP Request: PUT http://localhost:6333/collections/daily_trade_strategies/points?wait=true "HTTP/1.1 200 OK"
2026-03-22 16:15:53,571 - INFO - HTTP Request: PUT http://localhost:6333/collections/trading_results/points?wait=true "HTTP/1.1 200 OK"
2026-03-22 16:15:53,579 - INFO - HTTP Request: PUT http://localhost:6333/collections/stock_recommendations/points?wait=true "HTTP/1.1 200 OK"
2026-03-22 16:15:53,607 - INFO - HTTP Request: PUT http://localhost:6333/collections/daily_trade_strategies/points?wait=true "HTTP/1.1 200 OK"
2026-03-22 16:15:53,610 - INFO - HTTP Request: PUT http://localhost:6333/collections/trading_results/points?wait=true "HTTP/1.1 200 OK"
2026-03-22 16:15:53,617 - INFO - HTTP Request: PUT http://localhost:6333/collections/stock_recommendations/points?wait=true "HTTP/1.1 200 OK"
2026-03-22 16:15:53,642 - INFO - HTTP Request: PUT http://localhost:6333/collections/daily_trade_strategies/points?wait=true "HTTP/1.1 200 OK"
2026-03-22 16:15:53,645 - INFO - HTTP Request: PUT http://localhost:6333/collections/trading_results/points?wait=true "HTTP/1.1 200 OK"
2026-03-22 16:15:53,652 - INFO - HTTP Request: PUT http://localhost:6333/collections/stock_recommendations/points?wait=true "HTTP/1.1 200 OK"
2026-03-22 16:15:53,678 - INFO - HTTP Request: PUT http://localhost:6333/collections/daily_trade_strategies/points?wait=true "HTTP/1.1 200 OK"
2026-03-22 16:15:53,681 - INFO - HTTP Request: PUT http://localhost:6333/collections/trading_results/points?wait=true "HTTP/1.1 200 OK"
2026-03-22 16:15:53,691 - INFO - HTTP Request: PUT http://localhost:6333/collections/stock_recommendations/points?wait=true "HTTP/1.1 200 OK"
2026-03-22 16:15:53,718 - INFO - HTTP Request: PUT http://localhost:6333/collections/daily_trade_strategies/points?wait=true "HTTP/1.1 200 OK"
2026-03-22 16:15:53,721 - INFO - HTTP Request: PUT http://localhost:6333/collections/trading_results/points?wait=true "HTTP/1.1 200 OK"
2026-03-22 16:15:53,728 - INFO - HTTP Request: PUT http://localhost:6333/collections/stock_recommendations/points?wait=true "HTTP/1.1 200 OK"
2026-03-22 16:15:53,753 - INFO - HTTP Request: PUT http://localhost:6333/collections/daily_trade_strategies/points?wait=true "HTTP/1.1 200 OK"
2026-03-22 16:15:53,758 - INFO - HTTP Request: PUT http://localhost:6333/collections/trading_results/points?wait=true "HTTP/1.1 200 OK"
2026-03-22 16:15:53,764 - INFO - HTTP Request: PUT http://localhost:6333/collections/stock_recommendations/points?wait=true "HTTP/1.1 200 OK"
2026-03-22 16:15:53,791 - INFO - HTTP Request: PUT http://localhost:6333/collections/daily_trade_strategies/points?wait=true "HTTP/1.1 200 OK"
2026-03-22 16:15:53,794 - INFO - HTTP Request: PUT http://localhost:6333/collections/trading_results/points?wait=true "HTTP/1.1 200 OK"
2026-03-22 16:15:53,801 - INFO - HTTP Request: PUT http://localhost:6333/collections/stock_recommendations/points?wait=true "HTTP/1.1 200 OK"
2026-03-22 16:15:53,828 - INFO - HTTP Request: PUT http://localhost:6333/collections/daily_trade_strategies/points?wait=true "HTTP/1.1 200 OK"
2026-03-22 16:15:53,847 - INFO - HTTP Request: PUT http://localhost:6333/collections/trading_results/points?wait=true "HTTP/1.1 200 OK"
2026-03-22 16:15:53,880 - INFO - HTTP Request: PUT http://localhost:6333/collections/stock_recommendations/points?wait=true "HTTP/1.1 200 OK"
2026-03-22 16:15:53,906 - INFO - HTTP Request: PUT http://localhost:6333/collections/daily_trade_strategies/points?wait=true "HTTP/1.1 200 OK"
2026-03-22 16:15:53,910 - INFO - HTTP Request: PUT http://localhost:6333/collections/trading_results/points?wait=true "HTTP/1.1 200 OK"
2026-03-22 16:15:53,917 - INFO - HTTP Request: PUT http://localhost:6333/collections/stock_recommendations/points?wait=true "HTTP/1.1 200 OK"
2026-03-22 16:15:53,943 - INFO - HTTP Request: PUT http://localhost:6333/collections/daily_trade_strategies/points?wait=true "HTTP/1.1 200 OK"
2026-03-22 16:15:53,946 - INFO - HTTP Request: PUT http://localhost:6333/collections/trading_results/points?wait=true "HTTP/1.1 200 OK"
2026-03-22 16:15:53,972 - INFO - HTTP Request: PUT http://localhost:6333/collections/stock_recommendations/points?wait=true "HTTP/1.1 200 OK"
2026-03-22 16:15:53,999 - INFO - HTTP Request: PUT http://localhost:6333/collections/daily_trade_strategies/points?wait=true "HTTP/1.1 200 OK"
2026-03-22 16:15:54,003 - INFO - HTTP Request: PUT http://localhost:6333/collections/trading_results/points?wait=true "HTTP/1.1 200 OK"
2026-03-22 16:15:54,009 - INFO - HTTP Request: PUT http://localhost:6333/collections/stock_recommendations/points?wait=true "HTTP/1.1 200 OK"
2026-03-22 16:15:54,036 - INFO - HTTP Request: PUT http://localhost:6333/collections/daily_trade_strategies/points?wait=true "HTTP/1.1 200 OK"
2026-03-22 16:15:54,039 - INFO - HTTP Request: PUT http://localhost:6333/collections/trading_results/points?wait=true "HTTP/1.1 200 OK"
2026-03-22 16:15:54,046 - INFO - HTTP Request: PUT http://localhost:6333/collections/stock_recommendations/points?wait=true "HTTP/1.1 200 OK"
2026-03-22 16:15:54,073 - INFO - HTTP Request: PUT http://localhost:6333/collections/daily_trade_strategies/points?wait=true "HTTP/1.1 200 OK"
2026-03-22 16:15:54,076 - INFO - HTTP Request: PUT http://localhost:6333/collections/trading_results/points?wait=true "HTTP/1.1 200 OK"
2026-03-22 16:15:54,083 - INFO - HTTP Request: PUT http://localhost:6333/collections/stock_recommendations/points?wait=true "HTTP/1.1 200 OK"
2026-03-22 16:15:54,128 - INFO - HTTP Request: PUT http://localhost:6333/collections/daily_trade_strategies/points?wait=true "HTTP/1.1 200 OK"
2026-03-22 16:15:54,132 - INFO - HTTP Request: PUT http://localhost:6333/collections/trading_results/points?wait=true "HTTP/1.1 200 OK"
2026-03-22 16:15:54,139 - INFO - HTTP Request: PUT http://localhost:6333/collections/stock_recommendations/points?wait=true "HTTP/1.1 200 OK"
2026-03-22 16:15:54,175 - INFO - HTTP Request: PUT http://localhost:6333/collections/daily_trade_strategies/points?wait=true "HTTP/1.1 200 OK"
2026-03-22 16:15:54,179 - INFO - HTTP Request: PUT http://localhost:6333/collections/trading_results/points?wait=true "HTTP/1.1 200 OK"
2026-03-22 16:15:54,185 - INFO - HTTP Request: PUT http://localhost:6333/collections/stock_recommendations/points?wait=true "HTTP/1.1 200 OK"
2026-03-22 16:15:54,219 - INFO - HTTP Request: PUT http://localhost:6333/collections/daily_trade_strategies/points?wait=true "HTTP/1.1 200 OK"
2026-03-22 16:15:54,223 - INFO - HTTP Request: PUT http://localhost:6333/collections/trading_results/points?wait=true "HTTP/1.1 200 OK"
2026-03-22 16:15:54,253 - INFO - HTTP Request: PUT http://localhost:6333/collections/stock_recommendations/points?wait=true "HTTP/1.1 200 OK"
2026-03-22 16:15:54,298 - INFO - HTTP Request: PUT http://localhost:6333/collections/daily_trade_strategies/points?wait=true "HTTP/1.1 200 OK"
2026-03-22 16:15:54,313 - INFO - HTTP Request: PUT http://localhost:6333/collections/trading_results/points?wait=true "HTTP/1.1 200 OK"
2026-03-22 16:15:54,330 - INFO - HTTP Request: PUT http://localhost:6333/collections/stock_recommendations/points?wait=true "HTTP/1.1 200 OK"
2026-03-22 16:15:54,374 - INFO - HTTP Request: PUT http://localhost:6333/collections/daily_trade_strategies/points?wait=true "HTTP/1.1 200 OK"
2026-03-22 16:15:54,379 - INFO - HTTP Request: PUT http://localhost:6333/collections/trading_results/points?wait=true "HTTP/1.1 200 OK"
2026-03-22 16:15:54,408 - INFO - HTTP Request: PUT http://localhost:6333/collections/stock_recommendations/points?wait=true "HTTP/1.1 200 OK"
2026-03-22 16:15:54,451 - INFO - HTTP Request: PUT http://localhost:6333/collections/daily_trade_strategies/points?wait=true "HTTP/1.1 200 OK"
2026-03-22 16:15:54,455 - INFO - HTTP Request: PUT http://localhost:6333/collections/trading_results/points?wait=true "HTTP/1.1 200 OK"
2026-03-22 16:15:54,463 - INFO - HTTP Request: PUT http://localhost:6333/collections/stock_recommendations/points?wait=true "HTTP/1.1 200 OK"
2026-03-22 16:15:54,489 - INFO - HTTP Request: PUT http://localhost:6333/collections/daily_trade_strategies/points?wait=true "HTTP/1.1 200 OK"
2026-03-22 16:15:54,493 - INFO - HTTP Request: PUT http://localhost:6333/collections/trading_results/points?wait=true "HTTP/1.1 200 OK"
2026-03-22 16:15:54,513 - INFO - HTTP Request: PUT http://localhost:6333/collections/stock_recommendations/points?wait=true "HTTP/1.1 200 OK"
2026-03-22 16:15:54,539 - INFO - HTTP Request: PUT http://localhost:6333/collections/daily_trade_strategies/points?wait=true "HTTP/1.1 200 OK"
2026-03-22 16:15:54,554 - INFO - HTTP Request: PUT http://localhost:6333/collections/trading_results/points?wait=true "HTTP/1.1 200 OK"
2026-03-22 16:15:54,562 - INFO - HTTP Request: PUT http://localhost:6333/collections/stock_recommendations/points?wait=true "HTTP/1.1 200 OK"
2026-03-22 16:15:54,588 - INFO - HTTP Request: PUT http://localhost:6333/collections/daily_trade_strategies/points?wait=true "HTTP/1.1 200 OK"
2026-03-22 16:15:54,606 - INFO - HTTP Request: PUT http://localhost:6333/collections/trading_results/points?wait=true "HTTP/1.1 200 OK"
2026-03-22 16:15:54,613 - INFO - HTTP Request: PUT http://localhost:6333/collections/stock_recommendations/points?wait=true "HTTP/1.1 200 OK"
2026-03-22 16:15:54,640 - INFO - HTTP Request: PUT http://localhost:6333/collections/daily_trade_strategies/points?wait=true "HTTP/1.1 200 OK"
2026-03-22 16:15:54,643 - INFO - HTTP Request: PUT http://localhost:6333/collections/trading_results/points?wait=true "HTTP/1.1 200 OK"
2026-03-22 16:15:54,650 - INFO - HTTP Request: PUT http://localhost:6333/collections/stock_recommendations/points?wait=true "HTTP/1.1 200 OK"
2026-03-22 16:15:54,677 - INFO - HTTP Request: PUT http://localhost:6333/collections/daily_trade_strategies/points?wait=true "HTTP/1.1 200 OK"
2026-03-22 16:15:54,680 - INFO - HTTP Request: PUT http://localhost:6333/collections/trading_results/points?wait=true "HTTP/1.1 200 OK"
2026-03-22 16:15:54,687 - INFO - HTTP Request: PUT http://localhost:6333/collections/stock_recommendations/points?wait=true "HTTP/1.1 200 OK"
2026-03-22 16:15:54,713 - INFO - HTTP Request: PUT http://localhost:6333/collections/daily_trade_strategies/points?wait=true "HTTP/1.1 200 OK"
2026-03-22 16:15:54,716 - INFO - HTTP Request: PUT http://localhost:6333/collections/trading_results/points?wait=true "HTTP/1.1 200 OK"
2026-03-22 16:15:54,723 - INFO - HTTP Request: PUT http://localhost:6333/collections/stock_recommendations/points?wait=true "HTTP/1.1 200 OK"
2026-03-22 16:15:54,749 - INFO - HTTP Request: PUT http://localhost:6333/collections/daily_trade_strategies/points?wait=true "HTTP/1.1 200 OK"
2026-03-22 16:15:54,752 - INFO - HTTP Request: PUT http://localhost:6333/collections/trading_results/points?wait=true "HTTP/1.1 200 OK"
2026-03-22 16:15:54,778 - INFO - HTTP Request: PUT http://localhost:6333/collections/stock_recommendations/points?wait=true "HTTP/1.1 200 OK"
2026-03-22 16:15:54,803 - INFO - HTTP Request: PUT http://localhost:6333/collections/daily_trade_strategies/points?wait=true "HTTP/1.1 200 OK"
2026-03-22 16:15:54,807 - INFO - HTTP Request: PUT http://localhost:6333/collections/trading_results/points?wait=true "HTTP/1.1 200 OK"
2026-03-22 16:15:54,813 - INFO - HTTP Request: PUT http://localhost:6333/collections/stock_recommendations/points?wait=true "HTTP/1.1 200 OK"
2026-03-22 16:15:54,856 - INFO - HTTP Request: PUT http://localhost:6333/collections/daily_trade_strategies/points?wait=true "HTTP/1.1 200 OK"
2026-03-22 16:15:54,870 - INFO - HTTP Request: PUT http://localhost:6333/collections/trading_results/points?wait=true "HTTP/1.1 200 OK"
2026-03-22 16:15:54,878 - INFO - HTTP Request: PUT http://localhost:6333/collections/stock_recommendations/points?wait=true "HTTP/1.1 200 OK"
2026-03-22 16:15:54,904 - INFO - HTTP Request: PUT http://localhost:6333/collections/daily_trade_strategies/points?wait=true "HTTP/1.1 200 OK"
2026-03-22 16:15:54,907 - INFO - HTTP Request: PUT http://localhost:6333/collections/trading_results/points?wait=true "HTTP/1.1 200 OK"
2026-03-22 16:15:54,934 - INFO - HTTP Request: PUT http://localhost:6333/collections/stock_recommendations/points?wait=true "HTTP/1.1 200 OK"
2026-03-22 16:15:54,962 - INFO - HTTP Request: PUT http://localhost:6333/collections/daily_trade_strategies/points?wait=true "HTTP/1.1 200 OK"
2026-03-22 16:15:54,969 - INFO - HTTP Request: PUT http://localhost:6333/collections/trading_results/points?wait=true "HTTP/1.1 200 OK"
2026-03-22 16:15:54,975 - INFO - HTTP Request: PUT http://localhost:6333/collections/stock_recommendations/points?wait=true "HTTP/1.1 200 OK"
2026-03-22 16:15:55,002 - INFO - HTTP Request: PUT http://localhost:6333/collections/daily_trade_strategies/points?wait=true "HTTP/1.1 200 OK"
2026-03-22 16:15:55,005 - INFO - HTTP Request: PUT http://localhost:6333/collections/trading_results/points?wait=true "HTTP/1.1 200 OK"
2026-03-22 16:15:55,012 - INFO - HTTP Request: PUT http://localhost:6333/collections/stock_recommendations/points?wait=true "HTTP/1.1 200 OK"
2026-03-22 16:15:55,038 - INFO - HTTP Request: PUT http://localhost:6333/collections/daily_trade_strategies/points?wait=true "HTTP/1.1 200 OK"
2026-03-22 16:15:55,041 - INFO - HTTP Request: PUT http://localhost:6333/collections/trading_results/points?wait=true "HTTP/1.1 200 OK"
2026-03-22 16:15:55,049 - INFO - HTTP Request: PUT http://localhost:6333/collections/stock_recommendations/points?wait=true "HTTP/1.1 200 OK"
2026-03-22 16:15:55,074 - INFO - HTTP Request: PUT http://localhost:6333/collections/daily_trade_strategies/points?wait=true "HTTP/1.1 200 OK"
2026-03-22 16:15:55,078 - INFO - HTTP Request: PUT http://localhost:6333/collections/trading_results/points?wait=true "HTTP/1.1 200 OK"
2026-03-22 16:15:55,085 - INFO - HTTP Request: PUT http://localhost:6333/collections/stock_recommendations/points?wait=true "HTTP/1.1 200 OK"
2026-03-22 16:15:55,137 - INFO - HTTP Request: PUT http://localhost:6333/collections/daily_trade_strategies/points?wait=true "HTTP/1.1 200 OK"
2026-03-22 16:15:55,142 - INFO - HTTP Request: PUT http://localhost:6333/collections/trading_results/points?wait=true "HTTP/1.1 200 OK"
2026-03-22 16:15:55,148 - INFO - HTTP Request: PUT http://localhost:6333/collections/stock_recommendations/points?wait=true "HTTP/1.1 200 OK"
2026-03-22 16:15:55,184 - INFO - HTTP Request: PUT http://localhost:6333/collections/daily_trade_strategies/points?wait=true "HTTP/1.1 200 OK"
2026-03-22 16:15:55,198 - INFO - HTTP Request: PUT http://localhost:6333/collections/trading_results/points?wait=true "HTTP/1.1 200 OK"
2026-03-22 16:15:55,206 - INFO - HTTP Request: PUT http://localhost:6333/collections/stock_recommendations/points?wait=true "HTTP/1.1 200 OK"
2026-03-22 16:15:55,234 - INFO - HTTP Request: PUT http://localhost:6333/collections/daily_trade_strategies/points?wait=true "HTTP/1.1 200 OK"
2026-03-22 16:15:55,236 - INFO - HTTP Request: PUT http://localhost:6333/collections/trading_results/points?wait=true "HTTP/1.1 200 OK"
2026-03-22 16:15:55,243 - INFO - HTTP Request: PUT http://localhost:6333/collections/stock_recommendations/points?wait=true "HTTP/1.1 200 OK"
2026-03-22 16:15:55,269 - INFO - HTTP Request: PUT http://localhost:6333/collections/daily_trade_strategies/points?wait=true "HTTP/1.1 200 OK"
2026-03-22 16:15:55,273 - INFO - HTTP Request: PUT http://localhost:6333/collections/trading_results/points?wait=true "HTTP/1.1 200 OK"
2026-03-22 16:15:55,280 - INFO - HTTP Request: PUT http://localhost:6333/collections/stock_recommendations/points?wait=true "HTTP/1.1 200 OK"
2026-03-22 16:15:55,306 - INFO - HTTP Request: PUT http://localhost:6333/collections/daily_trade_strategies/points?wait=true "HTTP/1.1 200 OK"
2026-03-22 16:15:55,310 - INFO - HTTP Request: PUT http://localhost:6333/collections/trading_results/points?wait=true "HTTP/1.1 200 OK"
2026-03-22 16:15:55,317 - INFO - HTTP Request: PUT http://localhost:6333/collections/stock_recommendations/points?wait=true "HTTP/1.1 200 OK"
2026-03-22 16:15:55,343 - INFO - HTTP Request: PUT http://localhost:6333/collections/daily_trade_strategies/points?wait=true "HTTP/1.1 200 OK"
2026-03-22 16:15:55,346 - INFO - HTTP Request: PUT http://localhost:6333/collections/trading_results/points?wait=true "HTTP/1.1 200 OK"
2026-03-22 16:15:55,353 - INFO - HTTP Request: PUT http://localhost:6333/collections/stock_recommendations/points?wait=true "HTTP/1.1 200 OK"
2026-03-22 16:15:55,379 - INFO - HTTP Request: PUT http://localhost:6333/collections/daily_trade_strategies/points?wait=true "HTTP/1.1 200 OK"
2026-03-22 16:15:55,382 - INFO - HTTP Request: PUT http://localhost:6333/collections/trading_results/points?wait=true "HTTP/1.1 200 OK"
2026-03-22 16:15:55,389 - INFO - HTTP Request: PUT http://localhost:6333/collections/stock_recommendations/points?wait=true "HTTP/1.1 200 OK"
2026-03-22 16:15:55,414 - INFO - HTTP Request: PUT http://localhost:6333/collections/daily_trade_strategies/points?wait=true "HTTP/1.1 200 OK"
2026-03-22 16:15:55,418 - INFO - HTTP Request: PUT http://localhost:6333/collections/trading_results/points?wait=true "HTTP/1.1 200 OK"
2026-03-22 16:15:55,425 - INFO - HTTP Request: PUT http://localhost:6333/collections/stock_recommendations/points?wait=true "HTTP/1.1 200 OK"
2026-03-22 16:15:55,451 - INFO - HTTP Request: PUT http://localhost:6333/collections/daily_trade_strategies/points?wait=true "HTTP/1.1 200 OK"
2026-03-22 16:15:55,454 - INFO - HTTP Request: PUT http://localhost:6333/collections/trading_results/points?wait=true "HTTP/1.1 200 OK"
2026-03-22 16:15:55,461 - INFO - HTTP Request: PUT http://localhost:6333/collections/stock_recommendations/points?wait=true "HTTP/1.1 200 OK"
2026-03-22 16:15:55,498 - INFO - HTTP Request: PUT http://localhost:6333/collections/daily_trade_strategies/points?wait=true "HTTP/1.1 200 OK"
2026-03-22 16:15:55,502 - INFO - HTTP Request: PUT http://localhost:6333/collections/trading_results/points?wait=true "HTTP/1.1 200 OK"
2026-03-22 16:15:55,509 - INFO - HTTP Request: PUT http://localhost:6333/collections/stock_recommendations/points?wait=true "HTTP/1.1 200 OK"
2026-03-22 16:15:55,536 - INFO - HTTP Request: PUT http://localhost:6333/collections/daily_trade_strategies/points?wait=true "HTTP/1.1 200 OK"
2026-03-22 16:15:55,540 - INFO - HTTP Request: PUT http://localhost:6333/collections/trading_results/points?wait=true "HTTP/1.1 200 OK"
2026-03-22 16:15:55,549 - INFO - HTTP Request: PUT http://localhost:6333/collections/stock_recommendations/points?wait=true "HTTP/1.1 200 OK"
2026-03-22 16:15:55,573 - INFO - HTTP Request: PUT http://localhost:6333/collections/daily_trade_strategies/points?wait=true "HTTP/1.1 200 OK"
2026-03-22 16:15:55,577 - INFO - HTTP Request: PUT http://localhost:6333/collections/trading_results/points?wait=true "HTTP/1.1 200 OK"
2026-03-22 16:15:55,584 - INFO - HTTP Request: PUT http://localhost:6333/collections/stock_recommendations/points?wait=true "HTTP/1.1 200 OK"
2026-03-22 16:15:55,609 - INFO - HTTP Request: PUT http://localhost:6333/collections/daily_trade_strategies/points?wait=true "HTTP/1.1 200 OK"
2026-03-22 16:15:55,612 - INFO - HTTP Request: PUT http://localhost:6333/collections/trading_results/points?wait=true "HTTP/1.1 200 OK"
2026-03-22 16:15:55,618 - INFO - HTTP Request: PUT http://localhost:6333/collections/stock_recommendations/points?wait=true "HTTP/1.1 200 OK"
2026-03-22 16:15:55,648 - INFO - HTTP Request: PUT http://localhost:6333/collections/daily_trade_strategies/points?wait=true "HTTP/1.1 200 OK"
2026-03-22 16:15:55,652 - INFO - HTTP Request: PUT http://localhost:6333/collections/trading_results/points?wait=true "HTTP/1.1 200 OK"
2026-03-22 16:15:55,658 - INFO - HTTP Request: PUT http://localhost:6333/collections/stock_recommendations/points?wait=true "HTTP/1.1 200 OK"
2026-03-22 16:15:55,683 - INFO - HTTP Request: PUT http://localhost:6333/collections/daily_trade_strategies/points?wait=true "HTTP/1.1 200 OK"
2026-03-22 16:15:55,686 - INFO - HTTP Request: PUT http://localhost:6333/collections/trading_results/points?wait=true "HTTP/1.1 200 OK"
2026-03-22 16:15:55,693 - INFO - HTTP Request: PUT http://localhost:6333/collections/stock_recommendations/points?wait=true "HTTP/1.1 200 OK"
2026-03-22 16:15:55,718 - INFO - HTTP Request: PUT http://localhost:6333/collections/daily_trade_strategies/points?wait=true "HTTP/1.1 200 OK"
2026-03-22 16:15:55,721 - INFO - HTTP Request: PUT http://localhost:6333/collections/trading_results/points?wait=true "HTTP/1.1 200 OK"
2026-03-22 16:15:55,728 - INFO - HTTP Request: PUT http://localhost:6333/collections/stock_recommendations/points?wait=true "HTTP/1.1 200 OK"
2026-03-22 16:15:55,755 - INFO - HTTP Request: PUT http://localhost:6333/collections/daily_trade_strategies/points?wait=true "HTTP/1.1 200 OK"
2026-03-22 16:15:55,758 - INFO - HTTP Request: PUT http://localhost:6333/collections/trading_results/points?wait=true "HTTP/1.1 200 OK"
2026-03-22 16:15:55,765 - INFO - HTTP Request: PUT http://localhost:6333/collections/stock_recommendations/points?wait=true "HTTP/1.1 200 OK"
2026-03-22 16:15:55,790 - INFO - HTTP Request: PUT http://localhost:6333/collections/daily_trade_strategies/points?wait=true "HTTP/1.1 200 OK"
2026-03-22 16:15:55,793 - INFO - HTTP Request: PUT http://localhost:6333/collections/trading_results/points?wait=true "HTTP/1.1 200 OK"
2026-03-22 16:15:55,801 - INFO - HTTP Request: PUT http://localhost:6333/collections/stock_recommendations/points?wait=true "HTTP/1.1 200 OK"
2026-03-22 16:15:55,826 - INFO - HTTP Request: PUT http://localhost:6333/collections/daily_trade_strategies/points?wait=true "HTTP/1.1 200 OK"
2026-03-22 16:15:55,829 - INFO - HTTP Request: PUT http://localhost:6333/collections/trading_results/points?wait=true "HTTP/1.1 200 OK"
2026-03-22 16:15:55,860 - INFO - HTTP Request: PUT http://localhost:6333/collections/stock_recommendations/points?wait=true "HTTP/1.1 200 OK"
2026-03-22 16:15:55,888 - INFO - HTTP Request: PUT http://localhost:6333/collections/daily_trade_strategies/points?wait=true "HTTP/1.1 200 OK"
2026-03-22 16:15:55,893 - INFO - HTTP Request: PUT http://localhost:6333/collections/trading_results/points?wait=true "HTTP/1.1 200 OK"
2026-03-22 16:15:55,899 - INFO - HTTP Request: PUT http://localhost:6333/collections/stock_recommendations/points?wait=true "HTTP/1.1 200 OK"
2026-03-22 16:15:55,939 - INFO - HTTP Request: PUT http://localhost:6333/collections/daily_trade_strategies/points?wait=true "HTTP/1.1 200 OK"
2026-03-22 16:15:55,942 - INFO - HTTP Request: PUT http://localhost:6333/collections/trading_results/points?wait=true "HTTP/1.1 200 OK"
2026-03-22 16:15:55,948 - INFO - HTTP Request: PUT http://localhost:6333/collections/stock_recommendations/points?wait=true "HTTP/1.1 200 OK"
2026-03-22 16:15:55,975 - INFO - HTTP Request: PUT http://localhost:6333/collections/daily_trade_strategies/points?wait=true "HTTP/1.1 200 OK"
2026-03-22 16:15:55,979 - INFO - HTTP Request: PUT http://localhost:6333/collections/trading_results/points?wait=true "HTTP/1.1 200 OK"
2026-03-22 16:15:55,999 - INFO - HTTP Request: PUT http://localhost:6333/collections/stock_recommendations/points?wait=true "HTTP/1.1 200 OK"
2026-03-22 16:15:56,026 - INFO - HTTP Request: PUT http://localhost:6333/collections/daily_trade_strategies/points?wait=true "HTTP/1.1 200 OK"
2026-03-22 16:15:56,029 - INFO - HTTP Request: PUT http://localhost:6333/collections/trading_results/points?wait=true "HTTP/1.1 200 OK"
2026-03-22 16:15:56,037 - INFO - HTTP Request: PUT http://localhost:6333/collections/stock_recommendations/points?wait=true "HTTP/1.1 200 OK"
2026-03-22 16:15:56,063 - INFO - HTTP Request: PUT http://localhost:6333/collections/daily_trade_strategies/points?wait=true "HTTP/1.1 200 OK"
2026-03-22 16:15:56,067 - INFO - HTTP Request: PUT http://localhost:6333/collections/trading_results/points?wait=true "HTTP/1.1 200 OK"
2026-03-22 16:15:56,075 - INFO - HTTP Request: PUT http://localhost:6333/collections/stock_recommendations/points?wait=true "HTTP/1.1 200 OK"
2026-03-22 16:15:56,112 - INFO - HTTP Request: PUT http://localhost:6333/collections/daily_trade_strategies/points?wait=true "HTTP/1.1 200 OK"
2026-03-22 16:15:56,115 - INFO - HTTP Request: PUT http://localhost:6333/collections/trading_results/points?wait=true "HTTP/1.1 200 OK"
2026-03-22 16:15:56,142 - INFO - HTTP Request: PUT http://localhost:6333/collections/stock_recommendations/points?wait=true "HTTP/1.1 200 OK"
2026-03-22 16:15:56,167 - INFO - HTTP Request: PUT http://localhost:6333/collections/daily_trade_strategies/points?wait=true "HTTP/1.1 200 OK"
2026-03-22 16:15:56,170 - INFO - HTTP Request: PUT http://localhost:6333/collections/trading_results/points?wait=true "HTTP/1.1 200 OK"
2026-03-22 16:15:56,176 - INFO - HTTP Request: PUT http://localhost:6333/collections/stock_recommendations/points?wait=true "HTTP/1.1 200 OK"
2026-03-22 16:15:56,202 - INFO - HTTP Request: PUT http://localhost:6333/collections/daily_trade_strategies/points?wait=true "HTTP/1.1 200 OK"
2026-03-22 16:15:56,205 - INFO - HTTP Request: PUT http://localhost:6333/collections/trading_results/points?wait=true "HTTP/1.1 200 OK"
2026-03-22 16:15:56,211 - INFO - HTTP Request: PUT http://localhost:6333/collections/stock_recommendations/points?wait=true "HTTP/1.1 200 OK"
2026-03-22 16:15:56,237 - INFO - HTTP Request: PUT http://localhost:6333/collections/daily_trade_strategies/points?wait=true "HTTP/1.1 200 OK"
2026-03-22 16:15:56,240 - INFO - HTTP Request: PUT http://localhost:6333/collections/trading_results/points?wait=true "HTTP/1.1 200 OK"
2026-03-22 16:15:56,247 - INFO - HTTP Request: PUT http://localhost:6333/collections/stock_recommendations/points?wait=true "HTTP/1.1 200 OK"
2026-03-22 16:15:56,279 - INFO - HTTP Request: PUT http://localhost:6333/collections/daily_trade_strategies/points?wait=true "HTTP/1.1 200 OK"
2026-03-22 16:15:56,283 - INFO - HTTP Request: PUT http://localhost:6333/collections/trading_results/points?wait=true "HTTP/1.1 200 OK"
2026-03-22 16:15:56,292 - INFO - HTTP Request: PUT http://localhost:6333/collections/stock_recommendations/points?wait=true "HTTP/1.1 200 OK"
2026-03-22 16:15:56,320 - INFO - HTTP Request: PUT http://localhost:6333/collections/daily_trade_strategies/points?wait=true "HTTP/1.1 200 OK"
2026-03-22 16:15:56,324 - INFO - HTTP Request: PUT http://localhost:6333/collections/trading_results/points?wait=true "HTTP/1.1 200 OK"
2026-03-22 16:15:56,344 - INFO - HTTP Request: PUT http://localhost:6333/collections/stock_recommendations/points?wait=true "HTTP/1.1 200 OK"
2026-03-22 16:15:56,391 - INFO - HTTP Request: PUT http://localhost:6333/collections/daily_trade_strategies/points?wait=true "HTTP/1.1 200 OK"
2026-03-22 16:15:56,405 - INFO - HTTP Request: PUT http://localhost:6333/collections/trading_results/points?wait=true "HTTP/1.1 200 OK"
2026-03-22 16:15:56,412 - INFO - HTTP Request: PUT http://localhost:6333/collections/stock_recommendations/points?wait=true "HTTP/1.1 200 OK"
2026-03-22 16:15:56,439 - INFO - HTTP Request: PUT http://localhost:6333/collections/daily_trade_strategies/points?wait=true "HTTP/1.1 200 OK"
2026-03-22 16:15:56,443 - INFO - HTTP Request: PUT http://localhost:6333/collections/trading_results/points?wait=true "HTTP/1.1 200 OK"
2026-03-22 16:15:56,468 - INFO - HTTP Request: PUT http://localhost:6333/collections/stock_recommendations/points?wait=true "HTTP/1.1 200 OK"
2026-03-22 16:15:56,493 - INFO - HTTP Request: PUT http://localhost:6333/collections/daily_trade_strategies/points?wait=true "HTTP/1.1 200 OK"
2026-03-22 16:15:56,496 - INFO - HTTP Request: PUT http://localhost:6333/collections/trading_results/points?wait=true "HTTP/1.1 200 OK"
2026-03-22 16:15:56,503 - INFO - HTTP Request: PUT http://localhost:6333/collections/stock_recommendations/points?wait=true "HTTP/1.1 200 OK"
2026-03-22 16:15:56,529 - INFO - HTTP Request: PUT http://localhost:6333/collections/daily_trade_strategies/points?wait=true "HTTP/1.1 200 OK"
2026-03-22 16:15:56,533 - INFO - HTTP Request: PUT http://localhost:6333/collections/trading_results/points?wait=true "HTTP/1.1 200 OK"
2026-03-22 16:15:56,540 - INFO - HTTP Request: PUT http://localhost:6333/collections/stock_recommendations/points?wait=true "HTTP/1.1 200 OK"
2026-03-22 16:15:56,566 - INFO - HTTP Request: PUT http://localhost:6333/collections/daily_trade_strategies/points?wait=true "HTTP/1.1 200 OK"
2026-03-22 16:15:56,569 - INFO - HTTP Request: PUT http://localhost:6333/collections/trading_results/points?wait=true "HTTP/1.1 200 OK"
2026-03-22 16:15:56,574 - INFO - HTTP Request: PUT http://localhost:6333/collections/stock_recommendations/points?wait=true "HTTP/1.1 200 OK"
2026-03-22 16:15:56,600 - INFO - HTTP Request: PUT http://localhost:6333/collections/daily_trade_strategies/points?wait=true "HTTP/1.1 200 OK"
2026-03-22 16:15:56,603 - INFO - HTTP Request: PUT http://localhost:6333/collections/trading_results/points?wait=true "HTTP/1.1 200 OK"
2026-03-22 16:15:56,609 - INFO - HTTP Request: PUT http://localhost:6333/collections/stock_recommendations/points?wait=true "HTTP/1.1 200 OK"
2026-03-22 16:15:56,634 - INFO - HTTP Request: PUT http://localhost:6333/collections/daily_trade_strategies/points?wait=true "HTTP/1.1 200 OK"
2026-03-22 16:15:56,637 - INFO - HTTP Request: PUT http://localhost:6333/collections/trading_results/points?wait=true "HTTP/1.1 200 OK"
2026-03-22 16:15:56,645 - INFO - HTTP Request: PUT http://localhost:6333/collections/stock_recommendations/points?wait=true "HTTP/1.1 200 OK"
2026-03-22 16:15:56,671 - INFO - HTTP Request: PUT http://localhost:6333/collections/daily_trade_strategies/points?wait=true "HTTP/1.1 200 OK"
2026-03-22 16:15:56,674 - INFO - HTTP Request: PUT http://localhost:6333/collections/trading_results/points?wait=true "HTTP/1.1 200 OK"
2026-03-22 16:15:56,703 - INFO - HTTP Request: PUT http://localhost:6333/collections/stock_recommendations/points?wait=true "HTTP/1.1 200 OK"
2026-03-22 16:15:56,748 - INFO - HTTP Request: PUT http://localhost:6333/collections/daily_trade_strategies/points?wait=true "HTTP/1.1 200 OK"
2026-03-22 16:15:56,752 - INFO - HTTP Request: PUT http://localhost:6333/collections/trading_results/points?wait=true "HTTP/1.1 200 OK"
2026-03-22 16:15:56,759 - INFO - HTTP Request: PUT http://localhost:6333/collections/stock_recommendations/points?wait=true "HTTP/1.1 200 OK"
2026-03-22 16:15:56,795 - INFO - HTTP Request: PUT http://localhost:6333/collections/daily_trade_strategies/points?wait=true "HTTP/1.1 200 OK"
2026-03-22 16:15:56,800 - INFO - HTTP Request: PUT http://localhost:6333/collections/trading_results/points?wait=true "HTTP/1.1 200 OK"
2026-03-22 16:15:56,827 - INFO - HTTP Request: PUT http://localhost:6333/collections/stock_recommendations/points?wait=true "HTTP/1.1 200 OK"
2026-03-22 16:15:56,875 - INFO - HTTP Request: PUT http://localhost:6333/collections/daily_trade_strategies/points?wait=true "HTTP/1.1 200 OK"
2026-03-22 16:15:56,879 - INFO - HTTP Request: PUT http://localhost:6333/collections/trading_results/points?wait=true "HTTP/1.1 200 OK"
2026-03-22 16:15:56,885 - INFO - HTTP Request: PUT http://localhost:6333/collections/stock_recommendations/points?wait=true "HTTP/1.1 200 OK"
2026-03-22 16:15:56,912 - INFO - HTTP Request: PUT http://localhost:6333/collections/daily_trade_strategies/points?wait=true "HTTP/1.1 200 OK"
2026-03-22 16:15:56,916 - INFO - HTTP Request: PUT http://localhost:6333/collections/trading_results/points?wait=true "HTTP/1.1 200 OK"
2026-03-22 16:15:56,922 - INFO - HTTP Request: PUT http://localhost:6333/collections/stock_recommendations/points?wait=true "HTTP/1.1 200 OK"
2026-03-22 16:15:56,948 - INFO - HTTP Request: PUT http://localhost:6333/collections/daily_trade_strategies/points?wait=true "HTTP/1.1 200 OK"
2026-03-22 16:15:56,950 - INFO - HTTP Request: PUT http://localhost:6333/collections/trading_results/points?wait=true "HTTP/1.1 200 OK"
2026-03-22 16:15:56,958 - INFO - HTTP Request: PUT http://localhost:6333/collections/stock_recommendations/points?wait=true "HTTP/1.1 200 OK"
2026-03-22 16:15:56,984 - INFO - HTTP Request: PUT http://localhost:6333/collections/daily_trade_strategies/points?wait=true "HTTP/1.1 200 OK"
2026-03-22 16:15:56,987 - INFO - HTTP Request: PUT http://localhost:6333/collections/trading_results/points?wait=true "HTTP/1.1 200 OK"
2026-03-22 16:15:56,993 - INFO - HTTP Request: PUT http://localhost:6333/collections/stock_recommendations/points?wait=true "HTTP/1.1 200 OK"
2026-03-22 16:15:57,029 - INFO - HTTP Request: PUT http://localhost:6333/collections/daily_trade_strategies/points?wait=true "HTTP/1.1 200 OK"
2026-03-22 16:15:57,044 - INFO - HTTP Request: PUT http://localhost:6333/collections/trading_results/points?wait=true "HTTP/1.1 200 OK"
2026-03-22 16:15:57,049 - INFO - HTTP Request: PUT http://localhost:6333/collections/stock_recommendations/points?wait=true "HTTP/1.1 200 OK"
2026-03-22 16:15:57,074 - INFO - HTTP Request: PUT http://localhost:6333/collections/daily_trade_strategies/points?wait=true "HTTP/1.1 200 OK"
2026-03-22 16:15:57,078 - INFO - HTTP Request: PUT http://localhost:6333/collections/trading_results/points?wait=true "HTTP/1.1 200 OK"
2026-03-22 16:15:57,084 - INFO - HTTP Request: PUT http://localhost:6333/collections/stock_recommendations/points?wait=true "HTTP/1.1 200 OK"
2026-03-22 16:15:57,108 - INFO - HTTP Request: PUT http://localhost:6333/collections/daily_trade_strategies/points?wait=true "HTTP/1.1 200 OK"
2026-03-22 16:15:57,111 - INFO - HTTP Request: PUT http://localhost:6333/collections/trading_results/points?wait=true "HTTP/1.1 200 OK"
2026-03-22 16:15:57,137 - INFO - HTTP Request: PUT http://localhost:6333/collections/stock_recommendations/points?wait=true "HTTP/1.1 200 OK"
2026-03-22 16:15:57,162 - INFO - HTTP Request: PUT http://localhost:6333/collections/daily_trade_strategies/points?wait=true "HTTP/1.1 200 OK"
2026-03-22 16:15:57,165 - INFO - HTTP Request: PUT http://localhost:6333/collections/trading_results/points?wait=true "HTTP/1.1 200 OK"
2026-03-22 16:15:57,171 - INFO - HTTP Request: PUT http://localhost:6333/collections/stock_recommendations/points?wait=true "HTTP/1.1 200 OK"
2026-03-22 16:15:57,197 - INFO - HTTP Request: PUT http://localhost:6333/collections/daily_trade_strategies/points?wait=true "HTTP/1.1 200 OK"
2026-03-22 16:15:57,200 - INFO - HTTP Request: PUT http://localhost:6333/collections/trading_results/points?wait=true "HTTP/1.1 200 OK"
2026-03-22 16:15:57,207 - INFO - HTTP Request: PUT http://localhost:6333/collections/stock_recommendations/points?wait=true "HTTP/1.1 200 OK"
2026-03-22 16:15:57,248 - INFO - HTTP Request: PUT http://localhost:6333/collections/daily_trade_strategies/points?wait=true "HTTP/1.1 200 OK"
2026-03-22 16:15:57,251 - INFO - HTTP Request: PUT http://localhost:6333/collections/trading_results/points?wait=true "HTTP/1.1 200 OK"
2026-03-22 16:15:57,258 - INFO - HTTP Request: PUT http://localhost:6333/collections/stock_recommendations/points?wait=true "HTTP/1.1 200 OK"
2026-03-22 16:15:57,286 - INFO - HTTP Request: PUT http://localhost:6333/collections/daily_trade_strategies/points?wait=true "HTTP/1.1 200 OK"
2026-03-22 16:15:57,289 - INFO - HTTP Request: PUT http://localhost:6333/collections/trading_results/points?wait=true "HTTP/1.1 200 OK"
2026-03-22 16:15:57,311 - INFO - HTTP Request: PUT http://localhost:6333/collections/stock_recommendations/points?wait=true "HTTP/1.1 200 OK"
2026-03-22 16:15:57,336 - INFO - HTTP Request: PUT http://localhost:6333/collections/daily_trade_strategies/points?wait=true "HTTP/1.1 200 OK"
2026-03-22 16:15:57,342 - INFO - HTTP Request: PUT http://localhost:6333/collections/trading_results/points?wait=true "HTTP/1.1 200 OK"
2026-03-22 16:15:57,371 - INFO - HTTP Request: PUT http://localhost:6333/collections/stock_recommendations/points?wait=true "HTTP/1.1 200 OK"
2026-03-22 16:15:57,397 - INFO - HTTP Request: PUT http://localhost:6333/collections/daily_trade_strategies/points?wait=true "HTTP/1.1 200 OK"
2026-03-22 16:15:57,401 - INFO - HTTP Request: PUT http://localhost:6333/collections/trading_results/points?wait=true "HTTP/1.1 200 OK"
2026-03-22 16:15:57,408 - INFO - HTTP Request: PUT http://localhost:6333/collections/stock_recommendations/points?wait=true "HTTP/1.1 200 OK"
2026-03-22 16:15:57,434 - INFO - HTTP Request: PUT http://localhost:6333/collections/daily_trade_strategies/points?wait=true "HTTP/1.1 200 OK"
2026-03-22 16:15:57,438 - INFO - HTTP Request: PUT http://localhost:6333/collections/trading_results/points?wait=true "HTTP/1.1 200 OK"
2026-03-22 16:15:57,445 - INFO - HTTP Request: PUT http://localhost:6333/collections/stock_recommendations/points?wait=true "HTTP/1.1 200 OK"
2026-03-22 16:15:57,471 - INFO - HTTP Request: PUT http://localhost:6333/collections/daily_trade_strategies/points?wait=true "HTTP/1.1 200 OK"
2026-03-22 16:15:57,475 - INFO - HTTP Request: PUT http://localhost:6333/collections/trading_results/points?wait=true "HTTP/1.1 200 OK"
2026-03-22 16:15:57,481 - INFO - HTTP Request: PUT http://localhost:6333/collections/stock_recommendations/points?wait=true "HTTP/1.1 200 OK"
2026-03-22 16:15:57,529 - INFO - HTTP Request: PUT http://localhost:6333/collections/daily_trade_strategies/points?wait=true "HTTP/1.1 200 OK"
2026-03-22 16:15:57,532 - INFO - HTTP Request: PUT http://localhost:6333/collections/trading_results/points?wait=true "HTTP/1.1 200 OK"
2026-03-22 16:15:57,540 - INFO - HTTP Request: PUT http://localhost:6333/collections/stock_recommendations/points?wait=true "HTTP/1.1 200 OK"
2026-03-22 16:15:57,567 - INFO - HTTP Request: PUT http://localhost:6333/collections/daily_trade_strategies/points?wait=true "HTTP/1.1 200 OK"
2026-03-22 16:15:57,570 - INFO - HTTP Request: PUT http://localhost:6333/collections/trading_results/points?wait=true "HTTP/1.1 200 OK"
2026-03-22 16:15:57,578 - INFO - HTTP Request: PUT http://localhost:6333/collections/stock_recommendations/points?wait=true "HTTP/1.1 200 OK"
2026-03-22 16:15:57,604 - INFO - HTTP Request: PUT http://localhost:6333/collections/daily_trade_strategies/points?wait=true "HTTP/1.1 200 OK"
2026-03-22 16:15:57,609 - INFO - HTTP Request: PUT http://localhost:6333/collections/trading_results/points?wait=true "HTTP/1.1 200 OK"
2026-03-22 16:15:57,616 - INFO - HTTP Request: PUT http://localhost:6333/collections/stock_recommendations/points?wait=true "HTTP/1.1 200 OK"
2026-03-22 16:15:57,643 - INFO - HTTP Request: PUT http://localhost:6333/collections/daily_trade_strategies/points?wait=true "HTTP/1.1 200 OK"
2026-03-22 16:15:57,646 - INFO - HTTP Request: PUT http://localhost:6333/collections/trading_results/points?wait=true "HTTP/1.1 200 OK"
2026-03-22 16:15:57,653 - INFO - HTTP Request: PUT http://localhost:6333/collections/stock_recommendations/points?wait=true "HTTP/1.1 200 OK"
2026-03-22 16:15:57,680 - INFO - HTTP Request: PUT http://localhost:6333/collections/daily_trade_strategies/points?wait=true "HTTP/1.1 200 OK"
2026-03-22 16:15:57,682 - INFO - HTTP Request: PUT http://localhost:6333/collections/trading_results/points?wait=true "HTTP/1.1 200 OK"
2026-03-22 16:15:57,689 - INFO - HTTP Request: PUT http://localhost:6333/collections/stock_recommendations/points?wait=true "HTTP/1.1 200 OK"
2026-03-22 16:15:57,716 - INFO - HTTP Request: PUT http://localhost:6333/collections/daily_trade_strategies/points?wait=true "HTTP/1.1 200 OK"
2026-03-22 16:15:57,719 - INFO - HTTP Request: PUT http://localhost:6333/collections/trading_results/points?wait=true "HTTP/1.1 200 OK"
2026-03-22 16:15:57,727 - INFO - HTTP Request: PUT http://localhost:6333/collections/stock_recommendations/points?wait=true "HTTP/1.1 200 OK"
2026-03-22 16:15:57,764 - INFO - HTTP Request: PUT http://localhost:6333/collections/daily_trade_strategies/points?wait=true "HTTP/1.1 200 OK"
2026-03-22 16:15:57,770 - INFO - HTTP Request: PUT http://localhost:6333/collections/trading_results/points?wait=true "HTTP/1.1 200 OK"
2026-03-22 16:15:57,780 - INFO - HTTP Request: PUT http://localhost:6333/collections/stock_recommendations/points?wait=true "HTTP/1.1 200 OK"
2026-03-22 16:15:57,807 - INFO - HTTP Request: PUT http://localhost:6333/collections/daily_trade_strategies/points?wait=true "HTTP/1.1 200 OK"
2026-03-22 16:15:57,811 - INFO - HTTP Request: PUT http://localhost:6333/collections/trading_results/points?wait=true "HTTP/1.1 200 OK"
2026-03-22 16:15:57,818 - INFO - HTTP Request: PUT http://localhost:6333/collections/stock_recommendations/points?wait=true "HTTP/1.1 200 OK"
2026-03-22 16:15:57,843 - INFO - HTTP Request: PUT http://localhost:6333/collections/daily_trade_strategies/points?wait=true "HTTP/1.1 200 OK"
2026-03-22 16:15:57,847 - INFO - HTTP Request: PUT http://localhost:6333/collections/trading_results/points?wait=true "HTTP/1.1 200 OK"
2026-03-22 16:15:57,855 - INFO - HTTP Request: PUT http://localhost:6333/collections/stock_recommendations/points?wait=true "HTTP/1.1 200 OK"
2026-03-22 16:15:57,902 - INFO - HTTP Request: PUT http://localhost:6333/collections/daily_trade_strategies/points?wait=true "HTTP/1.1 200 OK"
2026-03-22 16:15:57,905 - INFO - HTTP Request: PUT http://localhost:6333/collections/trading_results/points?wait=true "HTTP/1.1 200 OK"
2026-03-22 16:15:57,911 - INFO - HTTP Request: PUT http://localhost:6333/collections/stock_recommendations/points?wait=true "HTTP/1.1 200 OK"
2026-03-22 16:15:57,937 - INFO - HTTP Request: PUT http://localhost:6333/collections/daily_trade_strategies/points?wait=true "HTTP/1.1 200 OK"
2026-03-22 16:15:57,940 - INFO - HTTP Request: PUT http://localhost:6333/collections/trading_results/points?wait=true "HTTP/1.1 200 OK"
2026-03-22 16:15:57,947 - INFO - HTTP Request: PUT http://localhost:6333/collections/stock_recommendations/points?wait=true "HTTP/1.1 200 OK"
2026-03-22 16:15:57,971 - INFO - HTTP Request: PUT http://localhost:6333/collections/daily_trade_strategies/points?wait=true "HTTP/1.1 200 OK"
2026-03-22 16:15:57,974 - INFO - HTTP Request: PUT http://localhost:6333/collections/trading_results/points?wait=true "HTTP/1.1 200 OK"
2026-03-22 16:15:57,983 - INFO - HTTP Request: PUT http://localhost:6333/collections/stock_recommendations/points?wait=true "HTTP/1.1 200 OK"
2026-03-22 16:15:58,007 - INFO - HTTP Request: PUT http://localhost:6333/collections/daily_trade_strategies/points?wait=true "HTTP/1.1 200 OK"
2026-03-22 16:15:58,010 - INFO - HTTP Request: PUT http://localhost:6333/collections/trading_results/points?wait=true "HTTP/1.1 200 OK"
2026-03-22 16:15:58,018 - INFO - HTTP Request: PUT http://localhost:6333/collections/stock_recommendations/points?wait=true "HTTP/1.1 200 OK"
2026-03-22 16:15:58,049 - INFO - HTTP Request: PUT http://localhost:6333/collections/daily_trade_strategies/points?wait=true "HTTP/1.1 200 OK"
2026-03-22 16:15:58,053 - INFO - HTTP Request: PUT http://localhost:6333/collections/trading_results/points?wait=true "HTTP/1.1 200 OK"
2026-03-22 16:15:58,060 - INFO - HTTP Request: PUT http://localhost:6333/collections/stock_recommendations/points?wait=true "HTTP/1.1 200 OK"
2026-03-22 16:15:58,086 - INFO - HTTP Request: PUT http://localhost:6333/collections/daily_trade_strategies/points?wait=true "HTTP/1.1 200 OK"
2026-03-22 16:15:58,089 - INFO - HTTP Request: PUT http://localhost:6333/collections/trading_results/points?wait=true "HTTP/1.1 200 OK"
2026-03-22 16:15:58,096 - INFO - HTTP Request: PUT http://localhost:6333/collections/stock_recommendations/points?wait=true "HTTP/1.1 200 OK"
2026-03-22 16:15:58,121 - INFO - HTTP Request: PUT http://localhost:6333/collections/daily_trade_strategies/points?wait=true "HTTP/1.1 200 OK"
2026-03-22 16:15:58,125 - INFO - HTTP Request: PUT http://localhost:6333/collections/trading_results/points?wait=true "HTTP/1.1 200 OK"
2026-03-22 16:15:58,131 - INFO - HTTP Request: PUT http://localhost:6333/collections/stock_recommendations/points?wait=true "HTTP/1.1 200 OK"
2026-03-22 16:15:58,157 - INFO - HTTP Request: PUT http://localhost:6333/collections/daily_trade_strategies/points?wait=true "HTTP/1.1 200 OK"
2026-03-22 16:15:58,160 - INFO - HTTP Request: PUT http://localhost:6333/collections/trading_results/points?wait=true "HTTP/1.1 200 OK"
2026-03-22 16:15:58,168 - INFO - HTTP Request: PUT http://localhost:6333/collections/stock_recommendations/points?wait=true "HTTP/1.1 200 OK"
2026-03-22 16:15:58,193 - INFO - HTTP Request: PUT http://localhost:6333/collections/daily_trade_strategies/points?wait=true "HTTP/1.1 200 OK"
2026-03-22 16:15:58,197 - INFO - HTTP Request: PUT http://localhost:6333/collections/trading_results/points?wait=true "HTTP/1.1 200 OK"
2026-03-22 16:15:58,214 - INFO - HTTP Request: PUT http://localhost:6333/collections/stock_recommendations/points?wait=true "HTTP/1.1 200 OK"
2026-03-22 16:15:58,240 - INFO - HTTP Request: PUT http://localhost:6333/collections/daily_trade_strategies/points?wait=true "HTTP/1.1 200 OK"
2026-03-22 16:15:58,246 - INFO - HTTP Request: PUT http://localhost:6333/collections/trading_results/points?wait=true "HTTP/1.1 200 OK"
2026-03-22 16:15:58,276 - INFO - HTTP Request: PUT http://localhost:6333/collections/stock_recommendations/points?wait=true "HTTP/1.1 200 OK"
2026-03-22 16:15:58,303 - INFO - HTTP Request: PUT http://localhost:6333/collections/daily_trade_strategies/points?wait=true "HTTP/1.1 200 OK"
2026-03-22 16:15:58,307 - INFO - HTTP Request: PUT http://localhost:6333/collections/trading_results/points?wait=true "HTTP/1.1 200 OK"
2026-03-22 16:15:58,319 - INFO - HTTP Request: PUT http://localhost:6333/collections/stock_recommendations/points?wait=true "HTTP/1.1 200 OK"
2026-03-22 16:15:58,347 - INFO - HTTP Request: PUT http://localhost:6333/collections/daily_trade_strategies/points?wait=true "HTTP/1.1 200 OK"
2026-03-22 16:15:58,351 - INFO - HTTP Request: PUT http://localhost:6333/collections/trading_results/points?wait=true "HTTP/1.1 200 OK"
2026-03-22 16:15:58,360 - INFO - HTTP Request: PUT http://localhost:6333/collections/stock_recommendations/points?wait=true "HTTP/1.1 200 OK"
2026-03-22 16:15:58,388 - INFO - HTTP Request: PUT http://localhost:6333/collections/daily_trade_strategies/points?wait=true "HTTP/1.1 200 OK"
2026-03-22 16:15:58,414 - INFO - HTTP Request: PUT http://localhost:6333/collections/trading_results/points?wait=true "HTTP/1.1 200 OK"
2026-03-22 16:15:58,421 - INFO - HTTP Request: PUT http://localhost:6333/collections/stock_recommendations/points?wait=true "HTTP/1.1 200 OK"
2026-03-22 16:15:58,461 - INFO - HTTP Request: PUT http://localhost:6333/collections/daily_trade_strategies/points?wait=true "HTTP/1.1 200 OK"
2026-03-22 16:15:58,465 - INFO - HTTP Request: PUT http://localhost:6333/collections/trading_results/points?wait=true "HTTP/1.1 200 OK"
2026-03-22 16:15:58,474 - INFO - HTTP Request: PUT http://localhost:6333/collections/stock_recommendations/points?wait=true "HTTP/1.1 200 OK"
2026-03-22 16:15:58,501 - INFO - HTTP Request: PUT http://localhost:6333/collections/daily_trade_strategies/points?wait=true "HTTP/1.1 200 OK"
2026-03-22 16:15:58,504 - INFO - HTTP Request: PUT http://localhost:6333/collections/trading_results/points?wait=true "HTTP/1.1 200 OK"
2026-03-22 16:15:58,511 - INFO - HTTP Request: PUT http://localhost:6333/collections/stock_recommendations/points?wait=true "HTTP/1.1 200 OK"
2026-03-22 16:15:58,556 - INFO - HTTP Request: PUT http://localhost:6333/collections/daily_trade_strategies/points?wait=true "HTTP/1.1 200 OK"
2026-03-22 16:15:58,559 - INFO - HTTP Request: PUT http://localhost:6333/collections/trading_results/points?wait=true "HTTP/1.1 200 OK"
2026-03-22 16:15:58,566 - INFO - HTTP Request: PUT http://localhost:6333/collections/stock_recommendations/points?wait=true "HTTP/1.1 200 OK"
2026-03-22 16:15:58,598 - INFO - HTTP Request: PUT http://localhost:6333/collections/daily_trade_strategies/points?wait=true "HTTP/1.1 200 OK"
2026-03-22 16:15:58,602 - INFO - HTTP Request: PUT http://localhost:6333/collections/trading_results/points?wait=true "HTTP/1.1 200 OK"
2026-03-22 16:15:58,609 - INFO - HTTP Request: PUT http://localhost:6333/collections/stock_recommendations/points?wait=true "HTTP/1.1 200 OK"
2026-03-22 16:15:58,640 - INFO - HTTP Request: PUT http://localhost:6333/collections/daily_trade_strategies/points?wait=true "HTTP/1.1 200 OK"
2026-03-22 16:15:58,643 - INFO - HTTP Request: PUT http://localhost:6333/collections/trading_results/points?wait=true "HTTP/1.1 200 OK"
2026-03-22 16:15:58,651 - INFO - HTTP Request: PUT http://localhost:6333/collections/stock_recommendations/points?wait=true "HTTP/1.1 200 OK"
2026-03-22 16:15:58,676 - INFO - HTTP Request: PUT http://localhost:6333/collections/daily_trade_strategies/points?wait=true "HTTP/1.1 200 OK"
2026-03-22 16:15:58,679 - INFO - HTTP Request: PUT http://localhost:6333/collections/trading_results/points?wait=true "HTTP/1.1 200 OK"
2026-03-22 16:15:58,686 - INFO - HTTP Request: PUT http://localhost:6333/collections/stock_recommendations/points?wait=true "HTTP/1.1 200 OK"
2026-03-22 16:15:58,725 - INFO - HTTP Request: PUT http://localhost:6333/collections/daily_trade_strategies/points?wait=true "HTTP/1.1 200 OK"
2026-03-22 16:15:58,729 - INFO - HTTP Request: PUT http://localhost:6333/collections/trading_results/points?wait=true "HTTP/1.1 200 OK"
2026-03-22 16:15:58,757 - INFO - HTTP Request: PUT http://localhost:6333/collections/stock_recommendations/points?wait=true "HTTP/1.1 200 OK"
2026-03-22 16:15:58,783 - INFO - HTTP Request: PUT http://localhost:6333/collections/daily_trade_strategies/points?wait=true "HTTP/1.1 200 OK"
2026-03-22 16:15:58,805 - INFO - HTTP Request: PUT http://localhost:6333/collections/trading_results/points?wait=true "HTTP/1.1 200 OK"
2026-03-22 16:15:58,815 - INFO - HTTP Request: PUT http://localhost:6333/collections/stock_recommendations/points?wait=true "HTTP/1.1 200 OK"
2026-03-22 16:15:58,847 - INFO - HTTP Request: PUT http://localhost:6333/collections/daily_trade_strategies/points?wait=true "HTTP/1.1 200 OK"
2026-03-22 16:15:58,851 - INFO - HTTP Request: PUT http://localhost:6333/collections/trading_results/points?wait=true "HTTP/1.1 200 OK"
2026-03-22 16:15:58,861 - INFO - HTTP Request: PUT http://localhost:6333/collections/stock_recommendations/points?wait=true "HTTP/1.1 200 OK"
2026-03-22 16:15:58,888 - INFO - HTTP Request: PUT http://localhost:6333/collections/daily_trade_strategies/points?wait=true "HTTP/1.1 200 OK"
2026-03-22 16:15:58,892 - INFO - HTTP Request: PUT http://localhost:6333/collections/trading_results/points?wait=true "HTTP/1.1 200 OK"
2026-03-22 16:15:58,911 - INFO - HTTP Request: PUT http://localhost:6333/collections/stock_recommendations/points?wait=true "HTTP/1.1 200 OK"
2026-03-22 16:15:58,958 - INFO - HTTP Request: PUT http://localhost:6333/collections/daily_trade_strategies/points?wait=true "HTTP/1.1 200 OK"
2026-03-22 16:15:58,972 - INFO - HTTP Request: PUT http://localhost:6333/collections/trading_results/points?wait=true "HTTP/1.1 200 OK"
2026-03-22 16:15:58,989 - INFO - HTTP Request: PUT http://localhost:6333/collections/stock_recommendations/points?wait=true "HTTP/1.1 200 OK"
2026-03-22 16:15:59,015 - INFO - HTTP Request: PUT http://localhost:6333/collections/daily_trade_strategies/points?wait=true "HTTP/1.1 200 OK"
2026-03-22 16:15:59,019 - INFO - HTTP Request: PUT http://localhost:6333/collections/trading_results/points?wait=true "HTTP/1.1 200 OK"
2026-03-22 16:15:59,026 - INFO - HTTP Request: PUT http://localhost:6333/collections/stock_recommendations/points?wait=true "HTTP/1.1 200 OK"
2026-03-22 16:15:59,053 - INFO - HTTP Request: PUT http://localhost:6333/collections/daily_trade_strategies/points?wait=true "HTTP/1.1 200 OK"
2026-03-22 16:15:59,056 - INFO - HTTP Request: PUT http://localhost:6333/collections/trading_results/points?wait=true "HTTP/1.1 200 OK"
2026-03-22 16:15:59,056 - INFO - Uploaded 15532 recommendation points.
2026-03-22 16:15:59,056 - INFO - Uploaded 217 trading result points.
2026-03-22 16:15:59,056 - INFO - Uploaded 217 strategy points.
2026-03-22 16:15:59,059 - INFO - HTTP Request: PUT http://localhost:6333/collections/performance_metrics/points?wait=true "HTTP/1.1 200 OK"
2026-03-22 16:15:59,059 - INFO - Uploaded performance snapshot.
2026-03-22 16:15:59,060 - INFO - Progress updated: 217 days | last: 2026-03-19
2026-03-22 16:15:59,060 - INFO - ============================================================
2026-03-22 16:15:59,060 - INFO - DONE — 2026 paper trading complete
2026-03-22 16:15:59,060 - INFO -   2026 predictions : C:\Users\luixj\AI\stock-data\data\processed\phase4\predictions_2026.parquet
2026-03-22 16:15:59,061 - INFO -   Combined preds   : C:\Users\luixj\AI\stock-data\data\processed\phase4\predictions_combined.parquet
2026-03-22 16:15:59,061 - INFO -   Daily results    : C:\Users\luixj\AI\stock-data\data\processed\phase4\phase4_paper_trading_daily.parquet
2026-03-22 16:15:59,061 - INFO -   Summary          : C:\Users\luixj\AI\stock-data\data\processed\phase4\phase4_paper_trading_summary.json
2026-03-22 16:15:59,061 - INFO - ============================================================
2026-03-22 16:15:59,603 - INFO - Prediction refresh completed successfully.
2026-03-22 16:15:59,659 - INFO - No new historical dates available. Last processed: 2026-03-19 | Tradable range: 2025-04-01 to 2026-03-19
2026-03-22 16:15:59,659 - WARNING - Predictions look stale. Refresh with:
2026-03-22 16:15:59,659 - WARNING -   python scripts/paper_trading/run_2026_paper_trading.py --sim-start 2026-03-20 --sim-end auto
2026-03-22 16:15:59,660 - INFO - No action taken today because there is no new historical date to process.
2026-03-22 16:15:59,681 - INFO - Scheduler run completed with no trade: no tradable historical date after last_processed=2026-03-19 (stale predictions (max tradable 2026-03-19 < 2026-03-21)).
2026-03-22 16:15:59,681 - INFO - ============================================================
2026-03-22 16:15:59,681 - INFO - DAILY AUTOMATION COMPLETE (NO NEW DATA)
2026-03-22 16:15:59,682 - INFO - ============================================================
2026-03-22 16:15:59,682 - INFO - Automation completed successfully!
