2026-02-19 12:24:41,307 - INFO - ============================================================
2026-02-19 12:24:41,307 - INFO - BATCH PAPER TRADING EXTENSION
2026-02-19 12:24:41,315 - INFO - ============================================================
2026-02-19 12:24:41,315 - INFO - Loading predictions from C:\Users\luixj\AI\stock-data\data\processed\phase1_predictions.parquet
2026-02-19 12:24:41,477 - WARNING - Requested end date 2025-12-31 is beyond available predictions (2025-12-29). Capping at 2025-12-29.
2026-02-19 12:24:41,477 - INFO - ============================================================
2026-02-19 12:24:41,479 - INFO - STEP 1: Running batch paper trading simulation
2026-02-19 12:24:41,479 - INFO -   Predictions : C:\Users\luixj\AI\stock-data\data\processed\phase1_predictions.parquet
2026-02-19 12:24:41,479 - INFO - ============================================================
2026-02-19 12:24:41,479 - INFO - Loading predictions from C:\Users\luixj\AI\stock-data\data\processed\phase1_predictions.parquet
2026-02-19 12:27:35,338 - INFO - ============================================================
2026-02-19 12:27:35,338 - INFO - BATCH PAPER TRADING EXTENSION
2026-02-19 12:27:35,338 - INFO - ============================================================
2026-02-19 12:27:35,338 - INFO - Loading predictions from C:\Users\luixj\AI\stock-data\data\processed\phase1_predictions.parquet
2026-02-19 12:27:35,494 - WARNING - Requested end date 2025-12-31 is beyond available predictions (2025-12-29). Capping at 2025-12-29.
2026-02-19 12:27:35,494 - INFO - ============================================================
2026-02-19 12:27:35,494 - INFO - STEP 1: Running batch paper trading simulation
2026-02-19 12:27:35,494 - INFO -   Predictions : C:\Users\luixj\AI\stock-data\data\processed\phase1_predictions.parquet
2026-02-19 12:27:35,494 - INFO - ============================================================
2026-02-19 12:27:35,494 - INFO - Loading predictions from C:\Users\luixj\AI\stock-data\data\processed\phase1_predictions.parquet
2026-02-19 12:27:35,603 - INFO - Running paper trading simulation for 188 days
2026-02-19 12:27:35,604 - INFO - Date range: 2025-04-01 to 2025-12-29
2026-02-19 12:27:35,604 - INFO - 
============================================================
2026-02-19 12:27:35,604 - INFO - Running paper trading for 2025-04-01
2026-02-19 12:27:35,605 - INFO - ============================================================
2026-02-19 12:27:35,605 - INFO - Portfolio construction: 38 longs, 15 shorts (from 38 candidates)
2026-02-19 12:27:35,605 - INFO - PnL Net: 0.0027 | Scaled: 0.0027 | Turnover: 100.00% | Vol Scale: 1.00
2026-02-19 12:27:35,607 - INFO - 
============================================================
2026-02-19 12:27:35,607 - INFO - Running paper trading for 2025-04-02
2026-02-19 12:27:35,607 - INFO - ============================================================
2026-02-19 12:27:35,607 - INFO - Portfolio construction: 38 longs, 38 shorts (from 38 candidates)
2026-02-19 12:27:35,607 - INFO - PnL Net: -0.0234 | Scaled: -0.0234 | Turnover: 16.46% | Vol Scale: 1.00
2026-02-19 12:27:35,607 - INFO - 
============================================================
2026-02-19 12:27:35,607 - INFO - Running paper trading for 2025-04-03
2026-02-19 12:27:35,607 - INFO - ============================================================
2026-02-19 12:27:35,609 - INFO - Portfolio construction: 38 longs, 38 shorts (from 38 candidates)
2026-02-19 12:27:35,609 - INFO - PnL Net: -0.0208 | Scaled: -0.0208 | Turnover: 20.14% | Vol Scale: 1.00
2026-02-19 12:27:35,609 - INFO - 
============================================================
2026-02-19 12:27:35,609 - INFO - Running paper trading for 2025-04-04
2026-02-19 12:27:35,609 - INFO - ============================================================
2026-02-19 12:27:35,611 - INFO - Portfolio construction: 38 longs, 38 shorts (from 38 candidates)
2026-02-19 12:27:35,611 - INFO - PnL Net: -0.0002 | Scaled: -0.0002 | Turnover: 27.43% | Vol Scale: 1.00
2026-02-19 12:27:35,611 - INFO - 
============================================================
2026-02-19 12:27:35,611 - INFO - Running paper trading for 2025-04-07
2026-02-19 12:27:35,611 - INFO - ============================================================
2026-02-19 12:27:35,613 - INFO - Portfolio construction: 38 longs, 38 shorts (from 38 candidates)
2026-02-19 12:27:35,613 - INFO - PnL Net: -0.0028 | Scaled: -0.0028 | Turnover: 21.14% | Vol Scale: 1.00
2026-02-19 12:27:35,613 - INFO - 
============================================================
2026-02-19 12:27:35,613 - INFO - Running paper trading for 2025-04-08
2026-02-19 12:27:35,613 - INFO - ============================================================
2026-02-19 12:27:35,613 - INFO - Portfolio construction: 38 longs, 38 shorts (from 38 candidates)
2026-02-19 12:27:35,613 - INFO - PnL Net: 0.0243 | Scaled: 0.0243 | Turnover: 21.60% | Vol Scale: 1.00
2026-02-19 12:27:35,613 - INFO - 
============================================================
2026-02-19 12:27:35,615 - INFO - Running paper trading for 2025-04-09
2026-02-19 12:27:35,615 - INFO - ============================================================
2026-02-19 12:27:35,615 - INFO - Portfolio construction: 38 longs, 1 shorts (from 38 candidates)
2026-02-19 12:27:35,615 - INFO - PnL Net: -0.0107 | Scaled: -0.0107 | Turnover: 20.86% | Vol Scale: 1.00
2026-02-19 12:27:35,615 - INFO - 
============================================================
2026-02-19 12:27:35,617 - INFO - Running paper trading for 2025-04-10
2026-02-19 12:27:35,617 - INFO - ============================================================
2026-02-19 12:27:35,617 - INFO - Portfolio construction: 38 longs, 38 shorts (from 38 candidates)
2026-02-19 12:27:35,617 - INFO - PnL Net: 0.0049 | Scaled: 0.0049 | Turnover: 22.53% | Vol Scale: 1.00
2026-02-19 12:27:35,617 - INFO - 
============================================================
2026-02-19 12:27:35,617 - INFO - Running paper trading for 2025-04-11
2026-02-19 12:27:35,617 - INFO - ============================================================
2026-02-19 12:27:35,619 - INFO - Portfolio construction: 38 longs, 1 shorts (from 38 candidates)
2026-02-19 12:27:35,619 - INFO - PnL Net: 0.0038 | Scaled: 0.0038 | Turnover: 20.79% | Vol Scale: 1.00
2026-02-19 12:27:35,619 - INFO - 
============================================================
2026-02-19 12:27:35,619 - INFO - Running paper trading for 2025-04-14
2026-02-19 12:27:35,619 - INFO - ============================================================
2026-02-19 12:27:35,621 - INFO - Portfolio construction: 38 longs, 38 shorts (from 38 candidates)
2026-02-19 12:27:35,621 - INFO - Vol targeting: rolling_vol=0.2061, scale=0.5000
2026-02-19 12:27:35,621 - INFO - PnL Net: -0.0018 | Scaled: -0.0009 | Turnover: 21.69% | Vol Scale: 0.50
2026-02-19 12:27:35,621 - INFO - 
============================================================
2026-02-19 12:27:35,621 - INFO - Running paper trading for 2025-04-15
2026-02-19 12:27:35,621 - INFO - ============================================================
2026-02-19 12:27:35,623 - INFO - Portfolio construction: 38 longs, 38 shorts (from 38 candidates)
2026-02-19 12:27:35,623 - INFO - Vol targeting: rolling_vol=0.1968, scale=0.5000
2026-02-19 12:27:35,623 - INFO - PnL Net: -0.0047 | Scaled: -0.0023 | Turnover: 21.09% | Vol Scale: 0.50
2026-02-19 12:27:35,623 - INFO - 
============================================================
2026-02-19 12:27:35,623 - INFO - Running paper trading for 2025-04-16
2026-02-19 12:27:35,623 - INFO - ============================================================
2026-02-19 12:27:35,625 - INFO - Portfolio construction: 38 longs, 38 shorts (from 38 candidates)
2026-02-19 12:27:35,625 - INFO - Vol targeting: rolling_vol=0.1890, scale=0.5000
2026-02-19 12:27:35,625 - INFO - PnL Net: 0.0008 | Scaled: 0.0004 | Turnover: 21.09% | Vol Scale: 0.50
2026-02-19 12:27:35,625 - INFO - 
============================================================
2026-02-19 12:27:35,625 - INFO - Running paper trading for 2025-04-17
2026-02-19 12:27:35,625 - INFO - ============================================================
2026-02-19 12:27:35,625 - INFO - Portfolio construction: 38 longs, 38 shorts (from 38 candidates)
2026-02-19 12:27:35,627 - INFO - Vol targeting: rolling_vol=0.1826, scale=0.5000
2026-02-19 12:27:35,627 - INFO - PnL Net: -0.0068 | Scaled: -0.0034 | Turnover: 18.47% | Vol Scale: 0.50
2026-02-19 12:27:35,627 - INFO - 
============================================================
2026-02-19 12:27:35,627 - INFO - Running paper trading for 2025-04-21
2026-02-19 12:27:35,627 - INFO - ============================================================
2026-02-19 12:27:35,627 - INFO - Portfolio construction: 38 longs, 6 shorts (from 38 candidates)
2026-02-19 12:27:35,629 - INFO - Vol targeting: rolling_vol=0.1822, scale=0.5000
2026-02-19 12:27:35,629 - INFO - PnL Net: 0.0089 | Scaled: 0.0045 | Turnover: 17.46% | Vol Scale: 0.50
2026-02-19 12:27:35,629 - INFO - 
============================================================
2026-02-19 12:27:35,629 - INFO - Running paper trading for 2025-04-22
2026-02-19 12:27:35,629 - INFO - ============================================================
2026-02-19 12:27:35,629 - INFO - Portfolio construction: 38 longs, 38 shorts (from 38 candidates)
2026-02-19 12:27:35,629 - INFO - Vol targeting: rolling_vol=0.1783, scale=0.5000
2026-02-19 12:27:35,629 - INFO - PnL Net: 0.0053 | Scaled: 0.0027 | Turnover: 18.72% | Vol Scale: 0.50
2026-02-19 12:27:35,629 - INFO - 
============================================================
2026-02-19 12:27:35,629 - INFO - Running paper trading for 2025-04-23
2026-02-19 12:27:35,629 - INFO - ============================================================
2026-02-19 12:27:35,631 - INFO - Portfolio construction: 38 longs, 5 shorts (from 38 candidates)
2026-02-19 12:27:35,631 - INFO - Vol targeting: rolling_vol=0.1782, scale=0.5000
2026-02-19 12:27:35,631 - INFO - PnL Net: 0.0102 | Scaled: 0.0051 | Turnover: 20.73% | Vol Scale: 0.50
2026-02-19 12:27:35,631 - INFO - 
============================================================
2026-02-19 12:27:35,631 - INFO - Running paper trading for 2025-04-24
2026-02-19 12:27:35,631 - INFO - ============================================================
2026-02-19 12:27:35,633 - INFO - Portfolio construction: 38 longs, 38 shorts (from 38 candidates)
2026-02-19 12:27:35,633 - INFO - Vol targeting: rolling_vol=0.1730, scale=0.5000
2026-02-19 12:27:35,633 - INFO - PnL Net: 0.0011 | Scaled: 0.0006 | Turnover: 18.37% | Vol Scale: 0.50
2026-02-19 12:27:35,633 - INFO - 
============================================================
2026-02-19 12:27:35,633 - INFO - Running paper trading for 2025-04-25
2026-02-19 12:27:35,633 - INFO - ============================================================
2026-02-19 12:27:35,635 - INFO - Portfolio construction: 38 longs, 38 shorts (from 38 candidates)
2026-02-19 12:27:35,635 - INFO - Vol targeting: rolling_vol=0.1682, scale=0.5000
2026-02-19 12:27:35,635 - INFO - PnL Net: 0.0007 | Scaled: 0.0004 | Turnover: 23.46% | Vol Scale: 0.50
2026-02-19 12:27:35,636 - INFO - 
============================================================
2026-02-19 12:27:35,636 - INFO - Running paper trading for 2025-04-28
2026-02-19 12:27:35,636 - INFO - ============================================================
2026-02-19 12:27:35,637 - INFO - Portfolio construction: 38 longs, 38 shorts (from 38 candidates)
2026-02-19 12:27:35,638 - INFO - Vol targeting: rolling_vol=0.1639, scale=0.5000
2026-02-19 12:27:35,638 - INFO - PnL Net: 0.0018 | Scaled: 0.0009 | Turnover: 19.52% | Vol Scale: 0.50
2026-02-19 12:27:35,638 - INFO - 
============================================================
2026-02-19 12:27:35,638 - INFO - Running paper trading for 2025-04-29
2026-02-19 12:27:35,638 - INFO - ============================================================
2026-02-19 12:27:35,638 - INFO - Portfolio construction: 38 longs, 30 shorts (from 38 candidates)
2026-02-19 12:27:35,638 - INFO - Vol targeting: rolling_vol=0.1599, scale=0.5004
2026-02-19 12:27:35,640 - INFO - PnL Net: 0.0011 | Scaled: 0.0005 | Turnover: 16.79% | Vol Scale: 0.50
2026-02-19 12:27:35,640 - INFO - 
============================================================
2026-02-19 12:27:35,640 - INFO - Running paper trading for 2025-04-30
2026-02-19 12:27:35,640 - INFO - ============================================================
2026-02-19 12:27:35,640 - INFO - Portfolio construction: 38 longs, 38 shorts (from 38 candidates)
2026-02-19 12:27:35,640 - INFO - Vol targeting: rolling_vol=0.1596, scale=0.5012
2026-02-19 12:27:35,642 - INFO - PnL Net: 0.0014 | Scaled: 0.0007 | Turnover: 20.09% | Vol Scale: 0.50
2026-02-19 12:27:35,642 - INFO - 
============================================================
2026-02-19 12:27:35,642 - INFO - Running paper trading for 2025-05-01
2026-02-19 12:27:35,642 - INFO - ============================================================
2026-02-19 12:27:35,642 - INFO - Portfolio construction: 38 longs, 38 shorts (from 38 candidates)
2026-02-19 12:27:35,642 - INFO - Vol targeting: rolling_vol=0.1370, scale=0.5840
2026-02-19 12:27:35,642 - INFO - PnL Net: 0.0062 | Scaled: 0.0036 | Turnover: 17.98% | Vol Scale: 0.58
2026-02-19 12:27:35,642 - INFO - 
============================================================
2026-02-19 12:27:35,642 - INFO - Running paper trading for 2025-05-02
2026-02-19 12:27:35,642 - INFO - ============================================================
2026-02-19 12:27:35,644 - INFO - Portfolio construction: 38 longs, 13 shorts (from 38 candidates)
2026-02-19 12:27:35,644 - INFO - Vol targeting: rolling_vol=0.1119, scale=0.7149
2026-02-19 12:27:35,644 - INFO - PnL Net: -0.0011 | Scaled: -0.0008 | Turnover: 17.52% | Vol Scale: 0.71
2026-02-19 12:27:35,644 - INFO - 
============================================================
2026-02-19 12:27:35,644 - INFO - Running paper trading for 2025-05-05
2026-02-19 12:27:35,644 - INFO - ============================================================
2026-02-19 12:27:35,646 - INFO - Portfolio construction: 38 longs, 2 shorts (from 38 candidates)
2026-02-19 12:27:35,646 - INFO - Vol targeting: rolling_vol=0.1128, scale=0.7091
2026-02-19 12:27:35,646 - INFO - PnL Net: -0.0026 | Scaled: -0.0018 | Turnover: 19.38% | Vol Scale: 0.71
2026-02-19 12:27:35,646 - INFO - 
============================================================
2026-02-19 12:27:35,646 - INFO - Running paper trading for 2025-05-06
2026-02-19 12:27:35,646 - INFO - ============================================================
2026-02-19 12:27:35,648 - INFO - Portfolio construction: 38 longs, 33 shorts (from 38 candidates)
2026-02-19 12:27:35,648 - INFO - Vol targeting: rolling_vol=0.1115, scale=0.7177
2026-02-19 12:27:35,648 - INFO - PnL Net: 0.0026 | Scaled: 0.0019 | Turnover: 19.06% | Vol Scale: 0.72
2026-02-19 12:27:35,648 - INFO - 
============================================================
2026-02-19 12:27:35,648 - INFO - Running paper trading for 2025-05-07
2026-02-19 12:27:35,648 - INFO - ============================================================
2026-02-19 12:27:35,650 - INFO - Portfolio construction: 38 longs, 9 shorts (from 38 candidates)
2026-02-19 12:27:35,650 - INFO - Vol targeting: rolling_vol=0.0781, scale=1.0243
2026-02-19 12:27:35,650 - INFO - PnL Net: 0.0043 | Scaled: 0.0045 | Turnover: 18.97% | Vol Scale: 1.02
2026-02-19 12:27:35,650 - INFO - 
============================================================
2026-02-19 12:27:35,650 - INFO - Running paper trading for 2025-05-08
2026-02-19 12:27:35,650 - INFO - ============================================================
2026-02-19 12:27:35,651 - INFO - Portfolio construction: 38 longs, 10 shorts (from 38 candidates)
2026-02-19 12:27:35,652 - INFO - Vol targeting: rolling_vol=0.0656, scale=1.2200
2026-02-19 12:27:35,652 - INFO - PnL Net: -0.0009 | Scaled: -0.0012 | Turnover: 19.75% | Vol Scale: 1.22
2026-02-19 12:27:35,652 - INFO - 
============================================================
2026-02-19 12:27:35,652 - INFO - Running paper trading for 2025-05-09
2026-02-19 12:27:35,652 - INFO - ============================================================
2026-02-19 12:27:35,652 - INFO - Portfolio construction: 38 longs, 37 shorts (from 38 candidates)
2026-02-19 12:27:35,654 - INFO - Vol targeting: rolling_vol=0.0785, scale=1.0196
2026-02-19 12:27:35,654 - INFO - PnL Net: 0.0145 | Scaled: 0.0148 | Turnover: 18.03% | Vol Scale: 1.02
2026-02-19 12:27:35,654 - INFO - 
============================================================
2026-02-19 12:27:35,654 - INFO - Running paper trading for 2025-05-12
2026-02-19 12:27:35,654 - INFO - ============================================================
2026-02-19 12:27:35,654 - INFO - Portfolio construction: 38 longs, 38 shorts (from 38 candidates)
2026-02-19 12:27:35,654 - INFO - Vol targeting: rolling_vol=0.0804, scale=0.9956
2026-02-19 12:27:35,654 - INFO - PnL Net: 0.0074 | Scaled: 0.0074 | Turnover: 18.12% | Vol Scale: 1.00
2026-02-19 12:27:35,654 - INFO - 
============================================================
2026-02-19 12:27:35,654 - INFO - Running paper trading for 2025-05-13
2026-02-19 12:27:35,654 - INFO - ============================================================
2026-02-19 12:27:35,656 - INFO - Portfolio construction: 38 longs, 38 shorts (from 38 candidates)
2026-02-19 12:27:35,656 - INFO - Vol targeting: rolling_vol=0.0797, scale=1.0044
2026-02-19 12:27:35,656 - INFO - PnL Net: -0.0006 | Scaled: -0.0006 | Turnover: 21.90% | Vol Scale: 1.00
2026-02-19 12:27:35,656 - INFO - 
============================================================
2026-02-19 12:27:35,656 - INFO - Running paper trading for 2025-05-14
2026-02-19 12:27:35,656 - INFO - ============================================================
2026-02-19 12:27:35,658 - INFO - Portfolio construction: 38 longs, 38 shorts (from 38 candidates)
2026-02-19 12:27:35,658 - INFO - Vol targeting: rolling_vol=0.0757, scale=1.0562
2026-02-19 12:27:35,658 - INFO - PnL Net: 0.0052 | Scaled: 0.0055 | Turnover: 20.59% | Vol Scale: 1.06
2026-02-19 12:27:35,658 - INFO - 
============================================================
2026-02-19 12:27:35,658 - INFO - Running paper trading for 2025-05-15
2026-02-19 12:27:35,658 - INFO - ============================================================
2026-02-19 12:27:35,660 - INFO - Portfolio construction: 38 longs, 38 shorts (from 38 candidates)
2026-02-19 12:27:35,660 - INFO - Vol targeting: rolling_vol=0.0754, scale=1.0608
2026-02-19 12:27:35,660 - INFO - PnL Net: 0.0020 | Scaled: 0.0021 | Turnover: 19.63% | Vol Scale: 1.06
2026-02-19 12:27:35,660 - INFO - 
============================================================
2026-02-19 12:27:35,660 - INFO - Running paper trading for 2025-05-16
2026-02-19 12:27:35,660 - INFO - ============================================================
2026-02-19 12:27:35,662 - INFO - Portfolio construction: 38 longs, 38 shorts (from 38 candidates)
2026-02-19 12:27:35,662 - INFO - Vol targeting: rolling_vol=0.0684, scale=1.1703
2026-02-19 12:27:35,662 - INFO - PnL Net: -0.0013 | Scaled: -0.0015 | Turnover: 18.38% | Vol Scale: 1.17
2026-02-19 12:27:35,662 - INFO - 
============================================================
2026-02-19 12:27:35,662 - INFO - Running paper trading for 2025-05-19
2026-02-19 12:27:35,662 - INFO - ============================================================
2026-02-19 12:27:35,664 - INFO - Portfolio construction: 38 longs, 38 shorts (from 38 candidates)
2026-02-19 12:27:35,664 - INFO - Vol targeting: rolling_vol=0.0676, scale=1.1828
2026-02-19 12:27:35,664 - INFO - PnL Net: -0.0021 | Scaled: -0.0025 | Turnover: 16.36% | Vol Scale: 1.18
2026-02-19 12:27:35,664 - INFO - 
============================================================
2026-02-19 12:27:35,664 - INFO - Running paper trading for 2025-05-20
2026-02-19 12:27:35,664 - INFO - ============================================================
2026-02-19 12:27:35,664 - INFO - Portfolio construction: 38 longs, 38 shorts (from 38 candidates)
2026-02-19 12:27:35,666 - INFO - Vol targeting: rolling_vol=0.0748, scale=1.0691
2026-02-19 12:27:35,666 - INFO - PnL Net: -0.0070 | Scaled: -0.0075 | Turnover: 15.81% | Vol Scale: 1.07
2026-02-19 12:27:35,666 - INFO - 
============================================================
2026-02-19 12:27:35,666 - INFO - Running paper trading for 2025-05-21
2026-02-19 12:27:35,666 - INFO - ============================================================
2026-02-19 12:27:35,667 - INFO - Portfolio construction: 38 longs, 38 shorts (from 38 candidates)
2026-02-19 12:27:35,668 - INFO - Vol targeting: rolling_vol=0.0690, scale=1.1591
2026-02-19 12:27:35,668 - INFO - PnL Net: 0.0004 | Scaled: 0.0004 | Turnover: 19.34% | Vol Scale: 1.16
2026-02-19 12:27:35,668 - INFO - 
============================================================
2026-02-19 12:27:35,668 - INFO - Running paper trading for 2025-05-22
2026-02-19 12:27:35,668 - INFO - ============================================================
2026-02-19 12:27:35,668 - INFO - Portfolio construction: 38 longs, 32 shorts (from 38 candidates)
2026-02-19 12:27:35,668 - INFO - Vol targeting: rolling_vol=0.0706, scale=1.1324
2026-02-19 12:27:35,668 - INFO - PnL Net: -0.0027 | Scaled: -0.0031 | Turnover: 19.64% | Vol Scale: 1.13
2026-02-19 12:27:35,670 - INFO - 
============================================================
2026-02-19 12:27:35,670 - INFO - Running paper trading for 2025-05-23
2026-02-19 12:27:35,670 - INFO - ============================================================
2026-02-19 12:27:35,670 - INFO - Portfolio construction: 38 longs, 38 shorts (from 38 candidates)
2026-02-19 12:27:35,670 - INFO - Vol targeting: rolling_vol=0.0743, scale=1.0767
2026-02-19 12:27:35,670 - INFO - PnL Net: 0.0082 | Scaled: 0.0088 | Turnover: 19.52% | Vol Scale: 1.08
2026-02-19 12:27:35,670 - INFO - 
============================================================
2026-02-19 12:27:35,670 - INFO - Running paper trading for 2025-05-27
2026-02-19 12:27:35,670 - INFO - ============================================================
2026-02-19 12:27:35,672 - INFO - Portfolio construction: 38 longs, 38 shorts (from 38 candidates)
2026-02-19 12:27:35,672 - INFO - Vol targeting: rolling_vol=0.0756, scale=1.0588
2026-02-19 12:27:35,672 - INFO - PnL Net: -0.0021 | Scaled: -0.0022 | Turnover: 18.56% | Vol Scale: 1.06
2026-02-19 12:27:35,672 - INFO - 
============================================================
2026-02-19 12:27:35,672 - INFO - Running paper trading for 2025-05-28
2026-02-19 12:27:35,672 - INFO - ============================================================
2026-02-19 12:27:35,674 - INFO - Portfolio construction: 38 longs, 38 shorts (from 38 candidates)
2026-02-19 12:27:35,674 - INFO - Vol targeting: rolling_vol=0.0756, scale=1.0575
2026-02-19 12:27:35,674 - INFO - PnL Net: 0.0004 | Scaled: 0.0005 | Turnover: 16.29% | Vol Scale: 1.06
2026-02-19 12:27:35,674 - INFO - 
============================================================
2026-02-19 12:27:35,674 - INFO - Running paper trading for 2025-05-29
2026-02-19 12:27:35,674 - INFO - ============================================================
2026-02-19 12:27:35,674 - INFO - Portfolio construction: 38 longs, 38 shorts (from 38 candidates)
2026-02-19 12:27:35,674 - INFO - Vol targeting: rolling_vol=0.0762, scale=1.0504
2026-02-19 12:27:35,674 - INFO - PnL Net: -0.0009 | Scaled: -0.0010 | Turnover: 19.51% | Vol Scale: 1.05
2026-02-19 12:27:35,676 - INFO - 
============================================================
2026-02-19 12:27:35,676 - INFO - Running paper trading for 2025-05-30
2026-02-19 12:27:35,676 - INFO - ============================================================
2026-02-19 12:27:35,676 - INFO - Portfolio construction: 38 longs, 38 shorts (from 38 candidates)
2026-02-19 12:27:35,678 - INFO - Vol targeting: rolling_vol=0.0742, scale=1.0777
2026-02-19 12:27:35,678 - INFO - PnL Net: 0.0008 | Scaled: 0.0009 | Turnover: 21.02% | Vol Scale: 1.08
2026-02-19 12:27:35,678 - INFO - 
============================================================
2026-02-19 12:27:35,678 - INFO - Running paper trading for 2025-06-02
2026-02-19 12:27:35,678 - INFO - ============================================================
2026-02-19 12:27:35,678 - INFO - Portfolio construction: 38 longs, 38 shorts (from 38 candidates)
2026-02-19 12:27:35,680 - INFO - Vol targeting: rolling_vol=0.0737, scale=1.0849
2026-02-19 12:27:35,680 - INFO - PnL Net: 0.0011 | Scaled: 0.0012 | Turnover: 20.37% | Vol Scale: 1.08
2026-02-19 12:27:35,680 - INFO - 
============================================================
2026-02-19 12:27:35,680 - INFO - Running paper trading for 2025-06-03
2026-02-19 12:27:35,680 - INFO - ============================================================
2026-02-19 12:27:35,680 - INFO - Portfolio construction: 38 longs, 38 shorts (from 38 candidates)
2026-02-19 12:27:35,680 - INFO - Vol targeting: rolling_vol=0.0730, scale=1.0965
2026-02-19 12:27:35,680 - INFO - PnL Net: -0.0012 | Scaled: -0.0013 | Turnover: 18.45% | Vol Scale: 1.10
2026-02-19 12:27:35,680 - INFO - 
============================================================
2026-02-19 12:27:35,680 - INFO - Running paper trading for 2025-06-04
2026-02-19 12:27:35,680 - INFO - ============================================================
2026-02-19 12:27:35,683 - INFO - Portfolio construction: 38 longs, 38 shorts (from 38 candidates)
2026-02-19 12:27:35,683 - INFO - Vol targeting: rolling_vol=0.0730, scale=1.0962
2026-02-19 12:27:35,683 - INFO - PnL Net: -0.0000 | Scaled: -0.0000 | Turnover: 16.06% | Vol Scale: 1.10
2026-02-19 12:27:35,683 - INFO - 
============================================================
2026-02-19 12:27:35,683 - INFO - Running paper trading for 2025-06-05
2026-02-19 12:27:35,683 - INFO - ============================================================
2026-02-19 12:27:35,684 - INFO - Portfolio construction: 38 longs, 38 shorts (from 38 candidates)
2026-02-19 12:27:35,684 - INFO - Vol targeting: rolling_vol=0.0721, scale=1.1092
2026-02-19 12:27:35,684 - INFO - PnL Net: 0.0008 | Scaled: 0.0009 | Turnover: 17.46% | Vol Scale: 1.11
2026-02-19 12:27:35,684 - INFO - 
============================================================
2026-02-19 12:27:35,684 - INFO - Running paper trading for 2025-06-06
2026-02-19 12:27:35,684 - INFO - ============================================================
2026-02-19 12:27:35,684 - INFO - Portfolio construction: 38 longs, 38 shorts (from 38 candidates)
2026-02-19 12:27:35,686 - INFO - Vol targeting: rolling_vol=0.0728, scale=1.0986
2026-02-19 12:27:35,686 - INFO - PnL Net: -0.0024 | Scaled: -0.0026 | Turnover: 18.52% | Vol Scale: 1.10
2026-02-19 12:27:35,686 - INFO - 
============================================================
2026-02-19 12:27:35,686 - INFO - Running paper trading for 2025-06-09
2026-02-19 12:27:35,686 - INFO - ============================================================
2026-02-19 12:27:35,686 - INFO - Portfolio construction: 38 longs, 13 shorts (from 38 candidates)
2026-02-19 12:27:35,686 - INFO - Vol targeting: rolling_vol=0.0539, scale=1.4831
2026-02-19 12:27:35,686 - INFO - PnL Net: 0.0012 | Scaled: 0.0018 | Turnover: 20.04% | Vol Scale: 1.48
2026-02-19 12:27:35,686 - INFO - 
============================================================
2026-02-19 12:27:35,686 - INFO - Running paper trading for 2025-06-10
2026-02-19 12:27:35,686 - INFO - ============================================================
2026-02-19 12:27:35,688 - INFO - Portfolio construction: 38 longs, 6 shorts (from 38 candidates)
2026-02-19 12:27:35,688 - INFO - Vol targeting: rolling_vol=0.0476, scale=1.6799
2026-02-19 12:27:35,688 - INFO - PnL Net: -0.0013 | Scaled: -0.0021 | Turnover: 17.79% | Vol Scale: 1.68
2026-02-19 12:27:35,688 - INFO - 
============================================================
2026-02-19 12:27:35,688 - INFO - Running paper trading for 2025-06-11
2026-02-19 12:27:35,688 - INFO - ============================================================
2026-02-19 12:27:35,690 - INFO - Portfolio construction: 38 longs, 16 shorts (from 38 candidates)
2026-02-19 12:27:35,690 - INFO - Vol targeting: rolling_vol=0.0477, scale=1.6785
2026-02-19 12:27:35,690 - INFO - PnL Net: 0.0007 | Scaled: 0.0012 | Turnover: 18.77% | Vol Scale: 1.68
2026-02-19 12:27:35,690 - INFO - 
============================================================
2026-02-19 12:27:35,690 - INFO - Running paper trading for 2025-06-12
2026-02-19 12:27:35,690 - INFO - ============================================================
2026-02-19 12:27:35,692 - INFO - Portfolio construction: 38 longs, 38 shorts (from 38 candidates)
2026-02-19 12:27:35,692 - INFO - Vol targeting: rolling_vol=0.0449, scale=1.7832
2026-02-19 12:27:35,692 - INFO - PnL Net: -0.0033 | Scaled: -0.0058 | Turnover: 21.75% | Vol Scale: 1.78
2026-02-19 12:27:35,692 - INFO - 
============================================================
2026-02-19 12:27:35,692 - INFO - Running paper trading for 2025-06-13
2026-02-19 12:27:35,692 - INFO - ============================================================
2026-02-19 12:27:35,692 - INFO - Portfolio construction: 38 longs, 38 shorts (from 38 candidates)
2026-02-19 12:27:35,694 - INFO - Vol targeting: rolling_vol=0.0444, scale=1.8031
2026-02-19 12:27:35,694 - INFO - PnL Net: 0.0011 | Scaled: 0.0020 | Turnover: 18.70% | Vol Scale: 1.80
2026-02-19 12:27:35,694 - INFO - 
============================================================
2026-02-19 12:27:35,694 - INFO - Running paper trading for 2025-06-16
2026-02-19 12:27:35,694 - INFO - ============================================================
2026-02-19 12:27:35,694 - INFO - Portfolio construction: 38 longs, 38 shorts (from 38 candidates)
2026-02-19 12:27:35,694 - INFO - Vol targeting: rolling_vol=0.0455, scale=1.7575
2026-02-19 12:27:35,697 - INFO - PnL Net: -0.0035 | Scaled: -0.0061 | Turnover: 16.38% | Vol Scale: 1.76
2026-02-19 12:27:35,697 - INFO - 
============================================================
2026-02-19 12:27:35,697 - INFO - Running paper trading for 2025-06-17
2026-02-19 12:27:35,697 - INFO - ============================================================
2026-02-19 12:27:35,697 - INFO - Portfolio construction: 38 longs, 38 shorts (from 38 candidates)
2026-02-19 12:27:35,697 - INFO - Vol targeting: rolling_vol=0.0452, scale=1.7708
2026-02-19 12:27:35,697 - INFO - PnL Net: -0.0005 | Scaled: -0.0009 | Turnover: 17.30% | Vol Scale: 1.77
2026-02-19 12:27:35,697 - INFO - 
============================================================
2026-02-19 12:27:35,697 - INFO - Running paper trading for 2025-06-18
2026-02-19 12:27:35,697 - INFO - ============================================================
2026-02-19 12:27:35,699 - INFO - Portfolio construction: 38 longs, 38 shorts (from 38 candidates)
2026-02-19 12:27:35,699 - INFO - Vol targeting: rolling_vol=0.0385, scale=2.0000
2026-02-19 12:27:35,699 - INFO - PnL Net: 0.0001 | Scaled: 0.0003 | Turnover: 18.66% | Vol Scale: 2.00
2026-02-19 12:27:35,699 - INFO - 
============================================================
2026-02-19 12:27:35,699 - INFO - Running paper trading for 2025-06-20
2026-02-19 12:27:35,699 - INFO - ============================================================
2026-02-19 12:27:35,699 - INFO - Portfolio construction: 38 longs, 38 shorts (from 38 candidates)
2026-02-19 12:27:35,701 - INFO - Vol targeting: rolling_vol=0.0397, scale=2.0000
2026-02-19 12:27:35,701 - INFO - PnL Net: 0.0027 | Scaled: 0.0053 | Turnover: 20.03% | Vol Scale: 2.00
2026-02-19 12:27:35,701 - INFO - 
============================================================
2026-02-19 12:27:35,701 - INFO - Running paper trading for 2025-06-23
2026-02-19 12:27:35,701 - INFO - ============================================================
2026-02-19 12:27:35,701 - INFO - Portfolio construction: 38 longs, 38 shorts (from 38 candidates)
2026-02-19 12:27:35,701 - INFO - Vol targeting: rolling_vol=0.0406, scale=1.9706
2026-02-19 12:27:35,701 - INFO - PnL Net: 0.0039 | Scaled: 0.0076 | Turnover: 17.48% | Vol Scale: 1.97
2026-02-19 12:27:35,701 - INFO - 
============================================================
2026-02-19 12:27:35,701 - INFO - Running paper trading for 2025-06-24
2026-02-19 12:27:35,701 - INFO - ============================================================
2026-02-19 12:27:35,703 - INFO - Portfolio construction: 38 longs, 38 shorts (from 38 candidates)
2026-02-19 12:27:35,703 - INFO - Vol targeting: rolling_vol=0.0294, scale=2.0000
2026-02-19 12:27:35,703 - INFO - PnL Net: -0.0021 | Scaled: -0.0042 | Turnover: 18.08% | Vol Scale: 2.00
2026-02-19 12:27:35,703 - INFO - 
============================================================
2026-02-19 12:27:35,703 - INFO - Running paper trading for 2025-06-25
2026-02-19 12:27:35,705 - INFO - ============================================================
2026-02-19 12:27:35,705 - INFO - Portfolio construction: 38 longs, 38 shorts (from 38 candidates)
2026-02-19 12:27:35,705 - INFO - Vol targeting: rolling_vol=0.0295, scale=2.0000
2026-02-19 12:27:35,705 - INFO - PnL Net: 0.0019 | Scaled: 0.0038 | Turnover: 17.90% | Vol Scale: 2.00
2026-02-19 12:27:35,705 - INFO - 
============================================================
2026-02-19 12:27:35,705 - INFO - Running paper trading for 2025-06-26
2026-02-19 12:27:35,705 - INFO - ============================================================
2026-02-19 12:27:35,707 - INFO - Portfolio construction: 38 longs, 38 shorts (from 38 candidates)
2026-02-19 12:27:35,707 - INFO - Vol targeting: rolling_vol=0.0299, scale=2.0000
2026-02-19 12:27:35,707 - INFO - PnL Net: 0.0015 | Scaled: 0.0029 | Turnover: 17.70% | Vol Scale: 2.00
2026-02-19 12:27:35,707 - INFO - 
============================================================
2026-02-19 12:27:35,707 - INFO - Running paper trading for 2025-06-27
2026-02-19 12:27:35,707 - INFO - ============================================================
2026-02-19 12:27:35,709 - INFO - Portfolio construction: 38 longs, 38 shorts (from 38 candidates)
2026-02-19 12:27:35,709 - INFO - Vol targeting: rolling_vol=0.0300, scale=2.0000
2026-02-19 12:27:35,709 - INFO - PnL Net: 0.0013 | Scaled: 0.0025 | Turnover: 16.45% | Vol Scale: 2.00
2026-02-19 12:27:35,709 - INFO - 
============================================================
2026-02-19 12:27:35,709 - INFO - Running paper trading for 2025-06-30
2026-02-19 12:27:35,709 - INFO - ============================================================
2026-02-19 12:27:35,711 - INFO - Portfolio construction: 38 longs, 38 shorts (from 38 candidates)
2026-02-19 12:27:35,711 - INFO - Vol targeting: rolling_vol=0.0351, scale=2.0000
2026-02-19 12:27:35,711 - INFO - PnL Net: 0.0055 | Scaled: 0.0109 | Turnover: 17.10% | Vol Scale: 2.00
2026-02-19 12:27:35,711 - INFO - 
============================================================
2026-02-19 12:27:35,711 - INFO - Running paper trading for 2025-07-01
2026-02-19 12:27:35,711 - INFO - ============================================================
2026-02-19 12:27:35,711 - INFO - Portfolio construction: 38 longs, 38 shorts (from 38 candidates)
2026-02-19 12:27:35,713 - INFO - Vol targeting: rolling_vol=0.0352, scale=2.0000
2026-02-19 12:27:35,713 - INFO - PnL Net: 0.0013 | Scaled: 0.0026 | Turnover: 15.04% | Vol Scale: 2.00
2026-02-19 12:27:35,713 - INFO - 
============================================================
2026-02-19 12:27:35,713 - INFO - Running paper trading for 2025-07-02
2026-02-19 12:27:35,713 - INFO - ============================================================
2026-02-19 12:27:35,713 - INFO - Portfolio construction: 38 longs, 38 shorts (from 38 candidates)
2026-02-19 12:27:35,713 - INFO - Vol targeting: rolling_vol=0.0349, scale=2.0000
2026-02-19 12:27:35,713 - INFO - PnL Net: 0.0014 | Scaled: 0.0028 | Turnover: 12.74% | Vol Scale: 2.00
2026-02-19 12:27:35,714 - INFO - 
============================================================
2026-02-19 12:27:35,714 - INFO - Running paper trading for 2025-07-03
2026-02-19 12:27:35,714 - INFO - ============================================================
2026-02-19 12:27:35,715 - INFO - Portfolio construction: 38 longs, 38 shorts (from 38 candidates)
2026-02-19 12:27:35,715 - INFO - Vol targeting: rolling_vol=0.0371, scale=2.0000
2026-02-19 12:27:35,715 - INFO - PnL Net: -0.0032 | Scaled: -0.0063 | Turnover: 11.38% | Vol Scale: 2.00
2026-02-19 12:27:35,715 - INFO - 
============================================================
2026-02-19 12:27:35,715 - INFO - Running paper trading for 2025-07-07
2026-02-19 12:27:35,715 - INFO - ============================================================
2026-02-19 12:27:35,717 - INFO - Portfolio construction: 38 longs, 38 shorts (from 38 candidates)
2026-02-19 12:27:35,717 - INFO - Vol targeting: rolling_vol=0.0371, scale=2.0000
2026-02-19 12:27:35,717 - INFO - PnL Net: 0.0005 | Scaled: 0.0010 | Turnover: 10.84% | Vol Scale: 2.00
2026-02-19 12:27:35,717 - INFO - 
============================================================
2026-02-19 12:27:35,717 - INFO - Running paper trading for 2025-07-08
2026-02-19 12:27:35,717 - INFO - ============================================================
2026-02-19 12:27:35,717 - INFO - Portfolio construction: 38 longs, 38 shorts (from 38 candidates)
2026-02-19 12:27:35,717 - INFO - Vol targeting: rolling_vol=0.0357, scale=2.0000
2026-02-19 12:27:35,717 - INFO - PnL Net: 0.0009 | Scaled: 0.0019 | Turnover: 18.35% | Vol Scale: 2.00
2026-02-19 12:27:35,717 - INFO - 
============================================================
2026-02-19 12:27:35,719 - INFO - Running paper trading for 2025-07-09
2026-02-19 12:27:35,719 - INFO - ============================================================
2026-02-19 12:27:35,719 - INFO - Portfolio construction: 38 longs, 38 shorts (from 38 candidates)
2026-02-19 12:27:35,719 - INFO - Vol targeting: rolling_vol=0.0364, scale=2.0000
2026-02-19 12:27:35,719 - INFO - PnL Net: 0.0026 | Scaled: 0.0053 | Turnover: 19.70% | Vol Scale: 2.00
2026-02-19 12:27:35,719 - INFO - 
============================================================
2026-02-19 12:27:35,719 - INFO - Running paper trading for 2025-07-10
2026-02-19 12:27:35,719 - INFO - ============================================================
2026-02-19 12:27:35,721 - INFO - Portfolio construction: 38 longs, 12 shorts (from 38 candidates)
2026-02-19 12:27:35,721 - INFO - Vol targeting: rolling_vol=0.0379, scale=2.0000
2026-02-19 12:27:35,721 - INFO - PnL Net: -0.0029 | Scaled: -0.0058 | Turnover: 19.47% | Vol Scale: 2.00
2026-02-19 12:27:35,721 - INFO - 
============================================================
2026-02-19 12:27:35,721 - INFO - Running paper trading for 2025-07-11
2026-02-19 12:27:35,721 - INFO - ============================================================
2026-02-19 12:27:35,723 - INFO - Portfolio construction: 38 longs, 26 shorts (from 38 candidates)
2026-02-19 12:27:35,723 - INFO - Vol targeting: rolling_vol=0.0382, scale=2.0000
2026-02-19 12:27:35,723 - INFO - PnL Net: -0.0008 | Scaled: -0.0016 | Turnover: 19.00% | Vol Scale: 2.00
2026-02-19 12:27:35,723 - INFO - 
============================================================
2026-02-19 12:27:35,723 - INFO - Running paper trading for 2025-07-14
2026-02-19 12:27:35,723 - INFO - ============================================================
2026-02-19 12:27:35,725 - INFO - Portfolio construction: 38 longs, 38 shorts (from 38 candidates)
2026-02-19 12:27:35,725 - INFO - Vol targeting: rolling_vol=0.0411, scale=1.9456
2026-02-19 12:27:35,725 - INFO - PnL Net: -0.0053 | Scaled: -0.0103 | Turnover: 18.01% | Vol Scale: 1.95
2026-02-19 12:27:35,725 - INFO - 
============================================================
2026-02-19 12:27:35,725 - INFO - Running paper trading for 2025-07-15
2026-02-19 12:27:35,725 - INFO - ============================================================
2026-02-19 12:27:35,727 - INFO - Portfolio construction: 38 longs, 24 shorts (from 38 candidates)
2026-02-19 12:27:35,727 - INFO - Vol targeting: rolling_vol=0.0411, scale=1.9452
2026-02-19 12:27:35,727 - INFO - PnL Net: 0.0011 | Scaled: 0.0022 | Turnover: 17.80% | Vol Scale: 1.95
2026-02-19 12:27:35,727 - INFO - 
============================================================
2026-02-19 12:27:35,727 - INFO - Running paper trading for 2025-07-16
2026-02-19 12:27:35,727 - INFO - ============================================================
2026-02-19 12:27:35,729 - INFO - Portfolio construction: 38 longs, 4 shorts (from 38 candidates)
2026-02-19 12:27:35,729 - INFO - Vol targeting: rolling_vol=0.0400, scale=1.9977
2026-02-19 12:27:35,729 - INFO - PnL Net: 0.0035 | Scaled: 0.0070 | Turnover: 18.83% | Vol Scale: 2.00
2026-02-19 12:27:35,729 - INFO - 
============================================================
2026-02-19 12:27:35,729 - INFO - Running paper trading for 2025-07-17
2026-02-19 12:27:35,729 - INFO - ============================================================
2026-02-19 12:27:35,730 - INFO - Portfolio construction: 38 longs, 38 shorts (from 38 candidates)
2026-02-19 12:27:35,731 - INFO - Vol targeting: rolling_vol=0.0400, scale=2.0000
2026-02-19 12:27:35,731 - INFO - PnL Net: -0.0003 | Scaled: -0.0006 | Turnover: 20.65% | Vol Scale: 2.00
2026-02-19 12:27:35,731 - INFO - 
============================================================
2026-02-19 12:27:35,731 - INFO - Running paper trading for 2025-07-18
2026-02-19 12:27:35,731 - INFO - ============================================================
2026-02-19 12:27:35,731 - INFO - Portfolio construction: 38 longs, 38 shorts (from 38 candidates)
2026-02-19 12:27:35,731 - INFO - Vol targeting: rolling_vol=0.0407, scale=1.9646
2026-02-19 12:27:35,731 - INFO - PnL Net: -0.0016 | Scaled: -0.0032 | Turnover: 22.59% | Vol Scale: 1.96
2026-02-19 12:27:35,731 - INFO - 
============================================================
2026-02-19 12:27:35,731 - INFO - Running paper trading for 2025-07-21
2026-02-19 12:27:35,731 - INFO - ============================================================
2026-02-19 12:27:35,733 - INFO - Portfolio construction: 38 longs, 38 shorts (from 38 candidates)
2026-02-19 12:27:35,733 - INFO - Vol targeting: rolling_vol=0.0456, scale=1.7529
2026-02-19 12:27:35,733 - INFO - PnL Net: 0.0068 | Scaled: 0.0120 | Turnover: 18.81% | Vol Scale: 1.75
2026-02-19 12:27:35,733 - INFO - 
============================================================
2026-02-19 12:27:35,733 - INFO - Running paper trading for 2025-07-22
2026-02-19 12:27:35,733 - INFO - ============================================================
2026-02-19 12:27:35,735 - INFO - Portfolio construction: 38 longs, 38 shorts (from 38 candidates)
2026-02-19 12:27:35,736 - INFO - Vol targeting: rolling_vol=0.0446, scale=1.7927
2026-02-19 12:27:35,736 - INFO - PnL Net: 0.0023 | Scaled: 0.0041 | Turnover: 18.89% | Vol Scale: 1.79
2026-02-19 12:27:35,741 - INFO - 
============================================================
2026-02-19 12:27:35,741 - INFO - Running paper trading for 2025-07-23
2026-02-19 12:27:35,741 - INFO - ============================================================
2026-02-19 12:27:35,743 - INFO - Portfolio construction: 38 longs, 38 shorts (from 38 candidates)
2026-02-19 12:27:35,743 - INFO - Vol targeting: rolling_vol=0.0451, scale=1.7756
2026-02-19 12:27:35,743 - INFO - PnL Net: -0.0026 | Scaled: -0.0046 | Turnover: 15.52% | Vol Scale: 1.78
2026-02-19 12:27:35,743 - INFO - 
============================================================
2026-02-19 12:27:35,743 - INFO - Running paper trading for 2025-07-24
2026-02-19 12:27:35,743 - INFO - ============================================================
2026-02-19 12:27:35,745 - INFO - Portfolio construction: 38 longs, 38 shorts (from 38 candidates)
2026-02-19 12:27:35,745 - INFO - Vol targeting: rolling_vol=0.0449, scale=1.7834
2026-02-19 12:27:35,745 - INFO - PnL Net: 0.0011 | Scaled: 0.0019 | Turnover: 15.70% | Vol Scale: 1.78
2026-02-19 12:27:35,746 - INFO - 
============================================================
2026-02-19 12:27:35,746 - INFO - Running paper trading for 2025-07-25
2026-02-19 12:27:35,746 - INFO - ============================================================
2026-02-19 12:27:35,747 - INFO - Portfolio construction: 38 longs, 38 shorts (from 38 candidates)
2026-02-19 12:27:35,747 - INFO - Vol targeting: rolling_vol=0.0465, scale=1.7198
2026-02-19 12:27:35,747 - INFO - PnL Net: -0.0031 | Scaled: -0.0052 | Turnover: 16.41% | Vol Scale: 1.72
2026-02-19 12:27:35,747 - INFO - 
============================================================
2026-02-19 12:27:35,747 - INFO - Running paper trading for 2025-07-28
2026-02-19 12:27:35,747 - INFO - ============================================================
2026-02-19 12:27:35,747 - INFO - Portfolio construction: 38 longs, 38 shorts (from 38 candidates)
2026-02-19 12:27:35,749 - INFO - Vol targeting: rolling_vol=0.0474, scale=1.6862
2026-02-19 12:27:35,749 - INFO - PnL Net: -0.0025 | Scaled: -0.0041 | Turnover: 18.54% | Vol Scale: 1.69
2026-02-19 12:27:35,749 - INFO - 
============================================================
2026-02-19 12:27:35,749 - INFO - Running paper trading for 2025-07-29
2026-02-19 12:27:35,749 - INFO - ============================================================
2026-02-19 12:27:35,749 - INFO - Portfolio construction: 38 longs, 38 shorts (from 38 candidates)
2026-02-19 12:27:35,749 - INFO - Vol targeting: rolling_vol=0.0445, scale=1.7974
2026-02-19 12:27:35,751 - INFO - PnL Net: -0.0028 | Scaled: -0.0050 | Turnover: 17.07% | Vol Scale: 1.80
2026-02-19 12:27:35,751 - INFO - 
============================================================
2026-02-19 12:27:35,751 - INFO - Running paper trading for 2025-07-30
2026-02-19 12:27:35,751 - INFO - ============================================================
2026-02-19 12:27:35,751 - INFO - Portfolio construction: 38 longs, 38 shorts (from 38 candidates)
2026-02-19 12:27:35,751 - INFO - Vol targeting: rolling_vol=0.0463, scale=1.7283
2026-02-19 12:27:35,751 - INFO - PnL Net: -0.0042 | Scaled: -0.0073 | Turnover: 18.97% | Vol Scale: 1.73
2026-02-19 12:27:35,751 - INFO - 
============================================================
2026-02-19 12:27:35,751 - INFO - Running paper trading for 2025-07-31
2026-02-19 12:27:35,751 - INFO - ============================================================
2026-02-19 12:27:35,753 - INFO - Portfolio construction: 38 longs, 38 shorts (from 38 candidates)
2026-02-19 12:27:35,753 - INFO - Vol targeting: rolling_vol=0.0470, scale=1.7007
2026-02-19 12:27:35,753 - INFO - PnL Net: -0.0036 | Scaled: -0.0062 | Turnover: 19.57% | Vol Scale: 1.70
2026-02-19 12:27:35,753 - INFO - 
============================================================
2026-02-19 12:27:35,753 - INFO - Running paper trading for 2025-08-01
2026-02-19 12:27:35,753 - INFO - ============================================================
2026-02-19 12:27:35,755 - INFO - Portfolio construction: 38 longs, 6 shorts (from 38 candidates)
2026-02-19 12:27:35,755 - INFO - Vol targeting: rolling_vol=0.0468, scale=1.7092
2026-02-19 12:27:35,755 - INFO - PnL Net: 0.0016 | Scaled: 0.0028 | Turnover: 18.75% | Vol Scale: 1.71
2026-02-19 12:27:35,755 - INFO - 
============================================================
2026-02-19 12:27:35,755 - INFO - Running paper trading for 2025-08-04
2026-02-19 12:27:35,755 - INFO - ============================================================
2026-02-19 12:27:35,757 - INFO - Portfolio construction: 38 longs, 5 shorts (from 38 candidates)
2026-02-19 12:27:35,757 - INFO - Vol targeting: rolling_vol=0.0486, scale=1.6467
2026-02-19 12:27:35,757 - INFO - PnL Net: 0.0034 | Scaled: 0.0056 | Turnover: 20.03% | Vol Scale: 1.65
2026-02-19 12:27:35,757 - INFO - 
============================================================
2026-02-19 12:27:35,757 - INFO - Running paper trading for 2025-08-05
2026-02-19 12:27:35,757 - INFO - ============================================================
2026-02-19 12:27:35,759 - INFO - Portfolio construction: 38 longs, 37 shorts (from 38 candidates)
2026-02-19 12:27:35,759 - INFO - Vol targeting: rolling_vol=0.0485, scale=1.6507
2026-02-19 12:27:35,759 - INFO - PnL Net: -0.0013 | Scaled: -0.0021 | Turnover: 19.43% | Vol Scale: 1.65
2026-02-19 12:27:35,759 - INFO - 
============================================================
2026-02-19 12:27:35,759 - INFO - Running paper trading for 2025-08-06
2026-02-19 12:27:35,759 - INFO - ============================================================
2026-02-19 12:27:35,759 - INFO - Portfolio construction: 38 longs, 38 shorts (from 38 candidates)
2026-02-19 12:27:35,761 - INFO - Vol targeting: rolling_vol=0.0472, scale=1.6961
2026-02-19 12:27:35,761 - INFO - PnL Net: -0.0009 | Scaled: -0.0016 | Turnover: 18.13% | Vol Scale: 1.70
2026-02-19 12:27:35,761 - INFO - 
============================================================
2026-02-19 12:27:35,761 - INFO - Running paper trading for 2025-08-07
2026-02-19 12:27:35,761 - INFO - ============================================================
2026-02-19 12:27:35,761 - INFO - Portfolio construction: 38 longs, 7 shorts (from 38 candidates)
2026-02-19 12:27:35,762 - INFO - Vol targeting: rolling_vol=0.0466, scale=1.7164
2026-02-19 12:27:35,762 - INFO - PnL Net: 0.0008 | Scaled: 0.0013 | Turnover: 20.31% | Vol Scale: 1.72
2026-02-19 12:27:35,762 - INFO - 
============================================================
2026-02-19 12:27:35,763 - INFO - Running paper trading for 2025-08-08
2026-02-19 12:27:35,763 - INFO - ============================================================
2026-02-19 12:27:35,763 - INFO - Portfolio construction: 38 longs, 8 shorts (from 38 candidates)
2026-02-19 12:27:35,763 - INFO - Vol targeting: rolling_vol=0.0467, scale=1.7135
2026-02-19 12:27:35,763 - WARNING - KS3 TRIGGERED: 60-day Sharpe -0.0651 < 0
2026-02-19 12:27:35,763 - INFO - PnL Net: -0.0013 | Scaled: -0.0022 | Turnover: 18.30% | Vol Scale: 1.71
2026-02-19 12:27:35,763 - INFO - 
============================================================
2026-02-19 12:27:35,763 - INFO - Running paper trading for 2025-08-11
2026-02-19 12:27:35,765 - INFO - ============================================================
2026-02-19 12:27:35,765 - INFO - Portfolio construction: 38 longs, 38 shorts (from 38 candidates)
2026-02-19 12:27:35,765 - INFO - Vol targeting: rolling_vol=0.0479, scale=1.6690
2026-02-19 12:27:35,765 - WARNING - KS3 TRIGGERED: 60-day Sharpe -0.0144 < 0
2026-02-19 12:27:35,765 - INFO - PnL Net: 0.0058 | Scaled: 0.0096 | Turnover: 15.45% | Vol Scale: 1.67
2026-02-19 12:27:35,765 - INFO - 
============================================================
2026-02-19 12:27:35,765 - INFO - Running paper trading for 2025-08-12
2026-02-19 12:27:35,765 - INFO - ============================================================
2026-02-19 12:27:35,768 - INFO - Portfolio construction: 38 longs, 38 shorts (from 38 candidates)
2026-02-19 12:27:35,768 - INFO - Vol targeting: rolling_vol=0.0574, scale=1.3933
2026-02-19 12:27:35,768 - INFO - PnL Net: 0.0093 | Scaled: 0.0129 | Turnover: 15.64% | Vol Scale: 1.39
2026-02-19 12:27:35,768 - INFO - 
============================================================
2026-02-19 12:27:35,768 - INFO - Running paper trading for 2025-08-13
2026-02-19 12:27:35,768 - INFO - ============================================================
2026-02-19 12:27:35,768 - INFO - Portfolio construction: 38 longs, 38 shorts (from 38 candidates)
2026-02-19 12:27:35,770 - INFO - Vol targeting: rolling_vol=0.0564, scale=1.4186
2026-02-19 12:27:35,770 - INFO - PnL Net: 0.0002 | Scaled: 0.0003 | Turnover: 20.87% | Vol Scale: 1.42
2026-02-19 12:27:35,770 - INFO - 
============================================================
2026-02-19 12:27:35,770 - INFO - Running paper trading for 2025-08-14
2026-02-19 12:27:35,770 - INFO - ============================================================
2026-02-19 12:27:35,770 - INFO - Portfolio construction: 38 longs, 38 shorts (from 38 candidates)
2026-02-19 12:27:35,770 - INFO - Vol targeting: rolling_vol=0.0564, scale=1.4190
2026-02-19 12:27:35,770 - INFO - PnL Net: 0.0010 | Scaled: 0.0014 | Turnover: 18.05% | Vol Scale: 1.42
2026-02-19 12:27:35,770 - INFO - 
============================================================
2026-02-19 12:27:35,770 - INFO - Running paper trading for 2025-08-15
2026-02-19 12:27:35,770 - INFO - ============================================================
2026-02-19 12:27:35,772 - INFO - Portfolio construction: 38 longs, 38 shorts (from 38 candidates)
2026-02-19 12:27:35,772 - INFO - Vol targeting: rolling_vol=0.0559, scale=1.4310
2026-02-19 12:27:35,772 - INFO - PnL Net: 0.0002 | Scaled: 0.0003 | Turnover: 19.70% | Vol Scale: 1.43
2026-02-19 12:27:35,772 - INFO - 
============================================================
2026-02-19 12:27:35,772 - INFO - Running paper trading for 2025-08-18
2026-02-19 12:27:35,772 - INFO - ============================================================
2026-02-19 12:27:35,774 - INFO - Portfolio construction: 38 longs, 38 shorts (from 38 candidates)
2026-02-19 12:27:35,774 - INFO - Vol targeting: rolling_vol=0.0515, scale=1.5525
2026-02-19 12:27:35,774 - INFO - PnL Net: 0.0024 | Scaled: 0.0038 | Turnover: 18.09% | Vol Scale: 1.55
2026-02-19 12:27:35,774 - INFO - 
============================================================
2026-02-19 12:27:35,774 - INFO - Running paper trading for 2025-08-19
2026-02-19 12:27:35,774 - INFO - ============================================================
2026-02-19 12:27:35,776 - INFO - Portfolio construction: 38 longs, 38 shorts (from 38 candidates)
2026-02-19 12:27:35,776 - INFO - Vol targeting: rolling_vol=0.0516, scale=1.5515
2026-02-19 12:27:35,776 - INFO - PnL Net: -0.0020 | Scaled: -0.0031 | Turnover: 16.60% | Vol Scale: 1.55
2026-02-19 12:27:35,776 - INFO - 
============================================================
2026-02-19 12:27:35,776 - INFO - Running paper trading for 2025-08-20
2026-02-19 12:27:35,776 - INFO - ============================================================
2026-02-19 12:27:35,777 - INFO - Portfolio construction: 38 longs, 38 shorts (from 38 candidates)
2026-02-19 12:27:35,777 - INFO - Vol targeting: rolling_vol=0.0510, scale=1.5694
2026-02-19 12:27:35,777 - INFO - PnL Net: -0.0015 | Scaled: -0.0024 | Turnover: 15.21% | Vol Scale: 1.57
2026-02-19 12:27:35,777 - INFO - 
============================================================
2026-02-19 12:27:35,777 - INFO - Running paper trading for 2025-08-21
2026-02-19 12:27:35,777 - INFO - ============================================================
2026-02-19 12:27:35,779 - INFO - Portfolio construction: 38 longs, 38 shorts (from 38 candidates)
2026-02-19 12:27:35,779 - INFO - Vol targeting: rolling_vol=0.0594, scale=1.3476
2026-02-19 12:27:35,779 - INFO - PnL Net: 0.0089 | Scaled: 0.0120 | Turnover: 16.82% | Vol Scale: 1.35
2026-02-19 12:27:35,780 - INFO - 
============================================================
2026-02-19 12:27:35,780 - INFO - Running paper trading for 2025-08-22
2026-02-19 12:27:35,780 - INFO - ============================================================
2026-02-19 12:27:35,780 - INFO - Portfolio construction: 38 longs, 38 shorts (from 38 candidates)
2026-02-19 12:27:35,780 - INFO - Vol targeting: rolling_vol=0.0605, scale=1.3221
2026-02-19 12:27:35,780 - INFO - PnL Net: -0.0044 | Scaled: -0.0058 | Turnover: 15.55% | Vol Scale: 1.32
2026-02-19 12:27:35,780 - INFO - 
============================================================
2026-02-19 12:27:35,780 - INFO - Running paper trading for 2025-08-25
2026-02-19 12:27:35,780 - INFO - ============================================================
2026-02-19 12:27:35,782 - INFO - Portfolio construction: 38 longs, 38 shorts (from 38 candidates)
2026-02-19 12:27:35,782 - INFO - Vol targeting: rolling_vol=0.0596, scale=1.3428
2026-02-19 12:27:35,782 - INFO - PnL Net: 0.0005 | Scaled: 0.0007 | Turnover: 15.86% | Vol Scale: 1.34
2026-02-19 12:27:35,782 - INFO - 
============================================================
2026-02-19 12:27:35,782 - INFO - Running paper trading for 2025-08-26
2026-02-19 12:27:35,782 - INFO - ============================================================
2026-02-19 12:27:35,784 - INFO - Portfolio construction: 38 longs, 38 shorts (from 38 candidates)
2026-02-19 12:27:35,784 - INFO - Vol targeting: rolling_vol=0.0583, scale=1.3725
2026-02-19 12:27:35,784 - INFO - PnL Net: 0.0005 | Scaled: 0.0007 | Turnover: 17.06% | Vol Scale: 1.37
2026-02-19 12:27:35,784 - INFO - 
============================================================
2026-02-19 12:27:35,784 - INFO - Running paper trading for 2025-08-27
2026-02-19 12:27:35,784 - INFO - ============================================================
2026-02-19 12:27:35,786 - INFO - Portfolio construction: 38 longs, 38 shorts (from 38 candidates)
2026-02-19 12:27:35,786 - INFO - Vol targeting: rolling_vol=0.0555, scale=1.4411
2026-02-19 12:27:35,786 - INFO - PnL Net: -0.0002 | Scaled: -0.0002 | Turnover: 17.80% | Vol Scale: 1.44
2026-02-19 12:27:35,786 - INFO - 
============================================================
2026-02-19 12:27:35,786 - INFO - Running paper trading for 2025-08-28
2026-02-19 12:27:35,786 - INFO - ============================================================
2026-02-19 12:27:35,786 - INFO - Portfolio construction: 38 longs, 38 shorts (from 38 candidates)
2026-02-19 12:27:35,786 - INFO - Vol targeting: rolling_vol=0.0530, scale=1.5091
2026-02-19 12:27:35,788 - INFO - PnL Net: 0.0003 | Scaled: 0.0004 | Turnover: 19.25% | Vol Scale: 1.51
2026-02-19 12:27:35,788 - INFO - 
============================================================
2026-02-19 12:27:35,788 - INFO - Running paper trading for 2025-08-29
2026-02-19 12:27:35,788 - INFO - ============================================================
2026-02-19 12:27:35,788 - INFO - Portfolio construction: 38 longs, 38 shorts (from 38 candidates)
2026-02-19 12:27:35,788 - INFO - Vol targeting: rolling_vol=0.0539, scale=1.4841
2026-02-19 12:27:35,788 - INFO - PnL Net: -0.0017 | Scaled: -0.0026 | Turnover: 15.06% | Vol Scale: 1.48
2026-02-19 12:27:35,788 - INFO - 
============================================================
2026-02-19 12:27:35,788 - INFO - Running paper trading for 2025-09-02
2026-02-19 12:27:35,788 - INFO - ============================================================
2026-02-19 12:27:35,790 - INFO - Portfolio construction: 38 longs, 38 shorts (from 38 candidates)
2026-02-19 12:27:35,790 - INFO - Vol targeting: rolling_vol=0.0542, scale=1.4760
2026-02-19 12:27:35,790 - INFO - PnL Net: -0.0021 | Scaled: -0.0031 | Turnover: 18.16% | Vol Scale: 1.48
2026-02-19 12:27:35,790 - INFO - 
============================================================
2026-02-19 12:27:35,790 - INFO - Running paper trading for 2025-09-03
2026-02-19 12:27:35,790 - INFO - ============================================================
2026-02-19 12:27:35,792 - INFO - Portfolio construction: 38 longs, 38 shorts (from 38 candidates)
2026-02-19 12:27:35,792 - INFO - Vol targeting: rolling_vol=0.0537, scale=1.4886
2026-02-19 12:27:35,792 - INFO - PnL Net: 0.0013 | Scaled: 0.0020 | Turnover: 17.78% | Vol Scale: 1.49
2026-02-19 12:27:35,792 - INFO - 
============================================================
2026-02-19 12:27:35,792 - INFO - Running paper trading for 2025-09-04
2026-02-19 12:27:35,792 - INFO - ============================================================
2026-02-19 12:27:35,794 - INFO - Portfolio construction: 38 longs, 38 shorts (from 38 candidates)
2026-02-19 12:27:35,794 - INFO - Vol targeting: rolling_vol=0.0534, scale=1.4994
2026-02-19 12:27:35,795 - INFO - PnL Net: 0.0012 | Scaled: 0.0019 | Turnover: 17.33% | Vol Scale: 1.50
2026-02-19 12:27:35,795 - INFO - 
============================================================
2026-02-19 12:27:35,795 - INFO - Running paper trading for 2025-09-05
2026-02-19 12:27:35,795 - INFO - ============================================================
2026-02-19 12:27:35,798 - INFO - Portfolio construction: 38 longs, 38 shorts (from 38 candidates)
2026-02-19 12:27:35,798 - INFO - Vol targeting: rolling_vol=0.0539, scale=1.4842
2026-02-19 12:27:35,798 - INFO - PnL Net: -0.0013 | Scaled: -0.0019 | Turnover: 20.00% | Vol Scale: 1.48
2026-02-19 12:27:35,798 - INFO - 
============================================================
2026-02-19 12:27:35,798 - INFO - Running paper trading for 2025-09-08
2026-02-19 12:27:35,798 - INFO - ============================================================
2026-02-19 12:27:35,800 - INFO - Portfolio construction: 38 longs, 38 shorts (from 38 candidates)
2026-02-19 12:27:35,800 - INFO - Vol targeting: rolling_vol=0.0535, scale=1.4949
2026-02-19 12:27:35,800 - INFO - PnL Net: -0.0003 | Scaled: -0.0004 | Turnover: 16.66% | Vol Scale: 1.49
2026-02-19 12:27:35,800 - INFO - 
============================================================
2026-02-19 12:27:35,800 - INFO - Running paper trading for 2025-09-09
2026-02-19 12:27:35,800 - INFO - ============================================================
2026-02-19 12:27:35,800 - INFO - Portfolio construction: 38 longs, 38 shorts (from 38 candidates)
2026-02-19 12:27:35,800 - INFO - Vol targeting: rolling_vol=0.0534, scale=1.4986
2026-02-19 12:27:35,800 - INFO - PnL Net: -0.0044 | Scaled: -0.0065 | Turnover: 17.19% | Vol Scale: 1.50
2026-02-19 12:27:35,802 - INFO - 
============================================================
2026-02-19 12:27:35,802 - INFO - Running paper trading for 2025-09-10
2026-02-19 12:27:35,802 - INFO - ============================================================
2026-02-19 12:27:35,803 - INFO - Portfolio construction: 38 longs, 38 shorts (from 38 candidates)
2026-02-19 12:27:35,803 - INFO - Vol targeting: rolling_vol=0.0448, scale=1.7844
2026-02-19 12:27:35,803 - INFO - PnL Net: 0.0040 | Scaled: 0.0072 | Turnover: 16.96% | Vol Scale: 1.78
2026-02-19 12:27:35,803 - INFO - 
============================================================
2026-02-19 12:27:35,803 - INFO - Running paper trading for 2025-09-11
2026-02-19 12:27:35,803 - INFO - ============================================================
2026-02-19 12:27:35,803 - INFO - Portfolio construction: 38 longs, 38 shorts (from 38 candidates)
2026-02-19 12:27:35,805 - INFO - Vol targeting: rolling_vol=0.0472, scale=1.6944
2026-02-19 12:27:35,805 - INFO - PnL Net: -0.0041 | Scaled: -0.0070 | Turnover: 17.39% | Vol Scale: 1.69
2026-02-19 12:27:35,805 - INFO - 
============================================================
2026-02-19 12:27:35,805 - INFO - Running paper trading for 2025-09-12
2026-02-19 12:27:35,805 - INFO - ============================================================
2026-02-19 12:27:35,805 - INFO - Portfolio construction: 38 longs, 38 shorts (from 38 candidates)
2026-02-19 12:27:35,805 - INFO - Vol targeting: rolling_vol=0.0475, scale=1.6830
2026-02-19 12:27:35,805 - INFO - PnL Net: -0.0021 | Scaled: -0.0035 | Turnover: 15.81% | Vol Scale: 1.68
2026-02-19 12:27:35,805 - INFO - 
============================================================
2026-02-19 12:27:35,807 - INFO - Running paper trading for 2025-09-15
2026-02-19 12:27:35,807 - INFO - ============================================================
2026-02-19 12:27:35,807 - INFO - Portfolio construction: 38 longs, 38 shorts (from 38 candidates)
2026-02-19 12:27:35,807 - INFO - Vol targeting: rolling_vol=0.0477, scale=1.6773
2026-02-19 12:27:35,808 - INFO - PnL Net: 0.0010 | Scaled: 0.0016 | Turnover: 18.17% | Vol Scale: 1.68
2026-02-19 12:27:35,808 - INFO - 
============================================================
2026-02-19 12:27:35,808 - INFO - Running paper trading for 2025-09-16
2026-02-19 12:27:35,808 - INFO - ============================================================
2026-02-19 12:27:35,809 - INFO - Portfolio construction: 38 longs, 38 shorts (from 38 candidates)
2026-02-19 12:27:35,809 - INFO - Vol targeting: rolling_vol=0.0469, scale=1.7072
2026-02-19 12:27:35,812 - INFO - PnL Net: 0.0006 | Scaled: 0.0011 | Turnover: 16.81% | Vol Scale: 1.71
2026-02-19 12:27:35,812 - INFO - 
============================================================
2026-02-19 12:27:35,812 - INFO - Running paper trading for 2025-09-17
2026-02-19 12:27:35,812 - INFO - ============================================================
2026-02-19 12:27:35,813 - INFO - Portfolio construction: 38 longs, 38 shorts (from 38 candidates)
2026-02-19 12:27:35,813 - INFO - Vol targeting: rolling_vol=0.0483, scale=1.6553
2026-02-19 12:27:35,813 - INFO - PnL Net: 0.0037 | Scaled: 0.0061 | Turnover: 15.39% | Vol Scale: 1.66
2026-02-19 12:27:35,813 - INFO - 
============================================================
2026-02-19 12:27:35,813 - INFO - Running paper trading for 2025-09-18
2026-02-19 12:27:35,813 - INFO - ============================================================
2026-02-19 12:27:35,815 - INFO - Portfolio construction: 38 longs, 38 shorts (from 38 candidates)
2026-02-19 12:27:35,815 - INFO - Vol targeting: rolling_vol=0.0490, scale=1.6323
2026-02-19 12:27:35,815 - INFO - PnL Net: -0.0028 | Scaled: -0.0045 | Turnover: 13.88% | Vol Scale: 1.63
2026-02-19 12:27:35,815 - INFO - 
============================================================
2026-02-19 12:27:35,815 - INFO - Running paper trading for 2025-09-19
2026-02-19 12:27:35,815 - INFO - ============================================================
2026-02-19 12:27:35,817 - INFO - Portfolio construction: 38 longs, 38 shorts (from 38 candidates)
2026-02-19 12:27:35,817 - INFO - Vol targeting: rolling_vol=0.0368, scale=2.0000
2026-02-19 12:27:35,817 - INFO - PnL Net: -0.0018 | Scaled: -0.0037 | Turnover: 14.15% | Vol Scale: 2.00
2026-02-19 12:27:35,817 - INFO - 
============================================================
2026-02-19 12:27:35,817 - INFO - Running paper trading for 2025-09-22
2026-02-19 12:27:35,817 - INFO - ============================================================
2026-02-19 12:27:35,818 - INFO - Portfolio construction: 38 longs, 38 shorts (from 38 candidates)
2026-02-19 12:27:35,819 - INFO - Vol targeting: rolling_vol=0.0347, scale=2.0000
2026-02-19 12:27:35,819 - INFO - PnL Net: -0.0022 | Scaled: -0.0044 | Turnover: 12.25% | Vol Scale: 2.00
2026-02-19 12:27:35,819 - INFO - 
============================================================
2026-02-19 12:27:35,819 - INFO - Running paper trading for 2025-09-23
2026-02-19 12:27:35,819 - INFO - ============================================================
2026-02-19 12:27:35,819 - INFO - Portfolio construction: 38 longs, 38 shorts (from 38 candidates)
2026-02-19 12:27:35,819 - INFO - Vol targeting: rolling_vol=0.0347, scale=2.0000
2026-02-19 12:27:35,819 - INFO - PnL Net: 0.0006 | Scaled: 0.0012 | Turnover: 11.55% | Vol Scale: 2.00
2026-02-19 12:27:35,819 - INFO - 
============================================================
2026-02-19 12:27:35,819 - INFO - Running paper trading for 2025-09-24
2026-02-19 12:27:35,821 - INFO - ============================================================
2026-02-19 12:27:35,821 - INFO - Portfolio construction: 38 longs, 38 shorts (from 38 candidates)
2026-02-19 12:27:35,821 - INFO - Vol targeting: rolling_vol=0.0370, scale=2.0000
2026-02-19 12:27:35,821 - WARNING - KS3 TRIGGERED: 60-day Sharpe -0.2339 < 0
2026-02-19 12:27:35,821 - INFO - PnL Net: -0.0044 | Scaled: -0.0087 | Turnover: 10.82% | Vol Scale: 2.00
2026-02-19 12:27:35,821 - INFO - 
============================================================
2026-02-19 12:27:35,821 - INFO - Running paper trading for 2025-09-25
2026-02-19 12:27:35,821 - INFO - ============================================================
2026-02-19 12:27:35,823 - INFO - Portfolio construction: 38 longs, 38 shorts (from 38 candidates)
2026-02-19 12:27:35,823 - INFO - Vol targeting: rolling_vol=0.0394, scale=2.0000
2026-02-19 12:27:35,823 - WARNING - KS3 TRIGGERED: 60-day Sharpe -0.0747 < 0
2026-02-19 12:27:35,823 - INFO - PnL Net: 0.0031 | Scaled: 0.0063 | Turnover: 11.32% | Vol Scale: 2.00
2026-02-19 12:27:35,823 - INFO - 
============================================================
2026-02-19 12:27:35,823 - INFO - Running paper trading for 2025-09-26
2026-02-19 12:27:35,823 - INFO - ============================================================
2026-02-19 12:27:35,825 - INFO - Portfolio construction: 38 longs, 38 shorts (from 38 candidates)
2026-02-19 12:27:35,825 - INFO - Vol targeting: rolling_vol=0.0396, scale=2.0000
2026-02-19 12:27:35,825 - WARNING - KS3 TRIGGERED: 60-day Sharpe -0.1133 < 0
2026-02-19 12:27:35,825 - INFO - PnL Net: 0.0009 | Scaled: 0.0019 | Turnover: 10.79% | Vol Scale: 2.00
2026-02-19 12:27:35,825 - INFO - 
============================================================
2026-02-19 12:27:35,825 - INFO - Running paper trading for 2025-09-29
2026-02-19 12:27:35,825 - INFO - ============================================================
2026-02-19 12:27:35,827 - INFO - Portfolio construction: 38 longs, 38 shorts (from 38 candidates)
2026-02-19 12:27:35,827 - INFO - Vol targeting: rolling_vol=0.0395, scale=2.0000
2026-02-19 12:27:35,827 - INFO - PnL Net: 0.0006 | Scaled: 0.0013 | Turnover: 18.78% | Vol Scale: 2.00
2026-02-19 12:27:35,827 - INFO - 
============================================================
2026-02-19 12:27:35,827 - INFO - Running paper trading for 2025-09-30
2026-02-19 12:27:35,827 - INFO - ============================================================
2026-02-19 12:27:35,829 - INFO - Portfolio construction: 38 longs, 38 shorts (from 38 candidates)
2026-02-19 12:27:35,829 - INFO - Vol targeting: rolling_vol=0.0394, scale=2.0000
2026-02-19 12:27:35,829 - INFO - PnL Net: 0.0013 | Scaled: 0.0026 | Turnover: 16.32% | Vol Scale: 2.00
2026-02-19 12:27:35,829 - INFO - 
============================================================
2026-02-19 12:27:35,829 - INFO - Running paper trading for 2025-10-01
2026-02-19 12:27:35,829 - INFO - ============================================================
2026-02-19 12:27:35,830 - INFO - Portfolio construction: 38 longs, 38 shorts (from 38 candidates)
2026-02-19 12:27:35,830 - INFO - Vol targeting: rolling_vol=0.0406, scale=1.9724
2026-02-19 12:27:35,830 - INFO - PnL Net: 0.0029 | Scaled: 0.0057 | Turnover: 13.62% | Vol Scale: 1.97
2026-02-19 12:27:35,830 - INFO - 
============================================================
2026-02-19 12:27:35,830 - INFO - Running paper trading for 2025-10-02
2026-02-19 12:27:35,830 - INFO - ============================================================
2026-02-19 12:27:35,832 - INFO - Portfolio construction: 38 longs, 38 shorts (from 38 candidates)
2026-02-19 12:27:35,832 - INFO - Vol targeting: rolling_vol=0.0415, scale=1.9257
2026-02-19 12:27:35,832 - INFO - PnL Net: 0.0028 | Scaled: 0.0053 | Turnover: 12.21% | Vol Scale: 1.93
2026-02-19 12:27:35,832 - INFO - 
============================================================
2026-02-19 12:27:35,832 - INFO - Running paper trading for 2025-10-03
2026-02-19 12:27:35,832 - INFO - ============================================================
2026-02-19 12:27:35,832 - INFO - Portfolio construction: 38 longs, 38 shorts (from 38 candidates)
2026-02-19 12:27:35,834 - INFO - Vol targeting: rolling_vol=0.0436, scale=1.8365
2026-02-19 12:27:35,834 - INFO - PnL Net: 0.0040 | Scaled: 0.0073 | Turnover: 10.49% | Vol Scale: 1.84
2026-02-19 12:27:35,834 - INFO - 
============================================================
2026-02-19 12:27:35,834 - INFO - Running paper trading for 2025-10-06
2026-02-19 12:27:35,834 - INFO - ============================================================
2026-02-19 12:27:35,834 - INFO - Portfolio construction: 38 longs, 38 shorts (from 38 candidates)
2026-02-19 12:27:35,834 - INFO - Vol targeting: rolling_vol=0.0440, scale=1.8163
2026-02-19 12:27:35,834 - INFO - PnL Net: -0.0017 | Scaled: -0.0032 | Turnover: 8.91% | Vol Scale: 1.82
2026-02-19 12:27:35,834 - INFO - 
============================================================
2026-02-19 12:27:35,834 - INFO - Running paper trading for 2025-10-07
2026-02-19 12:27:35,834 - INFO - ============================================================
2026-02-19 12:27:35,836 - INFO - Portfolio construction: 38 longs, 38 shorts (from 38 candidates)
2026-02-19 12:27:35,836 - INFO - Vol targeting: rolling_vol=0.0418, scale=1.9150
2026-02-19 12:27:35,836 - INFO - PnL Net: 0.0027 | Scaled: 0.0053 | Turnover: 7.62% | Vol Scale: 1.91
2026-02-19 12:27:35,836 - INFO - 
============================================================
2026-02-19 12:27:35,836 - INFO - Running paper trading for 2025-10-08
2026-02-19 12:27:35,836 - INFO - ============================================================
2026-02-19 12:27:35,838 - INFO - Portfolio construction: 38 longs, 38 shorts (from 38 candidates)
2026-02-19 12:27:35,838 - INFO - Vol targeting: rolling_vol=0.0400, scale=1.9984
2026-02-19 12:27:35,838 - INFO - PnL Net: -0.0012 | Scaled: -0.0024 | Turnover: 6.47% | Vol Scale: 2.00
2026-02-19 12:27:35,838 - INFO - 
============================================================
2026-02-19 12:27:35,838 - INFO - Running paper trading for 2025-10-09
2026-02-19 12:27:35,838 - INFO - ============================================================
2026-02-19 12:27:35,839 - INFO - Portfolio construction: 38 longs, 38 shorts (from 38 candidates)
2026-02-19 12:27:35,839 - INFO - Vol targeting: rolling_vol=0.0499, scale=1.6037
2026-02-19 12:27:35,839 - INFO - PnL Net: -0.0093 | Scaled: -0.0149 | Turnover: 6.11% | Vol Scale: 1.60
2026-02-19 12:27:35,839 - INFO - 
============================================================
2026-02-19 12:27:35,839 - INFO - Running paper trading for 2025-10-10
2026-02-19 12:27:35,839 - INFO - ============================================================
2026-02-19 12:27:35,841 - INFO - Portfolio construction: 38 longs, 38 shorts (from 38 candidates)
2026-02-19 12:27:35,841 - INFO - Vol targeting: rolling_vol=0.0501, scale=1.5958
2026-02-19 12:27:35,841 - INFO - PnL Net: 0.0026 | Scaled: 0.0041 | Turnover: 16.58% | Vol Scale: 1.60
2026-02-19 12:27:35,841 - INFO - 
============================================================
2026-02-19 12:27:35,841 - INFO - Running paper trading for 2025-10-13
2026-02-19 12:27:35,841 - INFO - ============================================================
2026-02-19 12:27:35,843 - INFO - Portfolio construction: 38 longs, 36 shorts (from 38 candidates)
2026-02-19 12:27:35,843 - INFO - Vol targeting: rolling_vol=0.0500, scale=1.5985
2026-02-19 12:27:35,843 - INFO - PnL Net: 0.0001 | Scaled: 0.0001 | Turnover: 21.87% | Vol Scale: 1.60
2026-02-19 12:27:35,843 - INFO - 
============================================================
2026-02-19 12:27:35,843 - INFO - Running paper trading for 2025-10-14
2026-02-19 12:27:35,843 - INFO - ============================================================
2026-02-19 12:27:35,845 - INFO - Portfolio construction: 38 longs, 38 shorts (from 38 candidates)
2026-02-19 12:27:35,845 - INFO - Vol targeting: rolling_vol=0.0503, scale=1.5894
2026-02-19 12:27:35,845 - INFO - PnL Net: 0.0017 | Scaled: 0.0028 | Turnover: 19.87% | Vol Scale: 1.59
2026-02-19 12:27:35,845 - INFO - 
============================================================
2026-02-19 12:27:35,845 - INFO - Running paper trading for 2025-10-15
2026-02-19 12:27:35,845 - INFO - ============================================================
2026-02-19 12:27:35,847 - INFO - Portfolio construction: 38 longs, 38 shorts (from 38 candidates)
2026-02-19 12:27:35,847 - INFO - Vol targeting: rolling_vol=0.0506, scale=1.5825
2026-02-19 12:27:35,847 - WARNING - KS3 TRIGGERED: 60-day Sharpe -0.2138 < 0
2026-02-19 12:27:35,847 - INFO - PnL Net: -0.0039 | Scaled: -0.0062 | Turnover: 19.76% | Vol Scale: 1.58
2026-02-19 12:27:35,847 - INFO - 
============================================================
2026-02-19 12:27:35,847 - INFO - Running paper trading for 2025-10-16
2026-02-19 12:27:35,847 - INFO - ============================================================
2026-02-19 12:27:35,847 - INFO - Portfolio construction: 38 longs, 38 shorts (from 38 candidates)
2026-02-19 12:27:35,849 - INFO - Vol targeting: rolling_vol=0.0497, scale=1.6093
2026-02-19 12:27:35,849 - INFO - PnL Net: 0.0004 | Scaled: 0.0006 | Turnover: 19.81% | Vol Scale: 1.61
2026-02-19 12:27:35,849 - INFO - 
============================================================
2026-02-19 12:27:35,849 - INFO - Running paper trading for 2025-10-17
2026-02-19 12:27:35,849 - INFO - ============================================================
2026-02-19 12:27:35,849 - INFO - Portfolio construction: 38 longs, 2 shorts (from 38 candidates)
2026-02-19 12:27:35,849 - INFO - Vol targeting: rolling_vol=0.0522, scale=1.5325
2026-02-19 12:27:35,849 - INFO - PnL Net: 0.0050 | Scaled: 0.0077 | Turnover: 21.18% | Vol Scale: 1.53
2026-02-19 12:27:35,849 - INFO - 
============================================================
2026-02-19 12:27:35,849 - INFO - Running paper trading for 2025-10-20
2026-02-19 12:27:35,849 - INFO - ============================================================
2026-02-19 12:27:35,851 - INFO - Portfolio construction: 38 longs, 38 shorts (from 38 candidates)
2026-02-19 12:27:35,851 - INFO - Vol targeting: rolling_vol=0.0521, scale=1.5369
2026-02-19 12:27:35,851 - INFO - PnL Net: 0.0028 | Scaled: 0.0043 | Turnover: 19.97% | Vol Scale: 1.54
2026-02-19 12:27:35,851 - INFO - 
============================================================
2026-02-19 12:27:35,851 - INFO - Running paper trading for 2025-10-21
2026-02-19 12:27:35,851 - INFO - ============================================================
2026-02-19 12:27:35,851 - INFO - Portfolio construction: 38 longs, 38 shorts (from 38 candidates)
2026-02-19 12:27:35,853 - INFO - Vol targeting: rolling_vol=0.0528, scale=1.5154
2026-02-19 12:27:35,853 - INFO - PnL Net: -0.0020 | Scaled: -0.0030 | Turnover: 17.75% | Vol Scale: 1.52
2026-02-19 12:27:35,853 - INFO - 
============================================================
2026-02-19 12:27:35,853 - INFO - Running paper trading for 2025-10-22
2026-02-19 12:27:35,853 - INFO - ============================================================
2026-02-19 12:27:35,853 - INFO - Portfolio construction: 38 longs, 38 shorts (from 38 candidates)
2026-02-19 12:27:35,853 - INFO - Vol targeting: rolling_vol=0.0516, scale=1.5499
2026-02-19 12:27:35,853 - INFO - PnL Net: 0.0046 | Scaled: 0.0071 | Turnover: 16.55% | Vol Scale: 1.55
2026-02-19 12:27:35,853 - INFO - 
============================================================
2026-02-19 12:27:35,853 - INFO - Running paper trading for 2025-10-23
2026-02-19 12:27:35,853 - INFO - ============================================================
2026-02-19 12:27:35,855 - INFO - Portfolio construction: 38 longs, 38 shorts (from 38 candidates)
2026-02-19 12:27:35,855 - INFO - Vol targeting: rolling_vol=0.0510, scale=1.5701
2026-02-19 12:27:35,855 - INFO - PnL Net: 0.0010 | Scaled: 0.0015 | Turnover: 18.04% | Vol Scale: 1.57
2026-02-19 12:27:35,855 - INFO - 
============================================================
2026-02-19 12:27:35,855 - INFO - Running paper trading for 2025-10-24
2026-02-19 12:27:35,857 - INFO - ============================================================
2026-02-19 12:27:35,857 - INFO - Portfolio construction: 38 longs, 38 shorts (from 38 candidates)
2026-02-19 12:27:35,857 - INFO - Vol targeting: rolling_vol=0.0511, scale=1.5665
2026-02-19 12:27:35,857 - INFO - PnL Net: 0.0018 | Scaled: 0.0028 | Turnover: 20.07% | Vol Scale: 1.57
2026-02-19 12:27:35,857 - INFO - 
============================================================
2026-02-19 12:27:35,857 - INFO - Running paper trading for 2025-10-27
2026-02-19 12:27:35,857 - INFO - ============================================================
2026-02-19 12:27:35,859 - INFO - Portfolio construction: 38 longs, 38 shorts (from 38 candidates)
2026-02-19 12:27:35,859 - INFO - Vol targeting: rolling_vol=0.0513, scale=1.5609
2026-02-19 12:27:35,859 - INFO - PnL Net: -0.0005 | Scaled: -0.0007 | Turnover: 20.20% | Vol Scale: 1.56
2026-02-19 12:27:35,859 - INFO - 
============================================================
2026-02-19 12:27:35,859 - INFO - Running paper trading for 2025-10-28
2026-02-19 12:27:35,859 - INFO - ============================================================
2026-02-19 12:27:35,861 - INFO - Portfolio construction: 38 longs, 38 shorts (from 38 candidates)
2026-02-19 12:27:35,861 - INFO - Vol targeting: rolling_vol=0.0516, scale=1.5503
2026-02-19 12:27:35,861 - INFO - PnL Net: -0.0011 | Scaled: -0.0017 | Turnover: 17.57% | Vol Scale: 1.55
2026-02-19 12:27:35,861 - INFO - 
============================================================
2026-02-19 12:27:35,861 - INFO - Running paper trading for 2025-10-29
2026-02-19 12:27:35,861 - INFO - ============================================================
2026-02-19 12:27:35,861 - INFO - Portfolio construction: 38 longs, 38 shorts (from 38 candidates)
2026-02-19 12:27:35,863 - INFO - Vol targeting: rolling_vol=0.0533, scale=1.4997
2026-02-19 12:27:35,863 - INFO - PnL Net: -0.0041 | Scaled: -0.0061 | Turnover: 16.24% | Vol Scale: 1.50
2026-02-19 12:27:35,863 - INFO - 
============================================================
2026-02-19 12:27:35,863 - INFO - Running paper trading for 2025-10-30
2026-02-19 12:27:35,863 - INFO - ============================================================
2026-02-19 12:27:35,863 - INFO - Portfolio construction: 38 longs, 38 shorts (from 38 candidates)
2026-02-19 12:27:35,863 - INFO - Vol targeting: rolling_vol=0.0529, scale=1.5111
2026-02-19 12:27:35,863 - INFO - PnL Net: 0.0019 | Scaled: 0.0029 | Turnover: 17.83% | Vol Scale: 1.51
2026-02-19 12:27:35,863 - INFO - 
============================================================
2026-02-19 12:27:35,863 - INFO - Running paper trading for 2025-10-31
2026-02-19 12:27:35,865 - INFO - ============================================================
2026-02-19 12:27:35,865 - INFO - Portfolio construction: 38 longs, 38 shorts (from 38 candidates)
2026-02-19 12:27:35,865 - INFO - Vol targeting: rolling_vol=0.0514, scale=1.5577
2026-02-19 12:27:35,865 - INFO - PnL Net: -0.0012 | Scaled: -0.0019 | Turnover: 17.75% | Vol Scale: 1.56
2026-02-19 12:27:35,865 - INFO - 
============================================================
2026-02-19 12:27:35,865 - INFO - Running paper trading for 2025-11-03
2026-02-19 12:27:35,865 - INFO - ============================================================
2026-02-19 12:27:35,868 - INFO - Portfolio construction: 38 longs, 38 shorts (from 38 candidates)
2026-02-19 12:27:35,868 - INFO - Vol targeting: rolling_vol=0.0532, scale=1.5032
2026-02-19 12:27:35,868 - INFO - PnL Net: -0.0044 | Scaled: -0.0065 | Turnover: 18.48% | Vol Scale: 1.50
2026-02-19 12:27:35,868 - INFO - 
============================================================
2026-02-19 12:27:35,868 - INFO - Running paper trading for 2025-11-04
2026-02-19 12:27:35,868 - INFO - ============================================================
2026-02-19 12:27:35,869 - INFO - Portfolio construction: 38 longs, 38 shorts (from 38 candidates)
2026-02-19 12:27:35,869 - INFO - Vol targeting: rolling_vol=0.0532, scale=1.5046
2026-02-19 12:27:35,869 - INFO - PnL Net: 0.0027 | Scaled: 0.0040 | Turnover: 18.50% | Vol Scale: 1.50
2026-02-19 12:27:35,869 - INFO - 
============================================================
2026-02-19 12:27:35,869 - INFO - Running paper trading for 2025-11-05
2026-02-19 12:27:35,869 - INFO - ============================================================
2026-02-19 12:27:35,871 - INFO - Portfolio construction: 38 longs, 38 shorts (from 38 candidates)
2026-02-19 12:27:35,871 - INFO - Vol targeting: rolling_vol=0.0556, scale=1.4381
2026-02-19 12:27:35,871 - WARNING - KS3 TRIGGERED: 60-day Sharpe -0.0205 < 0
2026-02-19 12:27:35,871 - INFO - PnL Net: -0.0050 | Scaled: -0.0071 | Turnover: 18.91% | Vol Scale: 1.44
2026-02-19 12:27:35,871 - INFO - 
============================================================
2026-02-19 12:27:35,871 - INFO - Running paper trading for 2025-11-06
2026-02-19 12:27:35,871 - INFO - ============================================================
2026-02-19 12:27:35,873 - INFO - Portfolio construction: 38 longs, 38 shorts (from 38 candidates)
2026-02-19 12:27:35,873 - INFO - Vol targeting: rolling_vol=0.0450, scale=1.7759
2026-02-19 12:27:35,873 - WARNING - KS3 TRIGGERED: 60-day Sharpe -0.0011 < 0
2026-02-19 12:27:35,873 - INFO - PnL Net: 0.0004 | Scaled: 0.0007 | Turnover: 19.27% | Vol Scale: 1.78
2026-02-19 12:27:35,873 - INFO - 
============================================================
2026-02-19 12:27:35,873 - INFO - Running paper trading for 2025-11-07
2026-02-19 12:27:35,873 - INFO - ============================================================
2026-02-19 12:27:35,875 - WARNING - No negative predictions for shorts - skipping short positions
2026-02-19 12:27:35,875 - INFO - Portfolio construction: 38 longs, 0 shorts (from 38 candidates)
2026-02-19 12:27:35,875 - INFO - Vol targeting: rolling_vol=0.0446, scale=1.7921
2026-02-19 12:27:35,875 - INFO - PnL Net: 0.0019 | Scaled: 0.0034 | Turnover: 13.18% | Vol Scale: 1.79
2026-02-19 12:27:35,875 - INFO - 
============================================================
2026-02-19 12:27:35,875 - INFO - Running paper trading for 2025-11-10
2026-02-19 12:27:35,875 - INFO - ============================================================
2026-02-19 12:27:35,875 - INFO - Portfolio construction: 38 longs, 38 shorts (from 38 candidates)
2026-02-19 12:27:35,877 - INFO - Vol targeting: rolling_vol=0.0454, scale=1.7634
2026-02-19 12:27:35,877 - INFO - PnL Net: 0.0024 | Scaled: 0.0043 | Turnover: 18.16% | Vol Scale: 1.76
2026-02-19 12:27:35,877 - INFO - 
============================================================
2026-02-19 12:27:35,877 - INFO - Running paper trading for 2025-11-11
2026-02-19 12:27:35,877 - INFO - ============================================================
2026-02-19 12:27:35,877 - INFO - Portfolio construction: 38 longs, 38 shorts (from 38 candidates)
2026-02-19 12:27:35,877 - INFO - Vol targeting: rolling_vol=0.0464, scale=1.7224
2026-02-19 12:27:35,879 - INFO - PnL Net: 0.0034 | Scaled: 0.0059 | Turnover: 16.31% | Vol Scale: 1.72
2026-02-19 12:27:35,879 - INFO - 
============================================================
2026-02-19 12:27:35,879 - INFO - Running paper trading for 2025-11-12
2026-02-19 12:27:35,879 - INFO - ============================================================
2026-02-19 12:27:35,880 - INFO - Portfolio construction: 38 longs, 38 shorts (from 38 candidates)
2026-02-19 12:27:35,880 - INFO - Vol targeting: rolling_vol=0.0448, scale=1.7861
2026-02-19 12:27:35,880 - INFO - PnL Net: -0.0022 | Scaled: -0.0039 | Turnover: 15.82% | Vol Scale: 1.79
2026-02-19 12:27:35,880 - INFO - 
============================================================
2026-02-19 12:27:35,880 - INFO - Running paper trading for 2025-11-13
2026-02-19 12:27:35,880 - INFO - ============================================================
2026-02-19 12:27:35,882 - INFO - Portfolio construction: 38 longs, 38 shorts (from 38 candidates)
2026-02-19 12:27:35,882 - INFO - Vol targeting: rolling_vol=0.0464, scale=1.7238
2026-02-19 12:27:35,882 - INFO - PnL Net: -0.0031 | Scaled: -0.0054 | Turnover: 17.53% | Vol Scale: 1.72
2026-02-19 12:27:35,882 - INFO - 
============================================================
2026-02-19 12:27:35,882 - INFO - Running paper trading for 2025-11-14
2026-02-19 12:27:35,882 - INFO - ============================================================
2026-02-19 12:27:35,882 - INFO - Portfolio construction: 38 longs, 38 shorts (from 38 candidates)
2026-02-19 12:27:35,884 - INFO - Vol targeting: rolling_vol=0.0494, scale=1.6195
2026-02-19 12:27:35,884 - WARNING - KS3 TRIGGERED: 60-day Sharpe -1.2139 < 0
2026-02-19 12:27:35,884 - INFO - PnL Net: -0.0071 | Scaled: -0.0114 | Turnover: 18.41% | Vol Scale: 1.62
2026-02-19 12:27:35,884 - INFO - 
============================================================
2026-02-19 12:27:35,884 - INFO - Running paper trading for 2025-11-17
2026-02-19 12:27:35,884 - INFO - ============================================================
2026-02-19 12:27:35,884 - INFO - Portfolio construction: 38 longs, 38 shorts (from 38 candidates)
2026-02-19 12:27:35,886 - INFO - Vol targeting: rolling_vol=0.0481, scale=1.6647
2026-02-19 12:27:35,886 - WARNING - KS3 TRIGGERED: 60-day Sharpe -0.9382 < 0
2026-02-19 12:27:35,886 - INFO - PnL Net: -0.0011 | Scaled: -0.0018 | Turnover: 18.60% | Vol Scale: 1.66
2026-02-19 12:27:35,886 - INFO - 
============================================================
2026-02-19 12:27:35,886 - INFO - Running paper trading for 2025-11-18
2026-02-19 12:27:35,886 - INFO - ============================================================
2026-02-19 12:27:35,886 - INFO - Portfolio construction: 38 longs, 38 shorts (from 38 candidates)
2026-02-19 12:27:35,886 - INFO - Vol targeting: rolling_vol=0.0478, scale=1.6738
2026-02-19 12:27:35,886 - WARNING - KS3 TRIGGERED: 60-day Sharpe -0.9945 < 0
2026-02-19 12:27:35,886 - INFO - PnL Net: -0.0001 | Scaled: -0.0002 | Turnover: 17.82% | Vol Scale: 1.67
2026-02-19 12:27:35,888 - INFO - 
============================================================
2026-02-19 12:27:35,888 - INFO - Running paper trading for 2025-11-19
2026-02-19 12:27:35,888 - INFO - ============================================================
2026-02-19 12:27:35,888 - INFO - Portfolio construction: 38 longs, 10 shorts (from 38 candidates)
2026-02-19 12:27:35,888 - INFO - Vol targeting: rolling_vol=0.0464, scale=1.7231
2026-02-19 12:27:35,888 - WARNING - KS3 TRIGGERED: 60-day Sharpe -1.4547 < 0
2026-02-19 12:27:35,889 - INFO - PnL Net: -0.0049 | Scaled: -0.0085 | Turnover: 20.34% | Vol Scale: 1.72
2026-02-19 12:27:35,890 - INFO - 
============================================================
2026-02-19 12:27:35,890 - INFO - Running paper trading for 2025-11-20
2026-02-19 12:27:35,890 - INFO - ============================================================
2026-02-19 12:27:35,890 - INFO - Portfolio construction: 38 longs, 4 shorts (from 38 candidates)
2026-02-19 12:27:35,891 - INFO - Vol targeting: rolling_vol=0.0537, scale=1.4897
2026-02-19 12:27:35,891 - WARNING - KS3 TRIGGERED: 60-day Sharpe -0.7805 < 0
2026-02-19 12:27:35,891 - INFO - PnL Net: 0.0070 | Scaled: 0.0104 | Turnover: 18.63% | Vol Scale: 1.49
2026-02-19 12:27:35,891 - INFO - 
============================================================
2026-02-19 12:27:35,891 - INFO - Running paper trading for 2025-11-21
2026-02-19 12:27:35,891 - INFO - ============================================================
2026-02-19 12:27:35,891 - WARNING - No negative predictions for shorts - skipping short positions
2026-02-19 12:27:35,891 - INFO - Portfolio construction: 38 longs, 0 shorts (from 38 candidates)
2026-02-19 12:27:35,891 - INFO - Vol targeting: rolling_vol=0.0544, scale=1.4711
2026-02-19 12:27:35,891 - WARNING - KS3 TRIGGERED: 60-day Sharpe -0.5647 < 0
2026-02-19 12:27:35,891 - INFO - PnL Net: 0.0028 | Scaled: 0.0041 | Turnover: 14.74% | Vol Scale: 1.47
2026-02-19 12:27:35,893 - INFO - 
============================================================
2026-02-19 12:27:35,893 - INFO - Running paper trading for 2025-11-24
2026-02-19 12:27:35,893 - INFO - ============================================================
2026-02-19 12:27:35,893 - INFO - Portfolio construction: 38 longs, 38 shorts (from 38 candidates)
2026-02-19 12:27:35,893 - INFO - Vol targeting: rolling_vol=0.0569, scale=1.4057
2026-02-19 12:27:35,893 - WARNING - KS3 TRIGGERED: 60-day Sharpe -0.0606 < 0
2026-02-19 12:27:35,893 - INFO - PnL Net: 0.0042 | Scaled: 0.0060 | Turnover: 18.63% | Vol Scale: 1.41
2026-02-19 12:27:35,893 - INFO - 
============================================================
2026-02-19 12:27:35,893 - INFO - Running paper trading for 2025-11-25
2026-02-19 12:27:35,895 - INFO - ============================================================
2026-02-19 12:27:35,895 - INFO - Portfolio construction: 38 longs, 29 shorts (from 38 candidates)
2026-02-19 12:27:35,895 - INFO - Vol targeting: rolling_vol=0.0582, scale=1.3744
2026-02-19 12:27:35,895 - INFO - PnL Net: 0.0033 | Scaled: 0.0045 | Turnover: 16.83% | Vol Scale: 1.37
2026-02-19 12:27:35,895 - INFO - 
============================================================
2026-02-19 12:27:35,895 - INFO - Running paper trading for 2025-11-26
2026-02-19 12:27:35,895 - INFO - ============================================================
2026-02-19 12:27:35,897 - INFO - Portfolio construction: 38 longs, 38 shorts (from 38 candidates)
2026-02-19 12:27:35,897 - INFO - Vol targeting: rolling_vol=0.0572, scale=1.3978
2026-02-19 12:27:35,897 - INFO - PnL Net: 0.0028 | Scaled: 0.0039 | Turnover: 19.67% | Vol Scale: 1.40
2026-02-19 12:27:35,897 - INFO - 
============================================================
2026-02-19 12:27:35,897 - INFO - Running paper trading for 2025-11-28
2026-02-19 12:27:35,897 - INFO - ============================================================
2026-02-19 12:27:35,897 - INFO - Portfolio construction: 38 longs, 38 shorts (from 38 candidates)
2026-02-19 12:27:35,897 - INFO - Vol targeting: rolling_vol=0.0570, scale=1.4044
2026-02-19 12:27:35,897 - INFO - PnL Net: -0.0008 | Scaled: -0.0011 | Turnover: 18.71% | Vol Scale: 1.40
2026-02-19 12:27:35,897 - INFO - 
============================================================
2026-02-19 12:27:35,900 - INFO - Running paper trading for 2025-12-01
2026-02-19 12:27:35,900 - INFO - ============================================================
2026-02-19 12:27:35,900 - INFO - Portfolio construction: 38 longs, 38 shorts (from 38 candidates)
2026-02-19 12:27:35,900 - INFO - Vol targeting: rolling_vol=0.0577, scale=1.3855
2026-02-19 12:27:35,900 - INFO - PnL Net: 0.0032 | Scaled: 0.0044 | Turnover: 17.87% | Vol Scale: 1.39
2026-02-19 12:27:35,900 - INFO - 
============================================================
2026-02-19 12:27:35,900 - INFO - Running paper trading for 2025-12-02
2026-02-19 12:27:35,900 - INFO - ============================================================
2026-02-19 12:27:35,902 - INFO - Portfolio construction: 38 longs, 38 shorts (from 38 candidates)
2026-02-19 12:27:35,902 - INFO - Vol targeting: rolling_vol=0.0579, scale=1.3813
2026-02-19 12:27:35,903 - INFO - PnL Net: 0.0056 | Scaled: 0.0077 | Turnover: 20.20% | Vol Scale: 1.38
2026-02-19 12:27:35,903 - INFO - 
============================================================
2026-02-19 12:27:35,903 - INFO - Running paper trading for 2025-12-03
2026-02-19 12:27:35,903 - INFO - ============================================================
2026-02-19 12:27:35,903 - INFO - Portfolio construction: 38 longs, 38 shorts (from 38 candidates)
2026-02-19 12:27:35,903 - INFO - Vol targeting: rolling_vol=0.0576, scale=1.3891
2026-02-19 12:27:35,903 - INFO - PnL Net: -0.0002 | Scaled: -0.0003 | Turnover: 19.11% | Vol Scale: 1.39
2026-02-19 12:27:35,903 - INFO - 
============================================================
2026-02-19 12:27:35,903 - INFO - Running paper trading for 2025-12-04
2026-02-19 12:27:35,903 - INFO - ============================================================
2026-02-19 12:27:35,905 - INFO - Portfolio construction: 38 longs, 3 shorts (from 38 candidates)
2026-02-19 12:27:35,905 - INFO - Vol targeting: rolling_vol=0.0539, scale=1.4845
2026-02-19 12:27:35,905 - INFO - PnL Net: 0.0005 | Scaled: 0.0008 | Turnover: 19.09% | Vol Scale: 1.48
2026-02-19 12:27:35,905 - INFO - 
============================================================
2026-02-19 12:27:35,905 - INFO - Running paper trading for 2025-12-05
2026-02-19 12:27:35,905 - INFO - ============================================================
2026-02-19 12:27:35,907 - INFO - Portfolio construction: 38 longs, 2 shorts (from 38 candidates)
2026-02-19 12:27:35,907 - INFO - Vol targeting: rolling_vol=0.0571, scale=1.4018
2026-02-19 12:27:35,907 - INFO - PnL Net: -0.0045 | Scaled: -0.0063 | Turnover: 19.14% | Vol Scale: 1.40
2026-02-19 12:27:35,907 - INFO - 
============================================================
2026-02-19 12:27:35,907 - INFO - Running paper trading for 2025-12-08
2026-02-19 12:27:35,907 - INFO - ============================================================
2026-02-19 12:27:35,909 - WARNING - No negative predictions for shorts - skipping short positions
2026-02-19 12:27:35,909 - INFO - Portfolio construction: 38 longs, 0 shorts (from 38 candidates)
2026-02-19 12:27:35,909 - INFO - Vol targeting: rolling_vol=0.0570, scale=1.4030
2026-02-19 12:27:35,909 - INFO - PnL Net: -0.0005 | Scaled: -0.0008 | Turnover: 15.68% | Vol Scale: 1.40
2026-02-19 12:27:35,909 - INFO - 
============================================================
2026-02-19 12:27:35,909 - INFO - Running paper trading for 2025-12-09
2026-02-19 12:27:35,909 - INFO - ============================================================
2026-02-19 12:27:35,910 - INFO - Portfolio construction: 38 longs, 2 shorts (from 38 candidates)
2026-02-19 12:27:35,910 - INFO - Vol targeting: rolling_vol=0.0607, scale=1.3183
2026-02-19 12:27:35,910 - INFO - PnL Net: 0.0068 | Scaled: 0.0089 | Turnover: 18.84% | Vol Scale: 1.32
2026-02-19 12:27:35,910 - INFO - 
============================================================
2026-02-19 12:27:35,910 - INFO - Running paper trading for 2025-12-10
2026-02-19 12:27:35,910 - INFO - ============================================================
2026-02-19 12:27:35,912 - WARNING - No negative predictions for shorts - skipping short positions
2026-02-19 12:27:35,912 - INFO - Portfolio construction: 38 longs, 0 shorts (from 38 candidates)
2026-02-19 12:27:35,912 - INFO - Vol targeting: rolling_vol=0.0675, scale=1.1847
2026-02-19 12:27:35,912 - INFO - PnL Net: 0.0096 | Scaled: 0.0114 | Turnover: 13.56% | Vol Scale: 1.18
2026-02-19 12:27:35,912 - INFO - 
============================================================
2026-02-19 12:27:35,912 - INFO - Running paper trading for 2025-12-11
2026-02-19 12:27:35,912 - INFO - ============================================================
2026-02-19 12:27:35,912 - INFO - Portfolio construction: 38 longs, 38 shorts (from 38 candidates)
2026-02-19 12:27:35,914 - INFO - Vol targeting: rolling_vol=0.0665, scale=1.2031
2026-02-19 12:27:35,914 - INFO - PnL Net: 0.0011 | Scaled: 0.0013 | Turnover: 17.58% | Vol Scale: 1.20
2026-02-19 12:27:35,914 - INFO - 
============================================================
2026-02-19 12:27:35,914 - INFO - Running paper trading for 2025-12-12
2026-02-19 12:27:35,914 - INFO - ============================================================
2026-02-19 12:27:35,915 - INFO - Portfolio construction: 38 longs, 38 shorts (from 38 candidates)
2026-02-19 12:27:35,915 - INFO - Vol targeting: rolling_vol=0.0646, scale=1.2379
2026-02-19 12:27:35,915 - INFO - PnL Net: 0.0020 | Scaled: 0.0025 | Turnover: 20.65% | Vol Scale: 1.24
2026-02-19 12:27:35,915 - INFO - 
============================================================
2026-02-19 12:27:35,915 - INFO - Running paper trading for 2025-12-15
2026-02-19 12:27:35,915 - INFO - ============================================================
2026-02-19 12:27:35,917 - INFO - Portfolio construction: 38 longs, 38 shorts (from 38 candidates)
2026-02-19 12:27:35,917 - INFO - Vol targeting: rolling_vol=0.0592, scale=1.3522
2026-02-19 12:27:35,917 - INFO - PnL Net: -0.0030 | Scaled: -0.0041 | Turnover: 19.78% | Vol Scale: 1.35
2026-02-19 12:27:35,917 - INFO - 
============================================================
2026-02-19 12:27:35,917 - INFO - Running paper trading for 2025-12-16
2026-02-19 12:27:35,918 - INFO - ============================================================
2026-02-19 12:27:35,918 - INFO - Portfolio construction: 38 longs, 38 shorts (from 38 candidates)
2026-02-19 12:27:35,918 - INFO - Vol targeting: rolling_vol=0.0591, scale=1.3527
2026-02-19 12:27:35,918 - INFO - PnL Net: -0.0011 | Scaled: -0.0014 | Turnover: 18.63% | Vol Scale: 1.35
2026-02-19 12:27:35,918 - INFO - 
============================================================
2026-02-19 12:27:35,918 - INFO - Running paper trading for 2025-12-17
2026-02-19 12:27:35,918 - INFO - ============================================================
2026-02-19 12:27:35,921 - INFO - Portfolio construction: 38 longs, 38 shorts (from 38 candidates)
2026-02-19 12:27:35,921 - INFO - Vol targeting: rolling_vol=0.0590, scale=1.3570
2026-02-19 12:27:35,921 - INFO - PnL Net: 0.0005 | Scaled: 0.0007 | Turnover: 18.11% | Vol Scale: 1.36
2026-02-19 12:27:35,921 - INFO - 
============================================================
2026-02-19 12:27:35,921 - INFO - Running paper trading for 2025-12-18
2026-02-19 12:27:35,921 - INFO - ============================================================
2026-02-19 12:27:35,921 - INFO - Portfolio construction: 38 longs, 38 shorts (from 38 candidates)
2026-02-19 12:27:35,923 - INFO - Vol targeting: rolling_vol=0.0538, scale=1.4865
2026-02-19 12:27:35,923 - INFO - PnL Net: 0.0014 | Scaled: 0.0021 | Turnover: 15.89% | Vol Scale: 1.49
2026-02-19 12:27:35,923 - INFO - 
============================================================
2026-02-19 12:27:35,923 - INFO - Running paper trading for 2025-12-19
2026-02-19 12:27:35,923 - INFO - ============================================================
2026-02-19 12:27:35,923 - INFO - Portfolio construction: 38 longs, 38 shorts (from 38 candidates)
2026-02-19 12:27:35,923 - INFO - Vol targeting: rolling_vol=0.0508, scale=1.5738
2026-02-19 12:27:35,923 - INFO - PnL Net: 0.0029 | Scaled: 0.0046 | Turnover: 15.26% | Vol Scale: 1.57
2026-02-19 12:27:35,923 - INFO - 
============================================================
2026-02-19 12:27:35,923 - INFO - Running paper trading for 2025-12-22
2026-02-19 12:27:35,923 - INFO - ============================================================
2026-02-19 12:27:35,925 - INFO - Portfolio construction: 38 longs, 38 shorts (from 38 candidates)
2026-02-19 12:27:35,925 - INFO - Vol targeting: rolling_vol=0.0516, scale=1.5517
2026-02-19 12:27:35,925 - INFO - PnL Net: -0.0009 | Scaled: -0.0014 | Turnover: 16.20% | Vol Scale: 1.55
2026-02-19 12:27:35,925 - INFO - 
============================================================
2026-02-19 12:27:35,925 - INFO - Running paper trading for 2025-12-23
2026-02-19 12:27:35,925 - INFO - ============================================================
2026-02-19 12:27:35,927 - INFO - Portfolio construction: 38 longs, 38 shorts (from 38 candidates)
2026-02-19 12:27:35,927 - INFO - Vol targeting: rolling_vol=0.0507, scale=1.5785
2026-02-19 12:27:35,927 - INFO - PnL Net: 0.0014 | Scaled: 0.0022 | Turnover: 18.49% | Vol Scale: 1.58
2026-02-19 12:27:35,927 - INFO - 
============================================================
2026-02-19 12:27:35,927 - INFO - Running paper trading for 2025-12-24
2026-02-19 12:27:35,927 - INFO - ============================================================
2026-02-19 12:27:35,929 - INFO - Portfolio construction: 38 longs, 38 shorts (from 38 candidates)
2026-02-19 12:27:35,929 - INFO - Vol targeting: rolling_vol=0.0504, scale=1.5889
2026-02-19 12:27:35,929 - INFO - PnL Net: 0.0005 | Scaled: 0.0008 | Turnover: 17.12% | Vol Scale: 1.59
2026-02-19 12:27:35,929 - INFO - 
============================================================
2026-02-19 12:27:35,929 - INFO - Running paper trading for 2025-12-26
2026-02-19 12:27:35,929 - INFO - ============================================================
2026-02-19 12:27:35,931 - INFO - Portfolio construction: 38 longs, 38 shorts (from 38 candidates)
2026-02-19 12:27:35,931 - INFO - Vol targeting: rolling_vol=0.0515, scale=1.5540
2026-02-19 12:27:35,931 - INFO - PnL Net: -0.0022 | Scaled: -0.0034 | Turnover: 16.78% | Vol Scale: 1.55
2026-02-19 12:27:35,931 - INFO - 
============================================================
2026-02-19 12:27:35,931 - INFO - Running paper trading for 2025-12-29
2026-02-19 12:27:35,931 - INFO - ============================================================
2026-02-19 12:27:35,933 - INFO - Portfolio construction: 38 longs, 38 shorts (from 38 candidates)
2026-02-19 12:27:35,933 - INFO - Vol targeting: rolling_vol=0.0514, scale=1.5572
2026-02-19 12:27:35,935 - INFO - PnL Net: -0.0006 | Scaled: -0.0009 | Turnover: 15.33% | Vol Scale: 1.56
2026-02-19 12:27:35,939 - INFO - Saved daily results to C:\Users\luixj\AI\stock-data\data\processed\phase4\phase4_paper_trading_daily.parquet
2026-02-19 12:27:35,939 - INFO - Saved summary to C:\Users\luixj\AI\stock-data\data\processed\phase4\phase4_paper_trading_summary.json
2026-02-19 12:27:35,939 - INFO - 
============================================================
2026-02-19 12:27:35,939 - INFO - PAPER TRADING SUMMARY
2026-02-19 12:27:35,939 - INFO - ============================================================
2026-02-19 12:27:35,939 - INFO - Trading Days: 188
2026-02-19 12:27:35,939 - INFO - 
RAW PERFORMANCE (no vol targeting):
2026-02-19 12:27:35,939 - INFO -   Sharpe Ratio: 1.32
2026-02-19 12:27:35,939 - INFO -   Annual Return: 9.56%
2026-02-19 12:27:35,939 - INFO -   Volatility: 7.24%
2026-02-19 12:27:35,939 - INFO - 
VOL-TARGETED PERFORMANCE:
2026-02-19 12:27:35,939 - INFO -   Sharpe Ratio: 1.22
2026-02-19 12:27:35,940 - INFO -   Annual Return: 10.85%
2026-02-19 12:27:35,940 - INFO -   Volatility: 8.87%
2026-02-19 12:27:35,940 - INFO - 
RISK METRICS:
2026-02-19 12:27:35,940 - INFO -   Max Drawdown: -4.72%
2026-02-19 12:27:35,940 - INFO -   Long Sharpe: 0.75
2026-02-19 12:27:35,940 - INFO -   Short Sharpe: 0.63
2026-02-19 12:27:35,940 - INFO - 
EXECUTION:
2026-02-19 12:27:35,940 - INFO -   Avg Turnover: 18.14%
2026-02-19 12:27:35,940 - INFO -   Avg Cost: 0.5 bps
2026-02-19 12:27:35,940 - INFO - 
KILL SWITCHES:
2026-02-19 12:27:35,940 - INFO -   Events: 15 (8.0% of days)
2026-02-19 12:27:35,940 - INFO - ============================================================
2026-02-19 12:27:35,940 - INFO - Simulation complete: 188 days | Sharpe(scaled)=1.22 | MaxDD=-4.72%
2026-02-19 12:27:36,886 - INFO - ============================================================
2026-02-19 12:27:36,886 - INFO - STEP 2: Syncing Qdrant collections
2026-02-19 12:27:36,886 - INFO - ============================================================
2026-02-19 12:27:37,448 - INFO - HTTP Request: GET http://localhost:6333 "HTTP/1.1 200 OK"
2026-02-19 12:27:37,459 - INFO - HTTP Request: GET http://localhost:6333/collections/stock_recommendations "HTTP/1.1 200 OK"
2026-02-19 12:27:37,461 - INFO - Collection 'stock_recommendations' already exists — will clear it.
2026-02-19 12:27:37,463 - INFO - HTTP Request: GET http://localhost:6333/collections/trading_results "HTTP/1.1 200 OK"
2026-02-19 12:27:37,464 - INFO - Collection 'trading_results' already exists — will clear it.
2026-02-19 12:27:37,467 - INFO - HTTP Request: GET http://localhost:6333/collections/performance_metrics "HTTP/1.1 200 OK"
2026-02-19 12:27:37,468 - INFO - Collection 'performance_metrics' already exists — will clear it.
2026-02-19 12:27:37,494 - INFO - HTTP Request: POST http://localhost:6333/collections/stock_recommendations/points/delete?wait=true "HTTP/1.1 200 OK"
2026-02-19 12:27:37,495 - INFO - Cleared all points from 'stock_recommendations'.
2026-02-19 12:27:37,513 - INFO - HTTP Request: POST http://localhost:6333/collections/trading_results/points/delete?wait=true "HTTP/1.1 200 OK"
2026-02-19 12:27:37,514 - INFO - Cleared all points from 'trading_results'.
2026-02-19 12:27:37,520 - INFO - HTTP Request: POST http://localhost:6333/collections/performance_metrics/points/delete?wait=true "HTTP/1.1 200 OK"
2026-02-19 12:27:37,520 - INFO - Cleared all points from 'performance_metrics'.
2026-02-19 12:27:37,529 - INFO - HTTP Request: PUT http://localhost:6333/collections/stock_recommendations/points?wait=true "HTTP/1.1 200 OK"
2026-02-19 12:27:37,549 - INFO - HTTP Request: PUT http://localhost:6333/collections/trading_results/points?wait=true "HTTP/1.1 200 OK"
2026-02-19 12:27:37,577 - INFO - HTTP Request: PUT http://localhost:6333/collections/stock_recommendations/points?wait=true "HTTP/1.1 200 OK"
2026-02-19 12:27:37,583 - INFO - HTTP Request: PUT http://localhost:6333/collections/trading_results/points?wait=true "HTTP/1.1 200 OK"
2026-02-19 12:27:37,614 - INFO - HTTP Request: PUT http://localhost:6333/collections/stock_recommendations/points?wait=true "HTTP/1.1 200 OK"
2026-02-19 12:27:37,620 - INFO - HTTP Request: PUT http://localhost:6333/collections/trading_results/points?wait=true "HTTP/1.1 200 OK"
2026-02-19 12:27:37,628 - INFO - HTTP Request: PUT http://localhost:6333/collections/stock_recommendations/points?wait=true "HTTP/1.1 200 OK"
2026-02-19 12:27:37,632 - INFO - HTTP Request: PUT http://localhost:6333/collections/trading_results/points?wait=true "HTTP/1.1 200 OK"
2026-02-19 12:27:37,639 - INFO - HTTP Request: PUT http://localhost:6333/collections/stock_recommendations/points?wait=true "HTTP/1.1 200 OK"
2026-02-19 12:27:37,643 - INFO - HTTP Request: PUT http://localhost:6333/collections/trading_results/points?wait=true "HTTP/1.1 200 OK"
2026-02-19 12:27:37,659 - INFO - HTTP Request: PUT http://localhost:6333/collections/stock_recommendations/points?wait=true "HTTP/1.1 200 OK"
2026-02-19 12:27:37,663 - INFO - HTTP Request: PUT http://localhost:6333/collections/trading_results/points?wait=true "HTTP/1.1 200 OK"
2026-02-19 12:27:37,691 - INFO - HTTP Request: PUT http://localhost:6333/collections/stock_recommendations/points?wait=true "HTTP/1.1 200 OK"
2026-02-19 12:27:37,696 - INFO - HTTP Request: PUT http://localhost:6333/collections/trading_results/points?wait=true "HTTP/1.1 200 OK"
2026-02-19 12:27:37,726 - INFO - HTTP Request: PUT http://localhost:6333/collections/stock_recommendations/points?wait=true "HTTP/1.1 200 OK"
2026-02-19 12:27:37,734 - INFO - HTTP Request: PUT http://localhost:6333/collections/trading_results/points?wait=true "HTTP/1.1 200 OK"
2026-02-19 12:27:37,742 - INFO - HTTP Request: PUT http://localhost:6333/collections/stock_recommendations/points?wait=true "HTTP/1.1 200 OK"
2026-02-19 12:27:37,745 - INFO - HTTP Request: PUT http://localhost:6333/collections/trading_results/points?wait=true "HTTP/1.1 200 OK"
2026-02-19 12:27:37,752 - INFO - HTTP Request: PUT http://localhost:6333/collections/stock_recommendations/points?wait=true "HTTP/1.1 200 OK"
2026-02-19 12:27:37,755 - INFO - HTTP Request: PUT http://localhost:6333/collections/trading_results/points?wait=true "HTTP/1.1 200 OK"
2026-02-19 12:27:37,776 - INFO - HTTP Request: PUT http://localhost:6333/collections/stock_recommendations/points?wait=true "HTTP/1.1 200 OK"
2026-02-19 12:27:37,780 - INFO - HTTP Request: PUT http://localhost:6333/collections/trading_results/points?wait=true "HTTP/1.1 200 OK"
2026-02-19 12:27:37,807 - INFO - HTTP Request: PUT http://localhost:6333/collections/stock_recommendations/points?wait=true "HTTP/1.1 200 OK"
2026-02-19 12:27:37,812 - INFO - HTTP Request: PUT http://localhost:6333/collections/trading_results/points?wait=true "HTTP/1.1 200 OK"
2026-02-19 12:27:37,844 - INFO - HTTP Request: PUT http://localhost:6333/collections/stock_recommendations/points?wait=true "HTTP/1.1 200 OK"
2026-02-19 12:27:37,846 - INFO - HTTP Request: PUT http://localhost:6333/collections/trading_results/points?wait=true "HTTP/1.1 200 OK"
2026-02-19 12:27:37,852 - INFO - HTTP Request: PUT http://localhost:6333/collections/stock_recommendations/points?wait=true "HTTP/1.1 200 OK"
2026-02-19 12:27:37,856 - INFO - HTTP Request: PUT http://localhost:6333/collections/trading_results/points?wait=true "HTTP/1.1 200 OK"
2026-02-19 12:27:37,862 - INFO - HTTP Request: PUT http://localhost:6333/collections/stock_recommendations/points?wait=true "HTTP/1.1 200 OK"
2026-02-19 12:27:37,866 - INFO - HTTP Request: PUT http://localhost:6333/collections/trading_results/points?wait=true "HTTP/1.1 200 OK"
2026-02-19 12:27:37,872 - INFO - HTTP Request: PUT http://localhost:6333/collections/stock_recommendations/points?wait=true "HTTP/1.1 200 OK"
2026-02-19 12:27:37,877 - INFO - HTTP Request: PUT http://localhost:6333/collections/trading_results/points?wait=true "HTTP/1.1 200 OK"
2026-02-19 12:27:37,906 - INFO - HTTP Request: PUT http://localhost:6333/collections/stock_recommendations/points?wait=true "HTTP/1.1 200 OK"
2026-02-19 12:27:37,910 - INFO - HTTP Request: PUT http://localhost:6333/collections/trading_results/points?wait=true "HTTP/1.1 200 OK"
2026-02-19 12:27:37,944 - INFO - HTTP Request: PUT http://localhost:6333/collections/stock_recommendations/points?wait=true "HTTP/1.1 200 OK"
2026-02-19 12:27:37,948 - INFO - HTTP Request: PUT http://localhost:6333/collections/trading_results/points?wait=true "HTTP/1.1 200 OK"
2026-02-19 12:27:37,960 - INFO - HTTP Request: PUT http://localhost:6333/collections/stock_recommendations/points?wait=true "HTTP/1.1 200 OK"
2026-02-19 12:27:37,964 - INFO - HTTP Request: PUT http://localhost:6333/collections/trading_results/points?wait=true "HTTP/1.1 200 OK"
2026-02-19 12:27:37,972 - INFO - HTTP Request: PUT http://localhost:6333/collections/stock_recommendations/points?wait=true "HTTP/1.1 200 OK"
2026-02-19 12:27:37,976 - INFO - HTTP Request: PUT http://localhost:6333/collections/trading_results/points?wait=true "HTTP/1.1 200 OK"
2026-02-19 12:27:37,999 - INFO - HTTP Request: PUT http://localhost:6333/collections/stock_recommendations/points?wait=true "HTTP/1.1 200 OK"
2026-02-19 12:27:38,003 - INFO - HTTP Request: PUT http://localhost:6333/collections/trading_results/points?wait=true "HTTP/1.1 200 OK"
2026-02-19 12:27:38,010 - INFO - HTTP Request: PUT http://localhost:6333/collections/stock_recommendations/points?wait=true "HTTP/1.1 200 OK"
2026-02-19 12:27:38,013 - INFO - HTTP Request: PUT http://localhost:6333/collections/trading_results/points?wait=true "HTTP/1.1 200 OK"
2026-02-19 12:27:38,018 - INFO - HTTP Request: PUT http://localhost:6333/collections/stock_recommendations/points?wait=true "HTTP/1.1 200 OK"
2026-02-19 12:27:38,022 - INFO - HTTP Request: PUT http://localhost:6333/collections/trading_results/points?wait=true "HTTP/1.1 200 OK"
2026-02-19 12:27:38,028 - INFO - HTTP Request: PUT http://localhost:6333/collections/stock_recommendations/points?wait=true "HTTP/1.1 200 OK"
2026-02-19 12:27:38,031 - INFO - HTTP Request: PUT http://localhost:6333/collections/trading_results/points?wait=true "HTTP/1.1 200 OK"
2026-02-19 12:27:38,038 - INFO - HTTP Request: PUT http://localhost:6333/collections/stock_recommendations/points?wait=true "HTTP/1.1 200 OK"
2026-02-19 12:27:38,041 - INFO - HTTP Request: PUT http://localhost:6333/collections/trading_results/points?wait=true "HTTP/1.1 200 OK"
2026-02-19 12:27:38,050 - INFO - HTTP Request: PUT http://localhost:6333/collections/stock_recommendations/points?wait=true "HTTP/1.1 200 OK"
2026-02-19 12:27:38,057 - INFO - HTTP Request: PUT http://localhost:6333/collections/trading_results/points?wait=true "HTTP/1.1 200 OK"
2026-02-19 12:27:38,077 - INFO - HTTP Request: PUT http://localhost:6333/collections/stock_recommendations/points?wait=true "HTTP/1.1 200 OK"
2026-02-19 12:27:38,081 - INFO - HTTP Request: PUT http://localhost:6333/collections/trading_results/points?wait=true "HTTP/1.1 200 OK"
2026-02-19 12:27:38,087 - INFO - HTTP Request: PUT http://localhost:6333/collections/stock_recommendations/points?wait=true "HTTP/1.1 200 OK"
2026-02-19 12:27:38,089 - INFO - HTTP Request: PUT http://localhost:6333/collections/trading_results/points?wait=true "HTTP/1.1 200 OK"
2026-02-19 12:27:38,095 - INFO - HTTP Request: PUT http://localhost:6333/collections/stock_recommendations/points?wait=true "HTTP/1.1 200 OK"
2026-02-19 12:27:38,100 - INFO - HTTP Request: PUT http://localhost:6333/collections/trading_results/points?wait=true "HTTP/1.1 200 OK"
2026-02-19 12:27:38,106 - INFO - HTTP Request: PUT http://localhost:6333/collections/stock_recommendations/points?wait=true "HTTP/1.1 200 OK"
2026-02-19 12:27:38,108 - INFO - HTTP Request: PUT http://localhost:6333/collections/trading_results/points?wait=true "HTTP/1.1 200 OK"
2026-02-19 12:27:38,117 - INFO - HTTP Request: PUT http://localhost:6333/collections/stock_recommendations/points?wait=true "HTTP/1.1 200 OK"
2026-02-19 12:27:38,119 - INFO - HTTP Request: PUT http://localhost:6333/collections/trading_results/points?wait=true "HTTP/1.1 200 OK"
2026-02-19 12:27:38,126 - INFO - HTTP Request: PUT http://localhost:6333/collections/stock_recommendations/points?wait=true "HTTP/1.1 200 OK"
2026-02-19 12:27:38,130 - INFO - HTTP Request: PUT http://localhost:6333/collections/trading_results/points?wait=true "HTTP/1.1 200 OK"
2026-02-19 12:27:38,138 - INFO - HTTP Request: PUT http://localhost:6333/collections/stock_recommendations/points?wait=true "HTTP/1.1 200 OK"
2026-02-19 12:27:38,141 - INFO - HTTP Request: PUT http://localhost:6333/collections/trading_results/points?wait=true "HTTP/1.1 200 OK"
2026-02-19 12:27:38,156 - INFO - HTTP Request: PUT http://localhost:6333/collections/stock_recommendations/points?wait=true "HTTP/1.1 200 OK"
2026-02-19 12:27:38,170 - INFO - HTTP Request: PUT http://localhost:6333/collections/trading_results/points?wait=true "HTTP/1.1 200 OK"
2026-02-19 12:27:38,188 - INFO - HTTP Request: PUT http://localhost:6333/collections/stock_recommendations/points?wait=true "HTTP/1.1 200 OK"
2026-02-19 12:27:38,190 - INFO - HTTP Request: PUT http://localhost:6333/collections/trading_results/points?wait=true "HTTP/1.1 200 OK"
2026-02-19 12:27:38,198 - INFO - HTTP Request: PUT http://localhost:6333/collections/stock_recommendations/points?wait=true "HTTP/1.1 200 OK"
2026-02-19 12:27:38,204 - INFO - HTTP Request: PUT http://localhost:6333/collections/trading_results/points?wait=true "HTTP/1.1 200 OK"
2026-02-19 12:27:38,231 - INFO - HTTP Request: PUT http://localhost:6333/collections/stock_recommendations/points?wait=true "HTTP/1.1 200 OK"
2026-02-19 12:27:38,234 - INFO - HTTP Request: PUT http://localhost:6333/collections/trading_results/points?wait=true "HTTP/1.1 200 OK"
2026-02-19 12:27:38,242 - INFO - HTTP Request: PUT http://localhost:6333/collections/stock_recommendations/points?wait=true "HTTP/1.1 200 OK"
2026-02-19 12:27:38,245 - INFO - HTTP Request: PUT http://localhost:6333/collections/trading_results/points?wait=true "HTTP/1.1 200 OK"
2026-02-19 12:27:38,278 - INFO - HTTP Request: PUT http://localhost:6333/collections/stock_recommendations/points?wait=true "HTTP/1.1 200 OK"
2026-02-19 12:27:38,284 - INFO - HTTP Request: PUT http://localhost:6333/collections/trading_results/points?wait=true "HTTP/1.1 200 OK"
2026-02-19 12:27:38,314 - INFO - HTTP Request: PUT http://localhost:6333/collections/stock_recommendations/points?wait=true "HTTP/1.1 200 OK"
2026-02-19 12:27:38,328 - INFO - HTTP Request: PUT http://localhost:6333/collections/trading_results/points?wait=true "HTTP/1.1 200 OK"
2026-02-19 12:27:38,335 - INFO - HTTP Request: PUT http://localhost:6333/collections/stock_recommendations/points?wait=true "HTTP/1.1 200 OK"
2026-02-19 12:27:38,339 - INFO - HTTP Request: PUT http://localhost:6333/collections/trading_results/points?wait=true "HTTP/1.1 200 OK"
2026-02-19 12:27:38,347 - INFO - HTTP Request: PUT http://localhost:6333/collections/stock_recommendations/points?wait=true "HTTP/1.1 200 OK"
2026-02-19 12:27:38,351 - INFO - HTTP Request: PUT http://localhost:6333/collections/trading_results/points?wait=true "HTTP/1.1 200 OK"
2026-02-19 12:27:38,357 - INFO - HTTP Request: PUT http://localhost:6333/collections/stock_recommendations/points?wait=true "HTTP/1.1 200 OK"
2026-02-19 12:27:38,382 - INFO - HTTP Request: PUT http://localhost:6333/collections/trading_results/points?wait=true "HTTP/1.1 200 OK"
2026-02-19 12:27:38,391 - INFO - HTTP Request: PUT http://localhost:6333/collections/stock_recommendations/points?wait=true "HTTP/1.1 200 OK"
2026-02-19 12:27:38,395 - INFO - HTTP Request: PUT http://localhost:6333/collections/trading_results/points?wait=true "HTTP/1.1 200 OK"
2026-02-19 12:27:38,414 - INFO - HTTP Request: PUT http://localhost:6333/collections/stock_recommendations/points?wait=true "HTTP/1.1 200 OK"
2026-02-19 12:27:38,417 - INFO - HTTP Request: PUT http://localhost:6333/collections/trading_results/points?wait=true "HTTP/1.1 200 OK"
2026-02-19 12:27:38,424 - INFO - HTTP Request: PUT http://localhost:6333/collections/stock_recommendations/points?wait=true "HTTP/1.1 200 OK"
2026-02-19 12:27:38,448 - INFO - HTTP Request: PUT http://localhost:6333/collections/trading_results/points?wait=true "HTTP/1.1 200 OK"
2026-02-19 12:27:38,455 - INFO - HTTP Request: PUT http://localhost:6333/collections/stock_recommendations/points?wait=true "HTTP/1.1 200 OK"
2026-02-19 12:27:38,459 - INFO - HTTP Request: PUT http://localhost:6333/collections/trading_results/points?wait=true "HTTP/1.1 200 OK"
2026-02-19 12:27:38,465 - INFO - HTTP Request: PUT http://localhost:6333/collections/stock_recommendations/points?wait=true "HTTP/1.1 200 OK"
2026-02-19 12:27:38,469 - INFO - HTTP Request: PUT http://localhost:6333/collections/trading_results/points?wait=true "HTTP/1.1 200 OK"
2026-02-19 12:27:38,474 - INFO - HTTP Request: PUT http://localhost:6333/collections/stock_recommendations/points?wait=true "HTTP/1.1 200 OK"
2026-02-19 12:27:38,479 - INFO - HTTP Request: PUT http://localhost:6333/collections/trading_results/points?wait=true "HTTP/1.1 200 OK"
2026-02-19 12:27:38,494 - INFO - HTTP Request: PUT http://localhost:6333/collections/stock_recommendations/points?wait=true "HTTP/1.1 200 OK"
2026-02-19 12:27:38,508 - INFO - HTTP Request: PUT http://localhost:6333/collections/trading_results/points?wait=true "HTTP/1.1 200 OK"
2026-02-19 12:27:38,517 - INFO - HTTP Request: PUT http://localhost:6333/collections/stock_recommendations/points?wait=true "HTTP/1.1 200 OK"
2026-02-19 12:27:38,546 - INFO - HTTP Request: PUT http://localhost:6333/collections/trading_results/points?wait=true "HTTP/1.1 200 OK"
2026-02-19 12:27:38,554 - INFO - HTTP Request: PUT http://localhost:6333/collections/stock_recommendations/points?wait=true "HTTP/1.1 200 OK"
2026-02-19 12:27:38,557 - INFO - HTTP Request: PUT http://localhost:6333/collections/trading_results/points?wait=true "HTTP/1.1 200 OK"
2026-02-19 12:27:38,579 - INFO - HTTP Request: PUT http://localhost:6333/collections/stock_recommendations/points?wait=true "HTTP/1.1 200 OK"
2026-02-19 12:27:38,584 - INFO - HTTP Request: PUT http://localhost:6333/collections/trading_results/points?wait=true "HTTP/1.1 200 OK"
2026-02-19 12:27:38,614 - INFO - HTTP Request: PUT http://localhost:6333/collections/stock_recommendations/points?wait=true "HTTP/1.1 200 OK"
2026-02-19 12:27:38,630 - INFO - HTTP Request: PUT http://localhost:6333/collections/trading_results/points?wait=true "HTTP/1.1 200 OK"
2026-02-19 12:27:38,637 - INFO - HTTP Request: PUT http://localhost:6333/collections/stock_recommendations/points?wait=true "HTTP/1.1 200 OK"
2026-02-19 12:27:38,642 - INFO - HTTP Request: PUT http://localhost:6333/collections/trading_results/points?wait=true "HTTP/1.1 200 OK"
2026-02-19 12:27:38,661 - INFO - HTTP Request: PUT http://localhost:6333/collections/stock_recommendations/points?wait=true "HTTP/1.1 200 OK"
2026-02-19 12:27:38,667 - INFO - HTTP Request: PUT http://localhost:6333/collections/trading_results/points?wait=true "HTTP/1.1 200 OK"
2026-02-19 12:27:38,675 - INFO - HTTP Request: PUT http://localhost:6333/collections/stock_recommendations/points?wait=true "HTTP/1.1 200 OK"
2026-02-19 12:27:38,678 - INFO - HTTP Request: PUT http://localhost:6333/collections/trading_results/points?wait=true "HTTP/1.1 200 OK"
2026-02-19 12:27:38,697 - INFO - HTTP Request: PUT http://localhost:6333/collections/stock_recommendations/points?wait=true "HTTP/1.1 200 OK"
2026-02-19 12:27:38,701 - INFO - HTTP Request: PUT http://localhost:6333/collections/trading_results/points?wait=true "HTTP/1.1 200 OK"
2026-02-19 12:27:38,710 - INFO - HTTP Request: PUT http://localhost:6333/collections/stock_recommendations/points?wait=true "HTTP/1.1 200 OK"
2026-02-19 12:27:38,713 - INFO - HTTP Request: PUT http://localhost:6333/collections/trading_results/points?wait=true "HTTP/1.1 200 OK"
2026-02-19 12:27:38,745 - INFO - HTTP Request: PUT http://localhost:6333/collections/stock_recommendations/points?wait=true "HTTP/1.1 200 OK"
2026-02-19 12:27:38,750 - INFO - HTTP Request: PUT http://localhost:6333/collections/trading_results/points?wait=true "HTTP/1.1 200 OK"
2026-02-19 12:27:38,757 - INFO - HTTP Request: PUT http://localhost:6333/collections/stock_recommendations/points?wait=true "HTTP/1.1 200 OK"
2026-02-19 12:27:38,761 - INFO - HTTP Request: PUT http://localhost:6333/collections/trading_results/points?wait=true "HTTP/1.1 200 OK"
2026-02-19 12:27:38,768 - INFO - HTTP Request: PUT http://localhost:6333/collections/stock_recommendations/points?wait=true "HTTP/1.1 200 OK"
2026-02-19 12:27:38,772 - INFO - HTTP Request: PUT http://localhost:6333/collections/trading_results/points?wait=true "HTTP/1.1 200 OK"
2026-02-19 12:27:38,779 - INFO - HTTP Request: PUT http://localhost:6333/collections/stock_recommendations/points?wait=true "HTTP/1.1 200 OK"
2026-02-19 12:27:38,797 - INFO - HTTP Request: PUT http://localhost:6333/collections/trading_results/points?wait=true "HTTP/1.1 200 OK"
2026-02-19 12:27:38,829 - INFO - HTTP Request: PUT http://localhost:6333/collections/stock_recommendations/points?wait=true "HTTP/1.1 200 OK"
2026-02-19 12:27:38,831 - INFO - HTTP Request: PUT http://localhost:6333/collections/trading_results/points?wait=true "HTTP/1.1 200 OK"
2026-02-19 12:27:38,863 - INFO - HTTP Request: PUT http://localhost:6333/collections/stock_recommendations/points?wait=true "HTTP/1.1 200 OK"
2026-02-19 12:27:38,867 - INFO - HTTP Request: PUT http://localhost:6333/collections/trading_results/points?wait=true "HTTP/1.1 200 OK"
2026-02-19 12:27:38,875 - INFO - HTTP Request: PUT http://localhost:6333/collections/stock_recommendations/points?wait=true "HTTP/1.1 200 OK"
2026-02-19 12:27:38,878 - INFO - HTTP Request: PUT http://localhost:6333/collections/trading_results/points?wait=true "HTTP/1.1 200 OK"
2026-02-19 12:27:38,898 - INFO - HTTP Request: PUT http://localhost:6333/collections/stock_recommendations/points?wait=true "HTTP/1.1 200 OK"
2026-02-19 12:27:38,902 - INFO - HTTP Request: PUT http://localhost:6333/collections/trading_results/points?wait=true "HTTP/1.1 200 OK"
2026-02-19 12:27:38,908 - INFO - HTTP Request: PUT http://localhost:6333/collections/stock_recommendations/points?wait=true "HTTP/1.1 200 OK"
2026-02-19 12:27:38,912 - INFO - HTTP Request: PUT http://localhost:6333/collections/trading_results/points?wait=true "HTTP/1.1 200 OK"
2026-02-19 12:27:38,919 - INFO - HTTP Request: PUT http://localhost:6333/collections/stock_recommendations/points?wait=true "HTTP/1.1 200 OK"
2026-02-19 12:27:38,921 - INFO - HTTP Request: PUT http://localhost:6333/collections/trading_results/points?wait=true "HTTP/1.1 200 OK"
2026-02-19 12:27:38,928 - INFO - HTTP Request: PUT http://localhost:6333/collections/stock_recommendations/points?wait=true "HTTP/1.1 200 OK"
2026-02-19 12:27:38,932 - INFO - HTTP Request: PUT http://localhost:6333/collections/trading_results/points?wait=true "HTTP/1.1 200 OK"
2026-02-19 12:27:38,939 - INFO - HTTP Request: PUT http://localhost:6333/collections/stock_recommendations/points?wait=true "HTTP/1.1 200 OK"
2026-02-19 12:27:38,942 - INFO - HTTP Request: PUT http://localhost:6333/collections/trading_results/points?wait=true "HTTP/1.1 200 OK"
2026-02-19 12:27:38,949 - INFO - HTTP Request: PUT http://localhost:6333/collections/stock_recommendations/points?wait=true "HTTP/1.1 200 OK"
2026-02-19 12:27:38,952 - INFO - HTTP Request: PUT http://localhost:6333/collections/trading_results/points?wait=true "HTTP/1.1 200 OK"
2026-02-19 12:27:38,977 - INFO - HTTP Request: PUT http://localhost:6333/collections/stock_recommendations/points?wait=true "HTTP/1.1 200 OK"
2026-02-19 12:27:38,981 - INFO - HTTP Request: PUT http://localhost:6333/collections/trading_results/points?wait=true "HTTP/1.1 200 OK"
2026-02-19 12:27:39,011 - INFO - HTTP Request: PUT http://localhost:6333/collections/stock_recommendations/points?wait=true "HTTP/1.1 200 OK"
2026-02-19 12:27:39,014 - INFO - HTTP Request: PUT http://localhost:6333/collections/trading_results/points?wait=true "HTTP/1.1 200 OK"
2026-02-19 12:27:39,042 - INFO - HTTP Request: PUT http://localhost:6333/collections/stock_recommendations/points?wait=true "HTTP/1.1 200 OK"
2026-02-19 12:27:39,046 - INFO - HTTP Request: PUT http://localhost:6333/collections/trading_results/points?wait=true "HTTP/1.1 200 OK"
2026-02-19 12:27:39,053 - INFO - HTTP Request: PUT http://localhost:6333/collections/stock_recommendations/points?wait=true "HTTP/1.1 200 OK"
2026-02-19 12:27:39,056 - INFO - HTTP Request: PUT http://localhost:6333/collections/trading_results/points?wait=true "HTTP/1.1 200 OK"
2026-02-19 12:27:39,075 - INFO - HTTP Request: PUT http://localhost:6333/collections/stock_recommendations/points?wait=true "HTTP/1.1 200 OK"
2026-02-19 12:27:39,080 - INFO - HTTP Request: PUT http://localhost:6333/collections/trading_results/points?wait=true "HTTP/1.1 200 OK"
2026-02-19 12:27:39,087 - INFO - HTTP Request: PUT http://localhost:6333/collections/stock_recommendations/points?wait=true "HTTP/1.1 200 OK"
2026-02-19 12:27:39,089 - INFO - HTTP Request: PUT http://localhost:6333/collections/trading_results/points?wait=true "HTTP/1.1 200 OK"
2026-02-19 12:27:39,098 - INFO - HTTP Request: PUT http://localhost:6333/collections/stock_recommendations/points?wait=true "HTTP/1.1 200 OK"
2026-02-19 12:27:39,101 - INFO - HTTP Request: PUT http://localhost:6333/collections/trading_results/points?wait=true "HTTP/1.1 200 OK"
2026-02-19 12:27:39,107 - INFO - HTTP Request: PUT http://localhost:6333/collections/stock_recommendations/points?wait=true "HTTP/1.1 200 OK"
2026-02-19 12:27:39,112 - INFO - HTTP Request: PUT http://localhost:6333/collections/trading_results/points?wait=true "HTTP/1.1 200 OK"
2026-02-19 12:27:39,118 - INFO - HTTP Request: PUT http://localhost:6333/collections/stock_recommendations/points?wait=true "HTTP/1.1 200 OK"
2026-02-19 12:27:39,122 - INFO - HTTP Request: PUT http://localhost:6333/collections/trading_results/points?wait=true "HTTP/1.1 200 OK"
2026-02-19 12:27:39,128 - INFO - HTTP Request: PUT http://localhost:6333/collections/stock_recommendations/points?wait=true "HTTP/1.1 200 OK"
2026-02-19 12:27:39,132 - INFO - HTTP Request: PUT http://localhost:6333/collections/trading_results/points?wait=true "HTTP/1.1 200 OK"
2026-02-19 12:27:39,138 - INFO - HTTP Request: PUT http://localhost:6333/collections/stock_recommendations/points?wait=true "HTTP/1.1 200 OK"
2026-02-19 12:27:39,141 - INFO - HTTP Request: PUT http://localhost:6333/collections/trading_results/points?wait=true "HTTP/1.1 200 OK"
2026-02-19 12:27:39,149 - INFO - HTTP Request: PUT http://localhost:6333/collections/stock_recommendations/points?wait=true "HTTP/1.1 200 OK"
2026-02-19 12:27:39,151 - INFO - HTTP Request: PUT http://localhost:6333/collections/trading_results/points?wait=true "HTTP/1.1 200 OK"
2026-02-19 12:27:39,157 - INFO - HTTP Request: PUT http://localhost:6333/collections/stock_recommendations/points?wait=true "HTTP/1.1 200 OK"
2026-02-19 12:27:39,175 - INFO - HTTP Request: PUT http://localhost:6333/collections/trading_results/points?wait=true "HTTP/1.1 200 OK"
2026-02-19 12:27:39,181 - INFO - HTTP Request: PUT http://localhost:6333/collections/stock_recommendations/points?wait=true "HTTP/1.1 200 OK"
2026-02-19 12:27:39,184 - INFO - HTTP Request: PUT http://localhost:6333/collections/trading_results/points?wait=true "HTTP/1.1 200 OK"
2026-02-19 12:27:39,191 - INFO - HTTP Request: PUT http://localhost:6333/collections/stock_recommendations/points?wait=true "HTTP/1.1 200 OK"
2026-02-19 12:27:39,194 - INFO - HTTP Request: PUT http://localhost:6333/collections/trading_results/points?wait=true "HTTP/1.1 200 OK"
2026-02-19 12:27:39,201 - INFO - HTTP Request: PUT http://localhost:6333/collections/stock_recommendations/points?wait=true "HTTP/1.1 200 OK"
2026-02-19 12:27:39,203 - INFO - HTTP Request: PUT http://localhost:6333/collections/trading_results/points?wait=true "HTTP/1.1 200 OK"
2026-02-19 12:27:39,210 - INFO - HTTP Request: PUT http://localhost:6333/collections/stock_recommendations/points?wait=true "HTTP/1.1 200 OK"
2026-02-19 12:27:39,214 - INFO - HTTP Request: PUT http://localhost:6333/collections/trading_results/points?wait=true "HTTP/1.1 200 OK"
2026-02-19 12:27:39,231 - INFO - HTTP Request: PUT http://localhost:6333/collections/stock_recommendations/points?wait=true "HTTP/1.1 200 OK"
2026-02-19 12:27:39,235 - INFO - HTTP Request: PUT http://localhost:6333/collections/trading_results/points?wait=true "HTTP/1.1 200 OK"
2026-02-19 12:27:39,241 - INFO - HTTP Request: PUT http://localhost:6333/collections/stock_recommendations/points?wait=true "HTTP/1.1 200 OK"
2026-02-19 12:27:39,245 - INFO - HTTP Request: PUT http://localhost:6333/collections/trading_results/points?wait=true "HTTP/1.1 200 OK"
2026-02-19 12:27:39,252 - INFO - HTTP Request: PUT http://localhost:6333/collections/stock_recommendations/points?wait=true "HTTP/1.1 200 OK"
2026-02-19 12:27:39,255 - INFO - HTTP Request: PUT http://localhost:6333/collections/trading_results/points?wait=true "HTTP/1.1 200 OK"
2026-02-19 12:27:39,263 - INFO - HTTP Request: PUT http://localhost:6333/collections/stock_recommendations/points?wait=true "HTTP/1.1 200 OK"
2026-02-19 12:27:39,266 - INFO - HTTP Request: PUT http://localhost:6333/collections/trading_results/points?wait=true "HTTP/1.1 200 OK"
2026-02-19 12:27:39,273 - INFO - HTTP Request: PUT http://localhost:6333/collections/stock_recommendations/points?wait=true "HTTP/1.1 200 OK"
2026-02-19 12:27:39,277 - INFO - HTTP Request: PUT http://localhost:6333/collections/trading_results/points?wait=true "HTTP/1.1 200 OK"
2026-02-19 12:27:39,284 - INFO - HTTP Request: PUT http://localhost:6333/collections/stock_recommendations/points?wait=true "HTTP/1.1 200 OK"
2026-02-19 12:27:39,310 - INFO - HTTP Request: PUT http://localhost:6333/collections/trading_results/points?wait=true "HTTP/1.1 200 OK"
2026-02-19 12:27:39,319 - INFO - HTTP Request: PUT http://localhost:6333/collections/stock_recommendations/points?wait=true "HTTP/1.1 200 OK"
2026-02-19 12:27:39,325 - INFO - HTTP Request: PUT http://localhost:6333/collections/trading_results/points?wait=true "HTTP/1.1 200 OK"
2026-02-19 12:27:39,333 - INFO - HTTP Request: PUT http://localhost:6333/collections/stock_recommendations/points?wait=true "HTTP/1.1 200 OK"
2026-02-19 12:27:39,336 - INFO - HTTP Request: PUT http://localhost:6333/collections/trading_results/points?wait=true "HTTP/1.1 200 OK"
2026-02-19 12:27:39,345 - INFO - HTTP Request: PUT http://localhost:6333/collections/stock_recommendations/points?wait=true "HTTP/1.1 200 OK"
2026-02-19 12:27:39,348 - INFO - HTTP Request: PUT http://localhost:6333/collections/trading_results/points?wait=true "HTTP/1.1 200 OK"
2026-02-19 12:27:39,378 - INFO - HTTP Request: PUT http://localhost:6333/collections/stock_recommendations/points?wait=true "HTTP/1.1 200 OK"
2026-02-19 12:27:39,381 - INFO - HTTP Request: PUT http://localhost:6333/collections/trading_results/points?wait=true "HTTP/1.1 200 OK"
2026-02-19 12:27:39,409 - INFO - HTTP Request: PUT http://localhost:6333/collections/stock_recommendations/points?wait=true "HTTP/1.1 200 OK"
2026-02-19 12:27:39,413 - INFO - HTTP Request: PUT http://localhost:6333/collections/trading_results/points?wait=true "HTTP/1.1 200 OK"
2026-02-19 12:27:39,420 - INFO - HTTP Request: PUT http://localhost:6333/collections/stock_recommendations/points?wait=true "HTTP/1.1 200 OK"
2026-02-19 12:27:39,423 - INFO - HTTP Request: PUT http://localhost:6333/collections/trading_results/points?wait=true "HTTP/1.1 200 OK"
2026-02-19 12:27:39,429 - INFO - HTTP Request: PUT http://localhost:6333/collections/stock_recommendations/points?wait=true "HTTP/1.1 200 OK"
2026-02-19 12:27:39,432 - INFO - HTTP Request: PUT http://localhost:6333/collections/trading_results/points?wait=true "HTTP/1.1 200 OK"
2026-02-19 12:27:39,438 - INFO - HTTP Request: PUT http://localhost:6333/collections/stock_recommendations/points?wait=true "HTTP/1.1 200 OK"
2026-02-19 12:27:39,442 - INFO - HTTP Request: PUT http://localhost:6333/collections/trading_results/points?wait=true "HTTP/1.1 200 OK"
2026-02-19 12:27:39,463 - INFO - HTTP Request: PUT http://localhost:6333/collections/stock_recommendations/points?wait=true "HTTP/1.1 200 OK"
2026-02-19 12:27:39,467 - INFO - HTTP Request: PUT http://localhost:6333/collections/trading_results/points?wait=true "HTTP/1.1 200 OK"
2026-02-19 12:27:39,492 - INFO - HTTP Request: PUT http://localhost:6333/collections/stock_recommendations/points?wait=true "HTTP/1.1 200 OK"
2026-02-19 12:27:39,494 - INFO - HTTP Request: PUT http://localhost:6333/collections/trading_results/points?wait=true "HTTP/1.1 200 OK"
2026-02-19 12:27:39,524 - INFO - HTTP Request: PUT http://localhost:6333/collections/stock_recommendations/points?wait=true "HTTP/1.1 200 OK"
2026-02-19 12:27:39,528 - INFO - HTTP Request: PUT http://localhost:6333/collections/trading_results/points?wait=true "HTTP/1.1 200 OK"
2026-02-19 12:27:39,553 - INFO - HTTP Request: PUT http://localhost:6333/collections/stock_recommendations/points?wait=true "HTTP/1.1 200 OK"
2026-02-19 12:27:39,557 - INFO - HTTP Request: PUT http://localhost:6333/collections/trading_results/points?wait=true "HTTP/1.1 200 OK"
2026-02-19 12:27:39,565 - INFO - HTTP Request: PUT http://localhost:6333/collections/stock_recommendations/points?wait=true "HTTP/1.1 200 OK"
2026-02-19 12:27:39,568 - INFO - HTTP Request: PUT http://localhost:6333/collections/trading_results/points?wait=true "HTTP/1.1 200 OK"
2026-02-19 12:27:39,573 - INFO - HTTP Request: PUT http://localhost:6333/collections/stock_recommendations/points?wait=true "HTTP/1.1 200 OK"
2026-02-19 12:27:39,577 - INFO - HTTP Request: PUT http://localhost:6333/collections/trading_results/points?wait=true "HTTP/1.1 200 OK"
2026-02-19 12:27:39,586 - INFO - HTTP Request: PUT http://localhost:6333/collections/stock_recommendations/points?wait=true "HTTP/1.1 200 OK"
2026-02-19 12:27:39,588 - INFO - HTTP Request: PUT http://localhost:6333/collections/trading_results/points?wait=true "HTTP/1.1 200 OK"
2026-02-19 12:27:39,596 - INFO - HTTP Request: PUT http://localhost:6333/collections/stock_recommendations/points?wait=true "HTTP/1.1 200 OK"
2026-02-19 12:27:39,600 - INFO - HTTP Request: PUT http://localhost:6333/collections/trading_results/points?wait=true "HTTP/1.1 200 OK"
2026-02-19 12:27:39,617 - INFO - HTTP Request: PUT http://localhost:6333/collections/stock_recommendations/points?wait=true "HTTP/1.1 200 OK"
2026-02-19 12:27:39,621 - INFO - HTTP Request: PUT http://localhost:6333/collections/trading_results/points?wait=true "HTTP/1.1 200 OK"
2026-02-19 12:27:39,633 - INFO - HTTP Request: PUT http://localhost:6333/collections/stock_recommendations/points?wait=true "HTTP/1.1 200 OK"
2026-02-19 12:27:39,636 - INFO - HTTP Request: PUT http://localhost:6333/collections/trading_results/points?wait=true "HTTP/1.1 200 OK"
2026-02-19 12:27:39,642 - INFO - HTTP Request: PUT http://localhost:6333/collections/stock_recommendations/points?wait=true "HTTP/1.1 200 OK"
2026-02-19 12:27:39,646 - INFO - HTTP Request: PUT http://localhost:6333/collections/trading_results/points?wait=true "HTTP/1.1 200 OK"
2026-02-19 12:27:39,652 - INFO - HTTP Request: PUT http://localhost:6333/collections/stock_recommendations/points?wait=true "HTTP/1.1 200 OK"
2026-02-19 12:27:39,654 - INFO - HTTP Request: PUT http://localhost:6333/collections/trading_results/points?wait=true "HTTP/1.1 200 OK"
2026-02-19 12:27:39,662 - INFO - HTTP Request: PUT http://localhost:6333/collections/stock_recommendations/points?wait=true "HTTP/1.1 200 OK"
2026-02-19 12:27:39,664 - INFO - HTTP Request: PUT http://localhost:6333/collections/trading_results/points?wait=true "HTTP/1.1 200 OK"
2026-02-19 12:27:39,671 - INFO - HTTP Request: PUT http://localhost:6333/collections/stock_recommendations/points?wait=true "HTTP/1.1 200 OK"
2026-02-19 12:27:39,675 - INFO - HTTP Request: PUT http://localhost:6333/collections/trading_results/points?wait=true "HTTP/1.1 200 OK"
2026-02-19 12:27:39,681 - INFO - HTTP Request: PUT http://localhost:6333/collections/stock_recommendations/points?wait=true "HTTP/1.1 200 OK"
2026-02-19 12:27:39,683 - INFO - HTTP Request: PUT http://localhost:6333/collections/trading_results/points?wait=true "HTTP/1.1 200 OK"
2026-02-19 12:27:39,691 - INFO - HTTP Request: PUT http://localhost:6333/collections/stock_recommendations/points?wait=true "HTTP/1.1 200 OK"
2026-02-19 12:27:39,696 - INFO - HTTP Request: PUT http://localhost:6333/collections/trading_results/points?wait=true "HTTP/1.1 200 OK"
2026-02-19 12:27:39,702 - INFO - HTTP Request: PUT http://localhost:6333/collections/stock_recommendations/points?wait=true "HTTP/1.1 200 OK"
2026-02-19 12:27:39,705 - INFO - HTTP Request: PUT http://localhost:6333/collections/trading_results/points?wait=true "HTTP/1.1 200 OK"
2026-02-19 12:27:39,714 - INFO - HTTP Request: PUT http://localhost:6333/collections/stock_recommendations/points?wait=true "HTTP/1.1 200 OK"
2026-02-19 12:27:39,719 - INFO - HTTP Request: PUT http://localhost:6333/collections/trading_results/points?wait=true "HTTP/1.1 200 OK"
2026-02-19 12:27:39,725 - INFO - HTTP Request: PUT http://localhost:6333/collections/stock_recommendations/points?wait=true "HTTP/1.1 200 OK"
2026-02-19 12:27:39,731 - INFO - HTTP Request: PUT http://localhost:6333/collections/trading_results/points?wait=true "HTTP/1.1 200 OK"
2026-02-19 12:27:39,737 - INFO - HTTP Request: PUT http://localhost:6333/collections/stock_recommendations/points?wait=true "HTTP/1.1 200 OK"
2026-02-19 12:27:39,739 - INFO - HTTP Request: PUT http://localhost:6333/collections/trading_results/points?wait=true "HTTP/1.1 200 OK"
2026-02-19 12:27:39,745 - INFO - HTTP Request: PUT http://localhost:6333/collections/stock_recommendations/points?wait=true "HTTP/1.1 200 OK"
2026-02-19 12:27:39,749 - INFO - HTTP Request: PUT http://localhost:6333/collections/trading_results/points?wait=true "HTTP/1.1 200 OK"
2026-02-19 12:27:39,756 - INFO - HTTP Request: PUT http://localhost:6333/collections/stock_recommendations/points?wait=true "HTTP/1.1 200 OK"
2026-02-19 12:27:39,759 - INFO - HTTP Request: PUT http://localhost:6333/collections/trading_results/points?wait=true "HTTP/1.1 200 OK"
2026-02-19 12:27:39,765 - INFO - HTTP Request: PUT http://localhost:6333/collections/stock_recommendations/points?wait=true "HTTP/1.1 200 OK"
2026-02-19 12:27:39,769 - INFO - HTTP Request: PUT http://localhost:6333/collections/trading_results/points?wait=true "HTTP/1.1 200 OK"
2026-02-19 12:27:39,775 - INFO - HTTP Request: PUT http://localhost:6333/collections/stock_recommendations/points?wait=true "HTTP/1.1 200 OK"
2026-02-19 12:27:39,779 - INFO - HTTP Request: PUT http://localhost:6333/collections/trading_results/points?wait=true "HTTP/1.1 200 OK"
2026-02-19 12:27:39,785 - INFO - HTTP Request: PUT http://localhost:6333/collections/stock_recommendations/points?wait=true "HTTP/1.1 200 OK"
2026-02-19 12:27:39,789 - INFO - HTTP Request: PUT http://localhost:6333/collections/trading_results/points?wait=true "HTTP/1.1 200 OK"
2026-02-19 12:27:39,800 - INFO - HTTP Request: PUT http://localhost:6333/collections/stock_recommendations/points?wait=true "HTTP/1.1 200 OK"
2026-02-19 12:27:39,802 - INFO - HTTP Request: PUT http://localhost:6333/collections/trading_results/points?wait=true "HTTP/1.1 200 OK"
2026-02-19 12:27:39,822 - INFO - HTTP Request: PUT http://localhost:6333/collections/stock_recommendations/points?wait=true "HTTP/1.1 200 OK"
2026-02-19 12:27:39,835 - INFO - HTTP Request: PUT http://localhost:6333/collections/trading_results/points?wait=true "HTTP/1.1 200 OK"
2026-02-19 12:27:39,869 - INFO - HTTP Request: PUT http://localhost:6333/collections/stock_recommendations/points?wait=true "HTTP/1.1 200 OK"
2026-02-19 12:27:39,872 - INFO - HTTP Request: PUT http://localhost:6333/collections/trading_results/points?wait=true "HTTP/1.1 200 OK"
2026-02-19 12:27:39,880 - INFO - HTTP Request: PUT http://localhost:6333/collections/stock_recommendations/points?wait=true "HTTP/1.1 200 OK"
2026-02-19 12:27:39,883 - INFO - HTTP Request: PUT http://localhost:6333/collections/trading_results/points?wait=true "HTTP/1.1 200 OK"
2026-02-19 12:27:39,889 - INFO - HTTP Request: PUT http://localhost:6333/collections/stock_recommendations/points?wait=true "HTTP/1.1 200 OK"
2026-02-19 12:27:39,892 - INFO - HTTP Request: PUT http://localhost:6333/collections/trading_results/points?wait=true "HTTP/1.1 200 OK"
2026-02-19 12:27:39,899 - INFO - HTTP Request: PUT http://localhost:6333/collections/stock_recommendations/points?wait=true "HTTP/1.1 200 OK"
2026-02-19 12:27:39,903 - INFO - HTTP Request: PUT http://localhost:6333/collections/trading_results/points?wait=true "HTTP/1.1 200 OK"
2026-02-19 12:27:39,911 - INFO - HTTP Request: PUT http://localhost:6333/collections/stock_recommendations/points?wait=true "HTTP/1.1 200 OK"
2026-02-19 12:27:39,915 - INFO - HTTP Request: PUT http://localhost:6333/collections/trading_results/points?wait=true "HTTP/1.1 200 OK"
2026-02-19 12:27:39,921 - INFO - HTTP Request: PUT http://localhost:6333/collections/stock_recommendations/points?wait=true "HTTP/1.1 200 OK"
2026-02-19 12:27:39,923 - INFO - HTTP Request: PUT http://localhost:6333/collections/trading_results/points?wait=true "HTTP/1.1 200 OK"
2026-02-19 12:27:39,932 - INFO - HTTP Request: PUT http://localhost:6333/collections/stock_recommendations/points?wait=true "HTTP/1.1 200 OK"
2026-02-19 12:27:39,934 - INFO - HTTP Request: PUT http://localhost:6333/collections/trading_results/points?wait=true "HTTP/1.1 200 OK"
2026-02-19 12:27:39,942 - INFO - HTTP Request: PUT http://localhost:6333/collections/stock_recommendations/points?wait=true "HTTP/1.1 200 OK"
2026-02-19 12:27:39,945 - INFO - HTTP Request: PUT http://localhost:6333/collections/trading_results/points?wait=true "HTTP/1.1 200 OK"
2026-02-19 12:27:39,949 - INFO - HTTP Request: PUT http://localhost:6333/collections/stock_recommendations/points?wait=true "HTTP/1.1 200 OK"
2026-02-19 12:27:39,952 - INFO - HTTP Request: PUT http://localhost:6333/collections/trading_results/points?wait=true "HTTP/1.1 200 OK"
2026-02-19 12:27:39,961 - INFO - HTTP Request: PUT http://localhost:6333/collections/stock_recommendations/points?wait=true "HTTP/1.1 200 OK"
2026-02-19 12:27:39,962 - INFO - HTTP Request: PUT http://localhost:6333/collections/trading_results/points?wait=true "HTTP/1.1 200 OK"
2026-02-19 12:27:39,970 - INFO - HTTP Request: PUT http://localhost:6333/collections/stock_recommendations/points?wait=true "HTTP/1.1 200 OK"
2026-02-19 12:27:39,972 - INFO - HTTP Request: PUT http://localhost:6333/collections/trading_results/points?wait=true "HTTP/1.1 200 OK"
2026-02-19 12:27:39,979 - INFO - HTTP Request: PUT http://localhost:6333/collections/stock_recommendations/points?wait=true "HTTP/1.1 200 OK"
2026-02-19 12:27:39,983 - INFO - HTTP Request: PUT http://localhost:6333/collections/trading_results/points?wait=true "HTTP/1.1 200 OK"
2026-02-19 12:27:39,989 - INFO - HTTP Request: PUT http://localhost:6333/collections/stock_recommendations/points?wait=true "HTTP/1.1 200 OK"
2026-02-19 12:27:39,992 - INFO - HTTP Request: PUT http://localhost:6333/collections/trading_results/points?wait=true "HTTP/1.1 200 OK"
2026-02-19 12:27:39,997 - INFO - HTTP Request: PUT http://localhost:6333/collections/stock_recommendations/points?wait=true "HTTP/1.1 200 OK"
2026-02-19 12:27:40,001 - INFO - HTTP Request: PUT http://localhost:6333/collections/trading_results/points?wait=true "HTTP/1.1 200 OK"
2026-02-19 12:27:40,008 - INFO - HTTP Request: PUT http://localhost:6333/collections/stock_recommendations/points?wait=true "HTTP/1.1 200 OK"
2026-02-19 12:27:40,012 - INFO - HTTP Request: PUT http://localhost:6333/collections/trading_results/points?wait=true "HTTP/1.1 200 OK"
2026-02-19 12:27:40,017 - INFO - HTTP Request: PUT http://localhost:6333/collections/stock_recommendations/points?wait=true "HTTP/1.1 200 OK"
2026-02-19 12:27:40,022 - INFO - HTTP Request: PUT http://localhost:6333/collections/trading_results/points?wait=true "HTTP/1.1 200 OK"
2026-02-19 12:27:40,028 - INFO - HTTP Request: PUT http://localhost:6333/collections/stock_recommendations/points?wait=true "HTTP/1.1 200 OK"
2026-02-19 12:27:40,056 - INFO - HTTP Request: PUT http://localhost:6333/collections/trading_results/points?wait=true "HTTP/1.1 200 OK"
2026-02-19 12:27:40,065 - INFO - HTTP Request: PUT http://localhost:6333/collections/stock_recommendations/points?wait=true "HTTP/1.1 200 OK"
2026-02-19 12:27:40,067 - INFO - HTTP Request: PUT http://localhost:6333/collections/trading_results/points?wait=true "HTTP/1.1 200 OK"
2026-02-19 12:27:40,074 - INFO - HTTP Request: PUT http://localhost:6333/collections/stock_recommendations/points?wait=true "HTTP/1.1 200 OK"
2026-02-19 12:27:40,077 - INFO - HTTP Request: PUT http://localhost:6333/collections/trading_results/points?wait=true "HTTP/1.1 200 OK"
2026-02-19 12:27:40,083 - INFO - HTTP Request: PUT http://localhost:6333/collections/stock_recommendations/points?wait=true "HTTP/1.1 200 OK"
2026-02-19 12:27:40,088 - INFO - HTTP Request: PUT http://localhost:6333/collections/trading_results/points?wait=true "HTTP/1.1 200 OK"
2026-02-19 12:27:40,096 - INFO - HTTP Request: PUT http://localhost:6333/collections/stock_recommendations/points?wait=true "HTTP/1.1 200 OK"
2026-02-19 12:27:40,102 - INFO - HTTP Request: PUT http://localhost:6333/collections/trading_results/points?wait=true "HTTP/1.1 200 OK"
2026-02-19 12:27:40,109 - INFO - HTTP Request: PUT http://localhost:6333/collections/stock_recommendations/points?wait=true "HTTP/1.1 200 OK"
2026-02-19 12:27:40,137 - INFO - HTTP Request: PUT http://localhost:6333/collections/trading_results/points?wait=true "HTTP/1.1 200 OK"
2026-02-19 12:27:40,170 - INFO - HTTP Request: PUT http://localhost:6333/collections/stock_recommendations/points?wait=true "HTTP/1.1 200 OK"
2026-02-19 12:27:40,174 - INFO - HTTP Request: PUT http://localhost:6333/collections/trading_results/points?wait=true "HTTP/1.1 200 OK"
2026-02-19 12:27:40,201 - INFO - HTTP Request: PUT http://localhost:6333/collections/stock_recommendations/points?wait=true "HTTP/1.1 200 OK"
2026-02-19 12:27:40,228 - INFO - HTTP Request: PUT http://localhost:6333/collections/trading_results/points?wait=true "HTTP/1.1 200 OK"
2026-02-19 12:27:40,236 - INFO - HTTP Request: PUT http://localhost:6333/collections/stock_recommendations/points?wait=true "HTTP/1.1 200 OK"
2026-02-19 12:27:40,259 - INFO - HTTP Request: PUT http://localhost:6333/collections/trading_results/points?wait=true "HTTP/1.1 200 OK"
2026-02-19 12:27:40,268 - INFO - HTTP Request: PUT http://localhost:6333/collections/stock_recommendations/points?wait=true "HTTP/1.1 200 OK"
2026-02-19 12:27:40,270 - INFO - HTTP Request: PUT http://localhost:6333/collections/trading_results/points?wait=true "HTTP/1.1 200 OK"
2026-02-19 12:27:40,279 - INFO - HTTP Request: PUT http://localhost:6333/collections/stock_recommendations/points?wait=true "HTTP/1.1 200 OK"
2026-02-19 12:27:40,284 - INFO - HTTP Request: PUT http://localhost:6333/collections/trading_results/points?wait=true "HTTP/1.1 200 OK"
2026-02-19 12:27:40,290 - INFO - HTTP Request: PUT http://localhost:6333/collections/stock_recommendations/points?wait=true "HTTP/1.1 200 OK"
2026-02-19 12:27:40,294 - INFO - HTTP Request: PUT http://localhost:6333/collections/trading_results/points?wait=true "HTTP/1.1 200 OK"
2026-02-19 12:27:40,309 - INFO - HTTP Request: PUT http://localhost:6333/collections/stock_recommendations/points?wait=true "HTTP/1.1 200 OK"
2026-02-19 12:27:40,324 - INFO - HTTP Request: PUT http://localhost:6333/collections/trading_results/points?wait=true "HTTP/1.1 200 OK"
2026-02-19 12:27:40,341 - INFO - HTTP Request: PUT http://localhost:6333/collections/stock_recommendations/points?wait=true "HTTP/1.1 200 OK"
2026-02-19 12:27:40,345 - INFO - HTTP Request: PUT http://localhost:6333/collections/trading_results/points?wait=true "HTTP/1.1 200 OK"
2026-02-19 12:27:40,373 - INFO - HTTP Request: PUT http://localhost:6333/collections/stock_recommendations/points?wait=true "HTTP/1.1 200 OK"
2026-02-19 12:27:40,378 - INFO - HTTP Request: PUT http://localhost:6333/collections/trading_results/points?wait=true "HTTP/1.1 200 OK"
2026-02-19 12:27:40,387 - INFO - HTTP Request: PUT http://localhost:6333/collections/stock_recommendations/points?wait=true "HTTP/1.1 200 OK"
2026-02-19 12:27:40,396 - INFO - HTTP Request: PUT http://localhost:6333/collections/trading_results/points?wait=true "HTTP/1.1 200 OK"
2026-02-19 12:27:40,420 - INFO - HTTP Request: PUT http://localhost:6333/collections/stock_recommendations/points?wait=true "HTTP/1.1 200 OK"
2026-02-19 12:27:40,423 - INFO - HTTP Request: PUT http://localhost:6333/collections/trading_results/points?wait=true "HTTP/1.1 200 OK"
2026-02-19 12:27:40,451 - INFO - HTTP Request: PUT http://localhost:6333/collections/stock_recommendations/points?wait=true "HTTP/1.1 200 OK"
2026-02-19 12:27:40,456 - INFO - HTTP Request: PUT http://localhost:6333/collections/trading_results/points?wait=true "HTTP/1.1 200 OK"
2026-02-19 12:27:40,488 - INFO - HTTP Request: PUT http://localhost:6333/collections/stock_recommendations/points?wait=true "HTTP/1.1 200 OK"
2026-02-19 12:27:40,494 - INFO - HTTP Request: PUT http://localhost:6333/collections/trading_results/points?wait=true "HTTP/1.1 200 OK"
2026-02-19 12:27:40,501 - INFO - HTTP Request: PUT http://localhost:6333/collections/stock_recommendations/points?wait=true "HTTP/1.1 200 OK"
2026-02-19 12:27:40,504 - INFO - HTTP Request: PUT http://localhost:6333/collections/trading_results/points?wait=true "HTTP/1.1 200 OK"
2026-02-19 12:27:40,510 - INFO - HTTP Request: PUT http://localhost:6333/collections/stock_recommendations/points?wait=true "HTTP/1.1 200 OK"
2026-02-19 12:27:40,513 - INFO - HTTP Request: PUT http://localhost:6333/collections/trading_results/points?wait=true "HTTP/1.1 200 OK"
2026-02-19 12:27:40,521 - INFO - HTTP Request: PUT http://localhost:6333/collections/stock_recommendations/points?wait=true "HTTP/1.1 200 OK"
2026-02-19 12:27:40,522 - INFO - HTTP Request: PUT http://localhost:6333/collections/trading_results/points?wait=true "HTTP/1.1 200 OK"
2026-02-19 12:27:40,531 - INFO - HTTP Request: PUT http://localhost:6333/collections/stock_recommendations/points?wait=true "HTTP/1.1 200 OK"
2026-02-19 12:27:40,533 - INFO - HTTP Request: PUT http://localhost:6333/collections/trading_results/points?wait=true "HTTP/1.1 200 OK"
2026-02-19 12:27:40,539 - INFO - HTTP Request: PUT http://localhost:6333/collections/stock_recommendations/points?wait=true "HTTP/1.1 200 OK"
2026-02-19 12:27:40,544 - INFO - HTTP Request: PUT http://localhost:6333/collections/trading_results/points?wait=true "HTTP/1.1 200 OK"
2026-02-19 12:27:40,551 - INFO - HTTP Request: PUT http://localhost:6333/collections/stock_recommendations/points?wait=true "HTTP/1.1 200 OK"
2026-02-19 12:27:40,555 - INFO - HTTP Request: PUT http://localhost:6333/collections/trading_results/points?wait=true "HTTP/1.1 200 OK"
2026-02-19 12:27:40,560 - INFO - HTTP Request: PUT http://localhost:6333/collections/stock_recommendations/points?wait=true "HTTP/1.1 200 OK"
2026-02-19 12:27:40,563 - INFO - HTTP Request: PUT http://localhost:6333/collections/trading_results/points?wait=true "HTTP/1.1 200 OK"
2026-02-19 12:27:40,569 - INFO - HTTP Request: PUT http://localhost:6333/collections/stock_recommendations/points?wait=true "HTTP/1.1 200 OK"
2026-02-19 12:27:40,571 - INFO - HTTP Request: PUT http://localhost:6333/collections/trading_results/points?wait=true "HTTP/1.1 200 OK"
2026-02-19 12:27:40,578 - INFO - HTTP Request: PUT http://localhost:6333/collections/stock_recommendations/points?wait=true "HTTP/1.1 200 OK"
2026-02-19 12:27:40,582 - INFO - HTTP Request: PUT http://localhost:6333/collections/trading_results/points?wait=true "HTTP/1.1 200 OK"
2026-02-19 12:27:40,588 - INFO - HTTP Request: PUT http://localhost:6333/collections/stock_recommendations/points?wait=true "HTTP/1.1 200 OK"
2026-02-19 12:27:40,591 - INFO - HTTP Request: PUT http://localhost:6333/collections/trading_results/points?wait=true "HTTP/1.1 200 OK"
2026-02-19 12:27:40,598 - INFO - HTTP Request: PUT http://localhost:6333/collections/stock_recommendations/points?wait=true "HTTP/1.1 200 OK"
2026-02-19 12:27:40,601 - INFO - HTTP Request: PUT http://localhost:6333/collections/trading_results/points?wait=true "HTTP/1.1 200 OK"
2026-02-19 12:27:40,607 - INFO - HTTP Request: PUT http://localhost:6333/collections/stock_recommendations/points?wait=true "HTTP/1.1 200 OK"
2026-02-19 12:27:40,611 - INFO - HTTP Request: PUT http://localhost:6333/collections/trading_results/points?wait=true "HTTP/1.1 200 OK"
2026-02-19 12:27:40,618 - INFO - HTTP Request: PUT http://localhost:6333/collections/stock_recommendations/points?wait=true "HTTP/1.1 200 OK"
2026-02-19 12:27:40,620 - INFO - HTTP Request: PUT http://localhost:6333/collections/trading_results/points?wait=true "HTTP/1.1 200 OK"
2026-02-19 12:27:40,629 - INFO - HTTP Request: PUT http://localhost:6333/collections/stock_recommendations/points?wait=true "HTTP/1.1 200 OK"
2026-02-19 12:27:40,633 - INFO - HTTP Request: PUT http://localhost:6333/collections/trading_results/points?wait=true "HTTP/1.1 200 OK"
2026-02-19 12:27:40,656 - INFO - HTTP Request: PUT http://localhost:6333/collections/stock_recommendations/points?wait=true "HTTP/1.1 200 OK"
2026-02-19 12:27:40,662 - INFO - HTTP Request: PUT http://localhost:6333/collections/trading_results/points?wait=true "HTTP/1.1 200 OK"
2026-02-19 12:27:40,668 - INFO - HTTP Request: PUT http://localhost:6333/collections/stock_recommendations/points?wait=true "HTTP/1.1 200 OK"
2026-02-19 12:27:40,670 - INFO - HTTP Request: PUT http://localhost:6333/collections/trading_results/points?wait=true "HTTP/1.1 200 OK"
2026-02-19 12:27:40,678 - INFO - HTTP Request: PUT http://localhost:6333/collections/stock_recommendations/points?wait=true "HTTP/1.1 200 OK"
2026-02-19 12:27:40,682 - INFO - HTTP Request: PUT http://localhost:6333/collections/trading_results/points?wait=true "HTTP/1.1 200 OK"
2026-02-19 12:27:40,704 - INFO - HTTP Request: PUT http://localhost:6333/collections/stock_recommendations/points?wait=true "HTTP/1.1 200 OK"
2026-02-19 12:27:40,709 - INFO - HTTP Request: PUT http://localhost:6333/collections/trading_results/points?wait=true "HTTP/1.1 200 OK"
2026-02-19 12:27:40,722 - INFO - HTTP Request: PUT http://localhost:6333/collections/stock_recommendations/points?wait=true "HTTP/1.1 200 OK"
2026-02-19 12:27:40,724 - INFO - HTTP Request: PUT http://localhost:6333/collections/trading_results/points?wait=true "HTTP/1.1 200 OK"
2026-02-19 12:27:40,751 - INFO - HTTP Request: PUT http://localhost:6333/collections/stock_recommendations/points?wait=true "HTTP/1.1 200 OK"
2026-02-19 12:27:40,764 - INFO - HTTP Request: PUT http://localhost:6333/collections/trading_results/points?wait=true "HTTP/1.1 200 OK"
2026-02-19 12:27:40,780 - INFO - HTTP Request: PUT http://localhost:6333/collections/stock_recommendations/points?wait=true "HTTP/1.1 200 OK"
2026-02-19 12:27:40,783 - INFO - HTTP Request: PUT http://localhost:6333/collections/trading_results/points?wait=true "HTTP/1.1 200 OK"
2026-02-19 12:27:40,815 - INFO - HTTP Request: PUT http://localhost:6333/collections/stock_recommendations/points?wait=true "HTTP/1.1 200 OK"
2026-02-19 12:27:40,818 - INFO - HTTP Request: PUT http://localhost:6333/collections/trading_results/points?wait=true "HTTP/1.1 200 OK"
2026-02-19 12:27:40,825 - INFO - HTTP Request: PUT http://localhost:6333/collections/stock_recommendations/points?wait=true "HTTP/1.1 200 OK"
2026-02-19 12:27:40,829 - INFO - HTTP Request: PUT http://localhost:6333/collections/trading_results/points?wait=true "HTTP/1.1 200 OK"
2026-02-19 12:27:40,830 - INFO - Uploaded 13328 recommendation points.
2026-02-19 12:27:40,830 - INFO - Uploaded 188 trading result points.
2026-02-19 12:27:40,833 - INFO - HTTP Request: PUT http://localhost:6333/collections/performance_metrics/points?wait=true "HTTP/1.1 200 OK"
2026-02-19 12:27:40,833 - INFO - Uploaded performance metrics snapshot.
2026-02-19 12:27:40,833 - INFO - Progress updated: 188 days completed | last historical date: 2025-12-29
2026-02-19 12:27:40,833 - INFO - ============================================================
2026-02-19 12:27:40,833 - INFO - ALL DONE — paper trading extended to 2025-12-29
2026-02-19 12:27:40,833 - INFO - Output files:
2026-02-19 12:27:40,833 - INFO -   C:\Users\luixj\AI\stock-data\data\processed\phase4\phase4_paper_trading_daily.parquet
2026-02-19 12:27:40,833 - INFO -   C:\Users\luixj\AI\stock-data\data\processed\phase4\phase4_paper_trading_summary.json
2026-02-19 12:27:40,835 - INFO -   C:\Users\luixj\AI\stock-data\data\processed\phase4\paper_trading_progress.json
2026-02-19 12:27:40,835 - INFO - ============================================================
2026-02-19 12:42:30,561 - INFO - ============================================================
2026-02-19 12:42:30,561 - INFO - 2026 PAPER TRADING — LIVE DATA
2026-02-19 12:42:30,563 - INFO -   Device         : cuda
2026-02-19 12:42:30,563 - INFO - ============================================================
2026-02-19 12:42:30,563 - INFO - Loading ticker universe from phase1_predictions.parquet
2026-02-19 12:42:30,611 - INFO - Ticker universe: 189 stocks
2026-02-19 12:42:30,611 - INFO - ============================================================
2026-02-19 12:42:30,611 - INFO - STEP 1: Downloading OHLCV data
2026-02-19 12:42:30,612 - INFO -   Tickers: 189
2026-02-19 12:42:30,612 - INFO - ============================================================
2026-02-19 12:42:36,117 - INFO -   Progress: 20/189 tickers downloaded
2026-02-19 12:42:42,521 - INFO -   Progress: 40/189 tickers downloaded
2026-02-19 12:42:48,547 - INFO -   Progress: 60/189 tickers downloaded
2026-02-19 12:42:54,282 - INFO -   Progress: 80/189 tickers downloaded
2026-02-19 12:43:00,299 - INFO -   Progress: 100/189 tickers downloaded
2026-02-19 12:43:06,079 - INFO -   Progress: 120/189 tickers downloaded
2026-02-19 12:43:11,875 - INFO -   Progress: 140/189 tickers downloaded
2026-02-19 12:43:17,746 - INFO -   Progress: 160/189 tickers downloaded
2026-02-19 12:43:23,801 - INFO -   Progress: 180/189 tickers downloaded
2026-02-19 12:43:26,899 - INFO - ============================================================
2026-02-19 12:43:26,899 - INFO - STEP 2: Computing 14 core features
2026-02-19 12:43:26,899 - INFO - ============================================================
2026-02-19 12:43:26,908 - INFO - Calculating 14 core features (leakage-safe)...
2026-02-19 12:43:27,087 - INFO - Core features calculated:
2026-02-19 12:43:27,087 - INFO -   Returns: ret_1d, ret_5d, ret_20d
2026-02-19 12:43:27,088 - INFO -   Volatility: vol_10d, vol_20d
2026-02-19 12:43:27,088 - INFO -   Price: hl_range, oc_gap
2026-02-19 12:43:27,088 - INFO -   Trend: sma_10_dist, sma_20_dist
2026-02-19 12:43:27,088 - INFO -   Volume: log_volume, volume_change
2026-02-19 12:43:27,088 - INFO -   Market: market_return, vs_market, market_correlation
2026-02-19 12:43:27,088 - INFO -   Total: 14 features
2026-02-19 12:43:27,089 - INFO - Features: 22301 rows, 189 tickers
2026-02-19 12:43:27,089 - INFO - ============================================================
2026-02-19 12:43:27,089 - INFO - STEP 3: Loading model from C:\Users\luixj\AI\stock-data\models\checkpoints\lstm_phase2a_temp0.05_best.pth
2026-02-19 12:43:27,089 - INFO - ============================================================
2026-02-19 12:43:27,192 - WARNING - Strict load failed: Error(s) in loading state_dict for LSTMRegressor:
	size mismatch for lstm.weight_ih_l0: copying a param with shape torch.Size([768, 14]) from checkpoint, the shape in current model is torch.Size([512, 14]).
	size mismatch for lstm.weight_hh_l0: copying a param with shape torch.Size([768, 192]) from checkpoint, the shape in current model is torch.Size([512, 128]).
	size mismatch for lstm.bias_ih_l0: copying a param with shape torch.Size([768]) from checkpoint, the shape in current model is torch.Size([512]).
	size mismatch for lstm.bias_hh_l0: copying a param with shape torch.Size([768]) from checkpoint, the shape in current model is torch.Size([512]).
	size mismatch for lstm.weight_ih_l1: copying a param with shape torch.Size([768, 192]) from checkpoint, the shape in current model is torch.Size([512, 128]).
	size mismatch for lstm.weight_hh_l1: copying a param with shape torch.Size([768, 192]) from checkpoint, the shape in current model is torch.Size([512, 128]).
	size mismatch for lstm.bias_ih_l1: copying a param with shape torch.Size([768]) from checkpoint, the shape in current model is torch.Size([512]).
	size mismatch for lstm.bias_hh_l1: copying a param with shape torch.Size([768]) from checkpoint, the shape in current model is torch.Size([512]).
	size mismatch for fc.0.weight: copying a param with shape torch.Size([64, 192]) from checkpoint, the shape in current model is torch.Size([64, 128]).
2026-02-19 12:45:41,631 - INFO - ============================================================
2026-02-19 12:45:41,631 - INFO - 2026 PAPER TRADING — LIVE DATA
2026-02-19 12:45:41,633 - INFO -   Device         : cuda
2026-02-19 12:45:41,633 - INFO - ============================================================
2026-02-19 12:45:41,633 - INFO - Loading ticker universe from phase1_predictions.parquet
2026-02-19 12:45:41,683 - INFO - Ticker universe: 189 stocks
2026-02-19 12:45:41,683 - INFO - ============================================================
2026-02-19 12:45:41,684 - INFO - STEP 1: Downloading OHLCV data
2026-02-19 12:45:41,685 - INFO -   Tickers: 189
2026-02-19 12:45:41,685 - INFO - ============================================================
2026-02-19 12:45:45,889 - INFO -   Progress: 20/189 tickers downloaded
2026-02-19 12:45:49,143 - INFO -   Progress: 40/189 tickers downloaded
2026-02-19 12:45:52,518 - INFO -   Progress: 60/189 tickers downloaded
2026-02-19 12:45:56,329 - INFO -   Progress: 80/189 tickers downloaded
2026-02-19 12:46:00,143 - INFO -   Progress: 100/189 tickers downloaded
2026-02-19 12:46:03,669 - INFO -   Progress: 120/189 tickers downloaded
2026-02-19 12:46:07,153 - INFO -   Progress: 140/189 tickers downloaded
2026-02-19 12:46:10,807 - INFO -   Progress: 160/189 tickers downloaded
2026-02-19 12:46:14,544 - INFO -   Progress: 180/189 tickers downloaded
2026-02-19 12:46:16,482 - INFO - ============================================================
2026-02-19 12:46:16,482 - INFO - STEP 2: Computing 14 core features
2026-02-19 12:46:16,482 - INFO - ============================================================
2026-02-19 12:46:16,488 - INFO - Calculating 14 core features (leakage-safe)...
2026-02-19 12:46:16,683 - INFO - Core features calculated:
2026-02-19 12:46:16,684 - INFO -   Returns: ret_1d, ret_5d, ret_20d
2026-02-19 12:46:16,684 - INFO -   Volatility: vol_10d, vol_20d
2026-02-19 12:46:16,684 - INFO -   Price: hl_range, oc_gap
2026-02-19 12:46:16,684 - INFO -   Trend: sma_10_dist, sma_20_dist
2026-02-19 12:46:16,684 - INFO -   Volume: log_volume, volume_change
2026-02-19 12:46:16,684 - INFO -   Market: market_return, vs_market, market_correlation
2026-02-19 12:46:16,684 - INFO -   Total: 14 features
2026-02-19 12:46:16,685 - INFO - Features: 22301 rows, 189 tickers
2026-02-19 12:46:16,685 - INFO - ============================================================
2026-02-19 12:46:16,685 - INFO - STEP 3: Loading model from C:\Users\luixj\AI\stock-data\models\checkpoints\lstm_phase2a_temp0.05_best.pth
2026-02-19 12:46:16,685 - INFO - ============================================================
2026-02-19 12:46:16,769 - INFO - Model loaded (strict=True)
2026-02-19 12:46:16,794 - INFO - Model ready on cuda
2026-02-19 12:46:16,794 - INFO - ============================================================
2026-02-19 12:46:16,795 - INFO - ============================================================
2026-02-19 12:46:16,802 - INFO - Trading days in simulation range: 32
2026-02-19 12:46:16,853 - INFO -   2026-01-02: 0 predictions generated
2026-02-19 12:46:16,878 - INFO -   2026-01-05: 0 predictions generated
2026-02-19 12:46:16,901 - INFO -   2026-01-06: 0 predictions generated
2026-02-19 12:46:16,922 - INFO -   2026-01-07: 0 predictions generated
2026-02-19 12:46:16,973 - INFO -   2026-01-08: 0 predictions generated
2026-02-19 12:46:17,037 - INFO -   2026-01-09: 0 predictions generated
2026-02-19 12:46:17,084 - INFO -   2026-01-12: 0 predictions generated
2026-02-19 12:46:17,139 - INFO -   2026-01-13: 0 predictions generated
2026-02-19 12:46:17,198 - INFO -   2026-01-14: 0 predictions generated
2026-02-19 12:46:17,257 - INFO -   2026-01-15: 0 predictions generated
2026-02-19 12:46:17,303 - INFO -   2026-01-16: 0 predictions generated
2026-02-19 12:46:17,351 - INFO -   2026-01-20: 0 predictions generated
2026-02-19 12:46:17,397 - INFO -   2026-01-21: 0 predictions generated
2026-02-19 12:46:17,443 - INFO -   2026-01-22: 0 predictions generated
2026-02-19 12:46:17,492 - INFO -   2026-01-23: 0 predictions generated
2026-02-19 12:46:17,537 - INFO -   2026-01-26: 0 predictions generated
2026-02-19 12:46:17,581 - INFO -   2026-01-27: 0 predictions generated
2026-02-19 12:46:17,641 - INFO -   2026-01-28: 0 predictions generated
2026-02-19 12:46:17,700 - INFO -   2026-01-29: 0 predictions generated
2026-02-19 12:46:17,748 - INFO -   2026-01-30: 0 predictions generated
2026-02-19 12:46:17,796 - INFO -   2026-02-02: 0 predictions generated
2026-02-19 12:46:17,844 - INFO -   2026-02-03: 0 predictions generated
2026-02-19 12:46:17,888 - INFO -   2026-02-04: 0 predictions generated
2026-02-19 12:46:17,935 - INFO -   2026-02-05: 0 predictions generated
2026-02-19 12:46:18,543 - INFO -   2026-02-06: 189 predictions generated
2026-02-19 12:46:19,016 - INFO -   2026-02-09: 189 predictions generated
2026-02-19 12:46:19,486 - INFO -   2026-02-10: 189 predictions generated
2026-02-19 12:46:19,951 - INFO -   2026-02-11: 189 predictions generated
2026-02-19 12:46:20,419 - INFO -   2026-02-12: 189 predictions generated
2026-02-19 12:46:20,902 - INFO -   2026-02-13: 189 predictions generated
2026-02-19 12:46:21,382 - INFO -   2026-02-17: 189 predictions generated
2026-02-19 12:46:21,853 - INFO -   2026-02-18: 189 predictions generated
2026-02-19 12:46:21,855 - INFO - Total: 1512 predictions | 8 days | 189 tickers
2026-02-19 12:46:21,861 - INFO - Saved 2026 predictions: C:\Users\luixj\AI\stock-data\data\processed\phase4\predictions_2026.parquet
2026-02-19 12:46:21,863 - INFO - ============================================================
2026-02-19 12:46:21,863 - INFO - STEP 5: Combining 2025 + 2026 predictions and simulating
2026-02-19 12:46:21,863 - INFO - ============================================================
2026-02-19 12:46:21,999 - INFO - Combined: 37044 rows | 196 dates | 189 tickers
2026-02-19 12:46:22,001 - INFO -   Saved to: C:\Users\luixj\AI\stock-data\data\processed\phase4\predictions_combined.parquet
2026-02-19 12:46:22,003 - INFO - Loading predictions from C:\Users\luixj\AI\stock-data\data\processed\phase4\predictions_combined.parquet
2026-02-19 12:46:22,017 - INFO - Running paper trading simulation for 196 days
2026-02-19 12:46:22,017 - INFO - Date range: 2025-04-01 to 2026-02-18
2026-02-19 12:46:22,017 - INFO - 
============================================================
2026-02-19 12:46:22,017 - INFO - Running paper trading for 2025-04-01
2026-02-19 12:46:22,017 - INFO - ============================================================
2026-02-19 12:46:22,019 - INFO - Portfolio construction: 38 longs, 15 shorts (from 38 candidates)
2026-02-19 12:46:22,019 - INFO - PnL Net: 0.0027 | Scaled: 0.0027 | Turnover: 100.00% | Vol Scale: 1.00
2026-02-19 12:46:22,019 - INFO - 
============================================================
2026-02-19 12:46:22,019 - INFO - Running paper trading for 2025-04-02
2026-02-19 12:46:22,019 - INFO - ============================================================
2026-02-19 12:46:22,020 - INFO - Portfolio construction: 38 longs, 38 shorts (from 38 candidates)
2026-02-19 12:46:22,020 - INFO - PnL Net: -0.0234 | Scaled: -0.0234 | Turnover: 16.46% | Vol Scale: 1.00
2026-02-19 12:46:22,020 - INFO - 
============================================================
2026-02-19 12:46:22,020 - INFO - Running paper trading for 2025-04-03
2026-02-19 12:46:22,020 - INFO - ============================================================
2026-02-19 12:46:22,021 - INFO - Portfolio construction: 38 longs, 38 shorts (from 38 candidates)
2026-02-19 12:46:22,021 - INFO - PnL Net: -0.0208 | Scaled: -0.0208 | Turnover: 20.14% | Vol Scale: 1.00
2026-02-19 12:46:22,022 - INFO - 
============================================================
2026-02-19 12:46:22,022 - INFO - Running paper trading for 2025-04-04
2026-02-19 12:46:22,022 - INFO - ============================================================
2026-02-19 12:46:22,023 - INFO - Portfolio construction: 38 longs, 38 shorts (from 38 candidates)
2026-02-19 12:46:22,023 - INFO - PnL Net: -0.0002 | Scaled: -0.0002 | Turnover: 27.43% | Vol Scale: 1.00
2026-02-19 12:46:22,023 - INFO - 
============================================================
2026-02-19 12:46:22,023 - INFO - Running paper trading for 2025-04-07
2026-02-19 12:46:22,023 - INFO - ============================================================
2026-02-19 12:46:22,024 - INFO - Portfolio construction: 38 longs, 38 shorts (from 38 candidates)
2026-02-19 12:46:22,024 - INFO - PnL Net: -0.0028 | Scaled: -0.0028 | Turnover: 21.14% | Vol Scale: 1.00
2026-02-19 12:46:22,024 - INFO - 
============================================================
2026-02-19 12:46:22,024 - INFO - Running paper trading for 2025-04-08
2026-02-19 12:46:22,024 - INFO - ============================================================
2026-02-19 12:46:22,025 - INFO - Portfolio construction: 38 longs, 38 shorts (from 38 candidates)
2026-02-19 12:46:22,025 - INFO - PnL Net: 0.0243 | Scaled: 0.0243 | Turnover: 21.60% | Vol Scale: 1.00
2026-02-19 12:46:22,025 - INFO - 
============================================================
2026-02-19 12:46:22,025 - INFO - Running paper trading for 2025-04-09
2026-02-19 12:46:22,025 - INFO - ============================================================
2026-02-19 12:46:22,026 - INFO - Portfolio construction: 38 longs, 1 shorts (from 38 candidates)
2026-02-19 12:46:22,026 - INFO - PnL Net: -0.0107 | Scaled: -0.0107 | Turnover: 20.86% | Vol Scale: 1.00
2026-02-19 12:46:22,027 - INFO - 
============================================================
2026-02-19 12:46:22,027 - INFO - Running paper trading for 2025-04-10
2026-02-19 12:46:22,027 - INFO - ============================================================
2026-02-19 12:46:22,028 - INFO - Portfolio construction: 38 longs, 38 shorts (from 38 candidates)
2026-02-19 12:46:22,028 - INFO - PnL Net: 0.0049 | Scaled: 0.0049 | Turnover: 22.53% | Vol Scale: 1.00
2026-02-19 12:46:22,028 - INFO - 
============================================================
2026-02-19 12:46:22,028 - INFO - Running paper trading for 2025-04-11
2026-02-19 12:46:22,028 - INFO - ============================================================
2026-02-19 12:46:22,030 - INFO - Portfolio construction: 38 longs, 1 shorts (from 38 candidates)
2026-02-19 12:46:22,030 - INFO - PnL Net: 0.0038 | Scaled: 0.0038 | Turnover: 20.79% | Vol Scale: 1.00
2026-02-19 12:46:22,030 - INFO - 
============================================================
2026-02-19 12:46:22,030 - INFO - Running paper trading for 2025-04-14
2026-02-19 12:46:22,030 - INFO - ============================================================
2026-02-19 12:46:22,032 - INFO - Portfolio construction: 38 longs, 38 shorts (from 38 candidates)
2026-02-19 12:46:22,032 - INFO - Vol targeting: rolling_vol=0.2061, scale=0.5000
2026-02-19 12:46:22,032 - INFO - PnL Net: -0.0018 | Scaled: -0.0009 | Turnover: 21.69% | Vol Scale: 0.50
2026-02-19 12:46:22,032 - INFO - 
============================================================
2026-02-19 12:46:22,032 - INFO - Running paper trading for 2025-04-15
2026-02-19 12:46:22,032 - INFO - ============================================================
2026-02-19 12:46:22,032 - INFO - Portfolio construction: 38 longs, 38 shorts (from 38 candidates)
2026-02-19 12:46:22,032 - INFO - Vol targeting: rolling_vol=0.1968, scale=0.5000
2026-02-19 12:46:22,032 - INFO - PnL Net: -0.0047 | Scaled: -0.0023 | Turnover: 21.09% | Vol Scale: 0.50
2026-02-19 12:46:22,032 - INFO - 
============================================================
2026-02-19 12:46:22,032 - INFO - Running paper trading for 2025-04-16
2026-02-19 12:46:22,032 - INFO - ============================================================
2026-02-19 12:46:22,034 - INFO - Portfolio construction: 38 longs, 38 shorts (from 38 candidates)
2026-02-19 12:46:22,034 - INFO - Vol targeting: rolling_vol=0.1890, scale=0.5000
2026-02-19 12:46:22,034 - INFO - PnL Net: 0.0008 | Scaled: 0.0004 | Turnover: 21.09% | Vol Scale: 0.50
2026-02-19 12:46:22,034 - INFO - 
============================================================
2026-02-19 12:46:22,034 - INFO - Running paper trading for 2025-04-17
2026-02-19 12:46:22,034 - INFO - ============================================================
2026-02-19 12:46:22,036 - INFO - Portfolio construction: 38 longs, 38 shorts (from 38 candidates)
2026-02-19 12:46:22,036 - INFO - Vol targeting: rolling_vol=0.1826, scale=0.5000
2026-02-19 12:46:22,036 - INFO - PnL Net: -0.0068 | Scaled: -0.0034 | Turnover: 18.47% | Vol Scale: 0.50
2026-02-19 12:46:22,036 - INFO - 
============================================================
2026-02-19 12:46:22,036 - INFO - Running paper trading for 2025-04-21
2026-02-19 12:46:22,036 - INFO - ============================================================
2026-02-19 12:46:22,038 - INFO - Portfolio construction: 38 longs, 6 shorts (from 38 candidates)
2026-02-19 12:46:22,038 - INFO - Vol targeting: rolling_vol=0.1822, scale=0.5000
2026-02-19 12:46:22,038 - INFO - PnL Net: 0.0089 | Scaled: 0.0045 | Turnover: 17.46% | Vol Scale: 0.50
2026-02-19 12:46:22,038 - INFO - 
============================================================
2026-02-19 12:46:22,038 - INFO - Running paper trading for 2025-04-22
2026-02-19 12:46:22,038 - INFO - ============================================================
2026-02-19 12:46:22,038 - INFO - Portfolio construction: 38 longs, 38 shorts (from 38 candidates)
2026-02-19 12:46:22,038 - INFO - Vol targeting: rolling_vol=0.1783, scale=0.5000
2026-02-19 12:46:22,038 - INFO - PnL Net: 0.0053 | Scaled: 0.0027 | Turnover: 18.72% | Vol Scale: 0.50
2026-02-19 12:46:22,038 - INFO - 
============================================================
2026-02-19 12:46:22,040 - INFO - Running paper trading for 2025-04-23
2026-02-19 12:46:22,040 - INFO - ============================================================
2026-02-19 12:46:22,040 - INFO - Portfolio construction: 38 longs, 5 shorts (from 38 candidates)
2026-02-19 12:46:22,040 - INFO - Vol targeting: rolling_vol=0.1782, scale=0.5000
2026-02-19 12:46:22,040 - INFO - PnL Net: 0.0102 | Scaled: 0.0051 | Turnover: 20.73% | Vol Scale: 0.50
2026-02-19 12:46:22,040 - INFO - 
============================================================
2026-02-19 12:46:22,040 - INFO - Running paper trading for 2025-04-24
2026-02-19 12:46:22,040 - INFO - ============================================================
2026-02-19 12:46:22,040 - INFO - Portfolio construction: 38 longs, 38 shorts (from 38 candidates)
2026-02-19 12:46:22,042 - INFO - Vol targeting: rolling_vol=0.1730, scale=0.5000
2026-02-19 12:46:22,042 - INFO - PnL Net: 0.0011 | Scaled: 0.0006 | Turnover: 18.37% | Vol Scale: 0.50
2026-02-19 12:46:22,042 - INFO - 
============================================================
2026-02-19 12:46:22,042 - INFO - Running paper trading for 2025-04-25
2026-02-19 12:46:22,042 - INFO - ============================================================
2026-02-19 12:46:22,043 - INFO - Portfolio construction: 38 longs, 38 shorts (from 38 candidates)
2026-02-19 12:46:22,043 - INFO - Vol targeting: rolling_vol=0.1682, scale=0.5000
2026-02-19 12:46:22,043 - INFO - PnL Net: 0.0007 | Scaled: 0.0004 | Turnover: 23.46% | Vol Scale: 0.50
2026-02-19 12:46:22,043 - INFO - 
============================================================
2026-02-19 12:46:22,043 - INFO - Running paper trading for 2025-04-28
2026-02-19 12:46:22,043 - INFO - ============================================================
2026-02-19 12:46:22,045 - INFO - Portfolio construction: 38 longs, 38 shorts (from 38 candidates)
2026-02-19 12:46:22,045 - INFO - Vol targeting: rolling_vol=0.1639, scale=0.5000
2026-02-19 12:46:22,045 - INFO - PnL Net: 0.0018 | Scaled: 0.0009 | Turnover: 19.52% | Vol Scale: 0.50
2026-02-19 12:46:22,045 - INFO - 
============================================================
2026-02-19 12:46:22,045 - INFO - Running paper trading for 2025-04-29
2026-02-19 12:46:22,045 - INFO - ============================================================
2026-02-19 12:46:22,048 - INFO - Portfolio construction: 38 longs, 30 shorts (from 38 candidates)
2026-02-19 12:46:22,048 - INFO - Vol targeting: rolling_vol=0.1599, scale=0.5004
2026-02-19 12:46:22,048 - INFO - PnL Net: 0.0011 | Scaled: 0.0005 | Turnover: 16.79% | Vol Scale: 0.50
2026-02-19 12:46:22,048 - INFO - 
============================================================
2026-02-19 12:46:22,048 - INFO - Running paper trading for 2025-04-30
2026-02-19 12:46:22,048 - INFO - ============================================================
2026-02-19 12:46:22,048 - INFO - Portfolio construction: 38 longs, 38 shorts (from 38 candidates)
2026-02-19 12:46:22,049 - INFO - Vol targeting: rolling_vol=0.1596, scale=0.5012
2026-02-19 12:46:22,049 - INFO - PnL Net: 0.0014 | Scaled: 0.0007 | Turnover: 20.09% | Vol Scale: 0.50
2026-02-19 12:46:22,049 - INFO - 
============================================================
2026-02-19 12:46:22,049 - INFO - Running paper trading for 2025-05-01
2026-02-19 12:46:22,049 - INFO - ============================================================
2026-02-19 12:46:22,049 - INFO - Portfolio construction: 38 longs, 38 shorts (from 38 candidates)
2026-02-19 12:46:22,049 - INFO - Vol targeting: rolling_vol=0.1370, scale=0.5840
2026-02-19 12:46:22,049 - INFO - PnL Net: 0.0062 | Scaled: 0.0036 | Turnover: 17.98% | Vol Scale: 0.58
2026-02-19 12:46:22,049 - INFO - 
============================================================
2026-02-19 12:46:22,049 - INFO - Running paper trading for 2025-05-02
2026-02-19 12:46:22,049 - INFO - ============================================================
2026-02-19 12:46:22,051 - INFO - Portfolio construction: 38 longs, 13 shorts (from 38 candidates)
2026-02-19 12:46:22,051 - INFO - Vol targeting: rolling_vol=0.1119, scale=0.7149
2026-02-19 12:46:22,051 - INFO - PnL Net: -0.0011 | Scaled: -0.0008 | Turnover: 17.52% | Vol Scale: 0.71
2026-02-19 12:46:22,051 - INFO - 
============================================================
2026-02-19 12:46:22,051 - INFO - Running paper trading for 2025-05-05
2026-02-19 12:46:22,051 - INFO - ============================================================
2026-02-19 12:46:22,053 - INFO - Portfolio construction: 38 longs, 2 shorts (from 38 candidates)
2026-02-19 12:46:22,053 - INFO - Vol targeting: rolling_vol=0.1128, scale=0.7091
2026-02-19 12:46:22,053 - INFO - PnL Net: -0.0026 | Scaled: -0.0018 | Turnover: 19.38% | Vol Scale: 0.71
2026-02-19 12:46:22,053 - INFO - 
============================================================
2026-02-19 12:46:22,053 - INFO - Running paper trading for 2025-05-06
2026-02-19 12:46:22,053 - INFO - ============================================================
2026-02-19 12:46:22,055 - INFO - Portfolio construction: 38 longs, 33 shorts (from 38 candidates)
2026-02-19 12:46:22,055 - INFO - Vol targeting: rolling_vol=0.1115, scale=0.7177
2026-02-19 12:46:22,055 - INFO - PnL Net: 0.0026 | Scaled: 0.0019 | Turnover: 19.06% | Vol Scale: 0.72
2026-02-19 12:46:22,055 - INFO - 
============================================================
2026-02-19 12:46:22,055 - INFO - Running paper trading for 2025-05-07
2026-02-19 12:46:22,055 - INFO - ============================================================
2026-02-19 12:46:22,055 - INFO - Portfolio construction: 38 longs, 9 shorts (from 38 candidates)
2026-02-19 12:46:22,055 - INFO - Vol targeting: rolling_vol=0.0781, scale=1.0243
2026-02-19 12:46:22,057 - INFO - PnL Net: 0.0043 | Scaled: 0.0045 | Turnover: 18.97% | Vol Scale: 1.02
2026-02-19 12:46:22,057 - INFO - 
============================================================
2026-02-19 12:46:22,057 - INFO - Running paper trading for 2025-05-08
2026-02-19 12:46:22,057 - INFO - ============================================================
2026-02-19 12:46:22,058 - INFO - Portfolio construction: 38 longs, 10 shorts (from 38 candidates)
2026-02-19 12:46:22,058 - INFO - Vol targeting: rolling_vol=0.0656, scale=1.2200
2026-02-19 12:46:22,058 - INFO - PnL Net: -0.0009 | Scaled: -0.0012 | Turnover: 19.75% | Vol Scale: 1.22
2026-02-19 12:46:22,058 - INFO - 
============================================================
2026-02-19 12:46:22,058 - INFO - Running paper trading for 2025-05-09
2026-02-19 12:46:22,058 - INFO - ============================================================
2026-02-19 12:46:22,059 - INFO - Portfolio construction: 38 longs, 37 shorts (from 38 candidates)
2026-02-19 12:46:22,059 - INFO - Vol targeting: rolling_vol=0.0785, scale=1.0196
2026-02-19 12:46:22,059 - INFO - PnL Net: 0.0145 | Scaled: 0.0148 | Turnover: 18.03% | Vol Scale: 1.02
2026-02-19 12:46:22,059 - INFO - 
============================================================
2026-02-19 12:46:22,059 - INFO - Running paper trading for 2025-05-12
2026-02-19 12:46:22,059 - INFO - ============================================================
2026-02-19 12:46:22,061 - INFO - Portfolio construction: 38 longs, 38 shorts (from 38 candidates)
2026-02-19 12:46:22,061 - INFO - Vol targeting: rolling_vol=0.0804, scale=0.9956
2026-02-19 12:46:22,061 - INFO - PnL Net: 0.0074 | Scaled: 0.0074 | Turnover: 18.12% | Vol Scale: 1.00
2026-02-19 12:46:22,061 - INFO - 
============================================================
2026-02-19 12:46:22,061 - INFO - Running paper trading for 2025-05-13
2026-02-19 12:46:22,061 - INFO - ============================================================
2026-02-19 12:46:22,063 - INFO - Portfolio construction: 38 longs, 38 shorts (from 38 candidates)
2026-02-19 12:46:22,063 - INFO - Vol targeting: rolling_vol=0.0797, scale=1.0044
2026-02-19 12:46:22,063 - INFO - PnL Net: -0.0006 | Scaled: -0.0006 | Turnover: 21.90% | Vol Scale: 1.00
2026-02-19 12:46:22,063 - INFO - 
============================================================
2026-02-19 12:46:22,063 - INFO - Running paper trading for 2025-05-14
2026-02-19 12:46:22,063 - INFO - ============================================================
2026-02-19 12:46:22,063 - INFO - Portfolio construction: 38 longs, 38 shorts (from 38 candidates)
2026-02-19 12:46:22,063 - INFO - Vol targeting: rolling_vol=0.0757, scale=1.0562
2026-02-19 12:46:22,063 - INFO - PnL Net: 0.0052 | Scaled: 0.0055 | Turnover: 20.59% | Vol Scale: 1.06
2026-02-19 12:46:22,063 - INFO - 
============================================================
2026-02-19 12:46:22,065 - INFO - Running paper trading for 2025-05-15
2026-02-19 12:46:22,065 - INFO - ============================================================
2026-02-19 12:46:22,065 - INFO - Portfolio construction: 38 longs, 38 shorts (from 38 candidates)
2026-02-19 12:46:22,065 - INFO - Vol targeting: rolling_vol=0.0754, scale=1.0608
2026-02-19 12:46:22,065 - INFO - PnL Net: 0.0020 | Scaled: 0.0021 | Turnover: 19.63% | Vol Scale: 1.06
2026-02-19 12:46:22,065 - INFO - 
============================================================
2026-02-19 12:46:22,065 - INFO - Running paper trading for 2025-05-16
2026-02-19 12:46:22,065 - INFO - ============================================================
2026-02-19 12:46:22,067 - INFO - Portfolio construction: 38 longs, 38 shorts (from 38 candidates)
2026-02-19 12:46:22,068 - INFO - Vol targeting: rolling_vol=0.0684, scale=1.1703
2026-02-19 12:46:22,068 - INFO - PnL Net: -0.0013 | Scaled: -0.0015 | Turnover: 18.38% | Vol Scale: 1.17
2026-02-19 12:46:22,068 - INFO - 
============================================================
2026-02-19 12:46:22,068 - INFO - Running paper trading for 2025-05-19
2026-02-19 12:46:22,068 - INFO - ============================================================
2026-02-19 12:46:22,068 - INFO - Portfolio construction: 38 longs, 38 shorts (from 38 candidates)
2026-02-19 12:46:22,068 - INFO - Vol targeting: rolling_vol=0.0676, scale=1.1828
2026-02-19 12:46:22,068 - INFO - PnL Net: -0.0021 | Scaled: -0.0025 | Turnover: 16.36% | Vol Scale: 1.18
2026-02-19 12:46:22,068 - INFO - 
============================================================
2026-02-19 12:46:22,068 - INFO - Running paper trading for 2025-05-20
2026-02-19 12:46:22,070 - INFO - ============================================================
2026-02-19 12:46:22,070 - INFO - Portfolio construction: 38 longs, 38 shorts (from 38 candidates)
2026-02-19 12:46:22,070 - INFO - Vol targeting: rolling_vol=0.0748, scale=1.0691
2026-02-19 12:46:22,070 - INFO - PnL Net: -0.0070 | Scaled: -0.0075 | Turnover: 15.81% | Vol Scale: 1.07
2026-02-19 12:46:22,070 - INFO - 
============================================================
2026-02-19 12:46:22,070 - INFO - Running paper trading for 2025-05-21
2026-02-19 12:46:22,070 - INFO - ============================================================
2026-02-19 12:46:22,072 - INFO - Portfolio construction: 38 longs, 38 shorts (from 38 candidates)
2026-02-19 12:46:22,072 - INFO - Vol targeting: rolling_vol=0.0690, scale=1.1591
2026-02-19 12:46:22,072 - INFO - PnL Net: 0.0004 | Scaled: 0.0004 | Turnover: 19.34% | Vol Scale: 1.16
2026-02-19 12:46:22,072 - INFO - 
============================================================
2026-02-19 12:46:22,072 - INFO - Running paper trading for 2025-05-22
2026-02-19 12:46:22,072 - INFO - ============================================================
2026-02-19 12:46:22,072 - INFO - Portfolio construction: 38 longs, 32 shorts (from 38 candidates)
2026-02-19 12:46:22,074 - INFO - Vol targeting: rolling_vol=0.0706, scale=1.1324
2026-02-19 12:46:22,074 - INFO - PnL Net: -0.0027 | Scaled: -0.0031 | Turnover: 19.64% | Vol Scale: 1.13
2026-02-19 12:46:22,074 - INFO - 
============================================================
2026-02-19 12:46:22,074 - INFO - Running paper trading for 2025-05-23
2026-02-19 12:46:22,074 - INFO - ============================================================
2026-02-19 12:46:22,074 - INFO - Portfolio construction: 38 longs, 38 shorts (from 38 candidates)
2026-02-19 12:46:22,075 - INFO - Vol targeting: rolling_vol=0.0743, scale=1.0767
2026-02-19 12:46:22,075 - INFO - PnL Net: 0.0082 | Scaled: 0.0088 | Turnover: 19.52% | Vol Scale: 1.08
2026-02-19 12:46:22,075 - INFO - 
============================================================
2026-02-19 12:46:22,075 - INFO - Running paper trading for 2025-05-27
2026-02-19 12:46:22,075 - INFO - ============================================================
2026-02-19 12:46:22,075 - INFO - Portfolio construction: 38 longs, 38 shorts (from 38 candidates)
2026-02-19 12:46:22,078 - INFO - Vol targeting: rolling_vol=0.0756, scale=1.0588
2026-02-19 12:46:22,078 - INFO - PnL Net: -0.0021 | Scaled: -0.0022 | Turnover: 18.56% | Vol Scale: 1.06
2026-02-19 12:46:22,078 - INFO - 
============================================================
2026-02-19 12:46:22,078 - INFO - Running paper trading for 2025-05-28
2026-02-19 12:46:22,078 - INFO - ============================================================
2026-02-19 12:46:22,078 - INFO - Portfolio construction: 38 longs, 38 shorts (from 38 candidates)
2026-02-19 12:46:22,078 - INFO - Vol targeting: rolling_vol=0.0756, scale=1.0575
2026-02-19 12:46:22,078 - INFO - PnL Net: 0.0004 | Scaled: 0.0005 | Turnover: 16.29% | Vol Scale: 1.06
2026-02-19 12:46:22,078 - INFO - 
============================================================
2026-02-19 12:46:22,078 - INFO - Running paper trading for 2025-05-29
2026-02-19 12:46:22,080 - INFO - ============================================================
2026-02-19 12:46:22,080 - INFO - Portfolio construction: 38 longs, 38 shorts (from 38 candidates)
2026-02-19 12:46:22,080 - INFO - Vol targeting: rolling_vol=0.0762, scale=1.0504
2026-02-19 12:46:22,080 - INFO - PnL Net: -0.0009 | Scaled: -0.0010 | Turnover: 19.51% | Vol Scale: 1.05
2026-02-19 12:46:22,080 - INFO - 
============================================================
2026-02-19 12:46:22,080 - INFO - Running paper trading for 2025-05-30
2026-02-19 12:46:22,080 - INFO - ============================================================
2026-02-19 12:46:22,082 - INFO - Portfolio construction: 38 longs, 38 shorts (from 38 candidates)
2026-02-19 12:46:22,083 - INFO - Vol targeting: rolling_vol=0.0742, scale=1.0777
2026-02-19 12:46:22,083 - INFO - PnL Net: 0.0008 | Scaled: 0.0009 | Turnover: 21.02% | Vol Scale: 1.08
2026-02-19 12:46:22,083 - INFO - 
============================================================
2026-02-19 12:46:22,083 - INFO - Running paper trading for 2025-06-02
2026-02-19 12:46:22,083 - INFO - ============================================================
2026-02-19 12:46:22,083 - INFO - Portfolio construction: 38 longs, 38 shorts (from 38 candidates)
2026-02-19 12:46:22,083 - INFO - Vol targeting: rolling_vol=0.0737, scale=1.0849
2026-02-19 12:46:22,083 - INFO - PnL Net: 0.0011 | Scaled: 0.0012 | Turnover: 20.37% | Vol Scale: 1.08
2026-02-19 12:46:22,083 - INFO - 
============================================================
2026-02-19 12:46:22,083 - INFO - Running paper trading for 2025-06-03
2026-02-19 12:46:22,083 - INFO - ============================================================
2026-02-19 12:46:22,085 - INFO - Portfolio construction: 38 longs, 38 shorts (from 38 candidates)
2026-02-19 12:46:22,085 - INFO - Vol targeting: rolling_vol=0.0730, scale=1.0965
2026-02-19 12:46:22,085 - INFO - PnL Net: -0.0012 | Scaled: -0.0013 | Turnover: 18.45% | Vol Scale: 1.10
2026-02-19 12:46:22,085 - INFO - 
============================================================
2026-02-19 12:46:22,085 - INFO - Running paper trading for 2025-06-04
2026-02-19 12:46:22,085 - INFO - ============================================================
2026-02-19 12:46:22,087 - INFO - Portfolio construction: 38 longs, 38 shorts (from 38 candidates)
2026-02-19 12:46:22,087 - INFO - Vol targeting: rolling_vol=0.0730, scale=1.0962
2026-02-19 12:46:22,087 - INFO - PnL Net: -0.0000 | Scaled: -0.0000 | Turnover: 16.06% | Vol Scale: 1.10
2026-02-19 12:46:22,087 - INFO - 
============================================================
2026-02-19 12:46:22,087 - INFO - Running paper trading for 2025-06-05
2026-02-19 12:46:22,087 - INFO - ============================================================
2026-02-19 12:46:22,087 - INFO - Portfolio construction: 38 longs, 38 shorts (from 38 candidates)
2026-02-19 12:46:22,089 - INFO - Vol targeting: rolling_vol=0.0721, scale=1.1092
2026-02-19 12:46:22,089 - INFO - PnL Net: 0.0008 | Scaled: 0.0009 | Turnover: 17.46% | Vol Scale: 1.11
2026-02-19 12:46:22,089 - INFO - 
============================================================
2026-02-19 12:46:22,089 - INFO - Running paper trading for 2025-06-06
2026-02-19 12:46:22,089 - INFO - ============================================================
2026-02-19 12:46:22,089 - INFO - Portfolio construction: 38 longs, 38 shorts (from 38 candidates)
2026-02-19 12:46:22,089 - INFO - Vol targeting: rolling_vol=0.0728, scale=1.0986
2026-02-19 12:46:22,089 - INFO - PnL Net: -0.0024 | Scaled: -0.0026 | Turnover: 18.52% | Vol Scale: 1.10
2026-02-19 12:46:22,089 - INFO - 
============================================================
2026-02-19 12:46:22,089 - INFO - Running paper trading for 2025-06-09
2026-02-19 12:46:22,089 - INFO - ============================================================
2026-02-19 12:46:22,091 - INFO - Portfolio construction: 38 longs, 13 shorts (from 38 candidates)
2026-02-19 12:46:22,092 - INFO - Vol targeting: rolling_vol=0.0539, scale=1.4831
2026-02-19 12:46:22,092 - INFO - PnL Net: 0.0012 | Scaled: 0.0018 | Turnover: 20.04% | Vol Scale: 1.48
2026-02-19 12:46:22,092 - INFO - 
============================================================
2026-02-19 12:46:22,092 - INFO - Running paper trading for 2025-06-10
2026-02-19 12:46:22,092 - INFO - ============================================================
2026-02-19 12:46:22,092 - INFO - Portfolio construction: 38 longs, 6 shorts (from 38 candidates)
2026-02-19 12:46:22,092 - INFO - Vol targeting: rolling_vol=0.0476, scale=1.6799
2026-02-19 12:46:22,092 - INFO - PnL Net: -0.0013 | Scaled: -0.0021 | Turnover: 17.79% | Vol Scale: 1.68
2026-02-19 12:46:22,092 - INFO - 
============================================================
2026-02-19 12:46:22,092 - INFO - Running paper trading for 2025-06-11
2026-02-19 12:46:22,094 - INFO - ============================================================
2026-02-19 12:46:22,094 - INFO - Portfolio construction: 38 longs, 16 shorts (from 38 candidates)
2026-02-19 12:46:22,094 - INFO - Vol targeting: rolling_vol=0.0477, scale=1.6785
2026-02-19 12:46:22,094 - INFO - PnL Net: 0.0007 | Scaled: 0.0012 | Turnover: 18.77% | Vol Scale: 1.68
2026-02-19 12:46:22,094 - INFO - 
============================================================
2026-02-19 12:46:22,094 - INFO - Running paper trading for 2025-06-12
2026-02-19 12:46:22,094 - INFO - ============================================================
2026-02-19 12:46:22,096 - INFO - Portfolio construction: 38 longs, 38 shorts (from 38 candidates)
2026-02-19 12:46:22,096 - INFO - Vol targeting: rolling_vol=0.0449, scale=1.7832
2026-02-19 12:46:22,096 - INFO - PnL Net: -0.0033 | Scaled: -0.0058 | Turnover: 21.75% | Vol Scale: 1.78
2026-02-19 12:46:22,096 - INFO - 
============================================================
2026-02-19 12:46:22,096 - INFO - Running paper trading for 2025-06-13
2026-02-19 12:46:22,096 - INFO - ============================================================
2026-02-19 12:46:22,098 - INFO - Portfolio construction: 38 longs, 38 shorts (from 38 candidates)
2026-02-19 12:46:22,098 - INFO - Vol targeting: rolling_vol=0.0444, scale=1.8031
2026-02-19 12:46:22,098 - INFO - PnL Net: 0.0011 | Scaled: 0.0020 | Turnover: 18.70% | Vol Scale: 1.80
2026-02-19 12:46:22,098 - INFO - 
============================================================
2026-02-19 12:46:22,098 - INFO - Running paper trading for 2025-06-16
2026-02-19 12:46:22,098 - INFO - ============================================================
2026-02-19 12:46:22,099 - INFO - Portfolio construction: 38 longs, 38 shorts (from 38 candidates)
2026-02-19 12:46:22,099 - INFO - Vol targeting: rolling_vol=0.0455, scale=1.7575
2026-02-19 12:46:22,099 - INFO - PnL Net: -0.0035 | Scaled: -0.0061 | Turnover: 16.38% | Vol Scale: 1.76
2026-02-19 12:46:22,099 - INFO - 
============================================================
2026-02-19 12:46:22,099 - INFO - Running paper trading for 2025-06-17
2026-02-19 12:46:22,099 - INFO - ============================================================
2026-02-19 12:46:22,099 - INFO - Portfolio construction: 38 longs, 38 shorts (from 38 candidates)
2026-02-19 12:46:22,099 - INFO - Vol targeting: rolling_vol=0.0452, scale=1.7708
2026-02-19 12:46:22,099 - INFO - PnL Net: -0.0005 | Scaled: -0.0009 | Turnover: 17.30% | Vol Scale: 1.77
2026-02-19 12:46:22,101 - INFO - 
============================================================
2026-02-19 12:46:22,101 - INFO - Running paper trading for 2025-06-18
2026-02-19 12:46:22,101 - INFO - ============================================================
2026-02-19 12:46:22,102 - INFO - Portfolio construction: 38 longs, 38 shorts (from 38 candidates)
2026-02-19 12:46:22,102 - INFO - Vol targeting: rolling_vol=0.0385, scale=2.0000
2026-02-19 12:46:22,102 - INFO - PnL Net: 0.0001 | Scaled: 0.0003 | Turnover: 18.66% | Vol Scale: 2.00
2026-02-19 12:46:22,102 - INFO - 
============================================================
2026-02-19 12:46:22,102 - INFO - Running paper trading for 2025-06-20
2026-02-19 12:46:22,102 - INFO - ============================================================
2026-02-19 12:46:22,102 - INFO - Portfolio construction: 38 longs, 38 shorts (from 38 candidates)
2026-02-19 12:46:22,102 - INFO - Vol targeting: rolling_vol=0.0397, scale=2.0000
2026-02-19 12:46:22,102 - INFO - PnL Net: 0.0027 | Scaled: 0.0053 | Turnover: 20.03% | Vol Scale: 2.00
2026-02-19 12:46:22,104 - INFO - 
============================================================
2026-02-19 12:46:22,104 - INFO - Running paper trading for 2025-06-23
2026-02-19 12:46:22,104 - INFO - ============================================================
2026-02-19 12:46:22,104 - INFO - Portfolio construction: 38 longs, 38 shorts (from 38 candidates)
2026-02-19 12:46:22,104 - INFO - Vol targeting: rolling_vol=0.0406, scale=1.9706
2026-02-19 12:46:22,104 - INFO - PnL Net: 0.0039 | Scaled: 0.0076 | Turnover: 17.48% | Vol Scale: 1.97
2026-02-19 12:46:22,104 - INFO - 
============================================================
2026-02-19 12:46:22,104 - INFO - Running paper trading for 2025-06-24
2026-02-19 12:46:22,104 - INFO - ============================================================
2026-02-19 12:46:22,106 - INFO - Portfolio construction: 38 longs, 38 shorts (from 38 candidates)
2026-02-19 12:46:22,106 - INFO - Vol targeting: rolling_vol=0.0294, scale=2.0000
2026-02-19 12:46:22,106 - INFO - PnL Net: -0.0021 | Scaled: -0.0042 | Turnover: 18.08% | Vol Scale: 2.00
2026-02-19 12:46:22,106 - INFO - 
============================================================
2026-02-19 12:46:22,106 - INFO - Running paper trading for 2025-06-25
2026-02-19 12:46:22,106 - INFO - ============================================================
2026-02-19 12:46:22,111 - INFO - Portfolio construction: 38 longs, 38 shorts (from 38 candidates)
2026-02-19 12:46:22,111 - INFO - Vol targeting: rolling_vol=0.0295, scale=2.0000
2026-02-19 12:46:22,111 - INFO - PnL Net: 0.0019 | Scaled: 0.0038 | Turnover: 17.90% | Vol Scale: 2.00
2026-02-19 12:46:22,111 - INFO - 
============================================================
2026-02-19 12:46:22,111 - INFO - Running paper trading for 2025-06-26
2026-02-19 12:46:22,111 - INFO - ============================================================
2026-02-19 12:46:22,113 - INFO - Portfolio construction: 38 longs, 38 shorts (from 38 candidates)
2026-02-19 12:46:22,113 - INFO - Vol targeting: rolling_vol=0.0299, scale=2.0000
2026-02-19 12:46:22,113 - INFO - PnL Net: 0.0015 | Scaled: 0.0029 | Turnover: 17.70% | Vol Scale: 2.00
2026-02-19 12:46:22,113 - INFO - 
============================================================
2026-02-19 12:46:22,113 - INFO - Running paper trading for 2025-06-27
2026-02-19 12:46:22,113 - INFO - ============================================================
2026-02-19 12:46:22,115 - INFO - Portfolio construction: 38 longs, 38 shorts (from 38 candidates)
2026-02-19 12:46:22,115 - INFO - Vol targeting: rolling_vol=0.0300, scale=2.0000
2026-02-19 12:46:22,115 - INFO - PnL Net: 0.0013 | Scaled: 0.0025 | Turnover: 16.45% | Vol Scale: 2.00
2026-02-19 12:46:22,115 - INFO - 
============================================================
2026-02-19 12:46:22,115 - INFO - Running paper trading for 2025-06-30
2026-02-19 12:46:22,115 - INFO - ============================================================
2026-02-19 12:46:22,115 - INFO - Portfolio construction: 38 longs, 38 shorts (from 38 candidates)
2026-02-19 12:46:22,115 - INFO - Vol targeting: rolling_vol=0.0351, scale=2.0000
2026-02-19 12:46:22,115 - INFO - PnL Net: 0.0055 | Scaled: 0.0109 | Turnover: 17.10% | Vol Scale: 2.00
2026-02-19 12:46:22,117 - INFO - 
============================================================
2026-02-19 12:46:22,117 - INFO - Running paper trading for 2025-07-01
2026-02-19 12:46:22,117 - INFO - ============================================================
2026-02-19 12:46:22,117 - INFO - Portfolio construction: 38 longs, 38 shorts (from 38 candidates)
2026-02-19 12:46:22,117 - INFO - Vol targeting: rolling_vol=0.0352, scale=2.0000
2026-02-19 12:46:22,117 - INFO - PnL Net: 0.0013 | Scaled: 0.0026 | Turnover: 15.04% | Vol Scale: 2.00
2026-02-19 12:46:22,117 - INFO - 
============================================================
2026-02-19 12:46:22,117 - INFO - Running paper trading for 2025-07-02
2026-02-19 12:46:22,117 - INFO - ============================================================
2026-02-19 12:46:22,119 - INFO - Portfolio construction: 38 longs, 38 shorts (from 38 candidates)
2026-02-19 12:46:22,119 - INFO - Vol targeting: rolling_vol=0.0349, scale=2.0000
2026-02-19 12:46:22,119 - INFO - PnL Net: 0.0014 | Scaled: 0.0028 | Turnover: 12.74% | Vol Scale: 2.00
2026-02-19 12:46:22,119 - INFO - 
============================================================
2026-02-19 12:46:22,119 - INFO - Running paper trading for 2025-07-03
2026-02-19 12:46:22,119 - INFO - ============================================================
2026-02-19 12:46:22,121 - INFO - Portfolio construction: 38 longs, 38 shorts (from 38 candidates)
2026-02-19 12:46:22,121 - INFO - Vol targeting: rolling_vol=0.0371, scale=2.0000
2026-02-19 12:46:22,121 - INFO - PnL Net: -0.0032 | Scaled: -0.0063 | Turnover: 11.38% | Vol Scale: 2.00
2026-02-19 12:46:22,121 - INFO - 
============================================================
2026-02-19 12:46:22,121 - INFO - Running paper trading for 2025-07-07
2026-02-19 12:46:22,121 - INFO - ============================================================
2026-02-19 12:46:22,121 - INFO - Portfolio construction: 38 longs, 38 shorts (from 38 candidates)
2026-02-19 12:46:22,121 - INFO - Vol targeting: rolling_vol=0.0371, scale=2.0000
2026-02-19 12:46:22,121 - INFO - PnL Net: 0.0005 | Scaled: 0.0010 | Turnover: 10.84% | Vol Scale: 2.00
2026-02-19 12:46:22,121 - INFO - 
============================================================
2026-02-19 12:46:22,121 - INFO - Running paper trading for 2025-07-08
2026-02-19 12:46:22,123 - INFO - ============================================================
2026-02-19 12:46:22,123 - INFO - Portfolio construction: 38 longs, 38 shorts (from 38 candidates)
2026-02-19 12:46:22,124 - INFO - Vol targeting: rolling_vol=0.0357, scale=2.0000
2026-02-19 12:46:22,124 - INFO - PnL Net: 0.0009 | Scaled: 0.0019 | Turnover: 18.35% | Vol Scale: 2.00
2026-02-19 12:46:22,124 - INFO - 
============================================================
2026-02-19 12:46:22,124 - INFO - Running paper trading for 2025-07-09
2026-02-19 12:46:22,124 - INFO - ============================================================
2026-02-19 12:46:22,125 - INFO - Portfolio construction: 38 longs, 38 shorts (from 38 candidates)
2026-02-19 12:46:22,125 - INFO - Vol targeting: rolling_vol=0.0364, scale=2.0000
2026-02-19 12:46:22,126 - INFO - PnL Net: 0.0026 | Scaled: 0.0053 | Turnover: 19.70% | Vol Scale: 2.00
2026-02-19 12:46:22,126 - INFO - 
============================================================
2026-02-19 12:46:22,126 - INFO - Running paper trading for 2025-07-10
2026-02-19 12:46:22,126 - INFO - ============================================================
2026-02-19 12:46:22,127 - INFO - Portfolio construction: 38 longs, 12 shorts (from 38 candidates)
2026-02-19 12:46:22,127 - INFO - Vol targeting: rolling_vol=0.0379, scale=2.0000
2026-02-19 12:46:22,127 - INFO - PnL Net: -0.0029 | Scaled: -0.0058 | Turnover: 19.47% | Vol Scale: 2.00
2026-02-19 12:46:22,127 - INFO - 
============================================================
2026-02-19 12:46:22,127 - INFO - Running paper trading for 2025-07-11
2026-02-19 12:46:22,127 - INFO - ============================================================
2026-02-19 12:46:22,129 - INFO - Portfolio construction: 38 longs, 26 shorts (from 38 candidates)
2026-02-19 12:46:22,130 - INFO - Vol targeting: rolling_vol=0.0382, scale=2.0000
2026-02-19 12:46:22,130 - INFO - PnL Net: -0.0008 | Scaled: -0.0016 | Turnover: 19.00% | Vol Scale: 2.00
2026-02-19 12:46:22,130 - INFO - 
============================================================
2026-02-19 12:46:22,130 - INFO - Running paper trading for 2025-07-14
2026-02-19 12:46:22,130 - INFO - ============================================================
2026-02-19 12:46:22,133 - INFO - Portfolio construction: 38 longs, 38 shorts (from 38 candidates)
2026-02-19 12:46:22,133 - INFO - Vol targeting: rolling_vol=0.0411, scale=1.9456
2026-02-19 12:46:22,133 - INFO - PnL Net: -0.0053 | Scaled: -0.0103 | Turnover: 18.01% | Vol Scale: 1.95
2026-02-19 12:46:22,133 - INFO - 
============================================================
2026-02-19 12:46:22,133 - INFO - Running paper trading for 2025-07-15
2026-02-19 12:46:22,133 - INFO - ============================================================
2026-02-19 12:46:22,134 - INFO - Portfolio construction: 38 longs, 24 shorts (from 38 candidates)
2026-02-19 12:46:22,135 - INFO - Vol targeting: rolling_vol=0.0411, scale=1.9452
2026-02-19 12:46:22,135 - INFO - PnL Net: 0.0011 | Scaled: 0.0022 | Turnover: 17.80% | Vol Scale: 1.95
2026-02-19 12:46:22,135 - INFO - 
============================================================
2026-02-19 12:46:22,135 - INFO - Running paper trading for 2025-07-16
2026-02-19 12:46:22,135 - INFO - ============================================================
2026-02-19 12:46:22,136 - INFO - Portfolio construction: 38 longs, 4 shorts (from 38 candidates)
2026-02-19 12:46:22,137 - INFO - Vol targeting: rolling_vol=0.0400, scale=1.9977
2026-02-19 12:46:22,137 - INFO - PnL Net: 0.0035 | Scaled: 0.0070 | Turnover: 18.83% | Vol Scale: 2.00
2026-02-19 12:46:22,137 - INFO - 
============================================================
2026-02-19 12:46:22,137 - INFO - Running paper trading for 2025-07-17
2026-02-19 12:46:22,137 - INFO - ============================================================
2026-02-19 12:46:22,138 - INFO - Portfolio construction: 38 longs, 38 shorts (from 38 candidates)
2026-02-19 12:46:22,138 - INFO - Vol targeting: rolling_vol=0.0400, scale=2.0000
2026-02-19 12:46:22,138 - INFO - PnL Net: -0.0003 | Scaled: -0.0006 | Turnover: 20.65% | Vol Scale: 2.00
2026-02-19 12:46:22,138 - INFO - 
============================================================
2026-02-19 12:46:22,138 - INFO - Running paper trading for 2025-07-18
2026-02-19 12:46:22,140 - INFO - ============================================================
2026-02-19 12:46:22,141 - INFO - Portfolio construction: 38 longs, 38 shorts (from 38 candidates)
2026-02-19 12:46:22,141 - INFO - Vol targeting: rolling_vol=0.0407, scale=1.9646
2026-02-19 12:46:22,141 - INFO - PnL Net: -0.0016 | Scaled: -0.0032 | Turnover: 22.59% | Vol Scale: 1.96
2026-02-19 12:46:22,141 - INFO - 
============================================================
2026-02-19 12:46:22,142 - INFO - Running paper trading for 2025-07-21
2026-02-19 12:46:22,142 - INFO - ============================================================
2026-02-19 12:46:22,143 - INFO - Portfolio construction: 38 longs, 38 shorts (from 38 candidates)
2026-02-19 12:46:22,143 - INFO - Vol targeting: rolling_vol=0.0456, scale=1.7529
2026-02-19 12:46:22,143 - INFO - PnL Net: 0.0068 | Scaled: 0.0120 | Turnover: 18.81% | Vol Scale: 1.75
2026-02-19 12:46:22,143 - INFO - 
============================================================
2026-02-19 12:46:22,143 - INFO - Running paper trading for 2025-07-22
2026-02-19 12:46:22,143 - INFO - ============================================================
2026-02-19 12:46:22,144 - INFO - Portfolio construction: 38 longs, 38 shorts (from 38 candidates)
2026-02-19 12:46:22,144 - INFO - Vol targeting: rolling_vol=0.0446, scale=1.7927
2026-02-19 12:46:22,145 - INFO - PnL Net: 0.0023 | Scaled: 0.0041 | Turnover: 18.89% | Vol Scale: 1.79
2026-02-19 12:46:22,145 - INFO - 
============================================================
2026-02-19 12:46:22,145 - INFO - Running paper trading for 2025-07-23
2026-02-19 12:46:22,145 - INFO - ============================================================
2026-02-19 12:46:22,146 - INFO - Portfolio construction: 38 longs, 38 shorts (from 38 candidates)
2026-02-19 12:46:22,146 - INFO - Vol targeting: rolling_vol=0.0451, scale=1.7756
2026-02-19 12:46:22,146 - INFO - PnL Net: -0.0026 | Scaled: -0.0046 | Turnover: 15.52% | Vol Scale: 1.78
2026-02-19 12:46:22,146 - INFO - 
============================================================
2026-02-19 12:46:22,146 - INFO - Running paper trading for 2025-07-24
2026-02-19 12:46:22,146 - INFO - ============================================================
2026-02-19 12:46:22,147 - INFO - Portfolio construction: 38 longs, 38 shorts (from 38 candidates)
2026-02-19 12:46:22,148 - INFO - Vol targeting: rolling_vol=0.0449, scale=1.7834
2026-02-19 12:46:22,148 - INFO - PnL Net: 0.0011 | Scaled: 0.0019 | Turnover: 15.70% | Vol Scale: 1.78
2026-02-19 12:46:22,148 - INFO - 
============================================================
2026-02-19 12:46:22,148 - INFO - Running paper trading for 2025-07-25
2026-02-19 12:46:22,148 - INFO - ============================================================
2026-02-19 12:46:22,149 - INFO - Portfolio construction: 38 longs, 38 shorts (from 38 candidates)
2026-02-19 12:46:22,149 - INFO - Vol targeting: rolling_vol=0.0465, scale=1.7198
2026-02-19 12:46:22,149 - INFO - PnL Net: -0.0031 | Scaled: -0.0052 | Turnover: 16.41% | Vol Scale: 1.72
2026-02-19 12:46:22,149 - INFO - 
============================================================
2026-02-19 12:46:22,149 - INFO - Running paper trading for 2025-07-28
2026-02-19 12:46:22,149 - INFO - ============================================================
2026-02-19 12:46:22,150 - INFO - Portfolio construction: 38 longs, 38 shorts (from 38 candidates)
2026-02-19 12:46:22,151 - INFO - Vol targeting: rolling_vol=0.0474, scale=1.6862
2026-02-19 12:46:22,151 - INFO - PnL Net: -0.0025 | Scaled: -0.0041 | Turnover: 18.54% | Vol Scale: 1.69
2026-02-19 12:46:22,151 - INFO - 
============================================================
2026-02-19 12:46:22,151 - INFO - Running paper trading for 2025-07-29
2026-02-19 12:46:22,151 - INFO - ============================================================
2026-02-19 12:46:22,152 - INFO - Portfolio construction: 38 longs, 38 shorts (from 38 candidates)
2026-02-19 12:46:22,152 - INFO - Vol targeting: rolling_vol=0.0445, scale=1.7974
2026-02-19 12:46:22,152 - INFO - PnL Net: -0.0028 | Scaled: -0.0050 | Turnover: 17.07% | Vol Scale: 1.80
2026-02-19 12:46:22,152 - INFO - 
============================================================
2026-02-19 12:46:22,152 - INFO - Running paper trading for 2025-07-30
2026-02-19 12:46:22,152 - INFO - ============================================================
2026-02-19 12:46:22,153 - INFO - Portfolio construction: 38 longs, 38 shorts (from 38 candidates)
2026-02-19 12:46:22,153 - INFO - Vol targeting: rolling_vol=0.0463, scale=1.7283
2026-02-19 12:46:22,154 - INFO - PnL Net: -0.0042 | Scaled: -0.0073 | Turnover: 18.97% | Vol Scale: 1.73
2026-02-19 12:46:22,154 - INFO - 
============================================================
2026-02-19 12:46:22,154 - INFO - Running paper trading for 2025-07-31
2026-02-19 12:46:22,154 - INFO - ============================================================
2026-02-19 12:46:22,155 - INFO - Portfolio construction: 38 longs, 38 shorts (from 38 candidates)
2026-02-19 12:46:22,155 - INFO - Vol targeting: rolling_vol=0.0470, scale=1.7007
2026-02-19 12:46:22,155 - INFO - PnL Net: -0.0036 | Scaled: -0.0062 | Turnover: 19.57% | Vol Scale: 1.70
2026-02-19 12:46:22,155 - INFO - 
============================================================
2026-02-19 12:46:22,155 - INFO - Running paper trading for 2025-08-01
2026-02-19 12:46:22,156 - INFO - ============================================================
2026-02-19 12:46:22,157 - INFO - Portfolio construction: 38 longs, 6 shorts (from 38 candidates)
2026-02-19 12:46:22,157 - INFO - Vol targeting: rolling_vol=0.0468, scale=1.7092
2026-02-19 12:46:22,157 - INFO - PnL Net: 0.0016 | Scaled: 0.0028 | Turnover: 18.75% | Vol Scale: 1.71
2026-02-19 12:46:22,157 - INFO - 
============================================================
2026-02-19 12:46:22,157 - INFO - Running paper trading for 2025-08-04
2026-02-19 12:46:22,157 - INFO - ============================================================
2026-02-19 12:46:22,158 - INFO - Portfolio construction: 38 longs, 5 shorts (from 38 candidates)
2026-02-19 12:46:22,158 - INFO - Vol targeting: rolling_vol=0.0486, scale=1.6467
2026-02-19 12:46:22,158 - INFO - PnL Net: 0.0034 | Scaled: 0.0056 | Turnover: 20.03% | Vol Scale: 1.65
2026-02-19 12:46:22,158 - INFO - 
============================================================
2026-02-19 12:46:22,159 - INFO - Running paper trading for 2025-08-05
2026-02-19 12:46:22,159 - INFO - ============================================================
2026-02-19 12:46:22,160 - INFO - Portfolio construction: 38 longs, 37 shorts (from 38 candidates)
2026-02-19 12:46:22,160 - INFO - Vol targeting: rolling_vol=0.0485, scale=1.6507
2026-02-19 12:46:22,160 - INFO - PnL Net: -0.0013 | Scaled: -0.0021 | Turnover: 19.43% | Vol Scale: 1.65
2026-02-19 12:46:22,160 - INFO - 
============================================================
2026-02-19 12:46:22,160 - INFO - Running paper trading for 2025-08-06
2026-02-19 12:46:22,160 - INFO - ============================================================
2026-02-19 12:46:22,162 - INFO - Portfolio construction: 38 longs, 38 shorts (from 38 candidates)
2026-02-19 12:46:22,162 - INFO - Vol targeting: rolling_vol=0.0472, scale=1.6961
2026-02-19 12:46:22,162 - INFO - PnL Net: -0.0009 | Scaled: -0.0016 | Turnover: 18.13% | Vol Scale: 1.70
2026-02-19 12:46:22,162 - INFO - 
============================================================
2026-02-19 12:46:22,162 - INFO - Running paper trading for 2025-08-07
2026-02-19 12:46:22,162 - INFO - ============================================================
2026-02-19 12:46:22,163 - INFO - Portfolio construction: 38 longs, 7 shorts (from 38 candidates)
2026-02-19 12:46:22,164 - INFO - Vol targeting: rolling_vol=0.0466, scale=1.7164
2026-02-19 12:46:22,164 - INFO - PnL Net: 0.0008 | Scaled: 0.0013 | Turnover: 20.31% | Vol Scale: 1.72
2026-02-19 12:46:22,164 - INFO - 
============================================================
2026-02-19 12:46:22,164 - INFO - Running paper trading for 2025-08-08
2026-02-19 12:46:22,164 - INFO - ============================================================
2026-02-19 12:46:22,165 - INFO - Portfolio construction: 38 longs, 8 shorts (from 38 candidates)
2026-02-19 12:46:22,165 - INFO - Vol targeting: rolling_vol=0.0467, scale=1.7135
2026-02-19 12:46:22,165 - WARNING - KS3 TRIGGERED: 60-day Sharpe -0.0651 < 0
2026-02-19 12:46:22,165 - INFO - PnL Net: -0.0013 | Scaled: -0.0022 | Turnover: 18.30% | Vol Scale: 1.71
2026-02-19 12:46:22,165 - INFO - 
============================================================
2026-02-19 12:46:22,165 - INFO - Running paper trading for 2025-08-11
2026-02-19 12:46:22,165 - INFO - ============================================================
2026-02-19 12:46:22,166 - INFO - Portfolio construction: 38 longs, 38 shorts (from 38 candidates)
2026-02-19 12:46:22,166 - INFO - Vol targeting: rolling_vol=0.0479, scale=1.6690
2026-02-19 12:46:22,166 - WARNING - KS3 TRIGGERED: 60-day Sharpe -0.0144 < 0
2026-02-19 12:46:22,166 - INFO - PnL Net: 0.0058 | Scaled: 0.0096 | Turnover: 15.45% | Vol Scale: 1.67
2026-02-19 12:46:22,166 - INFO - 
============================================================
2026-02-19 12:46:22,166 - INFO - Running paper trading for 2025-08-12
2026-02-19 12:46:22,166 - INFO - ============================================================
2026-02-19 12:46:22,167 - INFO - Portfolio construction: 38 longs, 38 shorts (from 38 candidates)
2026-02-19 12:46:22,168 - INFO - Vol targeting: rolling_vol=0.0574, scale=1.3933
2026-02-19 12:46:22,168 - INFO - PnL Net: 0.0093 | Scaled: 0.0129 | Turnover: 15.64% | Vol Scale: 1.39
2026-02-19 12:46:22,168 - INFO - 
============================================================
2026-02-19 12:46:22,168 - INFO - Running paper trading for 2025-08-13
2026-02-19 12:46:22,168 - INFO - ============================================================
2026-02-19 12:46:22,169 - INFO - Portfolio construction: 38 longs, 38 shorts (from 38 candidates)
2026-02-19 12:46:22,169 - INFO - Vol targeting: rolling_vol=0.0564, scale=1.4186
2026-02-19 12:46:22,169 - INFO - PnL Net: 0.0002 | Scaled: 0.0003 | Turnover: 20.87% | Vol Scale: 1.42
2026-02-19 12:46:22,169 - INFO - 
============================================================
2026-02-19 12:46:22,169 - INFO - Running paper trading for 2025-08-14
2026-02-19 12:46:22,169 - INFO - ============================================================
2026-02-19 12:46:22,171 - INFO - Portfolio construction: 38 longs, 38 shorts (from 38 candidates)
2026-02-19 12:46:22,171 - INFO - Vol targeting: rolling_vol=0.0564, scale=1.4190
2026-02-19 12:46:22,172 - INFO - PnL Net: 0.0010 | Scaled: 0.0014 | Turnover: 18.05% | Vol Scale: 1.42
2026-02-19 12:46:22,172 - INFO - 
============================================================
2026-02-19 12:46:22,172 - INFO - Running paper trading for 2025-08-15
2026-02-19 12:46:22,172 - INFO - ============================================================
2026-02-19 12:46:22,173 - INFO - Portfolio construction: 38 longs, 38 shorts (from 38 candidates)
2026-02-19 12:46:22,173 - INFO - Vol targeting: rolling_vol=0.0559, scale=1.4310
2026-02-19 12:46:22,173 - INFO - PnL Net: 0.0002 | Scaled: 0.0003 | Turnover: 19.70% | Vol Scale: 1.43
2026-02-19 12:46:22,173 - INFO - 
============================================================
2026-02-19 12:46:22,174 - INFO - Running paper trading for 2025-08-18
2026-02-19 12:46:22,174 - INFO - ============================================================
2026-02-19 12:46:22,175 - INFO - Portfolio construction: 38 longs, 38 shorts (from 38 candidates)
2026-02-19 12:46:22,175 - INFO - Vol targeting: rolling_vol=0.0515, scale=1.5525
2026-02-19 12:46:22,175 - INFO - PnL Net: 0.0024 | Scaled: 0.0038 | Turnover: 18.09% | Vol Scale: 1.55
2026-02-19 12:46:22,175 - INFO - 
============================================================
2026-02-19 12:46:22,175 - INFO - Running paper trading for 2025-08-19
2026-02-19 12:46:22,175 - INFO - ============================================================
2026-02-19 12:46:22,176 - INFO - Portfolio construction: 38 longs, 38 shorts (from 38 candidates)
2026-02-19 12:46:22,176 - INFO - Vol targeting: rolling_vol=0.0516, scale=1.5515
2026-02-19 12:46:22,177 - INFO - PnL Net: -0.0020 | Scaled: -0.0031 | Turnover: 16.60% | Vol Scale: 1.55
2026-02-19 12:46:22,177 - INFO - 
============================================================
2026-02-19 12:46:22,177 - INFO - Running paper trading for 2025-08-20
2026-02-19 12:46:22,177 - INFO - ============================================================
2026-02-19 12:46:22,177 - INFO - Portfolio construction: 38 longs, 38 shorts (from 38 candidates)
2026-02-19 12:46:22,178 - INFO - Vol targeting: rolling_vol=0.0510, scale=1.5694
2026-02-19 12:46:22,178 - INFO - PnL Net: -0.0015 | Scaled: -0.0024 | Turnover: 15.21% | Vol Scale: 1.57
2026-02-19 12:46:22,178 - INFO - 
============================================================
2026-02-19 12:46:22,178 - INFO - Running paper trading for 2025-08-21
2026-02-19 12:46:22,178 - INFO - ============================================================
2026-02-19 12:46:22,179 - INFO - Portfolio construction: 38 longs, 38 shorts (from 38 candidates)
2026-02-19 12:46:22,179 - INFO - Vol targeting: rolling_vol=0.0594, scale=1.3476
2026-02-19 12:46:22,179 - INFO - PnL Net: 0.0089 | Scaled: 0.0120 | Turnover: 16.82% | Vol Scale: 1.35
2026-02-19 12:46:22,180 - INFO - 
============================================================
2026-02-19 12:46:22,180 - INFO - Running paper trading for 2025-08-22
2026-02-19 12:46:22,180 - INFO - ============================================================
2026-02-19 12:46:22,180 - INFO - Portfolio construction: 38 longs, 38 shorts (from 38 candidates)
2026-02-19 12:46:22,180 - INFO - Vol targeting: rolling_vol=0.0605, scale=1.3221
2026-02-19 12:46:22,182 - INFO - PnL Net: -0.0044 | Scaled: -0.0058 | Turnover: 15.55% | Vol Scale: 1.32
2026-02-19 12:46:22,182 - INFO - 
============================================================
2026-02-19 12:46:22,182 - INFO - Running paper trading for 2025-08-25
2026-02-19 12:46:22,182 - INFO - ============================================================
2026-02-19 12:46:22,183 - INFO - Portfolio construction: 38 longs, 38 shorts (from 38 candidates)
2026-02-19 12:46:22,183 - INFO - Vol targeting: rolling_vol=0.0596, scale=1.3428
2026-02-19 12:46:22,183 - INFO - PnL Net: 0.0005 | Scaled: 0.0007 | Turnover: 15.86% | Vol Scale: 1.34
2026-02-19 12:46:22,183 - INFO - 
============================================================
2026-02-19 12:46:22,183 - INFO - Running paper trading for 2025-08-26
2026-02-19 12:46:22,183 - INFO - ============================================================
2026-02-19 12:46:22,184 - INFO - Portfolio construction: 38 longs, 38 shorts (from 38 candidates)
2026-02-19 12:46:22,184 - INFO - Vol targeting: rolling_vol=0.0583, scale=1.3725
2026-02-19 12:46:22,184 - INFO - PnL Net: 0.0005 | Scaled: 0.0007 | Turnover: 17.06% | Vol Scale: 1.37
2026-02-19 12:46:22,184 - INFO - 
============================================================
2026-02-19 12:46:22,184 - INFO - Running paper trading for 2025-08-27
2026-02-19 12:46:22,184 - INFO - ============================================================
2026-02-19 12:46:22,185 - INFO - Portfolio construction: 38 longs, 38 shorts (from 38 candidates)
2026-02-19 12:46:22,185 - INFO - Vol targeting: rolling_vol=0.0555, scale=1.4411
2026-02-19 12:46:22,186 - INFO - PnL Net: -0.0002 | Scaled: -0.0002 | Turnover: 17.80% | Vol Scale: 1.44
2026-02-19 12:46:22,186 - INFO - 
============================================================
2026-02-19 12:46:22,186 - INFO - Running paper trading for 2025-08-28
2026-02-19 12:46:22,186 - INFO - ============================================================
2026-02-19 12:46:22,187 - INFO - Portfolio construction: 38 longs, 38 shorts (from 38 candidates)
2026-02-19 12:46:22,187 - INFO - Vol targeting: rolling_vol=0.0530, scale=1.5091
2026-02-19 12:46:22,188 - INFO - PnL Net: 0.0003 | Scaled: 0.0004 | Turnover: 19.25% | Vol Scale: 1.51
2026-02-19 12:46:22,188 - INFO - 
============================================================
2026-02-19 12:46:22,188 - INFO - Running paper trading for 2025-08-29
2026-02-19 12:46:22,188 - INFO - ============================================================
2026-02-19 12:46:22,189 - INFO - Portfolio construction: 38 longs, 38 shorts (from 38 candidates)
2026-02-19 12:46:22,189 - INFO - Vol targeting: rolling_vol=0.0539, scale=1.4841
2026-02-19 12:46:22,189 - INFO - PnL Net: -0.0017 | Scaled: -0.0026 | Turnover: 15.06% | Vol Scale: 1.48
2026-02-19 12:46:22,189 - INFO - 
============================================================
2026-02-19 12:46:22,189 - INFO - Running paper trading for 2025-09-02
2026-02-19 12:46:22,189 - INFO - ============================================================
2026-02-19 12:46:22,190 - INFO - Portfolio construction: 38 longs, 38 shorts (from 38 candidates)
2026-02-19 12:46:22,190 - INFO - Vol targeting: rolling_vol=0.0542, scale=1.4760
2026-02-19 12:46:22,190 - INFO - PnL Net: -0.0021 | Scaled: -0.0031 | Turnover: 18.16% | Vol Scale: 1.48
2026-02-19 12:46:22,190 - INFO - 
============================================================
2026-02-19 12:46:22,190 - INFO - Running paper trading for 2025-09-03
2026-02-19 12:46:22,190 - INFO - ============================================================
2026-02-19 12:46:22,192 - INFO - Portfolio construction: 38 longs, 38 shorts (from 38 candidates)
2026-02-19 12:46:22,193 - INFO - Vol targeting: rolling_vol=0.0537, scale=1.4886
2026-02-19 12:46:22,193 - INFO - PnL Net: 0.0013 | Scaled: 0.0020 | Turnover: 17.78% | Vol Scale: 1.49
2026-02-19 12:46:22,193 - INFO - 
============================================================
2026-02-19 12:46:22,193 - INFO - Running paper trading for 2025-09-04
2026-02-19 12:46:22,193 - INFO - ============================================================
2026-02-19 12:46:22,194 - INFO - Portfolio construction: 38 longs, 38 shorts (from 38 candidates)
2026-02-19 12:46:22,194 - INFO - Vol targeting: rolling_vol=0.0534, scale=1.4994
2026-02-19 12:46:22,194 - INFO - PnL Net: 0.0012 | Scaled: 0.0019 | Turnover: 17.33% | Vol Scale: 1.50
2026-02-19 12:46:22,195 - INFO - 
============================================================
2026-02-19 12:46:22,195 - INFO - Running paper trading for 2025-09-05
2026-02-19 12:46:22,195 - INFO - ============================================================
2026-02-19 12:46:22,196 - INFO - Portfolio construction: 38 longs, 38 shorts (from 38 candidates)
2026-02-19 12:46:22,196 - INFO - Vol targeting: rolling_vol=0.0539, scale=1.4842
2026-02-19 12:46:22,196 - INFO - PnL Net: -0.0013 | Scaled: -0.0019 | Turnover: 20.00% | Vol Scale: 1.48
2026-02-19 12:46:22,196 - INFO - 
============================================================
2026-02-19 12:46:22,196 - INFO - Running paper trading for 2025-09-08
2026-02-19 12:46:22,196 - INFO - ============================================================
2026-02-19 12:46:22,197 - INFO - Portfolio construction: 38 longs, 38 shorts (from 38 candidates)
2026-02-19 12:46:22,197 - INFO - Vol targeting: rolling_vol=0.0535, scale=1.4949
2026-02-19 12:46:22,197 - INFO - PnL Net: -0.0003 | Scaled: -0.0004 | Turnover: 16.66% | Vol Scale: 1.49
2026-02-19 12:46:22,197 - INFO - 
============================================================
2026-02-19 12:46:22,197 - INFO - Running paper trading for 2025-09-09
2026-02-19 12:46:22,197 - INFO - ============================================================
2026-02-19 12:46:22,198 - INFO - Portfolio construction: 38 longs, 38 shorts (from 38 candidates)
2026-02-19 12:46:22,199 - INFO - Vol targeting: rolling_vol=0.0534, scale=1.4986
2026-02-19 12:46:22,199 - INFO - PnL Net: -0.0044 | Scaled: -0.0065 | Turnover: 17.19% | Vol Scale: 1.50
2026-02-19 12:46:22,199 - INFO - 
============================================================
2026-02-19 12:46:22,199 - INFO - Running paper trading for 2025-09-10
2026-02-19 12:46:22,199 - INFO - ============================================================
2026-02-19 12:46:22,201 - INFO - Portfolio construction: 38 longs, 38 shorts (from 38 candidates)
2026-02-19 12:46:22,201 - INFO - Vol targeting: rolling_vol=0.0448, scale=1.7844
2026-02-19 12:46:22,201 - INFO - PnL Net: 0.0040 | Scaled: 0.0072 | Turnover: 16.96% | Vol Scale: 1.78
2026-02-19 12:46:22,201 - INFO - 
============================================================
2026-02-19 12:46:22,201 - INFO - Running paper trading for 2025-09-11
2026-02-19 12:46:22,201 - INFO - ============================================================
2026-02-19 12:46:22,203 - INFO - Portfolio construction: 38 longs, 38 shorts (from 38 candidates)
2026-02-19 12:46:22,203 - INFO - Vol targeting: rolling_vol=0.0472, scale=1.6944
2026-02-19 12:46:22,203 - INFO - PnL Net: -0.0041 | Scaled: -0.0070 | Turnover: 17.39% | Vol Scale: 1.69
2026-02-19 12:46:22,203 - INFO - 
============================================================
2026-02-19 12:46:22,203 - INFO - Running paper trading for 2025-09-12
2026-02-19 12:46:22,203 - INFO - ============================================================
2026-02-19 12:46:22,204 - INFO - Portfolio construction: 38 longs, 38 shorts (from 38 candidates)
2026-02-19 12:46:22,205 - INFO - Vol targeting: rolling_vol=0.0475, scale=1.6830
2026-02-19 12:46:22,205 - INFO - PnL Net: -0.0021 | Scaled: -0.0035 | Turnover: 15.81% | Vol Scale: 1.68
2026-02-19 12:46:22,205 - INFO - 
============================================================
2026-02-19 12:46:22,205 - INFO - Running paper trading for 2025-09-15
2026-02-19 12:46:22,205 - INFO - ============================================================
2026-02-19 12:46:22,206 - INFO - Portfolio construction: 38 longs, 38 shorts (from 38 candidates)
2026-02-19 12:46:22,206 - INFO - Vol targeting: rolling_vol=0.0477, scale=1.6773
2026-02-19 12:46:22,206 - INFO - PnL Net: 0.0010 | Scaled: 0.0016 | Turnover: 18.17% | Vol Scale: 1.68
2026-02-19 12:46:22,207 - INFO - 
============================================================
2026-02-19 12:46:22,207 - INFO - Running paper trading for 2025-09-16
2026-02-19 12:46:22,207 - INFO - ============================================================
2026-02-19 12:46:22,208 - INFO - Portfolio construction: 38 longs, 38 shorts (from 38 candidates)
2026-02-19 12:46:22,208 - INFO - Vol targeting: rolling_vol=0.0469, scale=1.7072
2026-02-19 12:46:22,208 - INFO - PnL Net: 0.0006 | Scaled: 0.0011 | Turnover: 16.81% | Vol Scale: 1.71
2026-02-19 12:46:22,208 - INFO - 
============================================================
2026-02-19 12:46:22,208 - INFO - Running paper trading for 2025-09-17
2026-02-19 12:46:22,208 - INFO - ============================================================
2026-02-19 12:46:22,209 - INFO - Portfolio construction: 38 longs, 38 shorts (from 38 candidates)
2026-02-19 12:46:22,209 - INFO - Vol targeting: rolling_vol=0.0483, scale=1.6553
2026-02-19 12:46:22,210 - INFO - PnL Net: 0.0037 | Scaled: 0.0061 | Turnover: 15.39% | Vol Scale: 1.66
2026-02-19 12:46:22,210 - INFO - 
============================================================
2026-02-19 12:46:22,210 - INFO - Running paper trading for 2025-09-18
2026-02-19 12:46:22,210 - INFO - ============================================================
2026-02-19 12:46:22,211 - INFO - Portfolio construction: 38 longs, 38 shorts (from 38 candidates)
2026-02-19 12:46:22,211 - INFO - Vol targeting: rolling_vol=0.0490, scale=1.6323
2026-02-19 12:46:22,211 - INFO - PnL Net: -0.0028 | Scaled: -0.0045 | Turnover: 13.88% | Vol Scale: 1.63
2026-02-19 12:46:22,211 - INFO - 
============================================================
2026-02-19 12:46:22,211 - INFO - Running paper trading for 2025-09-19
2026-02-19 12:46:22,211 - INFO - ============================================================
2026-02-19 12:46:22,213 - INFO - Portfolio construction: 38 longs, 38 shorts (from 38 candidates)
2026-02-19 12:46:22,213 - INFO - Vol targeting: rolling_vol=0.0368, scale=2.0000
2026-02-19 12:46:22,213 - INFO - PnL Net: -0.0018 | Scaled: -0.0037 | Turnover: 14.15% | Vol Scale: 2.00
2026-02-19 12:46:22,213 - INFO - 
============================================================
2026-02-19 12:46:22,213 - INFO - Running paper trading for 2025-09-22
2026-02-19 12:46:22,213 - INFO - ============================================================
2026-02-19 12:46:22,214 - INFO - Portfolio construction: 38 longs, 38 shorts (from 38 candidates)
2026-02-19 12:46:22,214 - INFO - Vol targeting: rolling_vol=0.0347, scale=2.0000
2026-02-19 12:46:22,214 - INFO - PnL Net: -0.0022 | Scaled: -0.0044 | Turnover: 12.25% | Vol Scale: 2.00
2026-02-19 12:46:22,214 - INFO - 
============================================================
2026-02-19 12:46:22,214 - INFO - Running paper trading for 2025-09-23
2026-02-19 12:46:22,214 - INFO - ============================================================
2026-02-19 12:46:22,215 - INFO - Portfolio construction: 38 longs, 38 shorts (from 38 candidates)
2026-02-19 12:46:22,215 - INFO - Vol targeting: rolling_vol=0.0347, scale=2.0000
2026-02-19 12:46:22,215 - INFO - PnL Net: 0.0006 | Scaled: 0.0012 | Turnover: 11.55% | Vol Scale: 2.00
2026-02-19 12:46:22,215 - INFO - 
============================================================
2026-02-19 12:46:22,215 - INFO - Running paper trading for 2025-09-24
2026-02-19 12:46:22,216 - INFO - ============================================================
2026-02-19 12:46:22,217 - INFO - Portfolio construction: 38 longs, 38 shorts (from 38 candidates)
2026-02-19 12:46:22,217 - INFO - Vol targeting: rolling_vol=0.0370, scale=2.0000
2026-02-19 12:46:22,217 - WARNING - KS3 TRIGGERED: 60-day Sharpe -0.2339 < 0
2026-02-19 12:46:22,217 - INFO - PnL Net: -0.0044 | Scaled: -0.0087 | Turnover: 10.82% | Vol Scale: 2.00
2026-02-19 12:46:22,217 - INFO - 
============================================================
2026-02-19 12:46:22,217 - INFO - Running paper trading for 2025-09-25
2026-02-19 12:46:22,217 - INFO - ============================================================
2026-02-19 12:46:22,219 - INFO - Portfolio construction: 38 longs, 38 shorts (from 38 candidates)
2026-02-19 12:46:22,219 - INFO - Vol targeting: rolling_vol=0.0394, scale=2.0000
2026-02-19 12:46:22,219 - WARNING - KS3 TRIGGERED: 60-day Sharpe -0.0747 < 0
2026-02-19 12:46:22,219 - INFO - PnL Net: 0.0031 | Scaled: 0.0063 | Turnover: 11.32% | Vol Scale: 2.00
2026-02-19 12:46:22,219 - INFO - 
============================================================
2026-02-19 12:46:22,219 - INFO - Running paper trading for 2025-09-26
2026-02-19 12:46:22,219 - INFO - ============================================================
2026-02-19 12:46:22,220 - INFO - Portfolio construction: 38 longs, 38 shorts (from 38 candidates)
2026-02-19 12:46:22,221 - INFO - Vol targeting: rolling_vol=0.0396, scale=2.0000
2026-02-19 12:46:22,221 - WARNING - KS3 TRIGGERED: 60-day Sharpe -0.1133 < 0
2026-02-19 12:46:22,221 - INFO - PnL Net: 0.0009 | Scaled: 0.0019 | Turnover: 10.79% | Vol Scale: 2.00
2026-02-19 12:46:22,221 - INFO - 
============================================================
2026-02-19 12:46:22,221 - INFO - Running paper trading for 2025-09-29
2026-02-19 12:46:22,221 - INFO - ============================================================
2026-02-19 12:46:22,222 - INFO - Portfolio construction: 38 longs, 38 shorts (from 38 candidates)
2026-02-19 12:46:22,223 - INFO - Vol targeting: rolling_vol=0.0395, scale=2.0000
2026-02-19 12:46:22,223 - INFO - PnL Net: 0.0006 | Scaled: 0.0013 | Turnover: 18.78% | Vol Scale: 2.00
2026-02-19 12:46:22,223 - INFO - 
============================================================
2026-02-19 12:46:22,223 - INFO - Running paper trading for 2025-09-30
2026-02-19 12:46:22,223 - INFO - ============================================================
2026-02-19 12:46:22,223 - INFO - Portfolio construction: 38 longs, 38 shorts (from 38 candidates)
2026-02-19 12:46:22,224 - INFO - Vol targeting: rolling_vol=0.0394, scale=2.0000
2026-02-19 12:46:22,224 - INFO - PnL Net: 0.0013 | Scaled: 0.0026 | Turnover: 16.32% | Vol Scale: 2.00
2026-02-19 12:46:22,224 - INFO - 
============================================================
2026-02-19 12:46:22,224 - INFO - Running paper trading for 2025-10-01
2026-02-19 12:46:22,224 - INFO - ============================================================
2026-02-19 12:46:22,225 - INFO - Portfolio construction: 38 longs, 38 shorts (from 38 candidates)
2026-02-19 12:46:22,225 - INFO - Vol targeting: rolling_vol=0.0406, scale=1.9724
2026-02-19 12:46:22,225 - INFO - PnL Net: 0.0029 | Scaled: 0.0057 | Turnover: 13.62% | Vol Scale: 1.97
2026-02-19 12:46:22,225 - INFO - 
============================================================
2026-02-19 12:46:22,226 - INFO - Running paper trading for 2025-10-02
2026-02-19 12:46:22,226 - INFO - ============================================================
2026-02-19 12:46:22,227 - INFO - Portfolio construction: 38 longs, 38 shorts (from 38 candidates)
2026-02-19 12:46:22,227 - INFO - Vol targeting: rolling_vol=0.0415, scale=1.9257
2026-02-19 12:46:22,227 - INFO - PnL Net: 0.0028 | Scaled: 0.0053 | Turnover: 12.21% | Vol Scale: 1.93
2026-02-19 12:46:22,227 - INFO - 
============================================================
2026-02-19 12:46:22,227 - INFO - Running paper trading for 2025-10-03
2026-02-19 12:46:22,227 - INFO - ============================================================
2026-02-19 12:46:22,228 - INFO - Portfolio construction: 38 longs, 38 shorts (from 38 candidates)
2026-02-19 12:46:22,228 - INFO - Vol targeting: rolling_vol=0.0436, scale=1.8365
2026-02-19 12:46:22,229 - INFO - PnL Net: 0.0040 | Scaled: 0.0073 | Turnover: 10.49% | Vol Scale: 1.84
2026-02-19 12:46:22,229 - INFO - 
============================================================
2026-02-19 12:46:22,229 - INFO - Running paper trading for 2025-10-06
2026-02-19 12:46:22,229 - INFO - ============================================================
2026-02-19 12:46:22,230 - INFO - Portfolio construction: 38 longs, 38 shorts (from 38 candidates)
2026-02-19 12:46:22,230 - INFO - Vol targeting: rolling_vol=0.0440, scale=1.8163
2026-02-19 12:46:22,230 - INFO - PnL Net: -0.0017 | Scaled: -0.0032 | Turnover: 8.91% | Vol Scale: 1.82
2026-02-19 12:46:22,230 - INFO - 
============================================================
2026-02-19 12:46:22,230 - INFO - Running paper trading for 2025-10-07
2026-02-19 12:46:22,230 - INFO - ============================================================
2026-02-19 12:46:22,231 - INFO - Portfolio construction: 38 longs, 38 shorts (from 38 candidates)
2026-02-19 12:46:22,231 - INFO - Vol targeting: rolling_vol=0.0418, scale=1.9150
2026-02-19 12:46:22,231 - INFO - PnL Net: 0.0027 | Scaled: 0.0053 | Turnover: 7.62% | Vol Scale: 1.91
2026-02-19 12:46:22,231 - INFO - 
============================================================
2026-02-19 12:46:22,231 - INFO - Running paper trading for 2025-10-08
2026-02-19 12:46:22,231 - INFO - ============================================================
2026-02-19 12:46:22,233 - INFO - Portfolio construction: 38 longs, 38 shorts (from 38 candidates)
2026-02-19 12:46:22,233 - INFO - Vol targeting: rolling_vol=0.0400, scale=1.9984
2026-02-19 12:46:22,233 - INFO - PnL Net: -0.0012 | Scaled: -0.0024 | Turnover: 6.47% | Vol Scale: 2.00
2026-02-19 12:46:22,233 - INFO - 
============================================================
2026-02-19 12:46:22,233 - INFO - Running paper trading for 2025-10-09
2026-02-19 12:46:22,233 - INFO - ============================================================
2026-02-19 12:46:22,234 - INFO - Portfolio construction: 38 longs, 38 shorts (from 38 candidates)
2026-02-19 12:46:22,235 - INFO - Vol targeting: rolling_vol=0.0499, scale=1.6037
2026-02-19 12:46:22,235 - INFO - PnL Net: -0.0093 | Scaled: -0.0149 | Turnover: 6.11% | Vol Scale: 1.60
2026-02-19 12:46:22,235 - INFO - 
============================================================
2026-02-19 12:46:22,235 - INFO - Running paper trading for 2025-10-10
2026-02-19 12:46:22,235 - INFO - ============================================================
2026-02-19 12:46:22,237 - INFO - Portfolio construction: 38 longs, 38 shorts (from 38 candidates)
2026-02-19 12:46:22,237 - INFO - Vol targeting: rolling_vol=0.0501, scale=1.5958
2026-02-19 12:46:22,237 - INFO - PnL Net: 0.0026 | Scaled: 0.0041 | Turnover: 16.58% | Vol Scale: 1.60
2026-02-19 12:46:22,237 - INFO - 
============================================================
2026-02-19 12:46:22,237 - INFO - Running paper trading for 2025-10-13
2026-02-19 12:46:22,237 - INFO - ============================================================
2026-02-19 12:46:22,238 - INFO - Portfolio construction: 38 longs, 36 shorts (from 38 candidates)
2026-02-19 12:46:22,238 - INFO - Vol targeting: rolling_vol=0.0500, scale=1.5985
2026-02-19 12:46:22,238 - INFO - PnL Net: 0.0001 | Scaled: 0.0001 | Turnover: 21.87% | Vol Scale: 1.60
2026-02-19 12:46:22,239 - INFO - 
============================================================
2026-02-19 12:46:22,239 - INFO - Running paper trading for 2025-10-14
2026-02-19 12:46:22,239 - INFO - ============================================================
2026-02-19 12:46:22,240 - INFO - Portfolio construction: 38 longs, 38 shorts (from 38 candidates)
2026-02-19 12:46:22,240 - INFO - Vol targeting: rolling_vol=0.0503, scale=1.5894
2026-02-19 12:46:22,240 - INFO - PnL Net: 0.0017 | Scaled: 0.0028 | Turnover: 19.87% | Vol Scale: 1.59
2026-02-19 12:46:22,240 - INFO - 
============================================================
2026-02-19 12:46:22,240 - INFO - Running paper trading for 2025-10-15
2026-02-19 12:46:22,240 - INFO - ============================================================
2026-02-19 12:46:22,241 - INFO - Portfolio construction: 38 longs, 38 shorts (from 38 candidates)
2026-02-19 12:46:22,241 - INFO - Vol targeting: rolling_vol=0.0506, scale=1.5825
2026-02-19 12:46:22,241 - WARNING - KS3 TRIGGERED: 60-day Sharpe -0.2138 < 0
2026-02-19 12:46:22,242 - INFO - PnL Net: -0.0039 | Scaled: -0.0062 | Turnover: 19.76% | Vol Scale: 1.58
2026-02-19 12:46:22,242 - INFO - 
============================================================
2026-02-19 12:46:22,242 - INFO - Running paper trading for 2025-10-16
2026-02-19 12:46:22,242 - INFO - ============================================================
2026-02-19 12:46:22,243 - INFO - Portfolio construction: 38 longs, 38 shorts (from 38 candidates)
2026-02-19 12:46:22,243 - INFO - Vol targeting: rolling_vol=0.0497, scale=1.6093
2026-02-19 12:46:22,244 - INFO - PnL Net: 0.0004 | Scaled: 0.0006 | Turnover: 19.81% | Vol Scale: 1.61
2026-02-19 12:46:22,244 - INFO - 
============================================================
2026-02-19 12:46:22,244 - INFO - Running paper trading for 2025-10-17
2026-02-19 12:46:22,244 - INFO - ============================================================
2026-02-19 12:46:22,245 - INFO - Portfolio construction: 38 longs, 2 shorts (from 38 candidates)
2026-02-19 12:46:22,245 - INFO - Vol targeting: rolling_vol=0.0522, scale=1.5325
2026-02-19 12:46:22,245 - INFO - PnL Net: 0.0050 | Scaled: 0.0077 | Turnover: 21.18% | Vol Scale: 1.53
2026-02-19 12:46:22,245 - INFO - 
============================================================
2026-02-19 12:46:22,246 - INFO - Running paper trading for 2025-10-20
2026-02-19 12:46:22,246 - INFO - ============================================================
2026-02-19 12:46:22,246 - INFO - Portfolio construction: 38 longs, 38 shorts (from 38 candidates)
2026-02-19 12:46:22,246 - INFO - Vol targeting: rolling_vol=0.0521, scale=1.5369
2026-02-19 12:46:22,246 - INFO - PnL Net: 0.0028 | Scaled: 0.0043 | Turnover: 19.97% | Vol Scale: 1.54
2026-02-19 12:46:22,246 - INFO - 
============================================================
2026-02-19 12:46:22,246 - INFO - Running paper trading for 2025-10-21
2026-02-19 12:46:22,246 - INFO - ============================================================
2026-02-19 12:46:22,248 - INFO - Portfolio construction: 38 longs, 38 shorts (from 38 candidates)
2026-02-19 12:46:22,248 - INFO - Vol targeting: rolling_vol=0.0528, scale=1.5154
2026-02-19 12:46:22,248 - INFO - PnL Net: -0.0020 | Scaled: -0.0030 | Turnover: 17.75% | Vol Scale: 1.52
2026-02-19 12:46:22,248 - INFO - 
============================================================
2026-02-19 12:46:22,248 - INFO - Running paper trading for 2025-10-22
2026-02-19 12:46:22,248 - INFO - ============================================================
2026-02-19 12:46:22,250 - INFO - Portfolio construction: 38 longs, 38 shorts (from 38 candidates)
2026-02-19 12:46:22,250 - INFO - Vol targeting: rolling_vol=0.0516, scale=1.5499
2026-02-19 12:46:22,250 - INFO - PnL Net: 0.0046 | Scaled: 0.0071 | Turnover: 16.55% | Vol Scale: 1.55
2026-02-19 12:46:22,250 - INFO - 
============================================================
2026-02-19 12:46:22,250 - INFO - Running paper trading for 2025-10-23
2026-02-19 12:46:22,250 - INFO - ============================================================
2026-02-19 12:46:22,250 - INFO - Portfolio construction: 38 longs, 38 shorts (from 38 candidates)
2026-02-19 12:46:22,252 - INFO - Vol targeting: rolling_vol=0.0510, scale=1.5701
2026-02-19 12:46:22,252 - INFO - PnL Net: 0.0010 | Scaled: 0.0015 | Turnover: 18.04% | Vol Scale: 1.57
2026-02-19 12:46:22,252 - INFO - 
============================================================
2026-02-19 12:46:22,252 - INFO - Running paper trading for 2025-10-24
2026-02-19 12:46:22,252 - INFO - ============================================================
2026-02-19 12:46:22,252 - INFO - Portfolio construction: 38 longs, 38 shorts (from 38 candidates)
2026-02-19 12:46:22,252 - INFO - Vol targeting: rolling_vol=0.0511, scale=1.5665
2026-02-19 12:46:22,252 - INFO - PnL Net: 0.0018 | Scaled: 0.0028 | Turnover: 20.07% | Vol Scale: 1.57
2026-02-19 12:46:22,252 - INFO - 
============================================================
2026-02-19 12:46:22,252 - INFO - Running paper trading for 2025-10-27
2026-02-19 12:46:22,252 - INFO - ============================================================
2026-02-19 12:46:22,254 - INFO - Portfolio construction: 38 longs, 38 shorts (from 38 candidates)
2026-02-19 12:46:22,254 - INFO - Vol targeting: rolling_vol=0.0513, scale=1.5609
2026-02-19 12:46:22,254 - INFO - PnL Net: -0.0005 | Scaled: -0.0007 | Turnover: 20.20% | Vol Scale: 1.56
2026-02-19 12:46:22,254 - INFO - 
============================================================
2026-02-19 12:46:22,254 - INFO - Running paper trading for 2025-10-28
2026-02-19 12:46:22,254 - INFO - ============================================================
2026-02-19 12:46:22,254 - INFO - Portfolio construction: 38 longs, 38 shorts (from 38 candidates)
2026-02-19 12:46:22,254 - INFO - Vol targeting: rolling_vol=0.0516, scale=1.5503
2026-02-19 12:46:22,254 - INFO - PnL Net: -0.0011 | Scaled: -0.0017 | Turnover: 17.57% | Vol Scale: 1.55
2026-02-19 12:46:22,256 - INFO - 
============================================================
2026-02-19 12:46:22,256 - INFO - Running paper trading for 2025-10-29
2026-02-19 12:46:22,256 - INFO - ============================================================
2026-02-19 12:46:22,256 - INFO - Portfolio construction: 38 longs, 38 shorts (from 38 candidates)
2026-02-19 12:46:22,256 - INFO - Vol targeting: rolling_vol=0.0533, scale=1.4997
2026-02-19 12:46:22,256 - INFO - PnL Net: -0.0041 | Scaled: -0.0061 | Turnover: 16.24% | Vol Scale: 1.50
2026-02-19 12:46:22,256 - INFO - 
============================================================
2026-02-19 12:46:22,256 - INFO - Running paper trading for 2025-10-30
2026-02-19 12:46:22,256 - INFO - ============================================================
2026-02-19 12:46:22,258 - INFO - Portfolio construction: 38 longs, 38 shorts (from 38 candidates)
2026-02-19 12:46:22,258 - INFO - Vol targeting: rolling_vol=0.0529, scale=1.5111
2026-02-19 12:46:22,258 - INFO - PnL Net: 0.0019 | Scaled: 0.0029 | Turnover: 17.83% | Vol Scale: 1.51
2026-02-19 12:46:22,258 - INFO - 
============================================================
2026-02-19 12:46:22,258 - INFO - Running paper trading for 2025-10-31
2026-02-19 12:46:22,258 - INFO - ============================================================
2026-02-19 12:46:22,260 - INFO - Portfolio construction: 38 longs, 38 shorts (from 38 candidates)
2026-02-19 12:46:22,260 - INFO - Vol targeting: rolling_vol=0.0514, scale=1.5577
2026-02-19 12:46:22,260 - INFO - PnL Net: -0.0012 | Scaled: -0.0019 | Turnover: 17.75% | Vol Scale: 1.56
2026-02-19 12:46:22,260 - INFO - 
============================================================
2026-02-19 12:46:22,260 - INFO - Running paper trading for 2025-11-03
2026-02-19 12:46:22,260 - INFO - ============================================================
2026-02-19 12:46:22,260 - INFO - Portfolio construction: 38 longs, 38 shorts (from 38 candidates)
2026-02-19 12:46:22,262 - INFO - Vol targeting: rolling_vol=0.0532, scale=1.5032
2026-02-19 12:46:22,262 - INFO - PnL Net: -0.0044 | Scaled: -0.0065 | Turnover: 18.48% | Vol Scale: 1.50
2026-02-19 12:46:22,262 - INFO - 
============================================================
2026-02-19 12:46:22,262 - INFO - Running paper trading for 2025-11-04
2026-02-19 12:46:22,262 - INFO - ============================================================
2026-02-19 12:46:22,262 - INFO - Portfolio construction: 38 longs, 38 shorts (from 38 candidates)
2026-02-19 12:46:22,262 - INFO - Vol targeting: rolling_vol=0.0532, scale=1.5046
2026-02-19 12:46:22,262 - INFO - PnL Net: 0.0027 | Scaled: 0.0040 | Turnover: 18.50% | Vol Scale: 1.50
2026-02-19 12:46:22,262 - INFO - 
============================================================
2026-02-19 12:46:22,262 - INFO - Running paper trading for 2025-11-05
2026-02-19 12:46:22,262 - INFO - ============================================================
2026-02-19 12:46:22,265 - INFO - Portfolio construction: 38 longs, 38 shorts (from 38 candidates)
2026-02-19 12:46:22,265 - INFO - Vol targeting: rolling_vol=0.0556, scale=1.4381
2026-02-19 12:46:22,265 - WARNING - KS3 TRIGGERED: 60-day Sharpe -0.0205 < 0
2026-02-19 12:46:22,265 - INFO - PnL Net: -0.0050 | Scaled: -0.0071 | Turnover: 18.91% | Vol Scale: 1.44
2026-02-19 12:46:22,265 - INFO - 
============================================================
2026-02-19 12:46:22,265 - INFO - Running paper trading for 2025-11-06
2026-02-19 12:46:22,265 - INFO - ============================================================
2026-02-19 12:46:22,265 - INFO - Portfolio construction: 38 longs, 38 shorts (from 38 candidates)
2026-02-19 12:46:22,267 - INFO - Vol targeting: rolling_vol=0.0450, scale=1.7759
2026-02-19 12:46:22,267 - WARNING - KS3 TRIGGERED: 60-day Sharpe -0.0011 < 0
2026-02-19 12:46:22,267 - INFO - PnL Net: 0.0004 | Scaled: 0.0007 | Turnover: 19.27% | Vol Scale: 1.78
2026-02-19 12:46:22,267 - INFO - 
============================================================
2026-02-19 12:46:22,267 - INFO - Running paper trading for 2025-11-07
2026-02-19 12:46:22,267 - INFO - ============================================================
2026-02-19 12:46:22,267 - WARNING - No negative predictions for shorts - skipping short positions
2026-02-19 12:46:22,267 - INFO - Portfolio construction: 38 longs, 0 shorts (from 38 candidates)
2026-02-19 12:46:22,267 - INFO - Vol targeting: rolling_vol=0.0446, scale=1.7921
2026-02-19 12:46:22,269 - INFO - PnL Net: 0.0019 | Scaled: 0.0034 | Turnover: 13.18% | Vol Scale: 1.79
2026-02-19 12:46:22,269 - INFO - 
============================================================
2026-02-19 12:46:22,269 - INFO - Running paper trading for 2025-11-10
2026-02-19 12:46:22,269 - INFO - ============================================================
2026-02-19 12:46:22,269 - INFO - Portfolio construction: 38 longs, 38 shorts (from 38 candidates)
2026-02-19 12:46:22,269 - INFO - Vol targeting: rolling_vol=0.0454, scale=1.7634
2026-02-19 12:46:22,269 - INFO - PnL Net: 0.0024 | Scaled: 0.0043 | Turnover: 18.16% | Vol Scale: 1.76
2026-02-19 12:46:22,269 - INFO - 
============================================================
2026-02-19 12:46:22,269 - INFO - Running paper trading for 2025-11-11
2026-02-19 12:46:22,269 - INFO - ============================================================
2026-02-19 12:46:22,271 - INFO - Portfolio construction: 38 longs, 38 shorts (from 38 candidates)
2026-02-19 12:46:22,271 - INFO - Vol targeting: rolling_vol=0.0464, scale=1.7224
2026-02-19 12:46:22,271 - INFO - PnL Net: 0.0034 | Scaled: 0.0059 | Turnover: 16.31% | Vol Scale: 1.72
2026-02-19 12:46:22,271 - INFO - 
============================================================
2026-02-19 12:46:22,271 - INFO - Running paper trading for 2025-11-12
2026-02-19 12:46:22,271 - INFO - ============================================================
2026-02-19 12:46:22,273 - INFO - Portfolio construction: 38 longs, 38 shorts (from 38 candidates)
2026-02-19 12:46:22,273 - INFO - Vol targeting: rolling_vol=0.0448, scale=1.7861
2026-02-19 12:46:22,273 - INFO - PnL Net: -0.0022 | Scaled: -0.0039 | Turnover: 15.82% | Vol Scale: 1.79
2026-02-19 12:46:22,273 - INFO - 
============================================================
2026-02-19 12:46:22,273 - INFO - Running paper trading for 2025-11-13
2026-02-19 12:46:22,273 - INFO - ============================================================
2026-02-19 12:46:22,273 - INFO - Portfolio construction: 38 longs, 38 shorts (from 38 candidates)
2026-02-19 12:46:22,273 - INFO - Vol targeting: rolling_vol=0.0464, scale=1.7238
2026-02-19 12:46:22,275 - INFO - PnL Net: -0.0031 | Scaled: -0.0054 | Turnover: 17.53% | Vol Scale: 1.72
2026-02-19 12:46:22,275 - INFO - 
============================================================
2026-02-19 12:46:22,275 - INFO - Running paper trading for 2025-11-14
2026-02-19 12:46:22,275 - INFO - ============================================================
2026-02-19 12:46:22,275 - INFO - Portfolio construction: 38 longs, 38 shorts (from 38 candidates)
2026-02-19 12:46:22,275 - INFO - Vol targeting: rolling_vol=0.0494, scale=1.6195
2026-02-19 12:46:22,275 - WARNING - KS3 TRIGGERED: 60-day Sharpe -1.2139 < 0
2026-02-19 12:46:22,275 - INFO - PnL Net: -0.0071 | Scaled: -0.0114 | Turnover: 18.41% | Vol Scale: 1.62
2026-02-19 12:46:22,275 - INFO - 
============================================================
2026-02-19 12:46:22,275 - INFO - Running paper trading for 2025-11-17
2026-02-19 12:46:22,275 - INFO - ============================================================
2026-02-19 12:46:22,277 - INFO - Portfolio construction: 38 longs, 38 shorts (from 38 candidates)
2026-02-19 12:46:22,277 - INFO - Vol targeting: rolling_vol=0.0481, scale=1.6647
2026-02-19 12:46:22,277 - WARNING - KS3 TRIGGERED: 60-day Sharpe -0.9382 < 0
2026-02-19 12:46:22,277 - INFO - PnL Net: -0.0011 | Scaled: -0.0018 | Turnover: 18.60% | Vol Scale: 1.66
2026-02-19 12:46:22,277 - INFO - 
============================================================
2026-02-19 12:46:22,277 - INFO - Running paper trading for 2025-11-18
2026-02-19 12:46:22,277 - INFO - ============================================================
2026-02-19 12:46:22,278 - INFO - Portfolio construction: 38 longs, 38 shorts (from 38 candidates)
2026-02-19 12:46:22,278 - INFO - Vol targeting: rolling_vol=0.0478, scale=1.6738
2026-02-19 12:46:22,278 - WARNING - KS3 TRIGGERED: 60-day Sharpe -0.9945 < 0
2026-02-19 12:46:22,278 - INFO - PnL Net: -0.0001 | Scaled: -0.0002 | Turnover: 17.82% | Vol Scale: 1.67
2026-02-19 12:46:22,278 - INFO - 
============================================================
2026-02-19 12:46:22,278 - INFO - Running paper trading for 2025-11-19
2026-02-19 12:46:22,278 - INFO - ============================================================
2026-02-19 12:46:22,280 - INFO - Portfolio construction: 38 longs, 10 shorts (from 38 candidates)
2026-02-19 12:46:22,280 - INFO - Vol targeting: rolling_vol=0.0464, scale=1.7231
2026-02-19 12:46:22,280 - WARNING - KS3 TRIGGERED: 60-day Sharpe -1.4547 < 0
2026-02-19 12:46:22,280 - INFO - PnL Net: -0.0049 | Scaled: -0.0085 | Turnover: 20.34% | Vol Scale: 1.72
2026-02-19 12:46:22,280 - INFO - 
============================================================
2026-02-19 12:46:22,280 - INFO - Running paper trading for 2025-11-20
2026-02-19 12:46:22,280 - INFO - ============================================================
2026-02-19 12:46:22,282 - INFO - Portfolio construction: 38 longs, 4 shorts (from 38 candidates)
2026-02-19 12:46:22,282 - INFO - Vol targeting: rolling_vol=0.0537, scale=1.4897
2026-02-19 12:46:22,282 - WARNING - KS3 TRIGGERED: 60-day Sharpe -0.7805 < 0
2026-02-19 12:46:22,282 - INFO - PnL Net: 0.0070 | Scaled: 0.0104 | Turnover: 18.63% | Vol Scale: 1.49
2026-02-19 12:46:22,282 - INFO - 
============================================================
2026-02-19 12:46:22,282 - INFO - Running paper trading for 2025-11-21
2026-02-19 12:46:22,282 - INFO - ============================================================
2026-02-19 12:46:22,284 - WARNING - No negative predictions for shorts - skipping short positions
2026-02-19 12:46:22,284 - INFO - Portfolio construction: 38 longs, 0 shorts (from 38 candidates)
2026-02-19 12:46:22,284 - INFO - Vol targeting: rolling_vol=0.0544, scale=1.4711
2026-02-19 12:46:22,284 - WARNING - KS3 TRIGGERED: 60-day Sharpe -0.5647 < 0
2026-02-19 12:46:22,285 - INFO - PnL Net: 0.0028 | Scaled: 0.0041 | Turnover: 14.74% | Vol Scale: 1.47
2026-02-19 12:46:22,285 - INFO - 
============================================================
2026-02-19 12:46:22,285 - INFO - Running paper trading for 2025-11-24
2026-02-19 12:46:22,285 - INFO - ============================================================
2026-02-19 12:46:22,285 - INFO - Portfolio construction: 38 longs, 38 shorts (from 38 candidates)
2026-02-19 12:46:22,285 - INFO - Vol targeting: rolling_vol=0.0569, scale=1.4057
2026-02-19 12:46:22,285 - WARNING - KS3 TRIGGERED: 60-day Sharpe -0.0606 < 0
2026-02-19 12:46:22,285 - INFO - PnL Net: 0.0042 | Scaled: 0.0060 | Turnover: 18.63% | Vol Scale: 1.41
2026-02-19 12:46:22,285 - INFO - 
============================================================
2026-02-19 12:46:22,285 - INFO - Running paper trading for 2025-11-25
2026-02-19 12:46:22,285 - INFO - ============================================================
2026-02-19 12:46:22,287 - INFO - Portfolio construction: 38 longs, 29 shorts (from 38 candidates)
2026-02-19 12:46:22,287 - INFO - Vol targeting: rolling_vol=0.0582, scale=1.3744
2026-02-19 12:46:22,287 - INFO - PnL Net: 0.0033 | Scaled: 0.0045 | Turnover: 16.83% | Vol Scale: 1.37
2026-02-19 12:46:22,287 - INFO - 
============================================================
2026-02-19 12:46:22,287 - INFO - Running paper trading for 2025-11-26
2026-02-19 12:46:22,287 - INFO - ============================================================
2026-02-19 12:46:22,289 - INFO - Portfolio construction: 38 longs, 38 shorts (from 38 candidates)
2026-02-19 12:46:22,289 - INFO - Vol targeting: rolling_vol=0.0572, scale=1.3978
2026-02-19 12:46:22,289 - INFO - PnL Net: 0.0028 | Scaled: 0.0039 | Turnover: 19.67% | Vol Scale: 1.40
2026-02-19 12:46:22,289 - INFO - 
============================================================
2026-02-19 12:46:22,289 - INFO - Running paper trading for 2025-11-28
2026-02-19 12:46:22,289 - INFO - ============================================================
2026-02-19 12:46:22,289 - INFO - Portfolio construction: 38 longs, 38 shorts (from 38 candidates)
2026-02-19 12:46:22,289 - INFO - Vol targeting: rolling_vol=0.0570, scale=1.4044
2026-02-19 12:46:22,291 - INFO - PnL Net: -0.0008 | Scaled: -0.0011 | Turnover: 18.71% | Vol Scale: 1.40
2026-02-19 12:46:22,291 - INFO - 
============================================================
2026-02-19 12:46:22,291 - INFO - Running paper trading for 2025-12-01
2026-02-19 12:46:22,291 - INFO - ============================================================
2026-02-19 12:46:22,291 - INFO - Portfolio construction: 38 longs, 38 shorts (from 38 candidates)
2026-02-19 12:46:22,291 - INFO - Vol targeting: rolling_vol=0.0577, scale=1.3855
2026-02-19 12:46:22,291 - INFO - PnL Net: 0.0032 | Scaled: 0.0044 | Turnover: 17.87% | Vol Scale: 1.39
2026-02-19 12:46:22,291 - INFO - 
============================================================
2026-02-19 12:46:22,291 - INFO - Running paper trading for 2025-12-02
2026-02-19 12:46:22,291 - INFO - ============================================================
2026-02-19 12:46:22,293 - INFO - Portfolio construction: 38 longs, 38 shorts (from 38 candidates)
2026-02-19 12:46:22,293 - INFO - Vol targeting: rolling_vol=0.0579, scale=1.3813
2026-02-19 12:46:22,293 - INFO - PnL Net: 0.0056 | Scaled: 0.0077 | Turnover: 20.20% | Vol Scale: 1.38
2026-02-19 12:46:22,293 - INFO - 
============================================================
2026-02-19 12:46:22,293 - INFO - Running paper trading for 2025-12-03
2026-02-19 12:46:22,293 - INFO - ============================================================
2026-02-19 12:46:22,295 - INFO - Portfolio construction: 38 longs, 38 shorts (from 38 candidates)
2026-02-19 12:46:22,295 - INFO - Vol targeting: rolling_vol=0.0576, scale=1.3891
2026-02-19 12:46:22,295 - INFO - PnL Net: -0.0002 | Scaled: -0.0003 | Turnover: 19.11% | Vol Scale: 1.39
2026-02-19 12:46:22,295 - INFO - 
============================================================
2026-02-19 12:46:22,295 - INFO - Running paper trading for 2025-12-04
2026-02-19 12:46:22,295 - INFO - ============================================================
2026-02-19 12:46:22,295 - INFO - Portfolio construction: 38 longs, 3 shorts (from 38 candidates)
2026-02-19 12:46:22,295 - INFO - Vol targeting: rolling_vol=0.0539, scale=1.4845
2026-02-19 12:46:22,295 - INFO - PnL Net: 0.0005 | Scaled: 0.0008 | Turnover: 19.09% | Vol Scale: 1.48
2026-02-19 12:46:22,295 - INFO - 
============================================================
2026-02-19 12:46:22,295 - INFO - Running paper trading for 2025-12-05
2026-02-19 12:46:22,295 - INFO - ============================================================
2026-02-19 12:46:22,297 - INFO - Portfolio construction: 38 longs, 2 shorts (from 38 candidates)
2026-02-19 12:46:22,297 - INFO - Vol targeting: rolling_vol=0.0571, scale=1.4018
2026-02-19 12:46:22,297 - INFO - PnL Net: -0.0045 | Scaled: -0.0063 | Turnover: 19.14% | Vol Scale: 1.40
2026-02-19 12:46:22,297 - INFO - 
============================================================
2026-02-19 12:46:22,297 - INFO - Running paper trading for 2025-12-08
2026-02-19 12:46:22,297 - INFO - ============================================================
2026-02-19 12:46:22,299 - WARNING - No negative predictions for shorts - skipping short positions
2026-02-19 12:46:22,299 - INFO - Portfolio construction: 38 longs, 0 shorts (from 38 candidates)
2026-02-19 12:46:22,299 - INFO - Vol targeting: rolling_vol=0.0570, scale=1.4030
2026-02-19 12:46:22,299 - INFO - PnL Net: -0.0005 | Scaled: -0.0008 | Turnover: 15.68% | Vol Scale: 1.40
2026-02-19 12:46:22,299 - INFO - 
============================================================
2026-02-19 12:46:22,299 - INFO - Running paper trading for 2025-12-09
2026-02-19 12:46:22,299 - INFO - ============================================================
2026-02-19 12:46:22,299 - INFO - Portfolio construction: 38 longs, 2 shorts (from 38 candidates)
2026-02-19 12:46:22,299 - INFO - Vol targeting: rolling_vol=0.0607, scale=1.3183
2026-02-19 12:46:22,301 - INFO - PnL Net: 0.0068 | Scaled: 0.0089 | Turnover: 18.84% | Vol Scale: 1.32
2026-02-19 12:46:22,301 - INFO - 
============================================================
2026-02-19 12:46:22,301 - INFO - Running paper trading for 2025-12-10
2026-02-19 12:46:22,301 - INFO - ============================================================
2026-02-19 12:46:22,301 - WARNING - No negative predictions for shorts - skipping short positions
2026-02-19 12:46:22,301 - INFO - Portfolio construction: 38 longs, 0 shorts (from 38 candidates)
2026-02-19 12:46:22,301 - INFO - Vol targeting: rolling_vol=0.0675, scale=1.1847
2026-02-19 12:46:22,301 - INFO - PnL Net: 0.0096 | Scaled: 0.0114 | Turnover: 13.56% | Vol Scale: 1.18
2026-02-19 12:46:22,301 - INFO - 
============================================================
2026-02-19 12:46:22,301 - INFO - Running paper trading for 2025-12-11
2026-02-19 12:46:22,301 - INFO - ============================================================
2026-02-19 12:46:22,303 - INFO - Portfolio construction: 38 longs, 38 shorts (from 38 candidates)
2026-02-19 12:46:22,303 - INFO - Vol targeting: rolling_vol=0.0665, scale=1.2031
2026-02-19 12:46:22,303 - INFO - PnL Net: 0.0011 | Scaled: 0.0013 | Turnover: 17.58% | Vol Scale: 1.20
2026-02-19 12:46:22,303 - INFO - 
============================================================
2026-02-19 12:46:22,303 - INFO - Running paper trading for 2025-12-12
2026-02-19 12:46:22,303 - INFO - ============================================================
2026-02-19 12:46:22,305 - INFO - Portfolio construction: 38 longs, 38 shorts (from 38 candidates)
2026-02-19 12:46:22,305 - INFO - Vol targeting: rolling_vol=0.0646, scale=1.2379
2026-02-19 12:46:22,305 - INFO - PnL Net: 0.0020 | Scaled: 0.0025 | Turnover: 20.65% | Vol Scale: 1.24
2026-02-19 12:46:22,305 - INFO - 
============================================================
2026-02-19 12:46:22,305 - INFO - Running paper trading for 2025-12-15
2026-02-19 12:46:22,305 - INFO - ============================================================
2026-02-19 12:46:22,305 - INFO - Portfolio construction: 38 longs, 38 shorts (from 38 candidates)
2026-02-19 12:46:22,307 - INFO - Vol targeting: rolling_vol=0.0592, scale=1.3522
2026-02-19 12:46:22,307 - INFO - PnL Net: -0.0030 | Scaled: -0.0041 | Turnover: 19.78% | Vol Scale: 1.35
2026-02-19 12:46:22,307 - INFO - 
============================================================
2026-02-19 12:46:22,307 - INFO - Running paper trading for 2025-12-16
2026-02-19 12:46:22,307 - INFO - ============================================================
2026-02-19 12:46:22,307 - INFO - Portfolio construction: 38 longs, 38 shorts (from 38 candidates)
2026-02-19 12:46:22,307 - INFO - Vol targeting: rolling_vol=0.0591, scale=1.3527
2026-02-19 12:46:22,307 - INFO - PnL Net: -0.0011 | Scaled: -0.0014 | Turnover: 18.63% | Vol Scale: 1.35
2026-02-19 12:46:22,307 - INFO - 
============================================================
2026-02-19 12:46:22,307 - INFO - Running paper trading for 2025-12-17
2026-02-19 12:46:22,307 - INFO - ============================================================
2026-02-19 12:46:22,309 - INFO - Portfolio construction: 38 longs, 38 shorts (from 38 candidates)
2026-02-19 12:46:22,310 - INFO - Vol targeting: rolling_vol=0.0590, scale=1.3570
2026-02-19 12:46:22,310 - INFO - PnL Net: 0.0005 | Scaled: 0.0007 | Turnover: 18.11% | Vol Scale: 1.36
2026-02-19 12:46:22,310 - INFO - 
============================================================
2026-02-19 12:46:22,310 - INFO - Running paper trading for 2025-12-18
2026-02-19 12:46:22,310 - INFO - ============================================================
2026-02-19 12:46:22,310 - INFO - Portfolio construction: 38 longs, 38 shorts (from 38 candidates)
2026-02-19 12:46:22,310 - INFO - Vol targeting: rolling_vol=0.0538, scale=1.4865
2026-02-19 12:46:22,310 - INFO - PnL Net: 0.0014 | Scaled: 0.0021 | Turnover: 15.89% | Vol Scale: 1.49
2026-02-19 12:46:22,312 - INFO - 
============================================================
2026-02-19 12:46:22,312 - INFO - Running paper trading for 2025-12-19
2026-02-19 12:46:22,312 - INFO - ============================================================
2026-02-19 12:46:22,312 - INFO - Portfolio construction: 38 longs, 38 shorts (from 38 candidates)
2026-02-19 12:46:22,312 - INFO - Vol targeting: rolling_vol=0.0508, scale=1.5738
2026-02-19 12:46:22,312 - INFO - PnL Net: 0.0029 | Scaled: 0.0046 | Turnover: 15.26% | Vol Scale: 1.57
2026-02-19 12:46:22,312 - INFO - 
============================================================
2026-02-19 12:46:22,312 - INFO - Running paper trading for 2025-12-22
2026-02-19 12:46:22,312 - INFO - ============================================================
2026-02-19 12:46:22,314 - INFO - Portfolio construction: 38 longs, 38 shorts (from 38 candidates)
2026-02-19 12:46:22,314 - INFO - Vol targeting: rolling_vol=0.0516, scale=1.5517
2026-02-19 12:46:22,314 - INFO - PnL Net: -0.0009 | Scaled: -0.0014 | Turnover: 16.20% | Vol Scale: 1.55
2026-02-19 12:46:22,314 - INFO - 
============================================================
2026-02-19 12:46:22,314 - INFO - Running paper trading for 2025-12-23
2026-02-19 12:46:22,315 - INFO - ============================================================
2026-02-19 12:46:22,315 - INFO - Portfolio construction: 38 longs, 38 shorts (from 38 candidates)
2026-02-19 12:46:22,315 - INFO - Vol targeting: rolling_vol=0.0507, scale=1.5785
2026-02-19 12:46:22,315 - INFO - PnL Net: 0.0014 | Scaled: 0.0022 | Turnover: 18.49% | Vol Scale: 1.58
2026-02-19 12:46:22,315 - INFO - 
============================================================
2026-02-19 12:46:22,315 - INFO - Running paper trading for 2025-12-24
2026-02-19 12:46:22,315 - INFO - ============================================================
2026-02-19 12:46:22,317 - INFO - Portfolio construction: 38 longs, 38 shorts (from 38 candidates)
2026-02-19 12:46:22,317 - INFO - Vol targeting: rolling_vol=0.0504, scale=1.5889
2026-02-19 12:46:22,317 - INFO - PnL Net: 0.0005 | Scaled: 0.0008 | Turnover: 17.12% | Vol Scale: 1.59
2026-02-19 12:46:22,317 - INFO - 
============================================================
2026-02-19 12:46:22,317 - INFO - Running paper trading for 2025-12-26
2026-02-19 12:46:22,317 - INFO - ============================================================
2026-02-19 12:46:22,317 - INFO - Portfolio construction: 38 longs, 38 shorts (from 38 candidates)
2026-02-19 12:46:22,319 - INFO - Vol targeting: rolling_vol=0.0515, scale=1.5540
2026-02-19 12:46:22,319 - INFO - PnL Net: -0.0022 | Scaled: -0.0034 | Turnover: 16.78% | Vol Scale: 1.55
2026-02-19 12:46:22,319 - INFO - 
============================================================
2026-02-19 12:46:22,319 - INFO - Running paper trading for 2025-12-29
2026-02-19 12:46:22,319 - INFO - ============================================================
2026-02-19 12:46:22,319 - INFO - Portfolio construction: 38 longs, 38 shorts (from 38 candidates)
2026-02-19 12:46:22,321 - INFO - Vol targeting: rolling_vol=0.0514, scale=1.5572
2026-02-19 12:46:22,321 - INFO - PnL Net: -0.0006 | Scaled: -0.0009 | Turnover: 15.33% | Vol Scale: 1.56
2026-02-19 12:46:22,321 - INFO - 
============================================================
2026-02-19 12:46:22,321 - INFO - Running paper trading for 2026-02-06
2026-02-19 12:46:22,321 - INFO - ============================================================
2026-02-19 12:46:22,321 - INFO - Portfolio construction: 38 longs, 38 shorts (from 38 candidates)
2026-02-19 12:46:22,321 - INFO - Vol targeting: rolling_vol=0.0513, scale=1.5602
2026-02-19 12:46:22,321 - INFO - PnL Net: -0.0009 | Scaled: -0.0014 | Turnover: 21.13% | Vol Scale: 1.56
2026-02-19 12:46:22,321 - INFO - 
============================================================
2026-02-19 12:46:22,321 - INFO - Running paper trading for 2026-02-09
2026-02-19 12:46:22,321 - INFO - ============================================================
2026-02-19 12:46:22,323 - INFO - Portfolio construction: 38 longs, 38 shorts (from 38 candidates)
2026-02-19 12:46:22,323 - INFO - Vol targeting: rolling_vol=0.0485, scale=1.6506
2026-02-19 12:46:22,323 - INFO - PnL Net: -0.0001 | Scaled: -0.0001 | Turnover: 18.54% | Vol Scale: 1.65
2026-02-19 12:46:22,323 - INFO - 
============================================================
2026-02-19 12:46:22,323 - INFO - Running paper trading for 2026-02-10
2026-02-19 12:46:22,323 - INFO - ============================================================
2026-02-19 12:46:22,325 - INFO - Portfolio construction: 38 longs, 38 shorts (from 38 candidates)
2026-02-19 12:46:22,325 - INFO - Vol targeting: rolling_vol=0.0499, scale=1.6041
2026-02-19 12:46:22,325 - INFO - PnL Net: -0.0028 | Scaled: -0.0046 | Turnover: 16.32% | Vol Scale: 1.60
2026-02-19 12:46:22,325 - INFO - 
============================================================
2026-02-19 12:46:22,325 - INFO - Running paper trading for 2026-02-11
2026-02-19 12:46:22,325 - INFO - ============================================================
2026-02-19 12:46:22,326 - INFO - Portfolio construction: 38 longs, 38 shorts (from 38 candidates)
2026-02-19 12:46:22,327 - INFO - Vol targeting: rolling_vol=0.0607, scale=1.3188
2026-02-19 12:46:22,327 - INFO - PnL Net: -0.0095 | Scaled: -0.0125 | Turnover: 14.16% | Vol Scale: 1.32
2026-02-19 12:46:22,327 - INFO - 
============================================================
2026-02-19 12:46:22,328 - INFO - Running paper trading for 2026-02-12
2026-02-19 12:46:22,328 - INFO - ============================================================
2026-02-19 12:46:22,329 - INFO - Portfolio construction: 38 longs, 38 shorts (from 38 candidates)
2026-02-19 12:46:22,329 - INFO - Vol targeting: rolling_vol=0.0586, scale=1.3654
2026-02-19 12:46:22,329 - INFO - PnL Net: 0.0017 | Scaled: 0.0023 | Turnover: 12.15% | Vol Scale: 1.37
2026-02-19 12:46:22,329 - INFO - 
============================================================
2026-02-19 12:46:22,329 - INFO - Running paper trading for 2026-02-13
2026-02-19 12:46:22,329 - INFO - ============================================================
2026-02-19 12:46:22,330 - INFO - Portfolio construction: 38 longs, 38 shorts (from 38 candidates)
2026-02-19 12:46:22,331 - INFO - Vol targeting: rolling_vol=0.0585, scale=1.3673
2026-02-19 12:46:22,331 - INFO - PnL Net: 0.0003 | Scaled: 0.0004 | Turnover: 11.94% | Vol Scale: 1.37
2026-02-19 12:46:22,331 - INFO - 
============================================================
2026-02-19 12:46:22,331 - INFO - Running paper trading for 2026-02-17
2026-02-19 12:46:22,331 - INFO - ============================================================
2026-02-19 12:46:22,332 - INFO - Portfolio construction: 38 longs, 38 shorts (from 38 candidates)
2026-02-19 12:46:22,332 - INFO - Vol targeting: rolling_vol=0.0546, scale=1.4648
2026-02-19 12:46:22,332 - INFO - PnL Net: 0.0030 | Scaled: 0.0043 | Turnover: 10.47% | Vol Scale: 1.46
2026-02-19 12:46:22,332 - INFO - 
============================================================
2026-02-19 12:46:22,332 - INFO - Running paper trading for 2026-02-18
2026-02-19 12:46:22,333 - INFO - ============================================================
2026-02-19 12:46:22,334 - INFO - Portfolio construction: 38 longs, 38 shorts (from 38 candidates)
2026-02-19 12:46:22,334 - INFO - Vol targeting: rolling_vol=nan, scale=nan
2026-02-19 12:46:22,334 - INFO - PnL Net: nan | Scaled: nan | Turnover: 8.78% | Vol Scale: nan
2026-02-19 12:46:22,337 - INFO - Saved daily results to C:\Users\luixj\AI\stock-data\data\processed\phase4\phase4_paper_trading_daily.parquet
2026-02-19 12:46:22,337 - INFO - Saved summary to C:\Users\luixj\AI\stock-data\data\processed\phase4\phase4_paper_trading_summary.json
2026-02-19 12:46:22,337 - INFO - 
============================================================
2026-02-19 12:46:22,338 - INFO - PAPER TRADING SUMMARY
2026-02-19 12:46:22,338 - INFO - ============================================================
2026-02-19 12:46:22,338 - INFO - Trading Days: 196
2026-02-19 12:46:22,338 - INFO - 
RAW PERFORMANCE (no vol targeting):
2026-02-19 12:46:22,338 - INFO -   Sharpe Ratio: 0.00
2026-02-19 12:46:22,338 - INFO -   Annual Return: nan%
2026-02-19 12:46:22,338 - INFO -   Volatility: nan%
2026-02-19 12:46:22,338 - INFO - 
VOL-TARGETED PERFORMANCE:
2026-02-19 12:46:22,338 - INFO -   Sharpe Ratio: 0.00
2026-02-19 12:46:22,338 - INFO -   Annual Return: nan%
2026-02-19 12:46:22,338 - INFO -   Volatility: nan%
2026-02-19 12:46:22,338 - INFO - 
RISK METRICS:
2026-02-19 12:46:22,338 - INFO -   Max Drawdown: nan%
2026-02-19 12:46:22,338 - INFO -   Long Sharpe: 0.62
2026-02-19 12:46:22,338 - INFO -   Short Sharpe: 0.53
2026-02-19 12:46:22,338 - INFO - 
EXECUTION:
2026-02-19 12:46:22,338 - INFO -   Avg Turnover: 17.98%
2026-02-19 12:46:22,338 - INFO -   Avg Cost: 0.4 bps
2026-02-19 12:46:22,338 - INFO - 
KILL SWITCHES:
2026-02-19 12:46:22,338 - INFO -   Events: 15 (7.7% of days)
2026-02-19 12:46:22,338 - INFO - ============================================================
2026-02-19 12:46:22,339 - INFO - Simulation complete: 196 days | Sharpe(scaled)=0.00 | MaxDD=nan%
2026-02-19 12:46:22,804 - INFO - ============================================================
2026-02-19 12:46:22,804 - INFO - STEP 6: Syncing Qdrant
2026-02-19 12:46:22,804 - INFO - ============================================================
2026-02-19 12:46:23,247 - INFO - HTTP Request: GET http://localhost:6333 "HTTP/1.1 200 OK"
2026-02-19 12:46:23,258 - INFO - HTTP Request: GET http://localhost:6333/collections/stock_recommendations "HTTP/1.1 200 OK"
2026-02-19 12:46:23,259 - INFO - Collection 'stock_recommendations' already exists.
2026-02-19 12:46:23,264 - INFO - HTTP Request: GET http://localhost:6333/collections/trading_results "HTTP/1.1 200 OK"
2026-02-19 12:46:23,264 - INFO - Collection 'trading_results' already exists.
2026-02-19 12:46:23,266 - INFO - HTTP Request: GET http://localhost:6333/collections/performance_metrics "HTTP/1.1 200 OK"
2026-02-19 12:46:23,266 - INFO - Collection 'performance_metrics' already exists.
2026-02-19 12:46:23,283 - INFO - HTTP Request: POST http://localhost:6333/collections/stock_recommendations/points/delete?wait=true "HTTP/1.1 200 OK"
2026-02-19 12:46:23,284 - INFO - Cleared 'stock_recommendations'.
2026-02-19 12:46:23,289 - INFO - HTTP Request: POST http://localhost:6333/collections/trading_results/points/delete?wait=true "HTTP/1.1 200 OK"
2026-02-19 12:46:23,289 - INFO - Cleared 'trading_results'.
2026-02-19 12:46:23,291 - INFO - HTTP Request: POST http://localhost:6333/collections/performance_metrics/points/delete?wait=true "HTTP/1.1 200 OK"
2026-02-19 12:46:23,291 - INFO - Cleared 'performance_metrics'.
2026-02-19 12:46:23,319 - INFO - HTTP Request: PUT http://localhost:6333/collections/stock_recommendations/points?wait=true "HTTP/1.1 200 OK"
2026-02-19 12:46:23,330 - INFO - HTTP Request: PUT http://localhost:6333/collections/trading_results/points?wait=true "HTTP/1.1 200 OK"
2026-02-19 12:46:23,358 - INFO - HTTP Request: PUT http://localhost:6333/collections/stock_recommendations/points?wait=true "HTTP/1.1 200 OK"
2026-02-19 12:46:23,364 - INFO - HTTP Request: PUT http://localhost:6333/collections/trading_results/points?wait=true "HTTP/1.1 200 OK"
2026-02-19 12:46:23,390 - INFO - HTTP Request: PUT http://localhost:6333/collections/stock_recommendations/points?wait=true "HTTP/1.1 200 OK"
2026-02-19 12:46:23,393 - INFO - HTTP Request: PUT http://localhost:6333/collections/trading_results/points?wait=true "HTTP/1.1 200 OK"
2026-02-19 12:46:23,401 - INFO - HTTP Request: PUT http://localhost:6333/collections/stock_recommendations/points?wait=true "HTTP/1.1 200 OK"
2026-02-19 12:46:23,406 - INFO - HTTP Request: PUT http://localhost:6333/collections/trading_results/points?wait=true "HTTP/1.1 200 OK"
2026-02-19 12:46:23,414 - INFO - HTTP Request: PUT http://localhost:6333/collections/stock_recommendations/points?wait=true "HTTP/1.1 200 OK"
2026-02-19 12:46:23,419 - INFO - HTTP Request: PUT http://localhost:6333/collections/trading_results/points?wait=true "HTTP/1.1 200 OK"
2026-02-19 12:46:23,437 - INFO - HTTP Request: PUT http://localhost:6333/collections/stock_recommendations/points?wait=true "HTTP/1.1 200 OK"
2026-02-19 12:46:23,441 - INFO - HTTP Request: PUT http://localhost:6333/collections/trading_results/points?wait=true "HTTP/1.1 200 OK"
2026-02-19 12:46:23,467 - INFO - HTTP Request: PUT http://localhost:6333/collections/stock_recommendations/points?wait=true "HTTP/1.1 200 OK"
2026-02-19 12:46:23,470 - INFO - HTTP Request: PUT http://localhost:6333/collections/trading_results/points?wait=true "HTTP/1.1 200 OK"
2026-02-19 12:46:23,483 - INFO - HTTP Request: PUT http://localhost:6333/collections/stock_recommendations/points?wait=true "HTTP/1.1 200 OK"
2026-02-19 12:46:23,489 - INFO - HTTP Request: PUT http://localhost:6333/collections/trading_results/points?wait=true "HTTP/1.1 200 OK"
2026-02-19 12:46:23,497 - INFO - HTTP Request: PUT http://localhost:6333/collections/stock_recommendations/points?wait=true "HTTP/1.1 200 OK"
2026-02-19 12:46:23,520 - INFO - HTTP Request: PUT http://localhost:6333/collections/trading_results/points?wait=true "HTTP/1.1 200 OK"
2026-02-19 12:46:23,532 - INFO - HTTP Request: PUT http://localhost:6333/collections/stock_recommendations/points?wait=true "HTTP/1.1 200 OK"
2026-02-19 12:46:23,536 - INFO - HTTP Request: PUT http://localhost:6333/collections/trading_results/points?wait=true "HTTP/1.1 200 OK"
2026-02-19 12:46:23,546 - INFO - HTTP Request: PUT http://localhost:6333/collections/stock_recommendations/points?wait=true "HTTP/1.1 200 OK"
2026-02-19 12:46:23,550 - INFO - HTTP Request: PUT http://localhost:6333/collections/trading_results/points?wait=true "HTTP/1.1 200 OK"
2026-02-19 12:46:23,560 - INFO - HTTP Request: PUT http://localhost:6333/collections/stock_recommendations/points?wait=true "HTTP/1.1 200 OK"
2026-02-19 12:46:23,564 - INFO - HTTP Request: PUT http://localhost:6333/collections/trading_results/points?wait=true "HTTP/1.1 200 OK"
2026-02-19 12:46:23,573 - INFO - HTTP Request: PUT http://localhost:6333/collections/stock_recommendations/points?wait=true "HTTP/1.1 200 OK"
2026-02-19 12:46:23,578 - INFO - HTTP Request: PUT http://localhost:6333/collections/trading_results/points?wait=true "HTTP/1.1 200 OK"
2026-02-19 12:46:23,587 - INFO - HTTP Request: PUT http://localhost:6333/collections/stock_recommendations/points?wait=true "HTTP/1.1 200 OK"
2026-02-19 12:46:23,590 - INFO - HTTP Request: PUT http://localhost:6333/collections/trading_results/points?wait=true "HTTP/1.1 200 OK"
2026-02-19 12:46:23,599 - INFO - HTTP Request: PUT http://localhost:6333/collections/stock_recommendations/points?wait=true "HTTP/1.1 200 OK"
2026-02-19 12:46:23,603 - INFO - HTTP Request: PUT http://localhost:6333/collections/trading_results/points?wait=true "HTTP/1.1 200 OK"
2026-02-19 12:46:23,611 - INFO - HTTP Request: PUT http://localhost:6333/collections/stock_recommendations/points?wait=true "HTTP/1.1 200 OK"
2026-02-19 12:46:23,615 - INFO - HTTP Request: PUT http://localhost:6333/collections/trading_results/points?wait=true "HTTP/1.1 200 OK"
2026-02-19 12:46:23,641 - INFO - HTTP Request: PUT http://localhost:6333/collections/stock_recommendations/points?wait=true "HTTP/1.1 200 OK"
2026-02-19 12:46:23,654 - INFO - HTTP Request: PUT http://localhost:6333/collections/trading_results/points?wait=true "HTTP/1.1 200 OK"
2026-02-19 12:46:23,664 - INFO - HTTP Request: PUT http://localhost:6333/collections/stock_recommendations/points?wait=true "HTTP/1.1 200 OK"
2026-02-19 12:46:23,688 - INFO - HTTP Request: PUT http://localhost:6333/collections/trading_results/points?wait=true "HTTP/1.1 200 OK"
2026-02-19 12:46:23,695 - INFO - HTTP Request: PUT http://localhost:6333/collections/stock_recommendations/points?wait=true "HTTP/1.1 200 OK"
2026-02-19 12:46:23,698 - INFO - HTTP Request: PUT http://localhost:6333/collections/trading_results/points?wait=true "HTTP/1.1 200 OK"
2026-02-19 12:46:23,705 - INFO - HTTP Request: PUT http://localhost:6333/collections/stock_recommendations/points?wait=true "HTTP/1.1 200 OK"
2026-02-19 12:46:23,733 - INFO - HTTP Request: PUT http://localhost:6333/collections/trading_results/points?wait=true "HTTP/1.1 200 OK"
2026-02-19 12:46:23,741 - INFO - HTTP Request: PUT http://localhost:6333/collections/stock_recommendations/points?wait=true "HTTP/1.1 200 OK"
2026-02-19 12:46:23,744 - INFO - HTTP Request: PUT http://localhost:6333/collections/trading_results/points?wait=true "HTTP/1.1 200 OK"
2026-02-19 12:46:23,751 - INFO - HTTP Request: PUT http://localhost:6333/collections/stock_recommendations/points?wait=true "HTTP/1.1 200 OK"
2026-02-19 12:46:23,753 - INFO - HTTP Request: PUT http://localhost:6333/collections/trading_results/points?wait=true "HTTP/1.1 200 OK"
2026-02-19 12:46:23,759 - INFO - HTTP Request: PUT http://localhost:6333/collections/stock_recommendations/points?wait=true "HTTP/1.1 200 OK"
2026-02-19 12:46:23,763 - INFO - HTTP Request: PUT http://localhost:6333/collections/trading_results/points?wait=true "HTTP/1.1 200 OK"
2026-02-19 12:46:23,769 - INFO - HTTP Request: PUT http://localhost:6333/collections/stock_recommendations/points?wait=true "HTTP/1.1 200 OK"
2026-02-19 12:46:23,773 - INFO - HTTP Request: PUT http://localhost:6333/collections/trading_results/points?wait=true "HTTP/1.1 200 OK"
2026-02-19 12:46:23,781 - INFO - HTTP Request: PUT http://localhost:6333/collections/stock_recommendations/points?wait=true "HTTP/1.1 200 OK"
2026-02-19 12:46:23,798 - INFO - HTTP Request: PUT http://localhost:6333/collections/trading_results/points?wait=true "HTTP/1.1 200 OK"
2026-02-19 12:46:23,805 - INFO - HTTP Request: PUT http://localhost:6333/collections/stock_recommendations/points?wait=true "HTTP/1.1 200 OK"
2026-02-19 12:46:23,811 - INFO - HTTP Request: PUT http://localhost:6333/collections/trading_results/points?wait=true "HTTP/1.1 200 OK"
2026-02-19 12:46:23,817 - INFO - HTTP Request: PUT http://localhost:6333/collections/stock_recommendations/points?wait=true "HTTP/1.1 200 OK"
2026-02-19 12:46:23,820 - INFO - HTTP Request: PUT http://localhost:6333/collections/trading_results/points?wait=true "HTTP/1.1 200 OK"
2026-02-19 12:46:23,828 - INFO - HTTP Request: PUT http://localhost:6333/collections/stock_recommendations/points?wait=true "HTTP/1.1 200 OK"
2026-02-19 12:46:23,832 - INFO - HTTP Request: PUT http://localhost:6333/collections/trading_results/points?wait=true "HTTP/1.1 200 OK"
2026-02-19 12:46:23,839 - INFO - HTTP Request: PUT http://localhost:6333/collections/stock_recommendations/points?wait=true "HTTP/1.1 200 OK"
2026-02-19 12:46:23,841 - INFO - HTTP Request: PUT http://localhost:6333/collections/trading_results/points?wait=true "HTTP/1.1 200 OK"
2026-02-19 12:46:23,870 - INFO - HTTP Request: PUT http://localhost:6333/collections/stock_recommendations/points?wait=true "HTTP/1.1 200 OK"
2026-02-19 12:46:23,874 - INFO - HTTP Request: PUT http://localhost:6333/collections/trading_results/points?wait=true "HTTP/1.1 200 OK"
2026-02-19 12:46:23,902 - INFO - HTTP Request: PUT http://localhost:6333/collections/stock_recommendations/points?wait=true "HTTP/1.1 200 OK"
2026-02-19 12:46:23,905 - INFO - HTTP Request: PUT http://localhost:6333/collections/trading_results/points?wait=true "HTTP/1.1 200 OK"
2026-02-19 12:46:23,934 - INFO - HTTP Request: PUT http://localhost:6333/collections/stock_recommendations/points?wait=true "HTTP/1.1 200 OK"
2026-02-19 12:46:23,941 - INFO - HTTP Request: PUT http://localhost:6333/collections/trading_results/points?wait=true "HTTP/1.1 200 OK"
2026-02-19 12:46:23,952 - INFO - HTTP Request: PUT http://localhost:6333/collections/stock_recommendations/points?wait=true "HTTP/1.1 200 OK"
2026-02-19 12:46:23,955 - INFO - HTTP Request: PUT http://localhost:6333/collections/trading_results/points?wait=true "HTTP/1.1 200 OK"
2026-02-19 12:46:23,981 - INFO - HTTP Request: PUT http://localhost:6333/collections/stock_recommendations/points?wait=true "HTTP/1.1 200 OK"
2026-02-19 12:46:23,983 - INFO - HTTP Request: PUT http://localhost:6333/collections/trading_results/points?wait=true "HTTP/1.1 200 OK"
2026-02-19 12:46:23,990 - INFO - HTTP Request: PUT http://localhost:6333/collections/stock_recommendations/points?wait=true "HTTP/1.1 200 OK"
2026-02-19 12:46:23,994 - INFO - HTTP Request: PUT http://localhost:6333/collections/trading_results/points?wait=true "HTTP/1.1 200 OK"
2026-02-19 12:46:24,004 - INFO - HTTP Request: PUT http://localhost:6333/collections/stock_recommendations/points?wait=true "HTTP/1.1 200 OK"
2026-02-19 12:46:24,006 - INFO - HTTP Request: PUT http://localhost:6333/collections/trading_results/points?wait=true "HTTP/1.1 200 OK"
2026-02-19 12:46:24,031 - INFO - HTTP Request: PUT http://localhost:6333/collections/stock_recommendations/points?wait=true "HTTP/1.1 200 OK"
2026-02-19 12:46:24,035 - INFO - HTTP Request: PUT http://localhost:6333/collections/trading_results/points?wait=true "HTTP/1.1 200 OK"
2026-02-19 12:46:24,042 - INFO - HTTP Request: PUT http://localhost:6333/collections/stock_recommendations/points?wait=true "HTTP/1.1 200 OK"
2026-02-19 12:46:24,047 - INFO - HTTP Request: PUT http://localhost:6333/collections/trading_results/points?wait=true "HTTP/1.1 200 OK"
2026-02-19 12:46:24,053 - INFO - HTTP Request: PUT http://localhost:6333/collections/stock_recommendations/points?wait=true "HTTP/1.1 200 OK"
2026-02-19 12:46:24,057 - INFO - HTTP Request: PUT http://localhost:6333/collections/trading_results/points?wait=true "HTTP/1.1 200 OK"
2026-02-19 12:46:24,064 - INFO - HTTP Request: PUT http://localhost:6333/collections/stock_recommendations/points?wait=true "HTTP/1.1 200 OK"
2026-02-19 12:46:24,068 - INFO - HTTP Request: PUT http://localhost:6333/collections/trading_results/points?wait=true "HTTP/1.1 200 OK"
2026-02-19 12:46:24,076 - INFO - HTTP Request: PUT http://localhost:6333/collections/stock_recommendations/points?wait=true "HTTP/1.1 200 OK"
2026-02-19 12:46:24,080 - INFO - HTTP Request: PUT http://localhost:6333/collections/trading_results/points?wait=true "HTTP/1.1 200 OK"
2026-02-19 12:46:24,111 - INFO - HTTP Request: PUT http://localhost:6333/collections/stock_recommendations/points?wait=true "HTTP/1.1 200 OK"
2026-02-19 12:46:24,114 - INFO - HTTP Request: PUT http://localhost:6333/collections/trading_results/points?wait=true "HTTP/1.1 200 OK"
2026-02-19 12:46:24,138 - INFO - HTTP Request: PUT http://localhost:6333/collections/stock_recommendations/points?wait=true "HTTP/1.1 200 OK"
2026-02-19 12:46:24,142 - INFO - HTTP Request: PUT http://localhost:6333/collections/trading_results/points?wait=true "HTTP/1.1 200 OK"
2026-02-19 12:46:24,148 - INFO - HTTP Request: PUT http://localhost:6333/collections/stock_recommendations/points?wait=true "HTTP/1.1 200 OK"
2026-02-19 12:46:24,151 - INFO - HTTP Request: PUT http://localhost:6333/collections/trading_results/points?wait=true "HTTP/1.1 200 OK"
2026-02-19 12:46:24,159 - INFO - HTTP Request: PUT http://localhost:6333/collections/stock_recommendations/points?wait=true "HTTP/1.1 200 OK"
2026-02-19 12:46:24,162 - INFO - HTTP Request: PUT http://localhost:6333/collections/trading_results/points?wait=true "HTTP/1.1 200 OK"
2026-02-19 12:46:24,168 - INFO - HTTP Request: PUT http://localhost:6333/collections/stock_recommendations/points?wait=true "HTTP/1.1 200 OK"
2026-02-19 12:46:24,173 - INFO - HTTP Request: PUT http://localhost:6333/collections/trading_results/points?wait=true "HTTP/1.1 200 OK"
2026-02-19 12:46:24,202 - INFO - HTTP Request: PUT http://localhost:6333/collections/stock_recommendations/points?wait=true "HTTP/1.1 200 OK"
2026-02-19 12:46:24,215 - INFO - HTTP Request: PUT http://localhost:6333/collections/trading_results/points?wait=true "HTTP/1.1 200 OK"
2026-02-19 12:46:24,224 - INFO - HTTP Request: PUT http://localhost:6333/collections/stock_recommendations/points?wait=true "HTTP/1.1 200 OK"
2026-02-19 12:46:24,226 - INFO - HTTP Request: PUT http://localhost:6333/collections/trading_results/points?wait=true "HTTP/1.1 200 OK"
2026-02-19 12:46:24,233 - INFO - HTTP Request: PUT http://localhost:6333/collections/stock_recommendations/points?wait=true "HTTP/1.1 200 OK"
2026-02-19 12:46:24,235 - INFO - HTTP Request: PUT http://localhost:6333/collections/trading_results/points?wait=true "HTTP/1.1 200 OK"
2026-02-19 12:46:24,242 - INFO - HTTP Request: PUT http://localhost:6333/collections/stock_recommendations/points?wait=true "HTTP/1.1 200 OK"
2026-02-19 12:46:24,247 - INFO - HTTP Request: PUT http://localhost:6333/collections/trading_results/points?wait=true "HTTP/1.1 200 OK"
2026-02-19 12:46:24,253 - INFO - HTTP Request: PUT http://localhost:6333/collections/stock_recommendations/points?wait=true "HTTP/1.1 200 OK"
2026-02-19 12:46:24,257 - INFO - HTTP Request: PUT http://localhost:6333/collections/trading_results/points?wait=true "HTTP/1.1 200 OK"
2026-02-19 12:46:24,281 - INFO - HTTP Request: PUT http://localhost:6333/collections/stock_recommendations/points?wait=true "HTTP/1.1 200 OK"
2026-02-19 12:46:24,284 - INFO - HTTP Request: PUT http://localhost:6333/collections/trading_results/points?wait=true "HTTP/1.1 200 OK"
2026-02-19 12:46:24,292 - INFO - HTTP Request: PUT http://localhost:6333/collections/stock_recommendations/points?wait=true "HTTP/1.1 200 OK"
2026-02-19 12:46:24,295 - INFO - HTTP Request: PUT http://localhost:6333/collections/trading_results/points?wait=true "HTTP/1.1 200 OK"
2026-02-19 12:46:24,302 - INFO - HTTP Request: PUT http://localhost:6333/collections/stock_recommendations/points?wait=true "HTTP/1.1 200 OK"
2026-02-19 12:46:24,304 - INFO - HTTP Request: PUT http://localhost:6333/collections/trading_results/points?wait=true "HTTP/1.1 200 OK"
2026-02-19 12:46:24,313 - INFO - HTTP Request: PUT http://localhost:6333/collections/stock_recommendations/points?wait=true "HTTP/1.1 200 OK"
2026-02-19 12:46:24,317 - INFO - HTTP Request: PUT http://localhost:6333/collections/trading_results/points?wait=true "HTTP/1.1 200 OK"
2026-02-19 12:46:24,324 - INFO - HTTP Request: PUT http://localhost:6333/collections/stock_recommendations/points?wait=true "HTTP/1.1 200 OK"
2026-02-19 12:46:24,329 - INFO - HTTP Request: PUT http://localhost:6333/collections/trading_results/points?wait=true "HTTP/1.1 200 OK"
2026-02-19 12:46:24,358 - INFO - HTTP Request: PUT http://localhost:6333/collections/stock_recommendations/points?wait=true "HTTP/1.1 200 OK"
2026-02-19 12:46:24,371 - INFO - HTTP Request: PUT http://localhost:6333/collections/trading_results/points?wait=true "HTTP/1.1 200 OK"
2026-02-19 12:46:24,381 - INFO - HTTP Request: PUT http://localhost:6333/collections/stock_recommendations/points?wait=true "HTTP/1.1 200 OK"
2026-02-19 12:46:24,383 - INFO - HTTP Request: PUT http://localhost:6333/collections/trading_results/points?wait=true "HTTP/1.1 200 OK"
2026-02-19 12:46:24,389 - INFO - HTTP Request: PUT http://localhost:6333/collections/stock_recommendations/points?wait=true "HTTP/1.1 200 OK"
2026-02-19 12:46:24,393 - INFO - HTTP Request: PUT http://localhost:6333/collections/trading_results/points?wait=true "HTTP/1.1 200 OK"
2026-02-19 12:46:24,400 - INFO - HTTP Request: PUT http://localhost:6333/collections/stock_recommendations/points?wait=true "HTTP/1.1 200 OK"
2026-02-19 12:46:24,403 - INFO - HTTP Request: PUT http://localhost:6333/collections/trading_results/points?wait=true "HTTP/1.1 200 OK"
2026-02-19 12:46:24,414 - INFO - HTTP Request: PUT http://localhost:6333/collections/stock_recommendations/points?wait=true "HTTP/1.1 200 OK"
2026-02-19 12:46:24,420 - INFO - HTTP Request: PUT http://localhost:6333/collections/trading_results/points?wait=true "HTTP/1.1 200 OK"
2026-02-19 12:46:24,454 - INFO - HTTP Request: PUT http://localhost:6333/collections/stock_recommendations/points?wait=true "HTTP/1.1 200 OK"
2026-02-19 12:46:24,468 - INFO - HTTP Request: PUT http://localhost:6333/collections/trading_results/points?wait=true "HTTP/1.1 200 OK"
2026-02-19 12:46:24,480 - INFO - HTTP Request: PUT http://localhost:6333/collections/stock_recommendations/points?wait=true "HTTP/1.1 200 OK"
2026-02-19 12:46:24,484 - INFO - HTTP Request: PUT http://localhost:6333/collections/trading_results/points?wait=true "HTTP/1.1 200 OK"
2026-02-19 12:46:24,492 - INFO - HTTP Request: PUT http://localhost:6333/collections/stock_recommendations/points?wait=true "HTTP/1.1 200 OK"
2026-02-19 12:46:24,496 - INFO - HTTP Request: PUT http://localhost:6333/collections/trading_results/points?wait=true "HTTP/1.1 200 OK"
2026-02-19 12:46:24,506 - INFO - HTTP Request: PUT http://localhost:6333/collections/stock_recommendations/points?wait=true "HTTP/1.1 200 OK"
2026-02-19 12:46:24,509 - INFO - HTTP Request: PUT http://localhost:6333/collections/trading_results/points?wait=true "HTTP/1.1 200 OK"
2026-02-19 12:46:24,518 - INFO - HTTP Request: PUT http://localhost:6333/collections/stock_recommendations/points?wait=true "HTTP/1.1 200 OK"
2026-02-19 12:46:24,522 - INFO - HTTP Request: PUT http://localhost:6333/collections/trading_results/points?wait=true "HTTP/1.1 200 OK"
2026-02-19 12:46:24,529 - INFO - HTTP Request: PUT http://localhost:6333/collections/stock_recommendations/points?wait=true "HTTP/1.1 200 OK"
2026-02-19 12:46:24,535 - INFO - HTTP Request: PUT http://localhost:6333/collections/trading_results/points?wait=true "HTTP/1.1 200 OK"
2026-02-19 12:46:24,562 - INFO - HTTP Request: PUT http://localhost:6333/collections/stock_recommendations/points?wait=true "HTTP/1.1 200 OK"
2026-02-19 12:46:24,564 - INFO - HTTP Request: PUT http://localhost:6333/collections/trading_results/points?wait=true "HTTP/1.1 200 OK"
2026-02-19 12:46:24,572 - INFO - HTTP Request: PUT http://localhost:6333/collections/stock_recommendations/points?wait=true "HTTP/1.1 200 OK"
2026-02-19 12:46:24,574 - INFO - HTTP Request: PUT http://localhost:6333/collections/trading_results/points?wait=true "HTTP/1.1 200 OK"
2026-02-19 12:46:24,582 - INFO - HTTP Request: PUT http://localhost:6333/collections/stock_recommendations/points?wait=true "HTTP/1.1 200 OK"
2026-02-19 12:46:24,586 - INFO - HTTP Request: PUT http://localhost:6333/collections/trading_results/points?wait=true "HTTP/1.1 200 OK"
2026-02-19 12:46:24,595 - INFO - HTTP Request: PUT http://localhost:6333/collections/stock_recommendations/points?wait=true "HTTP/1.1 200 OK"
2026-02-19 12:46:24,598 - INFO - HTTP Request: PUT http://localhost:6333/collections/trading_results/points?wait=true "HTTP/1.1 200 OK"
2026-02-19 12:46:24,605 - INFO - HTTP Request: PUT http://localhost:6333/collections/stock_recommendations/points?wait=true "HTTP/1.1 200 OK"
2026-02-19 12:46:24,610 - INFO - HTTP Request: PUT http://localhost:6333/collections/trading_results/points?wait=true "HTTP/1.1 200 OK"
2026-02-19 12:46:24,638 - INFO - HTTP Request: PUT http://localhost:6333/collections/stock_recommendations/points?wait=true "HTTP/1.1 200 OK"
2026-02-19 12:46:24,652 - INFO - HTTP Request: PUT http://localhost:6333/collections/trading_results/points?wait=true "HTTP/1.1 200 OK"
2026-02-19 12:46:24,658 - INFO - HTTP Request: PUT http://localhost:6333/collections/stock_recommendations/points?wait=true "HTTP/1.1 200 OK"
2026-02-19 12:46:24,664 - INFO - HTTP Request: PUT http://localhost:6333/collections/trading_results/points?wait=true "HTTP/1.1 200 OK"
2026-02-19 12:46:24,672 - INFO - HTTP Request: PUT http://localhost:6333/collections/stock_recommendations/points?wait=true "HTTP/1.1 200 OK"
2026-02-19 12:46:24,675 - INFO - HTTP Request: PUT http://localhost:6333/collections/trading_results/points?wait=true "HTTP/1.1 200 OK"
2026-02-19 12:46:24,681 - INFO - HTTP Request: PUT http://localhost:6333/collections/stock_recommendations/points?wait=true "HTTP/1.1 200 OK"
2026-02-19 12:46:24,685 - INFO - HTTP Request: PUT http://localhost:6333/collections/trading_results/points?wait=true "HTTP/1.1 200 OK"
2026-02-19 12:46:24,691 - INFO - HTTP Request: PUT http://localhost:6333/collections/stock_recommendations/points?wait=true "HTTP/1.1 200 OK"
2026-02-19 12:46:24,695 - INFO - HTTP Request: PUT http://localhost:6333/collections/trading_results/points?wait=true "HTTP/1.1 200 OK"
2026-02-19 12:46:24,703 - INFO - HTTP Request: PUT http://localhost:6333/collections/stock_recommendations/points?wait=true "HTTP/1.1 200 OK"
2026-02-19 12:46:24,705 - INFO - HTTP Request: PUT http://localhost:6333/collections/trading_results/points?wait=true "HTTP/1.1 200 OK"
2026-02-19 12:46:24,736 - INFO - HTTP Request: PUT http://localhost:6333/collections/stock_recommendations/points?wait=true "HTTP/1.1 200 OK"
2026-02-19 12:46:24,740 - INFO - HTTP Request: PUT http://localhost:6333/collections/trading_results/points?wait=true "HTTP/1.1 200 OK"
2026-02-19 12:46:24,746 - INFO - HTTP Request: PUT http://localhost:6333/collections/stock_recommendations/points?wait=true "HTTP/1.1 200 OK"
2026-02-19 12:46:24,751 - INFO - HTTP Request: PUT http://localhost:6333/collections/trading_results/points?wait=true "HTTP/1.1 200 OK"
2026-02-19 12:46:24,780 - INFO - HTTP Request: PUT http://localhost:6333/collections/stock_recommendations/points?wait=true "HTTP/1.1 200 OK"
2026-02-19 12:46:24,784 - INFO - HTTP Request: PUT http://localhost:6333/collections/trading_results/points?wait=true "HTTP/1.1 200 OK"
2026-02-19 12:46:24,792 - INFO - HTTP Request: PUT http://localhost:6333/collections/stock_recommendations/points?wait=true "HTTP/1.1 200 OK"
2026-02-19 12:46:24,796 - INFO - HTTP Request: PUT http://localhost:6333/collections/trading_results/points?wait=true "HTTP/1.1 200 OK"
2026-02-19 12:46:24,803 - INFO - HTTP Request: PUT http://localhost:6333/collections/stock_recommendations/points?wait=true "HTTP/1.1 200 OK"
2026-02-19 12:46:24,807 - INFO - HTTP Request: PUT http://localhost:6333/collections/trading_results/points?wait=true "HTTP/1.1 200 OK"
2026-02-19 12:46:24,814 - INFO - HTTP Request: PUT http://localhost:6333/collections/stock_recommendations/points?wait=true "HTTP/1.1 200 OK"
2026-02-19 12:46:24,817 - INFO - HTTP Request: PUT http://localhost:6333/collections/trading_results/points?wait=true "HTTP/1.1 200 OK"
2026-02-19 12:46:24,823 - INFO - HTTP Request: PUT http://localhost:6333/collections/stock_recommendations/points?wait=true "HTTP/1.1 200 OK"
2026-02-19 12:46:24,826 - INFO - HTTP Request: PUT http://localhost:6333/collections/trading_results/points?wait=true "HTTP/1.1 200 OK"
2026-02-19 12:46:24,832 - INFO - HTTP Request: PUT http://localhost:6333/collections/stock_recommendations/points?wait=true "HTTP/1.1 200 OK"
2026-02-19 12:46:24,836 - INFO - HTTP Request: PUT http://localhost:6333/collections/trading_results/points?wait=true "HTTP/1.1 200 OK"
2026-02-19 12:46:24,843 - INFO - HTTP Request: PUT http://localhost:6333/collections/stock_recommendations/points?wait=true "HTTP/1.1 200 OK"
2026-02-19 12:46:24,848 - INFO - HTTP Request: PUT http://localhost:6333/collections/trading_results/points?wait=true "HTTP/1.1 200 OK"
2026-02-19 12:46:24,855 - INFO - HTTP Request: PUT http://localhost:6333/collections/stock_recommendations/points?wait=true "HTTP/1.1 200 OK"
2026-02-19 12:46:24,859 - INFO - HTTP Request: PUT http://localhost:6333/collections/trading_results/points?wait=true "HTTP/1.1 200 OK"
2026-02-19 12:46:24,867 - INFO - HTTP Request: PUT http://localhost:6333/collections/stock_recommendations/points?wait=true "HTTP/1.1 200 OK"
2026-02-19 12:46:24,870 - INFO - HTTP Request: PUT http://localhost:6333/collections/trading_results/points?wait=true "HTTP/1.1 200 OK"
2026-02-19 12:46:24,897 - INFO - HTTP Request: PUT http://localhost:6333/collections/stock_recommendations/points?wait=true "HTTP/1.1 200 OK"
2026-02-19 12:46:24,901 - INFO - HTTP Request: PUT http://localhost:6333/collections/trading_results/points?wait=true "HTTP/1.1 200 OK"
2026-02-19 12:46:24,923 - INFO - HTTP Request: PUT http://localhost:6333/collections/stock_recommendations/points?wait=true "HTTP/1.1 200 OK"
2026-02-19 12:46:24,925 - INFO - HTTP Request: PUT http://localhost:6333/collections/trading_results/points?wait=true "HTTP/1.1 200 OK"
2026-02-19 12:46:24,956 - INFO - HTTP Request: PUT http://localhost:6333/collections/stock_recommendations/points?wait=true "HTTP/1.1 200 OK"
2026-02-19 12:46:24,958 - INFO - HTTP Request: PUT http://localhost:6333/collections/trading_results/points?wait=true "HTTP/1.1 200 OK"
2026-02-19 12:46:24,984 - INFO - HTTP Request: PUT http://localhost:6333/collections/stock_recommendations/points?wait=true "HTTP/1.1 200 OK"
2026-02-19 12:46:24,989 - INFO - HTTP Request: PUT http://localhost:6333/collections/trading_results/points?wait=true "HTTP/1.1 200 OK"
2026-02-19 12:46:24,999 - INFO - HTTP Request: PUT http://localhost:6333/collections/stock_recommendations/points?wait=true "HTTP/1.1 200 OK"
2026-02-19 12:46:25,004 - INFO - HTTP Request: PUT http://localhost:6333/collections/trading_results/points?wait=true "HTTP/1.1 200 OK"
2026-02-19 12:46:25,013 - INFO - HTTP Request: PUT http://localhost:6333/collections/stock_recommendations/points?wait=true "HTTP/1.1 200 OK"
2026-02-19 12:46:25,017 - INFO - HTTP Request: PUT http://localhost:6333/collections/trading_results/points?wait=true "HTTP/1.1 200 OK"
2026-02-19 12:46:25,024 - INFO - HTTP Request: PUT http://localhost:6333/collections/stock_recommendations/points?wait=true "HTTP/1.1 200 OK"
2026-02-19 12:46:25,032 - INFO - HTTP Request: PUT http://localhost:6333/collections/trading_results/points?wait=true "HTTP/1.1 200 OK"
2026-02-19 12:46:25,046 - INFO - HTTP Request: PUT http://localhost:6333/collections/stock_recommendations/points?wait=true "HTTP/1.1 200 OK"
2026-02-19 12:46:25,051 - INFO - HTTP Request: PUT http://localhost:6333/collections/trading_results/points?wait=true "HTTP/1.1 200 OK"
2026-02-19 12:46:25,061 - INFO - HTTP Request: PUT http://localhost:6333/collections/stock_recommendations/points?wait=true "HTTP/1.1 200 OK"
2026-02-19 12:46:25,065 - INFO - HTTP Request: PUT http://localhost:6333/collections/trading_results/points?wait=true "HTTP/1.1 200 OK"
2026-02-19 12:46:25,072 - INFO - HTTP Request: PUT http://localhost:6333/collections/stock_recommendations/points?wait=true "HTTP/1.1 200 OK"
2026-02-19 12:46:25,081 - INFO - HTTP Request: PUT http://localhost:6333/collections/trading_results/points?wait=true "HTTP/1.1 200 OK"
2026-02-19 12:46:25,090 - INFO - HTTP Request: PUT http://localhost:6333/collections/stock_recommendations/points?wait=true "HTTP/1.1 200 OK"
2026-02-19 12:46:25,092 - INFO - HTTP Request: PUT http://localhost:6333/collections/trading_results/points?wait=true "HTTP/1.1 200 OK"
2026-02-19 12:46:25,117 - INFO - HTTP Request: PUT http://localhost:6333/collections/stock_recommendations/points?wait=true "HTTP/1.1 200 OK"
2026-02-19 12:46:25,125 - INFO - HTTP Request: PUT http://localhost:6333/collections/trading_results/points?wait=true "HTTP/1.1 200 OK"
2026-02-19 12:46:25,133 - INFO - HTTP Request: PUT http://localhost:6333/collections/stock_recommendations/points?wait=true "HTTP/1.1 200 OK"
2026-02-19 12:46:25,137 - INFO - HTTP Request: PUT http://localhost:6333/collections/trading_results/points?wait=true "HTTP/1.1 200 OK"
2026-02-19 12:46:25,143 - INFO - HTTP Request: PUT http://localhost:6333/collections/stock_recommendations/points?wait=true "HTTP/1.1 200 OK"
2026-02-19 12:46:25,170 - INFO - HTTP Request: PUT http://localhost:6333/collections/trading_results/points?wait=true "HTTP/1.1 200 OK"
2026-02-19 12:46:25,189 - INFO - HTTP Request: PUT http://localhost:6333/collections/stock_recommendations/points?wait=true "HTTP/1.1 200 OK"
2026-02-19 12:46:25,203 - INFO - HTTP Request: PUT http://localhost:6333/collections/trading_results/points?wait=true "HTTP/1.1 200 OK"
2026-02-19 12:46:25,237 - INFO - HTTP Request: PUT http://localhost:6333/collections/stock_recommendations/points?wait=true "HTTP/1.1 200 OK"
2026-02-19 12:46:25,241 - INFO - HTTP Request: PUT http://localhost:6333/collections/trading_results/points?wait=true "HTTP/1.1 200 OK"
2026-02-19 12:46:25,248 - INFO - HTTP Request: PUT http://localhost:6333/collections/stock_recommendations/points?wait=true "HTTP/1.1 200 OK"
2026-02-19 12:46:25,252 - INFO - HTTP Request: PUT http://localhost:6333/collections/trading_results/points?wait=true "HTTP/1.1 200 OK"
2026-02-19 12:46:25,259 - INFO - HTTP Request: PUT http://localhost:6333/collections/stock_recommendations/points?wait=true "HTTP/1.1 200 OK"
2026-02-19 12:46:25,264 - INFO - HTTP Request: PUT http://localhost:6333/collections/trading_results/points?wait=true "HTTP/1.1 200 OK"
2026-02-19 12:46:25,271 - INFO - HTTP Request: PUT http://localhost:6333/collections/stock_recommendations/points?wait=true "HTTP/1.1 200 OK"
2026-02-19 12:46:25,274 - INFO - HTTP Request: PUT http://localhost:6333/collections/trading_results/points?wait=true "HTTP/1.1 200 OK"
2026-02-19 12:46:25,281 - INFO - HTTP Request: PUT http://localhost:6333/collections/stock_recommendations/points?wait=true "HTTP/1.1 200 OK"
2026-02-19 12:46:25,285 - INFO - HTTP Request: PUT http://localhost:6333/collections/trading_results/points?wait=true "HTTP/1.1 200 OK"
2026-02-19 12:46:25,293 - INFO - HTTP Request: PUT http://localhost:6333/collections/stock_recommendations/points?wait=true "HTTP/1.1 200 OK"
2026-02-19 12:46:25,299 - INFO - HTTP Request: PUT http://localhost:6333/collections/trading_results/points?wait=true "HTTP/1.1 200 OK"
2026-02-19 12:46:25,305 - INFO - HTTP Request: PUT http://localhost:6333/collections/stock_recommendations/points?wait=true "HTTP/1.1 200 OK"
2026-02-19 12:46:25,309 - INFO - HTTP Request: PUT http://localhost:6333/collections/trading_results/points?wait=true "HTTP/1.1 200 OK"
2026-02-19 12:46:25,316 - INFO - HTTP Request: PUT http://localhost:6333/collections/stock_recommendations/points?wait=true "HTTP/1.1 200 OK"
2026-02-19 12:46:25,319 - INFO - HTTP Request: PUT http://localhost:6333/collections/trading_results/points?wait=true "HTTP/1.1 200 OK"
2026-02-19 12:46:25,325 - INFO - HTTP Request: PUT http://localhost:6333/collections/stock_recommendations/points?wait=true "HTTP/1.1 200 OK"
2026-02-19 12:46:25,329 - INFO - HTTP Request: PUT http://localhost:6333/collections/trading_results/points?wait=true "HTTP/1.1 200 OK"
2026-02-19 12:46:25,358 - INFO - HTTP Request: PUT http://localhost:6333/collections/stock_recommendations/points?wait=true "HTTP/1.1 200 OK"
2026-02-19 12:46:25,364 - INFO - HTTP Request: PUT http://localhost:6333/collections/trading_results/points?wait=true "HTTP/1.1 200 OK"
2026-02-19 12:46:25,391 - INFO - HTTP Request: PUT http://localhost:6333/collections/stock_recommendations/points?wait=true "HTTP/1.1 200 OK"
2026-02-19 12:46:25,397 - INFO - HTTP Request: PUT http://localhost:6333/collections/trading_results/points?wait=true "HTTP/1.1 200 OK"
2026-02-19 12:46:25,405 - INFO - HTTP Request: PUT http://localhost:6333/collections/stock_recommendations/points?wait=true "HTTP/1.1 200 OK"
2026-02-19 12:46:25,431 - INFO - HTTP Request: PUT http://localhost:6333/collections/trading_results/points?wait=true "HTTP/1.1 200 OK"
2026-02-19 12:46:25,438 - INFO - HTTP Request: PUT http://localhost:6333/collections/stock_recommendations/points?wait=true "HTTP/1.1 200 OK"
2026-02-19 12:46:25,445 - INFO - HTTP Request: PUT http://localhost:6333/collections/trading_results/points?wait=true "HTTP/1.1 200 OK"
2026-02-19 12:46:25,464 - INFO - HTTP Request: PUT http://localhost:6333/collections/stock_recommendations/points?wait=true "HTTP/1.1 200 OK"
2026-02-19 12:46:25,467 - INFO - HTTP Request: PUT http://localhost:6333/collections/trading_results/points?wait=true "HTTP/1.1 200 OK"
2026-02-19 12:46:25,474 - INFO - HTTP Request: PUT http://localhost:6333/collections/stock_recommendations/points?wait=true "HTTP/1.1 200 OK"
2026-02-19 12:46:25,478 - INFO - HTTP Request: PUT http://localhost:6333/collections/trading_results/points?wait=true "HTTP/1.1 200 OK"
2026-02-19 12:46:25,485 - INFO - HTTP Request: PUT http://localhost:6333/collections/stock_recommendations/points?wait=true "HTTP/1.1 200 OK"
2026-02-19 12:46:25,488 - INFO - HTTP Request: PUT http://localhost:6333/collections/trading_results/points?wait=true "HTTP/1.1 200 OK"
2026-02-19 12:46:25,522 - INFO - HTTP Request: PUT http://localhost:6333/collections/stock_recommendations/points?wait=true "HTTP/1.1 200 OK"
2026-02-19 12:46:25,526 - INFO - HTTP Request: PUT http://localhost:6333/collections/trading_results/points?wait=true "HTTP/1.1 200 OK"
2026-02-19 12:46:25,537 - INFO - HTTP Request: PUT http://localhost:6333/collections/stock_recommendations/points?wait=true "HTTP/1.1 200 OK"
2026-02-19 12:46:25,541 - INFO - HTTP Request: PUT http://localhost:6333/collections/trading_results/points?wait=true "HTTP/1.1 200 OK"
2026-02-19 12:46:25,546 - INFO - HTTP Request: PUT http://localhost:6333/collections/stock_recommendations/points?wait=true "HTTP/1.1 200 OK"
2026-02-19 12:46:25,550 - INFO - HTTP Request: PUT http://localhost:6333/collections/trading_results/points?wait=true "HTTP/1.1 200 OK"
2026-02-19 12:46:25,559 - INFO - HTTP Request: PUT http://localhost:6333/collections/stock_recommendations/points?wait=true "HTTP/1.1 200 OK"
2026-02-19 12:46:25,563 - INFO - HTTP Request: PUT http://localhost:6333/collections/trading_results/points?wait=true "HTTP/1.1 200 OK"
2026-02-19 12:46:25,570 - INFO - HTTP Request: PUT http://localhost:6333/collections/stock_recommendations/points?wait=true "HTTP/1.1 200 OK"
2026-02-19 12:46:25,584 - INFO - HTTP Request: PUT http://localhost:6333/collections/trading_results/points?wait=true "HTTP/1.1 200 OK"
2026-02-19 12:46:25,592 - INFO - HTTP Request: PUT http://localhost:6333/collections/stock_recommendations/points?wait=true "HTTP/1.1 200 OK"
2026-02-19 12:46:25,615 - INFO - HTTP Request: PUT http://localhost:6333/collections/trading_results/points?wait=true "HTTP/1.1 200 OK"
2026-02-19 12:46:25,622 - INFO - HTTP Request: PUT http://localhost:6333/collections/stock_recommendations/points?wait=true "HTTP/1.1 200 OK"
2026-02-19 12:46:25,626 - INFO - HTTP Request: PUT http://localhost:6333/collections/trading_results/points?wait=true "HTTP/1.1 200 OK"
2026-02-19 12:46:25,634 - INFO - HTTP Request: PUT http://localhost:6333/collections/stock_recommendations/points?wait=true "HTTP/1.1 200 OK"
2026-02-19 12:46:25,636 - INFO - HTTP Request: PUT http://localhost:6333/collections/trading_results/points?wait=true "HTTP/1.1 200 OK"
2026-02-19 12:46:25,643 - INFO - HTTP Request: PUT http://localhost:6333/collections/stock_recommendations/points?wait=true "HTTP/1.1 200 OK"
2026-02-19 12:46:25,647 - INFO - HTTP Request: PUT http://localhost:6333/collections/trading_results/points?wait=true "HTTP/1.1 200 OK"
2026-02-19 12:46:25,654 - INFO - HTTP Request: PUT http://localhost:6333/collections/stock_recommendations/points?wait=true "HTTP/1.1 200 OK"
2026-02-19 12:46:25,656 - INFO - HTTP Request: PUT http://localhost:6333/collections/trading_results/points?wait=true "HTTP/1.1 200 OK"
2026-02-19 12:46:25,665 - INFO - HTTP Request: PUT http://localhost:6333/collections/stock_recommendations/points?wait=true "HTTP/1.1 200 OK"
2026-02-19 12:46:25,666 - INFO - HTTP Request: PUT http://localhost:6333/collections/trading_results/points?wait=true "HTTP/1.1 200 OK"
2026-02-19 12:46:25,674 - INFO - HTTP Request: PUT http://localhost:6333/collections/stock_recommendations/points?wait=true "HTTP/1.1 200 OK"
2026-02-19 12:46:25,678 - INFO - HTTP Request: PUT http://localhost:6333/collections/trading_results/points?wait=true "HTTP/1.1 200 OK"
2026-02-19 12:46:25,686 - INFO - HTTP Request: PUT http://localhost:6333/collections/stock_recommendations/points?wait=true "HTTP/1.1 200 OK"
2026-02-19 12:46:25,690 - INFO - HTTP Request: PUT http://localhost:6333/collections/trading_results/points?wait=true "HTTP/1.1 200 OK"
2026-02-19 12:46:25,696 - INFO - HTTP Request: PUT http://localhost:6333/collections/stock_recommendations/points?wait=true "HTTP/1.1 200 OK"
2026-02-19 12:46:25,702 - INFO - HTTP Request: PUT http://localhost:6333/collections/trading_results/points?wait=true "HTTP/1.1 200 OK"
2026-02-19 12:46:25,712 - INFO - HTTP Request: PUT http://localhost:6333/collections/stock_recommendations/points?wait=true "HTTP/1.1 200 OK"
2026-02-19 12:46:25,733 - INFO - HTTP Request: PUT http://localhost:6333/collections/trading_results/points?wait=true "HTTP/1.1 200 OK"
2026-02-19 12:46:25,764 - INFO - HTTP Request: PUT http://localhost:6333/collections/stock_recommendations/points?wait=true "HTTP/1.1 200 OK"
2026-02-19 12:46:25,768 - INFO - HTTP Request: PUT http://localhost:6333/collections/trading_results/points?wait=true "HTTP/1.1 200 OK"
2026-02-19 12:46:25,789 - INFO - HTTP Request: PUT http://localhost:6333/collections/stock_recommendations/points?wait=true "HTTP/1.1 200 OK"
2026-02-19 12:46:25,794 - INFO - HTTP Request: PUT http://localhost:6333/collections/trading_results/points?wait=true "HTTP/1.1 200 OK"
2026-02-19 12:46:25,803 - INFO - HTTP Request: PUT http://localhost:6333/collections/stock_recommendations/points?wait=true "HTTP/1.1 200 OK"
2026-02-19 12:46:25,807 - INFO - HTTP Request: PUT http://localhost:6333/collections/trading_results/points?wait=true "HTTP/1.1 200 OK"
2026-02-19 12:46:25,814 - INFO - HTTP Request: PUT http://localhost:6333/collections/stock_recommendations/points?wait=true "HTTP/1.1 200 OK"
2026-02-19 12:46:25,818 - INFO - HTTP Request: PUT http://localhost:6333/collections/trading_results/points?wait=true "HTTP/1.1 200 OK"
2026-02-19 12:46:25,827 - INFO - HTTP Request: PUT http://localhost:6333/collections/stock_recommendations/points?wait=true "HTTP/1.1 200 OK"
2026-02-19 12:46:25,830 - INFO - HTTP Request: PUT http://localhost:6333/collections/trading_results/points?wait=true "HTTP/1.1 200 OK"
2026-02-19 12:46:25,839 - INFO - HTTP Request: PUT http://localhost:6333/collections/stock_recommendations/points?wait=true "HTTP/1.1 200 OK"
2026-02-19 12:46:25,843 - INFO - HTTP Request: PUT http://localhost:6333/collections/trading_results/points?wait=true "HTTP/1.1 200 OK"
2026-02-19 12:46:25,865 - INFO - HTTP Request: PUT http://localhost:6333/collections/stock_recommendations/points?wait=true "HTTP/1.1 200 OK"
2026-02-19 12:46:25,886 - INFO - HTTP Request: PUT http://localhost:6333/collections/trading_results/points?wait=true "HTTP/1.1 200 OK"
2026-02-19 12:46:25,904 - INFO - HTTP Request: PUT http://localhost:6333/collections/stock_recommendations/points?wait=true "HTTP/1.1 200 OK"
2026-02-19 12:46:25,907 - INFO - HTTP Request: PUT http://localhost:6333/collections/trading_results/points?wait=true "HTTP/1.1 200 OK"
2026-02-19 12:46:25,934 - INFO - HTTP Request: PUT http://localhost:6333/collections/stock_recommendations/points?wait=true "HTTP/1.1 200 OK"
2026-02-19 12:46:25,938 - INFO - HTTP Request: PUT http://localhost:6333/collections/trading_results/points?wait=true "HTTP/1.1 200 OK"
2026-02-19 12:46:25,946 - INFO - HTTP Request: PUT http://localhost:6333/collections/stock_recommendations/points?wait=true "HTTP/1.1 200 OK"
2026-02-19 12:46:25,950 - INFO - HTTP Request: PUT http://localhost:6333/collections/trading_results/points?wait=true "HTTP/1.1 200 OK"
2026-02-19 12:46:25,959 - INFO - HTTP Request: PUT http://localhost:6333/collections/stock_recommendations/points?wait=true "HTTP/1.1 200 OK"
2026-02-19 12:46:25,963 - INFO - HTTP Request: PUT http://localhost:6333/collections/trading_results/points?wait=true "HTTP/1.1 200 OK"
2026-02-19 12:46:25,986 - INFO - HTTP Request: PUT http://localhost:6333/collections/stock_recommendations/points?wait=true "HTTP/1.1 200 OK"
2026-02-19 12:46:25,996 - INFO - HTTP Request: PUT http://localhost:6333/collections/trading_results/points?wait=true "HTTP/1.1 200 OK"
2026-02-19 12:46:26,004 - INFO - HTTP Request: PUT http://localhost:6333/collections/stock_recommendations/points?wait=true "HTTP/1.1 200 OK"
2026-02-19 12:46:26,006 - INFO - HTTP Request: PUT http://localhost:6333/collections/trading_results/points?wait=true "HTTP/1.1 200 OK"
2026-02-19 12:46:26,013 - INFO - HTTP Request: PUT http://localhost:6333/collections/stock_recommendations/points?wait=true "HTTP/1.1 200 OK"
2026-02-19 12:46:26,016 - INFO - HTTP Request: PUT http://localhost:6333/collections/trading_results/points?wait=true "HTTP/1.1 200 OK"
2026-02-19 12:46:26,024 - INFO - HTTP Request: PUT http://localhost:6333/collections/stock_recommendations/points?wait=true "HTTP/1.1 200 OK"
2026-02-19 12:46:26,046 - INFO - HTTP Request: PUT http://localhost:6333/collections/trading_results/points?wait=true "HTTP/1.1 200 OK"
2026-02-19 12:46:26,077 - INFO - HTTP Request: PUT http://localhost:6333/collections/stock_recommendations/points?wait=true "HTTP/1.1 200 OK"
2026-02-19 12:46:26,081 - INFO - HTTP Request: PUT http://localhost:6333/collections/trading_results/points?wait=true "HTTP/1.1 200 OK"
2026-02-19 12:46:26,086 - INFO - HTTP Request: PUT http://localhost:6333/collections/stock_recommendations/points?wait=true "HTTP/1.1 200 OK"
2026-02-19 12:46:26,091 - INFO - HTTP Request: PUT http://localhost:6333/collections/trading_results/points?wait=true "HTTP/1.1 200 OK"
2026-02-19 12:46:26,109 - INFO - HTTP Request: PUT http://localhost:6333/collections/stock_recommendations/points?wait=true "HTTP/1.1 200 OK"
2026-02-19 12:46:26,112 - INFO - HTTP Request: PUT http://localhost:6333/collections/trading_results/points?wait=true "HTTP/1.1 200 OK"
2026-02-19 12:46:26,118 - INFO - HTTP Request: PUT http://localhost:6333/collections/stock_recommendations/points?wait=true "HTTP/1.1 200 OK"
2026-02-19 12:46:26,123 - INFO - HTTP Request: PUT http://localhost:6333/collections/trading_results/points?wait=true "HTTP/1.1 200 OK"
2026-02-19 12:46:26,131 - INFO - HTTP Request: PUT http://localhost:6333/collections/stock_recommendations/points?wait=true "HTTP/1.1 200 OK"
2026-02-19 12:46:26,134 - INFO - HTTP Request: PUT http://localhost:6333/collections/trading_results/points?wait=true "HTTP/1.1 200 OK"
2026-02-19 12:46:26,141 - INFO - HTTP Request: PUT http://localhost:6333/collections/stock_recommendations/points?wait=true "HTTP/1.1 200 OK"
2026-02-19 12:46:26,169 - INFO - HTTP Request: PUT http://localhost:6333/collections/trading_results/points?wait=true "HTTP/1.1 200 OK"
2026-02-19 12:46:26,178 - INFO - HTTP Request: PUT http://localhost:6333/collections/stock_recommendations/points?wait=true "HTTP/1.1 200 OK"
2026-02-19 12:46:26,199 - INFO - HTTP Request: PUT http://localhost:6333/collections/trading_results/points?wait=true "HTTP/1.1 200 OK"
2026-02-19 12:46:26,207 - INFO - HTTP Request: PUT http://localhost:6333/collections/stock_recommendations/points?wait=true "HTTP/1.1 200 OK"
2026-02-19 12:46:26,211 - INFO - HTTP Request: PUT http://localhost:6333/collections/trading_results/points?wait=true "HTTP/1.1 200 OK"
2026-02-19 12:46:26,234 - INFO - HTTP Request: PUT http://localhost:6333/collections/stock_recommendations/points?wait=true "HTTP/1.1 200 OK"
2026-02-19 12:46:26,238 - INFO - HTTP Request: PUT http://localhost:6333/collections/trading_results/points?wait=true "HTTP/1.1 200 OK"
2026-02-19 12:46:26,244 - INFO - HTTP Request: PUT http://localhost:6333/collections/stock_recommendations/points?wait=true "HTTP/1.1 200 OK"
2026-02-19 12:46:26,262 - INFO - HTTP Request: PUT http://localhost:6333/collections/trading_results/points?wait=true "HTTP/1.1 200 OK"
2026-02-19 12:46:26,280 - INFO - HTTP Request: PUT http://localhost:6333/collections/stock_recommendations/points?wait=true "HTTP/1.1 200 OK"
2026-02-19 12:46:26,284 - INFO - HTTP Request: PUT http://localhost:6333/collections/trading_results/points?wait=true "HTTP/1.1 200 OK"
2026-02-19 12:46:26,290 - INFO - HTTP Request: PUT http://localhost:6333/collections/stock_recommendations/points?wait=true "HTTP/1.1 200 OK"
2026-02-19 12:46:26,295 - INFO - HTTP Request: PUT http://localhost:6333/collections/trading_results/points?wait=true "HTTP/1.1 200 OK"
2026-02-19 12:46:26,302 - INFO - HTTP Request: PUT http://localhost:6333/collections/stock_recommendations/points?wait=true "HTTP/1.1 200 OK"
2026-02-19 12:46:26,304 - INFO - HTTP Request: PUT http://localhost:6333/collections/trading_results/points?wait=true "HTTP/1.1 200 OK"
2026-02-19 12:46:26,313 - INFO - HTTP Request: PUT http://localhost:6333/collections/stock_recommendations/points?wait=true "HTTP/1.1 200 OK"
2026-02-19 12:46:26,317 - INFO - HTTP Request: PUT http://localhost:6333/collections/trading_results/points?wait=true "HTTP/1.1 200 OK"
2026-02-19 12:46:26,323 - INFO - HTTP Request: PUT http://localhost:6333/collections/stock_recommendations/points?wait=true "HTTP/1.1 200 OK"
2026-02-19 12:46:26,325 - INFO - HTTP Request: PUT http://localhost:6333/collections/trading_results/points?wait=true "HTTP/1.1 200 OK"
2026-02-19 12:46:26,331 - INFO - HTTP Request: PUT http://localhost:6333/collections/stock_recommendations/points?wait=true "HTTP/1.1 200 OK"
2026-02-19 12:46:26,335 - INFO - HTTP Request: PUT http://localhost:6333/collections/trading_results/points?wait=true "HTTP/1.1 200 OK"
2026-02-19 12:46:26,342 - INFO - HTTP Request: PUT http://localhost:6333/collections/stock_recommendations/points?wait=true "HTTP/1.1 200 OK"
2026-02-19 12:46:26,346 - INFO - HTTP Request: PUT http://localhost:6333/collections/trading_results/points?wait=true "HTTP/1.1 200 OK"
2026-02-19 12:46:26,353 - INFO - HTTP Request: PUT http://localhost:6333/collections/stock_recommendations/points?wait=true "HTTP/1.1 200 OK"
2026-02-19 12:46:26,356 - INFO - HTTP Request: PUT http://localhost:6333/collections/trading_results/points?wait=true "HTTP/1.1 200 OK"
2026-02-19 12:46:26,374 - INFO - HTTP Request: PUT http://localhost:6333/collections/stock_recommendations/points?wait=true "HTTP/1.1 200 OK"
2026-02-19 12:46:26,379 - INFO - HTTP Request: PUT http://localhost:6333/collections/trading_results/points?wait=true "HTTP/1.1 200 OK"
2026-02-19 12:46:26,385 - INFO - HTTP Request: PUT http://localhost:6333/collections/stock_recommendations/points?wait=true "HTTP/1.1 200 OK"
2026-02-19 12:46:26,389 - INFO - HTTP Request: PUT http://localhost:6333/collections/trading_results/points?wait=true "HTTP/1.1 200 OK"
2026-02-19 12:46:26,421 - INFO - HTTP Request: PUT http://localhost:6333/collections/stock_recommendations/points?wait=true "HTTP/1.1 200 OK"
2026-02-19 12:46:26,425 - INFO - HTTP Request: PUT http://localhost:6333/collections/trading_results/points?wait=true "HTTP/1.1 200 OK"
2026-02-19 12:46:26,431 - INFO - HTTP Request: PUT http://localhost:6333/collections/stock_recommendations/points?wait=true "HTTP/1.1 200 OK"
2026-02-19 12:46:26,433 - INFO - HTTP Request: PUT http://localhost:6333/collections/trading_results/points?wait=true "HTTP/1.1 200 OK"
2026-02-19 12:46:26,439 - INFO - HTTP Request: PUT http://localhost:6333/collections/stock_recommendations/points?wait=true "HTTP/1.1 200 OK"
2026-02-19 12:46:26,442 - INFO - HTTP Request: PUT http://localhost:6333/collections/trading_results/points?wait=true "HTTP/1.1 200 OK"
2026-02-19 12:46:26,448 - INFO - HTTP Request: PUT http://localhost:6333/collections/stock_recommendations/points?wait=true "HTTP/1.1 200 OK"
2026-02-19 12:46:26,452 - INFO - HTTP Request: PUT http://localhost:6333/collections/trading_results/points?wait=true "HTTP/1.1 200 OK"
2026-02-19 12:46:26,457 - INFO - HTTP Request: PUT http://localhost:6333/collections/stock_recommendations/points?wait=true "HTTP/1.1 200 OK"
2026-02-19 12:46:26,462 - INFO - HTTP Request: PUT http://localhost:6333/collections/trading_results/points?wait=true "HTTP/1.1 200 OK"
2026-02-19 12:46:26,469 - INFO - HTTP Request: PUT http://localhost:6333/collections/stock_recommendations/points?wait=true "HTTP/1.1 200 OK"
2026-02-19 12:46:26,472 - INFO - HTTP Request: PUT http://localhost:6333/collections/trading_results/points?wait=true "HTTP/1.1 200 OK"
2026-02-19 12:46:26,499 - INFO - HTTP Request: PUT http://localhost:6333/collections/stock_recommendations/points?wait=true "HTTP/1.1 200 OK"
2026-02-19 12:46:26,503 - INFO - HTTP Request: PUT http://localhost:6333/collections/trading_results/points?wait=true "HTTP/1.1 200 OK"
2026-02-19 12:46:26,513 - INFO - HTTP Request: PUT http://localhost:6333/collections/stock_recommendations/points?wait=true "HTTP/1.1 200 OK"
2026-02-19 12:46:26,516 - INFO - HTTP Request: PUT http://localhost:6333/collections/trading_results/points?wait=true "HTTP/1.1 200 OK"
2026-02-19 12:46:26,524 - INFO - HTTP Request: PUT http://localhost:6333/collections/stock_recommendations/points?wait=true "HTTP/1.1 200 OK"
2026-02-19 12:46:26,526 - INFO - HTTP Request: PUT http://localhost:6333/collections/trading_results/points?wait=true "HTTP/1.1 200 OK"
2026-02-19 12:46:26,545 - INFO - HTTP Request: PUT http://localhost:6333/collections/stock_recommendations/points?wait=true "HTTP/1.1 200 OK"
2026-02-19 12:46:26,549 - INFO - HTTP Request: PUT http://localhost:6333/collections/trading_results/points?wait=true "HTTP/1.1 200 OK"
2026-02-19 12:46:26,555 - INFO - HTTP Request: PUT http://localhost:6333/collections/stock_recommendations/points?wait=true "HTTP/1.1 200 OK"
2026-02-19 12:46:26,560 - INFO - HTTP Request: PUT http://localhost:6333/collections/trading_results/points?wait=true "HTTP/1.1 200 OK"
2026-02-19 12:46:26,567 - INFO - HTTP Request: PUT http://localhost:6333/collections/stock_recommendations/points?wait=true "HTTP/1.1 200 OK"
2026-02-19 12:46:26,571 - INFO - HTTP Request: PUT http://localhost:6333/collections/trading_results/points?wait=true "HTTP/1.1 200 OK"
2026-02-19 12:46:26,578 - INFO - HTTP Request: PUT http://localhost:6333/collections/stock_recommendations/points?wait=true "HTTP/1.1 200 OK"
2026-02-19 12:46:26,582 - INFO - HTTP Request: PUT http://localhost:6333/collections/trading_results/points?wait=true "HTTP/1.1 200 OK"
2026-02-19 12:46:26,588 - INFO - HTTP Request: PUT http://localhost:6333/collections/stock_recommendations/points?wait=true "HTTP/1.1 200 OK"
2026-02-19 12:46:26,590 - INFO - HTTP Request: PUT http://localhost:6333/collections/trading_results/points?wait=true "HTTP/1.1 200 OK"
2026-02-19 12:46:26,600 - INFO - HTTP Request: PUT http://localhost:6333/collections/stock_recommendations/points?wait=true "HTTP/1.1 200 OK"
2026-02-19 12:46:26,602 - INFO - HTTP Request: PUT http://localhost:6333/collections/trading_results/points?wait=true "HTTP/1.1 200 OK"
2026-02-19 12:46:26,609 - INFO - HTTP Request: PUT http://localhost:6333/collections/stock_recommendations/points?wait=true "HTTP/1.1 200 OK"
2026-02-19 12:46:26,614 - INFO - HTTP Request: PUT http://localhost:6333/collections/trading_results/points?wait=true "HTTP/1.1 200 OK"
2026-02-19 12:46:26,622 - INFO - HTTP Request: PUT http://localhost:6333/collections/stock_recommendations/points?wait=true "HTTP/1.1 200 OK"
2026-02-19 12:46:26,627 - INFO - HTTP Request: PUT http://localhost:6333/collections/trading_results/points?wait=true "HTTP/1.1 200 OK"
2026-02-19 12:46:26,656 - INFO - HTTP Request: PUT http://localhost:6333/collections/stock_recommendations/points?wait=true "HTTP/1.1 200 OK"
2026-02-19 12:46:26,660 - INFO - HTTP Request: PUT http://localhost:6333/collections/trading_results/points?wait=true "HTTP/1.1 200 OK"
2026-02-19 12:46:26,688 - INFO - HTTP Request: PUT http://localhost:6333/collections/stock_recommendations/points?wait=true "HTTP/1.1 200 OK"
2026-02-19 12:46:26,692 - INFO - HTTP Request: PUT http://localhost:6333/collections/trading_results/points?wait=true "HTTP/1.1 200 OK"
2026-02-19 12:46:26,717 - INFO - HTTP Request: PUT http://localhost:6333/collections/stock_recommendations/points?wait=true "HTTP/1.1 200 OK"
2026-02-19 12:46:26,719 - INFO - HTTP Request: PUT http://localhost:6333/collections/trading_results/points?wait=true "HTTP/1.1 200 OK"
2026-02-19 12:46:26,731 - INFO - HTTP Request: PUT http://localhost:6333/collections/stock_recommendations/points?wait=true "HTTP/1.1 200 OK"
2026-02-19 12:46:26,734 - INFO - HTTP Request: PUT http://localhost:6333/collections/trading_results/points?wait=true "HTTP/1.1 200 OK"
2026-02-19 12:46:26,740 - INFO - HTTP Request: PUT http://localhost:6333/collections/stock_recommendations/points?wait=true "HTTP/1.1 200 OK"
2026-02-19 12:46:26,746 - INFO - HTTP Request: PUT http://localhost:6333/collections/trading_results/points?wait=true "HTTP/1.1 200 OK"
2026-02-19 12:46:26,752 - INFO - HTTP Request: PUT http://localhost:6333/collections/stock_recommendations/points?wait=true "HTTP/1.1 200 OK"
2026-02-19 12:46:26,756 - INFO - HTTP Request: PUT http://localhost:6333/collections/trading_results/points?wait=true "HTTP/1.1 200 OK"
2026-02-19 12:46:26,781 - INFO - HTTP Request: PUT http://localhost:6333/collections/stock_recommendations/points?wait=true "HTTP/1.1 200 OK"
2026-02-19 12:46:26,795 - INFO - HTTP Request: PUT http://localhost:6333/collections/trading_results/points?wait=true "HTTP/1.1 200 OK"
2026-02-19 12:46:26,813 - INFO - HTTP Request: PUT http://localhost:6333/collections/stock_recommendations/points?wait=true "HTTP/1.1 200 OK"
2026-02-19 12:46:26,817 - INFO - HTTP Request: PUT http://localhost:6333/collections/trading_results/points?wait=true "HTTP/1.1 200 OK"
2026-02-19 12:46:26,840 - INFO - HTTP Request: PUT http://localhost:6333/collections/stock_recommendations/points?wait=true "HTTP/1.1 200 OK"
2026-02-19 12:46:26,847 - INFO - HTTP Request: PUT http://localhost:6333/collections/trading_results/points?wait=true "HTTP/1.1 400 Bad Request"
2026-02-19 12:50:24,269 - INFO - ============================================================
2026-02-19 12:50:24,269 - INFO - 2026 PAPER TRADING — LIVE DATA
2026-02-19 12:50:24,277 - INFO -   Device         : cuda
2026-02-19 12:50:24,277 - INFO - ============================================================
2026-02-19 12:50:24,277 - INFO - Loading ticker universe from phase1_predictions.parquet
2026-02-19 12:50:24,437 - INFO - Ticker universe: 189 stocks
2026-02-19 12:50:24,437 - INFO - ============================================================
2026-02-19 12:50:24,437 - INFO - STEP 1: Downloading OHLCV data
2026-02-19 12:50:24,437 - INFO -   Tickers: 189
2026-02-19 12:50:24,437 - INFO - ============================================================
2026-02-19 12:50:27,686 - INFO -   Progress: 20/189 tickers downloaded
2026-02-19 12:50:30,998 - INFO -   Progress: 40/189 tickers downloaded
2026-02-19 12:50:34,247 - INFO -   Progress: 60/189 tickers downloaded
2026-02-19 12:50:37,741 - INFO -   Progress: 80/189 tickers downloaded
2026-02-19 12:50:41,229 - INFO -   Progress: 100/189 tickers downloaded
2026-02-19 12:50:44,858 - INFO -   Progress: 120/189 tickers downloaded
2026-02-19 12:50:48,086 - INFO -   Progress: 140/189 tickers downloaded
2026-02-19 12:50:51,232 - INFO -   Progress: 160/189 tickers downloaded
2026-02-19 12:50:54,687 - INFO -   Progress: 180/189 tickers downloaded
2026-02-19 12:50:57,082 - INFO - OHLCV data cached to C:\Users\luixj\AI\stock-data\data\processed\phase4\ohlcv_2026_cache.parquet
2026-02-19 12:50:57,082 - INFO - ============================================================
2026-02-19 12:50:57,082 - INFO - STEP 2: Computing 14 core features
2026-02-19 12:50:57,082 - INFO - ============================================================
2026-02-19 12:50:57,091 - INFO - Calculating 14 core features (leakage-safe)...
2026-02-19 12:50:57,263 - INFO - Core features calculated:
2026-02-19 12:50:57,263 - INFO -   Returns: ret_1d, ret_5d, ret_20d
2026-02-19 12:50:57,263 - INFO -   Volatility: vol_10d, vol_20d
2026-02-19 12:50:57,265 - INFO -   Price: hl_range, oc_gap
2026-02-19 12:50:57,265 - INFO -   Trend: sma_10_dist, sma_20_dist
2026-02-19 12:50:57,265 - INFO -   Volume: log_volume, volume_change
2026-02-19 12:50:57,265 - INFO -   Market: market_return, vs_market, market_correlation
2026-02-19 12:50:57,265 - INFO -   Total: 14 features
2026-02-19 12:50:57,265 - INFO - Features: 22301 rows, 189 tickers
2026-02-19 12:50:57,265 - INFO - ============================================================
2026-02-19 12:50:57,265 - INFO - STEP 3: Loading model from C:\Users\luixj\AI\stock-data\models\checkpoints\lstm_phase2a_temp0.05_best.pth
2026-02-19 12:50:57,265 - INFO - ============================================================
2026-02-19 12:50:57,357 - INFO - Model loaded (strict=True)
2026-02-19 12:50:57,372 - INFO - Model ready on cuda
2026-02-19 12:50:57,374 - INFO - ============================================================
2026-02-19 12:50:57,374 - INFO - ============================================================
2026-02-19 12:50:57,380 - INFO - Trading days in simulation range: 32
2026-02-19 12:50:57,422 - INFO -   2026-01-02: 0 predictions generated
2026-02-19 12:50:57,442 - INFO -   2026-01-05: 0 predictions generated
2026-02-19 12:50:57,462 - INFO -   2026-01-06: 0 predictions generated
2026-02-19 12:50:57,482 - INFO -   2026-01-07: 0 predictions generated
2026-02-19 12:50:57,525 - INFO -   2026-01-08: 0 predictions generated
2026-02-19 12:50:57,568 - INFO -   2026-01-09: 0 predictions generated
2026-02-19 12:50:57,612 - INFO -   2026-01-12: 0 predictions generated
2026-02-19 12:50:57,655 - INFO -   2026-01-13: 0 predictions generated
2026-02-19 12:50:57,696 - INFO -   2026-01-14: 0 predictions generated
2026-02-19 12:50:57,739 - INFO -   2026-01-15: 0 predictions generated
2026-02-19 12:50:57,782 - INFO -   2026-01-16: 0 predictions generated
2026-02-19 12:50:57,822 - INFO -   2026-01-20: 0 predictions generated
2026-02-19 12:50:57,874 - INFO -   2026-01-21: 0 predictions generated
2026-02-19 12:50:57,915 - INFO -   2026-01-22: 0 predictions generated
2026-02-19 12:50:57,963 - INFO -   2026-01-23: 0 predictions generated
2026-02-19 12:50:58,006 - INFO -   2026-01-26: 0 predictions generated
2026-02-19 12:50:58,052 - INFO -   2026-01-27: 0 predictions generated
2026-02-19 12:50:58,094 - INFO -   2026-01-28: 0 predictions generated
2026-02-19 12:50:58,135 - INFO -   2026-01-29: 0 predictions generated
2026-02-19 12:50:58,179 - INFO -   2026-01-30: 0 predictions generated
2026-02-19 12:50:58,223 - INFO -   2026-02-02: 0 predictions generated
2026-02-19 12:50:58,267 - INFO -   2026-02-03: 0 predictions generated
2026-02-19 12:50:58,309 - INFO -   2026-02-04: 0 predictions generated
2026-02-19 12:50:58,354 - INFO -   2026-02-05: 0 predictions generated
2026-02-19 12:50:58,906 - INFO -   2026-02-06: 189 predictions generated
2026-02-19 12:50:59,362 - INFO -   2026-02-09: 189 predictions generated
2026-02-19 12:50:59,820 - INFO -   2026-02-10: 189 predictions generated
2026-02-19 12:51:00,278 - INFO -   2026-02-11: 189 predictions generated
2026-02-19 12:51:00,745 - INFO -   2026-02-12: 189 predictions generated
2026-02-19 12:51:01,212 - INFO -   2026-02-13: 189 predictions generated
2026-02-19 12:51:01,672 - INFO -   2026-02-17: 189 predictions generated
2026-02-19 12:51:02,132 - INFO -   2026-02-18: 189 predictions generated
2026-02-19 12:51:02,135 - INFO - Total: 1512 predictions | 8 days | 189 tickers
2026-02-19 12:51:02,142 - INFO - Saved 2026 predictions: C:\Users\luixj\AI\stock-data\data\processed\phase4\predictions_2026.parquet
2026-02-19 12:51:02,142 - INFO - ============================================================
2026-02-19 12:51:02,142 - INFO - STEP 5: Combining 2025 + 2026 predictions and simulating
2026-02-19 12:51:02,142 - INFO - ============================================================
2026-02-19 12:51:02,278 - INFO - Combined: 37044 rows | 196 dates | 189 tickers
2026-02-19 12:51:02,280 - INFO -   Saved to: C:\Users\luixj\AI\stock-data\data\processed\phase4\predictions_combined.parquet
2026-02-19 12:51:02,282 - INFO - Loading predictions from C:\Users\luixj\AI\stock-data\data\processed\phase4\predictions_combined.parquet
2026-02-19 12:51:02,294 - INFO - Running paper trading simulation for 196 days
2026-02-19 12:51:02,294 - INFO - Date range: 2025-04-01 to 2026-02-18
2026-02-19 12:51:02,294 - INFO - 
============================================================
2026-02-19 12:51:02,294 - INFO - Running paper trading for 2025-04-01
2026-02-19 12:51:02,294 - INFO - ============================================================
2026-02-19 12:51:02,297 - INFO - Portfolio construction: 38 longs, 15 shorts (from 38 candidates)
2026-02-19 12:51:02,297 - INFO - PnL Net: 0.0027 | Scaled: 0.0027 | Turnover: 100.00% | Vol Scale: 1.00
2026-02-19 12:51:02,297 - INFO - 
============================================================
2026-02-19 12:51:02,297 - INFO - Running paper trading for 2025-04-02
2026-02-19 12:51:02,297 - INFO - ============================================================
2026-02-19 12:51:02,299 - INFO - Portfolio construction: 38 longs, 38 shorts (from 38 candidates)
2026-02-19 12:51:02,299 - INFO - PnL Net: -0.0234 | Scaled: -0.0234 | Turnover: 16.46% | Vol Scale: 1.00
2026-02-19 12:51:02,299 - INFO - 
============================================================
2026-02-19 12:51:02,299 - INFO - Running paper trading for 2025-04-03
2026-02-19 12:51:02,299 - INFO - ============================================================
2026-02-19 12:51:02,301 - INFO - Portfolio construction: 38 longs, 38 shorts (from 38 candidates)
2026-02-19 12:51:02,301 - INFO - PnL Net: -0.0208 | Scaled: -0.0208 | Turnover: 20.14% | Vol Scale: 1.00
2026-02-19 12:51:02,301 - INFO - 
============================================================
2026-02-19 12:51:02,301 - INFO - Running paper trading for 2025-04-04
2026-02-19 12:51:02,301 - INFO - ============================================================
2026-02-19 12:51:02,301 - INFO - Portfolio construction: 38 longs, 38 shorts (from 38 candidates)
2026-02-19 12:51:02,302 - INFO - PnL Net: -0.0002 | Scaled: -0.0002 | Turnover: 27.43% | Vol Scale: 1.00
2026-02-19 12:51:02,302 - INFO - 
============================================================
2026-02-19 12:51:02,302 - INFO - Running paper trading for 2025-04-07
2026-02-19 12:51:02,302 - INFO - ============================================================
2026-02-19 12:51:02,302 - INFO - Portfolio construction: 38 longs, 38 shorts (from 38 candidates)
2026-02-19 12:51:02,302 - INFO - PnL Net: -0.0028 | Scaled: -0.0028 | Turnover: 21.14% | Vol Scale: 1.00
2026-02-19 12:51:02,302 - INFO - 
============================================================
2026-02-19 12:51:02,302 - INFO - Running paper trading for 2025-04-08
2026-02-19 12:51:02,302 - INFO - ============================================================
2026-02-19 12:51:02,304 - INFO - Portfolio construction: 38 longs, 38 shorts (from 38 candidates)
2026-02-19 12:51:02,304 - INFO - PnL Net: 0.0243 | Scaled: 0.0243 | Turnover: 21.60% | Vol Scale: 1.00
2026-02-19 12:51:02,304 - INFO - 
============================================================
2026-02-19 12:51:02,304 - INFO - Running paper trading for 2025-04-09
2026-02-19 12:51:02,304 - INFO - ============================================================
2026-02-19 12:51:02,306 - INFO - Portfolio construction: 38 longs, 1 shorts (from 38 candidates)
2026-02-19 12:51:02,306 - INFO - PnL Net: -0.0107 | Scaled: -0.0107 | Turnover: 20.86% | Vol Scale: 1.00
2026-02-19 12:51:02,306 - INFO - 
============================================================
2026-02-19 12:51:02,306 - INFO - Running paper trading for 2025-04-10
2026-02-19 12:51:02,306 - INFO - ============================================================
2026-02-19 12:51:02,308 - INFO - Portfolio construction: 38 longs, 38 shorts (from 38 candidates)
2026-02-19 12:51:02,308 - INFO - PnL Net: 0.0049 | Scaled: 0.0049 | Turnover: 22.53% | Vol Scale: 1.00
2026-02-19 12:51:02,308 - INFO - 
============================================================
2026-02-19 12:51:02,308 - INFO - Running paper trading for 2025-04-11
2026-02-19 12:51:02,308 - INFO - ============================================================
2026-02-19 12:51:02,310 - INFO - Portfolio construction: 38 longs, 1 shorts (from 38 candidates)
2026-02-19 12:51:02,310 - INFO - PnL Net: 0.0038 | Scaled: 0.0038 | Turnover: 20.79% | Vol Scale: 1.00
2026-02-19 12:51:02,310 - INFO - 
============================================================
2026-02-19 12:51:02,310 - INFO - Running paper trading for 2025-04-14
2026-02-19 12:51:02,311 - INFO - ============================================================
2026-02-19 12:51:02,311 - INFO - Portfolio construction: 38 longs, 38 shorts (from 38 candidates)
2026-02-19 12:51:02,311 - INFO - Vol targeting: rolling_vol=0.2061, scale=0.5000
2026-02-19 12:51:02,313 - INFO - PnL Net: -0.0018 | Scaled: -0.0009 | Turnover: 21.69% | Vol Scale: 0.50
2026-02-19 12:51:02,313 - INFO - 
============================================================
2026-02-19 12:51:02,313 - INFO - Running paper trading for 2025-04-15
2026-02-19 12:51:02,313 - INFO - ============================================================
2026-02-19 12:51:02,314 - INFO - Portfolio construction: 38 longs, 38 shorts (from 38 candidates)
2026-02-19 12:51:02,314 - INFO - Vol targeting: rolling_vol=0.1968, scale=0.5000
2026-02-19 12:51:02,314 - INFO - PnL Net: -0.0047 | Scaled: -0.0023 | Turnover: 21.09% | Vol Scale: 0.50
2026-02-19 12:51:02,314 - INFO - 
============================================================
2026-02-19 12:51:02,314 - INFO - Running paper trading for 2025-04-16
2026-02-19 12:51:02,314 - INFO - ============================================================
2026-02-19 12:51:02,316 - INFO - Portfolio construction: 38 longs, 38 shorts (from 38 candidates)
2026-02-19 12:51:02,316 - INFO - Vol targeting: rolling_vol=0.1890, scale=0.5000
2026-02-19 12:51:02,316 - INFO - PnL Net: 0.0008 | Scaled: 0.0004 | Turnover: 21.09% | Vol Scale: 0.50
2026-02-19 12:51:02,316 - INFO - 
============================================================
2026-02-19 12:51:02,316 - INFO - Running paper trading for 2025-04-17
2026-02-19 12:51:02,316 - INFO - ============================================================
2026-02-19 12:51:02,317 - INFO - Portfolio construction: 38 longs, 38 shorts (from 38 candidates)
2026-02-19 12:51:02,317 - INFO - Vol targeting: rolling_vol=0.1826, scale=0.5000
2026-02-19 12:51:02,318 - INFO - PnL Net: -0.0068 | Scaled: -0.0034 | Turnover: 18.47% | Vol Scale: 0.50
2026-02-19 12:51:02,318 - INFO - 
============================================================
2026-02-19 12:51:02,318 - INFO - Running paper trading for 2025-04-21
2026-02-19 12:51:02,318 - INFO - ============================================================
2026-02-19 12:51:02,319 - INFO - Portfolio construction: 38 longs, 6 shorts (from 38 candidates)
2026-02-19 12:51:02,319 - INFO - Vol targeting: rolling_vol=0.1822, scale=0.5000
2026-02-19 12:51:02,319 - INFO - PnL Net: 0.0089 | Scaled: 0.0045 | Turnover: 17.46% | Vol Scale: 0.50
2026-02-19 12:51:02,319 - INFO - 
============================================================
2026-02-19 12:51:02,319 - INFO - Running paper trading for 2025-04-22
2026-02-19 12:51:02,319 - INFO - ============================================================
2026-02-19 12:51:02,320 - INFO - Portfolio construction: 38 longs, 38 shorts (from 38 candidates)
2026-02-19 12:51:02,320 - INFO - Vol targeting: rolling_vol=0.1783, scale=0.5000
2026-02-19 12:51:02,321 - INFO - PnL Net: 0.0053 | Scaled: 0.0027 | Turnover: 18.72% | Vol Scale: 0.50
2026-02-19 12:51:02,321 - INFO - 
============================================================
2026-02-19 12:51:02,321 - INFO - Running paper trading for 2025-04-23
2026-02-19 12:51:02,321 - INFO - ============================================================
2026-02-19 12:51:02,322 - INFO - Portfolio construction: 38 longs, 5 shorts (from 38 candidates)
2026-02-19 12:51:02,322 - INFO - Vol targeting: rolling_vol=0.1782, scale=0.5000
2026-02-19 12:51:02,322 - INFO - PnL Net: 0.0102 | Scaled: 0.0051 | Turnover: 20.73% | Vol Scale: 0.50
2026-02-19 12:51:02,322 - INFO - 
============================================================
2026-02-19 12:51:02,322 - INFO - Running paper trading for 2025-04-24
2026-02-19 12:51:02,323 - INFO - ============================================================
2026-02-19 12:51:02,324 - INFO - Portfolio construction: 38 longs, 38 shorts (from 38 candidates)
2026-02-19 12:51:02,324 - INFO - Vol targeting: rolling_vol=0.1730, scale=0.5000
2026-02-19 12:51:02,324 - INFO - PnL Net: 0.0011 | Scaled: 0.0006 | Turnover: 18.37% | Vol Scale: 0.50
2026-02-19 12:51:02,325 - INFO - 
============================================================
2026-02-19 12:51:02,325 - INFO - Running paper trading for 2025-04-25
2026-02-19 12:51:02,325 - INFO - ============================================================
2026-02-19 12:51:02,325 - INFO - Portfolio construction: 38 longs, 38 shorts (from 38 candidates)
2026-02-19 12:51:02,325 - INFO - Vol targeting: rolling_vol=0.1682, scale=0.5000
2026-02-19 12:51:02,325 - INFO - PnL Net: 0.0007 | Scaled: 0.0004 | Turnover: 23.46% | Vol Scale: 0.50
2026-02-19 12:51:02,325 - INFO - 
============================================================
2026-02-19 12:51:02,325 - INFO - Running paper trading for 2025-04-28
2026-02-19 12:51:02,325 - INFO - ============================================================
2026-02-19 12:51:02,327 - INFO - Portfolio construction: 38 longs, 38 shorts (from 38 candidates)
2026-02-19 12:51:02,327 - INFO - Vol targeting: rolling_vol=0.1639, scale=0.5000
2026-02-19 12:51:02,327 - INFO - PnL Net: 0.0018 | Scaled: 0.0009 | Turnover: 19.52% | Vol Scale: 0.50
2026-02-19 12:51:02,327 - INFO - 
============================================================
2026-02-19 12:51:02,327 - INFO - Running paper trading for 2025-04-29
2026-02-19 12:51:02,327 - INFO - ============================================================
2026-02-19 12:51:02,329 - INFO - Portfolio construction: 38 longs, 30 shorts (from 38 candidates)
2026-02-19 12:51:02,329 - INFO - Vol targeting: rolling_vol=0.1599, scale=0.5004
2026-02-19 12:51:02,329 - INFO - PnL Net: 0.0011 | Scaled: 0.0005 | Turnover: 16.79% | Vol Scale: 0.50
2026-02-19 12:51:02,329 - INFO - 
============================================================
2026-02-19 12:51:02,329 - INFO - Running paper trading for 2025-04-30
2026-02-19 12:51:02,329 - INFO - ============================================================
2026-02-19 12:51:02,331 - INFO - Portfolio construction: 38 longs, 38 shorts (from 38 candidates)
2026-02-19 12:51:02,331 - INFO - Vol targeting: rolling_vol=0.1596, scale=0.5012
2026-02-19 12:51:02,331 - INFO - PnL Net: 0.0014 | Scaled: 0.0007 | Turnover: 20.09% | Vol Scale: 0.50
2026-02-19 12:51:02,331 - INFO - 
============================================================
2026-02-19 12:51:02,331 - INFO - Running paper trading for 2025-05-01
2026-02-19 12:51:02,331 - INFO - ============================================================
2026-02-19 12:51:02,331 - INFO - Portfolio construction: 38 longs, 38 shorts (from 38 candidates)
2026-02-19 12:51:02,333 - INFO - Vol targeting: rolling_vol=0.1370, scale=0.5840
2026-02-19 12:51:02,333 - INFO - PnL Net: 0.0062 | Scaled: 0.0036 | Turnover: 17.98% | Vol Scale: 0.58
2026-02-19 12:51:02,333 - INFO - 
============================================================
2026-02-19 12:51:02,333 - INFO - Running paper trading for 2025-05-02
2026-02-19 12:51:02,333 - INFO - ============================================================
2026-02-19 12:51:02,333 - INFO - Portfolio construction: 38 longs, 13 shorts (from 38 candidates)
2026-02-19 12:51:02,333 - INFO - Vol targeting: rolling_vol=0.1119, scale=0.7149
2026-02-19 12:51:02,333 - INFO - PnL Net: -0.0011 | Scaled: -0.0008 | Turnover: 17.52% | Vol Scale: 0.71
2026-02-19 12:51:02,333 - INFO - 
============================================================
2026-02-19 12:51:02,333 - INFO - Running paper trading for 2025-05-05
2026-02-19 12:51:02,333 - INFO - ============================================================
2026-02-19 12:51:02,335 - INFO - Portfolio construction: 38 longs, 2 shorts (from 38 candidates)
2026-02-19 12:51:02,335 - INFO - Vol targeting: rolling_vol=0.1128, scale=0.7091
2026-02-19 12:51:02,335 - INFO - PnL Net: -0.0026 | Scaled: -0.0018 | Turnover: 19.38% | Vol Scale: 0.71
2026-02-19 12:51:02,335 - INFO - 
============================================================
2026-02-19 12:51:02,335 - INFO - Running paper trading for 2025-05-06
2026-02-19 12:51:02,335 - INFO - ============================================================
2026-02-19 12:51:02,335 - INFO - Portfolio construction: 38 longs, 33 shorts (from 38 candidates)
2026-02-19 12:51:02,337 - INFO - Vol targeting: rolling_vol=0.1115, scale=0.7177
2026-02-19 12:51:02,337 - INFO - PnL Net: 0.0026 | Scaled: 0.0019 | Turnover: 19.06% | Vol Scale: 0.72
2026-02-19 12:51:02,337 - INFO - 
============================================================
2026-02-19 12:51:02,337 - INFO - Running paper trading for 2025-05-07
2026-02-19 12:51:02,337 - INFO - ============================================================
2026-02-19 12:51:02,337 - INFO - Portfolio construction: 38 longs, 9 shorts (from 38 candidates)
2026-02-19 12:51:02,339 - INFO - Vol targeting: rolling_vol=0.0781, scale=1.0243
2026-02-19 12:51:02,339 - INFO - PnL Net: 0.0043 | Scaled: 0.0045 | Turnover: 18.97% | Vol Scale: 1.02
2026-02-19 12:51:02,339 - INFO - 
============================================================
2026-02-19 12:51:02,339 - INFO - Running paper trading for 2025-05-08
2026-02-19 12:51:02,339 - INFO - ============================================================
2026-02-19 12:51:02,341 - INFO - Portfolio construction: 38 longs, 10 shorts (from 38 candidates)
2026-02-19 12:51:02,341 - INFO - Vol targeting: rolling_vol=0.0656, scale=1.2200
2026-02-19 12:51:02,341 - INFO - PnL Net: -0.0009 | Scaled: -0.0012 | Turnover: 19.75% | Vol Scale: 1.22
2026-02-19 12:51:02,341 - INFO - 
============================================================
2026-02-19 12:51:02,341 - INFO - Running paper trading for 2025-05-09
2026-02-19 12:51:02,341 - INFO - ============================================================
2026-02-19 12:51:02,343 - INFO - Portfolio construction: 38 longs, 37 shorts (from 38 candidates)
2026-02-19 12:51:02,343 - INFO - Vol targeting: rolling_vol=0.0785, scale=1.0196
2026-02-19 12:51:02,343 - INFO - PnL Net: 0.0145 | Scaled: 0.0148 | Turnover: 18.03% | Vol Scale: 1.02
2026-02-19 12:51:02,343 - INFO - 
============================================================
2026-02-19 12:51:02,343 - INFO - Running paper trading for 2025-05-12
2026-02-19 12:51:02,343 - INFO - ============================================================
2026-02-19 12:51:02,343 - INFO - Portfolio construction: 38 longs, 38 shorts (from 38 candidates)
2026-02-19 12:51:02,343 - INFO - Vol targeting: rolling_vol=0.0804, scale=0.9956
2026-02-19 12:51:02,343 - INFO - PnL Net: 0.0074 | Scaled: 0.0074 | Turnover: 18.12% | Vol Scale: 1.00
2026-02-19 12:51:02,343 - INFO - 
============================================================
2026-02-19 12:51:02,343 - INFO - Running paper trading for 2025-05-13
2026-02-19 12:51:02,343 - INFO - ============================================================
2026-02-19 12:51:02,345 - INFO - Portfolio construction: 38 longs, 38 shorts (from 38 candidates)
2026-02-19 12:51:02,345 - INFO - Vol targeting: rolling_vol=0.0797, scale=1.0044
2026-02-19 12:51:02,345 - INFO - PnL Net: -0.0006 | Scaled: -0.0006 | Turnover: 21.90% | Vol Scale: 1.00
2026-02-19 12:51:02,345 - INFO - 
============================================================
2026-02-19 12:51:02,345 - INFO - Running paper trading for 2025-05-14
2026-02-19 12:51:02,345 - INFO - ============================================================
2026-02-19 12:51:02,347 - INFO - Portfolio construction: 38 longs, 38 shorts (from 38 candidates)
2026-02-19 12:51:02,347 - INFO - Vol targeting: rolling_vol=0.0757, scale=1.0562
2026-02-19 12:51:02,347 - INFO - PnL Net: 0.0052 | Scaled: 0.0055 | Turnover: 20.59% | Vol Scale: 1.06
2026-02-19 12:51:02,347 - INFO - 
============================================================
2026-02-19 12:51:02,347 - INFO - Running paper trading for 2025-05-15
2026-02-19 12:51:02,347 - INFO - ============================================================
2026-02-19 12:51:02,349 - INFO - Portfolio construction: 38 longs, 38 shorts (from 38 candidates)
2026-02-19 12:51:02,349 - INFO - Vol targeting: rolling_vol=0.0754, scale=1.0608
2026-02-19 12:51:02,349 - INFO - PnL Net: 0.0020 | Scaled: 0.0021 | Turnover: 19.63% | Vol Scale: 1.06
2026-02-19 12:51:02,349 - INFO - 
============================================================
2026-02-19 12:51:02,349 - INFO - Running paper trading for 2025-05-16
2026-02-19 12:51:02,349 - INFO - ============================================================
2026-02-19 12:51:02,349 - INFO - Portfolio construction: 38 longs, 38 shorts (from 38 candidates)
2026-02-19 12:51:02,349 - INFO - Vol targeting: rolling_vol=0.0684, scale=1.1703
2026-02-19 12:51:02,351 - INFO - PnL Net: -0.0013 | Scaled: -0.0015 | Turnover: 18.38% | Vol Scale: 1.17
2026-02-19 12:51:02,351 - INFO - 
============================================================
2026-02-19 12:51:02,351 - INFO - Running paper trading for 2025-05-19
2026-02-19 12:51:02,351 - INFO - ============================================================
2026-02-19 12:51:02,351 - INFO - Portfolio construction: 38 longs, 38 shorts (from 38 candidates)
2026-02-19 12:51:02,351 - INFO - Vol targeting: rolling_vol=0.0676, scale=1.1828
2026-02-19 12:51:02,351 - INFO - PnL Net: -0.0021 | Scaled: -0.0025 | Turnover: 16.36% | Vol Scale: 1.18
2026-02-19 12:51:02,351 - INFO - 
============================================================
2026-02-19 12:51:02,351 - INFO - Running paper trading for 2025-05-20
2026-02-19 12:51:02,351 - INFO - ============================================================
2026-02-19 12:51:02,354 - INFO - Portfolio construction: 38 longs, 38 shorts (from 38 candidates)
2026-02-19 12:51:02,354 - INFO - Vol targeting: rolling_vol=0.0748, scale=1.0691
2026-02-19 12:51:02,354 - INFO - PnL Net: -0.0070 | Scaled: -0.0075 | Turnover: 15.81% | Vol Scale: 1.07
2026-02-19 12:51:02,354 - INFO - 
============================================================
2026-02-19 12:51:02,354 - INFO - Running paper trading for 2025-05-21
2026-02-19 12:51:02,354 - INFO - ============================================================
2026-02-19 12:51:02,356 - INFO - Portfolio construction: 38 longs, 38 shorts (from 38 candidates)
2026-02-19 12:51:02,356 - INFO - Vol targeting: rolling_vol=0.0690, scale=1.1591
2026-02-19 12:51:02,356 - INFO - PnL Net: 0.0004 | Scaled: 0.0004 | Turnover: 19.34% | Vol Scale: 1.16
2026-02-19 12:51:02,356 - INFO - 
============================================================
2026-02-19 12:51:02,356 - INFO - Running paper trading for 2025-05-22
2026-02-19 12:51:02,356 - INFO - ============================================================
2026-02-19 12:51:02,357 - INFO - Portfolio construction: 38 longs, 32 shorts (from 38 candidates)
2026-02-19 12:51:02,357 - INFO - Vol targeting: rolling_vol=0.0706, scale=1.1324
2026-02-19 12:51:02,357 - INFO - PnL Net: -0.0027 | Scaled: -0.0031 | Turnover: 19.64% | Vol Scale: 1.13
2026-02-19 12:51:02,357 - INFO - 
============================================================
2026-02-19 12:51:02,357 - INFO - Running paper trading for 2025-05-23
2026-02-19 12:51:02,357 - INFO - ============================================================
2026-02-19 12:51:02,359 - INFO - Portfolio construction: 38 longs, 38 shorts (from 38 candidates)
2026-02-19 12:51:02,359 - INFO - Vol targeting: rolling_vol=0.0743, scale=1.0767
2026-02-19 12:51:02,359 - INFO - PnL Net: 0.0082 | Scaled: 0.0088 | Turnover: 19.52% | Vol Scale: 1.08
2026-02-19 12:51:02,359 - INFO - 
============================================================
2026-02-19 12:51:02,359 - INFO - Running paper trading for 2025-05-27
2026-02-19 12:51:02,359 - INFO - ============================================================
2026-02-19 12:51:02,361 - INFO - Portfolio construction: 38 longs, 38 shorts (from 38 candidates)
2026-02-19 12:51:02,361 - INFO - Vol targeting: rolling_vol=0.0756, scale=1.0588
2026-02-19 12:51:02,361 - INFO - PnL Net: -0.0021 | Scaled: -0.0022 | Turnover: 18.56% | Vol Scale: 1.06
2026-02-19 12:51:02,361 - INFO - 
============================================================
2026-02-19 12:51:02,361 - INFO - Running paper trading for 2025-05-28
2026-02-19 12:51:02,361 - INFO - ============================================================
2026-02-19 12:51:02,362 - INFO - Portfolio construction: 38 longs, 38 shorts (from 38 candidates)
2026-02-19 12:51:02,362 - INFO - Vol targeting: rolling_vol=0.0756, scale=1.0575
2026-02-19 12:51:02,362 - INFO - PnL Net: 0.0004 | Scaled: 0.0005 | Turnover: 16.29% | Vol Scale: 1.06
2026-02-19 12:51:02,362 - INFO - 
============================================================
2026-02-19 12:51:02,362 - INFO - Running paper trading for 2025-05-29
2026-02-19 12:51:02,362 - INFO - ============================================================
2026-02-19 12:51:02,364 - INFO - Portfolio construction: 38 longs, 38 shorts (from 38 candidates)
2026-02-19 12:51:02,364 - INFO - Vol targeting: rolling_vol=0.0762, scale=1.0504
2026-02-19 12:51:02,364 - INFO - PnL Net: -0.0009 | Scaled: -0.0010 | Turnover: 19.51% | Vol Scale: 1.05
2026-02-19 12:51:02,364 - INFO - 
============================================================
2026-02-19 12:51:02,364 - INFO - Running paper trading for 2025-05-30
2026-02-19 12:51:02,364 - INFO - ============================================================
2026-02-19 12:51:02,364 - INFO - Portfolio construction: 38 longs, 38 shorts (from 38 candidates)
2026-02-19 12:51:02,364 - INFO - Vol targeting: rolling_vol=0.0742, scale=1.0777
2026-02-19 12:51:02,366 - INFO - PnL Net: 0.0008 | Scaled: 0.0009 | Turnover: 21.02% | Vol Scale: 1.08
2026-02-19 12:51:02,366 - INFO - 
============================================================
2026-02-19 12:51:02,366 - INFO - Running paper trading for 2025-06-02
2026-02-19 12:51:02,366 - INFO - ============================================================
2026-02-19 12:51:02,366 - INFO - Portfolio construction: 38 longs, 38 shorts (from 38 candidates)
2026-02-19 12:51:02,366 - INFO - Vol targeting: rolling_vol=0.0737, scale=1.0849
2026-02-19 12:51:02,367 - INFO - PnL Net: 0.0011 | Scaled: 0.0012 | Turnover: 20.37% | Vol Scale: 1.08
2026-02-19 12:51:02,367 - INFO - 
============================================================
2026-02-19 12:51:02,367 - INFO - Running paper trading for 2025-06-03
2026-02-19 12:51:02,367 - INFO - ============================================================
2026-02-19 12:51:02,367 - INFO - Portfolio construction: 38 longs, 38 shorts (from 38 candidates)
2026-02-19 12:51:02,367 - INFO - Vol targeting: rolling_vol=0.0730, scale=1.0965
2026-02-19 12:51:02,367 - INFO - PnL Net: -0.0012 | Scaled: -0.0013 | Turnover: 18.45% | Vol Scale: 1.10
2026-02-19 12:51:02,367 - INFO - 
============================================================
2026-02-19 12:51:02,367 - INFO - Running paper trading for 2025-06-04
2026-02-19 12:51:02,367 - INFO - ============================================================
2026-02-19 12:51:02,369 - INFO - Portfolio construction: 38 longs, 38 shorts (from 38 candidates)
2026-02-19 12:51:02,369 - INFO - Vol targeting: rolling_vol=0.0730, scale=1.0962
2026-02-19 12:51:02,369 - INFO - PnL Net: -0.0000 | Scaled: -0.0000 | Turnover: 16.06% | Vol Scale: 1.10
2026-02-19 12:51:02,369 - INFO - 
============================================================
2026-02-19 12:51:02,369 - INFO - Running paper trading for 2025-06-05
2026-02-19 12:51:02,369 - INFO - ============================================================
2026-02-19 12:51:02,371 - INFO - Portfolio construction: 38 longs, 38 shorts (from 38 candidates)
2026-02-19 12:51:02,371 - INFO - Vol targeting: rolling_vol=0.0721, scale=1.1092
2026-02-19 12:51:02,371 - INFO - PnL Net: 0.0008 | Scaled: 0.0009 | Turnover: 17.46% | Vol Scale: 1.11
2026-02-19 12:51:02,371 - INFO - 
============================================================
2026-02-19 12:51:02,371 - INFO - Running paper trading for 2025-06-06
2026-02-19 12:51:02,371 - INFO - ============================================================
2026-02-19 12:51:02,373 - INFO - Portfolio construction: 38 longs, 38 shorts (from 38 candidates)
2026-02-19 12:51:02,374 - INFO - Vol targeting: rolling_vol=0.0728, scale=1.0986
2026-02-19 12:51:02,374 - INFO - PnL Net: -0.0024 | Scaled: -0.0026 | Turnover: 18.52% | Vol Scale: 1.10
2026-02-19 12:51:02,374 - INFO - 
============================================================
2026-02-19 12:51:02,374 - INFO - Running paper trading for 2025-06-09
2026-02-19 12:51:02,374 - INFO - ============================================================
2026-02-19 12:51:02,374 - INFO - Portfolio construction: 38 longs, 13 shorts (from 38 candidates)
2026-02-19 12:51:02,376 - INFO - Vol targeting: rolling_vol=0.0539, scale=1.4831
2026-02-19 12:51:02,376 - INFO - PnL Net: 0.0012 | Scaled: 0.0018 | Turnover: 20.04% | Vol Scale: 1.48
2026-02-19 12:51:02,376 - INFO - 
============================================================
2026-02-19 12:51:02,376 - INFO - Running paper trading for 2025-06-10
2026-02-19 12:51:02,376 - INFO - ============================================================
2026-02-19 12:51:02,376 - INFO - Portfolio construction: 38 longs, 6 shorts (from 38 candidates)
2026-02-19 12:51:02,378 - INFO - Vol targeting: rolling_vol=0.0476, scale=1.6799
2026-02-19 12:51:02,378 - INFO - PnL Net: -0.0013 | Scaled: -0.0021 | Turnover: 17.79% | Vol Scale: 1.68
2026-02-19 12:51:02,378 - INFO - 
============================================================
2026-02-19 12:51:02,378 - INFO - Running paper trading for 2025-06-11
2026-02-19 12:51:02,378 - INFO - ============================================================
2026-02-19 12:51:02,378 - INFO - Portfolio construction: 38 longs, 16 shorts (from 38 candidates)
2026-02-19 12:51:02,378 - INFO - Vol targeting: rolling_vol=0.0477, scale=1.6785
2026-02-19 12:51:02,380 - INFO - PnL Net: 0.0007 | Scaled: 0.0012 | Turnover: 18.77% | Vol Scale: 1.68
2026-02-19 12:51:02,380 - INFO - 
============================================================
2026-02-19 12:51:02,380 - INFO - Running paper trading for 2025-06-12
2026-02-19 12:51:02,380 - INFO - ============================================================
2026-02-19 12:51:02,380 - INFO - Portfolio construction: 38 longs, 38 shorts (from 38 candidates)
2026-02-19 12:51:02,380 - INFO - Vol targeting: rolling_vol=0.0449, scale=1.7832
2026-02-19 12:51:02,380 - INFO - PnL Net: -0.0033 | Scaled: -0.0058 | Turnover: 21.75% | Vol Scale: 1.78
2026-02-19 12:51:02,382 - INFO - 
============================================================
2026-02-19 12:51:02,382 - INFO - Running paper trading for 2025-06-13
2026-02-19 12:51:02,382 - INFO - ============================================================
2026-02-19 12:51:02,382 - INFO - Portfolio construction: 38 longs, 38 shorts (from 38 candidates)
2026-02-19 12:51:02,382 - INFO - Vol targeting: rolling_vol=0.0444, scale=1.8031
2026-02-19 12:51:02,382 - INFO - PnL Net: 0.0011 | Scaled: 0.0020 | Turnover: 18.70% | Vol Scale: 1.80
2026-02-19 12:51:02,382 - INFO - 
============================================================
2026-02-19 12:51:02,382 - INFO - Running paper trading for 2025-06-16
2026-02-19 12:51:02,382 - INFO - ============================================================
2026-02-19 12:51:02,384 - INFO - Portfolio construction: 38 longs, 38 shorts (from 38 candidates)
2026-02-19 12:51:02,384 - INFO - Vol targeting: rolling_vol=0.0455, scale=1.7575
2026-02-19 12:51:02,384 - INFO - PnL Net: -0.0035 | Scaled: -0.0061 | Turnover: 16.38% | Vol Scale: 1.76
2026-02-19 12:51:02,384 - INFO - 
============================================================
2026-02-19 12:51:02,384 - INFO - Running paper trading for 2025-06-17
2026-02-19 12:51:02,384 - INFO - ============================================================
2026-02-19 12:51:02,386 - INFO - Portfolio construction: 38 longs, 38 shorts (from 38 candidates)
2026-02-19 12:51:02,386 - INFO - Vol targeting: rolling_vol=0.0452, scale=1.7708
2026-02-19 12:51:02,386 - INFO - PnL Net: -0.0005 | Scaled: -0.0009 | Turnover: 17.30% | Vol Scale: 1.77
2026-02-19 12:51:02,386 - INFO - 
============================================================
2026-02-19 12:51:02,386 - INFO - Running paper trading for 2025-06-18
2026-02-19 12:51:02,386 - INFO - ============================================================
2026-02-19 12:51:02,386 - INFO - Portfolio construction: 38 longs, 38 shorts (from 38 candidates)
2026-02-19 12:51:02,388 - INFO - Vol targeting: rolling_vol=0.0385, scale=2.0000
2026-02-19 12:51:02,388 - INFO - PnL Net: 0.0001 | Scaled: 0.0003 | Turnover: 18.66% | Vol Scale: 2.00
2026-02-19 12:51:02,388 - INFO - 
============================================================
2026-02-19 12:51:02,388 - INFO - Running paper trading for 2025-06-20
2026-02-19 12:51:02,388 - INFO - ============================================================
2026-02-19 12:51:02,388 - INFO - Portfolio construction: 38 longs, 38 shorts (from 38 candidates)
2026-02-19 12:51:02,388 - INFO - Vol targeting: rolling_vol=0.0397, scale=2.0000
2026-02-19 12:51:02,390 - INFO - PnL Net: 0.0027 | Scaled: 0.0053 | Turnover: 20.03% | Vol Scale: 2.00
2026-02-19 12:51:02,390 - INFO - 
============================================================
2026-02-19 12:51:02,390 - INFO - Running paper trading for 2025-06-23
2026-02-19 12:51:02,390 - INFO - ============================================================
2026-02-19 12:51:02,390 - INFO - Portfolio construction: 38 longs, 38 shorts (from 38 candidates)
2026-02-19 12:51:02,390 - INFO - Vol targeting: rolling_vol=0.0406, scale=1.9706
2026-02-19 12:51:02,390 - INFO - PnL Net: 0.0039 | Scaled: 0.0076 | Turnover: 17.48% | Vol Scale: 1.97
2026-02-19 12:51:02,390 - INFO - 
============================================================
2026-02-19 12:51:02,390 - INFO - Running paper trading for 2025-06-24
2026-02-19 12:51:02,392 - INFO - ============================================================
2026-02-19 12:51:02,392 - INFO - Portfolio construction: 38 longs, 38 shorts (from 38 candidates)
2026-02-19 12:51:02,392 - INFO - Vol targeting: rolling_vol=0.0294, scale=2.0000
2026-02-19 12:51:02,392 - INFO - PnL Net: -0.0021 | Scaled: -0.0042 | Turnover: 18.08% | Vol Scale: 2.00
2026-02-19 12:51:02,392 - INFO - 
============================================================
2026-02-19 12:51:02,392 - INFO - Running paper trading for 2025-06-25
2026-02-19 12:51:02,392 - INFO - ============================================================
2026-02-19 12:51:02,395 - INFO - Portfolio construction: 38 longs, 38 shorts (from 38 candidates)
2026-02-19 12:51:02,395 - INFO - Vol targeting: rolling_vol=0.0295, scale=2.0000
2026-02-19 12:51:02,395 - INFO - PnL Net: 0.0019 | Scaled: 0.0038 | Turnover: 17.90% | Vol Scale: 2.00
2026-02-19 12:51:02,395 - INFO - 
============================================================
2026-02-19 12:51:02,395 - INFO - Running paper trading for 2025-06-26
2026-02-19 12:51:02,395 - INFO - ============================================================
2026-02-19 12:51:02,395 - INFO - Portfolio construction: 38 longs, 38 shorts (from 38 candidates)
2026-02-19 12:51:02,397 - INFO - Vol targeting: rolling_vol=0.0299, scale=2.0000
2026-02-19 12:51:02,397 - INFO - PnL Net: 0.0015 | Scaled: 0.0029 | Turnover: 17.70% | Vol Scale: 2.00
2026-02-19 12:51:02,397 - INFO - 
============================================================
2026-02-19 12:51:02,397 - INFO - Running paper trading for 2025-06-27
2026-02-19 12:51:02,397 - INFO - ============================================================
2026-02-19 12:51:02,397 - INFO - Portfolio construction: 38 longs, 38 shorts (from 38 candidates)
2026-02-19 12:51:02,397 - INFO - Vol targeting: rolling_vol=0.0300, scale=2.0000
2026-02-19 12:51:02,397 - INFO - PnL Net: 0.0013 | Scaled: 0.0025 | Turnover: 16.45% | Vol Scale: 2.00
2026-02-19 12:51:02,399 - INFO - 
============================================================
2026-02-19 12:51:02,399 - INFO - Running paper trading for 2025-06-30
2026-02-19 12:51:02,399 - INFO - ============================================================
2026-02-19 12:51:02,399 - INFO - Portfolio construction: 38 longs, 38 shorts (from 38 candidates)
2026-02-19 12:51:02,399 - INFO - Vol targeting: rolling_vol=0.0351, scale=2.0000
2026-02-19 12:51:02,399 - INFO - PnL Net: 0.0055 | Scaled: 0.0109 | Turnover: 17.10% | Vol Scale: 2.00
2026-02-19 12:51:02,399 - INFO - 
============================================================
2026-02-19 12:51:02,399 - INFO - Running paper trading for 2025-07-01
2026-02-19 12:51:02,399 - INFO - ============================================================
2026-02-19 12:51:02,401 - INFO - Portfolio construction: 38 longs, 38 shorts (from 38 candidates)
2026-02-19 12:51:02,401 - INFO - Vol targeting: rolling_vol=0.0352, scale=2.0000
2026-02-19 12:51:02,401 - INFO - PnL Net: 0.0013 | Scaled: 0.0026 | Turnover: 15.04% | Vol Scale: 2.00
2026-02-19 12:51:02,401 - INFO - 
============================================================
2026-02-19 12:51:02,401 - INFO - Running paper trading for 2025-07-02
2026-02-19 12:51:02,401 - INFO - ============================================================
2026-02-19 12:51:02,403 - INFO - Portfolio construction: 38 longs, 38 shorts (from 38 candidates)
2026-02-19 12:51:02,403 - INFO - Vol targeting: rolling_vol=0.0349, scale=2.0000
2026-02-19 12:51:02,403 - INFO - PnL Net: 0.0014 | Scaled: 0.0028 | Turnover: 12.74% | Vol Scale: 2.00
2026-02-19 12:51:02,403 - INFO - 
============================================================
2026-02-19 12:51:02,403 - INFO - Running paper trading for 2025-07-03
2026-02-19 12:51:02,403 - INFO - ============================================================
2026-02-19 12:51:02,405 - INFO - Portfolio construction: 38 longs, 38 shorts (from 38 candidates)
2026-02-19 12:51:02,405 - INFO - Vol targeting: rolling_vol=0.0371, scale=2.0000
2026-02-19 12:51:02,405 - INFO - PnL Net: -0.0032 | Scaled: -0.0063 | Turnover: 11.38% | Vol Scale: 2.00
2026-02-19 12:51:02,405 - INFO - 
============================================================
2026-02-19 12:51:02,406 - INFO - Running paper trading for 2025-07-07
2026-02-19 12:51:02,406 - INFO - ============================================================
2026-02-19 12:51:02,407 - INFO - Portfolio construction: 38 longs, 38 shorts (from 38 candidates)
2026-02-19 12:51:02,411 - INFO - Vol targeting: rolling_vol=0.0371, scale=2.0000
2026-02-19 12:51:02,411 - INFO - PnL Net: 0.0005 | Scaled: 0.0010 | Turnover: 10.84% | Vol Scale: 2.00
2026-02-19 12:51:02,411 - INFO - 
============================================================
2026-02-19 12:51:02,411 - INFO - Running paper trading for 2025-07-08
2026-02-19 12:51:02,411 - INFO - ============================================================
2026-02-19 12:51:02,412 - INFO - Portfolio construction: 38 longs, 38 shorts (from 38 candidates)
2026-02-19 12:51:02,412 - INFO - Vol targeting: rolling_vol=0.0357, scale=2.0000
2026-02-19 12:51:02,412 - INFO - PnL Net: 0.0009 | Scaled: 0.0019 | Turnover: 18.35% | Vol Scale: 2.00
2026-02-19 12:51:02,412 - INFO - 
============================================================
2026-02-19 12:51:02,412 - INFO - Running paper trading for 2025-07-09
2026-02-19 12:51:02,412 - INFO - ============================================================
2026-02-19 12:51:02,413 - INFO - Portfolio construction: 38 longs, 38 shorts (from 38 candidates)
2026-02-19 12:51:02,413 - INFO - Vol targeting: rolling_vol=0.0364, scale=2.0000
2026-02-19 12:51:02,415 - INFO - PnL Net: 0.0026 | Scaled: 0.0053 | Turnover: 19.70% | Vol Scale: 2.00
2026-02-19 12:51:02,415 - INFO - 
============================================================
2026-02-19 12:51:02,415 - INFO - Running paper trading for 2025-07-10
2026-02-19 12:51:02,415 - INFO - ============================================================
2026-02-19 12:51:02,416 - INFO - Portfolio construction: 38 longs, 12 shorts (from 38 candidates)
2026-02-19 12:51:02,417 - INFO - Vol targeting: rolling_vol=0.0379, scale=2.0000
2026-02-19 12:51:02,417 - INFO - PnL Net: -0.0029 | Scaled: -0.0058 | Turnover: 19.47% | Vol Scale: 2.00
2026-02-19 12:51:02,417 - INFO - 
============================================================
2026-02-19 12:51:02,417 - INFO - Running paper trading for 2025-07-11
2026-02-19 12:51:02,417 - INFO - ============================================================
2026-02-19 12:51:02,418 - INFO - Portfolio construction: 38 longs, 26 shorts (from 38 candidates)
2026-02-19 12:51:02,418 - INFO - Vol targeting: rolling_vol=0.0382, scale=2.0000
2026-02-19 12:51:02,418 - INFO - PnL Net: -0.0008 | Scaled: -0.0016 | Turnover: 19.00% | Vol Scale: 2.00
2026-02-19 12:51:02,418 - INFO - 
============================================================
2026-02-19 12:51:02,419 - INFO - Running paper trading for 2025-07-14
2026-02-19 12:51:02,419 - INFO - ============================================================
2026-02-19 12:51:02,420 - INFO - Portfolio construction: 38 longs, 38 shorts (from 38 candidates)
2026-02-19 12:51:02,420 - INFO - Vol targeting: rolling_vol=0.0411, scale=1.9456
2026-02-19 12:51:02,421 - INFO - PnL Net: -0.0053 | Scaled: -0.0103 | Turnover: 18.01% | Vol Scale: 1.95
2026-02-19 12:51:02,421 - INFO - 
============================================================
2026-02-19 12:51:02,421 - INFO - Running paper trading for 2025-07-15
2026-02-19 12:51:02,421 - INFO - ============================================================
2026-02-19 12:51:02,422 - INFO - Portfolio construction: 38 longs, 24 shorts (from 38 candidates)
2026-02-19 12:51:02,423 - INFO - Vol targeting: rolling_vol=0.0411, scale=1.9452
2026-02-19 12:51:02,423 - INFO - PnL Net: 0.0011 | Scaled: 0.0022 | Turnover: 17.80% | Vol Scale: 1.95
2026-02-19 12:51:02,423 - INFO - 
============================================================
2026-02-19 12:51:02,423 - INFO - Running paper trading for 2025-07-16
2026-02-19 12:51:02,423 - INFO - ============================================================
2026-02-19 12:51:02,424 - INFO - Portfolio construction: 38 longs, 4 shorts (from 38 candidates)
2026-02-19 12:51:02,424 - INFO - Vol targeting: rolling_vol=0.0400, scale=1.9977
2026-02-19 12:51:02,424 - INFO - PnL Net: 0.0035 | Scaled: 0.0070 | Turnover: 18.83% | Vol Scale: 2.00
2026-02-19 12:51:02,424 - INFO - 
============================================================
2026-02-19 12:51:02,424 - INFO - Running paper trading for 2025-07-17
2026-02-19 12:51:02,424 - INFO - ============================================================
2026-02-19 12:51:02,425 - INFO - Portfolio construction: 38 longs, 38 shorts (from 38 candidates)
2026-02-19 12:51:02,425 - INFO - Vol targeting: rolling_vol=0.0400, scale=2.0000
2026-02-19 12:51:02,425 - INFO - PnL Net: -0.0003 | Scaled: -0.0006 | Turnover: 20.65% | Vol Scale: 2.00
2026-02-19 12:51:02,426 - INFO - 
============================================================
2026-02-19 12:51:02,426 - INFO - Running paper trading for 2025-07-18
2026-02-19 12:51:02,426 - INFO - ============================================================
2026-02-19 12:51:02,427 - INFO - Portfolio construction: 38 longs, 38 shorts (from 38 candidates)
2026-02-19 12:51:02,427 - INFO - Vol targeting: rolling_vol=0.0407, scale=1.9646
2026-02-19 12:51:02,427 - INFO - PnL Net: -0.0016 | Scaled: -0.0032 | Turnover: 22.59% | Vol Scale: 1.96
2026-02-19 12:51:02,427 - INFO - 
============================================================
2026-02-19 12:51:02,427 - INFO - Running paper trading for 2025-07-21
2026-02-19 12:51:02,427 - INFO - ============================================================
2026-02-19 12:51:02,428 - INFO - Portfolio construction: 38 longs, 38 shorts (from 38 candidates)
2026-02-19 12:51:02,428 - INFO - Vol targeting: rolling_vol=0.0456, scale=1.7529
2026-02-19 12:51:02,429 - INFO - PnL Net: 0.0068 | Scaled: 0.0120 | Turnover: 18.81% | Vol Scale: 1.75
2026-02-19 12:51:02,429 - INFO - 
============================================================
2026-02-19 12:51:02,429 - INFO - Running paper trading for 2025-07-22
2026-02-19 12:51:02,429 - INFO - ============================================================
2026-02-19 12:51:02,430 - INFO - Portfolio construction: 38 longs, 38 shorts (from 38 candidates)
2026-02-19 12:51:02,430 - INFO - Vol targeting: rolling_vol=0.0446, scale=1.7927
2026-02-19 12:51:02,430 - INFO - PnL Net: 0.0023 | Scaled: 0.0041 | Turnover: 18.89% | Vol Scale: 1.79
2026-02-19 12:51:02,430 - INFO - 
============================================================
2026-02-19 12:51:02,430 - INFO - Running paper trading for 2025-07-23
2026-02-19 12:51:02,430 - INFO - ============================================================
2026-02-19 12:51:02,432 - INFO - Portfolio construction: 38 longs, 38 shorts (from 38 candidates)
2026-02-19 12:51:02,432 - INFO - Vol targeting: rolling_vol=0.0451, scale=1.7756
2026-02-19 12:51:02,432 - INFO - PnL Net: -0.0026 | Scaled: -0.0046 | Turnover: 15.52% | Vol Scale: 1.78
2026-02-19 12:51:02,433 - INFO - 
============================================================
2026-02-19 12:51:02,433 - INFO - Running paper trading for 2025-07-24
2026-02-19 12:51:02,433 - INFO - ============================================================
2026-02-19 12:51:02,433 - INFO - Portfolio construction: 38 longs, 38 shorts (from 38 candidates)
2026-02-19 12:51:02,433 - INFO - Vol targeting: rolling_vol=0.0449, scale=1.7834
2026-02-19 12:51:02,433 - INFO - PnL Net: 0.0011 | Scaled: 0.0019 | Turnover: 15.70% | Vol Scale: 1.78
2026-02-19 12:51:02,433 - INFO - 
============================================================
2026-02-19 12:51:02,433 - INFO - Running paper trading for 2025-07-25
2026-02-19 12:51:02,433 - INFO - ============================================================
2026-02-19 12:51:02,435 - INFO - Portfolio construction: 38 longs, 38 shorts (from 38 candidates)
2026-02-19 12:51:02,436 - INFO - Vol targeting: rolling_vol=0.0465, scale=1.7198
2026-02-19 12:51:02,436 - INFO - PnL Net: -0.0031 | Scaled: -0.0052 | Turnover: 16.41% | Vol Scale: 1.72
2026-02-19 12:51:02,436 - INFO - 
============================================================
2026-02-19 12:51:02,436 - INFO - Running paper trading for 2025-07-28
2026-02-19 12:51:02,436 - INFO - ============================================================
2026-02-19 12:51:02,436 - INFO - Portfolio construction: 38 longs, 38 shorts (from 38 candidates)
2026-02-19 12:51:02,436 - INFO - Vol targeting: rolling_vol=0.0474, scale=1.6862
2026-02-19 12:51:02,438 - INFO - PnL Net: -0.0025 | Scaled: -0.0041 | Turnover: 18.54% | Vol Scale: 1.69
2026-02-19 12:51:02,438 - INFO - 
============================================================
2026-02-19 12:51:02,438 - INFO - Running paper trading for 2025-07-29
2026-02-19 12:51:02,438 - INFO - ============================================================
2026-02-19 12:51:02,438 - INFO - Portfolio construction: 38 longs, 38 shorts (from 38 candidates)
2026-02-19 12:51:02,438 - INFO - Vol targeting: rolling_vol=0.0445, scale=1.7974
2026-02-19 12:51:02,438 - INFO - PnL Net: -0.0028 | Scaled: -0.0050 | Turnover: 17.07% | Vol Scale: 1.80
2026-02-19 12:51:02,440 - INFO - 
============================================================
2026-02-19 12:51:02,440 - INFO - Running paper trading for 2025-07-30
2026-02-19 12:51:02,440 - INFO - ============================================================
2026-02-19 12:51:02,440 - INFO - Portfolio construction: 38 longs, 38 shorts (from 38 candidates)
2026-02-19 12:51:02,440 - INFO - Vol targeting: rolling_vol=0.0463, scale=1.7283
2026-02-19 12:51:02,440 - INFO - PnL Net: -0.0042 | Scaled: -0.0073 | Turnover: 18.97% | Vol Scale: 1.73
2026-02-19 12:51:02,440 - INFO - 
============================================================
2026-02-19 12:51:02,440 - INFO - Running paper trading for 2025-07-31
2026-02-19 12:51:02,440 - INFO - ============================================================
2026-02-19 12:51:02,442 - INFO - Portfolio construction: 38 longs, 38 shorts (from 38 candidates)
2026-02-19 12:51:02,442 - INFO - Vol targeting: rolling_vol=0.0470, scale=1.7007
2026-02-19 12:51:02,442 - INFO - PnL Net: -0.0036 | Scaled: -0.0062 | Turnover: 19.57% | Vol Scale: 1.70
2026-02-19 12:51:02,442 - INFO - 
============================================================
2026-02-19 12:51:02,442 - INFO - Running paper trading for 2025-08-01
2026-02-19 12:51:02,442 - INFO - ============================================================
2026-02-19 12:51:02,444 - INFO - Portfolio construction: 38 longs, 6 shorts (from 38 candidates)
2026-02-19 12:51:02,444 - INFO - Vol targeting: rolling_vol=0.0468, scale=1.7092
2026-02-19 12:51:02,444 - INFO - PnL Net: 0.0016 | Scaled: 0.0028 | Turnover: 18.75% | Vol Scale: 1.71
2026-02-19 12:51:02,444 - INFO - 
============================================================
2026-02-19 12:51:02,444 - INFO - Running paper trading for 2025-08-04
2026-02-19 12:51:02,444 - INFO - ============================================================
2026-02-19 12:51:02,445 - INFO - Portfolio construction: 38 longs, 5 shorts (from 38 candidates)
2026-02-19 12:51:02,446 - INFO - Vol targeting: rolling_vol=0.0486, scale=1.6467
2026-02-19 12:51:02,446 - INFO - PnL Net: 0.0034 | Scaled: 0.0056 | Turnover: 20.03% | Vol Scale: 1.65
2026-02-19 12:51:02,446 - INFO - 
============================================================
2026-02-19 12:51:02,446 - INFO - Running paper trading for 2025-08-05
2026-02-19 12:51:02,446 - INFO - ============================================================
2026-02-19 12:51:02,446 - INFO - Portfolio construction: 38 longs, 37 shorts (from 38 candidates)
2026-02-19 12:51:02,446 - INFO - Vol targeting: rolling_vol=0.0485, scale=1.6507
2026-02-19 12:51:02,448 - INFO - PnL Net: -0.0013 | Scaled: -0.0021 | Turnover: 19.43% | Vol Scale: 1.65
2026-02-19 12:51:02,448 - INFO - 
============================================================
2026-02-19 12:51:02,448 - INFO - Running paper trading for 2025-08-06
2026-02-19 12:51:02,448 - INFO - ============================================================
2026-02-19 12:51:02,448 - INFO - Portfolio construction: 38 longs, 38 shorts (from 38 candidates)
2026-02-19 12:51:02,448 - INFO - Vol targeting: rolling_vol=0.0472, scale=1.6961
2026-02-19 12:51:02,450 - INFO - PnL Net: -0.0009 | Scaled: -0.0016 | Turnover: 18.13% | Vol Scale: 1.70
2026-02-19 12:51:02,450 - INFO - 
============================================================
2026-02-19 12:51:02,450 - INFO - Running paper trading for 2025-08-07
2026-02-19 12:51:02,450 - INFO - ============================================================
2026-02-19 12:51:02,450 - INFO - Portfolio construction: 38 longs, 7 shorts (from 38 candidates)
2026-02-19 12:51:02,450 - INFO - Vol targeting: rolling_vol=0.0466, scale=1.7164
2026-02-19 12:51:02,450 - INFO - PnL Net: 0.0008 | Scaled: 0.0013 | Turnover: 20.31% | Vol Scale: 1.72
2026-02-19 12:51:02,452 - INFO - 
============================================================
2026-02-19 12:51:02,452 - INFO - Running paper trading for 2025-08-08
2026-02-19 12:51:02,452 - INFO - ============================================================
2026-02-19 12:51:02,452 - INFO - Portfolio construction: 38 longs, 8 shorts (from 38 candidates)
2026-02-19 12:51:02,452 - INFO - Vol targeting: rolling_vol=0.0467, scale=1.7135
2026-02-19 12:51:02,452 - WARNING - KS3 TRIGGERED: 60-day Sharpe -0.0651 < 0
2026-02-19 12:51:02,452 - INFO - PnL Net: -0.0013 | Scaled: -0.0022 | Turnover: 18.30% | Vol Scale: 1.71
2026-02-19 12:51:02,452 - INFO - 
============================================================
2026-02-19 12:51:02,452 - INFO - Running paper trading for 2025-08-11
2026-02-19 12:51:02,452 - INFO - ============================================================
2026-02-19 12:51:02,454 - INFO - Portfolio construction: 38 longs, 38 shorts (from 38 candidates)
2026-02-19 12:51:02,454 - INFO - Vol targeting: rolling_vol=0.0479, scale=1.6690
2026-02-19 12:51:02,454 - WARNING - KS3 TRIGGERED: 60-day Sharpe -0.0144 < 0
2026-02-19 12:51:02,454 - INFO - PnL Net: 0.0058 | Scaled: 0.0096 | Turnover: 15.45% | Vol Scale: 1.67
2026-02-19 12:51:02,454 - INFO - 
============================================================
2026-02-19 12:51:02,454 - INFO - Running paper trading for 2025-08-12
2026-02-19 12:51:02,454 - INFO - ============================================================
2026-02-19 12:51:02,456 - INFO - Portfolio construction: 38 longs, 38 shorts (from 38 candidates)
2026-02-19 12:51:02,456 - INFO - Vol targeting: rolling_vol=0.0574, scale=1.3933
2026-02-19 12:51:02,456 - INFO - PnL Net: 0.0093 | Scaled: 0.0129 | Turnover: 15.64% | Vol Scale: 1.39
2026-02-19 12:51:02,456 - INFO - 
============================================================
2026-02-19 12:51:02,456 - INFO - Running paper trading for 2025-08-13
2026-02-19 12:51:02,456 - INFO - ============================================================
2026-02-19 12:51:02,456 - INFO - Portfolio construction: 38 longs, 38 shorts (from 38 candidates)
2026-02-19 12:51:02,458 - INFO - Vol targeting: rolling_vol=0.0564, scale=1.4186
2026-02-19 12:51:02,458 - INFO - PnL Net: 0.0002 | Scaled: 0.0003 | Turnover: 20.87% | Vol Scale: 1.42
2026-02-19 12:51:02,458 - INFO - 
============================================================
2026-02-19 12:51:02,458 - INFO - Running paper trading for 2025-08-14
2026-02-19 12:51:02,458 - INFO - ============================================================
2026-02-19 12:51:02,458 - INFO - Portfolio construction: 38 longs, 38 shorts (from 38 candidates)
2026-02-19 12:51:02,458 - INFO - Vol targeting: rolling_vol=0.0564, scale=1.4190
2026-02-19 12:51:02,460 - INFO - PnL Net: 0.0010 | Scaled: 0.0014 | Turnover: 18.05% | Vol Scale: 1.42
2026-02-19 12:51:02,460 - INFO - 
============================================================
2026-02-19 12:51:02,460 - INFO - Running paper trading for 2025-08-15
2026-02-19 12:51:02,460 - INFO - ============================================================
2026-02-19 12:51:02,460 - INFO - Portfolio construction: 38 longs, 38 shorts (from 38 candidates)
2026-02-19 12:51:02,460 - INFO - Vol targeting: rolling_vol=0.0559, scale=1.4310
2026-02-19 12:51:02,462 - INFO - PnL Net: 0.0002 | Scaled: 0.0003 | Turnover: 19.70% | Vol Scale: 1.43
2026-02-19 12:51:02,462 - INFO - 
============================================================
2026-02-19 12:51:02,462 - INFO - Running paper trading for 2025-08-18
2026-02-19 12:51:02,462 - INFO - ============================================================
2026-02-19 12:51:02,462 - INFO - Portfolio construction: 38 longs, 38 shorts (from 38 candidates)
2026-02-19 12:51:02,462 - INFO - Vol targeting: rolling_vol=0.0515, scale=1.5525
2026-02-19 12:51:02,462 - INFO - PnL Net: 0.0024 | Scaled: 0.0038 | Turnover: 18.09% | Vol Scale: 1.55
2026-02-19 12:51:02,462 - INFO - 
============================================================
2026-02-19 12:51:02,462 - INFO - Running paper trading for 2025-08-19
2026-02-19 12:51:02,462 - INFO - ============================================================
2026-02-19 12:51:02,464 - INFO - Portfolio construction: 38 longs, 38 shorts (from 38 candidates)
2026-02-19 12:51:02,464 - INFO - Vol targeting: rolling_vol=0.0516, scale=1.5515
2026-02-19 12:51:02,464 - INFO - PnL Net: -0.0020 | Scaled: -0.0031 | Turnover: 16.60% | Vol Scale: 1.55
2026-02-19 12:51:02,464 - INFO - 
============================================================
2026-02-19 12:51:02,464 - INFO - Running paper trading for 2025-08-20
2026-02-19 12:51:02,464 - INFO - ============================================================
2026-02-19 12:51:02,466 - INFO - Portfolio construction: 38 longs, 38 shorts (from 38 candidates)
2026-02-19 12:51:02,466 - INFO - Vol targeting: rolling_vol=0.0510, scale=1.5694
2026-02-19 12:51:02,466 - INFO - PnL Net: -0.0015 | Scaled: -0.0024 | Turnover: 15.21% | Vol Scale: 1.57
2026-02-19 12:51:02,466 - INFO - 
============================================================
2026-02-19 12:51:02,466 - INFO - Running paper trading for 2025-08-21
2026-02-19 12:51:02,466 - INFO - ============================================================
2026-02-19 12:51:02,468 - INFO - Portfolio construction: 38 longs, 38 shorts (from 38 candidates)
2026-02-19 12:51:02,468 - INFO - Vol targeting: rolling_vol=0.0594, scale=1.3476
2026-02-19 12:51:02,468 - INFO - PnL Net: 0.0089 | Scaled: 0.0120 | Turnover: 16.82% | Vol Scale: 1.35
2026-02-19 12:51:02,468 - INFO - 
============================================================
2026-02-19 12:51:02,468 - INFO - Running paper trading for 2025-08-22
2026-02-19 12:51:02,468 - INFO - ============================================================
2026-02-19 12:51:02,468 - INFO - Portfolio construction: 38 longs, 38 shorts (from 38 candidates)
2026-02-19 12:51:02,470 - INFO - Vol targeting: rolling_vol=0.0605, scale=1.3221
2026-02-19 12:51:02,470 - INFO - PnL Net: -0.0044 | Scaled: -0.0058 | Turnover: 15.55% | Vol Scale: 1.32
2026-02-19 12:51:02,470 - INFO - 
============================================================
2026-02-19 12:51:02,470 - INFO - Running paper trading for 2025-08-25
2026-02-19 12:51:02,470 - INFO - ============================================================
2026-02-19 12:51:02,470 - INFO - Portfolio construction: 38 longs, 38 shorts (from 38 candidates)
2026-02-19 12:51:02,470 - INFO - Vol targeting: rolling_vol=0.0596, scale=1.3428
2026-02-19 12:51:02,472 - INFO - PnL Net: 0.0005 | Scaled: 0.0007 | Turnover: 15.86% | Vol Scale: 1.34
2026-02-19 12:51:02,472 - INFO - 
============================================================
2026-02-19 12:51:02,472 - INFO - Running paper trading for 2025-08-26
2026-02-19 12:51:02,472 - INFO - ============================================================
2026-02-19 12:51:02,472 - INFO - Portfolio construction: 38 longs, 38 shorts (from 38 candidates)
2026-02-19 12:51:02,472 - INFO - Vol targeting: rolling_vol=0.0583, scale=1.3725
2026-02-19 12:51:02,472 - INFO - PnL Net: 0.0005 | Scaled: 0.0007 | Turnover: 17.06% | Vol Scale: 1.37
2026-02-19 12:51:02,472 - INFO - 
============================================================
2026-02-19 12:51:02,472 - INFO - Running paper trading for 2025-08-27
2026-02-19 12:51:02,472 - INFO - ============================================================
2026-02-19 12:51:02,474 - INFO - Portfolio construction: 38 longs, 38 shorts (from 38 candidates)
2026-02-19 12:51:02,474 - INFO - Vol targeting: rolling_vol=0.0555, scale=1.4411
2026-02-19 12:51:02,474 - INFO - PnL Net: -0.0002 | Scaled: -0.0002 | Turnover: 17.80% | Vol Scale: 1.44
2026-02-19 12:51:02,474 - INFO - 
============================================================
2026-02-19 12:51:02,474 - INFO - Running paper trading for 2025-08-28
2026-02-19 12:51:02,474 - INFO - ============================================================
2026-02-19 12:51:02,476 - INFO - Portfolio construction: 38 longs, 38 shorts (from 38 candidates)
2026-02-19 12:51:02,476 - INFO - Vol targeting: rolling_vol=0.0530, scale=1.5091
2026-02-19 12:51:02,476 - INFO - PnL Net: 0.0003 | Scaled: 0.0004 | Turnover: 19.25% | Vol Scale: 1.51
2026-02-19 12:51:02,476 - INFO - 
============================================================
2026-02-19 12:51:02,476 - INFO - Running paper trading for 2025-08-29
2026-02-19 12:51:02,476 - INFO - ============================================================
2026-02-19 12:51:02,476 - INFO - Portfolio construction: 38 longs, 38 shorts (from 38 candidates)
2026-02-19 12:51:02,478 - INFO - Vol targeting: rolling_vol=0.0539, scale=1.4841
2026-02-19 12:51:02,478 - INFO - PnL Net: -0.0017 | Scaled: -0.0026 | Turnover: 15.06% | Vol Scale: 1.48
2026-02-19 12:51:02,478 - INFO - 
============================================================
2026-02-19 12:51:02,478 - INFO - Running paper trading for 2025-09-02
2026-02-19 12:51:02,478 - INFO - ============================================================
2026-02-19 12:51:02,478 - INFO - Portfolio construction: 38 longs, 38 shorts (from 38 candidates)
2026-02-19 12:51:02,478 - INFO - Vol targeting: rolling_vol=0.0542, scale=1.4760
2026-02-19 12:51:02,480 - INFO - PnL Net: -0.0021 | Scaled: -0.0031 | Turnover: 18.16% | Vol Scale: 1.48
2026-02-19 12:51:02,480 - INFO - 
============================================================
2026-02-19 12:51:02,480 - INFO - Running paper trading for 2025-09-03
2026-02-19 12:51:02,480 - INFO - ============================================================
2026-02-19 12:51:02,480 - INFO - Portfolio construction: 38 longs, 38 shorts (from 38 candidates)
2026-02-19 12:51:02,480 - INFO - Vol targeting: rolling_vol=0.0537, scale=1.4886
2026-02-19 12:51:02,480 - INFO - PnL Net: 0.0013 | Scaled: 0.0020 | Turnover: 17.78% | Vol Scale: 1.49
2026-02-19 12:51:02,482 - INFO - 
============================================================
2026-02-19 12:51:02,482 - INFO - Running paper trading for 2025-09-04
2026-02-19 12:51:02,482 - INFO - ============================================================
2026-02-19 12:51:02,482 - INFO - Portfolio construction: 38 longs, 38 shorts (from 38 candidates)
2026-02-19 12:51:02,482 - INFO - Vol targeting: rolling_vol=0.0534, scale=1.4994
2026-02-19 12:51:02,482 - INFO - PnL Net: 0.0012 | Scaled: 0.0019 | Turnover: 17.33% | Vol Scale: 1.50
2026-02-19 12:51:02,482 - INFO - 
============================================================
2026-02-19 12:51:02,482 - INFO - Running paper trading for 2025-09-05
2026-02-19 12:51:02,482 - INFO - ============================================================
2026-02-19 12:51:02,484 - INFO - Portfolio construction: 38 longs, 38 shorts (from 38 candidates)
2026-02-19 12:51:02,484 - INFO - Vol targeting: rolling_vol=0.0539, scale=1.4842
2026-02-19 12:51:02,486 - INFO - PnL Net: -0.0013 | Scaled: -0.0019 | Turnover: 20.00% | Vol Scale: 1.48
2026-02-19 12:51:02,486 - INFO - 
============================================================
2026-02-19 12:51:02,486 - INFO - Running paper trading for 2025-09-08
2026-02-19 12:51:02,486 - INFO - ============================================================
2026-02-19 12:51:02,486 - INFO - Portfolio construction: 38 longs, 38 shorts (from 38 candidates)
2026-02-19 12:51:02,488 - INFO - Vol targeting: rolling_vol=0.0535, scale=1.4949
2026-02-19 12:51:02,488 - INFO - PnL Net: -0.0003 | Scaled: -0.0004 | Turnover: 16.66% | Vol Scale: 1.49
2026-02-19 12:51:02,488 - INFO - 
============================================================
2026-02-19 12:51:02,488 - INFO - Running paper trading for 2025-09-09
2026-02-19 12:51:02,488 - INFO - ============================================================
2026-02-19 12:51:02,488 - INFO - Portfolio construction: 38 longs, 38 shorts (from 38 candidates)
2026-02-19 12:51:02,490 - INFO - Vol targeting: rolling_vol=0.0534, scale=1.4986
2026-02-19 12:51:02,490 - INFO - PnL Net: -0.0044 | Scaled: -0.0065 | Turnover: 17.19% | Vol Scale: 1.50
2026-02-19 12:51:02,490 - INFO - 
============================================================
2026-02-19 12:51:02,490 - INFO - Running paper trading for 2025-09-10
2026-02-19 12:51:02,490 - INFO - ============================================================
2026-02-19 12:51:02,490 - INFO - Portfolio construction: 38 longs, 38 shorts (from 38 candidates)
2026-02-19 12:51:02,490 - INFO - Vol targeting: rolling_vol=0.0448, scale=1.7844
2026-02-19 12:51:02,490 - INFO - PnL Net: 0.0040 | Scaled: 0.0072 | Turnover: 16.96% | Vol Scale: 1.78
2026-02-19 12:51:02,490 - INFO - 
============================================================
2026-02-19 12:51:02,490 - INFO - Running paper trading for 2025-09-11
2026-02-19 12:51:02,490 - INFO - ============================================================
2026-02-19 12:51:02,492 - INFO - Portfolio construction: 38 longs, 38 shorts (from 38 candidates)
2026-02-19 12:51:02,492 - INFO - Vol targeting: rolling_vol=0.0472, scale=1.6944
2026-02-19 12:51:02,492 - INFO - PnL Net: -0.0041 | Scaled: -0.0070 | Turnover: 17.39% | Vol Scale: 1.69
2026-02-19 12:51:02,492 - INFO - 
============================================================
2026-02-19 12:51:02,492 - INFO - Running paper trading for 2025-09-12
2026-02-19 12:51:02,492 - INFO - ============================================================
2026-02-19 12:51:02,494 - INFO - Portfolio construction: 38 longs, 38 shorts (from 38 candidates)
2026-02-19 12:51:02,494 - INFO - Vol targeting: rolling_vol=0.0475, scale=1.6830
2026-02-19 12:51:02,494 - INFO - PnL Net: -0.0021 | Scaled: -0.0035 | Turnover: 15.81% | Vol Scale: 1.68
2026-02-19 12:51:02,494 - INFO - 
============================================================
2026-02-19 12:51:02,494 - INFO - Running paper trading for 2025-09-15
2026-02-19 12:51:02,494 - INFO - ============================================================
2026-02-19 12:51:02,495 - INFO - Portfolio construction: 38 longs, 38 shorts (from 38 candidates)
2026-02-19 12:51:02,495 - INFO - Vol targeting: rolling_vol=0.0477, scale=1.6773
2026-02-19 12:51:02,495 - INFO - PnL Net: 0.0010 | Scaled: 0.0016 | Turnover: 18.17% | Vol Scale: 1.68
2026-02-19 12:51:02,495 - INFO - 
============================================================
2026-02-19 12:51:02,495 - INFO - Running paper trading for 2025-09-16
2026-02-19 12:51:02,495 - INFO - ============================================================
2026-02-19 12:51:02,497 - INFO - Portfolio construction: 38 longs, 38 shorts (from 38 candidates)
2026-02-19 12:51:02,497 - INFO - Vol targeting: rolling_vol=0.0469, scale=1.7072
2026-02-19 12:51:02,497 - INFO - PnL Net: 0.0006 | Scaled: 0.0011 | Turnover: 16.81% | Vol Scale: 1.71
2026-02-19 12:51:02,497 - INFO - 
============================================================
2026-02-19 12:51:02,497 - INFO - Running paper trading for 2025-09-17
2026-02-19 12:51:02,497 - INFO - ============================================================
2026-02-19 12:51:02,497 - INFO - Portfolio construction: 38 longs, 38 shorts (from 38 candidates)
2026-02-19 12:51:02,499 - INFO - Vol targeting: rolling_vol=0.0483, scale=1.6553
2026-02-19 12:51:02,499 - INFO - PnL Net: 0.0037 | Scaled: 0.0061 | Turnover: 15.39% | Vol Scale: 1.66
2026-02-19 12:51:02,499 - INFO - 
============================================================
2026-02-19 12:51:02,499 - INFO - Running paper trading for 2025-09-18
2026-02-19 12:51:02,499 - INFO - ============================================================
2026-02-19 12:51:02,499 - INFO - Portfolio construction: 38 longs, 38 shorts (from 38 candidates)
2026-02-19 12:51:02,499 - INFO - Vol targeting: rolling_vol=0.0490, scale=1.6323
2026-02-19 12:51:02,501 - INFO - PnL Net: -0.0028 | Scaled: -0.0045 | Turnover: 13.88% | Vol Scale: 1.63
2026-02-19 12:51:02,501 - INFO - 
============================================================
2026-02-19 12:51:02,501 - INFO - Running paper trading for 2025-09-19
2026-02-19 12:51:02,501 - INFO - ============================================================
2026-02-19 12:51:02,501 - INFO - Portfolio construction: 38 longs, 38 shorts (from 38 candidates)
2026-02-19 12:51:02,501 - INFO - Vol targeting: rolling_vol=0.0368, scale=2.0000
2026-02-19 12:51:02,501 - INFO - PnL Net: -0.0018 | Scaled: -0.0037 | Turnover: 14.15% | Vol Scale: 2.00
2026-02-19 12:51:02,501 - INFO - 
============================================================
2026-02-19 12:51:02,501 - INFO - Running paper trading for 2025-09-22
2026-02-19 12:51:02,503 - INFO - ============================================================
2026-02-19 12:51:02,503 - INFO - Portfolio construction: 38 longs, 38 shorts (from 38 candidates)
2026-02-19 12:51:02,503 - INFO - Vol targeting: rolling_vol=0.0347, scale=2.0000
2026-02-19 12:51:02,503 - INFO - PnL Net: -0.0022 | Scaled: -0.0044 | Turnover: 12.25% | Vol Scale: 2.00
2026-02-19 12:51:02,503 - INFO - 
============================================================
2026-02-19 12:51:02,503 - INFO - Running paper trading for 2025-09-23
2026-02-19 12:51:02,503 - INFO - ============================================================
2026-02-19 12:51:02,505 - INFO - Portfolio construction: 38 longs, 38 shorts (from 38 candidates)
2026-02-19 12:51:02,505 - INFO - Vol targeting: rolling_vol=0.0347, scale=2.0000
2026-02-19 12:51:02,505 - INFO - PnL Net: 0.0006 | Scaled: 0.0012 | Turnover: 11.55% | Vol Scale: 2.00
2026-02-19 12:51:02,505 - INFO - 
============================================================
2026-02-19 12:51:02,505 - INFO - Running paper trading for 2025-09-24
2026-02-19 12:51:02,505 - INFO - ============================================================
2026-02-19 12:51:02,505 - INFO - Portfolio construction: 38 longs, 38 shorts (from 38 candidates)
2026-02-19 12:51:02,508 - INFO - Vol targeting: rolling_vol=0.0370, scale=2.0000
2026-02-19 12:51:02,508 - WARNING - KS3 TRIGGERED: 60-day Sharpe -0.2339 < 0
2026-02-19 12:51:02,508 - INFO - PnL Net: -0.0044 | Scaled: -0.0087 | Turnover: 10.82% | Vol Scale: 2.00
2026-02-19 12:51:02,508 - INFO - 
============================================================
2026-02-19 12:51:02,508 - INFO - Running paper trading for 2025-09-25
2026-02-19 12:51:02,508 - INFO - ============================================================
2026-02-19 12:51:02,508 - INFO - Portfolio construction: 38 longs, 38 shorts (from 38 candidates)
2026-02-19 12:51:02,508 - INFO - Vol targeting: rolling_vol=0.0394, scale=2.0000
2026-02-19 12:51:02,508 - WARNING - KS3 TRIGGERED: 60-day Sharpe -0.0747 < 0
2026-02-19 12:51:02,508 - INFO - PnL Net: 0.0031 | Scaled: 0.0063 | Turnover: 11.32% | Vol Scale: 2.00
2026-02-19 12:51:02,508 - INFO - 
============================================================
2026-02-19 12:51:02,508 - INFO - Running paper trading for 2025-09-26
2026-02-19 12:51:02,508 - INFO - ============================================================
2026-02-19 12:51:02,510 - INFO - Portfolio construction: 38 longs, 38 shorts (from 38 candidates)
2026-02-19 12:51:02,510 - INFO - Vol targeting: rolling_vol=0.0396, scale=2.0000
2026-02-19 12:51:02,511 - WARNING - KS3 TRIGGERED: 60-day Sharpe -0.1133 < 0
2026-02-19 12:51:02,511 - INFO - PnL Net: 0.0009 | Scaled: 0.0019 | Turnover: 10.79% | Vol Scale: 2.00
2026-02-19 12:51:02,511 - INFO - 
============================================================
2026-02-19 12:51:02,511 - INFO - Running paper trading for 2025-09-29
2026-02-19 12:51:02,511 - INFO - ============================================================
2026-02-19 12:51:02,512 - INFO - Portfolio construction: 38 longs, 38 shorts (from 38 candidates)
2026-02-19 12:51:02,512 - INFO - Vol targeting: rolling_vol=0.0395, scale=2.0000
2026-02-19 12:51:02,512 - INFO - PnL Net: 0.0006 | Scaled: 0.0013 | Turnover: 18.78% | Vol Scale: 2.00
2026-02-19 12:51:02,512 - INFO - 
============================================================
2026-02-19 12:51:02,512 - INFO - Running paper trading for 2025-09-30
2026-02-19 12:51:02,512 - INFO - ============================================================
2026-02-19 12:51:02,514 - INFO - Portfolio construction: 38 longs, 38 shorts (from 38 candidates)
2026-02-19 12:51:02,514 - INFO - Vol targeting: rolling_vol=0.0394, scale=2.0000
2026-02-19 12:51:02,514 - INFO - PnL Net: 0.0013 | Scaled: 0.0026 | Turnover: 16.32% | Vol Scale: 2.00
2026-02-19 12:51:02,516 - INFO - 
============================================================
2026-02-19 12:51:02,516 - INFO - Running paper trading for 2025-10-01
2026-02-19 12:51:02,516 - INFO - ============================================================
2026-02-19 12:51:02,518 - INFO - Portfolio construction: 38 longs, 38 shorts (from 38 candidates)
2026-02-19 12:51:02,518 - INFO - Vol targeting: rolling_vol=0.0406, scale=1.9724
2026-02-19 12:51:02,518 - INFO - PnL Net: 0.0029 | Scaled: 0.0057 | Turnover: 13.62% | Vol Scale: 1.97
2026-02-19 12:51:02,518 - INFO - 
============================================================
2026-02-19 12:51:02,518 - INFO - Running paper trading for 2025-10-02
2026-02-19 12:51:02,518 - INFO - ============================================================
2026-02-19 12:51:02,518 - INFO - Portfolio construction: 38 longs, 38 shorts (from 38 candidates)
2026-02-19 12:51:02,520 - INFO - Vol targeting: rolling_vol=0.0415, scale=1.9257
2026-02-19 12:51:02,520 - INFO - PnL Net: 0.0028 | Scaled: 0.0053 | Turnover: 12.21% | Vol Scale: 1.93
2026-02-19 12:51:02,520 - INFO - 
============================================================
2026-02-19 12:51:02,520 - INFO - Running paper trading for 2025-10-03
2026-02-19 12:51:02,520 - INFO - ============================================================
2026-02-19 12:51:02,520 - INFO - Portfolio construction: 38 longs, 38 shorts (from 38 candidates)
2026-02-19 12:51:02,522 - INFO - Vol targeting: rolling_vol=0.0436, scale=1.8365
2026-02-19 12:51:02,522 - INFO - PnL Net: 0.0040 | Scaled: 0.0073 | Turnover: 10.49% | Vol Scale: 1.84
2026-02-19 12:51:02,522 - INFO - 
============================================================
2026-02-19 12:51:02,522 - INFO - Running paper trading for 2025-10-06
2026-02-19 12:51:02,522 - INFO - ============================================================
2026-02-19 12:51:02,522 - INFO - Portfolio construction: 38 longs, 38 shorts (from 38 candidates)
2026-02-19 12:51:02,522 - INFO - Vol targeting: rolling_vol=0.0440, scale=1.8163
2026-02-19 12:51:02,522 - INFO - PnL Net: -0.0017 | Scaled: -0.0032 | Turnover: 8.91% | Vol Scale: 1.82
2026-02-19 12:51:02,522 - INFO - 
============================================================
2026-02-19 12:51:02,522 - INFO - Running paper trading for 2025-10-07
2026-02-19 12:51:02,522 - INFO - ============================================================
2026-02-19 12:51:02,524 - INFO - Portfolio construction: 38 longs, 38 shorts (from 38 candidates)
2026-02-19 12:51:02,524 - INFO - Vol targeting: rolling_vol=0.0418, scale=1.9150
2026-02-19 12:51:02,524 - INFO - PnL Net: 0.0027 | Scaled: 0.0053 | Turnover: 7.62% | Vol Scale: 1.91
2026-02-19 12:51:02,524 - INFO - 
============================================================
2026-02-19 12:51:02,524 - INFO - Running paper trading for 2025-10-08
2026-02-19 12:51:02,524 - INFO - ============================================================
2026-02-19 12:51:02,526 - INFO - Portfolio construction: 38 longs, 38 shorts (from 38 candidates)
2026-02-19 12:51:02,526 - INFO - Vol targeting: rolling_vol=0.0400, scale=1.9984
2026-02-19 12:51:02,526 - INFO - PnL Net: -0.0012 | Scaled: -0.0024 | Turnover: 6.47% | Vol Scale: 2.00
2026-02-19 12:51:02,526 - INFO - 
============================================================
2026-02-19 12:51:02,526 - INFO - Running paper trading for 2025-10-09
2026-02-19 12:51:02,526 - INFO - ============================================================
2026-02-19 12:51:02,528 - INFO - Portfolio construction: 38 longs, 38 shorts (from 38 candidates)
2026-02-19 12:51:02,531 - INFO - Vol targeting: rolling_vol=0.0499, scale=1.6037
2026-02-19 12:51:02,531 - INFO - PnL Net: -0.0093 | Scaled: -0.0149 | Turnover: 6.11% | Vol Scale: 1.60
2026-02-19 12:51:02,531 - INFO - 
============================================================
2026-02-19 12:51:02,531 - INFO - Running paper trading for 2025-10-10
2026-02-19 12:51:02,531 - INFO - ============================================================
2026-02-19 12:51:02,532 - INFO - Portfolio construction: 38 longs, 38 shorts (from 38 candidates)
2026-02-19 12:51:02,533 - INFO - Vol targeting: rolling_vol=0.0501, scale=1.5958
2026-02-19 12:51:02,533 - INFO - PnL Net: 0.0026 | Scaled: 0.0041 | Turnover: 16.58% | Vol Scale: 1.60
2026-02-19 12:51:02,533 - INFO - 
============================================================
2026-02-19 12:51:02,533 - INFO - Running paper trading for 2025-10-13
2026-02-19 12:51:02,533 - INFO - ============================================================
2026-02-19 12:51:02,534 - INFO - Portfolio construction: 38 longs, 36 shorts (from 38 candidates)
2026-02-19 12:51:02,534 - INFO - Vol targeting: rolling_vol=0.0500, scale=1.5985
2026-02-19 12:51:02,534 - INFO - PnL Net: 0.0001 | Scaled: 0.0001 | Turnover: 21.87% | Vol Scale: 1.60
2026-02-19 12:51:02,534 - INFO - 
============================================================
2026-02-19 12:51:02,534 - INFO - Running paper trading for 2025-10-14
2026-02-19 12:51:02,535 - INFO - ============================================================
2026-02-19 12:51:02,536 - INFO - Portfolio construction: 38 longs, 38 shorts (from 38 candidates)
2026-02-19 12:51:02,536 - INFO - Vol targeting: rolling_vol=0.0503, scale=1.5894
2026-02-19 12:51:02,536 - INFO - PnL Net: 0.0017 | Scaled: 0.0028 | Turnover: 19.87% | Vol Scale: 1.59
2026-02-19 12:51:02,536 - INFO - 
============================================================
2026-02-19 12:51:02,536 - INFO - Running paper trading for 2025-10-15
2026-02-19 12:51:02,538 - INFO - ============================================================
2026-02-19 12:51:02,539 - INFO - Portfolio construction: 38 longs, 38 shorts (from 38 candidates)
2026-02-19 12:51:02,540 - INFO - Vol targeting: rolling_vol=0.0506, scale=1.5825
2026-02-19 12:51:02,540 - WARNING - KS3 TRIGGERED: 60-day Sharpe -0.2138 < 0
2026-02-19 12:51:02,540 - INFO - PnL Net: -0.0039 | Scaled: -0.0062 | Turnover: 19.76% | Vol Scale: 1.58
2026-02-19 12:51:02,540 - INFO - 
============================================================
2026-02-19 12:51:02,540 - INFO - Running paper trading for 2025-10-16
2026-02-19 12:51:02,540 - INFO - ============================================================
2026-02-19 12:51:02,541 - INFO - Portfolio construction: 38 longs, 38 shorts (from 38 candidates)
2026-02-19 12:51:02,542 - INFO - Vol targeting: rolling_vol=0.0497, scale=1.6093
2026-02-19 12:51:02,542 - INFO - PnL Net: 0.0004 | Scaled: 0.0006 | Turnover: 19.81% | Vol Scale: 1.61
2026-02-19 12:51:02,542 - INFO - 
============================================================
2026-02-19 12:51:02,542 - INFO - Running paper trading for 2025-10-17
2026-02-19 12:51:02,542 - INFO - ============================================================
2026-02-19 12:51:02,543 - INFO - Portfolio construction: 38 longs, 2 shorts (from 38 candidates)
2026-02-19 12:51:02,543 - INFO - Vol targeting: rolling_vol=0.0522, scale=1.5325
2026-02-19 12:51:02,543 - INFO - PnL Net: 0.0050 | Scaled: 0.0077 | Turnover: 21.18% | Vol Scale: 1.53
2026-02-19 12:51:02,543 - INFO - 
============================================================
2026-02-19 12:51:02,543 - INFO - Running paper trading for 2025-10-20
2026-02-19 12:51:02,543 - INFO - ============================================================
2026-02-19 12:51:02,543 - INFO - Portfolio construction: 38 longs, 38 shorts (from 38 candidates)
2026-02-19 12:51:02,545 - INFO - Vol targeting: rolling_vol=0.0521, scale=1.5369
2026-02-19 12:51:02,545 - INFO - PnL Net: 0.0028 | Scaled: 0.0043 | Turnover: 19.97% | Vol Scale: 1.54
2026-02-19 12:51:02,545 - INFO - 
============================================================
2026-02-19 12:51:02,545 - INFO - Running paper trading for 2025-10-21
2026-02-19 12:51:02,545 - INFO - ============================================================
2026-02-19 12:51:02,545 - INFO - Portfolio construction: 38 longs, 38 shorts (from 38 candidates)
2026-02-19 12:51:02,545 - INFO - Vol targeting: rolling_vol=0.0528, scale=1.5154
2026-02-19 12:51:02,545 - INFO - PnL Net: -0.0020 | Scaled: -0.0030 | Turnover: 17.75% | Vol Scale: 1.52
2026-02-19 12:51:02,545 - INFO - 
============================================================
2026-02-19 12:51:02,545 - INFO - Running paper trading for 2025-10-22
2026-02-19 12:51:02,545 - INFO - ============================================================
2026-02-19 12:51:02,547 - INFO - Portfolio construction: 38 longs, 38 shorts (from 38 candidates)
2026-02-19 12:51:02,547 - INFO - Vol targeting: rolling_vol=0.0516, scale=1.5499
2026-02-19 12:51:02,547 - INFO - PnL Net: 0.0046 | Scaled: 0.0071 | Turnover: 16.55% | Vol Scale: 1.55
2026-02-19 12:51:02,547 - INFO - 
============================================================
2026-02-19 12:51:02,547 - INFO - Running paper trading for 2025-10-23
2026-02-19 12:51:02,547 - INFO - ============================================================
2026-02-19 12:51:02,548 - INFO - Portfolio construction: 38 longs, 38 shorts (from 38 candidates)
2026-02-19 12:51:02,548 - INFO - Vol targeting: rolling_vol=0.0510, scale=1.5701
2026-02-19 12:51:02,548 - INFO - PnL Net: 0.0010 | Scaled: 0.0015 | Turnover: 18.04% | Vol Scale: 1.57
2026-02-19 12:51:02,548 - INFO - 
============================================================
2026-02-19 12:51:02,548 - INFO - Running paper trading for 2025-10-24
2026-02-19 12:51:02,548 - INFO - ============================================================
2026-02-19 12:51:02,550 - INFO - Portfolio construction: 38 longs, 38 shorts (from 38 candidates)
2026-02-19 12:51:02,550 - INFO - Vol targeting: rolling_vol=0.0511, scale=1.5665
2026-02-19 12:51:02,550 - INFO - PnL Net: 0.0018 | Scaled: 0.0028 | Turnover: 20.07% | Vol Scale: 1.57
2026-02-19 12:51:02,550 - INFO - 
============================================================
2026-02-19 12:51:02,550 - INFO - Running paper trading for 2025-10-27
2026-02-19 12:51:02,550 - INFO - ============================================================
2026-02-19 12:51:02,550 - INFO - Portfolio construction: 38 longs, 38 shorts (from 38 candidates)
2026-02-19 12:51:02,552 - INFO - Vol targeting: rolling_vol=0.0513, scale=1.5609
2026-02-19 12:51:02,552 - INFO - PnL Net: -0.0005 | Scaled: -0.0007 | Turnover: 20.20% | Vol Scale: 1.56
2026-02-19 12:51:02,552 - INFO - 
============================================================
2026-02-19 12:51:02,552 - INFO - Running paper trading for 2025-10-28
2026-02-19 12:51:02,552 - INFO - ============================================================
2026-02-19 12:51:02,553 - INFO - Portfolio construction: 38 longs, 38 shorts (from 38 candidates)
2026-02-19 12:51:02,553 - INFO - Vol targeting: rolling_vol=0.0516, scale=1.5503
2026-02-19 12:51:02,553 - INFO - PnL Net: -0.0011 | Scaled: -0.0017 | Turnover: 17.57% | Vol Scale: 1.55
2026-02-19 12:51:02,553 - INFO - 
============================================================
2026-02-19 12:51:02,553 - INFO - Running paper trading for 2025-10-29
2026-02-19 12:51:02,553 - INFO - ============================================================
2026-02-19 12:51:02,555 - INFO - Portfolio construction: 38 longs, 38 shorts (from 38 candidates)
2026-02-19 12:51:02,555 - INFO - Vol targeting: rolling_vol=0.0533, scale=1.4997
2026-02-19 12:51:02,555 - INFO - PnL Net: -0.0041 | Scaled: -0.0061 | Turnover: 16.24% | Vol Scale: 1.50
2026-02-19 12:51:02,555 - INFO - 
============================================================
2026-02-19 12:51:02,555 - INFO - Running paper trading for 2025-10-30
2026-02-19 12:51:02,555 - INFO - ============================================================
2026-02-19 12:51:02,557 - INFO - Portfolio construction: 38 longs, 38 shorts (from 38 candidates)
2026-02-19 12:51:02,557 - INFO - Vol targeting: rolling_vol=0.0529, scale=1.5111
2026-02-19 12:51:02,557 - INFO - PnL Net: 0.0019 | Scaled: 0.0029 | Turnover: 17.83% | Vol Scale: 1.51
2026-02-19 12:51:02,557 - INFO - 
============================================================
2026-02-19 12:51:02,557 - INFO - Running paper trading for 2025-10-31
2026-02-19 12:51:02,557 - INFO - ============================================================
2026-02-19 12:51:02,558 - INFO - Portfolio construction: 38 longs, 38 shorts (from 38 candidates)
2026-02-19 12:51:02,558 - INFO - Vol targeting: rolling_vol=0.0514, scale=1.5577
2026-02-19 12:51:02,558 - INFO - PnL Net: -0.0012 | Scaled: -0.0019 | Turnover: 17.75% | Vol Scale: 1.56
2026-02-19 12:51:02,558 - INFO - 
============================================================
2026-02-19 12:51:02,558 - INFO - Running paper trading for 2025-11-03
2026-02-19 12:51:02,558 - INFO - ============================================================
2026-02-19 12:51:02,560 - INFO - Portfolio construction: 38 longs, 38 shorts (from 38 candidates)
2026-02-19 12:51:02,560 - INFO - Vol targeting: rolling_vol=0.0532, scale=1.5032
2026-02-19 12:51:02,560 - INFO - PnL Net: -0.0044 | Scaled: -0.0065 | Turnover: 18.48% | Vol Scale: 1.50
2026-02-19 12:51:02,560 - INFO - 
============================================================
2026-02-19 12:51:02,560 - INFO - Running paper trading for 2025-11-04
2026-02-19 12:51:02,560 - INFO - ============================================================
2026-02-19 12:51:02,562 - INFO - Portfolio construction: 38 longs, 38 shorts (from 38 candidates)
2026-02-19 12:51:02,562 - INFO - Vol targeting: rolling_vol=0.0532, scale=1.5046
2026-02-19 12:51:02,562 - INFO - PnL Net: 0.0027 | Scaled: 0.0040 | Turnover: 18.50% | Vol Scale: 1.50
2026-02-19 12:51:02,562 - INFO - 
============================================================
2026-02-19 12:51:02,562 - INFO - Running paper trading for 2025-11-05
2026-02-19 12:51:02,562 - INFO - ============================================================
2026-02-19 12:51:02,564 - INFO - Portfolio construction: 38 longs, 38 shorts (from 38 candidates)
2026-02-19 12:51:02,564 - INFO - Vol targeting: rolling_vol=0.0556, scale=1.4381
2026-02-19 12:51:02,564 - WARNING - KS3 TRIGGERED: 60-day Sharpe -0.0205 < 0
2026-02-19 12:51:02,564 - INFO - PnL Net: -0.0050 | Scaled: -0.0071 | Turnover: 18.91% | Vol Scale: 1.44
2026-02-19 12:51:02,564 - INFO - 
============================================================
2026-02-19 12:51:02,564 - INFO - Running paper trading for 2025-11-06
2026-02-19 12:51:02,564 - INFO - ============================================================
2026-02-19 12:51:02,564 - INFO - Portfolio construction: 38 longs, 38 shorts (from 38 candidates)
2026-02-19 12:51:02,564 - INFO - Vol targeting: rolling_vol=0.0450, scale=1.7759
2026-02-19 12:51:02,566 - WARNING - KS3 TRIGGERED: 60-day Sharpe -0.0011 < 0
2026-02-19 12:51:02,566 - INFO - PnL Net: 0.0004 | Scaled: 0.0007 | Turnover: 19.27% | Vol Scale: 1.78
2026-02-19 12:51:02,566 - INFO - 
============================================================
2026-02-19 12:51:02,566 - INFO - Running paper trading for 2025-11-07
2026-02-19 12:51:02,566 - INFO - ============================================================
2026-02-19 12:51:02,566 - WARNING - No negative predictions for shorts - skipping short positions
2026-02-19 12:51:02,566 - INFO - Portfolio construction: 38 longs, 0 shorts (from 38 candidates)
2026-02-19 12:51:02,566 - INFO - Vol targeting: rolling_vol=0.0446, scale=1.7921
2026-02-19 12:51:02,566 - INFO - PnL Net: 0.0019 | Scaled: 0.0034 | Turnover: 13.18% | Vol Scale: 1.79
2026-02-19 12:51:02,566 - INFO - 
============================================================
2026-02-19 12:51:02,568 - INFO - Running paper trading for 2025-11-10
2026-02-19 12:51:02,568 - INFO - ============================================================
2026-02-19 12:51:02,569 - INFO - Portfolio construction: 38 longs, 38 shorts (from 38 candidates)
2026-02-19 12:51:02,570 - INFO - Vol targeting: rolling_vol=0.0454, scale=1.7634
2026-02-19 12:51:02,570 - INFO - PnL Net: 0.0024 | Scaled: 0.0043 | Turnover: 18.16% | Vol Scale: 1.76
2026-02-19 12:51:02,570 - INFO - 
============================================================
2026-02-19 12:51:02,570 - INFO - Running paper trading for 2025-11-11
2026-02-19 12:51:02,570 - INFO - ============================================================
2026-02-19 12:51:02,572 - INFO - Portfolio construction: 38 longs, 38 shorts (from 38 candidates)
2026-02-19 12:51:02,572 - INFO - Vol targeting: rolling_vol=0.0464, scale=1.7224
2026-02-19 12:51:02,572 - INFO - PnL Net: 0.0034 | Scaled: 0.0059 | Turnover: 16.31% | Vol Scale: 1.72
2026-02-19 12:51:02,572 - INFO - 
============================================================
2026-02-19 12:51:02,572 - INFO - Running paper trading for 2025-11-12
2026-02-19 12:51:02,572 - INFO - ============================================================
2026-02-19 12:51:02,574 - INFO - Portfolio construction: 38 longs, 38 shorts (from 38 candidates)
2026-02-19 12:51:02,574 - INFO - Vol targeting: rolling_vol=0.0448, scale=1.7861
2026-02-19 12:51:02,574 - INFO - PnL Net: -0.0022 | Scaled: -0.0039 | Turnover: 15.82% | Vol Scale: 1.79
2026-02-19 12:51:02,574 - INFO - 
============================================================
2026-02-19 12:51:02,574 - INFO - Running paper trading for 2025-11-13
2026-02-19 12:51:02,574 - INFO - ============================================================
2026-02-19 12:51:02,575 - INFO - Portfolio construction: 38 longs, 38 shorts (from 38 candidates)
2026-02-19 12:51:02,575 - INFO - Vol targeting: rolling_vol=0.0464, scale=1.7238
2026-02-19 12:51:02,575 - INFO - PnL Net: -0.0031 | Scaled: -0.0054 | Turnover: 17.53% | Vol Scale: 1.72
2026-02-19 12:51:02,575 - INFO - 
============================================================
2026-02-19 12:51:02,577 - INFO - Running paper trading for 2025-11-14
2026-02-19 12:51:02,577 - INFO - ============================================================
2026-02-19 12:51:02,577 - INFO - Portfolio construction: 38 longs, 38 shorts (from 38 candidates)
2026-02-19 12:51:02,579 - INFO - Vol targeting: rolling_vol=0.0494, scale=1.6195
2026-02-19 12:51:02,579 - WARNING - KS3 TRIGGERED: 60-day Sharpe -1.2139 < 0
2026-02-19 12:51:02,579 - INFO - PnL Net: -0.0071 | Scaled: -0.0114 | Turnover: 18.41% | Vol Scale: 1.62
2026-02-19 12:51:02,579 - INFO - 
============================================================
2026-02-19 12:51:02,579 - INFO - Running paper trading for 2025-11-17
2026-02-19 12:51:02,579 - INFO - ============================================================
2026-02-19 12:51:02,581 - INFO - Portfolio construction: 38 longs, 38 shorts (from 38 candidates)
2026-02-19 12:51:02,583 - INFO - Vol targeting: rolling_vol=0.0481, scale=1.6647
2026-02-19 12:51:02,583 - WARNING - KS3 TRIGGERED: 60-day Sharpe -0.9382 < 0
2026-02-19 12:51:02,583 - INFO - PnL Net: -0.0011 | Scaled: -0.0018 | Turnover: 18.60% | Vol Scale: 1.66
2026-02-19 12:51:02,583 - INFO - 
============================================================
2026-02-19 12:51:02,583 - INFO - Running paper trading for 2025-11-18
2026-02-19 12:51:02,583 - INFO - ============================================================
2026-02-19 12:51:02,585 - INFO - Portfolio construction: 38 longs, 38 shorts (from 38 candidates)
2026-02-19 12:51:02,585 - INFO - Vol targeting: rolling_vol=0.0478, scale=1.6738
2026-02-19 12:51:02,585 - WARNING - KS3 TRIGGERED: 60-day Sharpe -0.9945 < 0
2026-02-19 12:51:02,585 - INFO - PnL Net: -0.0001 | Scaled: -0.0002 | Turnover: 17.82% | Vol Scale: 1.67
2026-02-19 12:51:02,585 - INFO - 
============================================================
2026-02-19 12:51:02,585 - INFO - Running paper trading for 2025-11-19
2026-02-19 12:51:02,585 - INFO - ============================================================
2026-02-19 12:51:02,587 - INFO - Portfolio construction: 38 longs, 10 shorts (from 38 candidates)
2026-02-19 12:51:02,589 - INFO - Vol targeting: rolling_vol=0.0464, scale=1.7231
2026-02-19 12:51:02,589 - WARNING - KS3 TRIGGERED: 60-day Sharpe -1.4547 < 0
2026-02-19 12:51:02,589 - INFO - PnL Net: -0.0049 | Scaled: -0.0085 | Turnover: 20.34% | Vol Scale: 1.72
2026-02-19 12:51:02,589 - INFO - 
============================================================
2026-02-19 12:51:02,589 - INFO - Running paper trading for 2025-11-20
2026-02-19 12:51:02,589 - INFO - ============================================================
2026-02-19 12:51:02,589 - INFO - Portfolio construction: 38 longs, 4 shorts (from 38 candidates)
2026-02-19 12:51:02,590 - INFO - Vol targeting: rolling_vol=0.0537, scale=1.4897
2026-02-19 12:51:02,590 - WARNING - KS3 TRIGGERED: 60-day Sharpe -0.7805 < 0
2026-02-19 12:51:02,590 - INFO - PnL Net: 0.0070 | Scaled: 0.0104 | Turnover: 18.63% | Vol Scale: 1.49
2026-02-19 12:51:02,590 - INFO - 
============================================================
2026-02-19 12:51:02,591 - INFO - Running paper trading for 2025-11-21
2026-02-19 12:51:02,591 - INFO - ============================================================
2026-02-19 12:51:02,591 - WARNING - No negative predictions for shorts - skipping short positions
2026-02-19 12:51:02,591 - INFO - Portfolio construction: 38 longs, 0 shorts (from 38 candidates)
2026-02-19 12:51:02,591 - INFO - Vol targeting: rolling_vol=0.0544, scale=1.4711
2026-02-19 12:51:02,591 - WARNING - KS3 TRIGGERED: 60-day Sharpe -0.5647 < 0
2026-02-19 12:51:02,591 - INFO - PnL Net: 0.0028 | Scaled: 0.0041 | Turnover: 14.74% | Vol Scale: 1.47
2026-02-19 12:51:02,591 - INFO - 
============================================================
2026-02-19 12:51:02,591 - INFO - Running paper trading for 2025-11-24
2026-02-19 12:51:02,591 - INFO - ============================================================
2026-02-19 12:51:02,593 - INFO - Portfolio construction: 38 longs, 38 shorts (from 38 candidates)
2026-02-19 12:51:02,593 - INFO - Vol targeting: rolling_vol=0.0569, scale=1.4057
2026-02-19 12:51:02,593 - WARNING - KS3 TRIGGERED: 60-day Sharpe -0.0606 < 0
2026-02-19 12:51:02,593 - INFO - PnL Net: 0.0042 | Scaled: 0.0060 | Turnover: 18.63% | Vol Scale: 1.41
2026-02-19 12:51:02,593 - INFO - 
============================================================
2026-02-19 12:51:02,593 - INFO - Running paper trading for 2025-11-25
2026-02-19 12:51:02,593 - INFO - ============================================================
2026-02-19 12:51:02,596 - INFO - Portfolio construction: 38 longs, 29 shorts (from 38 candidates)
2026-02-19 12:51:02,596 - INFO - Vol targeting: rolling_vol=0.0582, scale=1.3744
2026-02-19 12:51:02,596 - INFO - PnL Net: 0.0033 | Scaled: 0.0045 | Turnover: 16.83% | Vol Scale: 1.37
2026-02-19 12:51:02,596 - INFO - 
============================================================
2026-02-19 12:51:02,596 - INFO - Running paper trading for 2025-11-26
2026-02-19 12:51:02,596 - INFO - ============================================================
2026-02-19 12:51:02,597 - INFO - Portfolio construction: 38 longs, 38 shorts (from 38 candidates)
2026-02-19 12:51:02,597 - INFO - Vol targeting: rolling_vol=0.0572, scale=1.3978
2026-02-19 12:51:02,597 - INFO - PnL Net: 0.0028 | Scaled: 0.0039 | Turnover: 19.67% | Vol Scale: 1.40
2026-02-19 12:51:02,598 - INFO - 
============================================================
2026-02-19 12:51:02,598 - INFO - Running paper trading for 2025-11-28
2026-02-19 12:51:02,598 - INFO - ============================================================
2026-02-19 12:51:02,599 - INFO - Portfolio construction: 38 longs, 38 shorts (from 38 candidates)
2026-02-19 12:51:02,599 - INFO - Vol targeting: rolling_vol=0.0570, scale=1.4044
2026-02-19 12:51:02,599 - INFO - PnL Net: -0.0008 | Scaled: -0.0011 | Turnover: 18.71% | Vol Scale: 1.40
2026-02-19 12:51:02,599 - INFO - 
============================================================
2026-02-19 12:51:02,599 - INFO - Running paper trading for 2025-12-01
2026-02-19 12:51:02,599 - INFO - ============================================================
2026-02-19 12:51:02,600 - INFO - Portfolio construction: 38 longs, 38 shorts (from 38 candidates)
2026-02-19 12:51:02,600 - INFO - Vol targeting: rolling_vol=0.0577, scale=1.3855
2026-02-19 12:51:02,601 - INFO - PnL Net: 0.0032 | Scaled: 0.0044 | Turnover: 17.87% | Vol Scale: 1.39
2026-02-19 12:51:02,601 - INFO - 
============================================================
2026-02-19 12:51:02,601 - INFO - Running paper trading for 2025-12-02
2026-02-19 12:51:02,601 - INFO - ============================================================
2026-02-19 12:51:02,602 - INFO - Portfolio construction: 38 longs, 38 shorts (from 38 candidates)
2026-02-19 12:51:02,602 - INFO - Vol targeting: rolling_vol=0.0579, scale=1.3813
2026-02-19 12:51:02,603 - INFO - PnL Net: 0.0056 | Scaled: 0.0077 | Turnover: 20.20% | Vol Scale: 1.38
2026-02-19 12:51:02,603 - INFO - 
============================================================
2026-02-19 12:51:02,603 - INFO - Running paper trading for 2025-12-03
2026-02-19 12:51:02,603 - INFO - ============================================================
2026-02-19 12:51:02,604 - INFO - Portfolio construction: 38 longs, 38 shorts (from 38 candidates)
2026-02-19 12:51:02,604 - INFO - Vol targeting: rolling_vol=0.0576, scale=1.3891
2026-02-19 12:51:02,604 - INFO - PnL Net: -0.0002 | Scaled: -0.0003 | Turnover: 19.11% | Vol Scale: 1.39
2026-02-19 12:51:02,604 - INFO - 
============================================================
2026-02-19 12:51:02,604 - INFO - Running paper trading for 2025-12-04
2026-02-19 12:51:02,604 - INFO - ============================================================
2026-02-19 12:51:02,605 - INFO - Portfolio construction: 38 longs, 3 shorts (from 38 candidates)
2026-02-19 12:51:02,606 - INFO - Vol targeting: rolling_vol=0.0539, scale=1.4845
2026-02-19 12:51:02,606 - INFO - PnL Net: 0.0005 | Scaled: 0.0008 | Turnover: 19.09% | Vol Scale: 1.48
2026-02-19 12:51:02,606 - INFO - 
============================================================
2026-02-19 12:51:02,606 - INFO - Running paper trading for 2025-12-05
2026-02-19 12:51:02,606 - INFO - ============================================================
2026-02-19 12:51:02,607 - INFO - Portfolio construction: 38 longs, 2 shorts (from 38 candidates)
2026-02-19 12:51:02,607 - INFO - Vol targeting: rolling_vol=0.0571, scale=1.4018
2026-02-19 12:51:02,607 - INFO - PnL Net: -0.0045 | Scaled: -0.0063 | Turnover: 19.14% | Vol Scale: 1.40
2026-02-19 12:51:02,607 - INFO - 
============================================================
2026-02-19 12:51:02,607 - INFO - Running paper trading for 2025-12-08
2026-02-19 12:51:02,608 - INFO - ============================================================
2026-02-19 12:51:02,609 - WARNING - No negative predictions for shorts - skipping short positions
2026-02-19 12:51:02,609 - INFO - Portfolio construction: 38 longs, 0 shorts (from 38 candidates)
2026-02-19 12:51:02,609 - INFO - Vol targeting: rolling_vol=0.0570, scale=1.4030
2026-02-19 12:51:02,609 - INFO - PnL Net: -0.0005 | Scaled: -0.0008 | Turnover: 15.68% | Vol Scale: 1.40
2026-02-19 12:51:02,609 - INFO - 
============================================================
2026-02-19 12:51:02,609 - INFO - Running paper trading for 2025-12-09
2026-02-19 12:51:02,609 - INFO - ============================================================
2026-02-19 12:51:02,610 - INFO - Portfolio construction: 38 longs, 2 shorts (from 38 candidates)
2026-02-19 12:51:02,611 - INFO - Vol targeting: rolling_vol=0.0607, scale=1.3183
2026-02-19 12:51:02,611 - INFO - PnL Net: 0.0068 | Scaled: 0.0089 | Turnover: 18.84% | Vol Scale: 1.32
2026-02-19 12:51:02,611 - INFO - 
============================================================
2026-02-19 12:51:02,611 - INFO - Running paper trading for 2025-12-10
2026-02-19 12:51:02,611 - INFO - ============================================================
2026-02-19 12:51:02,612 - WARNING - No negative predictions for shorts - skipping short positions
2026-02-19 12:51:02,613 - INFO - Portfolio construction: 38 longs, 0 shorts (from 38 candidates)
2026-02-19 12:51:02,613 - INFO - Vol targeting: rolling_vol=0.0675, scale=1.1847
2026-02-19 12:51:02,613 - INFO - PnL Net: 0.0096 | Scaled: 0.0114 | Turnover: 13.56% | Vol Scale: 1.18
2026-02-19 12:51:02,613 - INFO - 
============================================================
2026-02-19 12:51:02,613 - INFO - Running paper trading for 2025-12-11
2026-02-19 12:51:02,613 - INFO - ============================================================
2026-02-19 12:51:02,614 - INFO - Portfolio construction: 38 longs, 38 shorts (from 38 candidates)
2026-02-19 12:51:02,614 - INFO - Vol targeting: rolling_vol=0.0665, scale=1.2031
2026-02-19 12:51:02,614 - INFO - PnL Net: 0.0011 | Scaled: 0.0013 | Turnover: 17.58% | Vol Scale: 1.20
2026-02-19 12:51:02,614 - INFO - 
============================================================
2026-02-19 12:51:02,614 - INFO - Running paper trading for 2025-12-12
2026-02-19 12:51:02,614 - INFO - ============================================================
2026-02-19 12:51:02,616 - INFO - Portfolio construction: 38 longs, 38 shorts (from 38 candidates)
2026-02-19 12:51:02,616 - INFO - Vol targeting: rolling_vol=0.0646, scale=1.2379
2026-02-19 12:51:02,616 - INFO - PnL Net: 0.0020 | Scaled: 0.0025 | Turnover: 20.65% | Vol Scale: 1.24
2026-02-19 12:51:02,616 - INFO - 
============================================================
2026-02-19 12:51:02,616 - INFO - Running paper trading for 2025-12-15
2026-02-19 12:51:02,616 - INFO - ============================================================
2026-02-19 12:51:02,617 - INFO - Portfolio construction: 38 longs, 38 shorts (from 38 candidates)
2026-02-19 12:51:02,617 - INFO - Vol targeting: rolling_vol=0.0592, scale=1.3522
2026-02-19 12:51:02,618 - INFO - PnL Net: -0.0030 | Scaled: -0.0041 | Turnover: 19.78% | Vol Scale: 1.35
2026-02-19 12:51:02,618 - INFO - 
============================================================
2026-02-19 12:51:02,618 - INFO - Running paper trading for 2025-12-16
2026-02-19 12:51:02,618 - INFO - ============================================================
2026-02-19 12:51:02,619 - INFO - Portfolio construction: 38 longs, 38 shorts (from 38 candidates)
2026-02-19 12:51:02,619 - INFO - Vol targeting: rolling_vol=0.0591, scale=1.3527
2026-02-19 12:51:02,619 - INFO - PnL Net: -0.0011 | Scaled: -0.0014 | Turnover: 18.63% | Vol Scale: 1.35
2026-02-19 12:51:02,619 - INFO - 
============================================================
2026-02-19 12:51:02,619 - INFO - Running paper trading for 2025-12-17
2026-02-19 12:51:02,619 - INFO - ============================================================
2026-02-19 12:51:02,620 - INFO - Portfolio construction: 38 longs, 38 shorts (from 38 candidates)
2026-02-19 12:51:02,620 - INFO - Vol targeting: rolling_vol=0.0590, scale=1.3570
2026-02-19 12:51:02,620 - INFO - PnL Net: 0.0005 | Scaled: 0.0007 | Turnover: 18.11% | Vol Scale: 1.36
2026-02-19 12:51:02,620 - INFO - 
============================================================
2026-02-19 12:51:02,621 - INFO - Running paper trading for 2025-12-18
2026-02-19 12:51:02,621 - INFO - ============================================================
2026-02-19 12:51:02,621 - INFO - Portfolio construction: 38 longs, 38 shorts (from 38 candidates)
2026-02-19 12:51:02,622 - INFO - Vol targeting: rolling_vol=0.0538, scale=1.4865
2026-02-19 12:51:02,622 - INFO - PnL Net: 0.0014 | Scaled: 0.0021 | Turnover: 15.89% | Vol Scale: 1.49
2026-02-19 12:51:02,622 - INFO - 
============================================================
2026-02-19 12:51:02,622 - INFO - Running paper trading for 2025-12-19
2026-02-19 12:51:02,622 - INFO - ============================================================
2026-02-19 12:51:02,623 - INFO - Portfolio construction: 38 longs, 38 shorts (from 38 candidates)
2026-02-19 12:51:02,623 - INFO - Vol targeting: rolling_vol=0.0508, scale=1.5738
2026-02-19 12:51:02,623 - INFO - PnL Net: 0.0029 | Scaled: 0.0046 | Turnover: 15.26% | Vol Scale: 1.57
2026-02-19 12:51:02,623 - INFO - 
============================================================
2026-02-19 12:51:02,623 - INFO - Running paper trading for 2025-12-22
2026-02-19 12:51:02,623 - INFO - ============================================================
2026-02-19 12:51:02,624 - INFO - Portfolio construction: 38 longs, 38 shorts (from 38 candidates)
2026-02-19 12:51:02,625 - INFO - Vol targeting: rolling_vol=0.0516, scale=1.5517
2026-02-19 12:51:02,625 - INFO - PnL Net: -0.0009 | Scaled: -0.0014 | Turnover: 16.20% | Vol Scale: 1.55
2026-02-19 12:51:02,625 - INFO - 
============================================================
2026-02-19 12:51:02,625 - INFO - Running paper trading for 2025-12-23
2026-02-19 12:51:02,625 - INFO - ============================================================
2026-02-19 12:51:02,626 - INFO - Portfolio construction: 38 longs, 38 shorts (from 38 candidates)
2026-02-19 12:51:02,626 - INFO - Vol targeting: rolling_vol=0.0507, scale=1.5785
2026-02-19 12:51:02,626 - INFO - PnL Net: 0.0014 | Scaled: 0.0022 | Turnover: 18.49% | Vol Scale: 1.58
2026-02-19 12:51:02,626 - INFO - 
============================================================
2026-02-19 12:51:02,626 - INFO - Running paper trading for 2025-12-24
2026-02-19 12:51:02,626 - INFO - ============================================================
2026-02-19 12:51:02,627 - INFO - Portfolio construction: 38 longs, 38 shorts (from 38 candidates)
2026-02-19 12:51:02,628 - INFO - Vol targeting: rolling_vol=0.0504, scale=1.5889
2026-02-19 12:51:02,628 - INFO - PnL Net: 0.0005 | Scaled: 0.0008 | Turnover: 17.12% | Vol Scale: 1.59
2026-02-19 12:51:02,628 - INFO - 
============================================================
2026-02-19 12:51:02,628 - INFO - Running paper trading for 2025-12-26
2026-02-19 12:51:02,628 - INFO - ============================================================
2026-02-19 12:51:02,629 - INFO - Portfolio construction: 38 longs, 38 shorts (from 38 candidates)
2026-02-19 12:51:02,629 - INFO - Vol targeting: rolling_vol=0.0515, scale=1.5540
2026-02-19 12:51:02,629 - INFO - PnL Net: -0.0022 | Scaled: -0.0034 | Turnover: 16.78% | Vol Scale: 1.55
2026-02-19 12:51:02,629 - INFO - 
============================================================
2026-02-19 12:51:02,629 - INFO - Running paper trading for 2025-12-29
2026-02-19 12:51:02,629 - INFO - ============================================================
2026-02-19 12:51:02,631 - INFO - Portfolio construction: 38 longs, 38 shorts (from 38 candidates)
2026-02-19 12:51:02,631 - INFO - Vol targeting: rolling_vol=0.0514, scale=1.5572
2026-02-19 12:51:02,631 - INFO - PnL Net: -0.0006 | Scaled: -0.0009 | Turnover: 15.33% | Vol Scale: 1.56
2026-02-19 12:51:02,631 - INFO - 
============================================================
2026-02-19 12:51:02,631 - INFO - Running paper trading for 2026-02-06
2026-02-19 12:51:02,631 - INFO - ============================================================
2026-02-19 12:51:02,632 - INFO - Portfolio construction: 38 longs, 38 shorts (from 38 candidates)
2026-02-19 12:51:02,632 - INFO - Vol targeting: rolling_vol=0.0513, scale=1.5602
2026-02-19 12:51:02,633 - INFO - PnL Net: -0.0009 | Scaled: -0.0014 | Turnover: 21.13% | Vol Scale: 1.56
2026-02-19 12:51:02,633 - INFO - 
============================================================
2026-02-19 12:51:02,633 - INFO - Running paper trading for 2026-02-09
2026-02-19 12:51:02,633 - INFO - ============================================================
2026-02-19 12:51:02,634 - INFO - Portfolio construction: 38 longs, 38 shorts (from 38 candidates)
2026-02-19 12:51:02,634 - INFO - Vol targeting: rolling_vol=0.0485, scale=1.6506
2026-02-19 12:51:02,634 - INFO - PnL Net: -0.0001 | Scaled: -0.0001 | Turnover: 18.54% | Vol Scale: 1.65
2026-02-19 12:51:02,634 - INFO - 
============================================================
2026-02-19 12:51:02,634 - INFO - Running paper trading for 2026-02-10
2026-02-19 12:51:02,634 - INFO - ============================================================
2026-02-19 12:51:02,635 - INFO - Portfolio construction: 38 longs, 38 shorts (from 38 candidates)
2026-02-19 12:51:02,636 - INFO - Vol targeting: rolling_vol=0.0499, scale=1.6041
2026-02-19 12:51:02,636 - INFO - PnL Net: -0.0028 | Scaled: -0.0046 | Turnover: 16.32% | Vol Scale: 1.60
2026-02-19 12:51:02,636 - INFO - 
============================================================
2026-02-19 12:51:02,636 - INFO - Running paper trading for 2026-02-11
2026-02-19 12:51:02,636 - INFO - ============================================================
2026-02-19 12:51:02,638 - INFO - Portfolio construction: 38 longs, 38 shorts (from 38 candidates)
2026-02-19 12:51:02,638 - INFO - Vol targeting: rolling_vol=0.0607, scale=1.3188
2026-02-19 12:51:02,638 - INFO - PnL Net: -0.0095 | Scaled: -0.0125 | Turnover: 14.16% | Vol Scale: 1.32
2026-02-19 12:51:02,638 - INFO - 
============================================================
2026-02-19 12:51:02,639 - INFO - Running paper trading for 2026-02-12
2026-02-19 12:51:02,639 - INFO - ============================================================
2026-02-19 12:51:02,640 - INFO - Portfolio construction: 38 longs, 38 shorts (from 38 candidates)
2026-02-19 12:51:02,640 - INFO - Vol targeting: rolling_vol=0.0586, scale=1.3654
2026-02-19 12:51:02,640 - INFO - PnL Net: 0.0017 | Scaled: 0.0023 | Turnover: 12.15% | Vol Scale: 1.37
2026-02-19 12:51:02,640 - INFO - 
============================================================
2026-02-19 12:51:02,640 - INFO - Running paper trading for 2026-02-13
2026-02-19 12:51:02,640 - INFO - ============================================================
2026-02-19 12:51:02,641 - INFO - Portfolio construction: 38 longs, 38 shorts (from 38 candidates)
2026-02-19 12:51:02,642 - INFO - Vol targeting: rolling_vol=0.0585, scale=1.3673
2026-02-19 12:51:02,642 - INFO - PnL Net: 0.0003 | Scaled: 0.0004 | Turnover: 11.94% | Vol Scale: 1.37
2026-02-19 12:51:02,642 - INFO - 
============================================================
2026-02-19 12:51:02,642 - INFO - Running paper trading for 2026-02-17
2026-02-19 12:51:02,642 - INFO - ============================================================
2026-02-19 12:51:02,643 - INFO - Portfolio construction: 38 longs, 38 shorts (from 38 candidates)
2026-02-19 12:51:02,643 - INFO - Vol targeting: rolling_vol=0.0546, scale=1.4648
2026-02-19 12:51:02,643 - INFO - PnL Net: 0.0030 | Scaled: 0.0043 | Turnover: 10.47% | Vol Scale: 1.46
2026-02-19 12:51:02,644 - INFO - 
============================================================
2026-02-19 12:51:02,644 - INFO - Running paper trading for 2026-02-18
2026-02-19 12:51:02,644 - INFO - ============================================================
2026-02-19 12:51:02,645 - INFO - Portfolio construction: 38 longs, 38 shorts (from 38 candidates)
2026-02-19 12:51:02,645 - INFO - Vol targeting: rolling_vol=nan, scale=nan
2026-02-19 12:51:02,645 - INFO - PnL Net: nan | Scaled: nan | Turnover: 8.78% | Vol Scale: nan
2026-02-19 12:51:02,649 - INFO - Saved daily results to C:\Users\luixj\AI\stock-data\data\processed\phase4\phase4_paper_trading_daily.parquet
2026-02-19 12:51:02,649 - INFO - Saved summary to C:\Users\luixj\AI\stock-data\data\processed\phase4\phase4_paper_trading_summary.json
2026-02-19 12:51:02,649 - INFO - 
============================================================
2026-02-19 12:51:02,649 - INFO - PAPER TRADING SUMMARY
2026-02-19 12:51:02,649 - INFO - ============================================================
2026-02-19 12:51:02,649 - INFO - Trading Days: 196
2026-02-19 12:51:02,649 - INFO - 
RAW PERFORMANCE (no vol targeting):
2026-02-19 12:51:02,649 - INFO -   Sharpe Ratio: 0.00
2026-02-19 12:51:02,649 - INFO -   Annual Return: nan%
2026-02-19 12:51:02,649 - INFO -   Volatility: nan%
2026-02-19 12:51:02,650 - INFO - 
VOL-TARGETED PERFORMANCE:
2026-02-19 12:51:02,650 - INFO -   Sharpe Ratio: 0.00
2026-02-19 12:51:02,650 - INFO -   Annual Return: nan%
2026-02-19 12:51:02,650 - INFO -   Volatility: nan%
2026-02-19 12:51:02,650 - INFO - 
RISK METRICS:
2026-02-19 12:51:02,650 - INFO -   Max Drawdown: nan%
2026-02-19 12:51:02,650 - INFO -   Long Sharpe: 0.62
2026-02-19 12:51:02,650 - INFO -   Short Sharpe: 0.53
2026-02-19 12:51:02,650 - INFO - 
EXECUTION:
2026-02-19 12:51:02,650 - INFO -   Avg Turnover: 17.98%
2026-02-19 12:51:02,650 - INFO -   Avg Cost: 0.4 bps
2026-02-19 12:51:02,650 - INFO - 
KILL SWITCHES:
2026-02-19 12:51:02,650 - INFO -   Events: 15 (7.7% of days)
2026-02-19 12:51:02,650 - INFO - ============================================================
2026-02-19 12:51:02,650 - INFO - Simulation complete: 196 days | Sharpe(scaled)=0.00 | MaxDD=nan%
2026-02-19 12:51:03,421 - INFO - ============================================================
2026-02-19 12:51:03,421 - INFO - STEP 6: Syncing Qdrant
2026-02-19 12:51:03,421 - INFO - ============================================================
2026-02-19 12:51:03,942 - INFO - HTTP Request: GET http://localhost:6333 "HTTP/1.1 200 OK"
2026-02-19 12:51:03,952 - INFO - HTTP Request: GET http://localhost:6333/collections/stock_recommendations "HTTP/1.1 200 OK"
2026-02-19 12:51:03,952 - INFO - Collection 'stock_recommendations' already exists.
2026-02-19 12:51:03,966 - INFO - HTTP Request: GET http://localhost:6333/collections/trading_results "HTTP/1.1 200 OK"
2026-02-19 12:51:03,966 - INFO - Collection 'trading_results' already exists.
2026-02-19 12:51:03,967 - INFO - HTTP Request: GET http://localhost:6333/collections/performance_metrics "HTTP/1.1 200 OK"
2026-02-19 12:51:03,967 - INFO - Collection 'performance_metrics' already exists.
2026-02-19 12:51:03,987 - INFO - HTTP Request: POST http://localhost:6333/collections/stock_recommendations/points/delete?wait=true "HTTP/1.1 200 OK"
2026-02-19 12:51:03,989 - INFO - Cleared 'stock_recommendations'.
2026-02-19 12:51:03,991 - INFO - HTTP Request: POST http://localhost:6333/collections/trading_results/points/delete?wait=true "HTTP/1.1 200 OK"
2026-02-19 12:51:03,993 - INFO - Cleared 'trading_results'.
2026-02-19 12:51:03,996 - INFO - HTTP Request: POST http://localhost:6333/collections/performance_metrics/points/delete?wait=true "HTTP/1.1 200 OK"
2026-02-19 12:51:03,996 - INFO - Cleared 'performance_metrics'.
2026-02-19 12:51:04,006 - INFO - HTTP Request: PUT http://localhost:6333/collections/stock_recommendations/points?wait=true "HTTP/1.1 200 OK"
2026-02-19 12:51:04,012 - INFO - HTTP Request: PUT http://localhost:6333/collections/trading_results/points?wait=true "HTTP/1.1 200 OK"
2026-02-19 12:51:04,020 - INFO - HTTP Request: PUT http://localhost:6333/collections/stock_recommendations/points?wait=true "HTTP/1.1 200 OK"
2026-02-19 12:51:04,027 - INFO - HTTP Request: PUT http://localhost:6333/collections/trading_results/points?wait=true "HTTP/1.1 200 OK"
2026-02-19 12:51:04,035 - INFO - HTTP Request: PUT http://localhost:6333/collections/stock_recommendations/points?wait=true "HTTP/1.1 200 OK"
2026-02-19 12:51:04,061 - INFO - HTTP Request: PUT http://localhost:6333/collections/trading_results/points?wait=true "HTTP/1.1 200 OK"
2026-02-19 12:51:04,069 - INFO - HTTP Request: PUT http://localhost:6333/collections/stock_recommendations/points?wait=true "HTTP/1.1 200 OK"
2026-02-19 12:51:04,072 - INFO - HTTP Request: PUT http://localhost:6333/collections/trading_results/points?wait=true "HTTP/1.1 200 OK"
2026-02-19 12:51:04,080 - INFO - HTTP Request: PUT http://localhost:6333/collections/stock_recommendations/points?wait=true "HTTP/1.1 200 OK"
2026-02-19 12:51:04,084 - INFO - HTTP Request: PUT http://localhost:6333/collections/trading_results/points?wait=true "HTTP/1.1 200 OK"
2026-02-19 12:51:04,093 - INFO - HTTP Request: PUT http://localhost:6333/collections/stock_recommendations/points?wait=true "HTTP/1.1 200 OK"
2026-02-19 12:51:04,106 - INFO - HTTP Request: PUT http://localhost:6333/collections/trading_results/points?wait=true "HTTP/1.1 200 OK"
2026-02-19 12:51:04,113 - INFO - HTTP Request: PUT http://localhost:6333/collections/stock_recommendations/points?wait=true "HTTP/1.1 200 OK"
2026-02-19 12:51:04,115 - INFO - HTTP Request: PUT http://localhost:6333/collections/trading_results/points?wait=true "HTTP/1.1 200 OK"
2026-02-19 12:51:04,140 - INFO - HTTP Request: PUT http://localhost:6333/collections/stock_recommendations/points?wait=true "HTTP/1.1 200 OK"
2026-02-19 12:51:04,143 - INFO - HTTP Request: PUT http://localhost:6333/collections/trading_results/points?wait=true "HTTP/1.1 200 OK"
2026-02-19 12:51:04,149 - INFO - HTTP Request: PUT http://localhost:6333/collections/stock_recommendations/points?wait=true "HTTP/1.1 200 OK"
2026-02-19 12:51:04,153 - INFO - HTTP Request: PUT http://localhost:6333/collections/trading_results/points?wait=true "HTTP/1.1 200 OK"
2026-02-19 12:51:04,160 - INFO - HTTP Request: PUT http://localhost:6333/collections/stock_recommendations/points?wait=true "HTTP/1.1 200 OK"
2026-02-19 12:51:04,163 - INFO - HTTP Request: PUT http://localhost:6333/collections/trading_results/points?wait=true "HTTP/1.1 200 OK"
2026-02-19 12:51:04,187 - INFO - HTTP Request: PUT http://localhost:6333/collections/stock_recommendations/points?wait=true "HTTP/1.1 200 OK"
2026-02-19 12:51:04,190 - INFO - HTTP Request: PUT http://localhost:6333/collections/trading_results/points?wait=true "HTTP/1.1 200 OK"
2026-02-19 12:51:04,198 - INFO - HTTP Request: PUT http://localhost:6333/collections/stock_recommendations/points?wait=true "HTTP/1.1 200 OK"
2026-02-19 12:51:04,202 - INFO - HTTP Request: PUT http://localhost:6333/collections/trading_results/points?wait=true "HTTP/1.1 200 OK"
2026-02-19 12:51:04,209 - INFO - HTTP Request: PUT http://localhost:6333/collections/stock_recommendations/points?wait=true "HTTP/1.1 200 OK"
2026-02-19 12:51:04,211 - INFO - HTTP Request: PUT http://localhost:6333/collections/trading_results/points?wait=true "HTTP/1.1 200 OK"
2026-02-19 12:51:04,217 - INFO - HTTP Request: PUT http://localhost:6333/collections/stock_recommendations/points?wait=true "HTTP/1.1 200 OK"
2026-02-19 12:51:04,221 - INFO - HTTP Request: PUT http://localhost:6333/collections/trading_results/points?wait=true "HTTP/1.1 200 OK"
2026-02-19 12:51:04,228 - INFO - HTTP Request: PUT http://localhost:6333/collections/stock_recommendations/points?wait=true "HTTP/1.1 200 OK"
2026-02-19 12:51:04,231 - INFO - HTTP Request: PUT http://localhost:6333/collections/trading_results/points?wait=true "HTTP/1.1 200 OK"
2026-02-19 12:51:04,237 - INFO - HTTP Request: PUT http://localhost:6333/collections/stock_recommendations/points?wait=true "HTTP/1.1 200 OK"
2026-02-19 12:51:04,241 - INFO - HTTP Request: PUT http://localhost:6333/collections/trading_results/points?wait=true "HTTP/1.1 200 OK"
2026-02-19 12:51:04,248 - INFO - HTTP Request: PUT http://localhost:6333/collections/stock_recommendations/points?wait=true "HTTP/1.1 200 OK"
2026-02-19 12:51:04,252 - INFO - HTTP Request: PUT http://localhost:6333/collections/trading_results/points?wait=true "HTTP/1.1 200 OK"
2026-02-19 12:51:04,258 - INFO - HTTP Request: PUT http://localhost:6333/collections/stock_recommendations/points?wait=true "HTTP/1.1 200 OK"
2026-02-19 12:51:04,262 - INFO - HTTP Request: PUT http://localhost:6333/collections/trading_results/points?wait=true "HTTP/1.1 200 OK"
2026-02-19 12:51:04,270 - INFO - HTTP Request: PUT http://localhost:6333/collections/stock_recommendations/points?wait=true "HTTP/1.1 200 OK"
2026-02-19 12:51:04,273 - INFO - HTTP Request: PUT http://localhost:6333/collections/trading_results/points?wait=true "HTTP/1.1 200 OK"
2026-02-19 12:51:04,280 - INFO - HTTP Request: PUT http://localhost:6333/collections/stock_recommendations/points?wait=true "HTTP/1.1 200 OK"
2026-02-19 12:51:04,284 - INFO - HTTP Request: PUT http://localhost:6333/collections/trading_results/points?wait=true "HTTP/1.1 200 OK"
2026-02-19 12:51:04,291 - INFO - HTTP Request: PUT http://localhost:6333/collections/stock_recommendations/points?wait=true "HTTP/1.1 200 OK"
2026-02-19 12:51:04,293 - INFO - HTTP Request: PUT http://localhost:6333/collections/trading_results/points?wait=true "HTTP/1.1 200 OK"
2026-02-19 12:51:04,301 - INFO - HTTP Request: PUT http://localhost:6333/collections/stock_recommendations/points?wait=true "HTTP/1.1 200 OK"
2026-02-19 12:51:04,307 - INFO - HTTP Request: PUT http://localhost:6333/collections/trading_results/points?wait=true "HTTP/1.1 200 OK"
2026-02-19 12:51:04,326 - INFO - HTTP Request: PUT http://localhost:6333/collections/stock_recommendations/points?wait=true "HTTP/1.1 200 OK"
2026-02-19 12:51:04,329 - INFO - HTTP Request: PUT http://localhost:6333/collections/trading_results/points?wait=true "HTTP/1.1 200 OK"
2026-02-19 12:51:04,334 - INFO - HTTP Request: PUT http://localhost:6333/collections/stock_recommendations/points?wait=true "HTTP/1.1 200 OK"
2026-02-19 12:51:04,340 - INFO - HTTP Request: PUT http://localhost:6333/collections/trading_results/points?wait=true "HTTP/1.1 200 OK"
2026-02-19 12:51:04,346 - INFO - HTTP Request: PUT http://localhost:6333/collections/stock_recommendations/points?wait=true "HTTP/1.1 200 OK"
2026-02-19 12:51:04,348 - INFO - HTTP Request: PUT http://localhost:6333/collections/trading_results/points?wait=true "HTTP/1.1 200 OK"
2026-02-19 12:51:04,356 - INFO - HTTP Request: PUT http://localhost:6333/collections/stock_recommendations/points?wait=true "HTTP/1.1 200 OK"
2026-02-19 12:51:04,360 - INFO - HTTP Request: PUT http://localhost:6333/collections/trading_results/points?wait=true "HTTP/1.1 200 OK"
2026-02-19 12:51:04,366 - INFO - HTTP Request: PUT http://localhost:6333/collections/stock_recommendations/points?wait=true "HTTP/1.1 200 OK"
2026-02-19 12:51:04,368 - INFO - HTTP Request: PUT http://localhost:6333/collections/trading_results/points?wait=true "HTTP/1.1 200 OK"
2026-02-19 12:51:04,390 - INFO - HTTP Request: PUT http://localhost:6333/collections/stock_recommendations/points?wait=true "HTTP/1.1 200 OK"
2026-02-19 12:51:04,394 - INFO - HTTP Request: PUT http://localhost:6333/collections/trading_results/points?wait=true "HTTP/1.1 200 OK"
2026-02-19 12:51:04,400 - INFO - HTTP Request: PUT http://localhost:6333/collections/stock_recommendations/points?wait=true "HTTP/1.1 200 OK"
2026-02-19 12:51:04,404 - INFO - HTTP Request: PUT http://localhost:6333/collections/trading_results/points?wait=true "HTTP/1.1 200 OK"
2026-02-19 12:51:04,410 - INFO - HTTP Request: PUT http://localhost:6333/collections/stock_recommendations/points?wait=true "HTTP/1.1 200 OK"
2026-02-19 12:51:04,412 - INFO - HTTP Request: PUT http://localhost:6333/collections/trading_results/points?wait=true "HTTP/1.1 200 OK"
2026-02-19 12:51:04,420 - INFO - HTTP Request: PUT http://localhost:6333/collections/stock_recommendations/points?wait=true "HTTP/1.1 200 OK"
2026-02-19 12:51:04,424 - INFO - HTTP Request: PUT http://localhost:6333/collections/trading_results/points?wait=true "HTTP/1.1 200 OK"
2026-02-19 12:51:04,430 - INFO - HTTP Request: PUT http://localhost:6333/collections/stock_recommendations/points?wait=true "HTTP/1.1 200 OK"
2026-02-19 12:51:04,434 - INFO - HTTP Request: PUT http://localhost:6333/collections/trading_results/points?wait=true "HTTP/1.1 200 OK"
2026-02-19 12:51:04,443 - INFO - HTTP Request: PUT http://localhost:6333/collections/stock_recommendations/points?wait=true "HTTP/1.1 200 OK"
2026-02-19 12:51:04,445 - INFO - HTTP Request: PUT http://localhost:6333/collections/trading_results/points?wait=true "HTTP/1.1 200 OK"
2026-02-19 12:51:04,453 - INFO - HTTP Request: PUT http://localhost:6333/collections/stock_recommendations/points?wait=true "HTTP/1.1 200 OK"
2026-02-19 12:51:04,455 - INFO - HTTP Request: PUT http://localhost:6333/collections/trading_results/points?wait=true "HTTP/1.1 200 OK"
2026-02-19 12:51:04,464 - INFO - HTTP Request: PUT http://localhost:6333/collections/stock_recommendations/points?wait=true "HTTP/1.1 200 OK"
2026-02-19 12:51:04,467 - INFO - HTTP Request: PUT http://localhost:6333/collections/trading_results/points?wait=true "HTTP/1.1 200 OK"
2026-02-19 12:51:04,474 - INFO - HTTP Request: PUT http://localhost:6333/collections/stock_recommendations/points?wait=true "HTTP/1.1 200 OK"
2026-02-19 12:51:04,499 - INFO - HTTP Request: PUT http://localhost:6333/collections/trading_results/points?wait=true "HTTP/1.1 200 OK"
2026-02-19 12:51:04,530 - INFO - HTTP Request: PUT http://localhost:6333/collections/stock_recommendations/points?wait=true "HTTP/1.1 200 OK"
2026-02-19 12:51:04,533 - INFO - HTTP Request: PUT http://localhost:6333/collections/trading_results/points?wait=true "HTTP/1.1 200 OK"
2026-02-19 12:51:04,541 - INFO - HTTP Request: PUT http://localhost:6333/collections/stock_recommendations/points?wait=true "HTTP/1.1 200 OK"
2026-02-19 12:51:04,544 - INFO - HTTP Request: PUT http://localhost:6333/collections/trading_results/points?wait=true "HTTP/1.1 200 OK"
2026-02-19 12:51:04,552 - INFO - HTTP Request: PUT http://localhost:6333/collections/stock_recommendations/points?wait=true "HTTP/1.1 200 OK"
2026-02-19 12:51:04,555 - INFO - HTTP Request: PUT http://localhost:6333/collections/trading_results/points?wait=true "HTTP/1.1 200 OK"
2026-02-19 12:51:04,562 - INFO - HTTP Request: PUT http://localhost:6333/collections/stock_recommendations/points?wait=true "HTTP/1.1 200 OK"
2026-02-19 12:51:04,564 - INFO - HTTP Request: PUT http://localhost:6333/collections/trading_results/points?wait=true "HTTP/1.1 200 OK"
2026-02-19 12:51:04,593 - INFO - HTTP Request: PUT http://localhost:6333/collections/stock_recommendations/points?wait=true "HTTP/1.1 200 OK"
2026-02-19 12:51:04,597 - INFO - HTTP Request: PUT http://localhost:6333/collections/trading_results/points?wait=true "HTTP/1.1 200 OK"
2026-02-19 12:51:04,605 - INFO - HTTP Request: PUT http://localhost:6333/collections/stock_recommendations/points?wait=true "HTTP/1.1 200 OK"
2026-02-19 12:51:04,609 - INFO - HTTP Request: PUT http://localhost:6333/collections/trading_results/points?wait=true "HTTP/1.1 200 OK"
2026-02-19 12:51:04,617 - INFO - HTTP Request: PUT http://localhost:6333/collections/stock_recommendations/points?wait=true "HTTP/1.1 200 OK"
2026-02-19 12:51:04,623 - INFO - HTTP Request: PUT http://localhost:6333/collections/trading_results/points?wait=true "HTTP/1.1 200 OK"
2026-02-19 12:51:04,629 - INFO - HTTP Request: PUT http://localhost:6333/collections/stock_recommendations/points?wait=true "HTTP/1.1 200 OK"
2026-02-19 12:51:04,633 - INFO - HTTP Request: PUT http://localhost:6333/collections/trading_results/points?wait=true "HTTP/1.1 200 OK"
2026-02-19 12:51:04,655 - INFO - HTTP Request: PUT http://localhost:6333/collections/stock_recommendations/points?wait=true "HTTP/1.1 200 OK"
2026-02-19 12:51:04,661 - INFO - HTTP Request: PUT http://localhost:6333/collections/trading_results/points?wait=true "HTTP/1.1 200 OK"
2026-02-19 12:51:04,672 - INFO - HTTP Request: PUT http://localhost:6333/collections/stock_recommendations/points?wait=true "HTTP/1.1 200 OK"
2026-02-19 12:51:04,676 - INFO - HTTP Request: PUT http://localhost:6333/collections/trading_results/points?wait=true "HTTP/1.1 200 OK"
2026-02-19 12:51:04,702 - INFO - HTTP Request: PUT http://localhost:6333/collections/stock_recommendations/points?wait=true "HTTP/1.1 200 OK"
2026-02-19 12:51:04,707 - INFO - HTTP Request: PUT http://localhost:6333/collections/trading_results/points?wait=true "HTTP/1.1 200 OK"
2026-02-19 12:51:04,714 - INFO - HTTP Request: PUT http://localhost:6333/collections/stock_recommendations/points?wait=true "HTTP/1.1 200 OK"
2026-02-19 12:51:04,722 - INFO - HTTP Request: PUT http://localhost:6333/collections/trading_results/points?wait=true "HTTP/1.1 200 OK"
2026-02-19 12:51:04,728 - INFO - HTTP Request: PUT http://localhost:6333/collections/stock_recommendations/points?wait=true "HTTP/1.1 200 OK"
2026-02-19 12:51:04,731 - INFO - HTTP Request: PUT http://localhost:6333/collections/trading_results/points?wait=true "HTTP/1.1 200 OK"
2026-02-19 12:51:04,739 - INFO - HTTP Request: PUT http://localhost:6333/collections/stock_recommendations/points?wait=true "HTTP/1.1 200 OK"
2026-02-19 12:51:04,743 - INFO - HTTP Request: PUT http://localhost:6333/collections/trading_results/points?wait=true "HTTP/1.1 200 OK"
2026-02-19 12:51:04,764 - INFO - HTTP Request: PUT http://localhost:6333/collections/stock_recommendations/points?wait=true "HTTP/1.1 200 OK"
2026-02-19 12:51:04,768 - INFO - HTTP Request: PUT http://localhost:6333/collections/trading_results/points?wait=true "HTTP/1.1 200 OK"
2026-02-19 12:51:04,796 - INFO - HTTP Request: PUT http://localhost:6333/collections/stock_recommendations/points?wait=true "HTTP/1.1 200 OK"
2026-02-19 12:51:04,799 - INFO - HTTP Request: PUT http://localhost:6333/collections/trading_results/points?wait=true "HTTP/1.1 200 OK"
2026-02-19 12:51:04,806 - INFO - HTTP Request: PUT http://localhost:6333/collections/stock_recommendations/points?wait=true "HTTP/1.1 200 OK"
2026-02-19 12:51:04,813 - INFO - HTTP Request: PUT http://localhost:6333/collections/trading_results/points?wait=true "HTTP/1.1 200 OK"
2026-02-19 12:51:04,820 - INFO - HTTP Request: PUT http://localhost:6333/collections/stock_recommendations/points?wait=true "HTTP/1.1 200 OK"
2026-02-19 12:51:04,823 - INFO - HTTP Request: PUT http://localhost:6333/collections/trading_results/points?wait=true "HTTP/1.1 200 OK"
2026-02-19 12:51:04,831 - INFO - HTTP Request: PUT http://localhost:6333/collections/stock_recommendations/points?wait=true "HTTP/1.1 200 OK"
2026-02-19 12:51:04,833 - INFO - HTTP Request: PUT http://localhost:6333/collections/trading_results/points?wait=true "HTTP/1.1 200 OK"
2026-02-19 12:51:04,841 - INFO - HTTP Request: PUT http://localhost:6333/collections/stock_recommendations/points?wait=true "HTTP/1.1 200 OK"
2026-02-19 12:51:04,843 - INFO - HTTP Request: PUT http://localhost:6333/collections/trading_results/points?wait=true "HTTP/1.1 200 OK"
2026-02-19 12:51:04,851 - INFO - HTTP Request: PUT http://localhost:6333/collections/stock_recommendations/points?wait=true "HTTP/1.1 200 OK"
2026-02-19 12:51:04,856 - INFO - HTTP Request: PUT http://localhost:6333/collections/trading_results/points?wait=true "HTTP/1.1 200 OK"
2026-02-19 12:51:04,862 - INFO - HTTP Request: PUT http://localhost:6333/collections/stock_recommendations/points?wait=true "HTTP/1.1 200 OK"
2026-02-19 12:51:04,866 - INFO - HTTP Request: PUT http://localhost:6333/collections/trading_results/points?wait=true "HTTP/1.1 200 OK"
2026-02-19 12:51:04,872 - INFO - HTTP Request: PUT http://localhost:6333/collections/stock_recommendations/points?wait=true "HTTP/1.1 200 OK"
2026-02-19 12:51:04,876 - INFO - HTTP Request: PUT http://localhost:6333/collections/trading_results/points?wait=true "HTTP/1.1 200 OK"
2026-02-19 12:51:04,882 - INFO - HTTP Request: PUT http://localhost:6333/collections/stock_recommendations/points?wait=true "HTTP/1.1 200 OK"
2026-02-19 12:51:04,886 - INFO - HTTP Request: PUT http://localhost:6333/collections/trading_results/points?wait=true "HTTP/1.1 200 OK"
2026-02-19 12:51:04,894 - INFO - HTTP Request: PUT http://localhost:6333/collections/stock_recommendations/points?wait=true "HTTP/1.1 200 OK"
2026-02-19 12:51:04,897 - INFO - HTTP Request: PUT http://localhost:6333/collections/trading_results/points?wait=true "HTTP/1.1 200 OK"
2026-02-19 12:51:04,905 - INFO - HTTP Request: PUT http://localhost:6333/collections/stock_recommendations/points?wait=true "HTTP/1.1 200 OK"
2026-02-19 12:51:04,909 - INFO - HTTP Request: PUT http://localhost:6333/collections/trading_results/points?wait=true "HTTP/1.1 200 OK"
2026-02-19 12:51:04,915 - INFO - HTTP Request: PUT http://localhost:6333/collections/stock_recommendations/points?wait=true "HTTP/1.1 200 OK"
2026-02-19 12:51:04,919 - INFO - HTTP Request: PUT http://localhost:6333/collections/trading_results/points?wait=true "HTTP/1.1 200 OK"
2026-02-19 12:51:04,925 - INFO - HTTP Request: PUT http://localhost:6333/collections/stock_recommendations/points?wait=true "HTTP/1.1 200 OK"
2026-02-19 12:51:04,928 - INFO - HTTP Request: PUT http://localhost:6333/collections/trading_results/points?wait=true "HTTP/1.1 200 OK"
2026-02-19 12:51:04,936 - INFO - HTTP Request: PUT http://localhost:6333/collections/stock_recommendations/points?wait=true "HTTP/1.1 200 OK"
2026-02-19 12:51:04,940 - INFO - HTTP Request: PUT http://localhost:6333/collections/trading_results/points?wait=true "HTTP/1.1 200 OK"
2026-02-19 12:51:04,946 - INFO - HTTP Request: PUT http://localhost:6333/collections/stock_recommendations/points?wait=true "HTTP/1.1 200 OK"
2026-02-19 12:51:04,969 - INFO - HTTP Request: PUT http://localhost:6333/collections/trading_results/points?wait=true "HTTP/1.1 200 OK"
2026-02-19 12:51:04,978 - INFO - HTTP Request: PUT http://localhost:6333/collections/stock_recommendations/points?wait=true "HTTP/1.1 200 OK"
2026-02-19 12:51:04,980 - INFO - HTTP Request: PUT http://localhost:6333/collections/trading_results/points?wait=true "HTTP/1.1 200 OK"
2026-02-19 12:51:04,989 - INFO - HTTP Request: PUT http://localhost:6333/collections/stock_recommendations/points?wait=true "HTTP/1.1 200 OK"
2026-02-19 12:51:04,993 - INFO - HTTP Request: PUT http://localhost:6333/collections/trading_results/points?wait=true "HTTP/1.1 200 OK"
2026-02-19 12:51:04,999 - INFO - HTTP Request: PUT http://localhost:6333/collections/stock_recommendations/points?wait=true "HTTP/1.1 200 OK"
2026-02-19 12:51:05,006 - INFO - HTTP Request: PUT http://localhost:6333/collections/trading_results/points?wait=true "HTTP/1.1 200 OK"
2026-02-19 12:51:05,014 - INFO - HTTP Request: PUT http://localhost:6333/collections/stock_recommendations/points?wait=true "HTTP/1.1 200 OK"
2026-02-19 12:51:05,018 - INFO - HTTP Request: PUT http://localhost:6333/collections/trading_results/points?wait=true "HTTP/1.1 200 OK"
2026-02-19 12:51:05,027 - INFO - HTTP Request: PUT http://localhost:6333/collections/stock_recommendations/points?wait=true "HTTP/1.1 200 OK"
2026-02-19 12:51:05,030 - INFO - HTTP Request: PUT http://localhost:6333/collections/trading_results/points?wait=true "HTTP/1.1 200 OK"
2026-02-19 12:51:05,038 - INFO - HTTP Request: PUT http://localhost:6333/collections/stock_recommendations/points?wait=true "HTTP/1.1 200 OK"
2026-02-19 12:51:05,041 - INFO - HTTP Request: PUT http://localhost:6333/collections/trading_results/points?wait=true "HTTP/1.1 200 OK"
2026-02-19 12:51:05,047 - INFO - HTTP Request: PUT http://localhost:6333/collections/stock_recommendations/points?wait=true "HTTP/1.1 200 OK"
2026-02-19 12:51:05,050 - INFO - HTTP Request: PUT http://localhost:6333/collections/trading_results/points?wait=true "HTTP/1.1 200 OK"
2026-02-19 12:51:05,077 - INFO - HTTP Request: PUT http://localhost:6333/collections/stock_recommendations/points?wait=true "HTTP/1.1 200 OK"
2026-02-19 12:51:05,080 - INFO - HTTP Request: PUT http://localhost:6333/collections/trading_results/points?wait=true "HTTP/1.1 200 OK"
2026-02-19 12:51:05,086 - INFO - HTTP Request: PUT http://localhost:6333/collections/stock_recommendations/points?wait=true "HTTP/1.1 200 OK"
2026-02-19 12:51:05,091 - INFO - HTTP Request: PUT http://localhost:6333/collections/trading_results/points?wait=true "HTTP/1.1 200 OK"
2026-02-19 12:51:05,098 - INFO - HTTP Request: PUT http://localhost:6333/collections/stock_recommendations/points?wait=true "HTTP/1.1 200 OK"
2026-02-19 12:51:05,101 - INFO - HTTP Request: PUT http://localhost:6333/collections/trading_results/points?wait=true "HTTP/1.1 200 OK"
2026-02-19 12:51:05,107 - INFO - HTTP Request: PUT http://localhost:6333/collections/stock_recommendations/points?wait=true "HTTP/1.1 200 OK"
2026-02-19 12:51:05,113 - INFO - HTTP Request: PUT http://localhost:6333/collections/trading_results/points?wait=true "HTTP/1.1 200 OK"
2026-02-19 12:51:05,121 - INFO - HTTP Request: PUT http://localhost:6333/collections/stock_recommendations/points?wait=true "HTTP/1.1 200 OK"
2026-02-19 12:51:05,126 - INFO - HTTP Request: PUT http://localhost:6333/collections/trading_results/points?wait=true "HTTP/1.1 200 OK"
2026-02-19 12:51:05,133 - INFO - HTTP Request: PUT http://localhost:6333/collections/stock_recommendations/points?wait=true "HTTP/1.1 200 OK"
2026-02-19 12:51:05,137 - INFO - HTTP Request: PUT http://localhost:6333/collections/trading_results/points?wait=true "HTTP/1.1 200 OK"
2026-02-19 12:51:05,144 - INFO - HTTP Request: PUT http://localhost:6333/collections/stock_recommendations/points?wait=true "HTTP/1.1 200 OK"
2026-02-19 12:51:05,148 - INFO - HTTP Request: PUT http://localhost:6333/collections/trading_results/points?wait=true "HTTP/1.1 200 OK"
2026-02-19 12:51:05,157 - INFO - HTTP Request: PUT http://localhost:6333/collections/stock_recommendations/points?wait=true "HTTP/1.1 200 OK"
2026-02-19 12:51:05,161 - INFO - HTTP Request: PUT http://localhost:6333/collections/trading_results/points?wait=true "HTTP/1.1 200 OK"
2026-02-19 12:51:05,168 - INFO - HTTP Request: PUT http://localhost:6333/collections/stock_recommendations/points?wait=true "HTTP/1.1 200 OK"
2026-02-19 12:51:05,171 - INFO - HTTP Request: PUT http://localhost:6333/collections/trading_results/points?wait=true "HTTP/1.1 200 OK"
2026-02-19 12:51:05,178 - INFO - HTTP Request: PUT http://localhost:6333/collections/stock_recommendations/points?wait=true "HTTP/1.1 200 OK"
2026-02-19 12:51:05,181 - INFO - HTTP Request: PUT http://localhost:6333/collections/trading_results/points?wait=true "HTTP/1.1 200 OK"
2026-02-19 12:51:05,189 - INFO - HTTP Request: PUT http://localhost:6333/collections/stock_recommendations/points?wait=true "HTTP/1.1 200 OK"
2026-02-19 12:51:05,191 - INFO - HTTP Request: PUT http://localhost:6333/collections/trading_results/points?wait=true "HTTP/1.1 200 OK"
2026-02-19 12:51:05,218 - INFO - HTTP Request: PUT http://localhost:6333/collections/stock_recommendations/points?wait=true "HTTP/1.1 200 OK"
2026-02-19 12:51:05,221 - INFO - HTTP Request: PUT http://localhost:6333/collections/trading_results/points?wait=true "HTTP/1.1 200 OK"
2026-02-19 12:51:05,228 - INFO - HTTP Request: PUT http://localhost:6333/collections/stock_recommendations/points?wait=true "HTTP/1.1 200 OK"
2026-02-19 12:51:05,231 - INFO - HTTP Request: PUT http://localhost:6333/collections/trading_results/points?wait=true "HTTP/1.1 200 OK"
2026-02-19 12:51:05,238 - INFO - HTTP Request: PUT http://localhost:6333/collections/stock_recommendations/points?wait=true "HTTP/1.1 200 OK"
2026-02-19 12:51:05,241 - INFO - HTTP Request: PUT http://localhost:6333/collections/trading_results/points?wait=true "HTTP/1.1 200 OK"
2026-02-19 12:51:05,249 - INFO - HTTP Request: PUT http://localhost:6333/collections/stock_recommendations/points?wait=true "HTTP/1.1 200 OK"
2026-02-19 12:51:05,252 - INFO - HTTP Request: PUT http://localhost:6333/collections/trading_results/points?wait=true "HTTP/1.1 200 OK"
2026-02-19 12:51:05,278 - INFO - HTTP Request: PUT http://localhost:6333/collections/stock_recommendations/points?wait=true "HTTP/1.1 200 OK"
2026-02-19 12:51:05,282 - INFO - HTTP Request: PUT http://localhost:6333/collections/trading_results/points?wait=true "HTTP/1.1 200 OK"
2026-02-19 12:51:05,288 - INFO - HTTP Request: PUT http://localhost:6333/collections/stock_recommendations/points?wait=true "HTTP/1.1 200 OK"
2026-02-19 12:51:05,293 - INFO - HTTP Request: PUT http://localhost:6333/collections/trading_results/points?wait=true "HTTP/1.1 200 OK"
2026-02-19 12:51:05,298 - INFO - HTTP Request: PUT http://localhost:6333/collections/stock_recommendations/points?wait=true "HTTP/1.1 200 OK"
2026-02-19 12:51:05,302 - INFO - HTTP Request: PUT http://localhost:6333/collections/trading_results/points?wait=true "HTTP/1.1 200 OK"
2026-02-19 12:51:05,309 - INFO - HTTP Request: PUT http://localhost:6333/collections/stock_recommendations/points?wait=true "HTTP/1.1 200 OK"
2026-02-19 12:51:05,313 - INFO - HTTP Request: PUT http://localhost:6333/collections/trading_results/points?wait=true "HTTP/1.1 200 OK"
2026-02-19 12:51:05,323 - INFO - HTTP Request: PUT http://localhost:6333/collections/stock_recommendations/points?wait=true "HTTP/1.1 200 OK"
2026-02-19 12:51:05,325 - INFO - HTTP Request: PUT http://localhost:6333/collections/trading_results/points?wait=true "HTTP/1.1 200 OK"
2026-02-19 12:51:05,333 - INFO - HTTP Request: PUT http://localhost:6333/collections/stock_recommendations/points?wait=true "HTTP/1.1 200 OK"
2026-02-19 12:51:05,357 - INFO - HTTP Request: PUT http://localhost:6333/collections/trading_results/points?wait=true "HTTP/1.1 200 OK"
2026-02-19 12:51:05,365 - INFO - HTTP Request: PUT http://localhost:6333/collections/stock_recommendations/points?wait=true "HTTP/1.1 200 OK"
2026-02-19 12:51:05,368 - INFO - HTTP Request: PUT http://localhost:6333/collections/trading_results/points?wait=true "HTTP/1.1 200 OK"
2026-02-19 12:51:05,378 - INFO - HTTP Request: PUT http://localhost:6333/collections/stock_recommendations/points?wait=true "HTTP/1.1 200 OK"
2026-02-19 12:51:05,381 - INFO - HTTP Request: PUT http://localhost:6333/collections/trading_results/points?wait=true "HTTP/1.1 200 OK"
2026-02-19 12:51:05,387 - INFO - HTTP Request: PUT http://localhost:6333/collections/stock_recommendations/points?wait=true "HTTP/1.1 200 OK"
2026-02-19 12:51:05,391 - INFO - HTTP Request: PUT http://localhost:6333/collections/trading_results/points?wait=true "HTTP/1.1 200 OK"
2026-02-19 12:51:05,421 - INFO - HTTP Request: PUT http://localhost:6333/collections/stock_recommendations/points?wait=true "HTTP/1.1 200 OK"
2026-02-19 12:51:05,425 - INFO - HTTP Request: PUT http://localhost:6333/collections/trading_results/points?wait=true "HTTP/1.1 200 OK"
2026-02-19 12:51:05,434 - INFO - HTTP Request: PUT http://localhost:6333/collections/stock_recommendations/points?wait=true "HTTP/1.1 200 OK"
2026-02-19 12:51:05,438 - INFO - HTTP Request: PUT http://localhost:6333/collections/trading_results/points?wait=true "HTTP/1.1 200 OK"
2026-02-19 12:51:05,446 - INFO - HTTP Request: PUT http://localhost:6333/collections/stock_recommendations/points?wait=true "HTTP/1.1 200 OK"
2026-02-19 12:51:05,449 - INFO - HTTP Request: PUT http://localhost:6333/collections/trading_results/points?wait=true "HTTP/1.1 200 OK"
2026-02-19 12:51:05,456 - INFO - HTTP Request: PUT http://localhost:6333/collections/stock_recommendations/points?wait=true "HTTP/1.1 200 OK"
2026-02-19 12:51:05,460 - INFO - HTTP Request: PUT http://localhost:6333/collections/trading_results/points?wait=true "HTTP/1.1 200 OK"
2026-02-19 12:51:05,467 - INFO - HTTP Request: PUT http://localhost:6333/collections/stock_recommendations/points?wait=true "HTTP/1.1 200 OK"
2026-02-19 12:51:05,469 - INFO - HTTP Request: PUT http://localhost:6333/collections/trading_results/points?wait=true "HTTP/1.1 200 OK"
2026-02-19 12:51:05,476 - INFO - HTTP Request: PUT http://localhost:6333/collections/stock_recommendations/points?wait=true "HTTP/1.1 200 OK"
2026-02-19 12:51:05,480 - INFO - HTTP Request: PUT http://localhost:6333/collections/trading_results/points?wait=true "HTTP/1.1 200 OK"
2026-02-19 12:51:05,488 - INFO - HTTP Request: PUT http://localhost:6333/collections/stock_recommendations/points?wait=true "HTTP/1.1 200 OK"
2026-02-19 12:51:05,491 - INFO - HTTP Request: PUT http://localhost:6333/collections/trading_results/points?wait=true "HTTP/1.1 200 OK"
2026-02-19 12:51:05,498 - INFO - HTTP Request: PUT http://localhost:6333/collections/stock_recommendations/points?wait=true "HTTP/1.1 200 OK"
2026-02-19 12:51:05,502 - INFO - HTTP Request: PUT http://localhost:6333/collections/trading_results/points?wait=true "HTTP/1.1 200 OK"
2026-02-19 12:51:05,509 - INFO - HTTP Request: PUT http://localhost:6333/collections/stock_recommendations/points?wait=true "HTTP/1.1 200 OK"
2026-02-19 12:51:05,513 - INFO - HTTP Request: PUT http://localhost:6333/collections/trading_results/points?wait=true "HTTP/1.1 200 OK"
2026-02-19 12:51:05,518 - INFO - HTTP Request: PUT http://localhost:6333/collections/stock_recommendations/points?wait=true "HTTP/1.1 200 OK"
2026-02-19 12:51:05,523 - INFO - HTTP Request: PUT http://localhost:6333/collections/trading_results/points?wait=true "HTTP/1.1 200 OK"
2026-02-19 12:51:05,529 - INFO - HTTP Request: PUT http://localhost:6333/collections/stock_recommendations/points?wait=true "HTTP/1.1 200 OK"
2026-02-19 12:51:05,533 - INFO - HTTP Request: PUT http://localhost:6333/collections/trading_results/points?wait=true "HTTP/1.1 200 OK"
2026-02-19 12:51:05,541 - INFO - HTTP Request: PUT http://localhost:6333/collections/stock_recommendations/points?wait=true "HTTP/1.1 200 OK"
2026-02-19 12:51:05,544 - INFO - HTTP Request: PUT http://localhost:6333/collections/trading_results/points?wait=true "HTTP/1.1 200 OK"
2026-02-19 12:51:05,551 - INFO - HTTP Request: PUT http://localhost:6333/collections/stock_recommendations/points?wait=true "HTTP/1.1 200 OK"
2026-02-19 12:51:05,555 - INFO - HTTP Request: PUT http://localhost:6333/collections/trading_results/points?wait=true "HTTP/1.1 200 OK"
2026-02-19 12:51:05,585 - INFO - HTTP Request: PUT http://localhost:6333/collections/stock_recommendations/points?wait=true "HTTP/1.1 200 OK"
2026-02-19 12:51:05,606 - INFO - HTTP Request: PUT http://localhost:6333/collections/trading_results/points?wait=true "HTTP/1.1 200 OK"
2026-02-19 12:51:05,623 - INFO - HTTP Request: PUT http://localhost:6333/collections/stock_recommendations/points?wait=true "HTTP/1.1 200 OK"
2026-02-19 12:51:05,626 - INFO - HTTP Request: PUT http://localhost:6333/collections/trading_results/points?wait=true "HTTP/1.1 200 OK"
2026-02-19 12:51:05,655 - INFO - HTTP Request: PUT http://localhost:6333/collections/stock_recommendations/points?wait=true "HTTP/1.1 200 OK"
2026-02-19 12:51:05,658 - INFO - HTTP Request: PUT http://localhost:6333/collections/trading_results/points?wait=true "HTTP/1.1 200 OK"
2026-02-19 12:51:05,667 - INFO - HTTP Request: PUT http://localhost:6333/collections/stock_recommendations/points?wait=true "HTTP/1.1 200 OK"
2026-02-19 12:51:05,671 - INFO - HTTP Request: PUT http://localhost:6333/collections/trading_results/points?wait=true "HTTP/1.1 200 OK"
2026-02-19 12:51:05,678 - INFO - HTTP Request: PUT http://localhost:6333/collections/stock_recommendations/points?wait=true "HTTP/1.1 200 OK"
2026-02-19 12:51:05,681 - INFO - HTTP Request: PUT http://localhost:6333/collections/trading_results/points?wait=true "HTTP/1.1 200 OK"
2026-02-19 12:51:05,703 - INFO - HTTP Request: PUT http://localhost:6333/collections/stock_recommendations/points?wait=true "HTTP/1.1 200 OK"
2026-02-19 12:51:05,706 - INFO - HTTP Request: PUT http://localhost:6333/collections/trading_results/points?wait=true "HTTP/1.1 200 OK"
2026-02-19 12:51:05,713 - INFO - HTTP Request: PUT http://localhost:6333/collections/stock_recommendations/points?wait=true "HTTP/1.1 200 OK"
2026-02-19 12:51:05,716 - INFO - HTTP Request: PUT http://localhost:6333/collections/trading_results/points?wait=true "HTTP/1.1 200 OK"
2026-02-19 12:51:05,722 - INFO - HTTP Request: PUT http://localhost:6333/collections/stock_recommendations/points?wait=true "HTTP/1.1 200 OK"
2026-02-19 12:51:05,726 - INFO - HTTP Request: PUT http://localhost:6333/collections/trading_results/points?wait=true "HTTP/1.1 200 OK"
2026-02-19 12:51:05,732 - INFO - HTTP Request: PUT http://localhost:6333/collections/stock_recommendations/points?wait=true "HTTP/1.1 200 OK"
2026-02-19 12:51:05,738 - INFO - HTTP Request: PUT http://localhost:6333/collections/trading_results/points?wait=true "HTTP/1.1 200 OK"
2026-02-19 12:51:05,744 - INFO - HTTP Request: PUT http://localhost:6333/collections/stock_recommendations/points?wait=true "HTTP/1.1 200 OK"
2026-02-19 12:51:05,748 - INFO - HTTP Request: PUT http://localhost:6333/collections/trading_results/points?wait=true "HTTP/1.1 200 OK"
2026-02-19 12:51:05,779 - INFO - HTTP Request: PUT http://localhost:6333/collections/stock_recommendations/points?wait=true "HTTP/1.1 200 OK"
2026-02-19 12:51:05,783 - INFO - HTTP Request: PUT http://localhost:6333/collections/trading_results/points?wait=true "HTTP/1.1 200 OK"
2026-02-19 12:51:05,812 - INFO - HTTP Request: PUT http://localhost:6333/collections/stock_recommendations/points?wait=true "HTTP/1.1 200 OK"
2026-02-19 12:51:05,816 - INFO - HTTP Request: PUT http://localhost:6333/collections/trading_results/points?wait=true "HTTP/1.1 200 OK"
2026-02-19 12:51:05,824 - INFO - HTTP Request: PUT http://localhost:6333/collections/stock_recommendations/points?wait=true "HTTP/1.1 200 OK"
2026-02-19 12:51:05,827 - INFO - HTTP Request: PUT http://localhost:6333/collections/trading_results/points?wait=true "HTTP/1.1 200 OK"
2026-02-19 12:51:05,834 - INFO - HTTP Request: PUT http://localhost:6333/collections/stock_recommendations/points?wait=true "HTTP/1.1 200 OK"
2026-02-19 12:51:05,838 - INFO - HTTP Request: PUT http://localhost:6333/collections/trading_results/points?wait=true "HTTP/1.1 200 OK"
2026-02-19 12:51:05,845 - INFO - HTTP Request: PUT http://localhost:6333/collections/stock_recommendations/points?wait=true "HTTP/1.1 200 OK"
2026-02-19 12:51:05,848 - INFO - HTTP Request: PUT http://localhost:6333/collections/trading_results/points?wait=true "HTTP/1.1 200 OK"
2026-02-19 12:51:05,856 - INFO - HTTP Request: PUT http://localhost:6333/collections/stock_recommendations/points?wait=true "HTTP/1.1 200 OK"
2026-02-19 12:51:05,860 - INFO - HTTP Request: PUT http://localhost:6333/collections/trading_results/points?wait=true "HTTP/1.1 200 OK"
2026-02-19 12:51:05,866 - INFO - HTTP Request: PUT http://localhost:6333/collections/stock_recommendations/points?wait=true "HTTP/1.1 200 OK"
2026-02-19 12:51:05,870 - INFO - HTTP Request: PUT http://localhost:6333/collections/trading_results/points?wait=true "HTTP/1.1 200 OK"
2026-02-19 12:51:05,876 - INFO - HTTP Request: PUT http://localhost:6333/collections/stock_recommendations/points?wait=true "HTTP/1.1 200 OK"
2026-02-19 12:51:05,880 - INFO - HTTP Request: PUT http://localhost:6333/collections/trading_results/points?wait=true "HTTP/1.1 200 OK"
2026-02-19 12:51:05,888 - INFO - HTTP Request: PUT http://localhost:6333/collections/stock_recommendations/points?wait=true "HTTP/1.1 200 OK"
2026-02-19 12:51:05,892 - INFO - HTTP Request: PUT http://localhost:6333/collections/trading_results/points?wait=true "HTTP/1.1 200 OK"
2026-02-19 12:51:05,900 - INFO - HTTP Request: PUT http://localhost:6333/collections/stock_recommendations/points?wait=true "HTTP/1.1 200 OK"
2026-02-19 12:51:05,903 - INFO - HTTP Request: PUT http://localhost:6333/collections/trading_results/points?wait=true "HTTP/1.1 200 OK"
2026-02-19 12:51:05,918 - INFO - HTTP Request: PUT http://localhost:6333/collections/stock_recommendations/points?wait=true "HTTP/1.1 200 OK"
2026-02-19 12:51:05,921 - INFO - HTTP Request: PUT http://localhost:6333/collections/trading_results/points?wait=true "HTTP/1.1 200 OK"
2026-02-19 12:51:05,932 - INFO - HTTP Request: PUT http://localhost:6333/collections/stock_recommendations/points?wait=true "HTTP/1.1 200 OK"
2026-02-19 12:51:05,935 - INFO - HTTP Request: PUT http://localhost:6333/collections/trading_results/points?wait=true "HTTP/1.1 200 OK"
2026-02-19 12:51:05,943 - INFO - HTTP Request: PUT http://localhost:6333/collections/stock_recommendations/points?wait=true "HTTP/1.1 200 OK"
2026-02-19 12:51:05,948 - INFO - HTTP Request: PUT http://localhost:6333/collections/trading_results/points?wait=true "HTTP/1.1 200 OK"
2026-02-19 12:51:05,969 - INFO - HTTP Request: PUT http://localhost:6333/collections/stock_recommendations/points?wait=true "HTTP/1.1 200 OK"
2026-02-19 12:51:05,973 - INFO - HTTP Request: PUT http://localhost:6333/collections/trading_results/points?wait=true "HTTP/1.1 200 OK"
2026-02-19 12:51:05,999 - INFO - HTTP Request: PUT http://localhost:6333/collections/stock_recommendations/points?wait=true "HTTP/1.1 200 OK"
2026-02-19 12:51:06,003 - INFO - HTTP Request: PUT http://localhost:6333/collections/trading_results/points?wait=true "HTTP/1.1 200 OK"
2026-02-19 12:51:06,028 - INFO - HTTP Request: PUT http://localhost:6333/collections/stock_recommendations/points?wait=true "HTTP/1.1 200 OK"
2026-02-19 12:51:06,034 - INFO - HTTP Request: PUT http://localhost:6333/collections/trading_results/points?wait=true "HTTP/1.1 200 OK"
2026-02-19 12:51:06,043 - INFO - HTTP Request: PUT http://localhost:6333/collections/stock_recommendations/points?wait=true "HTTP/1.1 200 OK"
2026-02-19 12:51:06,047 - INFO - HTTP Request: PUT http://localhost:6333/collections/trading_results/points?wait=true "HTTP/1.1 200 OK"
2026-02-19 12:51:06,055 - INFO - HTTP Request: PUT http://localhost:6333/collections/stock_recommendations/points?wait=true "HTTP/1.1 200 OK"
2026-02-19 12:51:06,059 - INFO - HTTP Request: PUT http://localhost:6333/collections/trading_results/points?wait=true "HTTP/1.1 200 OK"
2026-02-19 12:51:06,065 - INFO - HTTP Request: PUT http://localhost:6333/collections/stock_recommendations/points?wait=true "HTTP/1.1 200 OK"
2026-02-19 12:51:06,067 - INFO - HTTP Request: PUT http://localhost:6333/collections/trading_results/points?wait=true "HTTP/1.1 200 OK"
2026-02-19 12:51:06,076 - INFO - HTTP Request: PUT http://localhost:6333/collections/stock_recommendations/points?wait=true "HTTP/1.1 200 OK"
2026-02-19 12:51:06,090 - INFO - HTTP Request: PUT http://localhost:6333/collections/trading_results/points?wait=true "HTTP/1.1 200 OK"
2026-02-19 12:51:06,121 - INFO - HTTP Request: PUT http://localhost:6333/collections/stock_recommendations/points?wait=true "HTTP/1.1 200 OK"
2026-02-19 12:51:06,125 - INFO - HTTP Request: PUT http://localhost:6333/collections/trading_results/points?wait=true "HTTP/1.1 200 OK"
2026-02-19 12:51:06,155 - INFO - HTTP Request: PUT http://localhost:6333/collections/stock_recommendations/points?wait=true "HTTP/1.1 200 OK"
2026-02-19 12:51:06,159 - INFO - HTTP Request: PUT http://localhost:6333/collections/trading_results/points?wait=true "HTTP/1.1 200 OK"
2026-02-19 12:51:06,185 - INFO - HTTP Request: PUT http://localhost:6333/collections/stock_recommendations/points?wait=true "HTTP/1.1 200 OK"
2026-02-19 12:51:06,191 - INFO - HTTP Request: PUT http://localhost:6333/collections/trading_results/points?wait=true "HTTP/1.1 200 OK"
2026-02-19 12:51:06,198 - INFO - HTTP Request: PUT http://localhost:6333/collections/stock_recommendations/points?wait=true "HTTP/1.1 200 OK"
2026-02-19 12:51:06,204 - INFO - HTTP Request: PUT http://localhost:6333/collections/trading_results/points?wait=true "HTTP/1.1 200 OK"
2026-02-19 12:51:06,211 - INFO - HTTP Request: PUT http://localhost:6333/collections/stock_recommendations/points?wait=true "HTTP/1.1 200 OK"
2026-02-19 12:51:06,214 - INFO - HTTP Request: PUT http://localhost:6333/collections/trading_results/points?wait=true "HTTP/1.1 200 OK"
2026-02-19 12:51:06,222 - INFO - HTTP Request: PUT http://localhost:6333/collections/stock_recommendations/points?wait=true "HTTP/1.1 200 OK"
2026-02-19 12:51:06,226 - INFO - HTTP Request: PUT http://localhost:6333/collections/trading_results/points?wait=true "HTTP/1.1 200 OK"
2026-02-19 12:51:06,248 - INFO - HTTP Request: PUT http://localhost:6333/collections/stock_recommendations/points?wait=true "HTTP/1.1 200 OK"
2026-02-19 12:51:06,250 - INFO - HTTP Request: PUT http://localhost:6333/collections/trading_results/points?wait=true "HTTP/1.1 200 OK"
2026-02-19 12:51:06,279 - INFO - HTTP Request: PUT http://localhost:6333/collections/stock_recommendations/points?wait=true "HTTP/1.1 200 OK"
2026-02-19 12:51:06,282 - INFO - HTTP Request: PUT http://localhost:6333/collections/trading_results/points?wait=true "HTTP/1.1 200 OK"
2026-02-19 12:51:06,310 - INFO - HTTP Request: PUT http://localhost:6333/collections/stock_recommendations/points?wait=true "HTTP/1.1 200 OK"
2026-02-19 12:51:06,313 - INFO - HTTP Request: PUT http://localhost:6333/collections/trading_results/points?wait=true "HTTP/1.1 200 OK"
2026-02-19 12:51:06,321 - INFO - HTTP Request: PUT http://localhost:6333/collections/stock_recommendations/points?wait=true "HTTP/1.1 200 OK"
2026-02-19 12:51:06,326 - INFO - HTTP Request: PUT http://localhost:6333/collections/trading_results/points?wait=true "HTTP/1.1 200 OK"
2026-02-19 12:51:06,332 - INFO - HTTP Request: PUT http://localhost:6333/collections/stock_recommendations/points?wait=true "HTTP/1.1 200 OK"
2026-02-19 12:51:06,336 - INFO - HTTP Request: PUT http://localhost:6333/collections/trading_results/points?wait=true "HTTP/1.1 200 OK"
2026-02-19 12:51:06,344 - INFO - HTTP Request: PUT http://localhost:6333/collections/stock_recommendations/points?wait=true "HTTP/1.1 200 OK"
2026-02-19 12:51:06,348 - INFO - HTTP Request: PUT http://localhost:6333/collections/trading_results/points?wait=true "HTTP/1.1 200 OK"
2026-02-19 12:51:06,355 - INFO - HTTP Request: PUT http://localhost:6333/collections/stock_recommendations/points?wait=true "HTTP/1.1 200 OK"
2026-02-19 12:51:06,359 - INFO - HTTP Request: PUT http://localhost:6333/collections/trading_results/points?wait=true "HTTP/1.1 200 OK"
2026-02-19 12:51:06,365 - INFO - HTTP Request: PUT http://localhost:6333/collections/stock_recommendations/points?wait=true "HTTP/1.1 200 OK"
2026-02-19 12:51:06,367 - INFO - HTTP Request: PUT http://localhost:6333/collections/trading_results/points?wait=true "HTTP/1.1 200 OK"
2026-02-19 12:51:06,375 - INFO - HTTP Request: PUT http://localhost:6333/collections/stock_recommendations/points?wait=true "HTTP/1.1 200 OK"
2026-02-19 12:51:06,378 - INFO - HTTP Request: PUT http://localhost:6333/collections/trading_results/points?wait=true "HTTP/1.1 200 OK"
2026-02-19 12:51:06,386 - INFO - HTTP Request: PUT http://localhost:6333/collections/stock_recommendations/points?wait=true "HTTP/1.1 200 OK"
2026-02-19 12:51:06,388 - INFO - HTTP Request: PUT http://localhost:6333/collections/trading_results/points?wait=true "HTTP/1.1 200 OK"
2026-02-19 12:51:06,396 - INFO - HTTP Request: PUT http://localhost:6333/collections/stock_recommendations/points?wait=true "HTTP/1.1 200 OK"
2026-02-19 12:51:06,400 - INFO - HTTP Request: PUT http://localhost:6333/collections/trading_results/points?wait=true "HTTP/1.1 200 OK"
2026-02-19 12:51:06,406 - INFO - HTTP Request: PUT http://localhost:6333/collections/stock_recommendations/points?wait=true "HTTP/1.1 200 OK"
2026-02-19 12:51:06,409 - INFO - HTTP Request: PUT http://localhost:6333/collections/trading_results/points?wait=true "HTTP/1.1 200 OK"
2026-02-19 12:51:06,416 - INFO - HTTP Request: PUT http://localhost:6333/collections/stock_recommendations/points?wait=true "HTTP/1.1 200 OK"
2026-02-19 12:51:06,421 - INFO - HTTP Request: PUT http://localhost:6333/collections/trading_results/points?wait=true "HTTP/1.1 200 OK"
2026-02-19 12:51:06,450 - INFO - HTTP Request: PUT http://localhost:6333/collections/stock_recommendations/points?wait=true "HTTP/1.1 200 OK"
2026-02-19 12:51:06,454 - INFO - HTTP Request: PUT http://localhost:6333/collections/trading_results/points?wait=true "HTTP/1.1 200 OK"
2026-02-19 12:51:06,462 - INFO - HTTP Request: PUT http://localhost:6333/collections/stock_recommendations/points?wait=true "HTTP/1.1 200 OK"
2026-02-19 12:51:06,465 - INFO - HTTP Request: PUT http://localhost:6333/collections/trading_results/points?wait=true "HTTP/1.1 200 OK"
2026-02-19 12:51:06,470 - INFO - HTTP Request: PUT http://localhost:6333/collections/stock_recommendations/points?wait=true "HTTP/1.1 200 OK"
2026-02-19 12:51:06,474 - INFO - HTTP Request: PUT http://localhost:6333/collections/trading_results/points?wait=true "HTTP/1.1 200 OK"
2026-02-19 12:51:06,480 - INFO - HTTP Request: PUT http://localhost:6333/collections/stock_recommendations/points?wait=true "HTTP/1.1 200 OK"
2026-02-19 12:51:06,485 - INFO - HTTP Request: PUT http://localhost:6333/collections/trading_results/points?wait=true "HTTP/1.1 200 OK"
2026-02-19 12:51:06,491 - INFO - HTTP Request: PUT http://localhost:6333/collections/stock_recommendations/points?wait=true "HTTP/1.1 200 OK"
2026-02-19 12:51:06,495 - INFO - HTTP Request: PUT http://localhost:6333/collections/trading_results/points?wait=true "HTTP/1.1 200 OK"
2026-02-19 12:51:06,516 - INFO - HTTP Request: PUT http://localhost:6333/collections/stock_recommendations/points?wait=true "HTTP/1.1 200 OK"
2026-02-19 12:51:06,530 - INFO - HTTP Request: PUT http://localhost:6333/collections/trading_results/points?wait=true "HTTP/1.1 200 OK"
2026-02-19 12:51:06,538 - INFO - HTTP Request: PUT http://localhost:6333/collections/stock_recommendations/points?wait=true "HTTP/1.1 200 OK"
2026-02-19 12:51:06,541 - INFO - HTTP Request: PUT http://localhost:6333/collections/trading_results/points?wait=true "HTTP/1.1 200 OK"
2026-02-19 12:51:06,549 - INFO - HTTP Request: PUT http://localhost:6333/collections/stock_recommendations/points?wait=true "HTTP/1.1 200 OK"
2026-02-19 12:51:06,552 - INFO - HTTP Request: PUT http://localhost:6333/collections/trading_results/points?wait=true "HTTP/1.1 200 OK"
2026-02-19 12:51:06,558 - INFO - HTTP Request: PUT http://localhost:6333/collections/stock_recommendations/points?wait=true "HTTP/1.1 200 OK"
2026-02-19 12:51:06,563 - INFO - HTTP Request: PUT http://localhost:6333/collections/trading_results/points?wait=true "HTTP/1.1 200 OK"
2026-02-19 12:51:06,569 - INFO - HTTP Request: PUT http://localhost:6333/collections/stock_recommendations/points?wait=true "HTTP/1.1 200 OK"
2026-02-19 12:51:06,572 - INFO - HTTP Request: PUT http://localhost:6333/collections/trading_results/points?wait=true "HTTP/1.1 200 OK"
2026-02-19 12:51:06,580 - INFO - HTTP Request: PUT http://localhost:6333/collections/stock_recommendations/points?wait=true "HTTP/1.1 200 OK"
2026-02-19 12:51:06,583 - INFO - HTTP Request: PUT http://localhost:6333/collections/trading_results/points?wait=true "HTTP/1.1 200 OK"
2026-02-19 12:51:06,589 - INFO - HTTP Request: PUT http://localhost:6333/collections/stock_recommendations/points?wait=true "HTTP/1.1 200 OK"
2026-02-19 12:51:06,593 - INFO - HTTP Request: PUT http://localhost:6333/collections/trading_results/points?wait=true "HTTP/1.1 200 OK"
2026-02-19 12:51:06,599 - INFO - HTTP Request: PUT http://localhost:6333/collections/stock_recommendations/points?wait=true "HTTP/1.1 200 OK"
2026-02-19 12:51:06,601 - INFO - HTTP Request: PUT http://localhost:6333/collections/trading_results/points?wait=true "HTTP/1.1 200 OK"
2026-02-19 12:51:06,607 - INFO - HTTP Request: PUT http://localhost:6333/collections/stock_recommendations/points?wait=true "HTTP/1.1 200 OK"
2026-02-19 12:51:06,611 - INFO - HTTP Request: PUT http://localhost:6333/collections/trading_results/points?wait=true "HTTP/1.1 200 OK"
2026-02-19 12:51:06,616 - INFO - HTTP Request: PUT http://localhost:6333/collections/stock_recommendations/points?wait=true "HTTP/1.1 200 OK"
2026-02-19 12:51:06,620 - INFO - HTTP Request: PUT http://localhost:6333/collections/trading_results/points?wait=true "HTTP/1.1 200 OK"
2026-02-19 12:51:06,626 - INFO - HTTP Request: PUT http://localhost:6333/collections/stock_recommendations/points?wait=true "HTTP/1.1 200 OK"
2026-02-19 12:51:06,630 - INFO - HTTP Request: PUT http://localhost:6333/collections/trading_results/points?wait=true "HTTP/1.1 200 OK"
2026-02-19 12:51:06,634 - INFO - HTTP Request: PUT http://localhost:6333/collections/stock_recommendations/points?wait=true "HTTP/1.1 200 OK"
2026-02-19 12:51:06,639 - INFO - HTTP Request: PUT http://localhost:6333/collections/trading_results/points?wait=true "HTTP/1.1 200 OK"
2026-02-19 12:51:06,645 - INFO - HTTP Request: PUT http://localhost:6333/collections/stock_recommendations/points?wait=true "HTTP/1.1 200 OK"
2026-02-19 12:51:06,649 - INFO - HTTP Request: PUT http://localhost:6333/collections/trading_results/points?wait=true "HTTP/1.1 200 OK"
2026-02-19 12:51:06,655 - INFO - HTTP Request: PUT http://localhost:6333/collections/stock_recommendations/points?wait=true "HTTP/1.1 200 OK"
2026-02-19 12:51:06,659 - INFO - HTTP Request: PUT http://localhost:6333/collections/trading_results/points?wait=true "HTTP/1.1 200 OK"
2026-02-19 12:51:06,665 - INFO - HTTP Request: PUT http://localhost:6333/collections/stock_recommendations/points?wait=true "HTTP/1.1 200 OK"
2026-02-19 12:51:06,671 - INFO - HTTP Request: PUT http://localhost:6333/collections/trading_results/points?wait=true "HTTP/1.1 200 OK"
2026-02-19 12:51:06,678 - INFO - HTTP Request: PUT http://localhost:6333/collections/stock_recommendations/points?wait=true "HTTP/1.1 200 OK"
2026-02-19 12:51:06,681 - INFO - HTTP Request: PUT http://localhost:6333/collections/trading_results/points?wait=true "HTTP/1.1 200 OK"
2026-02-19 12:51:06,689 - INFO - HTTP Request: PUT http://localhost:6333/collections/stock_recommendations/points?wait=true "HTTP/1.1 200 OK"
2026-02-19 12:51:06,692 - INFO - HTTP Request: PUT http://localhost:6333/collections/trading_results/points?wait=true "HTTP/1.1 200 OK"
2026-02-19 12:51:06,699 - INFO - HTTP Request: PUT http://localhost:6333/collections/stock_recommendations/points?wait=true "HTTP/1.1 200 OK"
2026-02-19 12:51:06,701 - INFO - HTTP Request: PUT http://localhost:6333/collections/trading_results/points?wait=true "HTTP/1.1 200 OK"
2026-02-19 12:51:06,708 - INFO - HTTP Request: PUT http://localhost:6333/collections/stock_recommendations/points?wait=true "HTTP/1.1 200 OK"
2026-02-19 12:51:06,711 - INFO - HTTP Request: PUT http://localhost:6333/collections/trading_results/points?wait=true "HTTP/1.1 200 OK"
2026-02-19 12:51:06,717 - INFO - HTTP Request: PUT http://localhost:6333/collections/stock_recommendations/points?wait=true "HTTP/1.1 200 OK"
2026-02-19 12:51:06,724 - INFO - HTTP Request: PUT http://localhost:6333/collections/trading_results/points?wait=true "HTTP/1.1 200 OK"
2026-02-19 12:51:06,733 - INFO - HTTP Request: PUT http://localhost:6333/collections/stock_recommendations/points?wait=true "HTTP/1.1 200 OK"
2026-02-19 12:51:06,739 - INFO - HTTP Request: PUT http://localhost:6333/collections/trading_results/points?wait=true "HTTP/1.1 200 OK"
2026-02-19 12:51:06,747 - INFO - HTTP Request: PUT http://localhost:6333/collections/stock_recommendations/points?wait=true "HTTP/1.1 200 OK"
2026-02-19 12:51:06,751 - INFO - HTTP Request: PUT http://localhost:6333/collections/trading_results/points?wait=true "HTTP/1.1 200 OK"
2026-02-19 12:51:06,761 - INFO - HTTP Request: PUT http://localhost:6333/collections/stock_recommendations/points?wait=true "HTTP/1.1 200 OK"
2026-02-19 12:51:06,767 - INFO - HTTP Request: PUT http://localhost:6333/collections/trading_results/points?wait=true "HTTP/1.1 200 OK"
2026-02-19 12:51:06,777 - INFO - HTTP Request: PUT http://localhost:6333/collections/stock_recommendations/points?wait=true "HTTP/1.1 200 OK"
2026-02-19 12:51:06,795 - INFO - HTTP Request: PUT http://localhost:6333/collections/trading_results/points?wait=true "HTTP/1.1 200 OK"
2026-02-19 12:51:06,827 - INFO - HTTP Request: PUT http://localhost:6333/collections/stock_recommendations/points?wait=true "HTTP/1.1 200 OK"
2026-02-19 12:51:06,830 - INFO - HTTP Request: PUT http://localhost:6333/collections/trading_results/points?wait=true "HTTP/1.1 200 OK"
2026-02-19 12:51:06,838 - INFO - HTTP Request: PUT http://localhost:6333/collections/stock_recommendations/points?wait=true "HTTP/1.1 200 OK"
2026-02-19 12:51:06,857 - INFO - HTTP Request: PUT http://localhost:6333/collections/trading_results/points?wait=true "HTTP/1.1 200 OK"
2026-02-19 12:51:06,865 - INFO - HTTP Request: PUT http://localhost:6333/collections/stock_recommendations/points?wait=true "HTTP/1.1 200 OK"
2026-02-19 12:51:06,867 - INFO - HTTP Request: PUT http://localhost:6333/collections/trading_results/points?wait=true "HTTP/1.1 200 OK"
2026-02-19 12:51:06,874 - INFO - HTTP Request: PUT http://localhost:6333/collections/stock_recommendations/points?wait=true "HTTP/1.1 200 OK"
2026-02-19 12:51:06,878 - INFO - HTTP Request: PUT http://localhost:6333/collections/trading_results/points?wait=true "HTTP/1.1 200 OK"
2026-02-19 12:51:06,885 - INFO - HTTP Request: PUT http://localhost:6333/collections/stock_recommendations/points?wait=true "HTTP/1.1 200 OK"
2026-02-19 12:51:06,888 - INFO - HTTP Request: PUT http://localhost:6333/collections/trading_results/points?wait=true "HTTP/1.1 200 OK"
2026-02-19 12:51:06,904 - INFO - HTTP Request: PUT http://localhost:6333/collections/stock_recommendations/points?wait=true "HTTP/1.1 200 OK"
2026-02-19 12:51:06,907 - INFO - HTTP Request: PUT http://localhost:6333/collections/trading_results/points?wait=true "HTTP/1.1 200 OK"
2026-02-19 12:51:06,914 - INFO - HTTP Request: PUT http://localhost:6333/collections/stock_recommendations/points?wait=true "HTTP/1.1 200 OK"
2026-02-19 12:51:06,918 - INFO - HTTP Request: PUT http://localhost:6333/collections/trading_results/points?wait=true "HTTP/1.1 200 OK"
2026-02-19 12:51:06,926 - INFO - HTTP Request: PUT http://localhost:6333/collections/stock_recommendations/points?wait=true "HTTP/1.1 200 OK"
2026-02-19 12:51:06,928 - INFO - HTTP Request: PUT http://localhost:6333/collections/trading_results/points?wait=true "HTTP/1.1 200 OK"
2026-02-19 12:51:06,928 - INFO - Uploaded 13936 recommendation points.
2026-02-19 12:51:06,928 - INFO - Uploaded 196 trading result points.
2026-02-19 12:51:06,932 - INFO - HTTP Request: PUT http://localhost:6333/collections/performance_metrics/points?wait=true "HTTP/1.1 200 OK"
2026-02-19 12:51:06,932 - INFO - Uploaded performance snapshot.
2026-02-19 12:51:06,933 - INFO - Progress updated: 196 days | last: 2026-02-18
2026-02-19 12:51:06,933 - INFO - ============================================================
2026-02-19 12:51:06,933 - INFO - DONE — 2026 paper trading complete
2026-02-19 12:51:06,933 - INFO -   2026 predictions : C:\Users\luixj\AI\stock-data\data\processed\phase4\predictions_2026.parquet
2026-02-19 12:51:06,933 - INFO -   Combined preds   : C:\Users\luixj\AI\stock-data\data\processed\phase4\predictions_combined.parquet
2026-02-19 12:51:06,933 - INFO -   Daily results    : C:\Users\luixj\AI\stock-data\data\processed\phase4\phase4_paper_trading_daily.parquet
2026-02-19 12:51:06,934 - INFO -   Summary          : C:\Users\luixj\AI\stock-data\data\processed\phase4\phase4_paper_trading_summary.json
2026-02-19 12:51:06,934 - INFO - ============================================================
2026-02-19 16:15:03,884 - INFO - Starting automated daily paper trading...
2026-02-19 16:15:04,095 - INFO - Docker Desktop is running, daemon is ready
2026-02-19 16:15:04,256 - INFO - Qdrant is already running
2026-02-19 16:15:04,642 - INFO - HTTP Request: GET http://localhost:6333 "HTTP/1.1 200 OK"
2026-02-19 16:15:04,648 - INFO - Setting up Qdrant collections...
2026-02-19 16:15:04,660 - INFO - HTTP Request: GET http://localhost:6333/collections/stock_recommendations "HTTP/1.1 200 OK"
2026-02-19 16:15:04,662 - INFO - Collection 'stock_recommendations' already exists
2026-02-19 16:15:04,681 - INFO - HTTP Request: GET http://localhost:6333/collections/trading_results "HTTP/1.1 200 OK"
2026-02-19 16:15:04,682 - INFO - Collection 'trading_results' already exists
2026-02-19 16:15:04,685 - INFO - HTTP Request: GET http://localhost:6333/collections/performance_metrics "HTTP/1.1 200 OK"
2026-02-19 16:15:04,685 - INFO - Collection 'performance_metrics' already exists
2026-02-19 16:15:04,685 - INFO - ============================================================
2026-02-19 16:15:04,685 - INFO - AUTOMATED DAILY PAPER TRADING
2026-02-19 16:15:04,685 - INFO - ============================================================
2026-02-19 16:15:04,685 - INFO - Calendar Date: 2026-02-19
2026-02-19 16:15:04,732 - ERROR - Automation failed: No more trading dates available after 2026-02-18
Traceback (most recent call last):
  File "C:\Users\luixj\AI\stock-data\scripts\automation\daily_paper_trading_qdrant.py", line 430, in run_automated_daily
    historical_date = self.get_next_historical_date()
                      ^^^^^^^^^^^^^^^^^^^^^^^^^^^^^^^
  File "C:\Users\luixj\AI\stock-data\scripts\automation\daily_paper_trading_qdrant.py", line 143, in get_next_historical_date
    raise ValueError(f"No more trading dates available after {last_date}")
ValueError: No more trading dates available after 2026-02-18
2026-02-19 16:15:04,735 - ERROR - Automation failed: No more trading dates available after 2026-02-18
Traceback (most recent call last):
  File "C:\Users\luixj\AI\stock-data\scripts\automation\daily_paper_trading_qdrant.py", line 722, in main
    automation.run_automated_daily()
  File "C:\Users\luixj\AI\stock-data\scripts\automation\daily_paper_trading_qdrant.py", line 430, in run_automated_daily
    historical_date = self.get_next_historical_date()
                      ^^^^^^^^^^^^^^^^^^^^^^^^^^^^^^^
  File "C:\Users\luixj\AI\stock-data\scripts\automation\daily_paper_trading_qdrant.py", line 143, in get_next_historical_date
    raise ValueError(f"No more trading dates available after {last_date}")
ValueError: No more trading dates available after 2026-02-18
2026-02-19 16:40:29,839 - INFO - Loading predictions from data/processed/phase1_predictions.parquet
2026-02-19 16:40:29,986 - INFO - 
============================================================
2026-02-19 16:40:29,986 - INFO - Running paper trading for 2026-02-19
2026-02-19 16:40:29,986 - INFO - ============================================================
2026-02-19 16:40:29,986 - ERROR - No data for date 2026-02-19
2026-02-19 16:59:28,273 - INFO - No new historical dates available. Last processed: 2026-05-18 | Available range: 2025-04-01 to 2026-02-18
2026-02-19 17:06:52,629 - INFO - Loading predictions from data\processed\phase4\predictions_combined.parquet
2026-02-19 17:06:52,645 - INFO - 
============================================================
2026-02-19 17:06:52,645 - INFO - Running paper trading for 2026-02-18
2026-02-19 17:06:52,645 - INFO - ============================================================
2026-02-19 17:06:52,645 - INFO - Portfolio construction: 38 longs, 38 shorts (from 38 candidates)
2026-02-19 17:06:52,645 - INFO - PnL Net: -0.0012 | Scaled: -0.0012 | Turnover: 100.00% | Vol Scale: 1.00
2026-02-19 17:07:05,028 - INFO - No new historical dates available. Last processed: 2026-02-18 | Tradable range: 2025-04-01 to 2026-02-18
2026-02-19 17:07:32,259 - INFO - Loading predictions from data\processed\phase4\predictions_combined.parquet
2026-02-19 17:07:32,276 - INFO - 
============================================================
2026-02-19 17:07:32,276 - INFO - Running paper trading for 2026-02-18
2026-02-19 17:07:32,276 - INFO - ============================================================
2026-02-19 17:07:32,277 - INFO - Portfolio construction: 38 longs, 38 shorts (from 38 candidates)
2026-02-19 17:07:32,278 - INFO - PnL Net: -0.0012 | Scaled: -0.0012 | Turnover: 100.00% | Vol Scale: 1.00
2026-02-19 17:08:03,659 - INFO - ============================================================
2026-02-19 17:08:03,659 - INFO - 2026 PAPER TRADING — LIVE DATA
2026-02-19 17:08:03,662 - INFO -   Device         : cpu
2026-02-19 17:08:03,662 - INFO - ============================================================
2026-02-19 17:08:03,662 - INFO - Loading existing 2026 predictions from C:\Users\luixj\AI\stock-data\data\processed\phase4\predictions_2026.parquet
2026-02-19 17:08:03,687 - INFO - ============================================================
2026-02-19 17:08:03,687 - INFO - STEP 5: Combining 2025 + 2026 predictions and simulating
2026-02-19 17:08:03,687 - INFO - ============================================================
2026-02-19 17:08:03,851 - INFO - Combined: 37044 rows | 196 dates | 189 tickers
2026-02-19 17:08:03,853 - INFO -   Saved to: C:\Users\luixj\AI\stock-data\data\processed\phase4\predictions_combined.parquet
2026-02-19 17:08:03,854 - INFO - Loading predictions from C:\Users\luixj\AI\stock-data\data\processed\phase4\predictions_combined.parquet
2026-02-19 17:08:03,870 - INFO - Running paper trading simulation for 196 days
2026-02-19 17:08:03,870 - INFO - Date range: 2025-04-01 to 2026-02-18
2026-02-19 17:08:03,870 - INFO - 
============================================================
2026-02-19 17:08:03,870 - INFO - Running paper trading for 2025-04-01
2026-02-19 17:08:03,870 - INFO - ============================================================
2026-02-19 17:08:03,870 - INFO - Portfolio construction: 38 longs, 15 shorts (from 38 candidates)
2026-02-19 17:08:03,870 - INFO - PnL Net: 0.0027 | Scaled: 0.0027 | Turnover: 100.00% | Vol Scale: 1.00
2026-02-19 17:08:03,870 - INFO - 
============================================================
2026-02-19 17:08:03,870 - INFO - Running paper trading for 2025-04-02
2026-02-19 17:08:03,870 - INFO - ============================================================
2026-02-19 17:08:03,872 - INFO - Portfolio construction: 38 longs, 38 shorts (from 38 candidates)
2026-02-19 17:08:03,872 - INFO - PnL Net: -0.0234 | Scaled: -0.0234 | Turnover: 16.46% | Vol Scale: 1.00
2026-02-19 17:08:03,872 - INFO - 
============================================================
2026-02-19 17:08:03,872 - INFO - Running paper trading for 2025-04-03
2026-02-19 17:08:03,872 - INFO - ============================================================
2026-02-19 17:08:03,874 - INFO - Portfolio construction: 38 longs, 38 shorts (from 38 candidates)
2026-02-19 17:08:03,874 - INFO - PnL Net: -0.0208 | Scaled: -0.0208 | Turnover: 20.14% | Vol Scale: 1.00
2026-02-19 17:08:03,874 - INFO - 
============================================================
2026-02-19 17:08:03,874 - INFO - Running paper trading for 2025-04-04
2026-02-19 17:08:03,874 - INFO - ============================================================
2026-02-19 17:08:03,874 - INFO - Portfolio construction: 38 longs, 38 shorts (from 38 candidates)
2026-02-19 17:08:03,876 - INFO - PnL Net: -0.0002 | Scaled: -0.0002 | Turnover: 27.43% | Vol Scale: 1.00
2026-02-19 17:08:03,876 - INFO - 
============================================================
2026-02-19 17:08:03,876 - INFO - Running paper trading for 2025-04-07
2026-02-19 17:08:03,876 - INFO - ============================================================
2026-02-19 17:08:03,876 - INFO - Portfolio construction: 38 longs, 38 shorts (from 38 candidates)
2026-02-19 17:08:03,876 - INFO - PnL Net: -0.0028 | Scaled: -0.0028 | Turnover: 21.14% | Vol Scale: 1.00
2026-02-19 17:08:03,876 - INFO - 
============================================================
2026-02-19 17:08:03,876 - INFO - Running paper trading for 2025-04-08
2026-02-19 17:08:03,876 - INFO - ============================================================
2026-02-19 17:08:03,878 - INFO - Portfolio construction: 38 longs, 38 shorts (from 38 candidates)
2026-02-19 17:08:03,878 - INFO - PnL Net: 0.0243 | Scaled: 0.0243 | Turnover: 21.60% | Vol Scale: 1.00
2026-02-19 17:08:03,878 - INFO - 
============================================================
2026-02-19 17:08:03,878 - INFO - Running paper trading for 2025-04-09
2026-02-19 17:08:03,878 - INFO - ============================================================
2026-02-19 17:08:03,878 - INFO - Portfolio construction: 38 longs, 1 shorts (from 38 candidates)
2026-02-19 17:08:03,880 - INFO - PnL Net: -0.0107 | Scaled: -0.0107 | Turnover: 20.86% | Vol Scale: 1.00
2026-02-19 17:08:03,880 - INFO - 
============================================================
2026-02-19 17:08:03,880 - INFO - Running paper trading for 2025-04-10
2026-02-19 17:08:03,880 - INFO - ============================================================
2026-02-19 17:08:03,881 - INFO - Portfolio construction: 38 longs, 38 shorts (from 38 candidates)
2026-02-19 17:08:03,882 - INFO - PnL Net: 0.0049 | Scaled: 0.0049 | Turnover: 22.53% | Vol Scale: 1.00
2026-02-19 17:08:03,882 - INFO - 
============================================================
2026-02-19 17:08:03,882 - INFO - Running paper trading for 2025-04-11
2026-02-19 17:08:03,882 - INFO - ============================================================
2026-02-19 17:08:03,883 - INFO - Portfolio construction: 38 longs, 1 shorts (from 38 candidates)
2026-02-19 17:08:03,883 - INFO - PnL Net: 0.0038 | Scaled: 0.0038 | Turnover: 20.79% | Vol Scale: 1.00
2026-02-19 17:08:03,883 - INFO - 
============================================================
2026-02-19 17:08:03,884 - INFO - Running paper trading for 2025-04-14
2026-02-19 17:08:03,884 - INFO - ============================================================
2026-02-19 17:08:03,885 - INFO - Portfolio construction: 38 longs, 38 shorts (from 38 candidates)
2026-02-19 17:08:03,885 - INFO - Vol targeting: rolling_vol=0.2061, scale=0.5000
2026-02-19 17:08:03,885 - INFO - PnL Net: -0.0018 | Scaled: -0.0009 | Turnover: 21.69% | Vol Scale: 0.50
2026-02-19 17:08:03,885 - INFO - 
============================================================
2026-02-19 17:08:03,885 - INFO - Running paper trading for 2025-04-15
2026-02-19 17:08:03,885 - INFO - ============================================================
2026-02-19 17:08:03,886 - INFO - Portfolio construction: 38 longs, 38 shorts (from 38 candidates)
2026-02-19 17:08:03,886 - INFO - Vol targeting: rolling_vol=0.1968, scale=0.5000
2026-02-19 17:08:03,886 - INFO - PnL Net: -0.0047 | Scaled: -0.0023 | Turnover: 21.09% | Vol Scale: 0.50
2026-02-19 17:08:03,886 - INFO - 
============================================================
2026-02-19 17:08:03,887 - INFO - Running paper trading for 2025-04-16
2026-02-19 17:08:03,887 - INFO - ============================================================
2026-02-19 17:08:03,888 - INFO - Portfolio construction: 38 longs, 38 shorts (from 38 candidates)
2026-02-19 17:08:03,888 - INFO - Vol targeting: rolling_vol=0.1890, scale=0.5000
2026-02-19 17:08:03,888 - INFO - PnL Net: 0.0008 | Scaled: 0.0004 | Turnover: 21.09% | Vol Scale: 0.50
2026-02-19 17:08:03,888 - INFO - 
============================================================
2026-02-19 17:08:03,888 - INFO - Running paper trading for 2025-04-17
2026-02-19 17:08:03,888 - INFO - ============================================================
2026-02-19 17:08:03,893 - INFO - Portfolio construction: 38 longs, 38 shorts (from 38 candidates)
2026-02-19 17:08:03,895 - INFO - Vol targeting: rolling_vol=0.1826, scale=0.5000
2026-02-19 17:08:03,895 - INFO - PnL Net: -0.0068 | Scaled: -0.0034 | Turnover: 18.47% | Vol Scale: 0.50
2026-02-19 17:08:03,895 - INFO - 
============================================================
2026-02-19 17:08:03,896 - INFO - Running paper trading for 2025-04-21
2026-02-19 17:08:03,896 - INFO - ============================================================
2026-02-19 17:08:03,901 - INFO - Portfolio construction: 38 longs, 6 shorts (from 38 candidates)
2026-02-19 17:08:03,901 - INFO - Vol targeting: rolling_vol=0.1822, scale=0.5000
2026-02-19 17:08:03,902 - INFO - PnL Net: 0.0089 | Scaled: 0.0045 | Turnover: 17.46% | Vol Scale: 0.50
2026-02-19 17:08:03,902 - INFO - 
============================================================
2026-02-19 17:08:03,903 - INFO - Running paper trading for 2025-04-22
2026-02-19 17:08:03,903 - INFO - ============================================================
2026-02-19 17:08:03,905 - INFO - Portfolio construction: 38 longs, 38 shorts (from 38 candidates)
2026-02-19 17:08:03,906 - INFO - Vol targeting: rolling_vol=0.1783, scale=0.5000
2026-02-19 17:08:03,906 - INFO - PnL Net: 0.0053 | Scaled: 0.0027 | Turnover: 18.72% | Vol Scale: 0.50
2026-02-19 17:08:03,906 - INFO - 
============================================================
2026-02-19 17:08:03,906 - INFO - Running paper trading for 2025-04-23
2026-02-19 17:08:03,906 - INFO - ============================================================
2026-02-19 17:08:03,908 - INFO - Portfolio construction: 38 longs, 5 shorts (from 38 candidates)
2026-02-19 17:08:03,908 - INFO - Vol targeting: rolling_vol=0.1782, scale=0.5000
2026-02-19 17:08:03,908 - INFO - PnL Net: 0.0102 | Scaled: 0.0051 | Turnover: 20.73% | Vol Scale: 0.50
2026-02-19 17:08:03,908 - INFO - 
============================================================
2026-02-19 17:08:03,908 - INFO - Running paper trading for 2025-04-24
2026-02-19 17:08:03,908 - INFO - ============================================================
2026-02-19 17:08:03,910 - INFO - Portfolio construction: 38 longs, 38 shorts (from 38 candidates)
2026-02-19 17:08:03,912 - INFO - Vol targeting: rolling_vol=0.1730, scale=0.5000
2026-02-19 17:08:03,912 - INFO - PnL Net: 0.0011 | Scaled: 0.0006 | Turnover: 18.37% | Vol Scale: 0.50
2026-02-19 17:08:03,912 - INFO - 
============================================================
2026-02-19 17:08:03,912 - INFO - Running paper trading for 2025-04-25
2026-02-19 17:08:03,912 - INFO - ============================================================
2026-02-19 17:08:03,914 - INFO - Portfolio construction: 38 longs, 38 shorts (from 38 candidates)
2026-02-19 17:08:03,914 - INFO - Vol targeting: rolling_vol=0.1682, scale=0.5000
2026-02-19 17:08:03,914 - INFO - PnL Net: 0.0007 | Scaled: 0.0004 | Turnover: 23.46% | Vol Scale: 0.50
2026-02-19 17:08:03,914 - INFO - 
============================================================
2026-02-19 17:08:03,914 - INFO - Running paper trading for 2025-04-28
2026-02-19 17:08:03,914 - INFO - ============================================================
2026-02-19 17:08:03,915 - INFO - Portfolio construction: 38 longs, 38 shorts (from 38 candidates)
2026-02-19 17:08:03,915 - INFO - Vol targeting: rolling_vol=0.1639, scale=0.5000
2026-02-19 17:08:03,915 - INFO - PnL Net: 0.0018 | Scaled: 0.0009 | Turnover: 19.52% | Vol Scale: 0.50
2026-02-19 17:08:03,915 - INFO - 
============================================================
2026-02-19 17:08:03,915 - INFO - Running paper trading for 2025-04-29
2026-02-19 17:08:03,915 - INFO - ============================================================
2026-02-19 17:08:03,917 - INFO - Portfolio construction: 38 longs, 30 shorts (from 38 candidates)
2026-02-19 17:08:03,917 - INFO - Vol targeting: rolling_vol=0.1599, scale=0.5004
2026-02-19 17:08:03,917 - INFO - PnL Net: 0.0011 | Scaled: 0.0005 | Turnover: 16.79% | Vol Scale: 0.50
2026-02-19 17:08:03,917 - INFO - 
============================================================
2026-02-19 17:08:03,917 - INFO - Running paper trading for 2025-04-30
2026-02-19 17:08:03,917 - INFO - ============================================================
2026-02-19 17:08:03,918 - INFO - Portfolio construction: 38 longs, 38 shorts (from 38 candidates)
2026-02-19 17:08:03,918 - INFO - Vol targeting: rolling_vol=0.1596, scale=0.5012
2026-02-19 17:08:03,918 - INFO - PnL Net: 0.0014 | Scaled: 0.0007 | Turnover: 20.09% | Vol Scale: 0.50
2026-02-19 17:08:03,918 - INFO - 
============================================================
2026-02-19 17:08:03,919 - INFO - Running paper trading for 2025-05-01
2026-02-19 17:08:03,919 - INFO - ============================================================
2026-02-19 17:08:03,920 - INFO - Portfolio construction: 38 longs, 38 shorts (from 38 candidates)
2026-02-19 17:08:03,920 - INFO - Vol targeting: rolling_vol=0.1370, scale=0.5840
2026-02-19 17:08:03,920 - INFO - PnL Net: 0.0062 | Scaled: 0.0036 | Turnover: 17.98% | Vol Scale: 0.58
2026-02-19 17:08:03,920 - INFO - 
============================================================
2026-02-19 17:08:03,920 - INFO - Running paper trading for 2025-05-02
2026-02-19 17:08:03,920 - INFO - ============================================================
2026-02-19 17:08:03,921 - INFO - Portfolio construction: 38 longs, 13 shorts (from 38 candidates)
2026-02-19 17:08:03,922 - INFO - Vol targeting: rolling_vol=0.1119, scale=0.7149
2026-02-19 17:08:03,922 - INFO - PnL Net: -0.0011 | Scaled: -0.0008 | Turnover: 17.52% | Vol Scale: 0.71
2026-02-19 17:08:03,922 - INFO - 
============================================================
2026-02-19 17:08:03,923 - INFO - Running paper trading for 2025-05-05
2026-02-19 17:08:03,923 - INFO - ============================================================
2026-02-19 17:08:03,924 - INFO - Portfolio construction: 38 longs, 2 shorts (from 38 candidates)
2026-02-19 17:08:03,924 - INFO - Vol targeting: rolling_vol=0.1128, scale=0.7091
2026-02-19 17:08:03,925 - INFO - PnL Net: -0.0026 | Scaled: -0.0018 | Turnover: 19.38% | Vol Scale: 0.71
2026-02-19 17:08:03,925 - INFO - 
============================================================
2026-02-19 17:08:03,925 - INFO - Running paper trading for 2025-05-06
2026-02-19 17:08:03,925 - INFO - ============================================================
2026-02-19 17:08:03,926 - INFO - Portfolio construction: 38 longs, 33 shorts (from 38 candidates)
2026-02-19 17:08:03,926 - INFO - Vol targeting: rolling_vol=0.1115, scale=0.7177
2026-02-19 17:08:03,927 - INFO - PnL Net: 0.0026 | Scaled: 0.0019 | Turnover: 19.06% | Vol Scale: 0.72
2026-02-19 17:08:03,927 - INFO - 
============================================================
2026-02-19 17:08:03,927 - INFO - Running paper trading for 2025-05-07
2026-02-19 17:08:03,927 - INFO - ============================================================
2026-02-19 17:08:03,928 - INFO - Portfolio construction: 38 longs, 9 shorts (from 38 candidates)
2026-02-19 17:08:03,928 - INFO - Vol targeting: rolling_vol=0.0781, scale=1.0243
2026-02-19 17:08:03,928 - INFO - PnL Net: 0.0043 | Scaled: 0.0045 | Turnover: 18.97% | Vol Scale: 1.02
2026-02-19 17:08:03,928 - INFO - 
============================================================
2026-02-19 17:08:03,928 - INFO - Running paper trading for 2025-05-08
2026-02-19 17:08:03,928 - INFO - ============================================================
2026-02-19 17:08:03,930 - INFO - Portfolio construction: 38 longs, 10 shorts (from 38 candidates)
2026-02-19 17:08:03,930 - INFO - Vol targeting: rolling_vol=0.0656, scale=1.2200
2026-02-19 17:08:03,930 - INFO - PnL Net: -0.0009 | Scaled: -0.0012 | Turnover: 19.75% | Vol Scale: 1.22
2026-02-19 17:08:03,930 - INFO - 
============================================================
2026-02-19 17:08:03,930 - INFO - Running paper trading for 2025-05-09
2026-02-19 17:08:03,930 - INFO - ============================================================
2026-02-19 17:08:03,931 - INFO - Portfolio construction: 38 longs, 37 shorts (from 38 candidates)
2026-02-19 17:08:03,931 - INFO - Vol targeting: rolling_vol=0.0785, scale=1.0196
2026-02-19 17:08:03,931 - INFO - PnL Net: 0.0145 | Scaled: 0.0148 | Turnover: 18.03% | Vol Scale: 1.02
2026-02-19 17:08:03,931 - INFO - 
============================================================
2026-02-19 17:08:03,931 - INFO - Running paper trading for 2025-05-12
2026-02-19 17:08:03,931 - INFO - ============================================================
2026-02-19 17:08:03,932 - INFO - Portfolio construction: 38 longs, 38 shorts (from 38 candidates)
2026-02-19 17:08:03,932 - INFO - Vol targeting: rolling_vol=0.0804, scale=0.9956
2026-02-19 17:08:03,932 - INFO - PnL Net: 0.0074 | Scaled: 0.0074 | Turnover: 18.12% | Vol Scale: 1.00
2026-02-19 17:08:03,933 - INFO - 
============================================================
2026-02-19 17:08:03,933 - INFO - Running paper trading for 2025-05-13
2026-02-19 17:08:03,933 - INFO - ============================================================
2026-02-19 17:08:03,934 - INFO - Portfolio construction: 38 longs, 38 shorts (from 38 candidates)
2026-02-19 17:08:03,934 - INFO - Vol targeting: rolling_vol=0.0797, scale=1.0044
2026-02-19 17:08:03,934 - INFO - PnL Net: -0.0006 | Scaled: -0.0006 | Turnover: 21.90% | Vol Scale: 1.00
2026-02-19 17:08:03,934 - INFO - 
============================================================
2026-02-19 17:08:03,934 - INFO - Running paper trading for 2025-05-14
2026-02-19 17:08:03,934 - INFO - ============================================================
2026-02-19 17:08:03,935 - INFO - Portfolio construction: 38 longs, 38 shorts (from 38 candidates)
2026-02-19 17:08:03,936 - INFO - Vol targeting: rolling_vol=0.0757, scale=1.0562
2026-02-19 17:08:03,936 - INFO - PnL Net: 0.0052 | Scaled: 0.0055 | Turnover: 20.59% | Vol Scale: 1.06
2026-02-19 17:08:03,936 - INFO - 
============================================================
2026-02-19 17:08:03,936 - INFO - Running paper trading for 2025-05-15
2026-02-19 17:08:03,936 - INFO - ============================================================
2026-02-19 17:08:03,937 - INFO - Portfolio construction: 38 longs, 38 shorts (from 38 candidates)
2026-02-19 17:08:03,937 - INFO - Vol targeting: rolling_vol=0.0754, scale=1.0608
2026-02-19 17:08:03,937 - INFO - PnL Net: 0.0020 | Scaled: 0.0021 | Turnover: 19.63% | Vol Scale: 1.06
2026-02-19 17:08:03,937 - INFO - 
============================================================
2026-02-19 17:08:03,937 - INFO - Running paper trading for 2025-05-16
2026-02-19 17:08:03,937 - INFO - ============================================================
2026-02-19 17:08:03,938 - INFO - Portfolio construction: 38 longs, 38 shorts (from 38 candidates)
2026-02-19 17:08:03,938 - INFO - Vol targeting: rolling_vol=0.0684, scale=1.1703
2026-02-19 17:08:03,939 - INFO - PnL Net: -0.0013 | Scaled: -0.0015 | Turnover: 18.38% | Vol Scale: 1.17
2026-02-19 17:08:03,939 - INFO - 
============================================================
2026-02-19 17:08:03,939 - INFO - Running paper trading for 2025-05-19
2026-02-19 17:08:03,939 - INFO - ============================================================
2026-02-19 17:08:03,939 - INFO - Portfolio construction: 38 longs, 38 shorts (from 38 candidates)
2026-02-19 17:08:03,939 - INFO - Vol targeting: rolling_vol=0.0676, scale=1.1828
2026-02-19 17:08:03,939 - INFO - PnL Net: -0.0021 | Scaled: -0.0025 | Turnover: 16.36% | Vol Scale: 1.18
2026-02-19 17:08:03,939 - INFO - 
============================================================
2026-02-19 17:08:03,939 - INFO - Running paper trading for 2025-05-20
2026-02-19 17:08:03,939 - INFO - ============================================================
2026-02-19 17:08:03,941 - INFO - Portfolio construction: 38 longs, 38 shorts (from 38 candidates)
2026-02-19 17:08:03,941 - INFO - Vol targeting: rolling_vol=0.0748, scale=1.0691
2026-02-19 17:08:03,941 - INFO - PnL Net: -0.0070 | Scaled: -0.0075 | Turnover: 15.81% | Vol Scale: 1.07
2026-02-19 17:08:03,941 - INFO - 
============================================================
2026-02-19 17:08:03,941 - INFO - Running paper trading for 2025-05-21
2026-02-19 17:08:03,941 - INFO - ============================================================
2026-02-19 17:08:03,941 - INFO - Portfolio construction: 38 longs, 38 shorts (from 38 candidates)
2026-02-19 17:08:03,941 - INFO - Vol targeting: rolling_vol=0.0690, scale=1.1591
2026-02-19 17:08:03,941 - INFO - PnL Net: 0.0004 | Scaled: 0.0004 | Turnover: 19.34% | Vol Scale: 1.16
2026-02-19 17:08:03,941 - INFO - 
============================================================
2026-02-19 17:08:03,943 - INFO - Running paper trading for 2025-05-22
2026-02-19 17:08:03,943 - INFO - ============================================================
2026-02-19 17:08:03,943 - INFO - Portfolio construction: 38 longs, 32 shorts (from 38 candidates)
2026-02-19 17:08:03,944 - INFO - Vol targeting: rolling_vol=0.0706, scale=1.1324
2026-02-19 17:08:03,944 - INFO - PnL Net: -0.0027 | Scaled: -0.0031 | Turnover: 19.64% | Vol Scale: 1.13
2026-02-19 17:08:03,944 - INFO - 
============================================================
2026-02-19 17:08:03,944 - INFO - Running paper trading for 2025-05-23
2026-02-19 17:08:03,944 - INFO - ============================================================
2026-02-19 17:08:03,944 - INFO - Portfolio construction: 38 longs, 38 shorts (from 38 candidates)
2026-02-19 17:08:03,944 - INFO - Vol targeting: rolling_vol=0.0743, scale=1.0767
2026-02-19 17:08:03,944 - INFO - PnL Net: 0.0082 | Scaled: 0.0088 | Turnover: 19.52% | Vol Scale: 1.08
2026-02-19 17:08:03,944 - INFO - 
============================================================
2026-02-19 17:08:03,944 - INFO - Running paper trading for 2025-05-27
2026-02-19 17:08:03,944 - INFO - ============================================================
2026-02-19 17:08:03,946 - INFO - Portfolio construction: 38 longs, 38 shorts (from 38 candidates)
2026-02-19 17:08:03,946 - INFO - Vol targeting: rolling_vol=0.0756, scale=1.0588
2026-02-19 17:08:03,946 - INFO - PnL Net: -0.0021 | Scaled: -0.0022 | Turnover: 18.56% | Vol Scale: 1.06
2026-02-19 17:08:03,946 - INFO - 
============================================================
2026-02-19 17:08:03,946 - INFO - Running paper trading for 2025-05-28
2026-02-19 17:08:03,946 - INFO - ============================================================
2026-02-19 17:08:03,947 - INFO - Portfolio construction: 38 longs, 38 shorts (from 38 candidates)
2026-02-19 17:08:03,947 - INFO - Vol targeting: rolling_vol=0.0756, scale=1.0575
2026-02-19 17:08:03,947 - INFO - PnL Net: 0.0004 | Scaled: 0.0005 | Turnover: 16.29% | Vol Scale: 1.06
2026-02-19 17:08:03,947 - INFO - 
============================================================
2026-02-19 17:08:03,947 - INFO - Running paper trading for 2025-05-29
2026-02-19 17:08:03,947 - INFO - ============================================================
2026-02-19 17:08:03,948 - INFO - Portfolio construction: 38 longs, 38 shorts (from 38 candidates)
2026-02-19 17:08:03,948 - INFO - Vol targeting: rolling_vol=0.0762, scale=1.0504
2026-02-19 17:08:03,948 - INFO - PnL Net: -0.0009 | Scaled: -0.0010 | Turnover: 19.51% | Vol Scale: 1.05
2026-02-19 17:08:03,948 - INFO - 
============================================================
2026-02-19 17:08:03,948 - INFO - Running paper trading for 2025-05-30
2026-02-19 17:08:03,948 - INFO - ============================================================
2026-02-19 17:08:03,949 - INFO - Portfolio construction: 38 longs, 38 shorts (from 38 candidates)
2026-02-19 17:08:03,949 - INFO - Vol targeting: rolling_vol=0.0742, scale=1.0777
2026-02-19 17:08:03,949 - INFO - PnL Net: 0.0008 | Scaled: 0.0009 | Turnover: 21.02% | Vol Scale: 1.08
2026-02-19 17:08:03,950 - INFO - 
============================================================
2026-02-19 17:08:03,950 - INFO - Running paper trading for 2025-06-02
2026-02-19 17:08:03,950 - INFO - ============================================================
2026-02-19 17:08:03,951 - INFO - Portfolio construction: 38 longs, 38 shorts (from 38 candidates)
2026-02-19 17:08:03,951 - INFO - Vol targeting: rolling_vol=0.0737, scale=1.0849
2026-02-19 17:08:03,951 - INFO - PnL Net: 0.0011 | Scaled: 0.0012 | Turnover: 20.37% | Vol Scale: 1.08
2026-02-19 17:08:03,951 - INFO - 
============================================================
2026-02-19 17:08:03,951 - INFO - Running paper trading for 2025-06-03
2026-02-19 17:08:03,951 - INFO - ============================================================
2026-02-19 17:08:03,952 - INFO - Portfolio construction: 38 longs, 38 shorts (from 38 candidates)
2026-02-19 17:08:03,952 - INFO - Vol targeting: rolling_vol=0.0730, scale=1.0965
2026-02-19 17:08:03,952 - INFO - PnL Net: -0.0012 | Scaled: -0.0013 | Turnover: 18.45% | Vol Scale: 1.10
2026-02-19 17:08:03,952 - INFO - 
============================================================
2026-02-19 17:08:03,952 - INFO - Running paper trading for 2025-06-04
2026-02-19 17:08:03,952 - INFO - ============================================================
2026-02-19 17:08:03,954 - INFO - Portfolio construction: 38 longs, 38 shorts (from 38 candidates)
2026-02-19 17:08:03,954 - INFO - Vol targeting: rolling_vol=0.0730, scale=1.0962
2026-02-19 17:08:03,954 - INFO - PnL Net: -0.0000 | Scaled: -0.0000 | Turnover: 16.06% | Vol Scale: 1.10
2026-02-19 17:08:03,954 - INFO - 
============================================================
2026-02-19 17:08:03,954 - INFO - Running paper trading for 2025-06-05
2026-02-19 17:08:03,954 - INFO - ============================================================
2026-02-19 17:08:03,955 - INFO - Portfolio construction: 38 longs, 38 shorts (from 38 candidates)
2026-02-19 17:08:03,955 - INFO - Vol targeting: rolling_vol=0.0721, scale=1.1092
2026-02-19 17:08:03,955 - INFO - PnL Net: 0.0008 | Scaled: 0.0009 | Turnover: 17.46% | Vol Scale: 1.11
2026-02-19 17:08:03,955 - INFO - 
============================================================
2026-02-19 17:08:03,955 - INFO - Running paper trading for 2025-06-06
2026-02-19 17:08:03,955 - INFO - ============================================================
2026-02-19 17:08:03,955 - INFO - Portfolio construction: 38 longs, 38 shorts (from 38 candidates)
2026-02-19 17:08:03,955 - INFO - Vol targeting: rolling_vol=0.0728, scale=1.0986
2026-02-19 17:08:03,955 - INFO - PnL Net: -0.0024 | Scaled: -0.0026 | Turnover: 18.52% | Vol Scale: 1.10
2026-02-19 17:08:03,955 - INFO - 
============================================================
2026-02-19 17:08:03,955 - INFO - Running paper trading for 2025-06-09
2026-02-19 17:08:03,955 - INFO - ============================================================
2026-02-19 17:08:03,957 - INFO - Portfolio construction: 38 longs, 13 shorts (from 38 candidates)
2026-02-19 17:08:03,957 - INFO - Vol targeting: rolling_vol=0.0539, scale=1.4831
2026-02-19 17:08:03,957 - INFO - PnL Net: 0.0012 | Scaled: 0.0018 | Turnover: 20.04% | Vol Scale: 1.48
2026-02-19 17:08:03,957 - INFO - 
============================================================
2026-02-19 17:08:03,957 - INFO - Running paper trading for 2025-06-10
2026-02-19 17:08:03,957 - INFO - ============================================================
2026-02-19 17:08:03,957 - INFO - Portfolio construction: 38 longs, 6 shorts (from 38 candidates)
2026-02-19 17:08:03,957 - INFO - Vol targeting: rolling_vol=0.0476, scale=1.6799
2026-02-19 17:08:03,959 - INFO - PnL Net: -0.0013 | Scaled: -0.0021 | Turnover: 17.79% | Vol Scale: 1.68
2026-02-19 17:08:03,959 - INFO - 
============================================================
2026-02-19 17:08:03,959 - INFO - Running paper trading for 2025-06-11
2026-02-19 17:08:03,959 - INFO - ============================================================
2026-02-19 17:08:03,959 - INFO - Portfolio construction: 38 longs, 16 shorts (from 38 candidates)
2026-02-19 17:08:03,959 - INFO - Vol targeting: rolling_vol=0.0477, scale=1.6785
2026-02-19 17:08:03,959 - INFO - PnL Net: 0.0007 | Scaled: 0.0012 | Turnover: 18.77% | Vol Scale: 1.68
2026-02-19 17:08:03,959 - INFO - 
============================================================
2026-02-19 17:08:03,959 - INFO - Running paper trading for 2025-06-12
2026-02-19 17:08:03,959 - INFO - ============================================================
2026-02-19 17:08:03,961 - INFO - Portfolio construction: 38 longs, 38 shorts (from 38 candidates)
2026-02-19 17:08:03,961 - INFO - Vol targeting: rolling_vol=0.0449, scale=1.7832
2026-02-19 17:08:03,961 - INFO - PnL Net: -0.0033 | Scaled: -0.0058 | Turnover: 21.75% | Vol Scale: 1.78
2026-02-19 17:08:03,961 - INFO - 
============================================================
2026-02-19 17:08:03,961 - INFO - Running paper trading for 2025-06-13
2026-02-19 17:08:03,961 - INFO - ============================================================
2026-02-19 17:08:03,961 - INFO - Portfolio construction: 38 longs, 38 shorts (from 38 candidates)
2026-02-19 17:08:03,961 - INFO - Vol targeting: rolling_vol=0.0444, scale=1.8031
2026-02-19 17:08:03,961 - INFO - PnL Net: 0.0011 | Scaled: 0.0020 | Turnover: 18.70% | Vol Scale: 1.80
2026-02-19 17:08:03,961 - INFO - 
============================================================
2026-02-19 17:08:03,961 - INFO - Running paper trading for 2025-06-16
2026-02-19 17:08:03,961 - INFO - ============================================================
2026-02-19 17:08:03,964 - INFO - Portfolio construction: 38 longs, 38 shorts (from 38 candidates)
2026-02-19 17:08:03,964 - INFO - Vol targeting: rolling_vol=0.0455, scale=1.7575
2026-02-19 17:08:03,964 - INFO - PnL Net: -0.0035 | Scaled: -0.0061 | Turnover: 16.38% | Vol Scale: 1.76
2026-02-19 17:08:03,964 - INFO - 
============================================================
2026-02-19 17:08:03,964 - INFO - Running paper trading for 2025-06-17
2026-02-19 17:08:03,964 - INFO - ============================================================
2026-02-19 17:08:03,965 - INFO - Portfolio construction: 38 longs, 38 shorts (from 38 candidates)
2026-02-19 17:08:03,965 - INFO - Vol targeting: rolling_vol=0.0452, scale=1.7708
2026-02-19 17:08:03,965 - INFO - PnL Net: -0.0005 | Scaled: -0.0009 | Turnover: 17.30% | Vol Scale: 1.77
2026-02-19 17:08:03,965 - INFO - 
============================================================
2026-02-19 17:08:03,965 - INFO - Running paper trading for 2025-06-18
2026-02-19 17:08:03,965 - INFO - ============================================================
2026-02-19 17:08:03,966 - INFO - Portfolio construction: 38 longs, 38 shorts (from 38 candidates)
2026-02-19 17:08:03,966 - INFO - Vol targeting: rolling_vol=0.0385, scale=2.0000
2026-02-19 17:08:03,967 - INFO - PnL Net: 0.0001 | Scaled: 0.0003 | Turnover: 18.66% | Vol Scale: 2.00
2026-02-19 17:08:03,967 - INFO - 
============================================================
2026-02-19 17:08:03,967 - INFO - Running paper trading for 2025-06-20
2026-02-19 17:08:03,967 - INFO - ============================================================
2026-02-19 17:08:03,968 - INFO - Portfolio construction: 38 longs, 38 shorts (from 38 candidates)
2026-02-19 17:08:03,968 - INFO - Vol targeting: rolling_vol=0.0397, scale=2.0000
2026-02-19 17:08:03,968 - INFO - PnL Net: 0.0027 | Scaled: 0.0053 | Turnover: 20.03% | Vol Scale: 2.00
2026-02-19 17:08:03,968 - INFO - 
============================================================
2026-02-19 17:08:03,968 - INFO - Running paper trading for 2025-06-23
2026-02-19 17:08:03,968 - INFO - ============================================================
2026-02-19 17:08:03,969 - INFO - Portfolio construction: 38 longs, 38 shorts (from 38 candidates)
2026-02-19 17:08:03,969 - INFO - Vol targeting: rolling_vol=0.0406, scale=1.9706
2026-02-19 17:08:03,969 - INFO - PnL Net: 0.0039 | Scaled: 0.0076 | Turnover: 17.48% | Vol Scale: 1.97
2026-02-19 17:08:03,969 - INFO - 
============================================================
2026-02-19 17:08:03,969 - INFO - Running paper trading for 2025-06-24
2026-02-19 17:08:03,969 - INFO - ============================================================
2026-02-19 17:08:03,970 - INFO - Portfolio construction: 38 longs, 38 shorts (from 38 candidates)
2026-02-19 17:08:03,970 - INFO - Vol targeting: rolling_vol=0.0294, scale=2.0000
2026-02-19 17:08:03,970 - INFO - PnL Net: -0.0021 | Scaled: -0.0042 | Turnover: 18.08% | Vol Scale: 2.00
2026-02-19 17:08:03,970 - INFO - 
============================================================
2026-02-19 17:08:03,970 - INFO - Running paper trading for 2025-06-25
2026-02-19 17:08:03,971 - INFO - ============================================================
2026-02-19 17:08:03,972 - INFO - Portfolio construction: 38 longs, 38 shorts (from 38 candidates)
2026-02-19 17:08:03,972 - INFO - Vol targeting: rolling_vol=0.0295, scale=2.0000
2026-02-19 17:08:03,972 - INFO - PnL Net: 0.0019 | Scaled: 0.0038 | Turnover: 17.90% | Vol Scale: 2.00
2026-02-19 17:08:03,972 - INFO - 
============================================================
2026-02-19 17:08:03,972 - INFO - Running paper trading for 2025-06-26
2026-02-19 17:08:03,972 - INFO - ============================================================
2026-02-19 17:08:03,974 - INFO - Portfolio construction: 38 longs, 38 shorts (from 38 candidates)
2026-02-19 17:08:03,974 - INFO - Vol targeting: rolling_vol=0.0299, scale=2.0000
2026-02-19 17:08:03,974 - INFO - PnL Net: 0.0015 | Scaled: 0.0029 | Turnover: 17.70% | Vol Scale: 2.00
2026-02-19 17:08:03,974 - INFO - 
============================================================
2026-02-19 17:08:03,974 - INFO - Running paper trading for 2025-06-27
2026-02-19 17:08:03,974 - INFO - ============================================================
2026-02-19 17:08:03,975 - INFO - Portfolio construction: 38 longs, 38 shorts (from 38 candidates)
2026-02-19 17:08:03,975 - INFO - Vol targeting: rolling_vol=0.0300, scale=2.0000
2026-02-19 17:08:03,975 - INFO - PnL Net: 0.0013 | Scaled: 0.0025 | Turnover: 16.45% | Vol Scale: 2.00
2026-02-19 17:08:03,975 - INFO - 
============================================================
2026-02-19 17:08:03,975 - INFO - Running paper trading for 2025-06-30
2026-02-19 17:08:03,975 - INFO - ============================================================
2026-02-19 17:08:03,975 - INFO - Portfolio construction: 38 longs, 38 shorts (from 38 candidates)
2026-02-19 17:08:03,975 - INFO - Vol targeting: rolling_vol=0.0351, scale=2.0000
2026-02-19 17:08:03,977 - INFO - PnL Net: 0.0055 | Scaled: 0.0109 | Turnover: 17.10% | Vol Scale: 2.00
2026-02-19 17:08:03,977 - INFO - 
============================================================
2026-02-19 17:08:03,977 - INFO - Running paper trading for 2025-07-01
2026-02-19 17:08:03,977 - INFO - ============================================================
2026-02-19 17:08:03,977 - INFO - Portfolio construction: 38 longs, 38 shorts (from 38 candidates)
2026-02-19 17:08:03,977 - INFO - Vol targeting: rolling_vol=0.0352, scale=2.0000
2026-02-19 17:08:03,977 - INFO - PnL Net: 0.0013 | Scaled: 0.0026 | Turnover: 15.04% | Vol Scale: 2.00
2026-02-19 17:08:03,977 - INFO - 
============================================================
2026-02-19 17:08:03,977 - INFO - Running paper trading for 2025-07-02
2026-02-19 17:08:03,977 - INFO - ============================================================
2026-02-19 17:08:03,979 - INFO - Portfolio construction: 38 longs, 38 shorts (from 38 candidates)
2026-02-19 17:08:03,979 - INFO - Vol targeting: rolling_vol=0.0349, scale=2.0000
2026-02-19 17:08:03,979 - INFO - PnL Net: 0.0014 | Scaled: 0.0028 | Turnover: 12.74% | Vol Scale: 2.00
2026-02-19 17:08:03,979 - INFO - 
============================================================
2026-02-19 17:08:03,979 - INFO - Running paper trading for 2025-07-03
2026-02-19 17:08:03,979 - INFO - ============================================================
2026-02-19 17:08:03,979 - INFO - Portfolio construction: 38 longs, 38 shorts (from 38 candidates)
2026-02-19 17:08:03,979 - INFO - Vol targeting: rolling_vol=0.0371, scale=2.0000
2026-02-19 17:08:03,979 - INFO - PnL Net: -0.0032 | Scaled: -0.0063 | Turnover: 11.38% | Vol Scale: 2.00
2026-02-19 17:08:03,979 - INFO - 
============================================================
2026-02-19 17:08:03,979 - INFO - Running paper trading for 2025-07-07
2026-02-19 17:08:03,979 - INFO - ============================================================
2026-02-19 17:08:03,981 - INFO - Portfolio construction: 38 longs, 38 shorts (from 38 candidates)
2026-02-19 17:08:03,981 - INFO - Vol targeting: rolling_vol=0.0371, scale=2.0000
2026-02-19 17:08:03,982 - INFO - PnL Net: 0.0005 | Scaled: 0.0010 | Turnover: 10.84% | Vol Scale: 2.00
2026-02-19 17:08:03,982 - INFO - 
============================================================
2026-02-19 17:08:03,982 - INFO - Running paper trading for 2025-07-08
2026-02-19 17:08:03,982 - INFO - ============================================================
2026-02-19 17:08:03,983 - INFO - Portfolio construction: 38 longs, 38 shorts (from 38 candidates)
2026-02-19 17:08:03,983 - INFO - Vol targeting: rolling_vol=0.0357, scale=2.0000
2026-02-19 17:08:03,983 - INFO - PnL Net: 0.0009 | Scaled: 0.0019 | Turnover: 18.35% | Vol Scale: 2.00
2026-02-19 17:08:03,983 - INFO - 
============================================================
2026-02-19 17:08:03,983 - INFO - Running paper trading for 2025-07-09
2026-02-19 17:08:03,983 - INFO - ============================================================
2026-02-19 17:08:03,984 - INFO - Portfolio construction: 38 longs, 38 shorts (from 38 candidates)
2026-02-19 17:08:03,984 - INFO - Vol targeting: rolling_vol=0.0364, scale=2.0000
2026-02-19 17:08:03,984 - INFO - PnL Net: 0.0026 | Scaled: 0.0053 | Turnover: 19.70% | Vol Scale: 2.00
2026-02-19 17:08:03,985 - INFO - 
============================================================
2026-02-19 17:08:03,985 - INFO - Running paper trading for 2025-07-10
2026-02-19 17:08:03,985 - INFO - ============================================================
2026-02-19 17:08:03,985 - INFO - Portfolio construction: 38 longs, 12 shorts (from 38 candidates)
2026-02-19 17:08:03,985 - INFO - Vol targeting: rolling_vol=0.0379, scale=2.0000
2026-02-19 17:08:03,986 - INFO - PnL Net: -0.0029 | Scaled: -0.0058 | Turnover: 19.47% | Vol Scale: 2.00
2026-02-19 17:08:03,986 - INFO - 
============================================================
2026-02-19 17:08:03,986 - INFO - Running paper trading for 2025-07-11
2026-02-19 17:08:03,986 - INFO - ============================================================
2026-02-19 17:08:03,987 - INFO - Portfolio construction: 38 longs, 26 shorts (from 38 candidates)
2026-02-19 17:08:03,987 - INFO - Vol targeting: rolling_vol=0.0382, scale=2.0000
2026-02-19 17:08:03,987 - INFO - PnL Net: -0.0008 | Scaled: -0.0016 | Turnover: 19.00% | Vol Scale: 2.00
2026-02-19 17:08:03,987 - INFO - 
============================================================
2026-02-19 17:08:03,987 - INFO - Running paper trading for 2025-07-14
2026-02-19 17:08:03,987 - INFO - ============================================================
2026-02-19 17:08:03,988 - INFO - Portfolio construction: 38 longs, 38 shorts (from 38 candidates)
2026-02-19 17:08:03,989 - INFO - Vol targeting: rolling_vol=0.0411, scale=1.9456
2026-02-19 17:08:03,989 - INFO - PnL Net: -0.0053 | Scaled: -0.0103 | Turnover: 18.01% | Vol Scale: 1.95
2026-02-19 17:08:03,989 - INFO - 
============================================================
2026-02-19 17:08:03,989 - INFO - Running paper trading for 2025-07-15
2026-02-19 17:08:03,989 - INFO - ============================================================
2026-02-19 17:08:03,990 - INFO - Portfolio construction: 38 longs, 24 shorts (from 38 candidates)
2026-02-19 17:08:03,990 - INFO - Vol targeting: rolling_vol=0.0411, scale=1.9452
2026-02-19 17:08:03,990 - INFO - PnL Net: 0.0011 | Scaled: 0.0022 | Turnover: 17.80% | Vol Scale: 1.95
2026-02-19 17:08:03,990 - INFO - 
============================================================
2026-02-19 17:08:03,990 - INFO - Running paper trading for 2025-07-16
2026-02-19 17:08:03,990 - INFO - ============================================================
2026-02-19 17:08:03,991 - INFO - Portfolio construction: 38 longs, 4 shorts (from 38 candidates)
2026-02-19 17:08:03,991 - INFO - Vol targeting: rolling_vol=0.0400, scale=1.9977
2026-02-19 17:08:03,992 - INFO - PnL Net: 0.0035 | Scaled: 0.0070 | Turnover: 18.83% | Vol Scale: 2.00
2026-02-19 17:08:03,992 - INFO - 
============================================================
2026-02-19 17:08:03,992 - INFO - Running paper trading for 2025-07-17
2026-02-19 17:08:03,992 - INFO - ============================================================
2026-02-19 17:08:03,993 - INFO - Portfolio construction: 38 longs, 38 shorts (from 38 candidates)
2026-02-19 17:08:03,993 - INFO - Vol targeting: rolling_vol=0.0400, scale=2.0000
2026-02-19 17:08:03,993 - INFO - PnL Net: -0.0003 | Scaled: -0.0006 | Turnover: 20.65% | Vol Scale: 2.00
2026-02-19 17:08:03,993 - INFO - 
============================================================
2026-02-19 17:08:03,993 - INFO - Running paper trading for 2025-07-18
2026-02-19 17:08:03,993 - INFO - ============================================================
2026-02-19 17:08:03,995 - INFO - Portfolio construction: 38 longs, 38 shorts (from 38 candidates)
2026-02-19 17:08:03,995 - INFO - Vol targeting: rolling_vol=0.0407, scale=1.9646
2026-02-19 17:08:03,995 - INFO - PnL Net: -0.0016 | Scaled: -0.0032 | Turnover: 22.59% | Vol Scale: 1.96
2026-02-19 17:08:03,995 - INFO - 
============================================================
2026-02-19 17:08:03,995 - INFO - Running paper trading for 2025-07-21
2026-02-19 17:08:03,995 - INFO - ============================================================
2026-02-19 17:08:03,995 - INFO - Portfolio construction: 38 longs, 38 shorts (from 38 candidates)
2026-02-19 17:08:03,995 - INFO - Vol targeting: rolling_vol=0.0456, scale=1.7529
2026-02-19 17:08:03,997 - INFO - PnL Net: 0.0068 | Scaled: 0.0120 | Turnover: 18.81% | Vol Scale: 1.75
2026-02-19 17:08:03,997 - INFO - 
============================================================
2026-02-19 17:08:03,997 - INFO - Running paper trading for 2025-07-22
2026-02-19 17:08:03,997 - INFO - ============================================================
2026-02-19 17:08:03,998 - INFO - Portfolio construction: 38 longs, 38 shorts (from 38 candidates)
2026-02-19 17:08:03,998 - INFO - Vol targeting: rolling_vol=0.0446, scale=1.7927
2026-02-19 17:08:03,998 - INFO - PnL Net: 0.0023 | Scaled: 0.0041 | Turnover: 18.89% | Vol Scale: 1.79
2026-02-19 17:08:03,998 - INFO - 
============================================================
2026-02-19 17:08:03,998 - INFO - Running paper trading for 2025-07-23
2026-02-19 17:08:03,998 - INFO - ============================================================
2026-02-19 17:08:04,000 - INFO - Portfolio construction: 38 longs, 38 shorts (from 38 candidates)
2026-02-19 17:08:04,000 - INFO - Vol targeting: rolling_vol=0.0451, scale=1.7756
2026-02-19 17:08:04,000 - INFO - PnL Net: -0.0026 | Scaled: -0.0046 | Turnover: 15.52% | Vol Scale: 1.78
2026-02-19 17:08:04,000 - INFO - 
============================================================
2026-02-19 17:08:04,000 - INFO - Running paper trading for 2025-07-24
2026-02-19 17:08:04,000 - INFO - ============================================================
2026-02-19 17:08:04,001 - INFO - Portfolio construction: 38 longs, 38 shorts (from 38 candidates)
2026-02-19 17:08:04,001 - INFO - Vol targeting: rolling_vol=0.0449, scale=1.7834
2026-02-19 17:08:04,001 - INFO - PnL Net: 0.0011 | Scaled: 0.0019 | Turnover: 15.70% | Vol Scale: 1.78
2026-02-19 17:08:04,002 - INFO - 
============================================================
2026-02-19 17:08:04,002 - INFO - Running paper trading for 2025-07-25
2026-02-19 17:08:04,002 - INFO - ============================================================
2026-02-19 17:08:04,003 - INFO - Portfolio construction: 38 longs, 38 shorts (from 38 candidates)
2026-02-19 17:08:04,003 - INFO - Vol targeting: rolling_vol=0.0465, scale=1.7198
2026-02-19 17:08:04,003 - INFO - PnL Net: -0.0031 | Scaled: -0.0052 | Turnover: 16.41% | Vol Scale: 1.72
2026-02-19 17:08:04,003 - INFO - 
============================================================
2026-02-19 17:08:04,003 - INFO - Running paper trading for 2025-07-28
2026-02-19 17:08:04,003 - INFO - ============================================================
2026-02-19 17:08:04,004 - INFO - Portfolio construction: 38 longs, 38 shorts (from 38 candidates)
2026-02-19 17:08:04,005 - INFO - Vol targeting: rolling_vol=0.0474, scale=1.6862
2026-02-19 17:08:04,005 - INFO - PnL Net: -0.0025 | Scaled: -0.0041 | Turnover: 18.54% | Vol Scale: 1.69
2026-02-19 17:08:04,005 - INFO - 
============================================================
2026-02-19 17:08:04,005 - INFO - Running paper trading for 2025-07-29
2026-02-19 17:08:04,006 - INFO - ============================================================
2026-02-19 17:08:04,007 - INFO - Portfolio construction: 38 longs, 38 shorts (from 38 candidates)
2026-02-19 17:08:04,007 - INFO - Vol targeting: rolling_vol=0.0445, scale=1.7974
2026-02-19 17:08:04,008 - INFO - PnL Net: -0.0028 | Scaled: -0.0050 | Turnover: 17.07% | Vol Scale: 1.80
2026-02-19 17:08:04,008 - INFO - 
============================================================
2026-02-19 17:08:04,008 - INFO - Running paper trading for 2025-07-30
2026-02-19 17:08:04,008 - INFO - ============================================================
2026-02-19 17:08:04,009 - INFO - Portfolio construction: 38 longs, 38 shorts (from 38 candidates)
2026-02-19 17:08:04,009 - INFO - Vol targeting: rolling_vol=0.0463, scale=1.7283
2026-02-19 17:08:04,009 - INFO - PnL Net: -0.0042 | Scaled: -0.0073 | Turnover: 18.97% | Vol Scale: 1.73
2026-02-19 17:08:04,009 - INFO - 
============================================================
2026-02-19 17:08:04,009 - INFO - Running paper trading for 2025-07-31
2026-02-19 17:08:04,009 - INFO - ============================================================
2026-02-19 17:08:04,010 - INFO - Portfolio construction: 38 longs, 38 shorts (from 38 candidates)
2026-02-19 17:08:04,010 - INFO - Vol targeting: rolling_vol=0.0470, scale=1.7007
2026-02-19 17:08:04,011 - INFO - PnL Net: -0.0036 | Scaled: -0.0062 | Turnover: 19.57% | Vol Scale: 1.70
2026-02-19 17:08:04,011 - INFO - 
============================================================
2026-02-19 17:08:04,011 - INFO - Running paper trading for 2025-08-01
2026-02-19 17:08:04,011 - INFO - ============================================================
2026-02-19 17:08:04,012 - INFO - Portfolio construction: 38 longs, 6 shorts (from 38 candidates)
2026-02-19 17:08:04,012 - INFO - Vol targeting: rolling_vol=0.0468, scale=1.7092
2026-02-19 17:08:04,012 - INFO - PnL Net: 0.0016 | Scaled: 0.0028 | Turnover: 18.75% | Vol Scale: 1.71
2026-02-19 17:08:04,012 - INFO - 
============================================================
2026-02-19 17:08:04,012 - INFO - Running paper trading for 2025-08-04
2026-02-19 17:08:04,012 - INFO - ============================================================
2026-02-19 17:08:04,013 - INFO - Portfolio construction: 38 longs, 5 shorts (from 38 candidates)
2026-02-19 17:08:04,013 - INFO - Vol targeting: rolling_vol=0.0486, scale=1.6467
2026-02-19 17:08:04,014 - INFO - PnL Net: 0.0034 | Scaled: 0.0056 | Turnover: 20.03% | Vol Scale: 1.65
2026-02-19 17:08:04,014 - INFO - 
============================================================
2026-02-19 17:08:04,014 - INFO - Running paper trading for 2025-08-05
2026-02-19 17:08:04,014 - INFO - ============================================================
2026-02-19 17:08:04,015 - INFO - Portfolio construction: 38 longs, 37 shorts (from 38 candidates)
2026-02-19 17:08:04,015 - INFO - Vol targeting: rolling_vol=0.0485, scale=1.6507
2026-02-19 17:08:04,015 - INFO - PnL Net: -0.0013 | Scaled: -0.0021 | Turnover: 19.43% | Vol Scale: 1.65
2026-02-19 17:08:04,015 - INFO - 
============================================================
2026-02-19 17:08:04,015 - INFO - Running paper trading for 2025-08-06
2026-02-19 17:08:04,015 - INFO - ============================================================
2026-02-19 17:08:04,016 - INFO - Portfolio construction: 38 longs, 38 shorts (from 38 candidates)
2026-02-19 17:08:04,016 - INFO - Vol targeting: rolling_vol=0.0472, scale=1.6961
2026-02-19 17:08:04,016 - INFO - PnL Net: -0.0009 | Scaled: -0.0016 | Turnover: 18.13% | Vol Scale: 1.70
2026-02-19 17:08:04,016 - INFO - 
============================================================
2026-02-19 17:08:04,016 - INFO - Running paper trading for 2025-08-07
2026-02-19 17:08:04,017 - INFO - ============================================================
2026-02-19 17:08:04,018 - INFO - Portfolio construction: 38 longs, 7 shorts (from 38 candidates)
2026-02-19 17:08:04,018 - INFO - Vol targeting: rolling_vol=0.0466, scale=1.7164
2026-02-19 17:08:04,018 - INFO - PnL Net: 0.0008 | Scaled: 0.0013 | Turnover: 20.31% | Vol Scale: 1.72
2026-02-19 17:08:04,018 - INFO - 
============================================================
2026-02-19 17:08:04,018 - INFO - Running paper trading for 2025-08-08
2026-02-19 17:08:04,018 - INFO - ============================================================
2026-02-19 17:08:04,022 - INFO - Portfolio construction: 38 longs, 8 shorts (from 38 candidates)
2026-02-19 17:08:04,022 - INFO - Vol targeting: rolling_vol=0.0467, scale=1.7135
2026-02-19 17:08:04,022 - WARNING - KS3 TRIGGERED: 60-day Sharpe -0.0651 < 0
2026-02-19 17:08:04,023 - INFO - PnL Net: -0.0013 | Scaled: -0.0022 | Turnover: 18.30% | Vol Scale: 1.71
2026-02-19 17:08:04,023 - INFO - 
============================================================
2026-02-19 17:08:04,023 - INFO - Running paper trading for 2025-08-11
2026-02-19 17:08:04,023 - INFO - ============================================================
2026-02-19 17:08:04,026 - INFO - Portfolio construction: 38 longs, 38 shorts (from 38 candidates)
2026-02-19 17:08:04,026 - INFO - Vol targeting: rolling_vol=0.0479, scale=1.6690
2026-02-19 17:08:04,026 - WARNING - KS3 TRIGGERED: 60-day Sharpe -0.0144 < 0
2026-02-19 17:08:04,026 - INFO - PnL Net: 0.0058 | Scaled: 0.0096 | Turnover: 15.45% | Vol Scale: 1.67
2026-02-19 17:08:04,028 - INFO - 
============================================================
2026-02-19 17:08:04,028 - INFO - Running paper trading for 2025-08-12
2026-02-19 17:08:04,028 - INFO - ============================================================
2026-02-19 17:08:04,028 - INFO - Portfolio construction: 38 longs, 38 shorts (from 38 candidates)
2026-02-19 17:08:04,030 - INFO - Vol targeting: rolling_vol=0.0574, scale=1.3933
2026-02-19 17:08:04,031 - INFO - PnL Net: 0.0093 | Scaled: 0.0129 | Turnover: 15.64% | Vol Scale: 1.39
2026-02-19 17:08:04,031 - INFO - 
============================================================
2026-02-19 17:08:04,031 - INFO - Running paper trading for 2025-08-13
2026-02-19 17:08:04,031 - INFO - ============================================================
2026-02-19 17:08:04,033 - INFO - Portfolio construction: 38 longs, 38 shorts (from 38 candidates)
2026-02-19 17:08:04,033 - INFO - Vol targeting: rolling_vol=0.0564, scale=1.4186
2026-02-19 17:08:04,033 - INFO - PnL Net: 0.0002 | Scaled: 0.0003 | Turnover: 20.87% | Vol Scale: 1.42
2026-02-19 17:08:04,033 - INFO - 
============================================================
2026-02-19 17:08:04,034 - INFO - Running paper trading for 2025-08-14
2026-02-19 17:08:04,034 - INFO - ============================================================
2026-02-19 17:08:04,035 - INFO - Portfolio construction: 38 longs, 38 shorts (from 38 candidates)
2026-02-19 17:08:04,035 - INFO - Vol targeting: rolling_vol=0.0564, scale=1.4190
2026-02-19 17:08:04,035 - INFO - PnL Net: 0.0010 | Scaled: 0.0014 | Turnover: 18.05% | Vol Scale: 1.42
2026-02-19 17:08:04,037 - INFO - 
============================================================
2026-02-19 17:08:04,037 - INFO - Running paper trading for 2025-08-15
2026-02-19 17:08:04,037 - INFO - ============================================================
2026-02-19 17:08:04,039 - INFO - Portfolio construction: 38 longs, 38 shorts (from 38 candidates)
2026-02-19 17:08:04,039 - INFO - Vol targeting: rolling_vol=0.0559, scale=1.4310
2026-02-19 17:08:04,039 - INFO - PnL Net: 0.0002 | Scaled: 0.0003 | Turnover: 19.70% | Vol Scale: 1.43
2026-02-19 17:08:04,039 - INFO - 
============================================================
2026-02-19 17:08:04,041 - INFO - Running paper trading for 2025-08-18
2026-02-19 17:08:04,041 - INFO - ============================================================
2026-02-19 17:08:04,043 - INFO - Portfolio construction: 38 longs, 38 shorts (from 38 candidates)
2026-02-19 17:08:04,043 - INFO - Vol targeting: rolling_vol=0.0515, scale=1.5525
2026-02-19 17:08:04,043 - INFO - PnL Net: 0.0024 | Scaled: 0.0038 | Turnover: 18.09% | Vol Scale: 1.55
2026-02-19 17:08:04,043 - INFO - 
============================================================
2026-02-19 17:08:04,043 - INFO - Running paper trading for 2025-08-19
2026-02-19 17:08:04,043 - INFO - ============================================================
2026-02-19 17:08:04,045 - INFO - Portfolio construction: 38 longs, 38 shorts (from 38 candidates)
2026-02-19 17:08:04,045 - INFO - Vol targeting: rolling_vol=0.0516, scale=1.5515
2026-02-19 17:08:04,045 - INFO - PnL Net: -0.0020 | Scaled: -0.0031 | Turnover: 16.60% | Vol Scale: 1.55
2026-02-19 17:08:04,045 - INFO - 
============================================================
2026-02-19 17:08:04,045 - INFO - Running paper trading for 2025-08-20
2026-02-19 17:08:04,045 - INFO - ============================================================
2026-02-19 17:08:04,047 - INFO - Portfolio construction: 38 longs, 38 shorts (from 38 candidates)
2026-02-19 17:08:04,047 - INFO - Vol targeting: rolling_vol=0.0510, scale=1.5694
2026-02-19 17:08:04,047 - INFO - PnL Net: -0.0015 | Scaled: -0.0024 | Turnover: 15.21% | Vol Scale: 1.57
2026-02-19 17:08:04,047 - INFO - 
============================================================
2026-02-19 17:08:04,047 - INFO - Running paper trading for 2025-08-21
2026-02-19 17:08:04,047 - INFO - ============================================================
2026-02-19 17:08:04,047 - INFO - Portfolio construction: 38 longs, 38 shorts (from 38 candidates)
2026-02-19 17:08:04,048 - INFO - Vol targeting: rolling_vol=0.0594, scale=1.3476
2026-02-19 17:08:04,048 - INFO - PnL Net: 0.0089 | Scaled: 0.0120 | Turnover: 16.82% | Vol Scale: 1.35
2026-02-19 17:08:04,048 - INFO - 
============================================================
2026-02-19 17:08:04,048 - INFO - Running paper trading for 2025-08-22
2026-02-19 17:08:04,048 - INFO - ============================================================
2026-02-19 17:08:04,049 - INFO - Portfolio construction: 38 longs, 38 shorts (from 38 candidates)
2026-02-19 17:08:04,050 - INFO - Vol targeting: rolling_vol=0.0605, scale=1.3221
2026-02-19 17:08:04,050 - INFO - PnL Net: -0.0044 | Scaled: -0.0058 | Turnover: 15.55% | Vol Scale: 1.32
2026-02-19 17:08:04,050 - INFO - 
============================================================
2026-02-19 17:08:04,050 - INFO - Running paper trading for 2025-08-25
2026-02-19 17:08:04,050 - INFO - ============================================================
2026-02-19 17:08:04,051 - INFO - Portfolio construction: 38 longs, 38 shorts (from 38 candidates)
2026-02-19 17:08:04,051 - INFO - Vol targeting: rolling_vol=0.0596, scale=1.3428
2026-02-19 17:08:04,052 - INFO - PnL Net: 0.0005 | Scaled: 0.0007 | Turnover: 15.86% | Vol Scale: 1.34
2026-02-19 17:08:04,052 - INFO - 
============================================================
2026-02-19 17:08:04,052 - INFO - Running paper trading for 2025-08-26
2026-02-19 17:08:04,052 - INFO - ============================================================
2026-02-19 17:08:04,053 - INFO - Portfolio construction: 38 longs, 38 shorts (from 38 candidates)
2026-02-19 17:08:04,053 - INFO - Vol targeting: rolling_vol=0.0583, scale=1.3725
2026-02-19 17:08:04,054 - INFO - PnL Net: 0.0005 | Scaled: 0.0007 | Turnover: 17.06% | Vol Scale: 1.37
2026-02-19 17:08:04,054 - INFO - 
============================================================
2026-02-19 17:08:04,054 - INFO - Running paper trading for 2025-08-27
2026-02-19 17:08:04,054 - INFO - ============================================================
2026-02-19 17:08:04,055 - INFO - Portfolio construction: 38 longs, 38 shorts (from 38 candidates)
2026-02-19 17:08:04,056 - INFO - Vol targeting: rolling_vol=0.0555, scale=1.4411
2026-02-19 17:08:04,056 - INFO - PnL Net: -0.0002 | Scaled: -0.0002 | Turnover: 17.80% | Vol Scale: 1.44
2026-02-19 17:08:04,056 - INFO - 
============================================================
2026-02-19 17:08:04,056 - INFO - Running paper trading for 2025-08-28
2026-02-19 17:08:04,056 - INFO - ============================================================
2026-02-19 17:08:04,057 - INFO - Portfolio construction: 38 longs, 38 shorts (from 38 candidates)
2026-02-19 17:08:04,057 - INFO - Vol targeting: rolling_vol=0.0530, scale=1.5091
2026-02-19 17:08:04,057 - INFO - PnL Net: 0.0003 | Scaled: 0.0004 | Turnover: 19.25% | Vol Scale: 1.51
2026-02-19 17:08:04,057 - INFO - 
============================================================
2026-02-19 17:08:04,058 - INFO - Running paper trading for 2025-08-29
2026-02-19 17:08:04,058 - INFO - ============================================================
2026-02-19 17:08:04,058 - INFO - Portfolio construction: 38 longs, 38 shorts (from 38 candidates)
2026-02-19 17:08:04,058 - INFO - Vol targeting: rolling_vol=0.0539, scale=1.4841
2026-02-19 17:08:04,058 - INFO - PnL Net: -0.0017 | Scaled: -0.0026 | Turnover: 15.06% | Vol Scale: 1.48
2026-02-19 17:08:04,058 - INFO - 
============================================================
2026-02-19 17:08:04,058 - INFO - Running paper trading for 2025-09-02
2026-02-19 17:08:04,058 - INFO - ============================================================
2026-02-19 17:08:04,060 - INFO - Portfolio construction: 38 longs, 38 shorts (from 38 candidates)
2026-02-19 17:08:04,060 - INFO - Vol targeting: rolling_vol=0.0542, scale=1.4760
2026-02-19 17:08:04,060 - INFO - PnL Net: -0.0021 | Scaled: -0.0031 | Turnover: 18.16% | Vol Scale: 1.48
2026-02-19 17:08:04,060 - INFO - 
============================================================
2026-02-19 17:08:04,060 - INFO - Running paper trading for 2025-09-03
2026-02-19 17:08:04,060 - INFO - ============================================================
2026-02-19 17:08:04,060 - INFO - Portfolio construction: 38 longs, 38 shorts (from 38 candidates)
2026-02-19 17:08:04,062 - INFO - Vol targeting: rolling_vol=0.0537, scale=1.4886
2026-02-19 17:08:04,062 - INFO - PnL Net: 0.0013 | Scaled: 0.0020 | Turnover: 17.78% | Vol Scale: 1.49
2026-02-19 17:08:04,062 - INFO - 
============================================================
2026-02-19 17:08:04,062 - INFO - Running paper trading for 2025-09-04
2026-02-19 17:08:04,062 - INFO - ============================================================
2026-02-19 17:08:04,062 - INFO - Portfolio construction: 38 longs, 38 shorts (from 38 candidates)
2026-02-19 17:08:04,062 - INFO - Vol targeting: rolling_vol=0.0534, scale=1.4994
2026-02-19 17:08:04,062 - INFO - PnL Net: 0.0012 | Scaled: 0.0019 | Turnover: 17.33% | Vol Scale: 1.50
2026-02-19 17:08:04,062 - INFO - 
============================================================
2026-02-19 17:08:04,062 - INFO - Running paper trading for 2025-09-05
2026-02-19 17:08:04,062 - INFO - ============================================================
2026-02-19 17:08:04,064 - INFO - Portfolio construction: 38 longs, 38 shorts (from 38 candidates)
2026-02-19 17:08:04,064 - INFO - Vol targeting: rolling_vol=0.0539, scale=1.4842
2026-02-19 17:08:04,064 - INFO - PnL Net: -0.0013 | Scaled: -0.0019 | Turnover: 20.00% | Vol Scale: 1.48
2026-02-19 17:08:04,064 - INFO - 
============================================================
2026-02-19 17:08:04,064 - INFO - Running paper trading for 2025-09-08
2026-02-19 17:08:04,064 - INFO - ============================================================
2026-02-19 17:08:04,065 - INFO - Portfolio construction: 38 longs, 38 shorts (from 38 candidates)
2026-02-19 17:08:04,065 - INFO - Vol targeting: rolling_vol=0.0535, scale=1.4949
2026-02-19 17:08:04,066 - INFO - PnL Net: -0.0003 | Scaled: -0.0004 | Turnover: 16.66% | Vol Scale: 1.49
2026-02-19 17:08:04,066 - INFO - 
============================================================
2026-02-19 17:08:04,066 - INFO - Running paper trading for 2025-09-09
2026-02-19 17:08:04,066 - INFO - ============================================================
2026-02-19 17:08:04,066 - INFO - Portfolio construction: 38 longs, 38 shorts (from 38 candidates)
2026-02-19 17:08:04,066 - INFO - Vol targeting: rolling_vol=0.0534, scale=1.4986
2026-02-19 17:08:04,066 - INFO - PnL Net: -0.0044 | Scaled: -0.0065 | Turnover: 17.19% | Vol Scale: 1.50
2026-02-19 17:08:04,066 - INFO - 
============================================================
2026-02-19 17:08:04,066 - INFO - Running paper trading for 2025-09-10
2026-02-19 17:08:04,066 - INFO - ============================================================
2026-02-19 17:08:04,068 - INFO - Portfolio construction: 38 longs, 38 shorts (from 38 candidates)
2026-02-19 17:08:04,068 - INFO - Vol targeting: rolling_vol=0.0448, scale=1.7844
2026-02-19 17:08:04,068 - INFO - PnL Net: 0.0040 | Scaled: 0.0072 | Turnover: 16.96% | Vol Scale: 1.78
2026-02-19 17:08:04,068 - INFO - 
============================================================
2026-02-19 17:08:04,068 - INFO - Running paper trading for 2025-09-11
2026-02-19 17:08:04,068 - INFO - ============================================================
2026-02-19 17:08:04,069 - INFO - Portfolio construction: 38 longs, 38 shorts (from 38 candidates)
2026-02-19 17:08:04,069 - INFO - Vol targeting: rolling_vol=0.0472, scale=1.6944
2026-02-19 17:08:04,070 - INFO - PnL Net: -0.0041 | Scaled: -0.0070 | Turnover: 17.39% | Vol Scale: 1.69
2026-02-19 17:08:04,070 - INFO - 
============================================================
2026-02-19 17:08:04,070 - INFO - Running paper trading for 2025-09-12
2026-02-19 17:08:04,070 - INFO - ============================================================
2026-02-19 17:08:04,071 - INFO - Portfolio construction: 38 longs, 38 shorts (from 38 candidates)
2026-02-19 17:08:04,071 - INFO - Vol targeting: rolling_vol=0.0475, scale=1.6830
2026-02-19 17:08:04,071 - INFO - PnL Net: -0.0021 | Scaled: -0.0035 | Turnover: 15.81% | Vol Scale: 1.68
2026-02-19 17:08:04,071 - INFO - 
============================================================
2026-02-19 17:08:04,071 - INFO - Running paper trading for 2025-09-15
2026-02-19 17:08:04,071 - INFO - ============================================================
2026-02-19 17:08:04,072 - INFO - Portfolio construction: 38 longs, 38 shorts (from 38 candidates)
2026-02-19 17:08:04,072 - INFO - Vol targeting: rolling_vol=0.0477, scale=1.6773
2026-02-19 17:08:04,072 - INFO - PnL Net: 0.0010 | Scaled: 0.0016 | Turnover: 18.17% | Vol Scale: 1.68
2026-02-19 17:08:04,072 - INFO - 
============================================================
2026-02-19 17:08:04,072 - INFO - Running paper trading for 2025-09-16
2026-02-19 17:08:04,072 - INFO - ============================================================
2026-02-19 17:08:04,072 - INFO - Portfolio construction: 38 longs, 38 shorts (from 38 candidates)
2026-02-19 17:08:04,074 - INFO - Vol targeting: rolling_vol=0.0469, scale=1.7072
2026-02-19 17:08:04,074 - INFO - PnL Net: 0.0006 | Scaled: 0.0011 | Turnover: 16.81% | Vol Scale: 1.71
2026-02-19 17:08:04,074 - INFO - 
============================================================
2026-02-19 17:08:04,074 - INFO - Running paper trading for 2025-09-17
2026-02-19 17:08:04,074 - INFO - ============================================================
2026-02-19 17:08:04,074 - INFO - Portfolio construction: 38 longs, 38 shorts (from 38 candidates)
2026-02-19 17:08:04,074 - INFO - Vol targeting: rolling_vol=0.0483, scale=1.6553
2026-02-19 17:08:04,074 - INFO - PnL Net: 0.0037 | Scaled: 0.0061 | Turnover: 15.39% | Vol Scale: 1.66
2026-02-19 17:08:04,074 - INFO - 
============================================================
2026-02-19 17:08:04,074 - INFO - Running paper trading for 2025-09-18
2026-02-19 17:08:04,074 - INFO - ============================================================
2026-02-19 17:08:04,076 - INFO - Portfolio construction: 38 longs, 38 shorts (from 38 candidates)
2026-02-19 17:08:04,076 - INFO - Vol targeting: rolling_vol=0.0490, scale=1.6323
2026-02-19 17:08:04,076 - INFO - PnL Net: -0.0028 | Scaled: -0.0045 | Turnover: 13.88% | Vol Scale: 1.63
2026-02-19 17:08:04,076 - INFO - 
============================================================
2026-02-19 17:08:04,076 - INFO - Running paper trading for 2025-09-19
2026-02-19 17:08:04,076 - INFO - ============================================================
2026-02-19 17:08:04,078 - INFO - Portfolio construction: 38 longs, 38 shorts (from 38 candidates)
2026-02-19 17:08:04,078 - INFO - Vol targeting: rolling_vol=0.0368, scale=2.0000
2026-02-19 17:08:04,078 - INFO - PnL Net: -0.0018 | Scaled: -0.0037 | Turnover: 14.15% | Vol Scale: 2.00
2026-02-19 17:08:04,078 - INFO - 
============================================================
2026-02-19 17:08:04,078 - INFO - Running paper trading for 2025-09-22
2026-02-19 17:08:04,078 - INFO - ============================================================
2026-02-19 17:08:04,078 - INFO - Portfolio construction: 38 longs, 38 shorts (from 38 candidates)
2026-02-19 17:08:04,079 - INFO - Vol targeting: rolling_vol=0.0347, scale=2.0000
2026-02-19 17:08:04,079 - INFO - PnL Net: -0.0022 | Scaled: -0.0044 | Turnover: 12.25% | Vol Scale: 2.00
2026-02-19 17:08:04,079 - INFO - 
============================================================
2026-02-19 17:08:04,079 - INFO - Running paper trading for 2025-09-23
2026-02-19 17:08:04,079 - INFO - ============================================================
2026-02-19 17:08:04,079 - INFO - Portfolio construction: 38 longs, 38 shorts (from 38 candidates)
2026-02-19 17:08:04,081 - INFO - Vol targeting: rolling_vol=0.0347, scale=2.0000
2026-02-19 17:08:04,081 - INFO - PnL Net: 0.0006 | Scaled: 0.0012 | Turnover: 11.55% | Vol Scale: 2.00
2026-02-19 17:08:04,081 - INFO - 
============================================================
2026-02-19 17:08:04,081 - INFO - Running paper trading for 2025-09-24
2026-02-19 17:08:04,081 - INFO - ============================================================
2026-02-19 17:08:04,082 - INFO - Portfolio construction: 38 longs, 38 shorts (from 38 candidates)
2026-02-19 17:08:04,082 - INFO - Vol targeting: rolling_vol=0.0370, scale=2.0000
2026-02-19 17:08:04,082 - WARNING - KS3 TRIGGERED: 60-day Sharpe -0.2339 < 0
2026-02-19 17:08:04,082 - INFO - PnL Net: -0.0044 | Scaled: -0.0087 | Turnover: 10.82% | Vol Scale: 2.00
2026-02-19 17:08:04,082 - INFO - 
============================================================
2026-02-19 17:08:04,082 - INFO - Running paper trading for 2025-09-25
2026-02-19 17:08:04,082 - INFO - ============================================================
2026-02-19 17:08:04,083 - INFO - Portfolio construction: 38 longs, 38 shorts (from 38 candidates)
2026-02-19 17:08:04,083 - INFO - Vol targeting: rolling_vol=0.0394, scale=2.0000
2026-02-19 17:08:04,083 - WARNING - KS3 TRIGGERED: 60-day Sharpe -0.0747 < 0
2026-02-19 17:08:04,083 - INFO - PnL Net: 0.0031 | Scaled: 0.0063 | Turnover: 11.32% | Vol Scale: 2.00
2026-02-19 17:08:04,083 - INFO - 
============================================================
2026-02-19 17:08:04,083 - INFO - Running paper trading for 2025-09-26
2026-02-19 17:08:04,083 - INFO - ============================================================
2026-02-19 17:08:04,084 - INFO - Portfolio construction: 38 longs, 38 shorts (from 38 candidates)
2026-02-19 17:08:04,085 - INFO - Vol targeting: rolling_vol=0.0396, scale=2.0000
2026-02-19 17:08:04,085 - WARNING - KS3 TRIGGERED: 60-day Sharpe -0.1133 < 0
2026-02-19 17:08:04,085 - INFO - PnL Net: 0.0009 | Scaled: 0.0019 | Turnover: 10.79% | Vol Scale: 2.00
2026-02-19 17:08:04,085 - INFO - 
============================================================
2026-02-19 17:08:04,085 - INFO - Running paper trading for 2025-09-29
2026-02-19 17:08:04,085 - INFO - ============================================================
2026-02-19 17:08:04,086 - INFO - Portfolio construction: 38 longs, 38 shorts (from 38 candidates)
2026-02-19 17:08:04,086 - INFO - Vol targeting: rolling_vol=0.0395, scale=2.0000
2026-02-19 17:08:04,086 - INFO - PnL Net: 0.0006 | Scaled: 0.0013 | Turnover: 18.78% | Vol Scale: 2.00
2026-02-19 17:08:04,086 - INFO - 
============================================================
2026-02-19 17:08:04,086 - INFO - Running paper trading for 2025-09-30
2026-02-19 17:08:04,086 - INFO - ============================================================
2026-02-19 17:08:04,087 - INFO - Portfolio construction: 38 longs, 38 shorts (from 38 candidates)
2026-02-19 17:08:04,087 - INFO - Vol targeting: rolling_vol=0.0394, scale=2.0000
2026-02-19 17:08:04,087 - INFO - PnL Net: 0.0013 | Scaled: 0.0026 | Turnover: 16.32% | Vol Scale: 2.00
2026-02-19 17:08:04,087 - INFO - 
============================================================
2026-02-19 17:08:04,087 - INFO - Running paper trading for 2025-10-01
2026-02-19 17:08:04,087 - INFO - ============================================================
2026-02-19 17:08:04,088 - INFO - Portfolio construction: 38 longs, 38 shorts (from 38 candidates)
2026-02-19 17:08:04,089 - INFO - Vol targeting: rolling_vol=0.0406, scale=1.9724
2026-02-19 17:08:04,089 - INFO - PnL Net: 0.0029 | Scaled: 0.0057 | Turnover: 13.62% | Vol Scale: 1.97
2026-02-19 17:08:04,089 - INFO - 
============================================================
2026-02-19 17:08:04,089 - INFO - Running paper trading for 2025-10-02
2026-02-19 17:08:04,089 - INFO - ============================================================
2026-02-19 17:08:04,089 - INFO - Portfolio construction: 38 longs, 38 shorts (from 38 candidates)
2026-02-19 17:08:04,089 - INFO - Vol targeting: rolling_vol=0.0415, scale=1.9257
2026-02-19 17:08:04,089 - INFO - PnL Net: 0.0028 | Scaled: 0.0053 | Turnover: 12.21% | Vol Scale: 1.93
2026-02-19 17:08:04,089 - INFO - 
============================================================
2026-02-19 17:08:04,089 - INFO - Running paper trading for 2025-10-03
2026-02-19 17:08:04,089 - INFO - ============================================================
2026-02-19 17:08:04,091 - INFO - Portfolio construction: 38 longs, 38 shorts (from 38 candidates)
2026-02-19 17:08:04,091 - INFO - Vol targeting: rolling_vol=0.0436, scale=1.8365
2026-02-19 17:08:04,091 - INFO - PnL Net: 0.0040 | Scaled: 0.0073 | Turnover: 10.49% | Vol Scale: 1.84
2026-02-19 17:08:04,091 - INFO - 
============================================================
2026-02-19 17:08:04,091 - INFO - Running paper trading for 2025-10-06
2026-02-19 17:08:04,091 - INFO - ============================================================
2026-02-19 17:08:04,093 - INFO - Portfolio construction: 38 longs, 38 shorts (from 38 candidates)
2026-02-19 17:08:04,093 - INFO - Vol targeting: rolling_vol=0.0440, scale=1.8163
2026-02-19 17:08:04,093 - INFO - PnL Net: -0.0017 | Scaled: -0.0032 | Turnover: 8.91% | Vol Scale: 1.82
2026-02-19 17:08:04,093 - INFO - 
============================================================
2026-02-19 17:08:04,093 - INFO - Running paper trading for 2025-10-07
2026-02-19 17:08:04,093 - INFO - ============================================================
2026-02-19 17:08:04,093 - INFO - Portfolio construction: 38 longs, 38 shorts (from 38 candidates)
2026-02-19 17:08:04,093 - INFO - Vol targeting: rolling_vol=0.0418, scale=1.9150
2026-02-19 17:08:04,093 - INFO - PnL Net: 0.0027 | Scaled: 0.0053 | Turnover: 7.62% | Vol Scale: 1.91
2026-02-19 17:08:04,093 - INFO - 
============================================================
2026-02-19 17:08:04,093 - INFO - Running paper trading for 2025-10-08
2026-02-19 17:08:04,093 - INFO - ============================================================
2026-02-19 17:08:04,095 - INFO - Portfolio construction: 38 longs, 38 shorts (from 38 candidates)
2026-02-19 17:08:04,095 - INFO - Vol targeting: rolling_vol=0.0400, scale=1.9984
2026-02-19 17:08:04,095 - INFO - PnL Net: -0.0012 | Scaled: -0.0024 | Turnover: 6.47% | Vol Scale: 2.00
2026-02-19 17:08:04,095 - INFO - 
============================================================
2026-02-19 17:08:04,095 - INFO - Running paper trading for 2025-10-09
2026-02-19 17:08:04,095 - INFO - ============================================================
2026-02-19 17:08:04,097 - INFO - Portfolio construction: 38 longs, 38 shorts (from 38 candidates)
2026-02-19 17:08:04,097 - INFO - Vol targeting: rolling_vol=0.0499, scale=1.6037
2026-02-19 17:08:04,097 - INFO - PnL Net: -0.0093 | Scaled: -0.0149 | Turnover: 6.11% | Vol Scale: 1.60
2026-02-19 17:08:04,097 - INFO - 
============================================================
2026-02-19 17:08:04,097 - INFO - Running paper trading for 2025-10-10
2026-02-19 17:08:04,097 - INFO - ============================================================
2026-02-19 17:08:04,099 - INFO - Portfolio construction: 38 longs, 38 shorts (from 38 candidates)
2026-02-19 17:08:04,099 - INFO - Vol targeting: rolling_vol=0.0501, scale=1.5958
2026-02-19 17:08:04,099 - INFO - PnL Net: 0.0026 | Scaled: 0.0041 | Turnover: 16.58% | Vol Scale: 1.60
2026-02-19 17:08:04,099 - INFO - 
============================================================
2026-02-19 17:08:04,099 - INFO - Running paper trading for 2025-10-13
2026-02-19 17:08:04,099 - INFO - ============================================================
2026-02-19 17:08:04,100 - INFO - Portfolio construction: 38 longs, 36 shorts (from 38 candidates)
2026-02-19 17:08:04,100 - INFO - Vol targeting: rolling_vol=0.0500, scale=1.5985
2026-02-19 17:08:04,100 - INFO - PnL Net: 0.0001 | Scaled: 0.0001 | Turnover: 21.87% | Vol Scale: 1.60
2026-02-19 17:08:04,100 - INFO - 
============================================================
2026-02-19 17:08:04,100 - INFO - Running paper trading for 2025-10-14
2026-02-19 17:08:04,100 - INFO - ============================================================
2026-02-19 17:08:04,101 - INFO - Portfolio construction: 38 longs, 38 shorts (from 38 candidates)
2026-02-19 17:08:04,101 - INFO - Vol targeting: rolling_vol=0.0503, scale=1.5894
2026-02-19 17:08:04,102 - INFO - PnL Net: 0.0017 | Scaled: 0.0028 | Turnover: 19.87% | Vol Scale: 1.59
2026-02-19 17:08:04,102 - INFO - 
============================================================
2026-02-19 17:08:04,102 - INFO - Running paper trading for 2025-10-15
2026-02-19 17:08:04,102 - INFO - ============================================================
2026-02-19 17:08:04,103 - INFO - Portfolio construction: 38 longs, 38 shorts (from 38 candidates)
2026-02-19 17:08:04,103 - INFO - Vol targeting: rolling_vol=0.0506, scale=1.5825
2026-02-19 17:08:04,103 - WARNING - KS3 TRIGGERED: 60-day Sharpe -0.2138 < 0
2026-02-19 17:08:04,103 - INFO - PnL Net: -0.0039 | Scaled: -0.0062 | Turnover: 19.76% | Vol Scale: 1.58
2026-02-19 17:08:04,103 - INFO - 
============================================================
2026-02-19 17:08:04,103 - INFO - Running paper trading for 2025-10-16
2026-02-19 17:08:04,103 - INFO - ============================================================
2026-02-19 17:08:04,104 - INFO - Portfolio construction: 38 longs, 38 shorts (from 38 candidates)
2026-02-19 17:08:04,104 - INFO - Vol targeting: rolling_vol=0.0497, scale=1.6093
2026-02-19 17:08:04,104 - INFO - PnL Net: 0.0004 | Scaled: 0.0006 | Turnover: 19.81% | Vol Scale: 1.61
2026-02-19 17:08:04,104 - INFO - 
============================================================
2026-02-19 17:08:04,104 - INFO - Running paper trading for 2025-10-17
2026-02-19 17:08:04,104 - INFO - ============================================================
2026-02-19 17:08:04,105 - INFO - Portfolio construction: 38 longs, 2 shorts (from 38 candidates)
2026-02-19 17:08:04,105 - INFO - Vol targeting: rolling_vol=0.0522, scale=1.5325
2026-02-19 17:08:04,105 - INFO - PnL Net: 0.0050 | Scaled: 0.0077 | Turnover: 21.18% | Vol Scale: 1.53
2026-02-19 17:08:04,105 - INFO - 
============================================================
2026-02-19 17:08:04,105 - INFO - Running paper trading for 2025-10-20
2026-02-19 17:08:04,105 - INFO - ============================================================
2026-02-19 17:08:04,107 - INFO - Portfolio construction: 38 longs, 38 shorts (from 38 candidates)
2026-02-19 17:08:04,107 - INFO - Vol targeting: rolling_vol=0.0521, scale=1.5369
2026-02-19 17:08:04,107 - INFO - PnL Net: 0.0028 | Scaled: 0.0043 | Turnover: 19.97% | Vol Scale: 1.54
2026-02-19 17:08:04,107 - INFO - 
============================================================
2026-02-19 17:08:04,107 - INFO - Running paper trading for 2025-10-21
2026-02-19 17:08:04,107 - INFO - ============================================================
2026-02-19 17:08:04,107 - INFO - Portfolio construction: 38 longs, 38 shorts (from 38 candidates)
2026-02-19 17:08:04,107 - INFO - Vol targeting: rolling_vol=0.0528, scale=1.5154
2026-02-19 17:08:04,107 - INFO - PnL Net: -0.0020 | Scaled: -0.0030 | Turnover: 17.75% | Vol Scale: 1.52
2026-02-19 17:08:04,107 - INFO - 
============================================================
2026-02-19 17:08:04,107 - INFO - Running paper trading for 2025-10-22
2026-02-19 17:08:04,107 - INFO - ============================================================
2026-02-19 17:08:04,109 - INFO - Portfolio construction: 38 longs, 38 shorts (from 38 candidates)
2026-02-19 17:08:04,109 - INFO - Vol targeting: rolling_vol=0.0516, scale=1.5499
2026-02-19 17:08:04,109 - INFO - PnL Net: 0.0046 | Scaled: 0.0071 | Turnover: 16.55% | Vol Scale: 1.55
2026-02-19 17:08:04,109 - INFO - 
============================================================
2026-02-19 17:08:04,109 - INFO - Running paper trading for 2025-10-23
2026-02-19 17:08:04,109 - INFO - ============================================================
2026-02-19 17:08:04,111 - INFO - Portfolio construction: 38 longs, 38 shorts (from 38 candidates)
2026-02-19 17:08:04,111 - INFO - Vol targeting: rolling_vol=0.0510, scale=1.5701
2026-02-19 17:08:04,111 - INFO - PnL Net: 0.0010 | Scaled: 0.0015 | Turnover: 18.04% | Vol Scale: 1.57
2026-02-19 17:08:04,111 - INFO - 
============================================================
2026-02-19 17:08:04,111 - INFO - Running paper trading for 2025-10-24
2026-02-19 17:08:04,111 - INFO - ============================================================
2026-02-19 17:08:04,111 - INFO - Portfolio construction: 38 longs, 38 shorts (from 38 candidates)
2026-02-19 17:08:04,111 - INFO - Vol targeting: rolling_vol=0.0511, scale=1.5665
2026-02-19 17:08:04,111 - INFO - PnL Net: 0.0018 | Scaled: 0.0028 | Turnover: 20.07% | Vol Scale: 1.57
2026-02-19 17:08:04,111 - INFO - 
============================================================
2026-02-19 17:08:04,111 - INFO - Running paper trading for 2025-10-27
2026-02-19 17:08:04,111 - INFO - ============================================================
2026-02-19 17:08:04,114 - INFO - Portfolio construction: 38 longs, 38 shorts (from 38 candidates)
2026-02-19 17:08:04,114 - INFO - Vol targeting: rolling_vol=0.0513, scale=1.5609
2026-02-19 17:08:04,114 - INFO - PnL Net: -0.0005 | Scaled: -0.0007 | Turnover: 20.20% | Vol Scale: 1.56
2026-02-19 17:08:04,114 - INFO - 
============================================================
2026-02-19 17:08:04,114 - INFO - Running paper trading for 2025-10-28
2026-02-19 17:08:04,114 - INFO - ============================================================
2026-02-19 17:08:04,115 - INFO - Portfolio construction: 38 longs, 38 shorts (from 38 candidates)
2026-02-19 17:08:04,115 - INFO - Vol targeting: rolling_vol=0.0516, scale=1.5503
2026-02-19 17:08:04,115 - INFO - PnL Net: -0.0011 | Scaled: -0.0017 | Turnover: 17.57% | Vol Scale: 1.55
2026-02-19 17:08:04,115 - INFO - 
============================================================
2026-02-19 17:08:04,115 - INFO - Running paper trading for 2025-10-29
2026-02-19 17:08:04,115 - INFO - ============================================================
2026-02-19 17:08:04,116 - INFO - Portfolio construction: 38 longs, 38 shorts (from 38 candidates)
2026-02-19 17:08:04,117 - INFO - Vol targeting: rolling_vol=0.0533, scale=1.4997
2026-02-19 17:08:04,117 - INFO - PnL Net: -0.0041 | Scaled: -0.0061 | Turnover: 16.24% | Vol Scale: 1.50
2026-02-19 17:08:04,117 - INFO - 
============================================================
2026-02-19 17:08:04,117 - INFO - Running paper trading for 2025-10-30
2026-02-19 17:08:04,117 - INFO - ============================================================
2026-02-19 17:08:04,118 - INFO - Portfolio construction: 38 longs, 38 shorts (from 38 candidates)
2026-02-19 17:08:04,118 - INFO - Vol targeting: rolling_vol=0.0529, scale=1.5111
2026-02-19 17:08:04,118 - INFO - PnL Net: 0.0019 | Scaled: 0.0029 | Turnover: 17.83% | Vol Scale: 1.51
2026-02-19 17:08:04,118 - INFO - 
============================================================
2026-02-19 17:08:04,118 - INFO - Running paper trading for 2025-10-31
2026-02-19 17:08:04,118 - INFO - ============================================================
2026-02-19 17:08:04,120 - INFO - Portfolio construction: 38 longs, 38 shorts (from 38 candidates)
2026-02-19 17:08:04,120 - INFO - Vol targeting: rolling_vol=0.0514, scale=1.5577
2026-02-19 17:08:04,120 - INFO - PnL Net: -0.0012 | Scaled: -0.0019 | Turnover: 17.75% | Vol Scale: 1.56
2026-02-19 17:08:04,120 - INFO - 
============================================================
2026-02-19 17:08:04,120 - INFO - Running paper trading for 2025-11-03
2026-02-19 17:08:04,120 - INFO - ============================================================
2026-02-19 17:08:04,121 - INFO - Portfolio construction: 38 longs, 38 shorts (from 38 candidates)
2026-02-19 17:08:04,121 - INFO - Vol targeting: rolling_vol=0.0532, scale=1.5032
2026-02-19 17:08:04,121 - INFO - PnL Net: -0.0044 | Scaled: -0.0065 | Turnover: 18.48% | Vol Scale: 1.50
2026-02-19 17:08:04,121 - INFO - 
============================================================
2026-02-19 17:08:04,121 - INFO - Running paper trading for 2025-11-04
2026-02-19 17:08:04,121 - INFO - ============================================================
2026-02-19 17:08:04,122 - INFO - Portfolio construction: 38 longs, 38 shorts (from 38 candidates)
2026-02-19 17:08:04,122 - INFO - Vol targeting: rolling_vol=0.0532, scale=1.5046
2026-02-19 17:08:04,123 - INFO - PnL Net: 0.0027 | Scaled: 0.0040 | Turnover: 18.50% | Vol Scale: 1.50
2026-02-19 17:08:04,123 - INFO - 
============================================================
2026-02-19 17:08:04,123 - INFO - Running paper trading for 2025-11-05
2026-02-19 17:08:04,123 - INFO - ============================================================
2026-02-19 17:08:04,124 - INFO - Portfolio construction: 38 longs, 38 shorts (from 38 candidates)
2026-02-19 17:08:04,124 - INFO - Vol targeting: rolling_vol=0.0556, scale=1.4381
2026-02-19 17:08:04,124 - WARNING - KS3 TRIGGERED: 60-day Sharpe -0.0205 < 0
2026-02-19 17:08:04,124 - INFO - PnL Net: -0.0050 | Scaled: -0.0071 | Turnover: 18.91% | Vol Scale: 1.44
2026-02-19 17:08:04,124 - INFO - 
============================================================
2026-02-19 17:08:04,124 - INFO - Running paper trading for 2025-11-06
2026-02-19 17:08:04,124 - INFO - ============================================================
2026-02-19 17:08:04,124 - INFO - Portfolio construction: 38 longs, 38 shorts (from 38 candidates)
2026-02-19 17:08:04,126 - INFO - Vol targeting: rolling_vol=0.0450, scale=1.7759
2026-02-19 17:08:04,126 - WARNING - KS3 TRIGGERED: 60-day Sharpe -0.0011 < 0
2026-02-19 17:08:04,126 - INFO - PnL Net: 0.0004 | Scaled: 0.0007 | Turnover: 19.27% | Vol Scale: 1.78
2026-02-19 17:08:04,126 - INFO - 
============================================================
2026-02-19 17:08:04,126 - INFO - Running paper trading for 2025-11-07
2026-02-19 17:08:04,126 - INFO - ============================================================
2026-02-19 17:08:04,126 - WARNING - No negative predictions for shorts - skipping short positions
2026-02-19 17:08:04,126 - INFO - Portfolio construction: 38 longs, 0 shorts (from 38 candidates)
2026-02-19 17:08:04,126 - INFO - Vol targeting: rolling_vol=0.0446, scale=1.7921
2026-02-19 17:08:04,126 - INFO - PnL Net: 0.0019 | Scaled: 0.0034 | Turnover: 13.18% | Vol Scale: 1.79
2026-02-19 17:08:04,126 - INFO - 
============================================================
2026-02-19 17:08:04,126 - INFO - Running paper trading for 2025-11-10
2026-02-19 17:08:04,126 - INFO - ============================================================
2026-02-19 17:08:04,128 - INFO - Portfolio construction: 38 longs, 38 shorts (from 38 candidates)
2026-02-19 17:08:04,128 - INFO - Vol targeting: rolling_vol=0.0454, scale=1.7634
2026-02-19 17:08:04,128 - INFO - PnL Net: 0.0024 | Scaled: 0.0043 | Turnover: 18.16% | Vol Scale: 1.76
2026-02-19 17:08:04,128 - INFO - 
============================================================
2026-02-19 17:08:04,128 - INFO - Running paper trading for 2025-11-11
2026-02-19 17:08:04,128 - INFO - ============================================================
2026-02-19 17:08:04,130 - INFO - Portfolio construction: 38 longs, 38 shorts (from 38 candidates)
2026-02-19 17:08:04,131 - INFO - Vol targeting: rolling_vol=0.0464, scale=1.7224
2026-02-19 17:08:04,131 - INFO - PnL Net: 0.0034 | Scaled: 0.0059 | Turnover: 16.31% | Vol Scale: 1.72
2026-02-19 17:08:04,131 - INFO - 
============================================================
2026-02-19 17:08:04,131 - INFO - Running paper trading for 2025-11-12
2026-02-19 17:08:04,131 - INFO - ============================================================
2026-02-19 17:08:04,132 - INFO - Portfolio construction: 38 longs, 38 shorts (from 38 candidates)
2026-02-19 17:08:04,132 - INFO - Vol targeting: rolling_vol=0.0448, scale=1.7861
2026-02-19 17:08:04,133 - INFO - PnL Net: -0.0022 | Scaled: -0.0039 | Turnover: 15.82% | Vol Scale: 1.79
2026-02-19 17:08:04,133 - INFO - 
============================================================
2026-02-19 17:08:04,133 - INFO - Running paper trading for 2025-11-13
2026-02-19 17:08:04,133 - INFO - ============================================================
2026-02-19 17:08:04,133 - INFO - Portfolio construction: 38 longs, 38 shorts (from 38 candidates)
2026-02-19 17:08:04,133 - INFO - Vol targeting: rolling_vol=0.0464, scale=1.7238
2026-02-19 17:08:04,133 - INFO - PnL Net: -0.0031 | Scaled: -0.0054 | Turnover: 17.53% | Vol Scale: 1.72
2026-02-19 17:08:04,133 - INFO - 
============================================================
2026-02-19 17:08:04,134 - INFO - Running paper trading for 2025-11-14
2026-02-19 17:08:04,134 - INFO - ============================================================
2026-02-19 17:08:04,135 - INFO - Portfolio construction: 38 longs, 38 shorts (from 38 candidates)
2026-02-19 17:08:04,135 - INFO - Vol targeting: rolling_vol=0.0494, scale=1.6195
2026-02-19 17:08:04,135 - WARNING - KS3 TRIGGERED: 60-day Sharpe -1.2139 < 0
2026-02-19 17:08:04,135 - INFO - PnL Net: -0.0071 | Scaled: -0.0114 | Turnover: 18.41% | Vol Scale: 1.62
2026-02-19 17:08:04,135 - INFO - 
============================================================
2026-02-19 17:08:04,135 - INFO - Running paper trading for 2025-11-17
2026-02-19 17:08:04,135 - INFO - ============================================================
2026-02-19 17:08:04,136 - INFO - Portfolio construction: 38 longs, 38 shorts (from 38 candidates)
2026-02-19 17:08:04,136 - INFO - Vol targeting: rolling_vol=0.0481, scale=1.6647
2026-02-19 17:08:04,136 - WARNING - KS3 TRIGGERED: 60-day Sharpe -0.9382 < 0
2026-02-19 17:08:04,136 - INFO - PnL Net: -0.0011 | Scaled: -0.0018 | Turnover: 18.60% | Vol Scale: 1.66
2026-02-19 17:08:04,136 - INFO - 
============================================================
2026-02-19 17:08:04,136 - INFO - Running paper trading for 2025-11-18
2026-02-19 17:08:04,136 - INFO - ============================================================
2026-02-19 17:08:04,137 - INFO - Portfolio construction: 38 longs, 38 shorts (from 38 candidates)
2026-02-19 17:08:04,137 - INFO - Vol targeting: rolling_vol=0.0478, scale=1.6738
2026-02-19 17:08:04,138 - WARNING - KS3 TRIGGERED: 60-day Sharpe -0.9945 < 0
2026-02-19 17:08:04,138 - INFO - PnL Net: -0.0001 | Scaled: -0.0002 | Turnover: 17.82% | Vol Scale: 1.67
2026-02-19 17:08:04,138 - INFO - 
============================================================
2026-02-19 17:08:04,138 - INFO - Running paper trading for 2025-11-19
2026-02-19 17:08:04,138 - INFO - ============================================================
2026-02-19 17:08:04,139 - INFO - Portfolio construction: 38 longs, 10 shorts (from 38 candidates)
2026-02-19 17:08:04,139 - INFO - Vol targeting: rolling_vol=0.0464, scale=1.7231
2026-02-19 17:08:04,139 - WARNING - KS3 TRIGGERED: 60-day Sharpe -1.4547 < 0
2026-02-19 17:08:04,139 - INFO - PnL Net: -0.0049 | Scaled: -0.0085 | Turnover: 20.34% | Vol Scale: 1.72
2026-02-19 17:08:04,139 - INFO - 
============================================================
2026-02-19 17:08:04,139 - INFO - Running paper trading for 2025-11-20
2026-02-19 17:08:04,139 - INFO - ============================================================
2026-02-19 17:08:04,140 - INFO - Portfolio construction: 38 longs, 4 shorts (from 38 candidates)
2026-02-19 17:08:04,140 - INFO - Vol targeting: rolling_vol=0.0537, scale=1.4897
2026-02-19 17:08:04,140 - WARNING - KS3 TRIGGERED: 60-day Sharpe -0.7805 < 0
2026-02-19 17:08:04,140 - INFO - PnL Net: 0.0070 | Scaled: 0.0104 | Turnover: 18.63% | Vol Scale: 1.49
2026-02-19 17:08:04,140 - INFO - 
============================================================
2026-02-19 17:08:04,140 - INFO - Running paper trading for 2025-11-21
2026-02-19 17:08:04,140 - INFO - ============================================================
2026-02-19 17:08:04,142 - WARNING - No negative predictions for shorts - skipping short positions
2026-02-19 17:08:04,142 - INFO - Portfolio construction: 38 longs, 0 shorts (from 38 candidates)
2026-02-19 17:08:04,142 - INFO - Vol targeting: rolling_vol=0.0544, scale=1.4711
2026-02-19 17:08:04,142 - WARNING - KS3 TRIGGERED: 60-day Sharpe -0.5647 < 0
2026-02-19 17:08:04,142 - INFO - PnL Net: 0.0028 | Scaled: 0.0041 | Turnover: 14.74% | Vol Scale: 1.47
2026-02-19 17:08:04,142 - INFO - 
============================================================
2026-02-19 17:08:04,142 - INFO - Running paper trading for 2025-11-24
2026-02-19 17:08:04,142 - INFO - ============================================================
2026-02-19 17:08:04,142 - INFO - Portfolio construction: 38 longs, 38 shorts (from 38 candidates)
2026-02-19 17:08:04,142 - INFO - Vol targeting: rolling_vol=0.0569, scale=1.4057
2026-02-19 17:08:04,142 - WARNING - KS3 TRIGGERED: 60-day Sharpe -0.0606 < 0
2026-02-19 17:08:04,144 - INFO - PnL Net: 0.0042 | Scaled: 0.0060 | Turnover: 18.63% | Vol Scale: 1.41
2026-02-19 17:08:04,144 - INFO - 
============================================================
2026-02-19 17:08:04,144 - INFO - Running paper trading for 2025-11-25
2026-02-19 17:08:04,144 - INFO - ============================================================
2026-02-19 17:08:04,144 - INFO - Portfolio construction: 38 longs, 29 shorts (from 38 candidates)
2026-02-19 17:08:04,144 - INFO - Vol targeting: rolling_vol=0.0582, scale=1.3744
2026-02-19 17:08:04,144 - INFO - PnL Net: 0.0033 | Scaled: 0.0045 | Turnover: 16.83% | Vol Scale: 1.37
2026-02-19 17:08:04,144 - INFO - 
============================================================
2026-02-19 17:08:04,144 - INFO - Running paper trading for 2025-11-26
2026-02-19 17:08:04,144 - INFO - ============================================================
2026-02-19 17:08:04,146 - INFO - Portfolio construction: 38 longs, 38 shorts (from 38 candidates)
2026-02-19 17:08:04,147 - INFO - Vol targeting: rolling_vol=0.0572, scale=1.3978
2026-02-19 17:08:04,149 - INFO - PnL Net: 0.0028 | Scaled: 0.0039 | Turnover: 19.67% | Vol Scale: 1.40
2026-02-19 17:08:04,149 - INFO - 
============================================================
2026-02-19 17:08:04,150 - INFO - Running paper trading for 2025-11-28
2026-02-19 17:08:04,150 - INFO - ============================================================
2026-02-19 17:08:04,153 - INFO - Portfolio construction: 38 longs, 38 shorts (from 38 candidates)
2026-02-19 17:08:04,153 - INFO - Vol targeting: rolling_vol=0.0570, scale=1.4044
2026-02-19 17:08:04,154 - INFO - PnL Net: -0.0008 | Scaled: -0.0011 | Turnover: 18.71% | Vol Scale: 1.40
2026-02-19 17:08:04,154 - INFO - 
============================================================
2026-02-19 17:08:04,154 - INFO - Running paper trading for 2025-12-01
2026-02-19 17:08:04,154 - INFO - ============================================================
2026-02-19 17:08:04,156 - INFO - Portfolio construction: 38 longs, 38 shorts (from 38 candidates)
2026-02-19 17:08:04,156 - INFO - Vol targeting: rolling_vol=0.0577, scale=1.3855
2026-02-19 17:08:04,156 - INFO - PnL Net: 0.0032 | Scaled: 0.0044 | Turnover: 17.87% | Vol Scale: 1.39
2026-02-19 17:08:04,156 - INFO - 
============================================================
2026-02-19 17:08:04,156 - INFO - Running paper trading for 2025-12-02
2026-02-19 17:08:04,158 - INFO - ============================================================
2026-02-19 17:08:04,158 - INFO - Portfolio construction: 38 longs, 38 shorts (from 38 candidates)
2026-02-19 17:08:04,160 - INFO - Vol targeting: rolling_vol=0.0579, scale=1.3813
2026-02-19 17:08:04,160 - INFO - PnL Net: 0.0056 | Scaled: 0.0077 | Turnover: 20.20% | Vol Scale: 1.38
2026-02-19 17:08:04,160 - INFO - 
============================================================
2026-02-19 17:08:04,160 - INFO - Running paper trading for 2025-12-03
2026-02-19 17:08:04,160 - INFO - ============================================================
2026-02-19 17:08:04,161 - INFO - Portfolio construction: 38 longs, 38 shorts (from 38 candidates)
2026-02-19 17:08:04,161 - INFO - Vol targeting: rolling_vol=0.0576, scale=1.3891
2026-02-19 17:08:04,163 - INFO - PnL Net: -0.0002 | Scaled: -0.0003 | Turnover: 19.11% | Vol Scale: 1.39
2026-02-19 17:08:04,163 - INFO - 
============================================================
2026-02-19 17:08:04,163 - INFO - Running paper trading for 2025-12-04
2026-02-19 17:08:04,163 - INFO - ============================================================
2026-02-19 17:08:04,164 - INFO - Portfolio construction: 38 longs, 3 shorts (from 38 candidates)
2026-02-19 17:08:04,164 - INFO - Vol targeting: rolling_vol=0.0539, scale=1.4845
2026-02-19 17:08:04,165 - INFO - PnL Net: 0.0005 | Scaled: 0.0008 | Turnover: 19.09% | Vol Scale: 1.48
2026-02-19 17:08:04,165 - INFO - 
============================================================
2026-02-19 17:08:04,165 - INFO - Running paper trading for 2025-12-05
2026-02-19 17:08:04,165 - INFO - ============================================================
2026-02-19 17:08:04,166 - INFO - Portfolio construction: 38 longs, 2 shorts (from 38 candidates)
2026-02-19 17:08:04,167 - INFO - Vol targeting: rolling_vol=0.0571, scale=1.4018
2026-02-19 17:08:04,167 - INFO - PnL Net: -0.0045 | Scaled: -0.0063 | Turnover: 19.14% | Vol Scale: 1.40
2026-02-19 17:08:04,167 - INFO - 
============================================================
2026-02-19 17:08:04,167 - INFO - Running paper trading for 2025-12-08
2026-02-19 17:08:04,167 - INFO - ============================================================
2026-02-19 17:08:04,169 - WARNING - No negative predictions for shorts - skipping short positions
2026-02-19 17:08:04,169 - INFO - Portfolio construction: 38 longs, 0 shorts (from 38 candidates)
2026-02-19 17:08:04,169 - INFO - Vol targeting: rolling_vol=0.0570, scale=1.4030
2026-02-19 17:08:04,170 - INFO - PnL Net: -0.0005 | Scaled: -0.0008 | Turnover: 15.68% | Vol Scale: 1.40
2026-02-19 17:08:04,170 - INFO - 
============================================================
2026-02-19 17:08:04,170 - INFO - Running paper trading for 2025-12-09
2026-02-19 17:08:04,170 - INFO - ============================================================
2026-02-19 17:08:04,171 - INFO - Portfolio construction: 38 longs, 2 shorts (from 38 candidates)
2026-02-19 17:08:04,171 - INFO - Vol targeting: rolling_vol=0.0607, scale=1.3183
2026-02-19 17:08:04,171 - INFO - PnL Net: 0.0068 | Scaled: 0.0089 | Turnover: 18.84% | Vol Scale: 1.32
2026-02-19 17:08:04,171 - INFO - 
============================================================
2026-02-19 17:08:04,171 - INFO - Running paper trading for 2025-12-10
2026-02-19 17:08:04,171 - INFO - ============================================================
2026-02-19 17:08:04,172 - WARNING - No negative predictions for shorts - skipping short positions
2026-02-19 17:08:04,172 - INFO - Portfolio construction: 38 longs, 0 shorts (from 38 candidates)
2026-02-19 17:08:04,173 - INFO - Vol targeting: rolling_vol=0.0675, scale=1.1847
2026-02-19 17:08:04,173 - INFO - PnL Net: 0.0096 | Scaled: 0.0114 | Turnover: 13.56% | Vol Scale: 1.18
2026-02-19 17:08:04,173 - INFO - 
============================================================
2026-02-19 17:08:04,173 - INFO - Running paper trading for 2025-12-11
2026-02-19 17:08:04,173 - INFO - ============================================================
2026-02-19 17:08:04,173 - INFO - Portfolio construction: 38 longs, 38 shorts (from 38 candidates)
2026-02-19 17:08:04,173 - INFO - Vol targeting: rolling_vol=0.0665, scale=1.2031
2026-02-19 17:08:04,175 - INFO - PnL Net: 0.0011 | Scaled: 0.0013 | Turnover: 17.58% | Vol Scale: 1.20
2026-02-19 17:08:04,175 - INFO - 
============================================================
2026-02-19 17:08:04,175 - INFO - Running paper trading for 2025-12-12
2026-02-19 17:08:04,175 - INFO - ============================================================
2026-02-19 17:08:04,176 - INFO - Portfolio construction: 38 longs, 38 shorts (from 38 candidates)
2026-02-19 17:08:04,176 - INFO - Vol targeting: rolling_vol=0.0646, scale=1.2379
2026-02-19 17:08:04,176 - INFO - PnL Net: 0.0020 | Scaled: 0.0025 | Turnover: 20.65% | Vol Scale: 1.24
2026-02-19 17:08:04,176 - INFO - 
============================================================
2026-02-19 17:08:04,176 - INFO - Running paper trading for 2025-12-15
2026-02-19 17:08:04,176 - INFO - ============================================================
2026-02-19 17:08:04,178 - INFO - Portfolio construction: 38 longs, 38 shorts (from 38 candidates)
2026-02-19 17:08:04,178 - INFO - Vol targeting: rolling_vol=0.0592, scale=1.3522
2026-02-19 17:08:04,178 - INFO - PnL Net: -0.0030 | Scaled: -0.0041 | Turnover: 19.78% | Vol Scale: 1.35
2026-02-19 17:08:04,178 - INFO - 
============================================================
2026-02-19 17:08:04,179 - INFO - Running paper trading for 2025-12-16
2026-02-19 17:08:04,179 - INFO - ============================================================
2026-02-19 17:08:04,181 - INFO - Portfolio construction: 38 longs, 38 shorts (from 38 candidates)
2026-02-19 17:08:04,181 - INFO - Vol targeting: rolling_vol=0.0591, scale=1.3527
2026-02-19 17:08:04,181 - INFO - PnL Net: -0.0011 | Scaled: -0.0014 | Turnover: 18.63% | Vol Scale: 1.35
2026-02-19 17:08:04,181 - INFO - 
============================================================
2026-02-19 17:08:04,181 - INFO - Running paper trading for 2025-12-17
2026-02-19 17:08:04,182 - INFO - ============================================================
2026-02-19 17:08:04,183 - INFO - Portfolio construction: 38 longs, 38 shorts (from 38 candidates)
2026-02-19 17:08:04,183 - INFO - Vol targeting: rolling_vol=0.0590, scale=1.3570
2026-02-19 17:08:04,184 - INFO - PnL Net: 0.0005 | Scaled: 0.0007 | Turnover: 18.11% | Vol Scale: 1.36
2026-02-19 17:08:04,184 - INFO - 
============================================================
2026-02-19 17:08:04,184 - INFO - Running paper trading for 2025-12-18
2026-02-19 17:08:04,184 - INFO - ============================================================
2026-02-19 17:08:04,185 - INFO - Portfolio construction: 38 longs, 38 shorts (from 38 candidates)
2026-02-19 17:08:04,185 - INFO - Vol targeting: rolling_vol=0.0538, scale=1.4865
2026-02-19 17:08:04,185 - INFO - PnL Net: 0.0014 | Scaled: 0.0021 | Turnover: 15.89% | Vol Scale: 1.49
2026-02-19 17:08:04,185 - INFO - 
============================================================
2026-02-19 17:08:04,186 - INFO - Running paper trading for 2025-12-19
2026-02-19 17:08:04,186 - INFO - ============================================================
2026-02-19 17:08:04,187 - INFO - Portfolio construction: 38 longs, 38 shorts (from 38 candidates)
2026-02-19 17:08:04,187 - INFO - Vol targeting: rolling_vol=0.0508, scale=1.5738
2026-02-19 17:08:04,187 - INFO - PnL Net: 0.0029 | Scaled: 0.0046 | Turnover: 15.26% | Vol Scale: 1.57
2026-02-19 17:08:04,187 - INFO - 
============================================================
2026-02-19 17:08:04,187 - INFO - Running paper trading for 2025-12-22
2026-02-19 17:08:04,187 - INFO - ============================================================
2026-02-19 17:08:04,188 - INFO - Portfolio construction: 38 longs, 38 shorts (from 38 candidates)
2026-02-19 17:08:04,188 - INFO - Vol targeting: rolling_vol=0.0516, scale=1.5517
2026-02-19 17:08:04,188 - INFO - PnL Net: -0.0009 | Scaled: -0.0014 | Turnover: 16.20% | Vol Scale: 1.55
2026-02-19 17:08:04,188 - INFO - 
============================================================
2026-02-19 17:08:04,188 - INFO - Running paper trading for 2025-12-23
2026-02-19 17:08:04,188 - INFO - ============================================================
2026-02-19 17:08:04,189 - INFO - Portfolio construction: 38 longs, 38 shorts (from 38 candidates)
2026-02-19 17:08:04,189 - INFO - Vol targeting: rolling_vol=0.0507, scale=1.5785
2026-02-19 17:08:04,189 - INFO - PnL Net: 0.0014 | Scaled: 0.0022 | Turnover: 18.49% | Vol Scale: 1.58
2026-02-19 17:08:04,189 - INFO - 
============================================================
2026-02-19 17:08:04,189 - INFO - Running paper trading for 2025-12-24
2026-02-19 17:08:04,189 - INFO - ============================================================
2026-02-19 17:08:04,191 - INFO - Portfolio construction: 38 longs, 38 shorts (from 38 candidates)
2026-02-19 17:08:04,191 - INFO - Vol targeting: rolling_vol=0.0504, scale=1.5889
2026-02-19 17:08:04,191 - INFO - PnL Net: 0.0005 | Scaled: 0.0008 | Turnover: 17.12% | Vol Scale: 1.59
2026-02-19 17:08:04,191 - INFO - 
============================================================
2026-02-19 17:08:04,191 - INFO - Running paper trading for 2025-12-26
2026-02-19 17:08:04,191 - INFO - ============================================================
2026-02-19 17:08:04,192 - INFO - Portfolio construction: 38 longs, 38 shorts (from 38 candidates)
2026-02-19 17:08:04,192 - INFO - Vol targeting: rolling_vol=0.0515, scale=1.5540
2026-02-19 17:08:04,192 - INFO - PnL Net: -0.0022 | Scaled: -0.0034 | Turnover: 16.78% | Vol Scale: 1.55
2026-02-19 17:08:04,192 - INFO - 
============================================================
2026-02-19 17:08:04,192 - INFO - Running paper trading for 2025-12-29
2026-02-19 17:08:04,192 - INFO - ============================================================
2026-02-19 17:08:04,192 - INFO - Portfolio construction: 38 longs, 38 shorts (from 38 candidates)
2026-02-19 17:08:04,192 - INFO - Vol targeting: rolling_vol=0.0514, scale=1.5572
2026-02-19 17:08:04,194 - INFO - PnL Net: -0.0006 | Scaled: -0.0009 | Turnover: 15.33% | Vol Scale: 1.56
2026-02-19 17:08:04,194 - INFO - 
============================================================
2026-02-19 17:08:04,194 - INFO - Running paper trading for 2026-02-06
2026-02-19 17:08:04,194 - INFO - ============================================================
2026-02-19 17:08:04,194 - INFO - Portfolio construction: 38 longs, 38 shorts (from 38 candidates)
2026-02-19 17:08:04,194 - INFO - Vol targeting: rolling_vol=0.0513, scale=1.5602
2026-02-19 17:08:04,194 - INFO - PnL Net: -0.0009 | Scaled: -0.0014 | Turnover: 21.13% | Vol Scale: 1.56
2026-02-19 17:08:04,194 - INFO - 
============================================================
2026-02-19 17:08:04,194 - INFO - Running paper trading for 2026-02-09
2026-02-19 17:08:04,194 - INFO - ============================================================
2026-02-19 17:08:04,196 - INFO - Portfolio construction: 38 longs, 38 shorts (from 38 candidates)
2026-02-19 17:08:04,196 - INFO - Vol targeting: rolling_vol=0.0485, scale=1.6506
2026-02-19 17:08:04,196 - INFO - PnL Net: -0.0001 | Scaled: -0.0001 | Turnover: 18.54% | Vol Scale: 1.65
2026-02-19 17:08:04,196 - INFO - 
============================================================
2026-02-19 17:08:04,196 - INFO - Running paper trading for 2026-02-10
2026-02-19 17:08:04,196 - INFO - ============================================================
2026-02-19 17:08:04,198 - INFO - Portfolio construction: 38 longs, 38 shorts (from 38 candidates)
2026-02-19 17:08:04,198 - INFO - Vol targeting: rolling_vol=0.0499, scale=1.6041
2026-02-19 17:08:04,198 - INFO - PnL Net: -0.0028 | Scaled: -0.0046 | Turnover: 16.32% | Vol Scale: 1.60
2026-02-19 17:08:04,198 - INFO - 
============================================================
2026-02-19 17:08:04,198 - INFO - Running paper trading for 2026-02-11
2026-02-19 17:08:04,198 - INFO - ============================================================
2026-02-19 17:08:04,199 - INFO - Portfolio construction: 38 longs, 38 shorts (from 38 candidates)
2026-02-19 17:08:04,199 - INFO - Vol targeting: rolling_vol=0.0607, scale=1.3188
2026-02-19 17:08:04,199 - INFO - PnL Net: -0.0095 | Scaled: -0.0125 | Turnover: 14.16% | Vol Scale: 1.32
2026-02-19 17:08:04,199 - INFO - 
============================================================
2026-02-19 17:08:04,199 - INFO - Running paper trading for 2026-02-12
2026-02-19 17:08:04,199 - INFO - ============================================================
2026-02-19 17:08:04,200 - INFO - Portfolio construction: 38 longs, 38 shorts (from 38 candidates)
2026-02-19 17:08:04,200 - INFO - Vol targeting: rolling_vol=0.0586, scale=1.3654
2026-02-19 17:08:04,200 - INFO - PnL Net: 0.0017 | Scaled: 0.0023 | Turnover: 12.15% | Vol Scale: 1.37
2026-02-19 17:08:04,200 - INFO - 
============================================================
2026-02-19 17:08:04,200 - INFO - Running paper trading for 2026-02-13
2026-02-19 17:08:04,200 - INFO - ============================================================
2026-02-19 17:08:04,200 - INFO - Portfolio construction: 38 longs, 38 shorts (from 38 candidates)
2026-02-19 17:08:04,200 - INFO - Vol targeting: rolling_vol=0.0585, scale=1.3673
2026-02-19 17:08:04,202 - INFO - PnL Net: 0.0003 | Scaled: 0.0004 | Turnover: 11.94% | Vol Scale: 1.37
2026-02-19 17:08:04,202 - INFO - 
============================================================
2026-02-19 17:08:04,202 - INFO - Running paper trading for 2026-02-17
2026-02-19 17:08:04,202 - INFO - ============================================================
2026-02-19 17:08:04,202 - INFO - Portfolio construction: 38 longs, 38 shorts (from 38 candidates)
2026-02-19 17:08:04,202 - INFO - Vol targeting: rolling_vol=0.0546, scale=1.4648
2026-02-19 17:08:04,202 - INFO - PnL Net: 0.0030 | Scaled: 0.0043 | Turnover: 10.47% | Vol Scale: 1.46
2026-02-19 17:08:04,202 - INFO - 
============================================================
2026-02-19 17:08:04,202 - INFO - Running paper trading for 2026-02-18
2026-02-19 17:08:04,202 - INFO - ============================================================
2026-02-19 17:08:04,204 - INFO - Portfolio construction: 38 longs, 38 shorts (from 38 candidates)
2026-02-19 17:08:04,204 - INFO - Vol targeting: rolling_vol=nan, scale=nan
2026-02-19 17:08:04,204 - INFO - PnL Net: nan | Scaled: nan | Turnover: 8.78% | Vol Scale: nan
2026-02-19 17:08:04,208 - INFO - Saved daily results to C:\Users\luixj\AI\stock-data\data\processed\phase4\phase4_paper_trading_daily.parquet
2026-02-19 17:08:04,208 - INFO - Saved summary to C:\Users\luixj\AI\stock-data\data\processed\phase4\phase4_paper_trading_summary.json
2026-02-19 17:08:04,208 - INFO - 
============================================================
2026-02-19 17:08:04,208 - INFO - PAPER TRADING SUMMARY
2026-02-19 17:08:04,208 - INFO - ============================================================
2026-02-19 17:08:04,208 - INFO - Trading Days: 196
2026-02-19 17:08:04,208 - INFO - 
RAW PERFORMANCE (no vol targeting):
2026-02-19 17:08:04,208 - INFO -   Sharpe Ratio: 0.00
2026-02-19 17:08:04,208 - INFO -   Annual Return: nan%
2026-02-19 17:08:04,208 - INFO -   Volatility: nan%
2026-02-19 17:08:04,208 - INFO - 
VOL-TARGETED PERFORMANCE:
2026-02-19 17:08:04,208 - INFO -   Sharpe Ratio: 0.00
2026-02-19 17:08:04,208 - INFO -   Annual Return: nan%
2026-02-19 17:08:04,208 - INFO -   Volatility: nan%
2026-02-19 17:08:04,208 - INFO - 
RISK METRICS:
2026-02-19 17:08:04,210 - INFO -   Max Drawdown: nan%
2026-02-19 17:08:04,210 - INFO -   Long Sharpe: 0.62
2026-02-19 17:08:04,210 - INFO -   Short Sharpe: 0.53
2026-02-19 17:08:04,210 - INFO - 
EXECUTION:
2026-02-19 17:08:04,210 - INFO -   Avg Turnover: 17.98%
2026-02-19 17:08:04,210 - INFO -   Avg Cost: 0.4 bps
2026-02-19 17:08:04,210 - INFO - 
KILL SWITCHES:
2026-02-19 17:08:04,210 - INFO -   Events: 15 (7.7% of days)
2026-02-19 17:08:04,210 - INFO - ============================================================
2026-02-19 17:08:04,210 - INFO - Simulation complete: 196 days | Sharpe(scaled)=0.00 | MaxDD=nan%
2026-02-19 17:08:04,210 - INFO - Skipping Qdrant sync (--skip-qdrant).
2026-02-19 17:08:04,210 - INFO - Progress updated: 196 days | last: 2026-02-18
2026-02-19 17:08:04,210 - INFO - ============================================================
2026-02-19 17:08:04,210 - INFO - DONE — 2026 paper trading complete
2026-02-19 17:08:04,210 - INFO -   2026 predictions : C:\Users\luixj\AI\stock-data\data\processed\phase4\predictions_2026.parquet
2026-02-19 17:08:04,210 - INFO -   Combined preds   : C:\Users\luixj\AI\stock-data\data\processed\phase4\predictions_combined.parquet
2026-02-19 17:08:04,212 - INFO -   Daily results    : C:\Users\luixj\AI\stock-data\data\processed\phase4\phase4_paper_trading_daily.parquet
2026-02-19 17:08:04,212 - INFO -   Summary          : C:\Users\luixj\AI\stock-data\data\processed\phase4\phase4_paper_trading_summary.json
2026-02-19 17:08:04,212 - INFO - ============================================================
2026-02-19 17:09:03,331 - INFO - ============================================================
2026-02-19 17:09:03,331 - INFO - 2026 PAPER TRADING — LIVE DATA
2026-02-19 17:09:03,331 - INFO -   2026 sim range : 2026-02-06 -> 2026-02-18
2026-02-19 17:09:03,331 - INFO -   Full range     : 2025-04-01 -> 2026-02-18
2026-02-19 17:09:03,331 - INFO -   YF download    : 2025-09-01 -> 2026-02-20
2026-02-19 17:09:03,331 - INFO -   Device         : cpu
2026-02-19 17:09:03,331 - INFO - ============================================================
2026-02-19 17:09:03,331 - INFO - Loading existing 2026 predictions from C:\Users\luixj\AI\stock-data\data\processed\phase4\predictions_2026.parquet
2026-02-19 17:09:03,354 - INFO - ============================================================
2026-02-19 17:09:03,354 - INFO - STEP 5: Combining 2025 + 2026 predictions and simulating
2026-02-19 17:09:03,354 - INFO - ============================================================
2026-02-19 17:09:03,521 - INFO - Combined: 37044 rows | 196 dates | 189 tickers
2026-02-19 17:09:03,524 - INFO -   Date range: 2025-04-01 -> 2026-02-18
2026-02-19 17:09:03,524 - INFO -   Saved to: C:\Users\luixj\AI\stock-data\data\processed\phase4\predictions_combined.parquet
2026-02-19 17:09:03,524 - INFO - Running simulation 2025-04-01 -> 2026-02-18 ...
2026-02-19 17:09:03,524 - INFO - Loading predictions from C:\Users\luixj\AI\stock-data\data\processed\phase4\predictions_combined.parquet
2026-02-19 17:09:03,539 - INFO - Running paper trading simulation for 196 days
2026-02-19 17:09:03,540 - INFO - Date range: 2025-04-01 to 2026-02-18
2026-02-19 17:09:03,540 - INFO - 
============================================================
2026-02-19 17:09:03,540 - INFO - Running paper trading for 2025-04-01
2026-02-19 17:09:03,540 - INFO - ============================================================
2026-02-19 17:09:03,541 - INFO - Portfolio construction: 38 longs, 15 shorts (from 38 candidates)
2026-02-19 17:09:03,541 - INFO - PnL Net: 0.0027 | Scaled: 0.0027 | Turnover: 100.00% | Vol Scale: 1.00
2026-02-19 17:09:03,541 - INFO - 
============================================================
2026-02-19 17:09:03,541 - INFO - Running paper trading for 2025-04-02
2026-02-19 17:09:03,541 - INFO - ============================================================
2026-02-19 17:09:03,542 - INFO - Portfolio construction: 38 longs, 38 shorts (from 38 candidates)
2026-02-19 17:09:03,542 - INFO - PnL Net: -0.0234 | Scaled: -0.0234 | Turnover: 16.46% | Vol Scale: 1.00
2026-02-19 17:09:03,542 - INFO - 
============================================================
2026-02-19 17:09:03,542 - INFO - Running paper trading for 2025-04-03
2026-02-19 17:09:03,542 - INFO - ============================================================
2026-02-19 17:09:03,543 - INFO - Portfolio construction: 38 longs, 38 shorts (from 38 candidates)
2026-02-19 17:09:03,543 - INFO - PnL Net: -0.0208 | Scaled: -0.0208 | Turnover: 20.14% | Vol Scale: 1.00
2026-02-19 17:09:03,543 - INFO - 
============================================================
2026-02-19 17:09:03,545 - INFO - Running paper trading for 2025-04-04
2026-02-19 17:09:03,545 - INFO - ============================================================
2026-02-19 17:09:03,546 - INFO - Portfolio construction: 38 longs, 38 shorts (from 38 candidates)
2026-02-19 17:09:03,546 - INFO - PnL Net: -0.0002 | Scaled: -0.0002 | Turnover: 27.43% | Vol Scale: 1.00
2026-02-19 17:09:03,546 - INFO - 
============================================================
2026-02-19 17:09:03,546 - INFO - Running paper trading for 2025-04-07
2026-02-19 17:09:03,546 - INFO - ============================================================
2026-02-19 17:09:03,547 - INFO - Portfolio construction: 38 longs, 38 shorts (from 38 candidates)
2026-02-19 17:09:03,547 - INFO - PnL Net: -0.0028 | Scaled: -0.0028 | Turnover: 21.14% | Vol Scale: 1.00
2026-02-19 17:09:03,547 - INFO - 
============================================================
2026-02-19 17:09:03,547 - INFO - Running paper trading for 2025-04-08
2026-02-19 17:09:03,547 - INFO - ============================================================
2026-02-19 17:09:03,548 - INFO - Portfolio construction: 38 longs, 38 shorts (from 38 candidates)
2026-02-19 17:09:03,549 - INFO - PnL Net: 0.0243 | Scaled: 0.0243 | Turnover: 21.60% | Vol Scale: 1.00
2026-02-19 17:09:03,549 - INFO - 
============================================================
2026-02-19 17:09:03,549 - INFO - Running paper trading for 2025-04-09
2026-02-19 17:09:03,549 - INFO - ============================================================
2026-02-19 17:09:03,551 - INFO - Portfolio construction: 38 longs, 1 shorts (from 38 candidates)
2026-02-19 17:09:03,551 - INFO - PnL Net: -0.0107 | Scaled: -0.0107 | Turnover: 20.86% | Vol Scale: 1.00
2026-02-19 17:09:03,551 - INFO - 
============================================================
2026-02-19 17:09:03,551 - INFO - Running paper trading for 2025-04-10
2026-02-19 17:09:03,552 - INFO - ============================================================
2026-02-19 17:09:03,553 - INFO - Portfolio construction: 38 longs, 38 shorts (from 38 candidates)
2026-02-19 17:09:03,553 - INFO - PnL Net: 0.0049 | Scaled: 0.0049 | Turnover: 22.53% | Vol Scale: 1.00
2026-02-19 17:09:03,553 - INFO - 
============================================================
2026-02-19 17:09:03,553 - INFO - Running paper trading for 2025-04-11
2026-02-19 17:09:03,553 - INFO - ============================================================
2026-02-19 17:09:03,554 - INFO - Portfolio construction: 38 longs, 1 shorts (from 38 candidates)
2026-02-19 17:09:03,554 - INFO - PnL Net: 0.0038 | Scaled: 0.0038 | Turnover: 20.79% | Vol Scale: 1.00
2026-02-19 17:09:03,554 - INFO - 
============================================================
2026-02-19 17:09:03,554 - INFO - Running paper trading for 2025-04-14
2026-02-19 17:09:03,555 - INFO - ============================================================
2026-02-19 17:09:03,556 - INFO - Portfolio construction: 38 longs, 38 shorts (from 38 candidates)
2026-02-19 17:09:03,557 - INFO - Vol targeting: rolling_vol=0.2061, scale=0.5000
2026-02-19 17:09:03,557 - INFO - PnL Net: -0.0018 | Scaled: -0.0009 | Turnover: 21.69% | Vol Scale: 0.50
2026-02-19 17:09:03,557 - INFO - 
============================================================
2026-02-19 17:09:03,557 - INFO - Running paper trading for 2025-04-15
2026-02-19 17:09:03,557 - INFO - ============================================================
2026-02-19 17:09:03,558 - INFO - Portfolio construction: 38 longs, 38 shorts (from 38 candidates)
2026-02-19 17:09:03,558 - INFO - Vol targeting: rolling_vol=0.1968, scale=0.5000
2026-02-19 17:09:03,558 - INFO - PnL Net: -0.0047 | Scaled: -0.0023 | Turnover: 21.09% | Vol Scale: 0.50
2026-02-19 17:09:03,558 - INFO - 
============================================================
2026-02-19 17:09:03,558 - INFO - Running paper trading for 2025-04-16
2026-02-19 17:09:03,558 - INFO - ============================================================
2026-02-19 17:09:03,560 - INFO - Portfolio construction: 38 longs, 38 shorts (from 38 candidates)
2026-02-19 17:09:03,560 - INFO - Vol targeting: rolling_vol=0.1890, scale=0.5000
2026-02-19 17:09:03,560 - INFO - PnL Net: 0.0008 | Scaled: 0.0004 | Turnover: 21.09% | Vol Scale: 0.50
2026-02-19 17:09:03,560 - INFO - 
============================================================
2026-02-19 17:09:03,560 - INFO - Running paper trading for 2025-04-17
2026-02-19 17:09:03,560 - INFO - ============================================================
2026-02-19 17:09:03,561 - INFO - Portfolio construction: 38 longs, 38 shorts (from 38 candidates)
2026-02-19 17:09:03,562 - INFO - Vol targeting: rolling_vol=0.1826, scale=0.5000
2026-02-19 17:09:03,562 - INFO - PnL Net: -0.0068 | Scaled: -0.0034 | Turnover: 18.47% | Vol Scale: 0.50
2026-02-19 17:09:03,562 - INFO - 
============================================================
2026-02-19 17:09:03,562 - INFO - Running paper trading for 2025-04-21
2026-02-19 17:09:03,562 - INFO - ============================================================
2026-02-19 17:09:03,563 - INFO - Portfolio construction: 38 longs, 6 shorts (from 38 candidates)
2026-02-19 17:09:03,563 - INFO - Vol targeting: rolling_vol=0.1822, scale=0.5000
2026-02-19 17:09:03,563 - INFO - PnL Net: 0.0089 | Scaled: 0.0045 | Turnover: 17.46% | Vol Scale: 0.50
2026-02-19 17:09:03,563 - INFO - 
============================================================
2026-02-19 17:09:03,563 - INFO - Running paper trading for 2025-04-22
2026-02-19 17:09:03,564 - INFO - ============================================================
2026-02-19 17:09:03,565 - INFO - Portfolio construction: 38 longs, 38 shorts (from 38 candidates)
2026-02-19 17:09:03,565 - INFO - Vol targeting: rolling_vol=0.1783, scale=0.5000
2026-02-19 17:09:03,565 - INFO - PnL Net: 0.0053 | Scaled: 0.0027 | Turnover: 18.72% | Vol Scale: 0.50
2026-02-19 17:09:03,565 - INFO - 
============================================================
2026-02-19 17:09:03,565 - INFO - Running paper trading for 2025-04-23
2026-02-19 17:09:03,565 - INFO - ============================================================
2026-02-19 17:09:03,566 - INFO - Portfolio construction: 38 longs, 5 shorts (from 38 candidates)
2026-02-19 17:09:03,567 - INFO - Vol targeting: rolling_vol=0.1782, scale=0.5000
2026-02-19 17:09:03,567 - INFO - PnL Net: 0.0102 | Scaled: 0.0051 | Turnover: 20.73% | Vol Scale: 0.50
2026-02-19 17:09:03,567 - INFO - 
============================================================
2026-02-19 17:09:03,567 - INFO - Running paper trading for 2025-04-24
2026-02-19 17:09:03,567 - INFO - ============================================================
2026-02-19 17:09:03,568 - INFO - Portfolio construction: 38 longs, 38 shorts (from 38 candidates)
2026-02-19 17:09:03,568 - INFO - Vol targeting: rolling_vol=0.1730, scale=0.5000
2026-02-19 17:09:03,568 - INFO - PnL Net: 0.0011 | Scaled: 0.0006 | Turnover: 18.37% | Vol Scale: 0.50
2026-02-19 17:09:03,568 - INFO - 
============================================================
2026-02-19 17:09:03,568 - INFO - Running paper trading for 2025-04-25
2026-02-19 17:09:03,568 - INFO - ============================================================
2026-02-19 17:09:03,569 - INFO - Portfolio construction: 38 longs, 38 shorts (from 38 candidates)
2026-02-19 17:09:03,570 - INFO - Vol targeting: rolling_vol=0.1682, scale=0.5000
2026-02-19 17:09:03,570 - INFO - PnL Net: 0.0007 | Scaled: 0.0004 | Turnover: 23.46% | Vol Scale: 0.50
2026-02-19 17:09:03,570 - INFO - 
============================================================
2026-02-19 17:09:03,570 - INFO - Running paper trading for 2025-04-28
2026-02-19 17:09:03,570 - INFO - ============================================================
2026-02-19 17:09:03,571 - INFO - Portfolio construction: 38 longs, 38 shorts (from 38 candidates)
2026-02-19 17:09:03,571 - INFO - Vol targeting: rolling_vol=0.1639, scale=0.5000
2026-02-19 17:09:03,571 - INFO - PnL Net: 0.0018 | Scaled: 0.0009 | Turnover: 19.52% | Vol Scale: 0.50
2026-02-19 17:09:03,571 - INFO - 
============================================================
2026-02-19 17:09:03,571 - INFO - Running paper trading for 2025-04-29
2026-02-19 17:09:03,571 - INFO - ============================================================
2026-02-19 17:09:03,573 - INFO - Portfolio construction: 38 longs, 30 shorts (from 38 candidates)
2026-02-19 17:09:03,573 - INFO - Vol targeting: rolling_vol=0.1599, scale=0.5004
2026-02-19 17:09:03,574 - INFO - PnL Net: 0.0011 | Scaled: 0.0005 | Turnover: 16.79% | Vol Scale: 0.50
2026-02-19 17:09:03,574 - INFO - 
============================================================
2026-02-19 17:09:03,574 - INFO - Running paper trading for 2025-04-30
2026-02-19 17:09:03,574 - INFO - ============================================================
2026-02-19 17:09:03,575 - INFO - Portfolio construction: 38 longs, 38 shorts (from 38 candidates)
2026-02-19 17:09:03,576 - INFO - Vol targeting: rolling_vol=0.1596, scale=0.5012
2026-02-19 17:09:03,576 - INFO - PnL Net: 0.0014 | Scaled: 0.0007 | Turnover: 20.09% | Vol Scale: 0.50
2026-02-19 17:09:03,576 - INFO - 
============================================================
2026-02-19 17:09:03,576 - INFO - Running paper trading for 2025-05-01
2026-02-19 17:09:03,576 - INFO - ============================================================
2026-02-19 17:09:03,577 - INFO - Portfolio construction: 38 longs, 38 shorts (from 38 candidates)
2026-02-19 17:09:03,577 - INFO - Vol targeting: rolling_vol=0.1370, scale=0.5840
2026-02-19 17:09:03,577 - INFO - PnL Net: 0.0062 | Scaled: 0.0036 | Turnover: 17.98% | Vol Scale: 0.58
2026-02-19 17:09:03,577 - INFO - 
============================================================
2026-02-19 17:09:03,577 - INFO - Running paper trading for 2025-05-02
2026-02-19 17:09:03,577 - INFO - ============================================================
2026-02-19 17:09:03,579 - INFO - Portfolio construction: 38 longs, 13 shorts (from 38 candidates)
2026-02-19 17:09:03,579 - INFO - Vol targeting: rolling_vol=0.1119, scale=0.7149
2026-02-19 17:09:03,579 - INFO - PnL Net: -0.0011 | Scaled: -0.0008 | Turnover: 17.52% | Vol Scale: 0.71
2026-02-19 17:09:03,579 - INFO - 
============================================================
2026-02-19 17:09:03,579 - INFO - Running paper trading for 2025-05-05
2026-02-19 17:09:03,579 - INFO - ============================================================
2026-02-19 17:09:03,581 - INFO - Portfolio construction: 38 longs, 2 shorts (from 38 candidates)
2026-02-19 17:09:03,581 - INFO - Vol targeting: rolling_vol=0.1128, scale=0.7091
2026-02-19 17:09:03,581 - INFO - PnL Net: -0.0026 | Scaled: -0.0018 | Turnover: 19.38% | Vol Scale: 0.71
2026-02-19 17:09:03,581 - INFO - 
============================================================
2026-02-19 17:09:03,581 - INFO - Running paper trading for 2025-05-06
2026-02-19 17:09:03,581 - INFO - ============================================================
2026-02-19 17:09:03,582 - INFO - Portfolio construction: 38 longs, 33 shorts (from 38 candidates)
2026-02-19 17:09:03,583 - INFO - Vol targeting: rolling_vol=0.1115, scale=0.7177
2026-02-19 17:09:03,583 - INFO - PnL Net: 0.0026 | Scaled: 0.0019 | Turnover: 19.06% | Vol Scale: 0.72
2026-02-19 17:09:03,583 - INFO - 
============================================================
2026-02-19 17:09:03,583 - INFO - Running paper trading for 2025-05-07
2026-02-19 17:09:03,583 - INFO - ============================================================
2026-02-19 17:09:03,584 - INFO - Portfolio construction: 38 longs, 9 shorts (from 38 candidates)
2026-02-19 17:09:03,584 - INFO - Vol targeting: rolling_vol=0.0781, scale=1.0243
2026-02-19 17:09:03,584 - INFO - PnL Net: 0.0043 | Scaled: 0.0045 | Turnover: 18.97% | Vol Scale: 1.02
2026-02-19 17:09:03,584 - INFO - 
============================================================
2026-02-19 17:09:03,584 - INFO - Running paper trading for 2025-05-08
2026-02-19 17:09:03,584 - INFO - ============================================================
2026-02-19 17:09:03,585 - INFO - Portfolio construction: 38 longs, 10 shorts (from 38 candidates)
2026-02-19 17:09:03,586 - INFO - Vol targeting: rolling_vol=0.0656, scale=1.2200
2026-02-19 17:09:03,586 - INFO - PnL Net: -0.0009 | Scaled: -0.0012 | Turnover: 19.75% | Vol Scale: 1.22
2026-02-19 17:09:03,586 - INFO - 
============================================================
2026-02-19 17:09:03,586 - INFO - Running paper trading for 2025-05-09
2026-02-19 17:09:03,586 - INFO - ============================================================
2026-02-19 17:09:03,587 - INFO - Portfolio construction: 38 longs, 37 shorts (from 38 candidates)
2026-02-19 17:09:03,588 - INFO - Vol targeting: rolling_vol=0.0785, scale=1.0196
2026-02-19 17:09:03,588 - INFO - PnL Net: 0.0145 | Scaled: 0.0148 | Turnover: 18.03% | Vol Scale: 1.02
2026-02-19 17:09:03,588 - INFO - 
============================================================
2026-02-19 17:09:03,588 - INFO - Running paper trading for 2025-05-12
2026-02-19 17:09:03,588 - INFO - ============================================================
2026-02-19 17:09:03,589 - INFO - Portfolio construction: 38 longs, 38 shorts (from 38 candidates)
2026-02-19 17:09:03,589 - INFO - Vol targeting: rolling_vol=0.0804, scale=0.9956
2026-02-19 17:09:03,589 - INFO - PnL Net: 0.0074 | Scaled: 0.0074 | Turnover: 18.12% | Vol Scale: 1.00
2026-02-19 17:09:03,589 - INFO - 
============================================================
2026-02-19 17:09:03,589 - INFO - Running paper trading for 2025-05-13
2026-02-19 17:09:03,589 - INFO - ============================================================
2026-02-19 17:09:03,591 - INFO - Portfolio construction: 38 longs, 38 shorts (from 38 candidates)
2026-02-19 17:09:03,591 - INFO - Vol targeting: rolling_vol=0.0797, scale=1.0044
2026-02-19 17:09:03,592 - INFO - PnL Net: -0.0006 | Scaled: -0.0006 | Turnover: 21.90% | Vol Scale: 1.00
2026-02-19 17:09:03,592 - INFO - 
============================================================
2026-02-19 17:09:03,592 - INFO - Running paper trading for 2025-05-14
2026-02-19 17:09:03,592 - INFO - ============================================================
2026-02-19 17:09:03,593 - INFO - Portfolio construction: 38 longs, 38 shorts (from 38 candidates)
2026-02-19 17:09:03,594 - INFO - Vol targeting: rolling_vol=0.0757, scale=1.0562
2026-02-19 17:09:03,594 - INFO - PnL Net: 0.0052 | Scaled: 0.0055 | Turnover: 20.59% | Vol Scale: 1.06
2026-02-19 17:09:03,594 - INFO - 
============================================================
2026-02-19 17:09:03,594 - INFO - Running paper trading for 2025-05-15
2026-02-19 17:09:03,594 - INFO - ============================================================
2026-02-19 17:09:03,595 - INFO - Portfolio construction: 38 longs, 38 shorts (from 38 candidates)
2026-02-19 17:09:03,595 - INFO - Vol targeting: rolling_vol=0.0754, scale=1.0608
2026-02-19 17:09:03,595 - INFO - PnL Net: 0.0020 | Scaled: 0.0021 | Turnover: 19.63% | Vol Scale: 1.06
2026-02-19 17:09:03,595 - INFO - 
============================================================
2026-02-19 17:09:03,595 - INFO - Running paper trading for 2025-05-16
2026-02-19 17:09:03,595 - INFO - ============================================================
2026-02-19 17:09:03,596 - INFO - Portfolio construction: 38 longs, 38 shorts (from 38 candidates)
2026-02-19 17:09:03,596 - INFO - Vol targeting: rolling_vol=0.0684, scale=1.1703
2026-02-19 17:09:03,596 - INFO - PnL Net: -0.0013 | Scaled: -0.0015 | Turnover: 18.38% | Vol Scale: 1.17
2026-02-19 17:09:03,596 - INFO - 
============================================================
2026-02-19 17:09:03,596 - INFO - Running paper trading for 2025-05-19
2026-02-19 17:09:03,596 - INFO - ============================================================
2026-02-19 17:09:03,597 - INFO - Portfolio construction: 38 longs, 38 shorts (from 38 candidates)
2026-02-19 17:09:03,598 - INFO - Vol targeting: rolling_vol=0.0676, scale=1.1828
2026-02-19 17:09:03,598 - INFO - PnL Net: -0.0021 | Scaled: -0.0025 | Turnover: 16.36% | Vol Scale: 1.18
2026-02-19 17:09:03,598 - INFO - 
============================================================
2026-02-19 17:09:03,598 - INFO - Running paper trading for 2025-05-20
2026-02-19 17:09:03,598 - INFO - ============================================================
2026-02-19 17:09:03,599 - INFO - Portfolio construction: 38 longs, 38 shorts (from 38 candidates)
2026-02-19 17:09:03,600 - INFO - Vol targeting: rolling_vol=0.0748, scale=1.0691
2026-02-19 17:09:03,600 - INFO - PnL Net: -0.0070 | Scaled: -0.0075 | Turnover: 15.81% | Vol Scale: 1.07
2026-02-19 17:09:03,600 - INFO - 
============================================================
2026-02-19 17:09:03,600 - INFO - Running paper trading for 2025-05-21
2026-02-19 17:09:03,600 - INFO - ============================================================
2026-02-19 17:09:03,601 - INFO - Portfolio construction: 38 longs, 38 shorts (from 38 candidates)
2026-02-19 17:09:03,601 - INFO - Vol targeting: rolling_vol=0.0690, scale=1.1591
2026-02-19 17:09:03,601 - INFO - PnL Net: 0.0004 | Scaled: 0.0004 | Turnover: 19.34% | Vol Scale: 1.16
2026-02-19 17:09:03,602 - INFO - 
============================================================
2026-02-19 17:09:03,602 - INFO - Running paper trading for 2025-05-22
2026-02-19 17:09:03,602 - INFO - ============================================================
2026-02-19 17:09:03,602 - INFO - Portfolio construction: 38 longs, 32 shorts (from 38 candidates)
2026-02-19 17:09:03,602 - INFO - Vol targeting: rolling_vol=0.0706, scale=1.1324
2026-02-19 17:09:03,602 - INFO - PnL Net: -0.0027 | Scaled: -0.0031 | Turnover: 19.64% | Vol Scale: 1.13
2026-02-19 17:09:03,602 - INFO - 
============================================================
2026-02-19 17:09:03,602 - INFO - Running paper trading for 2025-05-23
2026-02-19 17:09:03,602 - INFO - ============================================================
2026-02-19 17:09:03,604 - INFO - Portfolio construction: 38 longs, 38 shorts (from 38 candidates)
2026-02-19 17:09:03,604 - INFO - Vol targeting: rolling_vol=0.0743, scale=1.0767
2026-02-19 17:09:03,604 - INFO - PnL Net: 0.0082 | Scaled: 0.0088 | Turnover: 19.52% | Vol Scale: 1.08
2026-02-19 17:09:03,604 - INFO - 
============================================================
2026-02-19 17:09:03,604 - INFO - Running paper trading for 2025-05-27
2026-02-19 17:09:03,604 - INFO - ============================================================
2026-02-19 17:09:03,606 - INFO - Portfolio construction: 38 longs, 38 shorts (from 38 candidates)
2026-02-19 17:09:03,606 - INFO - Vol targeting: rolling_vol=0.0756, scale=1.0588
2026-02-19 17:09:03,606 - INFO - PnL Net: -0.0021 | Scaled: -0.0022 | Turnover: 18.56% | Vol Scale: 1.06
2026-02-19 17:09:03,606 - INFO - 
============================================================
2026-02-19 17:09:03,606 - INFO - Running paper trading for 2025-05-28
2026-02-19 17:09:03,606 - INFO - ============================================================
2026-02-19 17:09:03,608 - INFO - Portfolio construction: 38 longs, 38 shorts (from 38 candidates)
2026-02-19 17:09:03,608 - INFO - Vol targeting: rolling_vol=0.0756, scale=1.0575
2026-02-19 17:09:03,609 - INFO - PnL Net: 0.0004 | Scaled: 0.0005 | Turnover: 16.29% | Vol Scale: 1.06
2026-02-19 17:09:03,609 - INFO - 
============================================================
2026-02-19 17:09:03,609 - INFO - Running paper trading for 2025-05-29
2026-02-19 17:09:03,609 - INFO - ============================================================
2026-02-19 17:09:03,610 - INFO - Portfolio construction: 38 longs, 38 shorts (from 38 candidates)
2026-02-19 17:09:03,610 - INFO - Vol targeting: rolling_vol=0.0762, scale=1.0504
2026-02-19 17:09:03,610 - INFO - PnL Net: -0.0009 | Scaled: -0.0010 | Turnover: 19.51% | Vol Scale: 1.05
2026-02-19 17:09:03,610 - INFO - 
============================================================
2026-02-19 17:09:03,610 - INFO - Running paper trading for 2025-05-30
2026-02-19 17:09:03,610 - INFO - ============================================================
2026-02-19 17:09:03,611 - INFO - Portfolio construction: 38 longs, 38 shorts (from 38 candidates)
2026-02-19 17:09:03,612 - INFO - Vol targeting: rolling_vol=0.0742, scale=1.0777
2026-02-19 17:09:03,612 - INFO - PnL Net: 0.0008 | Scaled: 0.0009 | Turnover: 21.02% | Vol Scale: 1.08
2026-02-19 17:09:03,612 - INFO - 
============================================================
2026-02-19 17:09:03,612 - INFO - Running paper trading for 2025-06-02
2026-02-19 17:09:03,612 - INFO - ============================================================
2026-02-19 17:09:03,613 - INFO - Portfolio construction: 38 longs, 38 shorts (from 38 candidates)
2026-02-19 17:09:03,613 - INFO - Vol targeting: rolling_vol=0.0737, scale=1.0849
2026-02-19 17:09:03,613 - INFO - PnL Net: 0.0011 | Scaled: 0.0012 | Turnover: 20.37% | Vol Scale: 1.08
2026-02-19 17:09:03,613 - INFO - 
============================================================
2026-02-19 17:09:03,613 - INFO - Running paper trading for 2025-06-03
2026-02-19 17:09:03,614 - INFO - ============================================================
2026-02-19 17:09:03,615 - INFO - Portfolio construction: 38 longs, 38 shorts (from 38 candidates)
2026-02-19 17:09:03,615 - INFO - Vol targeting: rolling_vol=0.0730, scale=1.0965
2026-02-19 17:09:03,615 - INFO - PnL Net: -0.0012 | Scaled: -0.0013 | Turnover: 18.45% | Vol Scale: 1.10
2026-02-19 17:09:03,615 - INFO - 
============================================================
2026-02-19 17:09:03,615 - INFO - Running paper trading for 2025-06-04
2026-02-19 17:09:03,615 - INFO - ============================================================
2026-02-19 17:09:03,617 - INFO - Portfolio construction: 38 longs, 38 shorts (from 38 candidates)
2026-02-19 17:09:03,617 - INFO - Vol targeting: rolling_vol=0.0730, scale=1.0962
2026-02-19 17:09:03,617 - INFO - PnL Net: -0.0000 | Scaled: -0.0000 | Turnover: 16.06% | Vol Scale: 1.10
2026-02-19 17:09:03,617 - INFO - 
============================================================
2026-02-19 17:09:03,617 - INFO - Running paper trading for 2025-06-05
2026-02-19 17:09:03,617 - INFO - ============================================================
2026-02-19 17:09:03,618 - INFO - Portfolio construction: 38 longs, 38 shorts (from 38 candidates)
2026-02-19 17:09:03,619 - INFO - Vol targeting: rolling_vol=0.0721, scale=1.1092
2026-02-19 17:09:03,619 - INFO - PnL Net: 0.0008 | Scaled: 0.0009 | Turnover: 17.46% | Vol Scale: 1.11
2026-02-19 17:09:03,619 - INFO - 
============================================================
2026-02-19 17:09:03,619 - INFO - Running paper trading for 2025-06-06
2026-02-19 17:09:03,619 - INFO - ============================================================
2026-02-19 17:09:03,621 - INFO - Portfolio construction: 38 longs, 38 shorts (from 38 candidates)
2026-02-19 17:09:03,621 - INFO - Vol targeting: rolling_vol=0.0728, scale=1.0986
2026-02-19 17:09:03,623 - INFO - PnL Net: -0.0024 | Scaled: -0.0026 | Turnover: 18.52% | Vol Scale: 1.10
2026-02-19 17:09:03,623 - INFO - 
============================================================
2026-02-19 17:09:03,623 - INFO - Running paper trading for 2025-06-09
2026-02-19 17:09:03,623 - INFO - ============================================================
2026-02-19 17:09:03,626 - INFO - Portfolio construction: 38 longs, 13 shorts (from 38 candidates)
2026-02-19 17:09:03,626 - INFO - Vol targeting: rolling_vol=0.0539, scale=1.4831
2026-02-19 17:09:03,626 - INFO - PnL Net: 0.0012 | Scaled: 0.0018 | Turnover: 20.04% | Vol Scale: 1.48
2026-02-19 17:09:03,626 - INFO - 
============================================================
2026-02-19 17:09:03,626 - INFO - Running paper trading for 2025-06-10
2026-02-19 17:09:03,627 - INFO - ============================================================
2026-02-19 17:09:03,629 - INFO - Portfolio construction: 38 longs, 6 shorts (from 38 candidates)
2026-02-19 17:09:03,629 - INFO - Vol targeting: rolling_vol=0.0476, scale=1.6799
2026-02-19 17:09:03,629 - INFO - PnL Net: -0.0013 | Scaled: -0.0021 | Turnover: 17.79% | Vol Scale: 1.68
2026-02-19 17:09:03,629 - INFO - 
============================================================
2026-02-19 17:09:03,630 - INFO - Running paper trading for 2025-06-11
2026-02-19 17:09:03,630 - INFO - ============================================================
2026-02-19 17:09:03,631 - INFO - Portfolio construction: 38 longs, 16 shorts (from 38 candidates)
2026-02-19 17:09:03,633 - INFO - Vol targeting: rolling_vol=0.0477, scale=1.6785
2026-02-19 17:09:03,633 - INFO - PnL Net: 0.0007 | Scaled: 0.0012 | Turnover: 18.77% | Vol Scale: 1.68
2026-02-19 17:09:03,633 - INFO - 
============================================================
2026-02-19 17:09:03,633 - INFO - Running paper trading for 2025-06-12
2026-02-19 17:09:03,633 - INFO - ============================================================
2026-02-19 17:09:03,635 - INFO - Portfolio construction: 38 longs, 38 shorts (from 38 candidates)
2026-02-19 17:09:03,635 - INFO - Vol targeting: rolling_vol=0.0449, scale=1.7832
2026-02-19 17:09:03,635 - INFO - PnL Net: -0.0033 | Scaled: -0.0058 | Turnover: 21.75% | Vol Scale: 1.78
2026-02-19 17:09:03,635 - INFO - 
============================================================
2026-02-19 17:09:03,635 - INFO - Running paper trading for 2025-06-13
2026-02-19 17:09:03,635 - INFO - ============================================================
2026-02-19 17:09:03,635 - INFO - Portfolio construction: 38 longs, 38 shorts (from 38 candidates)
2026-02-19 17:09:03,637 - INFO - Vol targeting: rolling_vol=0.0444, scale=1.8031
2026-02-19 17:09:03,637 - INFO - PnL Net: 0.0011 | Scaled: 0.0020 | Turnover: 18.70% | Vol Scale: 1.80
2026-02-19 17:09:03,637 - INFO - 
============================================================
2026-02-19 17:09:03,637 - INFO - Running paper trading for 2025-06-16
2026-02-19 17:09:03,637 - INFO - ============================================================
2026-02-19 17:09:03,640 - INFO - Portfolio construction: 38 longs, 38 shorts (from 38 candidates)
2026-02-19 17:09:03,640 - INFO - Vol targeting: rolling_vol=0.0455, scale=1.7575
2026-02-19 17:09:03,640 - INFO - PnL Net: -0.0035 | Scaled: -0.0061 | Turnover: 16.38% | Vol Scale: 1.76
2026-02-19 17:09:03,640 - INFO - 
============================================================
2026-02-19 17:09:03,640 - INFO - Running paper trading for 2025-06-17
2026-02-19 17:09:03,640 - INFO - ============================================================
2026-02-19 17:09:03,642 - INFO - Portfolio construction: 38 longs, 38 shorts (from 38 candidates)
2026-02-19 17:09:03,642 - INFO - Vol targeting: rolling_vol=0.0452, scale=1.7708
2026-02-19 17:09:03,642 - INFO - PnL Net: -0.0005 | Scaled: -0.0009 | Turnover: 17.30% | Vol Scale: 1.77
2026-02-19 17:09:03,643 - INFO - 
============================================================
2026-02-19 17:09:03,643 - INFO - Running paper trading for 2025-06-18
2026-02-19 17:09:03,643 - INFO - ============================================================
2026-02-19 17:09:03,644 - INFO - Portfolio construction: 38 longs, 38 shorts (from 38 candidates)
2026-02-19 17:09:03,645 - INFO - Vol targeting: rolling_vol=0.0385, scale=2.0000
2026-02-19 17:09:03,645 - INFO - PnL Net: 0.0001 | Scaled: 0.0003 | Turnover: 18.66% | Vol Scale: 2.00
2026-02-19 17:09:03,645 - INFO - 
============================================================
2026-02-19 17:09:03,645 - INFO - Running paper trading for 2025-06-20
2026-02-19 17:09:03,645 - INFO - ============================================================
2026-02-19 17:09:03,646 - INFO - Portfolio construction: 38 longs, 38 shorts (from 38 candidates)
2026-02-19 17:09:03,646 - INFO - Vol targeting: rolling_vol=0.0397, scale=2.0000
2026-02-19 17:09:03,646 - INFO - PnL Net: 0.0027 | Scaled: 0.0053 | Turnover: 20.03% | Vol Scale: 2.00
2026-02-19 17:09:03,646 - INFO - 
============================================================
2026-02-19 17:09:03,646 - INFO - Running paper trading for 2025-06-23
2026-02-19 17:09:03,646 - INFO - ============================================================
2026-02-19 17:09:03,647 - INFO - Portfolio construction: 38 longs, 38 shorts (from 38 candidates)
2026-02-19 17:09:03,648 - INFO - Vol targeting: rolling_vol=0.0406, scale=1.9706
2026-02-19 17:09:03,648 - INFO - PnL Net: 0.0039 | Scaled: 0.0076 | Turnover: 17.48% | Vol Scale: 1.97
2026-02-19 17:09:03,648 - INFO - 
============================================================
2026-02-19 17:09:03,648 - INFO - Running paper trading for 2025-06-24
2026-02-19 17:09:03,648 - INFO - ============================================================
2026-02-19 17:09:03,649 - INFO - Portfolio construction: 38 longs, 38 shorts (from 38 candidates)
2026-02-19 17:09:03,650 - INFO - Vol targeting: rolling_vol=0.0294, scale=2.0000
2026-02-19 17:09:03,650 - INFO - PnL Net: -0.0021 | Scaled: -0.0042 | Turnover: 18.08% | Vol Scale: 2.00
2026-02-19 17:09:03,650 - INFO - 
============================================================
2026-02-19 17:09:03,650 - INFO - Running paper trading for 2025-06-25
2026-02-19 17:09:03,650 - INFO - ============================================================
2026-02-19 17:09:03,650 - INFO - Portfolio construction: 38 longs, 38 shorts (from 38 candidates)
2026-02-19 17:09:03,650 - INFO - Vol targeting: rolling_vol=0.0295, scale=2.0000
2026-02-19 17:09:03,650 - INFO - PnL Net: 0.0019 | Scaled: 0.0038 | Turnover: 17.90% | Vol Scale: 2.00
2026-02-19 17:09:03,650 - INFO - 
============================================================
2026-02-19 17:09:03,650 - INFO - Running paper trading for 2025-06-26
2026-02-19 17:09:03,650 - INFO - ============================================================
2026-02-19 17:09:03,652 - INFO - Portfolio construction: 38 longs, 38 shorts (from 38 candidates)
2026-02-19 17:09:03,652 - INFO - Vol targeting: rolling_vol=0.0299, scale=2.0000
2026-02-19 17:09:03,652 - INFO - PnL Net: 0.0015 | Scaled: 0.0029 | Turnover: 17.70% | Vol Scale: 2.00
2026-02-19 17:09:03,652 - INFO - 
============================================================
2026-02-19 17:09:03,652 - INFO - Running paper trading for 2025-06-27
2026-02-19 17:09:03,652 - INFO - ============================================================
2026-02-19 17:09:03,654 - INFO - Portfolio construction: 38 longs, 38 shorts (from 38 candidates)
2026-02-19 17:09:03,654 - INFO - Vol targeting: rolling_vol=0.0300, scale=2.0000
2026-02-19 17:09:03,656 - INFO - PnL Net: 0.0013 | Scaled: 0.0025 | Turnover: 16.45% | Vol Scale: 2.00
2026-02-19 17:09:03,656 - INFO - 
============================================================
2026-02-19 17:09:03,656 - INFO - Running paper trading for 2025-06-30
2026-02-19 17:09:03,656 - INFO - ============================================================
2026-02-19 17:09:03,658 - INFO - Portfolio construction: 38 longs, 38 shorts (from 38 candidates)
2026-02-19 17:09:03,659 - INFO - Vol targeting: rolling_vol=0.0351, scale=2.0000
2026-02-19 17:09:03,659 - INFO - PnL Net: 0.0055 | Scaled: 0.0109 | Turnover: 17.10% | Vol Scale: 2.00
2026-02-19 17:09:03,659 - INFO - 
============================================================
2026-02-19 17:09:03,659 - INFO - Running paper trading for 2025-07-01
2026-02-19 17:09:03,659 - INFO - ============================================================
2026-02-19 17:09:03,660 - INFO - Portfolio construction: 38 longs, 38 shorts (from 38 candidates)
2026-02-19 17:09:03,660 - INFO - Vol targeting: rolling_vol=0.0352, scale=2.0000
2026-02-19 17:09:03,660 - INFO - PnL Net: 0.0013 | Scaled: 0.0026 | Turnover: 15.04% | Vol Scale: 2.00
2026-02-19 17:09:03,660 - INFO - 
============================================================
2026-02-19 17:09:03,660 - INFO - Running paper trading for 2025-07-02
2026-02-19 17:09:03,661 - INFO - ============================================================
2026-02-19 17:09:03,662 - INFO - Portfolio construction: 38 longs, 38 shorts (from 38 candidates)
2026-02-19 17:09:03,662 - INFO - Vol targeting: rolling_vol=0.0349, scale=2.0000
2026-02-19 17:09:03,662 - INFO - PnL Net: 0.0014 | Scaled: 0.0028 | Turnover: 12.74% | Vol Scale: 2.00
2026-02-19 17:09:03,662 - INFO - 
============================================================
2026-02-19 17:09:03,662 - INFO - Running paper trading for 2025-07-03
2026-02-19 17:09:03,662 - INFO - ============================================================
2026-02-19 17:09:03,664 - INFO - Portfolio construction: 38 longs, 38 shorts (from 38 candidates)
2026-02-19 17:09:03,664 - INFO - Vol targeting: rolling_vol=0.0371, scale=2.0000
2026-02-19 17:09:03,664 - INFO - PnL Net: -0.0032 | Scaled: -0.0063 | Turnover: 11.38% | Vol Scale: 2.00
2026-02-19 17:09:03,664 - INFO - 
============================================================
2026-02-19 17:09:03,664 - INFO - Running paper trading for 2025-07-07
2026-02-19 17:09:03,664 - INFO - ============================================================
2026-02-19 17:09:03,665 - INFO - Portfolio construction: 38 longs, 38 shorts (from 38 candidates)
2026-02-19 17:09:03,665 - INFO - Vol targeting: rolling_vol=0.0371, scale=2.0000
2026-02-19 17:09:03,665 - INFO - PnL Net: 0.0005 | Scaled: 0.0010 | Turnover: 10.84% | Vol Scale: 2.00
2026-02-19 17:09:03,665 - INFO - 
============================================================
2026-02-19 17:09:03,666 - INFO - Running paper trading for 2025-07-08
2026-02-19 17:09:03,666 - INFO - ============================================================
2026-02-19 17:09:03,667 - INFO - Portfolio construction: 38 longs, 38 shorts (from 38 candidates)
2026-02-19 17:09:03,667 - INFO - Vol targeting: rolling_vol=0.0357, scale=2.0000
2026-02-19 17:09:03,667 - INFO - PnL Net: 0.0009 | Scaled: 0.0019 | Turnover: 18.35% | Vol Scale: 2.00
2026-02-19 17:09:03,667 - INFO - 
============================================================
2026-02-19 17:09:03,667 - INFO - Running paper trading for 2025-07-09
2026-02-19 17:09:03,667 - INFO - ============================================================
2026-02-19 17:09:03,668 - INFO - Portfolio construction: 38 longs, 38 shorts (from 38 candidates)
2026-02-19 17:09:03,668 - INFO - Vol targeting: rolling_vol=0.0364, scale=2.0000
2026-02-19 17:09:03,668 - INFO - PnL Net: 0.0026 | Scaled: 0.0053 | Turnover: 19.70% | Vol Scale: 2.00
2026-02-19 17:09:03,668 - INFO - 
============================================================
2026-02-19 17:09:03,668 - INFO - Running paper trading for 2025-07-10
2026-02-19 17:09:03,668 - INFO - ============================================================
2026-02-19 17:09:03,669 - INFO - Portfolio construction: 38 longs, 12 shorts (from 38 candidates)
2026-02-19 17:09:03,670 - INFO - Vol targeting: rolling_vol=0.0379, scale=2.0000
2026-02-19 17:09:03,670 - INFO - PnL Net: -0.0029 | Scaled: -0.0058 | Turnover: 19.47% | Vol Scale: 2.00
2026-02-19 17:09:03,670 - INFO - 
============================================================
2026-02-19 17:09:03,670 - INFO - Running paper trading for 2025-07-11
2026-02-19 17:09:03,670 - INFO - ============================================================
2026-02-19 17:09:03,670 - INFO - Portfolio construction: 38 longs, 26 shorts (from 38 candidates)
2026-02-19 17:09:03,670 - INFO - Vol targeting: rolling_vol=0.0382, scale=2.0000
2026-02-19 17:09:03,671 - INFO - PnL Net: -0.0008 | Scaled: -0.0016 | Turnover: 19.00% | Vol Scale: 2.00
2026-02-19 17:09:03,671 - INFO - 
============================================================
2026-02-19 17:09:03,671 - INFO - Running paper trading for 2025-07-14
2026-02-19 17:09:03,671 - INFO - ============================================================
2026-02-19 17:09:03,672 - INFO - Portfolio construction: 38 longs, 38 shorts (from 38 candidates)
2026-02-19 17:09:03,673 - INFO - Vol targeting: rolling_vol=0.0411, scale=1.9456
2026-02-19 17:09:03,673 - INFO - PnL Net: -0.0053 | Scaled: -0.0103 | Turnover: 18.01% | Vol Scale: 1.95
2026-02-19 17:09:03,673 - INFO - 
============================================================
2026-02-19 17:09:03,673 - INFO - Running paper trading for 2025-07-15
2026-02-19 17:09:03,673 - INFO - ============================================================
2026-02-19 17:09:03,674 - INFO - Portfolio construction: 38 longs, 24 shorts (from 38 candidates)
2026-02-19 17:09:03,674 - INFO - Vol targeting: rolling_vol=0.0411, scale=1.9452
2026-02-19 17:09:03,675 - INFO - PnL Net: 0.0011 | Scaled: 0.0022 | Turnover: 17.80% | Vol Scale: 1.95
2026-02-19 17:09:03,675 - INFO - 
============================================================
2026-02-19 17:09:03,675 - INFO - Running paper trading for 2025-07-16
2026-02-19 17:09:03,675 - INFO - ============================================================
2026-02-19 17:09:03,676 - INFO - Portfolio construction: 38 longs, 4 shorts (from 38 candidates)
2026-02-19 17:09:03,677 - INFO - Vol targeting: rolling_vol=0.0400, scale=1.9977
2026-02-19 17:09:03,677 - INFO - PnL Net: 0.0035 | Scaled: 0.0070 | Turnover: 18.83% | Vol Scale: 2.00
2026-02-19 17:09:03,677 - INFO - 
============================================================
2026-02-19 17:09:03,677 - INFO - Running paper trading for 2025-07-17
2026-02-19 17:09:03,677 - INFO - ============================================================
2026-02-19 17:09:03,678 - INFO - Portfolio construction: 38 longs, 38 shorts (from 38 candidates)
2026-02-19 17:09:03,678 - INFO - Vol targeting: rolling_vol=0.0400, scale=2.0000
2026-02-19 17:09:03,678 - INFO - PnL Net: -0.0003 | Scaled: -0.0006 | Turnover: 20.65% | Vol Scale: 2.00
2026-02-19 17:09:03,678 - INFO - 
============================================================
2026-02-19 17:09:03,678 - INFO - Running paper trading for 2025-07-18
2026-02-19 17:09:03,678 - INFO - ============================================================
2026-02-19 17:09:03,679 - INFO - Portfolio construction: 38 longs, 38 shorts (from 38 candidates)
2026-02-19 17:09:03,679 - INFO - Vol targeting: rolling_vol=0.0407, scale=1.9646
2026-02-19 17:09:03,680 - INFO - PnL Net: -0.0016 | Scaled: -0.0032 | Turnover: 22.59% | Vol Scale: 1.96
2026-02-19 17:09:03,680 - INFO - 
============================================================
2026-02-19 17:09:03,680 - INFO - Running paper trading for 2025-07-21
2026-02-19 17:09:03,680 - INFO - ============================================================
2026-02-19 17:09:03,681 - INFO - Portfolio construction: 38 longs, 38 shorts (from 38 candidates)
2026-02-19 17:09:03,681 - INFO - Vol targeting: rolling_vol=0.0456, scale=1.7529
2026-02-19 17:09:03,681 - INFO - PnL Net: 0.0068 | Scaled: 0.0120 | Turnover: 18.81% | Vol Scale: 1.75
2026-02-19 17:09:03,681 - INFO - 
============================================================
2026-02-19 17:09:03,681 - INFO - Running paper trading for 2025-07-22
2026-02-19 17:09:03,682 - INFO - ============================================================
2026-02-19 17:09:03,682 - INFO - Portfolio construction: 38 longs, 38 shorts (from 38 candidates)
2026-02-19 17:09:03,683 - INFO - Vol targeting: rolling_vol=0.0446, scale=1.7927
2026-02-19 17:09:03,683 - INFO - PnL Net: 0.0023 | Scaled: 0.0041 | Turnover: 18.89% | Vol Scale: 1.79
2026-02-19 17:09:03,683 - INFO - 
============================================================
2026-02-19 17:09:03,683 - INFO - Running paper trading for 2025-07-23
2026-02-19 17:09:03,683 - INFO - ============================================================
2026-02-19 17:09:03,684 - INFO - Portfolio construction: 38 longs, 38 shorts (from 38 candidates)
2026-02-19 17:09:03,684 - INFO - Vol targeting: rolling_vol=0.0451, scale=1.7756
2026-02-19 17:09:03,684 - INFO - PnL Net: -0.0026 | Scaled: -0.0046 | Turnover: 15.52% | Vol Scale: 1.78
2026-02-19 17:09:03,684 - INFO - 
============================================================
2026-02-19 17:09:03,684 - INFO - Running paper trading for 2025-07-24
2026-02-19 17:09:03,684 - INFO - ============================================================
2026-02-19 17:09:03,685 - INFO - Portfolio construction: 38 longs, 38 shorts (from 38 candidates)
2026-02-19 17:09:03,685 - INFO - Vol targeting: rolling_vol=0.0449, scale=1.7834
2026-02-19 17:09:03,685 - INFO - PnL Net: 0.0011 | Scaled: 0.0019 | Turnover: 15.70% | Vol Scale: 1.78
2026-02-19 17:09:03,685 - INFO - 
============================================================
2026-02-19 17:09:03,685 - INFO - Running paper trading for 2025-07-25
2026-02-19 17:09:03,685 - INFO - ============================================================
2026-02-19 17:09:03,686 - INFO - Portfolio construction: 38 longs, 38 shorts (from 38 candidates)
2026-02-19 17:09:03,686 - INFO - Vol targeting: rolling_vol=0.0465, scale=1.7198
2026-02-19 17:09:03,686 - INFO - PnL Net: -0.0031 | Scaled: -0.0052 | Turnover: 16.41% | Vol Scale: 1.72
2026-02-19 17:09:03,687 - INFO - 
============================================================
2026-02-19 17:09:03,687 - INFO - Running paper trading for 2025-07-28
2026-02-19 17:09:03,687 - INFO - ============================================================
2026-02-19 17:09:03,687 - INFO - Portfolio construction: 38 longs, 38 shorts (from 38 candidates)
2026-02-19 17:09:03,688 - INFO - Vol targeting: rolling_vol=0.0474, scale=1.6862
2026-02-19 17:09:03,688 - INFO - PnL Net: -0.0025 | Scaled: -0.0041 | Turnover: 18.54% | Vol Scale: 1.69
2026-02-19 17:09:03,688 - INFO - 
============================================================
2026-02-19 17:09:03,688 - INFO - Running paper trading for 2025-07-29
2026-02-19 17:09:03,688 - INFO - ============================================================
2026-02-19 17:09:03,689 - INFO - Portfolio construction: 38 longs, 38 shorts (from 38 candidates)
2026-02-19 17:09:03,689 - INFO - Vol targeting: rolling_vol=0.0445, scale=1.7974
2026-02-19 17:09:03,690 - INFO - PnL Net: -0.0028 | Scaled: -0.0050 | Turnover: 17.07% | Vol Scale: 1.80
2026-02-19 17:09:03,690 - INFO - 
============================================================
2026-02-19 17:09:03,690 - INFO - Running paper trading for 2025-07-30
2026-02-19 17:09:03,690 - INFO - ============================================================
2026-02-19 17:09:03,691 - INFO - Portfolio construction: 38 longs, 38 shorts (from 38 candidates)
2026-02-19 17:09:03,691 - INFO - Vol targeting: rolling_vol=0.0463, scale=1.7283
2026-02-19 17:09:03,692 - INFO - PnL Net: -0.0042 | Scaled: -0.0073 | Turnover: 18.97% | Vol Scale: 1.73
2026-02-19 17:09:03,692 - INFO - 
============================================================
2026-02-19 17:09:03,692 - INFO - Running paper trading for 2025-07-31
2026-02-19 17:09:03,692 - INFO - ============================================================
2026-02-19 17:09:03,693 - INFO - Portfolio construction: 38 longs, 38 shorts (from 38 candidates)
2026-02-19 17:09:03,693 - INFO - Vol targeting: rolling_vol=0.0470, scale=1.7007
2026-02-19 17:09:03,693 - INFO - PnL Net: -0.0036 | Scaled: -0.0062 | Turnover: 19.57% | Vol Scale: 1.70
2026-02-19 17:09:03,693 - INFO - 
============================================================
2026-02-19 17:09:03,693 - INFO - Running paper trading for 2025-08-01
2026-02-19 17:09:03,693 - INFO - ============================================================
2026-02-19 17:09:03,694 - INFO - Portfolio construction: 38 longs, 6 shorts (from 38 candidates)
2026-02-19 17:09:03,694 - INFO - Vol targeting: rolling_vol=0.0468, scale=1.7092
2026-02-19 17:09:03,694 - INFO - PnL Net: 0.0016 | Scaled: 0.0028 | Turnover: 18.75% | Vol Scale: 1.71
2026-02-19 17:09:03,694 - INFO - 
============================================================
2026-02-19 17:09:03,694 - INFO - Running paper trading for 2025-08-04
2026-02-19 17:09:03,694 - INFO - ============================================================
2026-02-19 17:09:03,695 - INFO - Portfolio construction: 38 longs, 5 shorts (from 38 candidates)
2026-02-19 17:09:03,695 - INFO - Vol targeting: rolling_vol=0.0486, scale=1.6467
2026-02-19 17:09:03,695 - INFO - PnL Net: 0.0034 | Scaled: 0.0056 | Turnover: 20.03% | Vol Scale: 1.65
2026-02-19 17:09:03,695 - INFO - 
============================================================
2026-02-19 17:09:03,695 - INFO - Running paper trading for 2025-08-05
2026-02-19 17:09:03,695 - INFO - ============================================================
2026-02-19 17:09:03,696 - INFO - Portfolio construction: 38 longs, 37 shorts (from 38 candidates)
2026-02-19 17:09:03,697 - INFO - Vol targeting: rolling_vol=0.0485, scale=1.6507
2026-02-19 17:09:03,697 - INFO - PnL Net: -0.0013 | Scaled: -0.0021 | Turnover: 19.43% | Vol Scale: 1.65
2026-02-19 17:09:03,697 - INFO - 
============================================================
2026-02-19 17:09:03,697 - INFO - Running paper trading for 2025-08-06
2026-02-19 17:09:03,697 - INFO - ============================================================
2026-02-19 17:09:03,698 - INFO - Portfolio construction: 38 longs, 38 shorts (from 38 candidates)
2026-02-19 17:09:03,698 - INFO - Vol targeting: rolling_vol=0.0472, scale=1.6961
2026-02-19 17:09:03,698 - INFO - PnL Net: -0.0009 | Scaled: -0.0016 | Turnover: 18.13% | Vol Scale: 1.70
2026-02-19 17:09:03,698 - INFO - 
============================================================
2026-02-19 17:09:03,698 - INFO - Running paper trading for 2025-08-07
2026-02-19 17:09:03,698 - INFO - ============================================================
2026-02-19 17:09:03,700 - INFO - Portfolio construction: 38 longs, 7 shorts (from 38 candidates)
2026-02-19 17:09:03,700 - INFO - Vol targeting: rolling_vol=0.0466, scale=1.7164
2026-02-19 17:09:03,700 - INFO - PnL Net: 0.0008 | Scaled: 0.0013 | Turnover: 20.31% | Vol Scale: 1.72
2026-02-19 17:09:03,700 - INFO - 
============================================================
2026-02-19 17:09:03,700 - INFO - Running paper trading for 2025-08-08
2026-02-19 17:09:03,700 - INFO - ============================================================
2026-02-19 17:09:03,700 - INFO - Portfolio construction: 38 longs, 8 shorts (from 38 candidates)
2026-02-19 17:09:03,701 - INFO - Vol targeting: rolling_vol=0.0467, scale=1.7135
2026-02-19 17:09:03,701 - WARNING - KS3 TRIGGERED: 60-day Sharpe -0.0651 < 0
2026-02-19 17:09:03,701 - INFO - PnL Net: -0.0013 | Scaled: -0.0022 | Turnover: 18.30% | Vol Scale: 1.71
2026-02-19 17:09:03,701 - INFO - 
============================================================
2026-02-19 17:09:03,701 - INFO - Running paper trading for 2025-08-11
2026-02-19 17:09:03,701 - INFO - ============================================================
2026-02-19 17:09:03,702 - INFO - Portfolio construction: 38 longs, 38 shorts (from 38 candidates)
2026-02-19 17:09:03,702 - INFO - Vol targeting: rolling_vol=0.0479, scale=1.6690
2026-02-19 17:09:03,702 - WARNING - KS3 TRIGGERED: 60-day Sharpe -0.0144 < 0
2026-02-19 17:09:03,702 - INFO - PnL Net: 0.0058 | Scaled: 0.0096 | Turnover: 15.45% | Vol Scale: 1.67
2026-02-19 17:09:03,702 - INFO - 
============================================================
2026-02-19 17:09:03,702 - INFO - Running paper trading for 2025-08-12
2026-02-19 17:09:03,702 - INFO - ============================================================
2026-02-19 17:09:03,703 - INFO - Portfolio construction: 38 longs, 38 shorts (from 38 candidates)
2026-02-19 17:09:03,704 - INFO - Vol targeting: rolling_vol=0.0574, scale=1.3933
2026-02-19 17:09:03,704 - INFO - PnL Net: 0.0093 | Scaled: 0.0129 | Turnover: 15.64% | Vol Scale: 1.39
2026-02-19 17:09:03,704 - INFO - 
============================================================
2026-02-19 17:09:03,704 - INFO - Running paper trading for 2025-08-13
2026-02-19 17:09:03,704 - INFO - ============================================================
2026-02-19 17:09:03,704 - INFO - Portfolio construction: 38 longs, 38 shorts (from 38 candidates)
2026-02-19 17:09:03,706 - INFO - Vol targeting: rolling_vol=0.0564, scale=1.4186
2026-02-19 17:09:03,706 - INFO - PnL Net: 0.0002 | Scaled: 0.0003 | Turnover: 20.87% | Vol Scale: 1.42
2026-02-19 17:09:03,706 - INFO - 
============================================================
2026-02-19 17:09:03,706 - INFO - Running paper trading for 2025-08-14
2026-02-19 17:09:03,706 - INFO - ============================================================
2026-02-19 17:09:03,706 - INFO - Portfolio construction: 38 longs, 38 shorts (from 38 candidates)
2026-02-19 17:09:03,706 - INFO - Vol targeting: rolling_vol=0.0564, scale=1.4190
2026-02-19 17:09:03,708 - INFO - PnL Net: 0.0010 | Scaled: 0.0014 | Turnover: 18.05% | Vol Scale: 1.42
2026-02-19 17:09:03,708 - INFO - 
============================================================
2026-02-19 17:09:03,708 - INFO - Running paper trading for 2025-08-15
2026-02-19 17:09:03,708 - INFO - ============================================================
2026-02-19 17:09:03,708 - INFO - Portfolio construction: 38 longs, 38 shorts (from 38 candidates)
2026-02-19 17:09:03,708 - INFO - Vol targeting: rolling_vol=0.0559, scale=1.4310
2026-02-19 17:09:03,708 - INFO - PnL Net: 0.0002 | Scaled: 0.0003 | Turnover: 19.70% | Vol Scale: 1.43
2026-02-19 17:09:03,710 - INFO - 
============================================================
2026-02-19 17:09:03,710 - INFO - Running paper trading for 2025-08-18
2026-02-19 17:09:03,710 - INFO - ============================================================
2026-02-19 17:09:03,711 - INFO - Portfolio construction: 38 longs, 38 shorts (from 38 candidates)
2026-02-19 17:09:03,711 - INFO - Vol targeting: rolling_vol=0.0515, scale=1.5525
2026-02-19 17:09:03,711 - INFO - PnL Net: 0.0024 | Scaled: 0.0038 | Turnover: 18.09% | Vol Scale: 1.55
2026-02-19 17:09:03,711 - INFO - 
============================================================
2026-02-19 17:09:03,711 - INFO - Running paper trading for 2025-08-19
2026-02-19 17:09:03,711 - INFO - ============================================================
2026-02-19 17:09:03,711 - INFO - Portfolio construction: 38 longs, 38 shorts (from 38 candidates)
2026-02-19 17:09:03,713 - INFO - Vol targeting: rolling_vol=0.0516, scale=1.5515
2026-02-19 17:09:03,713 - INFO - PnL Net: -0.0020 | Scaled: -0.0031 | Turnover: 16.60% | Vol Scale: 1.55
2026-02-19 17:09:03,713 - INFO - 
============================================================
2026-02-19 17:09:03,713 - INFO - Running paper trading for 2025-08-20
2026-02-19 17:09:03,713 - INFO - ============================================================
2026-02-19 17:09:03,714 - INFO - Portfolio construction: 38 longs, 38 shorts (from 38 candidates)
2026-02-19 17:09:03,714 - INFO - Vol targeting: rolling_vol=0.0510, scale=1.5694
2026-02-19 17:09:03,714 - INFO - PnL Net: -0.0015 | Scaled: -0.0024 | Turnover: 15.21% | Vol Scale: 1.57
2026-02-19 17:09:03,714 - INFO - 
============================================================
2026-02-19 17:09:03,714 - INFO - Running paper trading for 2025-08-21
2026-02-19 17:09:03,714 - INFO - ============================================================
2026-02-19 17:09:03,714 - INFO - Portfolio construction: 38 longs, 38 shorts (from 38 candidates)
2026-02-19 17:09:03,714 - INFO - Vol targeting: rolling_vol=0.0594, scale=1.3476
2026-02-19 17:09:03,716 - INFO - PnL Net: 0.0089 | Scaled: 0.0120 | Turnover: 16.82% | Vol Scale: 1.35
2026-02-19 17:09:03,716 - INFO - 
============================================================
2026-02-19 17:09:03,716 - INFO - Running paper trading for 2025-08-22
2026-02-19 17:09:03,716 - INFO - ============================================================
2026-02-19 17:09:03,716 - INFO - Portfolio construction: 38 longs, 38 shorts (from 38 candidates)
2026-02-19 17:09:03,716 - INFO - Vol targeting: rolling_vol=0.0605, scale=1.3221
2026-02-19 17:09:03,716 - INFO - PnL Net: -0.0044 | Scaled: -0.0058 | Turnover: 15.55% | Vol Scale: 1.32
2026-02-19 17:09:03,716 - INFO - 
============================================================
2026-02-19 17:09:03,716 - INFO - Running paper trading for 2025-08-25
2026-02-19 17:09:03,716 - INFO - ============================================================
2026-02-19 17:09:03,718 - INFO - Portfolio construction: 38 longs, 38 shorts (from 38 candidates)
2026-02-19 17:09:03,718 - INFO - Vol targeting: rolling_vol=0.0596, scale=1.3428
2026-02-19 17:09:03,718 - INFO - PnL Net: 0.0005 | Scaled: 0.0007 | Turnover: 15.86% | Vol Scale: 1.34
2026-02-19 17:09:03,718 - INFO - 
============================================================
2026-02-19 17:09:03,718 - INFO - Running paper trading for 2025-08-26
2026-02-19 17:09:03,718 - INFO - ============================================================
2026-02-19 17:09:03,720 - INFO - Portfolio construction: 38 longs, 38 shorts (from 38 candidates)
2026-02-19 17:09:03,720 - INFO - Vol targeting: rolling_vol=0.0583, scale=1.3725
2026-02-19 17:09:03,720 - INFO - PnL Net: 0.0005 | Scaled: 0.0007 | Turnover: 17.06% | Vol Scale: 1.37
2026-02-19 17:09:03,720 - INFO - 
============================================================
2026-02-19 17:09:03,720 - INFO - Running paper trading for 2025-08-27
2026-02-19 17:09:03,720 - INFO - ============================================================
2026-02-19 17:09:03,720 - INFO - Portfolio construction: 38 longs, 38 shorts (from 38 candidates)
2026-02-19 17:09:03,721 - INFO - Vol targeting: rolling_vol=0.0555, scale=1.4411
2026-02-19 17:09:03,721 - INFO - PnL Net: -0.0002 | Scaled: -0.0002 | Turnover: 17.80% | Vol Scale: 1.44
2026-02-19 17:09:03,721 - INFO - 
============================================================
2026-02-19 17:09:03,721 - INFO - Running paper trading for 2025-08-28
2026-02-19 17:09:03,721 - INFO - ============================================================
2026-02-19 17:09:03,723 - INFO - Portfolio construction: 38 longs, 38 shorts (from 38 candidates)
2026-02-19 17:09:03,723 - INFO - Vol targeting: rolling_vol=0.0530, scale=1.5091
2026-02-19 17:09:03,723 - INFO - PnL Net: 0.0003 | Scaled: 0.0004 | Turnover: 19.25% | Vol Scale: 1.51
2026-02-19 17:09:03,723 - INFO - 
============================================================
2026-02-19 17:09:03,723 - INFO - Running paper trading for 2025-08-29
2026-02-19 17:09:03,723 - INFO - ============================================================
2026-02-19 17:09:03,723 - INFO - Portfolio construction: 38 longs, 38 shorts (from 38 candidates)
2026-02-19 17:09:03,723 - INFO - Vol targeting: rolling_vol=0.0539, scale=1.4841
2026-02-19 17:09:03,725 - INFO - PnL Net: -0.0017 | Scaled: -0.0026 | Turnover: 15.06% | Vol Scale: 1.48
2026-02-19 17:09:03,725 - INFO - 
============================================================
2026-02-19 17:09:03,725 - INFO - Running paper trading for 2025-09-02
2026-02-19 17:09:03,725 - INFO - ============================================================
2026-02-19 17:09:03,725 - INFO - Portfolio construction: 38 longs, 38 shorts (from 38 candidates)
2026-02-19 17:09:03,725 - INFO - Vol targeting: rolling_vol=0.0542, scale=1.4760
2026-02-19 17:09:03,725 - INFO - PnL Net: -0.0021 | Scaled: -0.0031 | Turnover: 18.16% | Vol Scale: 1.48
2026-02-19 17:09:03,725 - INFO - 
============================================================
2026-02-19 17:09:03,725 - INFO - Running paper trading for 2025-09-03
2026-02-19 17:09:03,725 - INFO - ============================================================
2026-02-19 17:09:03,727 - INFO - Portfolio construction: 38 longs, 38 shorts (from 38 candidates)
2026-02-19 17:09:03,727 - INFO - Vol targeting: rolling_vol=0.0537, scale=1.4886
2026-02-19 17:09:03,727 - INFO - PnL Net: 0.0013 | Scaled: 0.0020 | Turnover: 17.78% | Vol Scale: 1.49
2026-02-19 17:09:03,727 - INFO - 
============================================================
2026-02-19 17:09:03,727 - INFO - Running paper trading for 2025-09-04
2026-02-19 17:09:03,727 - INFO - ============================================================
2026-02-19 17:09:03,727 - INFO - Portfolio construction: 38 longs, 38 shorts (from 38 candidates)
2026-02-19 17:09:03,729 - INFO - Vol targeting: rolling_vol=0.0534, scale=1.4994
2026-02-19 17:09:03,729 - INFO - PnL Net: 0.0012 | Scaled: 0.0019 | Turnover: 17.33% | Vol Scale: 1.50
2026-02-19 17:09:03,729 - INFO - 
============================================================
2026-02-19 17:09:03,729 - INFO - Running paper trading for 2025-09-05
2026-02-19 17:09:03,729 - INFO - ============================================================
2026-02-19 17:09:03,729 - INFO - Portfolio construction: 38 longs, 38 shorts (from 38 candidates)
2026-02-19 17:09:03,729 - INFO - Vol targeting: rolling_vol=0.0539, scale=1.4842
2026-02-19 17:09:03,729 - INFO - PnL Net: -0.0013 | Scaled: -0.0019 | Turnover: 20.00% | Vol Scale: 1.48
2026-02-19 17:09:03,729 - INFO - 
============================================================
2026-02-19 17:09:03,729 - INFO - Running paper trading for 2025-09-08
2026-02-19 17:09:03,729 - INFO - ============================================================
2026-02-19 17:09:03,731 - INFO - Portfolio construction: 38 longs, 38 shorts (from 38 candidates)
2026-02-19 17:09:03,731 - INFO - Vol targeting: rolling_vol=0.0535, scale=1.4949
2026-02-19 17:09:03,731 - INFO - PnL Net: -0.0003 | Scaled: -0.0004 | Turnover: 16.66% | Vol Scale: 1.49
2026-02-19 17:09:03,731 - INFO - 
============================================================
2026-02-19 17:09:03,731 - INFO - Running paper trading for 2025-09-09
2026-02-19 17:09:03,731 - INFO - ============================================================
2026-02-19 17:09:03,731 - INFO - Portfolio construction: 38 longs, 38 shorts (from 38 candidates)
2026-02-19 17:09:03,731 - INFO - Vol targeting: rolling_vol=0.0534, scale=1.4986
2026-02-19 17:09:03,731 - INFO - PnL Net: -0.0044 | Scaled: -0.0065 | Turnover: 17.19% | Vol Scale: 1.50
2026-02-19 17:09:03,734 - INFO - 
============================================================
2026-02-19 17:09:03,734 - INFO - Running paper trading for 2025-09-10
2026-02-19 17:09:03,734 - INFO - ============================================================
2026-02-19 17:09:03,734 - INFO - Portfolio construction: 38 longs, 38 shorts (from 38 candidates)
2026-02-19 17:09:03,734 - INFO - Vol targeting: rolling_vol=0.0448, scale=1.7844
2026-02-19 17:09:03,734 - INFO - PnL Net: 0.0040 | Scaled: 0.0072 | Turnover: 16.96% | Vol Scale: 1.78
2026-02-19 17:09:03,734 - INFO - 
============================================================
2026-02-19 17:09:03,734 - INFO - Running paper trading for 2025-09-11
2026-02-19 17:09:03,734 - INFO - ============================================================
2026-02-19 17:09:03,736 - INFO - Portfolio construction: 38 longs, 38 shorts (from 38 candidates)
2026-02-19 17:09:03,736 - INFO - Vol targeting: rolling_vol=0.0472, scale=1.6944
2026-02-19 17:09:03,736 - INFO - PnL Net: -0.0041 | Scaled: -0.0070 | Turnover: 17.39% | Vol Scale: 1.69
2026-02-19 17:09:03,736 - INFO - 
============================================================
2026-02-19 17:09:03,736 - INFO - Running paper trading for 2025-09-12
2026-02-19 17:09:03,736 - INFO - ============================================================
2026-02-19 17:09:03,736 - INFO - Portfolio construction: 38 longs, 38 shorts (from 38 candidates)
2026-02-19 17:09:03,736 - INFO - Vol targeting: rolling_vol=0.0475, scale=1.6830
2026-02-19 17:09:03,738 - INFO - PnL Net: -0.0021 | Scaled: -0.0035 | Turnover: 15.81% | Vol Scale: 1.68
2026-02-19 17:09:03,738 - INFO - 
============================================================
2026-02-19 17:09:03,738 - INFO - Running paper trading for 2025-09-15
2026-02-19 17:09:03,738 - INFO - ============================================================
2026-02-19 17:09:03,739 - INFO - Portfolio construction: 38 longs, 38 shorts (from 38 candidates)
2026-02-19 17:09:03,739 - INFO - Vol targeting: rolling_vol=0.0477, scale=1.6773
2026-02-19 17:09:03,739 - INFO - PnL Net: 0.0010 | Scaled: 0.0016 | Turnover: 18.17% | Vol Scale: 1.68
2026-02-19 17:09:03,739 - INFO - 
============================================================
2026-02-19 17:09:03,739 - INFO - Running paper trading for 2025-09-16
2026-02-19 17:09:03,739 - INFO - ============================================================
2026-02-19 17:09:03,740 - INFO - Portfolio construction: 38 longs, 38 shorts (from 38 candidates)
2026-02-19 17:09:03,740 - INFO - Vol targeting: rolling_vol=0.0469, scale=1.7072
2026-02-19 17:09:03,740 - INFO - PnL Net: 0.0006 | Scaled: 0.0011 | Turnover: 16.81% | Vol Scale: 1.71
2026-02-19 17:09:03,740 - INFO - 
============================================================
2026-02-19 17:09:03,740 - INFO - Running paper trading for 2025-09-17
2026-02-19 17:09:03,740 - INFO - ============================================================
2026-02-19 17:09:03,742 - INFO - Portfolio construction: 38 longs, 38 shorts (from 38 candidates)
2026-02-19 17:09:03,742 - INFO - Vol targeting: rolling_vol=0.0483, scale=1.6553
2026-02-19 17:09:03,742 - INFO - PnL Net: 0.0037 | Scaled: 0.0061 | Turnover: 15.39% | Vol Scale: 1.66
2026-02-19 17:09:03,742 - INFO - 
============================================================
2026-02-19 17:09:03,742 - INFO - Running paper trading for 2025-09-18
2026-02-19 17:09:03,742 - INFO - ============================================================
2026-02-19 17:09:03,744 - INFO - Portfolio construction: 38 longs, 38 shorts (from 38 candidates)
2026-02-19 17:09:03,744 - INFO - Vol targeting: rolling_vol=0.0490, scale=1.6323
2026-02-19 17:09:03,744 - INFO - PnL Net: -0.0028 | Scaled: -0.0045 | Turnover: 13.88% | Vol Scale: 1.63
2026-02-19 17:09:03,744 - INFO - 
============================================================
2026-02-19 17:09:03,744 - INFO - Running paper trading for 2025-09-19
2026-02-19 17:09:03,744 - INFO - ============================================================
2026-02-19 17:09:03,744 - INFO - Portfolio construction: 38 longs, 38 shorts (from 38 candidates)
2026-02-19 17:09:03,744 - INFO - Vol targeting: rolling_vol=0.0368, scale=2.0000
2026-02-19 17:09:03,746 - INFO - PnL Net: -0.0018 | Scaled: -0.0037 | Turnover: 14.15% | Vol Scale: 2.00
2026-02-19 17:09:03,746 - INFO - 
============================================================
2026-02-19 17:09:03,746 - INFO - Running paper trading for 2025-09-22
2026-02-19 17:09:03,746 - INFO - ============================================================
2026-02-19 17:09:03,746 - INFO - Portfolio construction: 38 longs, 38 shorts (from 38 candidates)
2026-02-19 17:09:03,746 - INFO - Vol targeting: rolling_vol=0.0347, scale=2.0000
2026-02-19 17:09:03,746 - INFO - PnL Net: -0.0022 | Scaled: -0.0044 | Turnover: 12.25% | Vol Scale: 2.00
2026-02-19 17:09:03,746 - INFO - 
============================================================
2026-02-19 17:09:03,746 - INFO - Running paper trading for 2025-09-23
2026-02-19 17:09:03,746 - INFO - ============================================================
2026-02-19 17:09:03,748 - INFO - Portfolio construction: 38 longs, 38 shorts (from 38 candidates)
2026-02-19 17:09:03,748 - INFO - Vol targeting: rolling_vol=0.0347, scale=2.0000
2026-02-19 17:09:03,748 - INFO - PnL Net: 0.0006 | Scaled: 0.0012 | Turnover: 11.55% | Vol Scale: 2.00
2026-02-19 17:09:03,748 - INFO - 
============================================================
2026-02-19 17:09:03,748 - INFO - Running paper trading for 2025-09-24
2026-02-19 17:09:03,748 - INFO - ============================================================
2026-02-19 17:09:03,748 - INFO - Portfolio construction: 38 longs, 38 shorts (from 38 candidates)
2026-02-19 17:09:03,750 - INFO - Vol targeting: rolling_vol=0.0370, scale=2.0000
2026-02-19 17:09:03,750 - WARNING - KS3 TRIGGERED: 60-day Sharpe -0.2339 < 0
2026-02-19 17:09:03,750 - INFO - PnL Net: -0.0044 | Scaled: -0.0087 | Turnover: 10.82% | Vol Scale: 2.00
2026-02-19 17:09:03,750 - INFO - 
============================================================
2026-02-19 17:09:03,750 - INFO - Running paper trading for 2025-09-25
2026-02-19 17:09:03,750 - INFO - ============================================================
2026-02-19 17:09:03,750 - INFO - Portfolio construction: 38 longs, 38 shorts (from 38 candidates)
2026-02-19 17:09:03,750 - INFO - Vol targeting: rolling_vol=0.0394, scale=2.0000
2026-02-19 17:09:03,750 - WARNING - KS3 TRIGGERED: 60-day Sharpe -0.0747 < 0
2026-02-19 17:09:03,750 - INFO - PnL Net: 0.0031 | Scaled: 0.0063 | Turnover: 11.32% | Vol Scale: 2.00
2026-02-19 17:09:03,750 - INFO - 
============================================================
2026-02-19 17:09:03,750 - INFO - Running paper trading for 2025-09-26
2026-02-19 17:09:03,750 - INFO - ============================================================
2026-02-19 17:09:03,753 - INFO - Portfolio construction: 38 longs, 38 shorts (from 38 candidates)
2026-02-19 17:09:03,753 - INFO - Vol targeting: rolling_vol=0.0396, scale=2.0000
2026-02-19 17:09:03,753 - WARNING - KS3 TRIGGERED: 60-day Sharpe -0.1133 < 0
2026-02-19 17:09:03,753 - INFO - PnL Net: 0.0009 | Scaled: 0.0019 | Turnover: 10.79% | Vol Scale: 2.00
2026-02-19 17:09:03,753 - INFO - 
============================================================
2026-02-19 17:09:03,753 - INFO - Running paper trading for 2025-09-29
2026-02-19 17:09:03,753 - INFO - ============================================================
2026-02-19 17:09:03,755 - INFO - Portfolio construction: 38 longs, 38 shorts (from 38 candidates)
2026-02-19 17:09:03,757 - INFO - Vol targeting: rolling_vol=0.0395, scale=2.0000
2026-02-19 17:09:03,757 - INFO - PnL Net: 0.0006 | Scaled: 0.0013 | Turnover: 18.78% | Vol Scale: 2.00
2026-02-19 17:09:03,757 - INFO - 
============================================================
2026-02-19 17:09:03,757 - INFO - Running paper trading for 2025-09-30
2026-02-19 17:09:03,757 - INFO - ============================================================
2026-02-19 17:09:03,758 - INFO - Portfolio construction: 38 longs, 38 shorts (from 38 candidates)
2026-02-19 17:09:03,760 - INFO - Vol targeting: rolling_vol=0.0394, scale=2.0000
2026-02-19 17:09:03,760 - INFO - PnL Net: 0.0013 | Scaled: 0.0026 | Turnover: 16.32% | Vol Scale: 2.00
2026-02-19 17:09:03,760 - INFO - 
============================================================
2026-02-19 17:09:03,760 - INFO - Running paper trading for 2025-10-01
2026-02-19 17:09:03,760 - INFO - ============================================================
2026-02-19 17:09:03,762 - INFO - Portfolio construction: 38 longs, 38 shorts (from 38 candidates)
2026-02-19 17:09:03,762 - INFO - Vol targeting: rolling_vol=0.0406, scale=1.9724
2026-02-19 17:09:03,762 - INFO - PnL Net: 0.0029 | Scaled: 0.0057 | Turnover: 13.62% | Vol Scale: 1.97
2026-02-19 17:09:03,762 - INFO - 
============================================================
2026-02-19 17:09:03,762 - INFO - Running paper trading for 2025-10-02
2026-02-19 17:09:03,762 - INFO - ============================================================
2026-02-19 17:09:03,763 - INFO - Portfolio construction: 38 longs, 38 shorts (from 38 candidates)
2026-02-19 17:09:03,765 - INFO - Vol targeting: rolling_vol=0.0415, scale=1.9257
2026-02-19 17:09:03,765 - INFO - PnL Net: 0.0028 | Scaled: 0.0053 | Turnover: 12.21% | Vol Scale: 1.93
2026-02-19 17:09:03,765 - INFO - 
============================================================
2026-02-19 17:09:03,765 - INFO - Running paper trading for 2025-10-03
2026-02-19 17:09:03,765 - INFO - ============================================================
2026-02-19 17:09:03,767 - INFO - Portfolio construction: 38 longs, 38 shorts (from 38 candidates)
2026-02-19 17:09:03,774 - INFO - Vol targeting: rolling_vol=0.0436, scale=1.8365
2026-02-19 17:09:03,774 - INFO - PnL Net: 0.0040 | Scaled: 0.0073 | Turnover: 10.49% | Vol Scale: 1.84
2026-02-19 17:09:03,774 - INFO - 
============================================================
2026-02-19 17:09:03,774 - INFO - Running paper trading for 2025-10-06
2026-02-19 17:09:03,774 - INFO - ============================================================
2026-02-19 17:09:03,778 - INFO - Portfolio construction: 38 longs, 38 shorts (from 38 candidates)
2026-02-19 17:09:03,778 - INFO - Vol targeting: rolling_vol=0.0440, scale=1.8163
2026-02-19 17:09:03,778 - INFO - PnL Net: -0.0017 | Scaled: -0.0032 | Turnover: 8.91% | Vol Scale: 1.82
2026-02-19 17:09:03,778 - INFO - 
============================================================
2026-02-19 17:09:03,778 - INFO - Running paper trading for 2025-10-07
2026-02-19 17:09:03,778 - INFO - ============================================================
2026-02-19 17:09:03,780 - INFO - Portfolio construction: 38 longs, 38 shorts (from 38 candidates)
2026-02-19 17:09:03,782 - INFO - Vol targeting: rolling_vol=0.0418, scale=1.9150
2026-02-19 17:09:03,782 - INFO - PnL Net: 0.0027 | Scaled: 0.0053 | Turnover: 7.62% | Vol Scale: 1.91
2026-02-19 17:09:03,782 - INFO - 
============================================================
2026-02-19 17:09:03,782 - INFO - Running paper trading for 2025-10-08
2026-02-19 17:09:03,782 - INFO - ============================================================
2026-02-19 17:09:03,782 - INFO - Portfolio construction: 38 longs, 38 shorts (from 38 candidates)
2026-02-19 17:09:03,784 - INFO - Vol targeting: rolling_vol=0.0400, scale=1.9984
2026-02-19 17:09:03,784 - INFO - PnL Net: -0.0012 | Scaled: -0.0024 | Turnover: 6.47% | Vol Scale: 2.00
2026-02-19 17:09:03,784 - INFO - 
============================================================
2026-02-19 17:09:03,784 - INFO - Running paper trading for 2025-10-09
2026-02-19 17:09:03,784 - INFO - ============================================================
2026-02-19 17:09:03,785 - INFO - Portfolio construction: 38 longs, 38 shorts (from 38 candidates)
2026-02-19 17:09:03,785 - INFO - Vol targeting: rolling_vol=0.0499, scale=1.6037
2026-02-19 17:09:03,785 - INFO - PnL Net: -0.0093 | Scaled: -0.0149 | Turnover: 6.11% | Vol Scale: 1.60
2026-02-19 17:09:03,785 - INFO - 
============================================================
2026-02-19 17:09:03,785 - INFO - Running paper trading for 2025-10-10
2026-02-19 17:09:03,785 - INFO - ============================================================
2026-02-19 17:09:03,787 - INFO - Portfolio construction: 38 longs, 38 shorts (from 38 candidates)
2026-02-19 17:09:03,789 - INFO - Vol targeting: rolling_vol=0.0501, scale=1.5958
2026-02-19 17:09:03,789 - INFO - PnL Net: 0.0026 | Scaled: 0.0041 | Turnover: 16.58% | Vol Scale: 1.60
2026-02-19 17:09:03,789 - INFO - 
============================================================
2026-02-19 17:09:03,789 - INFO - Running paper trading for 2025-10-13
2026-02-19 17:09:03,789 - INFO - ============================================================
2026-02-19 17:09:03,791 - INFO - Portfolio construction: 38 longs, 36 shorts (from 38 candidates)
2026-02-19 17:09:03,792 - INFO - Vol targeting: rolling_vol=0.0500, scale=1.5985
2026-02-19 17:09:03,792 - INFO - PnL Net: 0.0001 | Scaled: 0.0001 | Turnover: 21.87% | Vol Scale: 1.60
2026-02-19 17:09:03,792 - INFO - 
============================================================
2026-02-19 17:09:03,792 - INFO - Running paper trading for 2025-10-14
2026-02-19 17:09:03,792 - INFO - ============================================================
2026-02-19 17:09:03,794 - INFO - Portfolio construction: 38 longs, 38 shorts (from 38 candidates)
2026-02-19 17:09:03,794 - INFO - Vol targeting: rolling_vol=0.0503, scale=1.5894
2026-02-19 17:09:03,794 - INFO - PnL Net: 0.0017 | Scaled: 0.0028 | Turnover: 19.87% | Vol Scale: 1.59
2026-02-19 17:09:03,794 - INFO - 
============================================================
2026-02-19 17:09:03,794 - INFO - Running paper trading for 2025-10-15
2026-02-19 17:09:03,794 - INFO - ============================================================
2026-02-19 17:09:03,796 - INFO - Portfolio construction: 38 longs, 38 shorts (from 38 candidates)
2026-02-19 17:09:03,796 - INFO - Vol targeting: rolling_vol=0.0506, scale=1.5825
2026-02-19 17:09:03,796 - WARNING - KS3 TRIGGERED: 60-day Sharpe -0.2138 < 0
2026-02-19 17:09:03,796 - INFO - PnL Net: -0.0039 | Scaled: -0.0062 | Turnover: 19.76% | Vol Scale: 1.58
2026-02-19 17:09:03,796 - INFO - 
============================================================
2026-02-19 17:09:03,796 - INFO - Running paper trading for 2025-10-16
2026-02-19 17:09:03,796 - INFO - ============================================================
2026-02-19 17:09:03,797 - INFO - Portfolio construction: 38 longs, 38 shorts (from 38 candidates)
2026-02-19 17:09:03,797 - INFO - Vol targeting: rolling_vol=0.0497, scale=1.6093
2026-02-19 17:09:03,797 - INFO - PnL Net: 0.0004 | Scaled: 0.0006 | Turnover: 19.81% | Vol Scale: 1.61
2026-02-19 17:09:03,797 - INFO - 
============================================================
2026-02-19 17:09:03,797 - INFO - Running paper trading for 2025-10-17
2026-02-19 17:09:03,797 - INFO - ============================================================
2026-02-19 17:09:03,799 - INFO - Portfolio construction: 38 longs, 2 shorts (from 38 candidates)
2026-02-19 17:09:03,800 - INFO - Vol targeting: rolling_vol=0.0522, scale=1.5325
2026-02-19 17:09:03,800 - INFO - PnL Net: 0.0050 | Scaled: 0.0077 | Turnover: 21.18% | Vol Scale: 1.53
2026-02-19 17:09:03,800 - INFO - 
============================================================
2026-02-19 17:09:03,800 - INFO - Running paper trading for 2025-10-20
2026-02-19 17:09:03,800 - INFO - ============================================================
2026-02-19 17:09:03,801 - INFO - Portfolio construction: 38 longs, 38 shorts (from 38 candidates)
2026-02-19 17:09:03,801 - INFO - Vol targeting: rolling_vol=0.0521, scale=1.5369
2026-02-19 17:09:03,801 - INFO - PnL Net: 0.0028 | Scaled: 0.0043 | Turnover: 19.97% | Vol Scale: 1.54
2026-02-19 17:09:03,801 - INFO - 
============================================================
2026-02-19 17:09:03,801 - INFO - Running paper trading for 2025-10-21
2026-02-19 17:09:03,802 - INFO - ============================================================
2026-02-19 17:09:03,802 - INFO - Portfolio construction: 38 longs, 38 shorts (from 38 candidates)
2026-02-19 17:09:03,803 - INFO - Vol targeting: rolling_vol=0.0528, scale=1.5154
2026-02-19 17:09:03,803 - INFO - PnL Net: -0.0020 | Scaled: -0.0030 | Turnover: 17.75% | Vol Scale: 1.52
2026-02-19 17:09:03,803 - INFO - 
============================================================
2026-02-19 17:09:03,803 - INFO - Running paper trading for 2025-10-22
2026-02-19 17:09:03,803 - INFO - ============================================================
2026-02-19 17:09:03,804 - INFO - Portfolio construction: 38 longs, 38 shorts (from 38 candidates)
2026-02-19 17:09:03,804 - INFO - Vol targeting: rolling_vol=0.0516, scale=1.5499
2026-02-19 17:09:03,804 - INFO - PnL Net: 0.0046 | Scaled: 0.0071 | Turnover: 16.55% | Vol Scale: 1.55
2026-02-19 17:09:03,804 - INFO - 
============================================================
2026-02-19 17:09:03,804 - INFO - Running paper trading for 2025-10-23
2026-02-19 17:09:03,804 - INFO - ============================================================
2026-02-19 17:09:03,806 - INFO - Portfolio construction: 38 longs, 38 shorts (from 38 candidates)
2026-02-19 17:09:03,806 - INFO - Vol targeting: rolling_vol=0.0510, scale=1.5701
2026-02-19 17:09:03,806 - INFO - PnL Net: 0.0010 | Scaled: 0.0015 | Turnover: 18.04% | Vol Scale: 1.57
2026-02-19 17:09:03,806 - INFO - 
============================================================
2026-02-19 17:09:03,806 - INFO - Running paper trading for 2025-10-24
2026-02-19 17:09:03,806 - INFO - ============================================================
2026-02-19 17:09:03,807 - INFO - Portfolio construction: 38 longs, 38 shorts (from 38 candidates)
2026-02-19 17:09:03,808 - INFO - Vol targeting: rolling_vol=0.0511, scale=1.5665
2026-02-19 17:09:03,808 - INFO - PnL Net: 0.0018 | Scaled: 0.0028 | Turnover: 20.07% | Vol Scale: 1.57
2026-02-19 17:09:03,808 - INFO - 
============================================================
2026-02-19 17:09:03,808 - INFO - Running paper trading for 2025-10-27
2026-02-19 17:09:03,808 - INFO - ============================================================
2026-02-19 17:09:03,809 - INFO - Portfolio construction: 38 longs, 38 shorts (from 38 candidates)
2026-02-19 17:09:03,809 - INFO - Vol targeting: rolling_vol=0.0513, scale=1.5609
2026-02-19 17:09:03,809 - INFO - PnL Net: -0.0005 | Scaled: -0.0007 | Turnover: 20.20% | Vol Scale: 1.56
2026-02-19 17:09:03,809 - INFO - 
============================================================
2026-02-19 17:09:03,809 - INFO - Running paper trading for 2025-10-28
2026-02-19 17:09:03,809 - INFO - ============================================================
2026-02-19 17:09:03,810 - INFO - Portfolio construction: 38 longs, 38 shorts (from 38 candidates)
2026-02-19 17:09:03,810 - INFO - Vol targeting: rolling_vol=0.0516, scale=1.5503
2026-02-19 17:09:03,810 - INFO - PnL Net: -0.0011 | Scaled: -0.0017 | Turnover: 17.57% | Vol Scale: 1.55
2026-02-19 17:09:03,810 - INFO - 
============================================================
2026-02-19 17:09:03,810 - INFO - Running paper trading for 2025-10-29
2026-02-19 17:09:03,810 - INFO - ============================================================
2026-02-19 17:09:03,811 - INFO - Portfolio construction: 38 longs, 38 shorts (from 38 candidates)
2026-02-19 17:09:03,811 - INFO - Vol targeting: rolling_vol=0.0533, scale=1.4997
2026-02-19 17:09:03,811 - INFO - PnL Net: -0.0041 | Scaled: -0.0061 | Turnover: 16.24% | Vol Scale: 1.50
2026-02-19 17:09:03,811 - INFO - 
============================================================
2026-02-19 17:09:03,811 - INFO - Running paper trading for 2025-10-30
2026-02-19 17:09:03,811 - INFO - ============================================================
2026-02-19 17:09:03,812 - INFO - Portfolio construction: 38 longs, 38 shorts (from 38 candidates)
2026-02-19 17:09:03,813 - INFO - Vol targeting: rolling_vol=0.0529, scale=1.5111
2026-02-19 17:09:03,813 - INFO - PnL Net: 0.0019 | Scaled: 0.0029 | Turnover: 17.83% | Vol Scale: 1.51
2026-02-19 17:09:03,813 - INFO - 
============================================================
2026-02-19 17:09:03,813 - INFO - Running paper trading for 2025-10-31
2026-02-19 17:09:03,813 - INFO - ============================================================
2026-02-19 17:09:03,814 - INFO - Portfolio construction: 38 longs, 38 shorts (from 38 candidates)
2026-02-19 17:09:03,814 - INFO - Vol targeting: rolling_vol=0.0514, scale=1.5577
2026-02-19 17:09:03,814 - INFO - PnL Net: -0.0012 | Scaled: -0.0019 | Turnover: 17.75% | Vol Scale: 1.56
2026-02-19 17:09:03,814 - INFO - 
============================================================
2026-02-19 17:09:03,814 - INFO - Running paper trading for 2025-11-03
2026-02-19 17:09:03,814 - INFO - ============================================================
2026-02-19 17:09:03,814 - INFO - Portfolio construction: 38 longs, 38 shorts (from 38 candidates)
2026-02-19 17:09:03,814 - INFO - Vol targeting: rolling_vol=0.0532, scale=1.5032
2026-02-19 17:09:03,814 - INFO - PnL Net: -0.0044 | Scaled: -0.0065 | Turnover: 18.48% | Vol Scale: 1.50
2026-02-19 17:09:03,814 - INFO - 
============================================================
2026-02-19 17:09:03,816 - INFO - Running paper trading for 2025-11-04
2026-02-19 17:09:03,816 - INFO - ============================================================
2026-02-19 17:09:03,816 - INFO - Portfolio construction: 38 longs, 38 shorts (from 38 candidates)
2026-02-19 17:09:03,816 - INFO - Vol targeting: rolling_vol=0.0532, scale=1.5046
2026-02-19 17:09:03,816 - INFO - PnL Net: 0.0027 | Scaled: 0.0040 | Turnover: 18.50% | Vol Scale: 1.50
2026-02-19 17:09:03,816 - INFO - 
============================================================
2026-02-19 17:09:03,816 - INFO - Running paper trading for 2025-11-05
2026-02-19 17:09:03,816 - INFO - ============================================================
2026-02-19 17:09:03,818 - INFO - Portfolio construction: 38 longs, 38 shorts (from 38 candidates)
2026-02-19 17:09:03,818 - INFO - Vol targeting: rolling_vol=0.0556, scale=1.4381
2026-02-19 17:09:03,818 - WARNING - KS3 TRIGGERED: 60-day Sharpe -0.0205 < 0
2026-02-19 17:09:03,818 - INFO - PnL Net: -0.0050 | Scaled: -0.0071 | Turnover: 18.91% | Vol Scale: 1.44
2026-02-19 17:09:03,818 - INFO - 
============================================================
2026-02-19 17:09:03,818 - INFO - Running paper trading for 2025-11-06
2026-02-19 17:09:03,818 - INFO - ============================================================
2026-02-19 17:09:03,818 - INFO - Portfolio construction: 38 longs, 38 shorts (from 38 candidates)
2026-02-19 17:09:03,818 - INFO - Vol targeting: rolling_vol=0.0450, scale=1.7759
2026-02-19 17:09:03,818 - WARNING - KS3 TRIGGERED: 60-day Sharpe -0.0011 < 0
2026-02-19 17:09:03,820 - INFO - PnL Net: 0.0004 | Scaled: 0.0007 | Turnover: 19.27% | Vol Scale: 1.78
2026-02-19 17:09:03,820 - INFO - 
============================================================
2026-02-19 17:09:03,820 - INFO - Running paper trading for 2025-11-07
2026-02-19 17:09:03,820 - INFO - ============================================================
2026-02-19 17:09:03,820 - WARNING - No negative predictions for shorts - skipping short positions
2026-02-19 17:09:03,820 - INFO - Portfolio construction: 38 longs, 0 shorts (from 38 candidates)
2026-02-19 17:09:03,820 - INFO - Vol targeting: rolling_vol=0.0446, scale=1.7921
2026-02-19 17:09:03,820 - INFO - PnL Net: 0.0019 | Scaled: 0.0034 | Turnover: 13.18% | Vol Scale: 1.79
2026-02-19 17:09:03,820 - INFO - 
============================================================
2026-02-19 17:09:03,820 - INFO - Running paper trading for 2025-11-10
2026-02-19 17:09:03,820 - INFO - ============================================================
2026-02-19 17:09:03,822 - INFO - Portfolio construction: 38 longs, 38 shorts (from 38 candidates)
2026-02-19 17:09:03,823 - INFO - Vol targeting: rolling_vol=0.0454, scale=1.7634
2026-02-19 17:09:03,823 - INFO - PnL Net: 0.0024 | Scaled: 0.0043 | Turnover: 18.16% | Vol Scale: 1.76
2026-02-19 17:09:03,823 - INFO - 
============================================================
2026-02-19 17:09:03,823 - INFO - Running paper trading for 2025-11-11
2026-02-19 17:09:03,823 - INFO - ============================================================
2026-02-19 17:09:03,823 - INFO - Portfolio construction: 38 longs, 38 shorts (from 38 candidates)
2026-02-19 17:09:03,823 - INFO - Vol targeting: rolling_vol=0.0464, scale=1.7224
2026-02-19 17:09:03,823 - INFO - PnL Net: 0.0034 | Scaled: 0.0059 | Turnover: 16.31% | Vol Scale: 1.72
2026-02-19 17:09:03,823 - INFO - 
============================================================
2026-02-19 17:09:03,823 - INFO - Running paper trading for 2025-11-12
2026-02-19 17:09:03,823 - INFO - ============================================================
2026-02-19 17:09:03,825 - INFO - Portfolio construction: 38 longs, 38 shorts (from 38 candidates)
2026-02-19 17:09:03,825 - INFO - Vol targeting: rolling_vol=0.0448, scale=1.7861
2026-02-19 17:09:03,825 - INFO - PnL Net: -0.0022 | Scaled: -0.0039 | Turnover: 15.82% | Vol Scale: 1.79
2026-02-19 17:09:03,825 - INFO - 
============================================================
2026-02-19 17:09:03,825 - INFO - Running paper trading for 2025-11-13
2026-02-19 17:09:03,825 - INFO - ============================================================
2026-02-19 17:09:03,827 - INFO - Portfolio construction: 38 longs, 38 shorts (from 38 candidates)
2026-02-19 17:09:03,827 - INFO - Vol targeting: rolling_vol=0.0464, scale=1.7238
2026-02-19 17:09:03,827 - INFO - PnL Net: -0.0031 | Scaled: -0.0054 | Turnover: 17.53% | Vol Scale: 1.72
2026-02-19 17:09:03,827 - INFO - 
============================================================
2026-02-19 17:09:03,827 - INFO - Running paper trading for 2025-11-14
2026-02-19 17:09:03,827 - INFO - ============================================================
2026-02-19 17:09:03,829 - INFO - Portfolio construction: 38 longs, 38 shorts (from 38 candidates)
2026-02-19 17:09:03,829 - INFO - Vol targeting: rolling_vol=0.0494, scale=1.6195
2026-02-19 17:09:03,829 - WARNING - KS3 TRIGGERED: 60-day Sharpe -1.2139 < 0
2026-02-19 17:09:03,829 - INFO - PnL Net: -0.0071 | Scaled: -0.0114 | Turnover: 18.41% | Vol Scale: 1.62
2026-02-19 17:09:03,829 - INFO - 
============================================================
2026-02-19 17:09:03,829 - INFO - Running paper trading for 2025-11-17
2026-02-19 17:09:03,829 - INFO - ============================================================
2026-02-19 17:09:03,829 - INFO - Portfolio construction: 38 longs, 38 shorts (from 38 candidates)
2026-02-19 17:09:03,829 - INFO - Vol targeting: rolling_vol=0.0481, scale=1.6647
2026-02-19 17:09:03,829 - WARNING - KS3 TRIGGERED: 60-day Sharpe -0.9382 < 0
2026-02-19 17:09:03,829 - INFO - PnL Net: -0.0011 | Scaled: -0.0018 | Turnover: 18.60% | Vol Scale: 1.66
2026-02-19 17:09:03,829 - INFO - 
============================================================
2026-02-19 17:09:03,829 - INFO - Running paper trading for 2025-11-18
2026-02-19 17:09:03,829 - INFO - ============================================================
2026-02-19 17:09:03,831 - INFO - Portfolio construction: 38 longs, 38 shorts (from 38 candidates)
2026-02-19 17:09:03,831 - INFO - Vol targeting: rolling_vol=0.0478, scale=1.6738
2026-02-19 17:09:03,831 - WARNING - KS3 TRIGGERED: 60-day Sharpe -0.9945 < 0
2026-02-19 17:09:03,831 - INFO - PnL Net: -0.0001 | Scaled: -0.0002 | Turnover: 17.82% | Vol Scale: 1.67
2026-02-19 17:09:03,831 - INFO - 
============================================================
2026-02-19 17:09:03,831 - INFO - Running paper trading for 2025-11-19
2026-02-19 17:09:03,831 - INFO - ============================================================
2026-02-19 17:09:03,833 - INFO - Portfolio construction: 38 longs, 10 shorts (from 38 candidates)
2026-02-19 17:09:03,833 - INFO - Vol targeting: rolling_vol=0.0464, scale=1.7231
2026-02-19 17:09:03,833 - WARNING - KS3 TRIGGERED: 60-day Sharpe -1.4547 < 0
2026-02-19 17:09:03,833 - INFO - PnL Net: -0.0049 | Scaled: -0.0085 | Turnover: 20.34% | Vol Scale: 1.72
2026-02-19 17:09:03,833 - INFO - 
============================================================
2026-02-19 17:09:03,833 - INFO - Running paper trading for 2025-11-20
2026-02-19 17:09:03,833 - INFO - ============================================================
2026-02-19 17:09:03,833 - INFO - Portfolio construction: 38 longs, 4 shorts (from 38 candidates)
2026-02-19 17:09:03,833 - INFO - Vol targeting: rolling_vol=0.0537, scale=1.4897
2026-02-19 17:09:03,833 - WARNING - KS3 TRIGGERED: 60-day Sharpe -0.7805 < 0
2026-02-19 17:09:03,833 - INFO - PnL Net: 0.0070 | Scaled: 0.0104 | Turnover: 18.63% | Vol Scale: 1.49
2026-02-19 17:09:03,833 - INFO - 
============================================================
2026-02-19 17:09:03,833 - INFO - Running paper trading for 2025-11-21
2026-02-19 17:09:03,833 - INFO - ============================================================
2026-02-19 17:09:03,835 - WARNING - No negative predictions for shorts - skipping short positions
2026-02-19 17:09:03,835 - INFO - Portfolio construction: 38 longs, 0 shorts (from 38 candidates)
2026-02-19 17:09:03,835 - INFO - Vol targeting: rolling_vol=0.0544, scale=1.4711
2026-02-19 17:09:03,835 - WARNING - KS3 TRIGGERED: 60-day Sharpe -0.5647 < 0
2026-02-19 17:09:03,835 - INFO - PnL Net: 0.0028 | Scaled: 0.0041 | Turnover: 14.74% | Vol Scale: 1.47
2026-02-19 17:09:03,835 - INFO - 
============================================================
2026-02-19 17:09:03,835 - INFO - Running paper trading for 2025-11-24
2026-02-19 17:09:03,835 - INFO - ============================================================
2026-02-19 17:09:03,837 - INFO - Portfolio construction: 38 longs, 38 shorts (from 38 candidates)
2026-02-19 17:09:03,837 - INFO - Vol targeting: rolling_vol=0.0569, scale=1.4057
2026-02-19 17:09:03,837 - WARNING - KS3 TRIGGERED: 60-day Sharpe -0.0606 < 0
2026-02-19 17:09:03,837 - INFO - PnL Net: 0.0042 | Scaled: 0.0060 | Turnover: 18.63% | Vol Scale: 1.41
2026-02-19 17:09:03,837 - INFO - 
============================================================
2026-02-19 17:09:03,837 - INFO - Running paper trading for 2025-11-25
2026-02-19 17:09:03,837 - INFO - ============================================================
2026-02-19 17:09:03,838 - INFO - Portfolio construction: 38 longs, 29 shorts (from 38 candidates)
2026-02-19 17:09:03,838 - INFO - Vol targeting: rolling_vol=0.0582, scale=1.3744
2026-02-19 17:09:03,838 - INFO - PnL Net: 0.0033 | Scaled: 0.0045 | Turnover: 16.83% | Vol Scale: 1.37
2026-02-19 17:09:03,838 - INFO - 
============================================================
2026-02-19 17:09:03,838 - INFO - Running paper trading for 2025-11-26
2026-02-19 17:09:03,838 - INFO - ============================================================
2026-02-19 17:09:03,839 - INFO - Portfolio construction: 38 longs, 38 shorts (from 38 candidates)
2026-02-19 17:09:03,839 - INFO - Vol targeting: rolling_vol=0.0572, scale=1.3978
2026-02-19 17:09:03,839 - INFO - PnL Net: 0.0028 | Scaled: 0.0039 | Turnover: 19.67% | Vol Scale: 1.40
2026-02-19 17:09:03,839 - INFO - 
============================================================
2026-02-19 17:09:03,839 - INFO - Running paper trading for 2025-11-28
2026-02-19 17:09:03,839 - INFO - ============================================================
2026-02-19 17:09:03,842 - INFO - Portfolio construction: 38 longs, 38 shorts (from 38 candidates)
2026-02-19 17:09:03,842 - INFO - Vol targeting: rolling_vol=0.0570, scale=1.4044
2026-02-19 17:09:03,842 - INFO - PnL Net: -0.0008 | Scaled: -0.0011 | Turnover: 18.71% | Vol Scale: 1.40
2026-02-19 17:09:03,842 - INFO - 
============================================================
2026-02-19 17:09:03,842 - INFO - Running paper trading for 2025-12-01
2026-02-19 17:09:03,842 - INFO - ============================================================
2026-02-19 17:09:03,842 - INFO - Portfolio construction: 38 longs, 38 shorts (from 38 candidates)
2026-02-19 17:09:03,842 - INFO - Vol targeting: rolling_vol=0.0577, scale=1.3855
2026-02-19 17:09:03,842 - INFO - PnL Net: 0.0032 | Scaled: 0.0044 | Turnover: 17.87% | Vol Scale: 1.39
2026-02-19 17:09:03,842 - INFO - 
============================================================
2026-02-19 17:09:03,842 - INFO - Running paper trading for 2025-12-02
2026-02-19 17:09:03,842 - INFO - ============================================================
2026-02-19 17:09:03,844 - INFO - Portfolio construction: 38 longs, 38 shorts (from 38 candidates)
2026-02-19 17:09:03,844 - INFO - Vol targeting: rolling_vol=0.0579, scale=1.3813
2026-02-19 17:09:03,844 - INFO - PnL Net: 0.0056 | Scaled: 0.0077 | Turnover: 20.20% | Vol Scale: 1.38
2026-02-19 17:09:03,844 - INFO - 
============================================================
2026-02-19 17:09:03,844 - INFO - Running paper trading for 2025-12-03
2026-02-19 17:09:03,844 - INFO - ============================================================
2026-02-19 17:09:03,846 - INFO - Portfolio construction: 38 longs, 38 shorts (from 38 candidates)
2026-02-19 17:09:03,846 - INFO - Vol targeting: rolling_vol=0.0576, scale=1.3891
2026-02-19 17:09:03,846 - INFO - PnL Net: -0.0002 | Scaled: -0.0003 | Turnover: 19.11% | Vol Scale: 1.39
2026-02-19 17:09:03,846 - INFO - 
============================================================
2026-02-19 17:09:03,846 - INFO - Running paper trading for 2025-12-04
2026-02-19 17:09:03,846 - INFO - ============================================================
2026-02-19 17:09:03,847 - INFO - Portfolio construction: 38 longs, 3 shorts (from 38 candidates)
2026-02-19 17:09:03,847 - INFO - Vol targeting: rolling_vol=0.0539, scale=1.4845
2026-02-19 17:09:03,847 - INFO - PnL Net: 0.0005 | Scaled: 0.0008 | Turnover: 19.09% | Vol Scale: 1.48
2026-02-19 17:09:03,847 - INFO - 
============================================================
2026-02-19 17:09:03,847 - INFO - Running paper trading for 2025-12-05
2026-02-19 17:09:03,847 - INFO - ============================================================
2026-02-19 17:09:03,848 - INFO - Portfolio construction: 38 longs, 2 shorts (from 38 candidates)
2026-02-19 17:09:03,848 - INFO - Vol targeting: rolling_vol=0.0571, scale=1.4018
2026-02-19 17:09:03,848 - INFO - PnL Net: -0.0045 | Scaled: -0.0063 | Turnover: 19.14% | Vol Scale: 1.40
2026-02-19 17:09:03,848 - INFO - 
============================================================
2026-02-19 17:09:03,848 - INFO - Running paper trading for 2025-12-08
2026-02-19 17:09:03,848 - INFO - ============================================================
2026-02-19 17:09:03,850 - WARNING - No negative predictions for shorts - skipping short positions
2026-02-19 17:09:03,850 - INFO - Portfolio construction: 38 longs, 0 shorts (from 38 candidates)
2026-02-19 17:09:03,850 - INFO - Vol targeting: rolling_vol=0.0570, scale=1.4030
2026-02-19 17:09:03,850 - INFO - PnL Net: -0.0005 | Scaled: -0.0008 | Turnover: 15.68% | Vol Scale: 1.40
2026-02-19 17:09:03,850 - INFO - 
============================================================
2026-02-19 17:09:03,850 - INFO - Running paper trading for 2025-12-09
2026-02-19 17:09:03,850 - INFO - ============================================================
2026-02-19 17:09:03,850 - INFO - Portfolio construction: 38 longs, 2 shorts (from 38 candidates)
2026-02-19 17:09:03,852 - INFO - Vol targeting: rolling_vol=0.0607, scale=1.3183
2026-02-19 17:09:03,852 - INFO - PnL Net: 0.0068 | Scaled: 0.0089 | Turnover: 18.84% | Vol Scale: 1.32
2026-02-19 17:09:03,852 - INFO - 
============================================================
2026-02-19 17:09:03,852 - INFO - Running paper trading for 2025-12-10
2026-02-19 17:09:03,852 - INFO - ============================================================
2026-02-19 17:09:03,852 - WARNING - No negative predictions for shorts - skipping short positions
2026-02-19 17:09:03,852 - INFO - Portfolio construction: 38 longs, 0 shorts (from 38 candidates)
2026-02-19 17:09:03,852 - INFO - Vol targeting: rolling_vol=0.0675, scale=1.1847
2026-02-19 17:09:03,852 - INFO - PnL Net: 0.0096 | Scaled: 0.0114 | Turnover: 13.56% | Vol Scale: 1.18
2026-02-19 17:09:03,852 - INFO - 
============================================================
2026-02-19 17:09:03,852 - INFO - Running paper trading for 2025-12-11
2026-02-19 17:09:03,852 - INFO - ============================================================
2026-02-19 17:09:03,854 - INFO - Portfolio construction: 38 longs, 38 shorts (from 38 candidates)
2026-02-19 17:09:03,854 - INFO - Vol targeting: rolling_vol=0.0665, scale=1.2031
2026-02-19 17:09:03,854 - INFO - PnL Net: 0.0011 | Scaled: 0.0013 | Turnover: 17.58% | Vol Scale: 1.20
2026-02-19 17:09:03,854 - INFO - 
============================================================
2026-02-19 17:09:03,854 - INFO - Running paper trading for 2025-12-12
2026-02-19 17:09:03,854 - INFO - ============================================================
2026-02-19 17:09:03,855 - INFO - Portfolio construction: 38 longs, 38 shorts (from 38 candidates)
2026-02-19 17:09:03,856 - INFO - Vol targeting: rolling_vol=0.0646, scale=1.2379
2026-02-19 17:09:03,856 - INFO - PnL Net: 0.0020 | Scaled: 0.0025 | Turnover: 20.65% | Vol Scale: 1.24
2026-02-19 17:09:03,857 - INFO - 
============================================================
2026-02-19 17:09:03,857 - INFO - Running paper trading for 2025-12-15
2026-02-19 17:09:03,857 - INFO - ============================================================
2026-02-19 17:09:03,857 - INFO - Portfolio construction: 38 longs, 38 shorts (from 38 candidates)
2026-02-19 17:09:03,857 - INFO - Vol targeting: rolling_vol=0.0592, scale=1.3522
2026-02-19 17:09:03,858 - INFO - PnL Net: -0.0030 | Scaled: -0.0041 | Turnover: 19.78% | Vol Scale: 1.35
2026-02-19 17:09:03,858 - INFO - 
============================================================
2026-02-19 17:09:03,858 - INFO - Running paper trading for 2025-12-16
2026-02-19 17:09:03,858 - INFO - ============================================================
2026-02-19 17:09:03,859 - INFO - Portfolio construction: 38 longs, 38 shorts (from 38 candidates)
2026-02-19 17:09:03,859 - INFO - Vol targeting: rolling_vol=0.0591, scale=1.3527
2026-02-19 17:09:03,859 - INFO - PnL Net: -0.0011 | Scaled: -0.0014 | Turnover: 18.63% | Vol Scale: 1.35
2026-02-19 17:09:03,859 - INFO - 
============================================================
2026-02-19 17:09:03,859 - INFO - Running paper trading for 2025-12-17
2026-02-19 17:09:03,859 - INFO - ============================================================
2026-02-19 17:09:03,861 - INFO - Portfolio construction: 38 longs, 38 shorts (from 38 candidates)
2026-02-19 17:09:03,861 - INFO - Vol targeting: rolling_vol=0.0590, scale=1.3570
2026-02-19 17:09:03,861 - INFO - PnL Net: 0.0005 | Scaled: 0.0007 | Turnover: 18.11% | Vol Scale: 1.36
2026-02-19 17:09:03,861 - INFO - 
============================================================
2026-02-19 17:09:03,861 - INFO - Running paper trading for 2025-12-18
2026-02-19 17:09:03,861 - INFO - ============================================================
2026-02-19 17:09:03,861 - INFO - Portfolio construction: 38 longs, 38 shorts (from 38 candidates)
2026-02-19 17:09:03,861 - INFO - Vol targeting: rolling_vol=0.0538, scale=1.4865
2026-02-19 17:09:03,861 - INFO - PnL Net: 0.0014 | Scaled: 0.0021 | Turnover: 15.89% | Vol Scale: 1.49
2026-02-19 17:09:03,863 - INFO - 
============================================================
2026-02-19 17:09:03,863 - INFO - Running paper trading for 2025-12-19
2026-02-19 17:09:03,863 - INFO - ============================================================
2026-02-19 17:09:03,863 - INFO - Portfolio construction: 38 longs, 38 shorts (from 38 candidates)
2026-02-19 17:09:03,863 - INFO - Vol targeting: rolling_vol=0.0508, scale=1.5738
2026-02-19 17:09:03,863 - INFO - PnL Net: 0.0029 | Scaled: 0.0046 | Turnover: 15.26% | Vol Scale: 1.57
2026-02-19 17:09:03,863 - INFO - 
============================================================
2026-02-19 17:09:03,863 - INFO - Running paper trading for 2025-12-22
2026-02-19 17:09:03,863 - INFO - ============================================================
2026-02-19 17:09:03,865 - INFO - Portfolio construction: 38 longs, 38 shorts (from 38 candidates)
2026-02-19 17:09:03,865 - INFO - Vol targeting: rolling_vol=0.0516, scale=1.5517
2026-02-19 17:09:03,865 - INFO - PnL Net: -0.0009 | Scaled: -0.0014 | Turnover: 16.20% | Vol Scale: 1.55
2026-02-19 17:09:03,865 - INFO - 
============================================================
2026-02-19 17:09:03,865 - INFO - Running paper trading for 2025-12-23
2026-02-19 17:09:03,865 - INFO - ============================================================
2026-02-19 17:09:03,866 - INFO - Portfolio construction: 38 longs, 38 shorts (from 38 candidates)
2026-02-19 17:09:03,866 - INFO - Vol targeting: rolling_vol=0.0507, scale=1.5785
2026-02-19 17:09:03,866 - INFO - PnL Net: 0.0014 | Scaled: 0.0022 | Turnover: 18.49% | Vol Scale: 1.58
2026-02-19 17:09:03,866 - INFO - 
============================================================
2026-02-19 17:09:03,866 - INFO - Running paper trading for 2025-12-24
2026-02-19 17:09:03,866 - INFO - ============================================================
2026-02-19 17:09:03,868 - INFO - Portfolio construction: 38 longs, 38 shorts (from 38 candidates)
2026-02-19 17:09:03,868 - INFO - Vol targeting: rolling_vol=0.0504, scale=1.5889
2026-02-19 17:09:03,868 - INFO - PnL Net: 0.0005 | Scaled: 0.0008 | Turnover: 17.12% | Vol Scale: 1.59
2026-02-19 17:09:03,868 - INFO - 
============================================================
2026-02-19 17:09:03,868 - INFO - Running paper trading for 2025-12-26
2026-02-19 17:09:03,868 - INFO - ============================================================
2026-02-19 17:09:03,868 - INFO - Portfolio construction: 38 longs, 38 shorts (from 38 candidates)
2026-02-19 17:09:03,868 - INFO - Vol targeting: rolling_vol=0.0515, scale=1.5540
2026-02-19 17:09:03,868 - INFO - PnL Net: -0.0022 | Scaled: -0.0034 | Turnover: 16.78% | Vol Scale: 1.55
2026-02-19 17:09:03,868 - INFO - 
============================================================
2026-02-19 17:09:03,868 - INFO - Running paper trading for 2025-12-29
2026-02-19 17:09:03,868 - INFO - ============================================================
2026-02-19 17:09:03,870 - INFO - Portfolio construction: 38 longs, 38 shorts (from 38 candidates)
2026-02-19 17:09:03,870 - INFO - Vol targeting: rolling_vol=0.0514, scale=1.5572
2026-02-19 17:09:03,870 - INFO - PnL Net: -0.0006 | Scaled: -0.0009 | Turnover: 15.33% | Vol Scale: 1.56
2026-02-19 17:09:03,870 - INFO - 
============================================================
2026-02-19 17:09:03,870 - INFO - Running paper trading for 2026-02-06
2026-02-19 17:09:03,870 - INFO - ============================================================
2026-02-19 17:09:03,872 - INFO - Portfolio construction: 38 longs, 38 shorts (from 38 candidates)
2026-02-19 17:09:03,872 - INFO - Vol targeting: rolling_vol=0.0513, scale=1.5602
2026-02-19 17:09:03,872 - INFO - PnL Net: -0.0009 | Scaled: -0.0014 | Turnover: 21.13% | Vol Scale: 1.56
2026-02-19 17:09:03,872 - INFO - 
============================================================
2026-02-19 17:09:03,872 - INFO - Running paper trading for 2026-02-09
2026-02-19 17:09:03,873 - INFO - ============================================================
2026-02-19 17:09:03,873 - INFO - Portfolio construction: 38 longs, 38 shorts (from 38 candidates)
2026-02-19 17:09:03,873 - INFO - Vol targeting: rolling_vol=0.0485, scale=1.6506
2026-02-19 17:09:03,875 - INFO - PnL Net: -0.0001 | Scaled: -0.0001 | Turnover: 18.54% | Vol Scale: 1.65
2026-02-19 17:09:03,875 - INFO - 
============================================================
2026-02-19 17:09:03,875 - INFO - Running paper trading for 2026-02-10
2026-02-19 17:09:03,875 - INFO - ============================================================
2026-02-19 17:09:03,875 - INFO - Portfolio construction: 38 longs, 38 shorts (from 38 candidates)
2026-02-19 17:09:03,875 - INFO - Vol targeting: rolling_vol=0.0499, scale=1.6041
2026-02-19 17:09:03,875 - INFO - PnL Net: -0.0028 | Scaled: -0.0046 | Turnover: 16.32% | Vol Scale: 1.60
2026-02-19 17:09:03,875 - INFO - 
============================================================
2026-02-19 17:09:03,875 - INFO - Running paper trading for 2026-02-11
2026-02-19 17:09:03,875 - INFO - ============================================================
2026-02-19 17:09:03,877 - INFO - Portfolio construction: 38 longs, 38 shorts (from 38 candidates)
2026-02-19 17:09:03,877 - INFO - Vol targeting: rolling_vol=0.0607, scale=1.3188
2026-02-19 17:09:03,877 - INFO - PnL Net: -0.0095 | Scaled: -0.0125 | Turnover: 14.16% | Vol Scale: 1.32
2026-02-19 17:09:03,877 - INFO - 
============================================================
2026-02-19 17:09:03,877 - INFO - Running paper trading for 2026-02-12
2026-02-19 17:09:03,877 - INFO - ============================================================
2026-02-19 17:09:03,879 - INFO - Portfolio construction: 38 longs, 38 shorts (from 38 candidates)
2026-02-19 17:09:03,879 - INFO - Vol targeting: rolling_vol=0.0586, scale=1.3654
2026-02-19 17:09:03,879 - INFO - PnL Net: 0.0017 | Scaled: 0.0023 | Turnover: 12.15% | Vol Scale: 1.37
2026-02-19 17:09:03,879 - INFO - 
============================================================
2026-02-19 17:09:03,879 - INFO - Running paper trading for 2026-02-13
2026-02-19 17:09:03,879 - INFO - ============================================================
2026-02-19 17:09:03,879 - INFO - Portfolio construction: 38 longs, 38 shorts (from 38 candidates)
2026-02-19 17:09:03,881 - INFO - Vol targeting: rolling_vol=0.0585, scale=1.3673
2026-02-19 17:09:03,881 - INFO - PnL Net: 0.0003 | Scaled: 0.0004 | Turnover: 11.94% | Vol Scale: 1.37
2026-02-19 17:09:03,881 - INFO - 
============================================================
2026-02-19 17:09:03,881 - INFO - Running paper trading for 2026-02-17
2026-02-19 17:09:03,881 - INFO - ============================================================
2026-02-19 17:09:03,881 - INFO - Portfolio construction: 38 longs, 38 shorts (from 38 candidates)
2026-02-19 17:09:03,881 - INFO - Vol targeting: rolling_vol=0.0546, scale=1.4648
2026-02-19 17:09:03,881 - INFO - PnL Net: 0.0030 | Scaled: 0.0043 | Turnover: 10.47% | Vol Scale: 1.46
2026-02-19 17:09:03,881 - INFO - 
============================================================
2026-02-19 17:09:03,881 - INFO - Running paper trading for 2026-02-18
2026-02-19 17:09:03,881 - INFO - ============================================================
2026-02-19 17:09:03,883 - INFO - Portfolio construction: 38 longs, 38 shorts (from 38 candidates)
2026-02-19 17:09:03,883 - INFO - Vol targeting: rolling_vol=0.0432, scale=1.8498
2026-02-19 17:09:03,883 - INFO - PnL Net: -0.0028 | Scaled: -0.0051 | Turnover: 8.78% | Vol Scale: 1.85
2026-02-19 17:09:03,886 - INFO - Saved daily results to C:\Users\luixj\AI\stock-data\data\processed\phase4\phase4_paper_trading_daily.parquet
2026-02-19 17:09:03,886 - INFO - Saved summary to C:\Users\luixj\AI\stock-data\data\processed\phase4\phase4_paper_trading_summary.json
2026-02-19 17:09:03,886 - INFO - 
============================================================
2026-02-19 17:09:03,886 - INFO - PAPER TRADING SUMMARY
2026-02-19 17:09:03,886 - INFO - ============================================================
2026-02-19 17:09:03,886 - INFO - Trading Days: 196
2026-02-19 17:09:03,886 - INFO - 
RAW PERFORMANCE (no vol targeting):
2026-02-19 17:09:03,886 - INFO -   Sharpe Ratio: 1.07
2026-02-19 17:09:03,886 - INFO -   Annual Return: 7.74%
2026-02-19 17:09:03,886 - INFO -   Volatility: 7.21%
2026-02-19 17:09:03,886 - INFO - 
VOL-TARGETED PERFORMANCE:
2026-02-19 17:09:03,886 - INFO -   Sharpe Ratio: 0.93
2026-02-19 17:09:03,886 - INFO -   Annual Return: 8.27%
2026-02-19 17:09:03,886 - INFO -   Volatility: 8.87%
2026-02-19 17:09:03,886 - INFO - 
RISK METRICS:
2026-02-19 17:09:03,886 - INFO -   Max Drawdown: -4.72%
2026-02-19 17:09:03,886 - INFO -   Long Sharpe: 0.62
2026-02-19 17:09:03,886 - INFO -   Short Sharpe: 0.57
2026-02-19 17:09:03,886 - INFO - 
EXECUTION:
2026-02-19 17:09:03,886 - INFO -   Avg Turnover: 17.98%
2026-02-19 17:09:03,886 - INFO -   Avg Cost: 0.4 bps
2026-02-19 17:09:03,886 - INFO - 
KILL SWITCHES:
2026-02-19 17:09:03,886 - INFO -   Events: 15 (7.7% of days)
2026-02-19 17:09:03,886 - INFO - ============================================================
2026-02-19 17:09:03,886 - INFO - Simulation complete: 196 days | Sharpe(scaled)=0.93 | MaxDD=-4.7%
2026-02-19 17:09:03,888 - INFO - Skipping Qdrant sync (--skip-qdrant).
2026-02-19 17:09:03,890 - INFO - Progress updated: 196 days | last: 2026-02-18
2026-02-19 17:09:03,890 - INFO - ============================================================
2026-02-19 17:09:03,890 - INFO - DONE — 2026 paper trading complete
2026-02-19 17:09:03,890 - INFO -   2026 predictions : C:\Users\luixj\AI\stock-data\data\processed\phase4\predictions_2026.parquet
2026-02-19 17:09:03,890 - INFO -   Combined preds   : C:\Users\luixj\AI\stock-data\data\processed\phase4\predictions_combined.parquet
2026-02-19 17:09:03,890 - INFO -   Daily results    : C:\Users\luixj\AI\stock-data\data\processed\phase4\phase4_paper_trading_daily.parquet
2026-02-19 17:09:03,890 - INFO -   Summary          : C:\Users\luixj\AI\stock-data\data\processed\phase4\phase4_paper_trading_summary.json
2026-02-19 17:09:03,890 - INFO - ============================================================
