2026-03-19 16:15:07,025 - INFO - Starting automated daily paper trading...
2026-03-19 16:15:07,762 - INFO - Docker Desktop is running, daemon is ready
2026-03-19 16:15:07,770 - INFO - Qdrant is already running
2026-03-19 16:15:08,305 - INFO - HTTP Request: GET http://localhost:6333 "HTTP/1.1 200 OK"
2026-03-19 16:15:08,310 - INFO - Setting up Qdrant collections...
2026-03-19 16:15:08,317 - INFO - HTTP Request: GET http://localhost:6333/collections/stock_recommendations "HTTP/1.1 200 OK"
2026-03-19 16:15:08,319 - INFO - Collection 'stock_recommendations' already exists
2026-03-19 16:15:08,322 - INFO - HTTP Request: GET http://localhost:6333/collections/trading_results "HTTP/1.1 200 OK"
2026-03-19 16:15:08,322 - INFO - Collection 'trading_results' already exists
2026-03-19 16:15:08,326 - INFO - HTTP Request: GET http://localhost:6333/collections/performance_metrics "HTTP/1.1 200 OK"
2026-03-19 16:15:08,326 - INFO - Collection 'performance_metrics' already exists
2026-03-19 16:15:08,326 - INFO - ============================================================
2026-03-19 16:15:08,326 - INFO - AUTOMATED DAILY PAPER TRADING
2026-03-19 16:15:08,326 - INFO - ============================================================
2026-03-19 16:15:08,327 - INFO - Calendar Date: 2026-03-19
2026-03-19 16:15:08,327 - INFO - Predictions source: data\processed\phase4\predictions_combined.parquet
2026-03-19 16:15:08,499 - INFO - No new historical dates available. Last processed: 2026-03-17 | Tradable range: 2025-04-01 to 2026-03-17
2026-03-19 16:15:08,499 - WARNING - Predictions look stale. Refresh with:
2026-03-19 16:15:08,500 - WARNING -   python scripts/paper_trading/run_2026_paper_trading.py --sim-start 2026-03-18 --sim-end auto
2026-03-19 16:15:08,523 - WARNING - Predictions are stale (max tradable 2026-03-17, expected >= 2026-03-18). Auto-refreshing...
2026-03-19 16:15:08,523 - INFO - Refresh command: C:\Users\luixj\AI\stock-data\venv\Scripts\python.exe scripts/paper_trading/run_2026_paper_trading.py --sim-start 2026-03-18 --sim-end auto
2026-03-19 16:15:12,444 - INFO - ============================================================
2026-03-19 16:15:12,444 - INFO - 2026 PAPER TRADING — LIVE DATA
2026-03-19 16:15:12,444 - INFO -   2026 sim range : 2026-03-18 -> 2026-03-18
2026-03-19 16:15:12,444 - INFO -   Full range     : 2025-04-01 -> 2026-03-18
2026-03-19 16:15:12,444 - INFO -   YF download    : 2025-09-01 -> 2026-03-20
2026-03-19 16:15:12,444 - INFO -   Device         : cuda
2026-03-19 16:15:12,444 - INFO - ============================================================
2026-03-19 16:15:12,444 - INFO - Loading ticker universe from phase1_predictions.parquet
2026-03-19 16:15:12,499 - INFO - Ticker universe: 189 stocks
2026-03-19 16:15:12,506 - INFO - ============================================================
2026-03-19 16:15:12,506 - INFO - STEP 1: Using cached OHLCV data (up to 2026-03-18)
2026-03-19 16:15:12,506 - INFO -   Cache : C:\Users\luixj\AI\stock-data\data\processed\phase4\ohlcv_2026_cache.parquet
2026-03-19 16:15:12,506 - INFO -   Tip   : use --force-download to refresh
2026-03-19 16:15:12,506 - INFO - ============================================================
2026-03-19 16:15:12,506 - INFO - ============================================================
2026-03-19 16:15:12,506 - INFO - STEP 2: Computing 14 core features
2026-03-19 16:15:12,506 - INFO - ============================================================
2026-03-19 16:15:12,513 - INFO - Calculating 14 core features (leakage-safe)...
2026-03-19 16:15:12,692 - INFO - Core features calculated:
2026-03-19 16:15:12,692 - INFO -   Returns: ret_1d, ret_5d, ret_20d
2026-03-19 16:15:12,692 - INFO -   Volatility: vol_10d, vol_20d
2026-03-19 16:15:12,692 - INFO -   Price: hl_range, oc_gap
2026-03-19 16:15:12,692 - INFO -   Trend: sma_10_dist, sma_20_dist
2026-03-19 16:15:12,692 - INFO -   Volume: log_volume, volume_change
2026-03-19 16:15:12,692 - INFO -   Market: market_return, vs_market, market_correlation
2026-03-19 16:15:12,692 - INFO -   Total: 14 features
2026-03-19 16:15:12,693 - INFO - Features: 25756 rows, 188 tickers
2026-03-19 16:15:12,693 - INFO - ============================================================
2026-03-19 16:15:12,693 - INFO - STEP 3: Loading model from C:\Users\luixj\AI\stock-data\models\checkpoints\lstm_phase2a_temp0.05_best.pth
2026-03-19 16:15:12,693 - INFO - ============================================================
2026-03-19 16:15:12,783 - INFO - Model loaded (strict=True)
2026-03-19 16:15:12,798 - INFO - Model ready on cuda
2026-03-19 16:15:12,798 - INFO - ============================================================
2026-03-19 16:15:12,798 - INFO - STEP 4: Generating predictions 2026-03-18 -> 2026-03-18
2026-03-19 16:15:12,798 - INFO - ============================================================
2026-03-19 16:15:12,804 - INFO - Trading days in simulation range: 1
2026-03-19 16:15:13,345 - INFO -   2026-03-18: 188 predictions generated
2026-03-19 16:15:13,346 - INFO - Dropping 1 non-tradable date(s) with missing y_true_reg: 2026-03-18
2026-03-19 16:15:13,347 - INFO - Total: 0 predictions | 0 days | 0 tickers
2026-03-19 16:15:13,349 - INFO - Loaded existing 2026 predictions for merge: 5101 rows | 27 dates
2026-03-19 16:15:13,358 - INFO - Saved 2026 predictions: C:\Users\luixj\AI\stock-data\data\processed\phase4\predictions_2026.parquet (5101 rows | 27 dates | 2026-02-06 -> 2026-03-17)
2026-03-19 16:15:13,358 - INFO - ============================================================
2026-03-19 16:15:13,360 - INFO - STEP 5: Combining 2025 + 2026 predictions and simulating
2026-03-19 16:15:13,360 - INFO - ============================================================
2026-03-19 16:15:13,495 - INFO - Combined: 40633 rows | 215 dates | 189 tickers
2026-03-19 16:15:13,497 - INFO -   Date range: 2025-04-01 -> 2026-03-17
2026-03-19 16:15:13,497 - INFO -   Saved to: C:\Users\luixj\AI\stock-data\data\processed\phase4\predictions_combined.parquet
2026-03-19 16:15:13,497 - INFO - Running simulation 2025-04-01 -> 2026-03-18 ...
2026-03-19 16:15:13,498 - INFO - Loading predictions from C:\Users\luixj\AI\stock-data\data\processed\phase4\predictions_combined.parquet
2026-03-19 16:15:13,512 - INFO - Running paper trading simulation for 215 days
2026-03-19 16:15:13,512 - INFO - Date range: 2025-04-01 to 2026-03-17
2026-03-19 16:15:13,512 - INFO - 
============================================================
2026-03-19 16:15:13,512 - INFO - Running paper trading for 2025-04-01
2026-03-19 16:15:13,512 - INFO - ============================================================
2026-03-19 16:15:13,514 - INFO - Portfolio construction: 38 longs, 15 shorts (from 38 candidates)
2026-03-19 16:15:13,514 - INFO - PnL Net: 0.0027 | Scaled: 0.0027 | Turnover: 100.00% | Vol Scale: 1.00
2026-03-19 16:15:13,514 - INFO - 
============================================================
2026-03-19 16:15:13,514 - INFO - Running paper trading for 2025-04-02
2026-03-19 16:15:13,514 - INFO - ============================================================
2026-03-19 16:15:13,516 - INFO - Portfolio construction: 38 longs, 38 shorts (from 38 candidates)
2026-03-19 16:15:13,516 - INFO - PnL Net: -0.0234 | Scaled: -0.0234 | Turnover: 16.46% | Vol Scale: 1.00
2026-03-19 16:15:13,516 - INFO - 
============================================================
2026-03-19 16:15:13,516 - INFO - Running paper trading for 2025-04-03
2026-03-19 16:15:13,516 - INFO - ============================================================
2026-03-19 16:15:13,517 - INFO - Portfolio construction: 38 longs, 38 shorts (from 38 candidates)
2026-03-19 16:15:13,517 - INFO - PnL Net: -0.0208 | Scaled: -0.0208 | Turnover: 20.14% | Vol Scale: 1.00
2026-03-19 16:15:13,517 - INFO - 
============================================================
2026-03-19 16:15:13,517 - INFO - Running paper trading for 2025-04-04
2026-03-19 16:15:13,517 - INFO - ============================================================
2026-03-19 16:15:13,518 - INFO - Portfolio construction: 38 longs, 38 shorts (from 38 candidates)
2026-03-19 16:15:13,518 - INFO - PnL Net: -0.0002 | Scaled: -0.0002 | Turnover: 27.43% | Vol Scale: 1.00
2026-03-19 16:15:13,518 - INFO - 
============================================================
2026-03-19 16:15:13,518 - INFO - Running paper trading for 2025-04-07
2026-03-19 16:15:13,518 - INFO - ============================================================
2026-03-19 16:15:13,519 - INFO - Portfolio construction: 38 longs, 38 shorts (from 38 candidates)
2026-03-19 16:15:13,520 - INFO - PnL Net: -0.0028 | Scaled: -0.0028 | Turnover: 21.14% | Vol Scale: 1.00
2026-03-19 16:15:13,520 - INFO - 
============================================================
2026-03-19 16:15:13,520 - INFO - Running paper trading for 2025-04-08
2026-03-19 16:15:13,520 - INFO - ============================================================
2026-03-19 16:15:13,521 - INFO - Portfolio construction: 38 longs, 38 shorts (from 38 candidates)
2026-03-19 16:15:13,521 - INFO - PnL Net: 0.0243 | Scaled: 0.0243 | Turnover: 21.60% | Vol Scale: 1.00
2026-03-19 16:15:13,521 - INFO - 
============================================================
2026-03-19 16:15:13,521 - INFO - Running paper trading for 2025-04-09
2026-03-19 16:15:13,521 - INFO - ============================================================
2026-03-19 16:15:13,522 - INFO - Portfolio construction: 38 longs, 1 shorts (from 38 candidates)
2026-03-19 16:15:13,522 - INFO - PnL Net: -0.0107 | Scaled: -0.0107 | Turnover: 20.86% | Vol Scale: 1.00
2026-03-19 16:15:13,522 - INFO - 
============================================================
2026-03-19 16:15:13,522 - INFO - Running paper trading for 2025-04-10
2026-03-19 16:15:13,522 - INFO - ============================================================
2026-03-19 16:15:13,523 - INFO - Portfolio construction: 38 longs, 38 shorts (from 38 candidates)
2026-03-19 16:15:13,523 - INFO - PnL Net: 0.0049 | Scaled: 0.0049 | Turnover: 22.53% | Vol Scale: 1.00
2026-03-19 16:15:13,523 - INFO - 
============================================================
2026-03-19 16:15:13,523 - INFO - Running paper trading for 2025-04-11
2026-03-19 16:15:13,524 - INFO - ============================================================
2026-03-19 16:15:13,525 - INFO - Portfolio construction: 38 longs, 1 shorts (from 38 candidates)
2026-03-19 16:15:13,525 - INFO - PnL Net: 0.0038 | Scaled: 0.0038 | Turnover: 20.79% | Vol Scale: 1.00
2026-03-19 16:15:13,525 - INFO - 
============================================================
2026-03-19 16:15:13,525 - INFO - Running paper trading for 2025-04-14
2026-03-19 16:15:13,525 - INFO - ============================================================
2026-03-19 16:15:13,525 - INFO - Portfolio construction: 38 longs, 38 shorts (from 38 candidates)
2026-03-19 16:15:13,526 - INFO - Vol targeting: rolling_vol=0.2061, scale=0.5000
2026-03-19 16:15:13,526 - INFO - PnL Net: -0.0018 | Scaled: -0.0009 | Turnover: 21.69% | Vol Scale: 0.50
2026-03-19 16:15:13,526 - INFO - 
============================================================
2026-03-19 16:15:13,526 - INFO - Running paper trading for 2025-04-15
2026-03-19 16:15:13,526 - INFO - ============================================================
2026-03-19 16:15:13,527 - INFO - Portfolio construction: 38 longs, 38 shorts (from 38 candidates)
2026-03-19 16:15:13,528 - INFO - Vol targeting: rolling_vol=0.1968, scale=0.5000
2026-03-19 16:15:13,528 - INFO - PnL Net: -0.0047 | Scaled: -0.0023 | Turnover: 21.09% | Vol Scale: 0.50
2026-03-19 16:15:13,528 - INFO - 
============================================================
2026-03-19 16:15:13,528 - INFO - Running paper trading for 2025-04-16
2026-03-19 16:15:13,528 - INFO - ============================================================
2026-03-19 16:15:13,529 - INFO - Portfolio construction: 38 longs, 38 shorts (from 38 candidates)
2026-03-19 16:15:13,529 - INFO - Vol targeting: rolling_vol=0.1890, scale=0.5000
2026-03-19 16:15:13,529 - INFO - PnL Net: 0.0008 | Scaled: 0.0004 | Turnover: 21.09% | Vol Scale: 0.50
2026-03-19 16:15:13,529 - INFO - 
============================================================
2026-03-19 16:15:13,529 - INFO - Running paper trading for 2025-04-17
2026-03-19 16:15:13,529 - INFO - ============================================================
2026-03-19 16:15:13,530 - INFO - Portfolio construction: 38 longs, 38 shorts (from 38 candidates)
2026-03-19 16:15:13,530 - INFO - Vol targeting: rolling_vol=0.1826, scale=0.5000
2026-03-19 16:15:13,530 - INFO - PnL Net: -0.0068 | Scaled: -0.0034 | Turnover: 18.47% | Vol Scale: 0.50
2026-03-19 16:15:13,530 - INFO - 
============================================================
2026-03-19 16:15:13,530 - INFO - Running paper trading for 2025-04-21
2026-03-19 16:15:13,530 - INFO - ============================================================
2026-03-19 16:15:13,531 - INFO - Portfolio construction: 38 longs, 6 shorts (from 38 candidates)
2026-03-19 16:15:13,532 - INFO - Vol targeting: rolling_vol=0.1822, scale=0.5000
2026-03-19 16:15:13,532 - INFO - PnL Net: 0.0089 | Scaled: 0.0045 | Turnover: 17.46% | Vol Scale: 0.50
2026-03-19 16:15:13,532 - INFO - 
============================================================
2026-03-19 16:15:13,532 - INFO - Running paper trading for 2025-04-22
2026-03-19 16:15:13,532 - INFO - ============================================================
2026-03-19 16:15:13,533 - INFO - Portfolio construction: 38 longs, 38 shorts (from 38 candidates)
2026-03-19 16:15:13,533 - INFO - Vol targeting: rolling_vol=0.1783, scale=0.5000
2026-03-19 16:15:13,533 - INFO - PnL Net: 0.0053 | Scaled: 0.0027 | Turnover: 18.72% | Vol Scale: 0.50
2026-03-19 16:15:13,533 - INFO - 
============================================================
2026-03-19 16:15:13,533 - INFO - Running paper trading for 2025-04-23
2026-03-19 16:15:13,533 - INFO - ============================================================
2026-03-19 16:15:13,534 - INFO - Portfolio construction: 38 longs, 5 shorts (from 38 candidates)
2026-03-19 16:15:13,534 - INFO - Vol targeting: rolling_vol=0.1782, scale=0.5000
2026-03-19 16:15:13,534 - INFO - PnL Net: 0.0102 | Scaled: 0.0051 | Turnover: 20.73% | Vol Scale: 0.50
2026-03-19 16:15:13,534 - INFO - 
============================================================
2026-03-19 16:15:13,534 - INFO - Running paper trading for 2025-04-24
2026-03-19 16:15:13,534 - INFO - ============================================================
2026-03-19 16:15:13,535 - INFO - Portfolio construction: 38 longs, 38 shorts (from 38 candidates)
2026-03-19 16:15:13,535 - INFO - Vol targeting: rolling_vol=0.1730, scale=0.5000
2026-03-19 16:15:13,535 - INFO - PnL Net: 0.0011 | Scaled: 0.0006 | Turnover: 18.37% | Vol Scale: 0.50
2026-03-19 16:15:13,535 - INFO - 
============================================================
2026-03-19 16:15:13,535 - INFO - Running paper trading for 2025-04-25
2026-03-19 16:15:13,535 - INFO - ============================================================
2026-03-19 16:15:13,537 - INFO - Portfolio construction: 38 longs, 38 shorts (from 38 candidates)
2026-03-19 16:15:13,538 - INFO - Vol targeting: rolling_vol=0.1682, scale=0.5000
2026-03-19 16:15:13,538 - INFO - PnL Net: 0.0007 | Scaled: 0.0004 | Turnover: 23.46% | Vol Scale: 0.50
2026-03-19 16:15:13,538 - INFO - 
============================================================
2026-03-19 16:15:13,538 - INFO - Running paper trading for 2025-04-28
2026-03-19 16:15:13,538 - INFO - ============================================================
2026-03-19 16:15:13,539 - INFO - Portfolio construction: 38 longs, 38 shorts (from 38 candidates)
2026-03-19 16:15:13,539 - INFO - Vol targeting: rolling_vol=0.1639, scale=0.5000
2026-03-19 16:15:13,539 - INFO - PnL Net: 0.0018 | Scaled: 0.0009 | Turnover: 19.52% | Vol Scale: 0.50
2026-03-19 16:15:13,539 - INFO - 
============================================================
2026-03-19 16:15:13,539 - INFO - Running paper trading for 2025-04-29
2026-03-19 16:15:13,539 - INFO - ============================================================
2026-03-19 16:15:13,540 - INFO - Portfolio construction: 38 longs, 30 shorts (from 38 candidates)
2026-03-19 16:15:13,540 - INFO - Vol targeting: rolling_vol=0.1599, scale=0.5004
2026-03-19 16:15:13,540 - INFO - PnL Net: 0.0011 | Scaled: 0.0005 | Turnover: 16.79% | Vol Scale: 0.50
2026-03-19 16:15:13,540 - INFO - 
============================================================
2026-03-19 16:15:13,540 - INFO - Running paper trading for 2025-04-30
2026-03-19 16:15:13,540 - INFO - ============================================================
2026-03-19 16:15:13,541 - INFO - Portfolio construction: 38 longs, 38 shorts (from 38 candidates)
2026-03-19 16:15:13,542 - INFO - Vol targeting: rolling_vol=0.1596, scale=0.5012
2026-03-19 16:15:13,542 - INFO - PnL Net: 0.0014 | Scaled: 0.0007 | Turnover: 20.09% | Vol Scale: 0.50
2026-03-19 16:15:13,542 - INFO - 
============================================================
2026-03-19 16:15:13,542 - INFO - Running paper trading for 2025-05-01
2026-03-19 16:15:13,542 - INFO - ============================================================
2026-03-19 16:15:13,543 - INFO - Portfolio construction: 38 longs, 38 shorts (from 38 candidates)
2026-03-19 16:15:13,543 - INFO - Vol targeting: rolling_vol=0.1370, scale=0.5840
2026-03-19 16:15:13,543 - INFO - PnL Net: 0.0062 | Scaled: 0.0036 | Turnover: 17.98% | Vol Scale: 0.58
2026-03-19 16:15:13,543 - INFO - 
============================================================
2026-03-19 16:15:13,543 - INFO - Running paper trading for 2025-05-02
2026-03-19 16:15:13,543 - INFO - ============================================================
2026-03-19 16:15:13,544 - INFO - Portfolio construction: 38 longs, 13 shorts (from 38 candidates)
2026-03-19 16:15:13,544 - INFO - Vol targeting: rolling_vol=0.1119, scale=0.7149
2026-03-19 16:15:13,544 - INFO - PnL Net: -0.0011 | Scaled: -0.0008 | Turnover: 17.52% | Vol Scale: 0.71
2026-03-19 16:15:13,544 - INFO - 
============================================================
2026-03-19 16:15:13,544 - INFO - Running paper trading for 2025-05-05
2026-03-19 16:15:13,544 - INFO - ============================================================
2026-03-19 16:15:13,545 - INFO - Portfolio construction: 38 longs, 2 shorts (from 38 candidates)
2026-03-19 16:15:13,545 - INFO - Vol targeting: rolling_vol=0.1128, scale=0.7091
2026-03-19 16:15:13,545 - INFO - PnL Net: -0.0026 | Scaled: -0.0018 | Turnover: 19.38% | Vol Scale: 0.71
2026-03-19 16:15:13,545 - INFO - 
============================================================
2026-03-19 16:15:13,545 - INFO - Running paper trading for 2025-05-06
2026-03-19 16:15:13,545 - INFO - ============================================================
2026-03-19 16:15:13,547 - INFO - Portfolio construction: 38 longs, 33 shorts (from 38 candidates)
2026-03-19 16:15:13,548 - INFO - Vol targeting: rolling_vol=0.1115, scale=0.7177
2026-03-19 16:15:13,548 - INFO - PnL Net: 0.0026 | Scaled: 0.0019 | Turnover: 19.06% | Vol Scale: 0.72
2026-03-19 16:15:13,548 - INFO - 
============================================================
2026-03-19 16:15:13,548 - INFO - Running paper trading for 2025-05-07
2026-03-19 16:15:13,548 - INFO - ============================================================
2026-03-19 16:15:13,549 - INFO - Portfolio construction: 38 longs, 9 shorts (from 38 candidates)
2026-03-19 16:15:13,549 - INFO - Vol targeting: rolling_vol=0.0781, scale=1.0243
2026-03-19 16:15:13,549 - INFO - PnL Net: 0.0043 | Scaled: 0.0045 | Turnover: 18.97% | Vol Scale: 1.02
2026-03-19 16:15:13,549 - INFO - 
============================================================
2026-03-19 16:15:13,549 - INFO - Running paper trading for 2025-05-08
2026-03-19 16:15:13,549 - INFO - ============================================================
2026-03-19 16:15:13,550 - INFO - Portfolio construction: 38 longs, 10 shorts (from 38 candidates)
2026-03-19 16:15:13,550 - INFO - Vol targeting: rolling_vol=0.0656, scale=1.2200
2026-03-19 16:15:13,550 - INFO - PnL Net: -0.0009 | Scaled: -0.0012 | Turnover: 19.75% | Vol Scale: 1.22
2026-03-19 16:15:13,550 - INFO - 
============================================================
2026-03-19 16:15:13,550 - INFO - Running paper trading for 2025-05-09
2026-03-19 16:15:13,550 - INFO - ============================================================
2026-03-19 16:15:13,551 - INFO - Portfolio construction: 38 longs, 37 shorts (from 38 candidates)
2026-03-19 16:15:13,552 - INFO - Vol targeting: rolling_vol=0.0785, scale=1.0196
2026-03-19 16:15:13,552 - INFO - PnL Net: 0.0145 | Scaled: 0.0148 | Turnover: 18.03% | Vol Scale: 1.02
2026-03-19 16:15:13,552 - INFO - 
============================================================
2026-03-19 16:15:13,552 - INFO - Running paper trading for 2025-05-12
2026-03-19 16:15:13,552 - INFO - ============================================================
2026-03-19 16:15:13,553 - INFO - Portfolio construction: 38 longs, 38 shorts (from 38 candidates)
2026-03-19 16:15:13,553 - INFO - Vol targeting: rolling_vol=0.0804, scale=0.9956
2026-03-19 16:15:13,553 - INFO - PnL Net: 0.0074 | Scaled: 0.0074 | Turnover: 18.12% | Vol Scale: 1.00
2026-03-19 16:15:13,553 - INFO - 
============================================================
2026-03-19 16:15:13,553 - INFO - Running paper trading for 2025-05-13
2026-03-19 16:15:13,553 - INFO - ============================================================
2026-03-19 16:15:13,554 - INFO - Portfolio construction: 38 longs, 38 shorts (from 38 candidates)
2026-03-19 16:15:13,554 - INFO - Vol targeting: rolling_vol=0.0797, scale=1.0044
2026-03-19 16:15:13,554 - INFO - PnL Net: -0.0006 | Scaled: -0.0006 | Turnover: 21.90% | Vol Scale: 1.00
2026-03-19 16:15:13,554 - INFO - 
============================================================
2026-03-19 16:15:13,554 - INFO - Running paper trading for 2025-05-14
2026-03-19 16:15:13,554 - INFO - ============================================================
2026-03-19 16:15:13,555 - INFO - Portfolio construction: 38 longs, 38 shorts (from 38 candidates)
2026-03-19 16:15:13,556 - INFO - Vol targeting: rolling_vol=0.0757, scale=1.0562
2026-03-19 16:15:13,556 - INFO - PnL Net: 0.0052 | Scaled: 0.0055 | Turnover: 20.59% | Vol Scale: 1.06
2026-03-19 16:15:13,556 - INFO - 
============================================================
2026-03-19 16:15:13,556 - INFO - Running paper trading for 2025-05-15
2026-03-19 16:15:13,556 - INFO - ============================================================
2026-03-19 16:15:13,556 - INFO - Portfolio construction: 38 longs, 38 shorts (from 38 candidates)
2026-03-19 16:15:13,556 - INFO - Vol targeting: rolling_vol=0.0754, scale=1.0608
2026-03-19 16:15:13,556 - INFO - PnL Net: 0.0020 | Scaled: 0.0021 | Turnover: 19.63% | Vol Scale: 1.06
2026-03-19 16:15:13,556 - INFO - 
============================================================
2026-03-19 16:15:13,557 - INFO - Running paper trading for 2025-05-16
2026-03-19 16:15:13,557 - INFO - ============================================================
2026-03-19 16:15:13,558 - INFO - Portfolio construction: 38 longs, 38 shorts (from 38 candidates)
2026-03-19 16:15:13,559 - INFO - Vol targeting: rolling_vol=0.0684, scale=1.1703
2026-03-19 16:15:13,559 - INFO - PnL Net: -0.0013 | Scaled: -0.0015 | Turnover: 18.38% | Vol Scale: 1.17
2026-03-19 16:15:13,559 - INFO - 
============================================================
2026-03-19 16:15:13,559 - INFO - Running paper trading for 2025-05-19
2026-03-19 16:15:13,559 - INFO - ============================================================
2026-03-19 16:15:13,560 - INFO - Portfolio construction: 38 longs, 38 shorts (from 38 candidates)
2026-03-19 16:15:13,560 - INFO - Vol targeting: rolling_vol=0.0676, scale=1.1828
2026-03-19 16:15:13,560 - INFO - PnL Net: -0.0021 | Scaled: -0.0025 | Turnover: 16.36% | Vol Scale: 1.18
2026-03-19 16:15:13,560 - INFO - 
============================================================
2026-03-19 16:15:13,560 - INFO - Running paper trading for 2025-05-20
2026-03-19 16:15:13,560 - INFO - ============================================================
2026-03-19 16:15:13,561 - INFO - Portfolio construction: 38 longs, 38 shorts (from 38 candidates)
2026-03-19 16:15:13,561 - INFO - Vol targeting: rolling_vol=0.0748, scale=1.0691
2026-03-19 16:15:13,561 - INFO - PnL Net: -0.0070 | Scaled: -0.0075 | Turnover: 15.81% | Vol Scale: 1.07
2026-03-19 16:15:13,561 - INFO - 
============================================================
2026-03-19 16:15:13,561 - INFO - Running paper trading for 2025-05-21
2026-03-19 16:15:13,561 - INFO - ============================================================
2026-03-19 16:15:13,562 - INFO - Portfolio construction: 38 longs, 38 shorts (from 38 candidates)
2026-03-19 16:15:13,563 - INFO - Vol targeting: rolling_vol=0.0690, scale=1.1591
2026-03-19 16:15:13,563 - INFO - PnL Net: 0.0004 | Scaled: 0.0004 | Turnover: 19.34% | Vol Scale: 1.16
2026-03-19 16:15:13,563 - INFO - 
============================================================
2026-03-19 16:15:13,563 - INFO - Running paper trading for 2025-05-22
2026-03-19 16:15:13,563 - INFO - ============================================================
2026-03-19 16:15:13,564 - INFO - Portfolio construction: 38 longs, 32 shorts (from 38 candidates)
2026-03-19 16:15:13,564 - INFO - Vol targeting: rolling_vol=0.0706, scale=1.1324
2026-03-19 16:15:13,564 - INFO - PnL Net: -0.0027 | Scaled: -0.0031 | Turnover: 19.64% | Vol Scale: 1.13
2026-03-19 16:15:13,564 - INFO - 
============================================================
2026-03-19 16:15:13,564 - INFO - Running paper trading for 2025-05-23
2026-03-19 16:15:13,564 - INFO - ============================================================
2026-03-19 16:15:13,565 - INFO - Portfolio construction: 38 longs, 38 shorts (from 38 candidates)
2026-03-19 16:15:13,565 - INFO - Vol targeting: rolling_vol=0.0743, scale=1.0767
2026-03-19 16:15:13,565 - INFO - PnL Net: 0.0082 | Scaled: 0.0088 | Turnover: 19.52% | Vol Scale: 1.08
2026-03-19 16:15:13,565 - INFO - 
============================================================
2026-03-19 16:15:13,565 - INFO - Running paper trading for 2025-05-27
2026-03-19 16:15:13,565 - INFO - ============================================================
2026-03-19 16:15:13,566 - INFO - Portfolio construction: 38 longs, 38 shorts (from 38 candidates)
2026-03-19 16:15:13,566 - INFO - Vol targeting: rolling_vol=0.0756, scale=1.0588
2026-03-19 16:15:13,566 - INFO - PnL Net: -0.0021 | Scaled: -0.0022 | Turnover: 18.56% | Vol Scale: 1.06
2026-03-19 16:15:13,566 - INFO - 
============================================================
2026-03-19 16:15:13,566 - INFO - Running paper trading for 2025-05-28
2026-03-19 16:15:13,566 - INFO - ============================================================
2026-03-19 16:15:13,567 - INFO - Portfolio construction: 38 longs, 38 shorts (from 38 candidates)
2026-03-19 16:15:13,568 - INFO - Vol targeting: rolling_vol=0.0756, scale=1.0575
2026-03-19 16:15:13,568 - INFO - PnL Net: 0.0004 | Scaled: 0.0005 | Turnover: 16.29% | Vol Scale: 1.06
2026-03-19 16:15:13,568 - INFO - 
============================================================
2026-03-19 16:15:13,568 - INFO - Running paper trading for 2025-05-29
2026-03-19 16:15:13,568 - INFO - ============================================================
2026-03-19 16:15:13,569 - INFO - Portfolio construction: 38 longs, 38 shorts (from 38 candidates)
2026-03-19 16:15:13,569 - INFO - Vol targeting: rolling_vol=0.0762, scale=1.0504
2026-03-19 16:15:13,569 - INFO - PnL Net: -0.0009 | Scaled: -0.0010 | Turnover: 19.51% | Vol Scale: 1.05
2026-03-19 16:15:13,569 - INFO - 
============================================================
2026-03-19 16:15:13,569 - INFO - Running paper trading for 2025-05-30
2026-03-19 16:15:13,569 - INFO - ============================================================
2026-03-19 16:15:13,570 - INFO - Portfolio construction: 38 longs, 38 shorts (from 38 candidates)
2026-03-19 16:15:13,570 - INFO - Vol targeting: rolling_vol=0.0742, scale=1.0777
2026-03-19 16:15:13,570 - INFO - PnL Net: 0.0008 | Scaled: 0.0009 | Turnover: 21.02% | Vol Scale: 1.08
2026-03-19 16:15:13,570 - INFO - 
============================================================
2026-03-19 16:15:13,570 - INFO - Running paper trading for 2025-06-02
2026-03-19 16:15:13,570 - INFO - ============================================================
2026-03-19 16:15:13,571 - INFO - Portfolio construction: 38 longs, 38 shorts (from 38 candidates)
2026-03-19 16:15:13,572 - INFO - Vol targeting: rolling_vol=0.0737, scale=1.0849
2026-03-19 16:15:13,572 - INFO - PnL Net: 0.0011 | Scaled: 0.0012 | Turnover: 20.37% | Vol Scale: 1.08
2026-03-19 16:15:13,572 - INFO - 
============================================================
2026-03-19 16:15:13,572 - INFO - Running paper trading for 2025-06-03
2026-03-19 16:15:13,572 - INFO - ============================================================
2026-03-19 16:15:13,573 - INFO - Portfolio construction: 38 longs, 38 shorts (from 38 candidates)
2026-03-19 16:15:13,574 - INFO - Vol targeting: rolling_vol=0.0730, scale=1.0965
2026-03-19 16:15:13,574 - INFO - PnL Net: -0.0012 | Scaled: -0.0013 | Turnover: 18.45% | Vol Scale: 1.10
2026-03-19 16:15:13,574 - INFO - 
============================================================
2026-03-19 16:15:13,574 - INFO - Running paper trading for 2025-06-04
2026-03-19 16:15:13,574 - INFO - ============================================================
2026-03-19 16:15:13,575 - INFO - Portfolio construction: 38 longs, 38 shorts (from 38 candidates)
2026-03-19 16:15:13,575 - INFO - Vol targeting: rolling_vol=0.0730, scale=1.0962
2026-03-19 16:15:13,575 - INFO - PnL Net: -0.0000 | Scaled: -0.0000 | Turnover: 16.06% | Vol Scale: 1.10
2026-03-19 16:15:13,575 - INFO - 
============================================================
2026-03-19 16:15:13,575 - INFO - Running paper trading for 2025-06-05
2026-03-19 16:15:13,575 - INFO - ============================================================
2026-03-19 16:15:13,576 - INFO - Portfolio construction: 38 longs, 38 shorts (from 38 candidates)
2026-03-19 16:15:13,576 - INFO - Vol targeting: rolling_vol=0.0721, scale=1.1092
2026-03-19 16:15:13,576 - INFO - PnL Net: 0.0008 | Scaled: 0.0009 | Turnover: 17.46% | Vol Scale: 1.11
2026-03-19 16:15:13,576 - INFO - 
============================================================
2026-03-19 16:15:13,576 - INFO - Running paper trading for 2025-06-06
2026-03-19 16:15:13,576 - INFO - ============================================================
2026-03-19 16:15:13,578 - INFO - Portfolio construction: 38 longs, 38 shorts (from 38 candidates)
2026-03-19 16:15:13,578 - INFO - Vol targeting: rolling_vol=0.0728, scale=1.0986
2026-03-19 16:15:13,578 - INFO - PnL Net: -0.0024 | Scaled: -0.0026 | Turnover: 18.52% | Vol Scale: 1.10
2026-03-19 16:15:13,579 - INFO - 
============================================================
2026-03-19 16:15:13,579 - INFO - Running paper trading for 2025-06-09
2026-03-19 16:15:13,579 - INFO - ============================================================
2026-03-19 16:15:13,579 - INFO - Portfolio construction: 38 longs, 13 shorts (from 38 candidates)
2026-03-19 16:15:13,579 - INFO - Vol targeting: rolling_vol=0.0539, scale=1.4831
2026-03-19 16:15:13,579 - INFO - PnL Net: 0.0012 | Scaled: 0.0018 | Turnover: 20.04% | Vol Scale: 1.48
2026-03-19 16:15:13,579 - INFO - 
============================================================
2026-03-19 16:15:13,579 - INFO - Running paper trading for 2025-06-10
2026-03-19 16:15:13,579 - INFO - ============================================================
2026-03-19 16:15:13,580 - INFO - Portfolio construction: 38 longs, 6 shorts (from 38 candidates)
2026-03-19 16:15:13,581 - INFO - Vol targeting: rolling_vol=0.0476, scale=1.6799
2026-03-19 16:15:13,581 - INFO - PnL Net: -0.0013 | Scaled: -0.0021 | Turnover: 17.79% | Vol Scale: 1.68
2026-03-19 16:15:13,581 - INFO - 
============================================================
2026-03-19 16:15:13,581 - INFO - Running paper trading for 2025-06-11
2026-03-19 16:15:13,581 - INFO - ============================================================
2026-03-19 16:15:13,582 - INFO - Portfolio construction: 38 longs, 16 shorts (from 38 candidates)
2026-03-19 16:15:13,582 - INFO - Vol targeting: rolling_vol=0.0477, scale=1.6785
2026-03-19 16:15:13,582 - INFO - PnL Net: 0.0007 | Scaled: 0.0012 | Turnover: 18.77% | Vol Scale: 1.68
2026-03-19 16:15:13,582 - INFO - 
============================================================
2026-03-19 16:15:13,582 - INFO - Running paper trading for 2025-06-12
2026-03-19 16:15:13,582 - INFO - ============================================================
2026-03-19 16:15:13,583 - INFO - Portfolio construction: 38 longs, 38 shorts (from 38 candidates)
2026-03-19 16:15:13,583 - INFO - Vol targeting: rolling_vol=0.0449, scale=1.7832
2026-03-19 16:15:13,584 - INFO - PnL Net: -0.0033 | Scaled: -0.0058 | Turnover: 21.75% | Vol Scale: 1.78
2026-03-19 16:15:13,584 - INFO - 
============================================================
2026-03-19 16:15:13,584 - INFO - Running paper trading for 2025-06-13
2026-03-19 16:15:13,584 - INFO - ============================================================
2026-03-19 16:15:13,585 - INFO - Portfolio construction: 38 longs, 38 shorts (from 38 candidates)
2026-03-19 16:15:13,585 - INFO - Vol targeting: rolling_vol=0.0444, scale=1.8031
2026-03-19 16:15:13,585 - INFO - PnL Net: 0.0011 | Scaled: 0.0020 | Turnover: 18.70% | Vol Scale: 1.80
2026-03-19 16:15:13,585 - INFO - 
============================================================
2026-03-19 16:15:13,585 - INFO - Running paper trading for 2025-06-16
2026-03-19 16:15:13,585 - INFO - ============================================================
2026-03-19 16:15:13,586 - INFO - Portfolio construction: 38 longs, 38 shorts (from 38 candidates)
2026-03-19 16:15:13,587 - INFO - Vol targeting: rolling_vol=0.0455, scale=1.7575
2026-03-19 16:15:13,587 - INFO - PnL Net: -0.0035 | Scaled: -0.0061 | Turnover: 16.38% | Vol Scale: 1.76
2026-03-19 16:15:13,587 - INFO - 
============================================================
2026-03-19 16:15:13,587 - INFO - Running paper trading for 2025-06-17
2026-03-19 16:15:13,587 - INFO - ============================================================
2026-03-19 16:15:13,588 - INFO - Portfolio construction: 38 longs, 38 shorts (from 38 candidates)
2026-03-19 16:15:13,589 - INFO - Vol targeting: rolling_vol=0.0452, scale=1.7708
2026-03-19 16:15:13,589 - INFO - PnL Net: -0.0005 | Scaled: -0.0009 | Turnover: 17.30% | Vol Scale: 1.77
2026-03-19 16:15:13,589 - INFO - 
============================================================
2026-03-19 16:15:13,589 - INFO - Running paper trading for 2025-06-18
2026-03-19 16:15:13,589 - INFO - ============================================================
2026-03-19 16:15:13,589 - INFO - Portfolio construction: 38 longs, 38 shorts (from 38 candidates)
2026-03-19 16:15:13,590 - INFO - Vol targeting: rolling_vol=0.0385, scale=2.0000
2026-03-19 16:15:13,590 - INFO - PnL Net: 0.0001 | Scaled: 0.0003 | Turnover: 18.66% | Vol Scale: 2.00
2026-03-19 16:15:13,590 - INFO - 
============================================================
2026-03-19 16:15:13,590 - INFO - Running paper trading for 2025-06-20
2026-03-19 16:15:13,590 - INFO - ============================================================
2026-03-19 16:15:13,591 - INFO - Portfolio construction: 38 longs, 38 shorts (from 38 candidates)
2026-03-19 16:15:13,591 - INFO - Vol targeting: rolling_vol=0.0397, scale=2.0000
2026-03-19 16:15:13,591 - INFO - PnL Net: 0.0027 | Scaled: 0.0053 | Turnover: 20.03% | Vol Scale: 2.00
2026-03-19 16:15:13,591 - INFO - 
============================================================
2026-03-19 16:15:13,591 - INFO - Running paper trading for 2025-06-23
2026-03-19 16:15:13,591 - INFO - ============================================================
2026-03-19 16:15:13,592 - INFO - Portfolio construction: 38 longs, 38 shorts (from 38 candidates)
2026-03-19 16:15:13,592 - INFO - Vol targeting: rolling_vol=0.0406, scale=1.9706
2026-03-19 16:15:13,592 - INFO - PnL Net: 0.0039 | Scaled: 0.0076 | Turnover: 17.48% | Vol Scale: 1.97
2026-03-19 16:15:13,592 - INFO - 
============================================================
2026-03-19 16:15:13,592 - INFO - Running paper trading for 2025-06-24
2026-03-19 16:15:13,592 - INFO - ============================================================
2026-03-19 16:15:13,593 - INFO - Portfolio construction: 38 longs, 38 shorts (from 38 candidates)
2026-03-19 16:15:13,594 - INFO - Vol targeting: rolling_vol=0.0294, scale=2.0000
2026-03-19 16:15:13,594 - INFO - PnL Net: -0.0021 | Scaled: -0.0042 | Turnover: 18.08% | Vol Scale: 2.00
2026-03-19 16:15:13,594 - INFO - 
============================================================
2026-03-19 16:15:13,594 - INFO - Running paper trading for 2025-06-25
2026-03-19 16:15:13,594 - INFO - ============================================================
2026-03-19 16:15:13,595 - INFO - Portfolio construction: 38 longs, 38 shorts (from 38 candidates)
2026-03-19 16:15:13,595 - INFO - Vol targeting: rolling_vol=0.0295, scale=2.0000
2026-03-19 16:15:13,595 - INFO - PnL Net: 0.0019 | Scaled: 0.0038 | Turnover: 17.90% | Vol Scale: 2.00
2026-03-19 16:15:13,595 - INFO - 
============================================================
2026-03-19 16:15:13,595 - INFO - Running paper trading for 2025-06-26
2026-03-19 16:15:13,595 - INFO - ============================================================
2026-03-19 16:15:13,596 - INFO - Portfolio construction: 38 longs, 38 shorts (from 38 candidates)
2026-03-19 16:15:13,596 - INFO - Vol targeting: rolling_vol=0.0299, scale=2.0000
2026-03-19 16:15:13,596 - INFO - PnL Net: 0.0015 | Scaled: 0.0029 | Turnover: 17.70% | Vol Scale: 2.00
2026-03-19 16:15:13,596 - INFO - 
============================================================
2026-03-19 16:15:13,596 - INFO - Running paper trading for 2025-06-27
2026-03-19 16:15:13,596 - INFO - ============================================================
2026-03-19 16:15:13,597 - INFO - Portfolio construction: 38 longs, 38 shorts (from 38 candidates)
2026-03-19 16:15:13,598 - INFO - Vol targeting: rolling_vol=0.0300, scale=2.0000
2026-03-19 16:15:13,598 - INFO - PnL Net: 0.0013 | Scaled: 0.0025 | Turnover: 16.45% | Vol Scale: 2.00
2026-03-19 16:15:13,598 - INFO - 
============================================================
2026-03-19 16:15:13,598 - INFO - Running paper trading for 2025-06-30
2026-03-19 16:15:13,598 - INFO - ============================================================
2026-03-19 16:15:13,599 - INFO - Portfolio construction: 38 longs, 38 shorts (from 38 candidates)
2026-03-19 16:15:13,600 - INFO - Vol targeting: rolling_vol=0.0351, scale=2.0000
2026-03-19 16:15:13,600 - INFO - PnL Net: 0.0055 | Scaled: 0.0109 | Turnover: 17.10% | Vol Scale: 2.00
2026-03-19 16:15:13,600 - INFO - 
============================================================
2026-03-19 16:15:13,600 - INFO - Running paper trading for 2025-07-01
2026-03-19 16:15:13,600 - INFO - ============================================================
2026-03-19 16:15:13,601 - INFO - Portfolio construction: 38 longs, 38 shorts (from 38 candidates)
2026-03-19 16:15:13,601 - INFO - Vol targeting: rolling_vol=0.0352, scale=2.0000
2026-03-19 16:15:13,601 - INFO - PnL Net: 0.0013 | Scaled: 0.0026 | Turnover: 15.04% | Vol Scale: 2.00
2026-03-19 16:15:13,601 - INFO - 
============================================================
2026-03-19 16:15:13,601 - INFO - Running paper trading for 2025-07-02
2026-03-19 16:15:13,601 - INFO - ============================================================
2026-03-19 16:15:13,602 - INFO - Portfolio construction: 38 longs, 38 shorts (from 38 candidates)
2026-03-19 16:15:13,602 - INFO - Vol targeting: rolling_vol=0.0349, scale=2.0000
2026-03-19 16:15:13,602 - INFO - PnL Net: 0.0014 | Scaled: 0.0028 | Turnover: 12.74% | Vol Scale: 2.00
2026-03-19 16:15:13,602 - INFO - 
============================================================
2026-03-19 16:15:13,602 - INFO - Running paper trading for 2025-07-03
2026-03-19 16:15:13,603 - INFO - ============================================================
2026-03-19 16:15:13,603 - INFO - Portfolio construction: 38 longs, 38 shorts (from 38 candidates)
2026-03-19 16:15:13,604 - INFO - Vol targeting: rolling_vol=0.0371, scale=2.0000
2026-03-19 16:15:13,604 - INFO - PnL Net: -0.0032 | Scaled: -0.0063 | Turnover: 11.38% | Vol Scale: 2.00
2026-03-19 16:15:13,604 - INFO - 
============================================================
2026-03-19 16:15:13,604 - INFO - Running paper trading for 2025-07-07
2026-03-19 16:15:13,604 - INFO - ============================================================
2026-03-19 16:15:13,604 - INFO - Portfolio construction: 38 longs, 38 shorts (from 38 candidates)
2026-03-19 16:15:13,605 - INFO - Vol targeting: rolling_vol=0.0371, scale=2.0000
2026-03-19 16:15:13,605 - INFO - PnL Net: 0.0005 | Scaled: 0.0010 | Turnover: 10.84% | Vol Scale: 2.00
2026-03-19 16:15:13,605 - INFO - 
============================================================
2026-03-19 16:15:13,605 - INFO - Running paper trading for 2025-07-08
2026-03-19 16:15:13,605 - INFO - ============================================================
2026-03-19 16:15:13,606 - INFO - Portfolio construction: 38 longs, 38 shorts (from 38 candidates)
2026-03-19 16:15:13,606 - INFO - Vol targeting: rolling_vol=0.0357, scale=2.0000
2026-03-19 16:15:13,606 - INFO - PnL Net: 0.0009 | Scaled: 0.0019 | Turnover: 18.35% | Vol Scale: 2.00
2026-03-19 16:15:13,606 - INFO - 
============================================================
2026-03-19 16:15:13,606 - INFO - Running paper trading for 2025-07-09
2026-03-19 16:15:13,606 - INFO - ============================================================
2026-03-19 16:15:13,607 - INFO - Portfolio construction: 38 longs, 38 shorts (from 38 candidates)
2026-03-19 16:15:13,607 - INFO - Vol targeting: rolling_vol=0.0364, scale=2.0000
2026-03-19 16:15:13,607 - INFO - PnL Net: 0.0026 | Scaled: 0.0053 | Turnover: 19.70% | Vol Scale: 2.00
2026-03-19 16:15:13,607 - INFO - 
============================================================
2026-03-19 16:15:13,607 - INFO - Running paper trading for 2025-07-10
2026-03-19 16:15:13,608 - INFO - ============================================================
2026-03-19 16:15:13,609 - INFO - Portfolio construction: 38 longs, 12 shorts (from 38 candidates)
2026-03-19 16:15:13,609 - INFO - Vol targeting: rolling_vol=0.0379, scale=2.0000
2026-03-19 16:15:13,609 - INFO - PnL Net: -0.0029 | Scaled: -0.0058 | Turnover: 19.47% | Vol Scale: 2.00
2026-03-19 16:15:13,610 - INFO - 
============================================================
2026-03-19 16:15:13,610 - INFO - Running paper trading for 2025-07-11
2026-03-19 16:15:13,610 - INFO - ============================================================
2026-03-19 16:15:13,611 - INFO - Portfolio construction: 38 longs, 26 shorts (from 38 candidates)
2026-03-19 16:15:13,611 - INFO - Vol targeting: rolling_vol=0.0382, scale=2.0000
2026-03-19 16:15:13,611 - INFO - PnL Net: -0.0008 | Scaled: -0.0016 | Turnover: 19.00% | Vol Scale: 2.00
2026-03-19 16:15:13,611 - INFO - 
============================================================
2026-03-19 16:15:13,611 - INFO - Running paper trading for 2025-07-14
2026-03-19 16:15:13,611 - INFO - ============================================================
2026-03-19 16:15:13,612 - INFO - Portfolio construction: 38 longs, 38 shorts (from 38 candidates)
2026-03-19 16:15:13,612 - INFO - Vol targeting: rolling_vol=0.0411, scale=1.9456
2026-03-19 16:15:13,612 - INFO - PnL Net: -0.0053 | Scaled: -0.0103 | Turnover: 18.01% | Vol Scale: 1.95
2026-03-19 16:15:13,612 - INFO - 
============================================================
2026-03-19 16:15:13,612 - INFO - Running paper trading for 2025-07-15
2026-03-19 16:15:13,612 - INFO - ============================================================
2026-03-19 16:15:13,613 - INFO - Portfolio construction: 38 longs, 24 shorts (from 38 candidates)
2026-03-19 16:15:13,614 - INFO - Vol targeting: rolling_vol=0.0411, scale=1.9452
2026-03-19 16:15:13,614 - INFO - PnL Net: 0.0011 | Scaled: 0.0022 | Turnover: 17.80% | Vol Scale: 1.95
2026-03-19 16:15:13,614 - INFO - 
============================================================
2026-03-19 16:15:13,614 - INFO - Running paper trading for 2025-07-16
2026-03-19 16:15:13,614 - INFO - ============================================================
2026-03-19 16:15:13,615 - INFO - Portfolio construction: 38 longs, 4 shorts (from 38 candidates)
2026-03-19 16:15:13,615 - INFO - Vol targeting: rolling_vol=0.0400, scale=1.9977
2026-03-19 16:15:13,615 - INFO - PnL Net: 0.0035 | Scaled: 0.0070 | Turnover: 18.83% | Vol Scale: 2.00
2026-03-19 16:15:13,615 - INFO - 
============================================================
2026-03-19 16:15:13,615 - INFO - Running paper trading for 2025-07-17
2026-03-19 16:15:13,615 - INFO - ============================================================
2026-03-19 16:15:13,616 - INFO - Portfolio construction: 38 longs, 38 shorts (from 38 candidates)
2026-03-19 16:15:13,616 - INFO - Vol targeting: rolling_vol=0.0400, scale=2.0000
2026-03-19 16:15:13,617 - INFO - PnL Net: -0.0003 | Scaled: -0.0006 | Turnover: 20.65% | Vol Scale: 2.00
2026-03-19 16:15:13,617 - INFO - 
============================================================
2026-03-19 16:15:13,617 - INFO - Running paper trading for 2025-07-18
2026-03-19 16:15:13,617 - INFO - ============================================================
2026-03-19 16:15:13,618 - INFO - Portfolio construction: 38 longs, 38 shorts (from 38 candidates)
2026-03-19 16:15:13,618 - INFO - Vol targeting: rolling_vol=0.0407, scale=1.9646
2026-03-19 16:15:13,618 - INFO - PnL Net: -0.0016 | Scaled: -0.0032 | Turnover: 22.59% | Vol Scale: 1.96
2026-03-19 16:15:13,618 - INFO - 
============================================================
2026-03-19 16:15:13,618 - INFO - Running paper trading for 2025-07-21
2026-03-19 16:15:13,618 - INFO - ============================================================
2026-03-19 16:15:13,619 - INFO - Portfolio construction: 38 longs, 38 shorts (from 38 candidates)
2026-03-19 16:15:13,619 - INFO - Vol targeting: rolling_vol=0.0456, scale=1.7529
2026-03-19 16:15:13,619 - INFO - PnL Net: 0.0068 | Scaled: 0.0120 | Turnover: 18.81% | Vol Scale: 1.75
2026-03-19 16:15:13,619 - INFO - 
============================================================
2026-03-19 16:15:13,619 - INFO - Running paper trading for 2025-07-22
2026-03-19 16:15:13,619 - INFO - ============================================================
2026-03-19 16:15:13,620 - INFO - Portfolio construction: 38 longs, 38 shorts (from 38 candidates)
2026-03-19 16:15:13,621 - INFO - Vol targeting: rolling_vol=0.0446, scale=1.7927
2026-03-19 16:15:13,621 - INFO - PnL Net: 0.0023 | Scaled: 0.0041 | Turnover: 18.89% | Vol Scale: 1.79
2026-03-19 16:15:13,621 - INFO - 
============================================================
2026-03-19 16:15:13,621 - INFO - Running paper trading for 2025-07-23
2026-03-19 16:15:13,621 - INFO - ============================================================
2026-03-19 16:15:13,622 - INFO - Portfolio construction: 38 longs, 38 shorts (from 38 candidates)
2026-03-19 16:15:13,622 - INFO - Vol targeting: rolling_vol=0.0451, scale=1.7756
2026-03-19 16:15:13,622 - INFO - PnL Net: -0.0026 | Scaled: -0.0046 | Turnover: 15.52% | Vol Scale: 1.78
2026-03-19 16:15:13,622 - INFO - 
============================================================
2026-03-19 16:15:13,622 - INFO - Running paper trading for 2025-07-24
2026-03-19 16:15:13,622 - INFO - ============================================================
2026-03-19 16:15:13,623 - INFO - Portfolio construction: 38 longs, 38 shorts (from 38 candidates)
2026-03-19 16:15:13,624 - INFO - Vol targeting: rolling_vol=0.0449, scale=1.7834
2026-03-19 16:15:13,624 - INFO - PnL Net: 0.0011 | Scaled: 0.0019 | Turnover: 15.70% | Vol Scale: 1.78
2026-03-19 16:15:13,624 - INFO - 
============================================================
2026-03-19 16:15:13,624 - INFO - Running paper trading for 2025-07-25
2026-03-19 16:15:13,624 - INFO - ============================================================
2026-03-19 16:15:13,625 - INFO - Portfolio construction: 38 longs, 38 shorts (from 38 candidates)
2026-03-19 16:15:13,625 - INFO - Vol targeting: rolling_vol=0.0465, scale=1.7198
2026-03-19 16:15:13,625 - INFO - PnL Net: -0.0031 | Scaled: -0.0052 | Turnover: 16.41% | Vol Scale: 1.72
2026-03-19 16:15:13,625 - INFO - 
============================================================
2026-03-19 16:15:13,625 - INFO - Running paper trading for 2025-07-28
2026-03-19 16:15:13,625 - INFO - ============================================================
2026-03-19 16:15:13,626 - INFO - Portfolio construction: 38 longs, 38 shorts (from 38 candidates)
2026-03-19 16:15:13,626 - INFO - Vol targeting: rolling_vol=0.0474, scale=1.6862
2026-03-19 16:15:13,626 - INFO - PnL Net: -0.0025 | Scaled: -0.0041 | Turnover: 18.54% | Vol Scale: 1.69
2026-03-19 16:15:13,626 - INFO - 
============================================================
2026-03-19 16:15:13,626 - INFO - Running paper trading for 2025-07-29
2026-03-19 16:15:13,627 - INFO - ============================================================
2026-03-19 16:15:13,627 - INFO - Portfolio construction: 38 longs, 38 shorts (from 38 candidates)
2026-03-19 16:15:13,628 - INFO - Vol targeting: rolling_vol=0.0445, scale=1.7974
2026-03-19 16:15:13,628 - INFO - PnL Net: -0.0028 | Scaled: -0.0050 | Turnover: 17.07% | Vol Scale: 1.80
2026-03-19 16:15:13,628 - INFO - 
============================================================
2026-03-19 16:15:13,628 - INFO - Running paper trading for 2025-07-30
2026-03-19 16:15:13,628 - INFO - ============================================================
2026-03-19 16:15:13,629 - INFO - Portfolio construction: 38 longs, 38 shorts (from 38 candidates)
2026-03-19 16:15:13,629 - INFO - Vol targeting: rolling_vol=0.0463, scale=1.7283
2026-03-19 16:15:13,629 - INFO - PnL Net: -0.0042 | Scaled: -0.0073 | Turnover: 18.97% | Vol Scale: 1.73
2026-03-19 16:15:13,629 - INFO - 
============================================================
2026-03-19 16:15:13,629 - INFO - Running paper trading for 2025-07-31
2026-03-19 16:15:13,629 - INFO - ============================================================
2026-03-19 16:15:13,630 - INFO - Portfolio construction: 38 longs, 38 shorts (from 38 candidates)
2026-03-19 16:15:13,630 - INFO - Vol targeting: rolling_vol=0.0470, scale=1.7007
2026-03-19 16:15:13,630 - INFO - PnL Net: -0.0036 | Scaled: -0.0062 | Turnover: 19.57% | Vol Scale: 1.70
2026-03-19 16:15:13,630 - INFO - 
============================================================
2026-03-19 16:15:13,630 - INFO - Running paper trading for 2025-08-01
2026-03-19 16:15:13,630 - INFO - ============================================================
2026-03-19 16:15:13,631 - INFO - Portfolio construction: 38 longs, 6 shorts (from 38 candidates)
2026-03-19 16:15:13,631 - INFO - Vol targeting: rolling_vol=0.0468, scale=1.7092
2026-03-19 16:15:13,631 - INFO - PnL Net: 0.0016 | Scaled: 0.0028 | Turnover: 18.75% | Vol Scale: 1.71
2026-03-19 16:15:13,631 - INFO - 
============================================================
2026-03-19 16:15:13,631 - INFO - Running paper trading for 2025-08-04
2026-03-19 16:15:13,632 - INFO - ============================================================
2026-03-19 16:15:13,632 - INFO - Portfolio construction: 38 longs, 5 shorts (from 38 candidates)
2026-03-19 16:15:13,633 - INFO - Vol targeting: rolling_vol=0.0486, scale=1.6467
2026-03-19 16:15:13,633 - INFO - PnL Net: 0.0034 | Scaled: 0.0056 | Turnover: 20.03% | Vol Scale: 1.65
2026-03-19 16:15:13,633 - INFO - 
============================================================
2026-03-19 16:15:13,633 - INFO - Running paper trading for 2025-08-05
2026-03-19 16:15:13,633 - INFO - ============================================================
2026-03-19 16:15:13,635 - INFO - Portfolio construction: 38 longs, 37 shorts (from 38 candidates)
2026-03-19 16:15:13,635 - INFO - Vol targeting: rolling_vol=0.0485, scale=1.6507
2026-03-19 16:15:13,635 - INFO - PnL Net: -0.0013 | Scaled: -0.0021 | Turnover: 19.43% | Vol Scale: 1.65
2026-03-19 16:15:13,635 - INFO - 
============================================================
2026-03-19 16:15:13,635 - INFO - Running paper trading for 2025-08-06
2026-03-19 16:15:13,635 - INFO - ============================================================
2026-03-19 16:15:13,636 - INFO - Portfolio construction: 38 longs, 38 shorts (from 38 candidates)
2026-03-19 16:15:13,637 - INFO - Vol targeting: rolling_vol=0.0472, scale=1.6961
2026-03-19 16:15:13,637 - INFO - PnL Net: -0.0009 | Scaled: -0.0016 | Turnover: 18.13% | Vol Scale: 1.70
2026-03-19 16:15:13,637 - INFO - 
============================================================
2026-03-19 16:15:13,637 - INFO - Running paper trading for 2025-08-07
2026-03-19 16:15:13,637 - INFO - ============================================================
2026-03-19 16:15:13,638 - INFO - Portfolio construction: 38 longs, 7 shorts (from 38 candidates)
2026-03-19 16:15:13,638 - INFO - Vol targeting: rolling_vol=0.0466, scale=1.7164
2026-03-19 16:15:13,638 - INFO - PnL Net: 0.0008 | Scaled: 0.0013 | Turnover: 20.31% | Vol Scale: 1.72
2026-03-19 16:15:13,638 - INFO - 
============================================================
2026-03-19 16:15:13,638 - INFO - Running paper trading for 2025-08-08
2026-03-19 16:15:13,638 - INFO - ============================================================
2026-03-19 16:15:13,640 - INFO - Portfolio construction: 38 longs, 8 shorts (from 38 candidates)
2026-03-19 16:15:13,640 - INFO - Vol targeting: rolling_vol=0.0467, scale=1.7135
2026-03-19 16:15:13,640 - WARNING - KS3 TRIGGERED: 60-day Sharpe -0.0651 < 0
2026-03-19 16:15:13,640 - INFO - PnL Net: -0.0013 | Scaled: -0.0022 | Turnover: 18.30% | Vol Scale: 1.71
2026-03-19 16:15:13,640 - INFO - 
============================================================
2026-03-19 16:15:13,640 - INFO - Running paper trading for 2025-08-11
2026-03-19 16:15:13,640 - INFO - ============================================================
2026-03-19 16:15:13,641 - INFO - Portfolio construction: 38 longs, 38 shorts (from 38 candidates)
2026-03-19 16:15:13,642 - INFO - Vol targeting: rolling_vol=0.0479, scale=1.6690
2026-03-19 16:15:13,642 - WARNING - KS3 TRIGGERED: 60-day Sharpe -0.0144 < 0
2026-03-19 16:15:13,642 - INFO - PnL Net: 0.0058 | Scaled: 0.0096 | Turnover: 15.45% | Vol Scale: 1.67
2026-03-19 16:15:13,642 - INFO - 
============================================================
2026-03-19 16:15:13,642 - INFO - Running paper trading for 2025-08-12
2026-03-19 16:15:13,642 - INFO - ============================================================
2026-03-19 16:15:13,643 - INFO - Portfolio construction: 38 longs, 38 shorts (from 38 candidates)
2026-03-19 16:15:13,643 - INFO - Vol targeting: rolling_vol=0.0574, scale=1.3933
2026-03-19 16:15:13,643 - INFO - PnL Net: 0.0093 | Scaled: 0.0129 | Turnover: 15.64% | Vol Scale: 1.39
2026-03-19 16:15:13,643 - INFO - 
============================================================
2026-03-19 16:15:13,643 - INFO - Running paper trading for 2025-08-13
2026-03-19 16:15:13,643 - INFO - ============================================================
2026-03-19 16:15:13,644 - INFO - Portfolio construction: 38 longs, 38 shorts (from 38 candidates)
2026-03-19 16:15:13,644 - INFO - Vol targeting: rolling_vol=0.0564, scale=1.4186
2026-03-19 16:15:13,644 - INFO - PnL Net: 0.0002 | Scaled: 0.0003 | Turnover: 20.87% | Vol Scale: 1.42
2026-03-19 16:15:13,644 - INFO - 
============================================================
2026-03-19 16:15:13,644 - INFO - Running paper trading for 2025-08-14
2026-03-19 16:15:13,645 - INFO - ============================================================
2026-03-19 16:15:13,645 - INFO - Portfolio construction: 38 longs, 38 shorts (from 38 candidates)
2026-03-19 16:15:13,646 - INFO - Vol targeting: rolling_vol=0.0564, scale=1.4190
2026-03-19 16:15:13,646 - INFO - PnL Net: 0.0010 | Scaled: 0.0014 | Turnover: 18.05% | Vol Scale: 1.42
2026-03-19 16:15:13,646 - INFO - 
============================================================
2026-03-19 16:15:13,646 - INFO - Running paper trading for 2025-08-15
2026-03-19 16:15:13,646 - INFO - ============================================================
2026-03-19 16:15:13,647 - INFO - Portfolio construction: 38 longs, 38 shorts (from 38 candidates)
2026-03-19 16:15:13,647 - INFO - Vol targeting: rolling_vol=0.0559, scale=1.4310
2026-03-19 16:15:13,647 - INFO - PnL Net: 0.0002 | Scaled: 0.0003 | Turnover: 19.70% | Vol Scale: 1.43
2026-03-19 16:15:13,647 - INFO - 
============================================================
2026-03-19 16:15:13,647 - INFO - Running paper trading for 2025-08-18
2026-03-19 16:15:13,647 - INFO - ============================================================
2026-03-19 16:15:13,648 - INFO - Portfolio construction: 38 longs, 38 shorts (from 38 candidates)
2026-03-19 16:15:13,648 - INFO - Vol targeting: rolling_vol=0.0515, scale=1.5525
2026-03-19 16:15:13,649 - INFO - PnL Net: 0.0024 | Scaled: 0.0038 | Turnover: 18.09% | Vol Scale: 1.55
2026-03-19 16:15:13,649 - INFO - 
============================================================
2026-03-19 16:15:13,649 - INFO - Running paper trading for 2025-08-19
2026-03-19 16:15:13,649 - INFO - ============================================================
2026-03-19 16:15:13,650 - INFO - Portfolio construction: 38 longs, 38 shorts (from 38 candidates)
2026-03-19 16:15:13,651 - INFO - Vol targeting: rolling_vol=0.0516, scale=1.5515
2026-03-19 16:15:13,651 - INFO - PnL Net: -0.0020 | Scaled: -0.0031 | Turnover: 16.60% | Vol Scale: 1.55
2026-03-19 16:15:13,651 - INFO - 
============================================================
2026-03-19 16:15:13,651 - INFO - Running paper trading for 2025-08-20
2026-03-19 16:15:13,651 - INFO - ============================================================
2026-03-19 16:15:13,652 - INFO - Portfolio construction: 38 longs, 38 shorts (from 38 candidates)
2026-03-19 16:15:13,652 - INFO - Vol targeting: rolling_vol=0.0510, scale=1.5694
2026-03-19 16:15:13,652 - INFO - PnL Net: -0.0015 | Scaled: -0.0024 | Turnover: 15.21% | Vol Scale: 1.57
2026-03-19 16:15:13,652 - INFO - 
============================================================
2026-03-19 16:15:13,652 - INFO - Running paper trading for 2025-08-21
2026-03-19 16:15:13,652 - INFO - ============================================================
2026-03-19 16:15:13,653 - INFO - Portfolio construction: 38 longs, 38 shorts (from 38 candidates)
2026-03-19 16:15:13,653 - INFO - Vol targeting: rolling_vol=0.0594, scale=1.3476
2026-03-19 16:15:13,653 - INFO - PnL Net: 0.0089 | Scaled: 0.0120 | Turnover: 16.82% | Vol Scale: 1.35
2026-03-19 16:15:13,654 - INFO - 
============================================================
2026-03-19 16:15:13,654 - INFO - Running paper trading for 2025-08-22
2026-03-19 16:15:13,654 - INFO - ============================================================
2026-03-19 16:15:13,655 - INFO - Portfolio construction: 38 longs, 38 shorts (from 38 candidates)
2026-03-19 16:15:13,655 - INFO - Vol targeting: rolling_vol=0.0605, scale=1.3221
2026-03-19 16:15:13,655 - INFO - PnL Net: -0.0044 | Scaled: -0.0058 | Turnover: 15.55% | Vol Scale: 1.32
2026-03-19 16:15:13,655 - INFO - 
============================================================
2026-03-19 16:15:13,655 - INFO - Running paper trading for 2025-08-25
2026-03-19 16:15:13,655 - INFO - ============================================================
2026-03-19 16:15:13,656 - INFO - Portfolio construction: 38 longs, 38 shorts (from 38 candidates)
2026-03-19 16:15:13,656 - INFO - Vol targeting: rolling_vol=0.0596, scale=1.3428
2026-03-19 16:15:13,656 - INFO - PnL Net: 0.0005 | Scaled: 0.0007 | Turnover: 15.86% | Vol Scale: 1.34
2026-03-19 16:15:13,656 - INFO - 
============================================================
2026-03-19 16:15:13,656 - INFO - Running paper trading for 2025-08-26
2026-03-19 16:15:13,656 - INFO - ============================================================
2026-03-19 16:15:13,657 - INFO - Portfolio construction: 38 longs, 38 shorts (from 38 candidates)
2026-03-19 16:15:13,657 - INFO - Vol targeting: rolling_vol=0.0583, scale=1.3725
2026-03-19 16:15:13,658 - INFO - PnL Net: 0.0005 | Scaled: 0.0007 | Turnover: 17.06% | Vol Scale: 1.37
2026-03-19 16:15:13,658 - INFO - 
============================================================
2026-03-19 16:15:13,658 - INFO - Running paper trading for 2025-08-27
2026-03-19 16:15:13,658 - INFO - ============================================================
2026-03-19 16:15:13,659 - INFO - Portfolio construction: 38 longs, 38 shorts (from 38 candidates)
2026-03-19 16:15:13,659 - INFO - Vol targeting: rolling_vol=0.0555, scale=1.4411
2026-03-19 16:15:13,659 - INFO - PnL Net: -0.0002 | Scaled: -0.0002 | Turnover: 17.80% | Vol Scale: 1.44
2026-03-19 16:15:13,659 - INFO - 
============================================================
2026-03-19 16:15:13,659 - INFO - Running paper trading for 2025-08-28
2026-03-19 16:15:13,659 - INFO - ============================================================
2026-03-19 16:15:13,659 - INFO - Portfolio construction: 38 longs, 38 shorts (from 38 candidates)
2026-03-19 16:15:13,660 - INFO - Vol targeting: rolling_vol=0.0530, scale=1.5091
2026-03-19 16:15:13,660 - INFO - PnL Net: 0.0003 | Scaled: 0.0004 | Turnover: 19.25% | Vol Scale: 1.51
2026-03-19 16:15:13,660 - INFO - 
============================================================
2026-03-19 16:15:13,660 - INFO - Running paper trading for 2025-08-29
2026-03-19 16:15:13,660 - INFO - ============================================================
2026-03-19 16:15:13,661 - INFO - Portfolio construction: 38 longs, 38 shorts (from 38 candidates)
2026-03-19 16:15:13,661 - INFO - Vol targeting: rolling_vol=0.0539, scale=1.4841
2026-03-19 16:15:13,662 - INFO - PnL Net: -0.0017 | Scaled: -0.0026 | Turnover: 15.06% | Vol Scale: 1.48
2026-03-19 16:15:13,662 - INFO - 
============================================================
2026-03-19 16:15:13,662 - INFO - Running paper trading for 2025-09-02
2026-03-19 16:15:13,662 - INFO - ============================================================
2026-03-19 16:15:13,663 - INFO - Portfolio construction: 38 longs, 38 shorts (from 38 candidates)
2026-03-19 16:15:13,663 - INFO - Vol targeting: rolling_vol=0.0542, scale=1.4760
2026-03-19 16:15:13,663 - INFO - PnL Net: -0.0021 | Scaled: -0.0031 | Turnover: 18.16% | Vol Scale: 1.48
2026-03-19 16:15:13,663 - INFO - 
============================================================
2026-03-19 16:15:13,663 - INFO - Running paper trading for 2025-09-03
2026-03-19 16:15:13,663 - INFO - ============================================================
2026-03-19 16:15:13,664 - INFO - Portfolio construction: 38 longs, 38 shorts (from 38 candidates)
2026-03-19 16:15:13,664 - INFO - Vol targeting: rolling_vol=0.0537, scale=1.4886
2026-03-19 16:15:13,664 - INFO - PnL Net: 0.0013 | Scaled: 0.0020 | Turnover: 17.78% | Vol Scale: 1.49
2026-03-19 16:15:13,664 - INFO - 
============================================================
2026-03-19 16:15:13,664 - INFO - Running paper trading for 2025-09-04
2026-03-19 16:15:13,664 - INFO - ============================================================
2026-03-19 16:15:13,666 - INFO - Portfolio construction: 38 longs, 38 shorts (from 38 candidates)
2026-03-19 16:15:13,666 - INFO - Vol targeting: rolling_vol=0.0534, scale=1.4994
2026-03-19 16:15:13,666 - INFO - PnL Net: 0.0012 | Scaled: 0.0019 | Turnover: 17.33% | Vol Scale: 1.50
2026-03-19 16:15:13,666 - INFO - 
============================================================
2026-03-19 16:15:13,666 - INFO - Running paper trading for 2025-09-05
2026-03-19 16:15:13,666 - INFO - ============================================================
2026-03-19 16:15:13,667 - INFO - Portfolio construction: 38 longs, 38 shorts (from 38 candidates)
2026-03-19 16:15:13,667 - INFO - Vol targeting: rolling_vol=0.0539, scale=1.4842
2026-03-19 16:15:13,668 - INFO - PnL Net: -0.0013 | Scaled: -0.0019 | Turnover: 20.00% | Vol Scale: 1.48
2026-03-19 16:15:13,668 - INFO - 
============================================================
2026-03-19 16:15:13,668 - INFO - Running paper trading for 2025-09-08
2026-03-19 16:15:13,668 - INFO - ============================================================
2026-03-19 16:15:13,669 - INFO - Portfolio construction: 38 longs, 38 shorts (from 38 candidates)
2026-03-19 16:15:13,669 - INFO - Vol targeting: rolling_vol=0.0535, scale=1.4949
2026-03-19 16:15:13,669 - INFO - PnL Net: -0.0003 | Scaled: -0.0004 | Turnover: 16.66% | Vol Scale: 1.49
2026-03-19 16:15:13,669 - INFO - 
============================================================
2026-03-19 16:15:13,669 - INFO - Running paper trading for 2025-09-09
2026-03-19 16:15:13,669 - INFO - ============================================================
2026-03-19 16:15:13,670 - INFO - Portfolio construction: 38 longs, 38 shorts (from 38 candidates)
2026-03-19 16:15:13,670 - INFO - Vol targeting: rolling_vol=0.0534, scale=1.4986
2026-03-19 16:15:13,670 - INFO - PnL Net: -0.0044 | Scaled: -0.0065 | Turnover: 17.19% | Vol Scale: 1.50
2026-03-19 16:15:13,670 - INFO - 
============================================================
2026-03-19 16:15:13,670 - INFO - Running paper trading for 2025-09-10
2026-03-19 16:15:13,670 - INFO - ============================================================
2026-03-19 16:15:13,671 - INFO - Portfolio construction: 38 longs, 38 shorts (from 38 candidates)
2026-03-19 16:15:13,671 - INFO - Vol targeting: rolling_vol=0.0448, scale=1.7844
2026-03-19 16:15:13,671 - INFO - PnL Net: 0.0040 | Scaled: 0.0072 | Turnover: 16.96% | Vol Scale: 1.78
2026-03-19 16:15:13,671 - INFO - 
============================================================
2026-03-19 16:15:13,671 - INFO - Running paper trading for 2025-09-11
2026-03-19 16:15:13,671 - INFO - ============================================================
2026-03-19 16:15:13,672 - INFO - Portfolio construction: 38 longs, 38 shorts (from 38 candidates)
2026-03-19 16:15:13,672 - INFO - Vol targeting: rolling_vol=0.0472, scale=1.6944
2026-03-19 16:15:13,673 - INFO - PnL Net: -0.0041 | Scaled: -0.0070 | Turnover: 17.39% | Vol Scale: 1.69
2026-03-19 16:15:13,673 - INFO - 
============================================================
2026-03-19 16:15:13,673 - INFO - Running paper trading for 2025-09-12
2026-03-19 16:15:13,673 - INFO - ============================================================
2026-03-19 16:15:13,674 - INFO - Portfolio construction: 38 longs, 38 shorts (from 38 candidates)
2026-03-19 16:15:13,674 - INFO - Vol targeting: rolling_vol=0.0475, scale=1.6830
2026-03-19 16:15:13,674 - INFO - PnL Net: -0.0021 | Scaled: -0.0035 | Turnover: 15.81% | Vol Scale: 1.68
2026-03-19 16:15:13,674 - INFO - 
============================================================
2026-03-19 16:15:13,674 - INFO - Running paper trading for 2025-09-15
2026-03-19 16:15:13,674 - INFO - ============================================================
2026-03-19 16:15:13,675 - INFO - Portfolio construction: 38 longs, 38 shorts (from 38 candidates)
2026-03-19 16:15:13,675 - INFO - Vol targeting: rolling_vol=0.0477, scale=1.6773
2026-03-19 16:15:13,675 - INFO - PnL Net: 0.0010 | Scaled: 0.0016 | Turnover: 18.17% | Vol Scale: 1.68
2026-03-19 16:15:13,675 - INFO - 
============================================================
2026-03-19 16:15:13,675 - INFO - Running paper trading for 2025-09-16
2026-03-19 16:15:13,675 - INFO - ============================================================
2026-03-19 16:15:13,676 - INFO - Portfolio construction: 38 longs, 38 shorts (from 38 candidates)
2026-03-19 16:15:13,677 - INFO - Vol targeting: rolling_vol=0.0469, scale=1.7072
2026-03-19 16:15:13,677 - INFO - PnL Net: 0.0006 | Scaled: 0.0011 | Turnover: 16.81% | Vol Scale: 1.71
2026-03-19 16:15:13,677 - INFO - 
============================================================
2026-03-19 16:15:13,677 - INFO - Running paper trading for 2025-09-17
2026-03-19 16:15:13,677 - INFO - ============================================================
2026-03-19 16:15:13,678 - INFO - Portfolio construction: 38 longs, 38 shorts (from 38 candidates)
2026-03-19 16:15:13,678 - INFO - Vol targeting: rolling_vol=0.0483, scale=1.6553
2026-03-19 16:15:13,678 - INFO - PnL Net: 0.0037 | Scaled: 0.0061 | Turnover: 15.39% | Vol Scale: 1.66
2026-03-19 16:15:13,678 - INFO - 
============================================================
2026-03-19 16:15:13,678 - INFO - Running paper trading for 2025-09-18
2026-03-19 16:15:13,678 - INFO - ============================================================
2026-03-19 16:15:13,679 - INFO - Portfolio construction: 38 longs, 38 shorts (from 38 candidates)
2026-03-19 16:15:13,679 - INFO - Vol targeting: rolling_vol=0.0490, scale=1.6323
2026-03-19 16:15:13,679 - INFO - PnL Net: -0.0028 | Scaled: -0.0045 | Turnover: 13.88% | Vol Scale: 1.63
2026-03-19 16:15:13,679 - INFO - 
============================================================
2026-03-19 16:15:13,679 - INFO - Running paper trading for 2025-09-19
2026-03-19 16:15:13,679 - INFO - ============================================================
2026-03-19 16:15:13,680 - INFO - Portfolio construction: 38 longs, 38 shorts (from 38 candidates)
2026-03-19 16:15:13,681 - INFO - Vol targeting: rolling_vol=0.0368, scale=2.0000
2026-03-19 16:15:13,681 - INFO - PnL Net: -0.0018 | Scaled: -0.0037 | Turnover: 14.15% | Vol Scale: 2.00
2026-03-19 16:15:13,681 - INFO - 
============================================================
2026-03-19 16:15:13,681 - INFO - Running paper trading for 2025-09-22
2026-03-19 16:15:13,681 - INFO - ============================================================
2026-03-19 16:15:13,683 - INFO - Portfolio construction: 38 longs, 38 shorts (from 38 candidates)
2026-03-19 16:15:13,683 - INFO - Vol targeting: rolling_vol=0.0347, scale=2.0000
2026-03-19 16:15:13,683 - INFO - PnL Net: -0.0022 | Scaled: -0.0044 | Turnover: 12.25% | Vol Scale: 2.00
2026-03-19 16:15:13,683 - INFO - 
============================================================
2026-03-19 16:15:13,683 - INFO - Running paper trading for 2025-09-23
2026-03-19 16:15:13,683 - INFO - ============================================================
2026-03-19 16:15:13,684 - INFO - Portfolio construction: 38 longs, 38 shorts (from 38 candidates)
2026-03-19 16:15:13,684 - INFO - Vol targeting: rolling_vol=0.0347, scale=2.0000
2026-03-19 16:15:13,684 - INFO - PnL Net: 0.0006 | Scaled: 0.0012 | Turnover: 11.55% | Vol Scale: 2.00
2026-03-19 16:15:13,684 - INFO - 
============================================================
2026-03-19 16:15:13,684 - INFO - Running paper trading for 2025-09-24
2026-03-19 16:15:13,685 - INFO - ============================================================
2026-03-19 16:15:13,686 - INFO - Portfolio construction: 38 longs, 38 shorts (from 38 candidates)
2026-03-19 16:15:13,686 - INFO - Vol targeting: rolling_vol=0.0370, scale=2.0000
2026-03-19 16:15:13,686 - WARNING - KS3 TRIGGERED: 60-day Sharpe -0.2339 < 0
2026-03-19 16:15:13,686 - INFO - PnL Net: -0.0044 | Scaled: -0.0087 | Turnover: 10.82% | Vol Scale: 2.00
2026-03-19 16:15:13,686 - INFO - 
============================================================
2026-03-19 16:15:13,686 - INFO - Running paper trading for 2025-09-25
2026-03-19 16:15:13,686 - INFO - ============================================================
2026-03-19 16:15:13,687 - INFO - Portfolio construction: 38 longs, 38 shorts (from 38 candidates)
2026-03-19 16:15:13,687 - INFO - Vol targeting: rolling_vol=0.0394, scale=2.0000
2026-03-19 16:15:13,687 - WARNING - KS3 TRIGGERED: 60-day Sharpe -0.0747 < 0
2026-03-19 16:15:13,687 - INFO - PnL Net: 0.0031 | Scaled: 0.0063 | Turnover: 11.32% | Vol Scale: 2.00
2026-03-19 16:15:13,687 - INFO - 
============================================================
2026-03-19 16:15:13,687 - INFO - Running paper trading for 2025-09-26
2026-03-19 16:15:13,687 - INFO - ============================================================
2026-03-19 16:15:13,688 - INFO - Portfolio construction: 38 longs, 38 shorts (from 38 candidates)
2026-03-19 16:15:13,689 - INFO - Vol targeting: rolling_vol=0.0396, scale=2.0000
2026-03-19 16:15:13,689 - WARNING - KS3 TRIGGERED: 60-day Sharpe -0.1133 < 0
2026-03-19 16:15:13,689 - INFO - PnL Net: 0.0009 | Scaled: 0.0019 | Turnover: 10.79% | Vol Scale: 2.00
2026-03-19 16:15:13,689 - INFO - 
============================================================
2026-03-19 16:15:13,689 - INFO - Running paper trading for 2025-09-29
2026-03-19 16:15:13,689 - INFO - ============================================================
2026-03-19 16:15:13,690 - INFO - Portfolio construction: 38 longs, 38 shorts (from 38 candidates)
2026-03-19 16:15:13,690 - INFO - Vol targeting: rolling_vol=0.0395, scale=2.0000
2026-03-19 16:15:13,690 - INFO - PnL Net: 0.0006 | Scaled: 0.0013 | Turnover: 18.78% | Vol Scale: 2.00
2026-03-19 16:15:13,690 - INFO - 
============================================================
2026-03-19 16:15:13,690 - INFO - Running paper trading for 2025-09-30
2026-03-19 16:15:13,690 - INFO - ============================================================
2026-03-19 16:15:13,691 - INFO - Portfolio construction: 38 longs, 38 shorts (from 38 candidates)
2026-03-19 16:15:13,691 - INFO - Vol targeting: rolling_vol=0.0394, scale=2.0000
2026-03-19 16:15:13,691 - INFO - PnL Net: 0.0013 | Scaled: 0.0026 | Turnover: 16.32% | Vol Scale: 2.00
2026-03-19 16:15:13,691 - INFO - 
============================================================
2026-03-19 16:15:13,692 - INFO - Running paper trading for 2025-10-01
2026-03-19 16:15:13,692 - INFO - ============================================================
2026-03-19 16:15:13,692 - INFO - Portfolio construction: 38 longs, 38 shorts (from 38 candidates)
2026-03-19 16:15:13,692 - INFO - Vol targeting: rolling_vol=0.0406, scale=1.9724
2026-03-19 16:15:13,692 - INFO - PnL Net: 0.0029 | Scaled: 0.0057 | Turnover: 13.62% | Vol Scale: 1.97
2026-03-19 16:15:13,692 - INFO - 
============================================================
2026-03-19 16:15:13,692 - INFO - Running paper trading for 2025-10-02
2026-03-19 16:15:13,692 - INFO - ============================================================
2026-03-19 16:15:13,693 - INFO - Portfolio construction: 38 longs, 38 shorts (from 38 candidates)
2026-03-19 16:15:13,694 - INFO - Vol targeting: rolling_vol=0.0415, scale=1.9257
2026-03-19 16:15:13,694 - INFO - PnL Net: 0.0028 | Scaled: 0.0053 | Turnover: 12.21% | Vol Scale: 1.93
2026-03-19 16:15:13,694 - INFO - 
============================================================
2026-03-19 16:15:13,694 - INFO - Running paper trading for 2025-10-03
2026-03-19 16:15:13,694 - INFO - ============================================================
2026-03-19 16:15:13,695 - INFO - Portfolio construction: 38 longs, 38 shorts (from 38 candidates)
2026-03-19 16:15:13,695 - INFO - Vol targeting: rolling_vol=0.0436, scale=1.8365
2026-03-19 16:15:13,695 - INFO - PnL Net: 0.0040 | Scaled: 0.0073 | Turnover: 10.49% | Vol Scale: 1.84
2026-03-19 16:15:13,695 - INFO - 
============================================================
2026-03-19 16:15:13,695 - INFO - Running paper trading for 2025-10-06
2026-03-19 16:15:13,695 - INFO - ============================================================
2026-03-19 16:15:13,696 - INFO - Portfolio construction: 38 longs, 38 shorts (from 38 candidates)
2026-03-19 16:15:13,696 - INFO - Vol targeting: rolling_vol=0.0440, scale=1.8163
2026-03-19 16:15:13,696 - INFO - PnL Net: -0.0017 | Scaled: -0.0032 | Turnover: 8.91% | Vol Scale: 1.82
2026-03-19 16:15:13,696 - INFO - 
============================================================
2026-03-19 16:15:13,696 - INFO - Running paper trading for 2025-10-07
2026-03-19 16:15:13,696 - INFO - ============================================================
2026-03-19 16:15:13,698 - INFO - Portfolio construction: 38 longs, 38 shorts (from 38 candidates)
2026-03-19 16:15:13,698 - INFO - Vol targeting: rolling_vol=0.0418, scale=1.9150
2026-03-19 16:15:13,699 - INFO - PnL Net: 0.0027 | Scaled: 0.0053 | Turnover: 7.62% | Vol Scale: 1.91
2026-03-19 16:15:13,699 - INFO - 
============================================================
2026-03-19 16:15:13,699 - INFO - Running paper trading for 2025-10-08
2026-03-19 16:15:13,699 - INFO - ============================================================
2026-03-19 16:15:13,700 - INFO - Portfolio construction: 38 longs, 38 shorts (from 38 candidates)
2026-03-19 16:15:13,700 - INFO - Vol targeting: rolling_vol=0.0400, scale=1.9984
2026-03-19 16:15:13,700 - INFO - PnL Net: -0.0012 | Scaled: -0.0024 | Turnover: 6.47% | Vol Scale: 2.00
2026-03-19 16:15:13,700 - INFO - 
============================================================
2026-03-19 16:15:13,700 - INFO - Running paper trading for 2025-10-09
2026-03-19 16:15:13,700 - INFO - ============================================================
2026-03-19 16:15:13,701 - INFO - Portfolio construction: 38 longs, 38 shorts (from 38 candidates)
2026-03-19 16:15:13,701 - INFO - Vol targeting: rolling_vol=0.0499, scale=1.6037
2026-03-19 16:15:13,702 - INFO - PnL Net: -0.0093 | Scaled: -0.0149 | Turnover: 6.11% | Vol Scale: 1.60
2026-03-19 16:15:13,702 - INFO - 
============================================================
2026-03-19 16:15:13,702 - INFO - Running paper trading for 2025-10-10
2026-03-19 16:15:13,702 - INFO - ============================================================
2026-03-19 16:15:13,703 - INFO - Portfolio construction: 38 longs, 38 shorts (from 38 candidates)
2026-03-19 16:15:13,703 - INFO - Vol targeting: rolling_vol=0.0501, scale=1.5958
2026-03-19 16:15:13,703 - INFO - PnL Net: 0.0026 | Scaled: 0.0041 | Turnover: 16.58% | Vol Scale: 1.60
2026-03-19 16:15:13,703 - INFO - 
============================================================
2026-03-19 16:15:13,703 - INFO - Running paper trading for 2025-10-13
2026-03-19 16:15:13,703 - INFO - ============================================================
2026-03-19 16:15:13,704 - INFO - Portfolio construction: 38 longs, 36 shorts (from 38 candidates)
2026-03-19 16:15:13,705 - INFO - Vol targeting: rolling_vol=0.0500, scale=1.5985
2026-03-19 16:15:13,705 - INFO - PnL Net: 0.0001 | Scaled: 0.0001 | Turnover: 21.87% | Vol Scale: 1.60
2026-03-19 16:15:13,705 - INFO - 
============================================================
2026-03-19 16:15:13,705 - INFO - Running paper trading for 2025-10-14
2026-03-19 16:15:13,705 - INFO - ============================================================
2026-03-19 16:15:13,705 - INFO - Portfolio construction: 38 longs, 38 shorts (from 38 candidates)
2026-03-19 16:15:13,706 - INFO - Vol targeting: rolling_vol=0.0503, scale=1.5894
2026-03-19 16:15:13,706 - INFO - PnL Net: 0.0017 | Scaled: 0.0028 | Turnover: 19.87% | Vol Scale: 1.59
2026-03-19 16:15:13,706 - INFO - 
============================================================
2026-03-19 16:15:13,706 - INFO - Running paper trading for 2025-10-15
2026-03-19 16:15:13,706 - INFO - ============================================================
2026-03-19 16:15:13,706 - INFO - Portfolio construction: 38 longs, 38 shorts (from 38 candidates)
2026-03-19 16:15:13,706 - INFO - Vol targeting: rolling_vol=0.0506, scale=1.5825
2026-03-19 16:15:13,706 - WARNING - KS3 TRIGGERED: 60-day Sharpe -0.2138 < 0
2026-03-19 16:15:13,708 - INFO - PnL Net: -0.0039 | Scaled: -0.0062 | Turnover: 19.76% | Vol Scale: 1.58
2026-03-19 16:15:13,708 - INFO - 
============================================================
2026-03-19 16:15:13,708 - INFO - Running paper trading for 2025-10-16
2026-03-19 16:15:13,708 - INFO - ============================================================
2026-03-19 16:15:13,709 - INFO - Portfolio construction: 38 longs, 38 shorts (from 38 candidates)
2026-03-19 16:15:13,709 - INFO - Vol targeting: rolling_vol=0.0497, scale=1.6093
2026-03-19 16:15:13,709 - INFO - PnL Net: 0.0004 | Scaled: 0.0006 | Turnover: 19.81% | Vol Scale: 1.61
2026-03-19 16:15:13,709 - INFO - 
============================================================
2026-03-19 16:15:13,709 - INFO - Running paper trading for 2025-10-17
2026-03-19 16:15:13,709 - INFO - ============================================================
2026-03-19 16:15:13,710 - INFO - Portfolio construction: 38 longs, 2 shorts (from 38 candidates)
2026-03-19 16:15:13,710 - INFO - Vol targeting: rolling_vol=0.0522, scale=1.5325
2026-03-19 16:15:13,710 - INFO - PnL Net: 0.0050 | Scaled: 0.0077 | Turnover: 21.18% | Vol Scale: 1.53
2026-03-19 16:15:13,710 - INFO - 
============================================================
2026-03-19 16:15:13,710 - INFO - Running paper trading for 2025-10-20
2026-03-19 16:15:13,710 - INFO - ============================================================
2026-03-19 16:15:13,711 - INFO - Portfolio construction: 38 longs, 38 shorts (from 38 candidates)
2026-03-19 16:15:13,712 - INFO - Vol targeting: rolling_vol=0.0521, scale=1.5369
2026-03-19 16:15:13,712 - INFO - PnL Net: 0.0028 | Scaled: 0.0043 | Turnover: 19.97% | Vol Scale: 1.54
2026-03-19 16:15:13,712 - INFO - 
============================================================
2026-03-19 16:15:13,712 - INFO - Running paper trading for 2025-10-21
2026-03-19 16:15:13,712 - INFO - ============================================================
2026-03-19 16:15:13,713 - INFO - Portfolio construction: 38 longs, 38 shorts (from 38 candidates)
2026-03-19 16:15:13,713 - INFO - Vol targeting: rolling_vol=0.0528, scale=1.5154
2026-03-19 16:15:13,713 - INFO - PnL Net: -0.0020 | Scaled: -0.0030 | Turnover: 17.75% | Vol Scale: 1.52
2026-03-19 16:15:13,713 - INFO - 
============================================================
2026-03-19 16:15:13,713 - INFO - Running paper trading for 2025-10-22
2026-03-19 16:15:13,713 - INFO - ============================================================
2026-03-19 16:15:13,714 - INFO - Portfolio construction: 38 longs, 38 shorts (from 38 candidates)
2026-03-19 16:15:13,715 - INFO - Vol targeting: rolling_vol=0.0516, scale=1.5499
2026-03-19 16:15:13,715 - INFO - PnL Net: 0.0046 | Scaled: 0.0071 | Turnover: 16.55% | Vol Scale: 1.55
2026-03-19 16:15:13,715 - INFO - 
============================================================
2026-03-19 16:15:13,715 - INFO - Running paper trading for 2025-10-23
2026-03-19 16:15:13,715 - INFO - ============================================================
2026-03-19 16:15:13,716 - INFO - Portfolio construction: 38 longs, 38 shorts (from 38 candidates)
2026-03-19 16:15:13,717 - INFO - Vol targeting: rolling_vol=0.0510, scale=1.5701
2026-03-19 16:15:13,717 - INFO - PnL Net: 0.0010 | Scaled: 0.0015 | Turnover: 18.04% | Vol Scale: 1.57
2026-03-19 16:15:13,717 - INFO - 
============================================================
2026-03-19 16:15:13,717 - INFO - Running paper trading for 2025-10-24
2026-03-19 16:15:13,717 - INFO - ============================================================
2026-03-19 16:15:13,718 - INFO - Portfolio construction: 38 longs, 38 shorts (from 38 candidates)
2026-03-19 16:15:13,718 - INFO - Vol targeting: rolling_vol=0.0511, scale=1.5665
2026-03-19 16:15:13,718 - INFO - PnL Net: 0.0018 | Scaled: 0.0028 | Turnover: 20.07% | Vol Scale: 1.57
2026-03-19 16:15:13,718 - INFO - 
============================================================
2026-03-19 16:15:13,718 - INFO - Running paper trading for 2025-10-27
2026-03-19 16:15:13,718 - INFO - ============================================================
2026-03-19 16:15:13,719 - INFO - Portfolio construction: 38 longs, 38 shorts (from 38 candidates)
2026-03-19 16:15:13,719 - INFO - Vol targeting: rolling_vol=0.0513, scale=1.5609
2026-03-19 16:15:13,719 - INFO - PnL Net: -0.0005 | Scaled: -0.0007 | Turnover: 20.20% | Vol Scale: 1.56
2026-03-19 16:15:13,719 - INFO - 
============================================================
2026-03-19 16:15:13,719 - INFO - Running paper trading for 2025-10-28
2026-03-19 16:15:13,719 - INFO - ============================================================
2026-03-19 16:15:13,720 - INFO - Portfolio construction: 38 longs, 38 shorts (from 38 candidates)
2026-03-19 16:15:13,721 - INFO - Vol targeting: rolling_vol=0.0516, scale=1.5503
2026-03-19 16:15:13,721 - INFO - PnL Net: -0.0011 | Scaled: -0.0017 | Turnover: 17.57% | Vol Scale: 1.55
2026-03-19 16:15:13,721 - INFO - 
============================================================
2026-03-19 16:15:13,721 - INFO - Running paper trading for 2025-10-29
2026-03-19 16:15:13,721 - INFO - ============================================================
2026-03-19 16:15:13,722 - INFO - Portfolio construction: 38 longs, 38 shorts (from 38 candidates)
2026-03-19 16:15:13,722 - INFO - Vol targeting: rolling_vol=0.0533, scale=1.4997
2026-03-19 16:15:13,722 - INFO - PnL Net: -0.0041 | Scaled: -0.0061 | Turnover: 16.24% | Vol Scale: 1.50
2026-03-19 16:15:13,722 - INFO - 
============================================================
2026-03-19 16:15:13,722 - INFO - Running paper trading for 2025-10-30
2026-03-19 16:15:13,722 - INFO - ============================================================
2026-03-19 16:15:13,723 - INFO - Portfolio construction: 38 longs, 38 shorts (from 38 candidates)
2026-03-19 16:15:13,723 - INFO - Vol targeting: rolling_vol=0.0529, scale=1.5111
2026-03-19 16:15:13,723 - INFO - PnL Net: 0.0019 | Scaled: 0.0029 | Turnover: 17.83% | Vol Scale: 1.51
2026-03-19 16:15:13,723 - INFO - 
============================================================
2026-03-19 16:15:13,723 - INFO - Running paper trading for 2025-10-31
2026-03-19 16:15:13,723 - INFO - ============================================================
2026-03-19 16:15:13,724 - INFO - Portfolio construction: 38 longs, 38 shorts (from 38 candidates)
2026-03-19 16:15:13,724 - INFO - Vol targeting: rolling_vol=0.0514, scale=1.5577
2026-03-19 16:15:13,724 - INFO - PnL Net: -0.0012 | Scaled: -0.0019 | Turnover: 17.75% | Vol Scale: 1.56
2026-03-19 16:15:13,724 - INFO - 
============================================================
2026-03-19 16:15:13,724 - INFO - Running paper trading for 2025-11-03
2026-03-19 16:15:13,724 - INFO - ============================================================
2026-03-19 16:15:13,725 - INFO - Portfolio construction: 38 longs, 38 shorts (from 38 candidates)
2026-03-19 16:15:13,725 - INFO - Vol targeting: rolling_vol=0.0532, scale=1.5032
2026-03-19 16:15:13,726 - INFO - PnL Net: -0.0044 | Scaled: -0.0065 | Turnover: 18.48% | Vol Scale: 1.50
2026-03-19 16:15:13,726 - INFO - 
============================================================
2026-03-19 16:15:13,726 - INFO - Running paper trading for 2025-11-04
2026-03-19 16:15:13,726 - INFO - ============================================================
2026-03-19 16:15:13,727 - INFO - Portfolio construction: 38 longs, 38 shorts (from 38 candidates)
2026-03-19 16:15:13,727 - INFO - Vol targeting: rolling_vol=0.0532, scale=1.5046
2026-03-19 16:15:13,727 - INFO - PnL Net: 0.0027 | Scaled: 0.0040 | Turnover: 18.50% | Vol Scale: 1.50
2026-03-19 16:15:13,727 - INFO - 
============================================================
2026-03-19 16:15:13,727 - INFO - Running paper trading for 2025-11-05
2026-03-19 16:15:13,727 - INFO - ============================================================
2026-03-19 16:15:13,729 - INFO - Portfolio construction: 38 longs, 38 shorts (from 38 candidates)
2026-03-19 16:15:13,729 - INFO - Vol targeting: rolling_vol=0.0556, scale=1.4381
2026-03-19 16:15:13,729 - WARNING - KS3 TRIGGERED: 60-day Sharpe -0.0205 < 0
2026-03-19 16:15:13,729 - INFO - PnL Net: -0.0050 | Scaled: -0.0071 | Turnover: 18.91% | Vol Scale: 1.44
2026-03-19 16:15:13,729 - INFO - 
============================================================
2026-03-19 16:15:13,729 - INFO - Running paper trading for 2025-11-06
2026-03-19 16:15:13,729 - INFO - ============================================================
2026-03-19 16:15:13,730 - INFO - Portfolio construction: 38 longs, 38 shorts (from 38 candidates)
2026-03-19 16:15:13,730 - INFO - Vol targeting: rolling_vol=0.0450, scale=1.7759
2026-03-19 16:15:13,731 - WARNING - KS3 TRIGGERED: 60-day Sharpe -0.0011 < 0
2026-03-19 16:15:13,731 - INFO - PnL Net: 0.0004 | Scaled: 0.0007 | Turnover: 19.27% | Vol Scale: 1.78
2026-03-19 16:15:13,731 - INFO - 
============================================================
2026-03-19 16:15:13,731 - INFO - Running paper trading for 2025-11-07
2026-03-19 16:15:13,731 - INFO - ============================================================
2026-03-19 16:15:13,732 - WARNING - No negative predictions for shorts - skipping short positions
2026-03-19 16:15:13,732 - INFO - Portfolio construction: 38 longs, 0 shorts (from 38 candidates)
2026-03-19 16:15:13,732 - INFO - Vol targeting: rolling_vol=0.0446, scale=1.7921
2026-03-19 16:15:13,732 - INFO - PnL Net: 0.0019 | Scaled: 0.0034 | Turnover: 13.18% | Vol Scale: 1.79
2026-03-19 16:15:13,732 - INFO - 
============================================================
2026-03-19 16:15:13,732 - INFO - Running paper trading for 2025-11-10
2026-03-19 16:15:13,732 - INFO - ============================================================
2026-03-19 16:15:13,733 - INFO - Portfolio construction: 38 longs, 38 shorts (from 38 candidates)
2026-03-19 16:15:13,733 - INFO - Vol targeting: rolling_vol=0.0454, scale=1.7634
2026-03-19 16:15:13,733 - INFO - PnL Net: 0.0024 | Scaled: 0.0043 | Turnover: 18.16% | Vol Scale: 1.76
2026-03-19 16:15:13,733 - INFO - 
============================================================
2026-03-19 16:15:13,733 - INFO - Running paper trading for 2025-11-11
2026-03-19 16:15:13,733 - INFO - ============================================================
2026-03-19 16:15:13,734 - INFO - Portfolio construction: 38 longs, 38 shorts (from 38 candidates)
2026-03-19 16:15:13,734 - INFO - Vol targeting: rolling_vol=0.0464, scale=1.7224
2026-03-19 16:15:13,734 - INFO - PnL Net: 0.0034 | Scaled: 0.0059 | Turnover: 16.31% | Vol Scale: 1.72
2026-03-19 16:15:13,734 - INFO - 
============================================================
2026-03-19 16:15:13,734 - INFO - Running paper trading for 2025-11-12
2026-03-19 16:15:13,734 - INFO - ============================================================
2026-03-19 16:15:13,735 - INFO - Portfolio construction: 38 longs, 38 shorts (from 38 candidates)
2026-03-19 16:15:13,736 - INFO - Vol targeting: rolling_vol=0.0448, scale=1.7861
2026-03-19 16:15:13,736 - INFO - PnL Net: -0.0022 | Scaled: -0.0039 | Turnover: 15.82% | Vol Scale: 1.79
2026-03-19 16:15:13,736 - INFO - 
============================================================
2026-03-19 16:15:13,736 - INFO - Running paper trading for 2025-11-13
2026-03-19 16:15:13,736 - INFO - ============================================================
2026-03-19 16:15:13,737 - INFO - Portfolio construction: 38 longs, 38 shorts (from 38 candidates)
2026-03-19 16:15:13,737 - INFO - Vol targeting: rolling_vol=0.0464, scale=1.7238
2026-03-19 16:15:13,737 - INFO - PnL Net: -0.0031 | Scaled: -0.0054 | Turnover: 17.53% | Vol Scale: 1.72
2026-03-19 16:15:13,737 - INFO - 
============================================================
2026-03-19 16:15:13,737 - INFO - Running paper trading for 2025-11-14
2026-03-19 16:15:13,737 - INFO - ============================================================
2026-03-19 16:15:13,738 - INFO - Portfolio construction: 38 longs, 38 shorts (from 38 candidates)
2026-03-19 16:15:13,738 - INFO - Vol targeting: rolling_vol=0.0494, scale=1.6195
2026-03-19 16:15:13,738 - WARNING - KS3 TRIGGERED: 60-day Sharpe -1.2139 < 0
2026-03-19 16:15:13,738 - INFO - PnL Net: -0.0071 | Scaled: -0.0114 | Turnover: 18.41% | Vol Scale: 1.62
2026-03-19 16:15:13,738 - INFO - 
============================================================
2026-03-19 16:15:13,738 - INFO - Running paper trading for 2025-11-17
2026-03-19 16:15:13,738 - INFO - ============================================================
2026-03-19 16:15:13,739 - INFO - Portfolio construction: 38 longs, 38 shorts (from 38 candidates)
2026-03-19 16:15:13,740 - INFO - Vol targeting: rolling_vol=0.0481, scale=1.6647
2026-03-19 16:15:13,740 - WARNING - KS3 TRIGGERED: 60-day Sharpe -0.9382 < 0
2026-03-19 16:15:13,740 - INFO - PnL Net: -0.0011 | Scaled: -0.0018 | Turnover: 18.60% | Vol Scale: 1.66
2026-03-19 16:15:13,740 - INFO - 
============================================================
2026-03-19 16:15:13,740 - INFO - Running paper trading for 2025-11-18
2026-03-19 16:15:13,740 - INFO - ============================================================
2026-03-19 16:15:13,741 - INFO - Portfolio construction: 38 longs, 38 shorts (from 38 candidates)
2026-03-19 16:15:13,741 - INFO - Vol targeting: rolling_vol=0.0478, scale=1.6738
2026-03-19 16:15:13,741 - WARNING - KS3 TRIGGERED: 60-day Sharpe -0.9945 < 0
2026-03-19 16:15:13,741 - INFO - PnL Net: -0.0001 | Scaled: -0.0002 | Turnover: 17.82% | Vol Scale: 1.67
2026-03-19 16:15:13,741 - INFO - 
============================================================
2026-03-19 16:15:13,741 - INFO - Running paper trading for 2025-11-19
2026-03-19 16:15:13,741 - INFO - ============================================================
2026-03-19 16:15:13,742 - INFO - Portfolio construction: 38 longs, 10 shorts (from 38 candidates)
2026-03-19 16:15:13,742 - INFO - Vol targeting: rolling_vol=0.0464, scale=1.7231
2026-03-19 16:15:13,743 - WARNING - KS3 TRIGGERED: 60-day Sharpe -1.4547 < 0
2026-03-19 16:15:13,743 - INFO - PnL Net: -0.0049 | Scaled: -0.0085 | Turnover: 20.34% | Vol Scale: 1.72
2026-03-19 16:15:13,743 - INFO - 
============================================================
2026-03-19 16:15:13,743 - INFO - Running paper trading for 2025-11-20
2026-03-19 16:15:13,743 - INFO - ============================================================
2026-03-19 16:15:13,744 - INFO - Portfolio construction: 38 longs, 4 shorts (from 38 candidates)
2026-03-19 16:15:13,744 - INFO - Vol targeting: rolling_vol=0.0537, scale=1.4897
2026-03-19 16:15:13,744 - WARNING - KS3 TRIGGERED: 60-day Sharpe -0.7805 < 0
2026-03-19 16:15:13,744 - INFO - PnL Net: 0.0070 | Scaled: 0.0104 | Turnover: 18.63% | Vol Scale: 1.49
2026-03-19 16:15:13,744 - INFO - 
============================================================
2026-03-19 16:15:13,744 - INFO - Running paper trading for 2025-11-21
2026-03-19 16:15:13,744 - INFO - ============================================================
2026-03-19 16:15:13,745 - WARNING - No negative predictions for shorts - skipping short positions
2026-03-19 16:15:13,745 - INFO - Portfolio construction: 38 longs, 0 shorts (from 38 candidates)
2026-03-19 16:15:13,745 - INFO - Vol targeting: rolling_vol=0.0544, scale=1.4711
2026-03-19 16:15:13,746 - WARNING - KS3 TRIGGERED: 60-day Sharpe -0.5647 < 0
2026-03-19 16:15:13,746 - INFO - PnL Net: 0.0028 | Scaled: 0.0041 | Turnover: 14.74% | Vol Scale: 1.47
2026-03-19 16:15:13,746 - INFO - 
============================================================
2026-03-19 16:15:13,746 - INFO - Running paper trading for 2025-11-24
2026-03-19 16:15:13,746 - INFO - ============================================================
2026-03-19 16:15:13,747 - INFO - Portfolio construction: 38 longs, 38 shorts (from 38 candidates)
2026-03-19 16:15:13,747 - INFO - Vol targeting: rolling_vol=0.0569, scale=1.4057
2026-03-19 16:15:13,747 - WARNING - KS3 TRIGGERED: 60-day Sharpe -0.0606 < 0
2026-03-19 16:15:13,747 - INFO - PnL Net: 0.0042 | Scaled: 0.0060 | Turnover: 18.63% | Vol Scale: 1.41
2026-03-19 16:15:13,747 - INFO - 
============================================================
2026-03-19 16:15:13,747 - INFO - Running paper trading for 2025-11-25
2026-03-19 16:15:13,747 - INFO - ============================================================
2026-03-19 16:15:13,748 - INFO - Portfolio construction: 38 longs, 29 shorts (from 38 candidates)
2026-03-19 16:15:13,748 - INFO - Vol targeting: rolling_vol=0.0582, scale=1.3744
2026-03-19 16:15:13,748 - INFO - PnL Net: 0.0033 | Scaled: 0.0045 | Turnover: 16.83% | Vol Scale: 1.37
2026-03-19 16:15:13,748 - INFO - 
============================================================
2026-03-19 16:15:13,748 - INFO - Running paper trading for 2025-11-26
2026-03-19 16:15:13,748 - INFO - ============================================================
2026-03-19 16:15:13,749 - INFO - Portfolio construction: 38 longs, 38 shorts (from 38 candidates)
2026-03-19 16:15:13,750 - INFO - Vol targeting: rolling_vol=0.0572, scale=1.3978
2026-03-19 16:15:13,750 - INFO - PnL Net: 0.0028 | Scaled: 0.0039 | Turnover: 19.67% | Vol Scale: 1.40
2026-03-19 16:15:13,750 - INFO - 
============================================================
2026-03-19 16:15:13,750 - INFO - Running paper trading for 2025-11-28
2026-03-19 16:15:13,750 - INFO - ============================================================
2026-03-19 16:15:13,751 - INFO - Portfolio construction: 38 longs, 38 shorts (from 38 candidates)
2026-03-19 16:15:13,751 - INFO - Vol targeting: rolling_vol=0.0570, scale=1.4044
2026-03-19 16:15:13,751 - INFO - PnL Net: -0.0008 | Scaled: -0.0011 | Turnover: 18.71% | Vol Scale: 1.40
2026-03-19 16:15:13,751 - INFO - 
============================================================
2026-03-19 16:15:13,751 - INFO - Running paper trading for 2025-12-01
2026-03-19 16:15:13,751 - INFO - ============================================================
2026-03-19 16:15:13,752 - INFO - Portfolio construction: 38 longs, 38 shorts (from 38 candidates)
2026-03-19 16:15:13,752 - INFO - Vol targeting: rolling_vol=0.0577, scale=1.3855
2026-03-19 16:15:13,752 - INFO - PnL Net: 0.0032 | Scaled: 0.0044 | Turnover: 17.87% | Vol Scale: 1.39
2026-03-19 16:15:13,752 - INFO - 
============================================================
2026-03-19 16:15:13,752 - INFO - Running paper trading for 2025-12-02
2026-03-19 16:15:13,752 - INFO - ============================================================
2026-03-19 16:15:13,754 - INFO - Portfolio construction: 38 longs, 38 shorts (from 38 candidates)
2026-03-19 16:15:13,754 - INFO - Vol targeting: rolling_vol=0.0579, scale=1.3813
2026-03-19 16:15:13,754 - INFO - PnL Net: 0.0056 | Scaled: 0.0077 | Turnover: 20.20% | Vol Scale: 1.38
2026-03-19 16:15:13,754 - INFO - 
============================================================
2026-03-19 16:15:13,754 - INFO - Running paper trading for 2025-12-03
2026-03-19 16:15:13,754 - INFO - ============================================================
2026-03-19 16:15:13,755 - INFO - Portfolio construction: 38 longs, 38 shorts (from 38 candidates)
2026-03-19 16:15:13,755 - INFO - Vol targeting: rolling_vol=0.0576, scale=1.3891
2026-03-19 16:15:13,756 - INFO - PnL Net: -0.0002 | Scaled: -0.0003 | Turnover: 19.11% | Vol Scale: 1.39
2026-03-19 16:15:13,756 - INFO - 
============================================================
2026-03-19 16:15:13,756 - INFO - Running paper trading for 2025-12-04
2026-03-19 16:15:13,756 - INFO - ============================================================
2026-03-19 16:15:13,757 - INFO - Portfolio construction: 38 longs, 3 shorts (from 38 candidates)
2026-03-19 16:15:13,757 - INFO - Vol targeting: rolling_vol=0.0539, scale=1.4845
2026-03-19 16:15:13,757 - INFO - PnL Net: 0.0005 | Scaled: 0.0008 | Turnover: 19.09% | Vol Scale: 1.48
2026-03-19 16:15:13,757 - INFO - 
============================================================
2026-03-19 16:15:13,757 - INFO - Running paper trading for 2025-12-05
2026-03-19 16:15:13,757 - INFO - ============================================================
2026-03-19 16:15:13,758 - INFO - Portfolio construction: 38 longs, 2 shorts (from 38 candidates)
2026-03-19 16:15:13,758 - INFO - Vol targeting: rolling_vol=0.0571, scale=1.4018
2026-03-19 16:15:13,758 - INFO - PnL Net: -0.0045 | Scaled: -0.0063 | Turnover: 19.14% | Vol Scale: 1.40
2026-03-19 16:15:13,758 - INFO - 
============================================================
2026-03-19 16:15:13,758 - INFO - Running paper trading for 2025-12-08
2026-03-19 16:15:13,758 - INFO - ============================================================
2026-03-19 16:15:13,760 - WARNING - No negative predictions for shorts - skipping short positions
2026-03-19 16:15:13,760 - INFO - Portfolio construction: 38 longs, 0 shorts (from 38 candidates)
2026-03-19 16:15:13,760 - INFO - Vol targeting: rolling_vol=0.0570, scale=1.4030
2026-03-19 16:15:13,760 - INFO - PnL Net: -0.0005 | Scaled: -0.0008 | Turnover: 15.68% | Vol Scale: 1.40
2026-03-19 16:15:13,760 - INFO - 
============================================================
2026-03-19 16:15:13,760 - INFO - Running paper trading for 2025-12-09
2026-03-19 16:15:13,760 - INFO - ============================================================
2026-03-19 16:15:13,761 - INFO - Portfolio construction: 38 longs, 2 shorts (from 38 candidates)
2026-03-19 16:15:13,762 - INFO - Vol targeting: rolling_vol=0.0607, scale=1.3183
2026-03-19 16:15:13,762 - INFO - PnL Net: 0.0068 | Scaled: 0.0089 | Turnover: 18.84% | Vol Scale: 1.32
2026-03-19 16:15:13,762 - INFO - 
============================================================
2026-03-19 16:15:13,762 - INFO - Running paper trading for 2025-12-10
2026-03-19 16:15:13,762 - INFO - ============================================================
2026-03-19 16:15:13,763 - WARNING - No negative predictions for shorts - skipping short positions
2026-03-19 16:15:13,763 - INFO - Portfolio construction: 38 longs, 0 shorts (from 38 candidates)
2026-03-19 16:15:13,763 - INFO - Vol targeting: rolling_vol=0.0675, scale=1.1847
2026-03-19 16:15:13,763 - INFO - PnL Net: 0.0096 | Scaled: 0.0114 | Turnover: 13.56% | Vol Scale: 1.18
2026-03-19 16:15:13,763 - INFO - 
============================================================
2026-03-19 16:15:13,763 - INFO - Running paper trading for 2025-12-11
2026-03-19 16:15:13,763 - INFO - ============================================================
2026-03-19 16:15:13,764 - INFO - Portfolio construction: 38 longs, 38 shorts (from 38 candidates)
2026-03-19 16:15:13,764 - INFO - Vol targeting: rolling_vol=0.0665, scale=1.2031
2026-03-19 16:15:13,764 - INFO - PnL Net: 0.0011 | Scaled: 0.0013 | Turnover: 17.58% | Vol Scale: 1.20
2026-03-19 16:15:13,764 - INFO - 
============================================================
2026-03-19 16:15:13,764 - INFO - Running paper trading for 2025-12-12
2026-03-19 16:15:13,764 - INFO - ============================================================
2026-03-19 16:15:13,765 - INFO - Portfolio construction: 38 longs, 38 shorts (from 38 candidates)
2026-03-19 16:15:13,766 - INFO - Vol targeting: rolling_vol=0.0646, scale=1.2379
2026-03-19 16:15:13,766 - INFO - PnL Net: 0.0020 | Scaled: 0.0025 | Turnover: 20.65% | Vol Scale: 1.24
2026-03-19 16:15:13,766 - INFO - 
============================================================
2026-03-19 16:15:13,766 - INFO - Running paper trading for 2025-12-15
2026-03-19 16:15:13,766 - INFO - ============================================================
2026-03-19 16:15:13,767 - INFO - Portfolio construction: 38 longs, 38 shorts (from 38 candidates)
2026-03-19 16:15:13,767 - INFO - Vol targeting: rolling_vol=0.0592, scale=1.3522
2026-03-19 16:15:13,767 - INFO - PnL Net: -0.0030 | Scaled: -0.0041 | Turnover: 19.78% | Vol Scale: 1.35
2026-03-19 16:15:13,767 - INFO - 
============================================================
2026-03-19 16:15:13,767 - INFO - Running paper trading for 2025-12-16
2026-03-19 16:15:13,767 - INFO - ============================================================
2026-03-19 16:15:13,768 - INFO - Portfolio construction: 38 longs, 38 shorts (from 38 candidates)
2026-03-19 16:15:13,769 - INFO - Vol targeting: rolling_vol=0.0591, scale=1.3527
2026-03-19 16:15:13,769 - INFO - PnL Net: -0.0011 | Scaled: -0.0014 | Turnover: 18.63% | Vol Scale: 1.35
2026-03-19 16:15:13,769 - INFO - 
============================================================
2026-03-19 16:15:13,769 - INFO - Running paper trading for 2025-12-17
2026-03-19 16:15:13,769 - INFO - ============================================================
2026-03-19 16:15:13,770 - INFO - Portfolio construction: 38 longs, 38 shorts (from 38 candidates)
2026-03-19 16:15:13,770 - INFO - Vol targeting: rolling_vol=0.0590, scale=1.3570
2026-03-19 16:15:13,770 - INFO - PnL Net: 0.0005 | Scaled: 0.0007 | Turnover: 18.11% | Vol Scale: 1.36
2026-03-19 16:15:13,770 - INFO - 
============================================================
2026-03-19 16:15:13,770 - INFO - Running paper trading for 2025-12-18
2026-03-19 16:15:13,770 - INFO - ============================================================
2026-03-19 16:15:13,771 - INFO - Portfolio construction: 38 longs, 38 shorts (from 38 candidates)
2026-03-19 16:15:13,771 - INFO - Vol targeting: rolling_vol=0.0538, scale=1.4865
2026-03-19 16:15:13,771 - INFO - PnL Net: 0.0014 | Scaled: 0.0021 | Turnover: 15.89% | Vol Scale: 1.49
2026-03-19 16:15:13,771 - INFO - 
============================================================
2026-03-19 16:15:13,771 - INFO - Running paper trading for 2025-12-19
2026-03-19 16:15:13,772 - INFO - ============================================================
2026-03-19 16:15:13,772 - INFO - Portfolio construction: 38 longs, 38 shorts (from 38 candidates)
2026-03-19 16:15:13,773 - INFO - Vol targeting: rolling_vol=0.0508, scale=1.5738
2026-03-19 16:15:13,773 - INFO - PnL Net: 0.0029 | Scaled: 0.0046 | Turnover: 15.26% | Vol Scale: 1.57
2026-03-19 16:15:13,773 - INFO - 
============================================================
2026-03-19 16:15:13,773 - INFO - Running paper trading for 2025-12-22
2026-03-19 16:15:13,773 - INFO - ============================================================
2026-03-19 16:15:13,775 - INFO - Portfolio construction: 38 longs, 38 shorts (from 38 candidates)
2026-03-19 16:15:13,775 - INFO - Vol targeting: rolling_vol=0.0516, scale=1.5517
2026-03-19 16:15:13,775 - INFO - PnL Net: -0.0009 | Scaled: -0.0014 | Turnover: 16.20% | Vol Scale: 1.55
2026-03-19 16:15:13,775 - INFO - 
============================================================
2026-03-19 16:15:13,775 - INFO - Running paper trading for 2025-12-23
2026-03-19 16:15:13,775 - INFO - ============================================================
2026-03-19 16:15:13,776 - INFO - Portfolio construction: 38 longs, 38 shorts (from 38 candidates)
2026-03-19 16:15:13,776 - INFO - Vol targeting: rolling_vol=0.0507, scale=1.5785
2026-03-19 16:15:13,777 - INFO - PnL Net: 0.0014 | Scaled: 0.0022 | Turnover: 18.49% | Vol Scale: 1.58
2026-03-19 16:15:13,777 - INFO - 
============================================================
2026-03-19 16:15:13,777 - INFO - Running paper trading for 2025-12-24
2026-03-19 16:15:13,777 - INFO - ============================================================
2026-03-19 16:15:13,778 - INFO - Portfolio construction: 38 longs, 38 shorts (from 38 candidates)
2026-03-19 16:15:13,778 - INFO - Vol targeting: rolling_vol=0.0504, scale=1.5889
2026-03-19 16:15:13,778 - INFO - PnL Net: 0.0005 | Scaled: 0.0008 | Turnover: 17.12% | Vol Scale: 1.59
2026-03-19 16:15:13,778 - INFO - 
============================================================
2026-03-19 16:15:13,778 - INFO - Running paper trading for 2025-12-26
2026-03-19 16:15:13,778 - INFO - ============================================================
2026-03-19 16:15:13,779 - INFO - Portfolio construction: 38 longs, 38 shorts (from 38 candidates)
2026-03-19 16:15:13,779 - INFO - Vol targeting: rolling_vol=0.0515, scale=1.5540
2026-03-19 16:15:13,779 - INFO - PnL Net: -0.0022 | Scaled: -0.0034 | Turnover: 16.78% | Vol Scale: 1.55
2026-03-19 16:15:13,779 - INFO - 
============================================================
2026-03-19 16:15:13,779 - INFO - Running paper trading for 2025-12-29
2026-03-19 16:15:13,779 - INFO - ============================================================
2026-03-19 16:15:13,780 - INFO - Portfolio construction: 38 longs, 38 shorts (from 38 candidates)
2026-03-19 16:15:13,781 - INFO - Vol targeting: rolling_vol=0.0514, scale=1.5572
2026-03-19 16:15:13,781 - INFO - PnL Net: -0.0006 | Scaled: -0.0009 | Turnover: 15.33% | Vol Scale: 1.56
2026-03-19 16:15:13,781 - INFO - 
============================================================
2026-03-19 16:15:13,781 - INFO - Running paper trading for 2026-02-06
2026-03-19 16:15:13,781 - INFO - ============================================================
2026-03-19 16:15:13,782 - INFO - Portfolio construction: 38 longs, 38 shorts (from 38 candidates)
2026-03-19 16:15:13,782 - INFO - Vol targeting: rolling_vol=0.0513, scale=1.5602
2026-03-19 16:15:13,782 - INFO - PnL Net: -0.0009 | Scaled: -0.0014 | Turnover: 21.13% | Vol Scale: 1.56
2026-03-19 16:15:13,782 - INFO - 
============================================================
2026-03-19 16:15:13,782 - INFO - Running paper trading for 2026-02-09
2026-03-19 16:15:13,782 - INFO - ============================================================
2026-03-19 16:15:13,783 - INFO - Portfolio construction: 38 longs, 38 shorts (from 38 candidates)
2026-03-19 16:15:13,783 - INFO - Vol targeting: rolling_vol=0.0485, scale=1.6506
2026-03-19 16:15:13,783 - INFO - PnL Net: -0.0001 | Scaled: -0.0001 | Turnover: 18.54% | Vol Scale: 1.65
2026-03-19 16:15:13,783 - INFO - 
============================================================
2026-03-19 16:15:13,783 - INFO - Running paper trading for 2026-02-10
2026-03-19 16:15:13,783 - INFO - ============================================================
2026-03-19 16:15:13,784 - INFO - Portfolio construction: 38 longs, 38 shorts (from 38 candidates)
2026-03-19 16:15:13,785 - INFO - Vol targeting: rolling_vol=0.0499, scale=1.6039
2026-03-19 16:15:13,785 - INFO - PnL Net: -0.0028 | Scaled: -0.0046 | Turnover: 16.26% | Vol Scale: 1.60
2026-03-19 16:15:13,785 - INFO - 
============================================================
2026-03-19 16:15:13,785 - INFO - Running paper trading for 2026-02-11
2026-03-19 16:15:13,785 - INFO - ============================================================
2026-03-19 16:15:13,785 - INFO - Portfolio construction: 38 longs, 38 shorts (from 38 candidates)
2026-03-19 16:15:13,786 - INFO - Vol targeting: rolling_vol=0.0606, scale=1.3194
2026-03-19 16:15:13,786 - INFO - PnL Net: -0.0095 | Scaled: -0.0125 | Turnover: 14.12% | Vol Scale: 1.32
2026-03-19 16:15:13,786 - INFO - 
============================================================
2026-03-19 16:15:13,786 - INFO - Running paper trading for 2026-02-12
2026-03-19 16:15:13,786 - INFO - ============================================================
2026-03-19 16:15:13,787 - INFO - Portfolio construction: 38 longs, 38 shorts (from 38 candidates)
2026-03-19 16:15:13,787 - INFO - Vol targeting: rolling_vol=0.0586, scale=1.3651
2026-03-19 16:15:13,787 - INFO - PnL Net: 0.0018 | Scaled: 0.0025 | Turnover: 12.15% | Vol Scale: 1.37
2026-03-19 16:15:13,787 - INFO - 
============================================================
2026-03-19 16:15:13,787 - INFO - Running paper trading for 2026-02-13
2026-03-19 16:15:13,787 - INFO - ============================================================
2026-03-19 16:15:13,788 - INFO - Portfolio construction: 38 longs, 38 shorts (from 38 candidates)
2026-03-19 16:15:13,789 - INFO - Vol targeting: rolling_vol=0.0585, scale=1.3670
2026-03-19 16:15:13,789 - INFO - PnL Net: 0.0002 | Scaled: 0.0003 | Turnover: 11.86% | Vol Scale: 1.37
2026-03-19 16:15:13,789 - INFO - 
============================================================
2026-03-19 16:15:13,789 - INFO - Running paper trading for 2026-02-17
2026-03-19 16:15:13,789 - INFO - ============================================================
2026-03-19 16:15:13,790 - INFO - Portfolio construction: 38 longs, 38 shorts (from 38 candidates)
2026-03-19 16:15:13,790 - INFO - Vol targeting: rolling_vol=0.0546, scale=1.4658
2026-03-19 16:15:13,791 - INFO - PnL Net: 0.0029 | Scaled: 0.0042 | Turnover: 10.41% | Vol Scale: 1.47
2026-03-19 16:15:13,791 - INFO - 
============================================================
2026-03-19 16:15:13,791 - INFO - Running paper trading for 2026-02-18
2026-03-19 16:15:13,791 - INFO - ============================================================
2026-03-19 16:15:13,792 - INFO - Portfolio construction: 38 longs, 38 shorts (from 38 candidates)
2026-03-19 16:15:13,792 - INFO - Vol targeting: rolling_vol=0.0428, scale=1.8675
2026-03-19 16:15:13,792 - INFO - PnL Net: -0.0022 | Scaled: -0.0041 | Turnover: 8.78% | Vol Scale: 1.87
2026-03-19 16:15:13,792 - INFO - 
============================================================
2026-03-19 16:15:13,792 - INFO - Running paper trading for 2026-02-19
2026-03-19 16:15:13,792 - INFO - ============================================================
2026-03-19 16:15:13,793 - INFO - Portfolio construction: 38 longs, 38 shorts (from 38 candidates)
2026-03-19 16:15:13,793 - INFO - Vol targeting: rolling_vol=0.0425, scale=1.8807
2026-03-19 16:15:13,793 - INFO - PnL Net: 0.0001 | Scaled: 0.0003 | Turnover: 7.95% | Vol Scale: 1.88
2026-03-19 16:15:13,793 - INFO - 
============================================================
2026-03-19 16:15:13,793 - INFO - Running paper trading for 2026-02-20
2026-03-19 16:15:13,793 - INFO - ============================================================
2026-03-19 16:15:13,794 - INFO - Portfolio construction: 38 longs, 38 shorts (from 38 candidates)
2026-03-19 16:15:13,795 - INFO - Vol targeting: rolling_vol=0.0467, scale=1.7140
2026-03-19 16:15:13,795 - INFO - PnL Net: -0.0068 | Scaled: -0.0116 | Turnover: 7.97% | Vol Scale: 1.71
2026-03-19 16:15:13,795 - INFO - 
============================================================
2026-03-19 16:15:13,795 - INFO - Running paper trading for 2026-02-23
2026-03-19 16:15:13,795 - INFO - ============================================================
2026-03-19 16:15:13,795 - INFO - Portfolio construction: 38 longs, 38 shorts (from 38 candidates)
2026-03-19 16:15:13,795 - INFO - Vol targeting: rolling_vol=0.0518, scale=1.5453
2026-03-19 16:15:13,796 - INFO - PnL Net: 0.0060 | Scaled: 0.0093 | Turnover: 7.07% | Vol Scale: 1.55
2026-03-19 16:15:13,796 - INFO - 
============================================================
2026-03-19 16:15:13,796 - INFO - Running paper trading for 2026-02-24
2026-03-19 16:15:13,796 - INFO - ============================================================
2026-03-19 16:15:13,797 - INFO - Portfolio construction: 38 longs, 38 shorts (from 38 candidates)
2026-03-19 16:15:13,797 - INFO - Vol targeting: rolling_vol=0.0565, scale=1.4169
2026-03-19 16:15:13,797 - INFO - PnL Net: 0.0061 | Scaled: 0.0087 | Turnover: 6.89% | Vol Scale: 1.42
2026-03-19 16:15:13,797 - INFO - 
============================================================
2026-03-19 16:15:13,797 - INFO - Running paper trading for 2026-02-25
2026-03-19 16:15:13,797 - INFO - ============================================================
2026-03-19 16:15:13,798 - INFO - Portfolio construction: 38 longs, 38 shorts (from 38 candidates)
2026-03-19 16:15:13,798 - INFO - Vol targeting: rolling_vol=0.0566, scale=1.4144
2026-03-19 16:15:13,798 - INFO - PnL Net: -0.0013 | Scaled: -0.0018 | Turnover: 6.04% | Vol Scale: 1.41
2026-03-19 16:15:13,798 - INFO - 
============================================================
2026-03-19 16:15:13,798 - INFO - Running paper trading for 2026-02-26
2026-03-19 16:15:13,798 - INFO - ============================================================
2026-03-19 16:15:13,799 - INFO - Portfolio construction: 38 longs, 38 shorts (from 38 candidates)
2026-03-19 16:15:13,800 - INFO - Vol targeting: rolling_vol=0.0588, scale=1.3597
2026-03-19 16:15:13,800 - INFO - PnL Net: -0.0052 | Scaled: -0.0071 | Turnover: 5.70% | Vol Scale: 1.36
2026-03-19 16:15:13,800 - INFO - 
============================================================
2026-03-19 16:15:13,800 - INFO - Running paper trading for 2026-02-27
2026-03-19 16:15:13,800 - INFO - ============================================================
2026-03-19 16:15:13,801 - INFO - Portfolio construction: 38 longs, 38 shorts (from 38 candidates)
2026-03-19 16:15:13,801 - INFO - Vol targeting: rolling_vol=0.0578, scale=1.3844
2026-03-19 16:15:13,801 - INFO - PnL Net: -0.0023 | Scaled: -0.0032 | Turnover: 5.32% | Vol Scale: 1.38
2026-03-19 16:15:13,801 - INFO - 
============================================================
2026-03-19 16:15:13,801 - INFO - Running paper trading for 2026-03-02
2026-03-19 16:15:13,801 - INFO - ============================================================
2026-03-19 16:15:13,802 - INFO - Portfolio construction: 38 longs, 38 shorts (from 38 candidates)
2026-03-19 16:15:13,802 - INFO - Vol targeting: rolling_vol=0.0580, scale=1.3792
2026-03-19 16:15:13,802 - INFO - PnL Net: -0.0022 | Scaled: -0.0031 | Turnover: 5.00% | Vol Scale: 1.38
2026-03-19 16:15:13,803 - INFO - 
============================================================
2026-03-19 16:15:13,803 - INFO - Running paper trading for 2026-03-03
2026-03-19 16:15:13,803 - INFO - ============================================================
2026-03-19 16:15:13,803 - INFO - Portfolio construction: 38 longs, 38 shorts (from 38 candidates)
2026-03-19 16:15:13,804 - INFO - Vol targeting: rolling_vol=0.0602, scale=1.3294
2026-03-19 16:15:13,804 - INFO - PnL Net: 0.0042 | Scaled: 0.0056 | Turnover: 5.60% | Vol Scale: 1.33
2026-03-19 16:15:13,804 - INFO - 
============================================================
2026-03-19 16:15:13,804 - INFO - Running paper trading for 2026-03-04
2026-03-19 16:15:13,804 - INFO - ============================================================
2026-03-19 16:15:13,805 - INFO - Portfolio construction: 38 longs, 38 shorts (from 38 candidates)
2026-03-19 16:15:13,806 - INFO - Vol targeting: rolling_vol=0.0613, scale=1.3057
2026-03-19 16:15:13,806 - INFO - PnL Net: 0.0028 | Scaled: 0.0037 | Turnover: 4.87% | Vol Scale: 1.31
2026-03-19 16:15:13,806 - INFO - 
============================================================
2026-03-19 16:15:13,806 - INFO - Running paper trading for 2026-03-05
2026-03-19 16:15:13,806 - INFO - ============================================================
2026-03-19 16:15:13,806 - INFO - Portfolio construction: 38 longs, 38 shorts (from 38 candidates)
2026-03-19 16:15:13,807 - INFO - Vol targeting: rolling_vol=0.0623, scale=1.2832
2026-03-19 16:15:13,807 - INFO - PnL Net: -0.0042 | Scaled: -0.0054 | Turnover: 4.08% | Vol Scale: 1.28
2026-03-19 16:15:13,807 - INFO - 
============================================================
2026-03-19 16:15:13,807 - INFO - Running paper trading for 2026-03-06
2026-03-19 16:15:13,807 - INFO - ============================================================
2026-03-19 16:15:13,808 - INFO - Portfolio construction: 38 longs, 38 shorts (from 38 candidates)
2026-03-19 16:15:13,808 - INFO - Vol targeting: rolling_vol=0.0625, scale=1.2798
2026-03-19 16:15:13,808 - INFO - PnL Net: 0.0006 | Scaled: 0.0008 | Turnover: 4.68% | Vol Scale: 1.28
2026-03-19 16:15:13,808 - INFO - 
============================================================
2026-03-19 16:15:13,808 - INFO - Running paper trading for 2026-03-09
2026-03-19 16:15:13,808 - INFO - ============================================================
2026-03-19 16:15:13,809 - INFO - Portfolio construction: 38 longs, 38 shorts (from 38 candidates)
2026-03-19 16:15:13,810 - INFO - Vol targeting: rolling_vol=0.0625, scale=1.2793
2026-03-19 16:15:13,810 - INFO - PnL Net: -0.0000 | Scaled: -0.0001 | Turnover: 5.24% | Vol Scale: 1.28
2026-03-19 16:15:13,810 - INFO - 
============================================================
2026-03-19 16:15:13,810 - INFO - Running paper trading for 2026-03-10
2026-03-19 16:15:13,810 - INFO - ============================================================
2026-03-19 16:15:13,811 - INFO - Portfolio construction: 38 longs, 38 shorts (from 38 candidates)
2026-03-19 16:15:13,811 - INFO - Vol targeting: rolling_vol=0.0630, scale=1.2696
2026-03-19 16:15:13,811 - INFO - PnL Net: 0.0017 | Scaled: 0.0021 | Turnover: 5.32% | Vol Scale: 1.27
2026-03-19 16:15:13,811 - INFO - 
============================================================
2026-03-19 16:15:13,811 - INFO - Running paper trading for 2026-03-11
2026-03-19 16:15:13,811 - INFO - ============================================================
2026-03-19 16:15:13,812 - INFO - Portfolio construction: 38 longs, 38 shorts (from 38 candidates)
2026-03-19 16:15:13,812 - INFO - Vol targeting: rolling_vol=0.0673, scale=1.1884
2026-03-19 16:15:13,812 - INFO - PnL Net: -0.0077 | Scaled: -0.0091 | Turnover: 5.08% | Vol Scale: 1.19
2026-03-19 16:15:13,812 - INFO - 
============================================================
2026-03-19 16:15:13,812 - INFO - Running paper trading for 2026-03-12
2026-03-19 16:15:13,812 - INFO - ============================================================
2026-03-19 16:15:13,814 - INFO - Portfolio construction: 38 longs, 38 shorts (from 38 candidates)
2026-03-19 16:15:13,814 - INFO - Vol targeting: rolling_vol=0.0614, scale=1.3024
2026-03-19 16:15:13,814 - INFO - PnL Net: -0.0048 | Scaled: -0.0063 | Turnover: 5.04% | Vol Scale: 1.30
2026-03-19 16:15:13,814 - INFO - 
============================================================
2026-03-19 16:15:13,814 - INFO - Running paper trading for 2026-03-13
2026-03-19 16:15:13,814 - INFO - ============================================================
2026-03-19 16:15:13,815 - INFO - Portfolio construction: 38 longs, 38 shorts (from 38 candidates)
2026-03-19 16:15:13,816 - INFO - Vol targeting: rolling_vol=0.0634, scale=1.2617
2026-03-19 16:15:13,816 - INFO - PnL Net: 0.0045 | Scaled: 0.0057 | Turnover: 4.73% | Vol Scale: 1.26
2026-03-19 16:15:13,816 - INFO - 
============================================================
2026-03-19 16:15:13,816 - INFO - Running paper trading for 2026-03-16
2026-03-19 16:15:13,816 - INFO - ============================================================
2026-03-19 16:15:13,817 - INFO - Portfolio construction: 38 longs, 38 shorts (from 38 candidates)
2026-03-19 16:15:13,817 - INFO - Vol targeting: rolling_vol=0.0641, scale=1.2475
2026-03-19 16:15:13,817 - INFO - PnL Net: 0.0024 | Scaled: 0.0030 | Turnover: 5.09% | Vol Scale: 1.25
2026-03-19 16:15:13,817 - INFO - 
============================================================
2026-03-19 16:15:13,817 - INFO - Running paper trading for 2026-03-17
2026-03-19 16:15:13,817 - INFO - ============================================================
2026-03-19 16:15:13,818 - INFO - Portfolio construction: 38 longs, 38 shorts (from 38 candidates)
2026-03-19 16:15:13,818 - INFO - Vol targeting: rolling_vol=0.0645, scale=1.2410
2026-03-19 16:15:13,819 - INFO - PnL Net: -0.0042 | Scaled: -0.0053 | Turnover: 5.63% | Vol Scale: 1.24
2026-03-19 16:15:13,822 - INFO - Saved daily results to C:\Users\luixj\AI\stock-data\data\processed\phase4\phase4_paper_trading_daily.parquet
2026-03-19 16:15:13,823 - INFO - Saved summary to C:\Users\luixj\AI\stock-data\data\processed\phase4\phase4_paper_trading_summary.json
2026-03-19 16:15:13,823 - INFO - 
============================================================
2026-03-19 16:15:13,823 - INFO - PAPER TRADING SUMMARY
2026-03-19 16:15:13,823 - INFO - ============================================================
2026-03-19 16:15:13,823 - INFO - Trading Days: 215
2026-03-19 16:15:13,823 - INFO - 
RAW PERFORMANCE (no vol targeting):
2026-03-19 16:15:13,823 - INFO -   Sharpe Ratio: 0.83
2026-03-19 16:15:13,823 - INFO -   Annual Return: 5.92%
2026-03-19 16:15:13,823 - INFO -   Volatility: 7.16%
2026-03-19 16:15:13,823 - INFO - 
VOL-TARGETED PERFORMANCE:
2026-03-19 16:15:13,823 - INFO -   Sharpe Ratio: 0.68
2026-03-19 16:15:13,823 - INFO -   Annual Return: 6.04%
2026-03-19 16:15:13,823 - INFO -   Volatility: 8.90%
2026-03-19 16:15:13,823 - INFO - 
RISK METRICS:
2026-03-19 16:15:13,823 - INFO -   Max Drawdown: -4.72%
2026-03-19 16:15:13,823 - INFO -   Long Sharpe: 0.28
2026-03-19 16:15:13,823 - INFO -   Short Sharpe: 0.98
2026-03-19 16:15:13,823 - INFO - 
EXECUTION:
2026-03-19 16:15:13,823 - INFO -   Avg Turnover: 16.89%
2026-03-19 16:15:13,823 - INFO -   Avg Cost: 0.4 bps
2026-03-19 16:15:13,823 - INFO - 
KILL SWITCHES:
2026-03-19 16:15:13,823 - INFO -   Events: 15 (7.0% of days)
2026-03-19 16:15:13,823 - INFO - ============================================================
2026-03-19 16:15:13,823 - INFO - Simulation complete: 215 days | Sharpe(scaled)=0.68 | MaxDD=-4.7%
2026-03-19 16:15:14,273 - INFO - ============================================================
2026-03-19 16:15:14,273 - INFO - STEP 6: Syncing Qdrant
2026-03-19 16:15:14,273 - INFO - ============================================================
2026-03-19 16:15:14,647 - INFO - HTTP Request: GET http://localhost:6333 "HTTP/1.1 200 OK"
2026-03-19 16:15:14,654 - INFO - HTTP Request: GET http://localhost:6333/collections/stock_recommendations "HTTP/1.1 200 OK"
2026-03-19 16:15:14,655 - INFO - Collection 'stock_recommendations' already exists.
2026-03-19 16:15:14,658 - INFO - HTTP Request: GET http://localhost:6333/collections/trading_results "HTTP/1.1 200 OK"
2026-03-19 16:15:14,658 - INFO - Collection 'trading_results' already exists.
2026-03-19 16:15:14,661 - INFO - HTTP Request: GET http://localhost:6333/collections/performance_metrics "HTTP/1.1 200 OK"
2026-03-19 16:15:14,661 - INFO - Collection 'performance_metrics' already exists.
2026-03-19 16:15:14,664 - INFO - HTTP Request: GET http://localhost:6333/collections/daily_trade_strategies "HTTP/1.1 200 OK"
2026-03-19 16:15:14,665 - INFO - Collection 'daily_trade_strategies' already exists.
2026-03-19 16:15:14,684 - INFO - HTTP Request: POST http://localhost:6333/collections/stock_recommendations/points/delete?wait=true "HTTP/1.1 200 OK"
2026-03-19 16:15:14,685 - INFO - Cleared 'stock_recommendations'.
2026-03-19 16:15:14,690 - INFO - HTTP Request: POST http://localhost:6333/collections/trading_results/points/delete?wait=true "HTTP/1.1 200 OK"
2026-03-19 16:15:14,690 - INFO - Cleared 'trading_results'.
2026-03-19 16:15:14,693 - INFO - HTTP Request: POST http://localhost:6333/collections/performance_metrics/points/delete?wait=true "HTTP/1.1 200 OK"
2026-03-19 16:15:14,693 - INFO - Cleared 'performance_metrics'.
2026-03-19 16:15:14,718 - INFO - HTTP Request: POST http://localhost:6333/collections/daily_trade_strategies/points/delete?wait=true "HTTP/1.1 200 OK"
2026-03-19 16:15:14,719 - INFO - Cleared 'daily_trade_strategies'.
2026-03-19 16:15:14,727 - INFO - HTTP Request: PUT http://localhost:6333/collections/stock_recommendations/points?wait=true "HTTP/1.1 200 OK"
2026-03-19 16:15:14,752 - INFO - HTTP Request: PUT http://localhost:6333/collections/daily_trade_strategies/points?wait=true "HTTP/1.1 200 OK"
2026-03-19 16:15:14,756 - INFO - HTTP Request: PUT http://localhost:6333/collections/trading_results/points?wait=true "HTTP/1.1 200 OK"
2026-03-19 16:15:14,763 - INFO - HTTP Request: PUT http://localhost:6333/collections/stock_recommendations/points?wait=true "HTTP/1.1 200 OK"
2026-03-19 16:15:14,787 - INFO - HTTP Request: PUT http://localhost:6333/collections/daily_trade_strategies/points?wait=true "HTTP/1.1 200 OK"
2026-03-19 16:15:14,802 - INFO - HTTP Request: PUT http://localhost:6333/collections/trading_results/points?wait=true "HTTP/1.1 200 OK"
2026-03-19 16:15:14,809 - INFO - HTTP Request: PUT http://localhost:6333/collections/stock_recommendations/points?wait=true "HTTP/1.1 200 OK"
2026-03-19 16:15:14,834 - INFO - HTTP Request: PUT http://localhost:6333/collections/daily_trade_strategies/points?wait=true "HTTP/1.1 200 OK"
2026-03-19 16:15:14,837 - INFO - HTTP Request: PUT http://localhost:6333/collections/trading_results/points?wait=true "HTTP/1.1 200 OK"
2026-03-19 16:15:14,845 - INFO - HTTP Request: PUT http://localhost:6333/collections/stock_recommendations/points?wait=true "HTTP/1.1 200 OK"
2026-03-19 16:15:14,870 - INFO - HTTP Request: PUT http://localhost:6333/collections/daily_trade_strategies/points?wait=true "HTTP/1.1 200 OK"
2026-03-19 16:15:14,873 - INFO - HTTP Request: PUT http://localhost:6333/collections/trading_results/points?wait=true "HTTP/1.1 200 OK"
2026-03-19 16:15:14,879 - INFO - HTTP Request: PUT http://localhost:6333/collections/stock_recommendations/points?wait=true "HTTP/1.1 200 OK"
2026-03-19 16:15:14,905 - INFO - HTTP Request: PUT http://localhost:6333/collections/daily_trade_strategies/points?wait=true "HTTP/1.1 200 OK"
2026-03-19 16:15:14,909 - INFO - HTTP Request: PUT http://localhost:6333/collections/trading_results/points?wait=true "HTTP/1.1 200 OK"
2026-03-19 16:15:14,915 - INFO - HTTP Request: PUT http://localhost:6333/collections/stock_recommendations/points?wait=true "HTTP/1.1 200 OK"
2026-03-19 16:15:14,940 - INFO - HTTP Request: PUT http://localhost:6333/collections/daily_trade_strategies/points?wait=true "HTTP/1.1 200 OK"
2026-03-19 16:15:14,944 - INFO - HTTP Request: PUT http://localhost:6333/collections/trading_results/points?wait=true "HTTP/1.1 200 OK"
2026-03-19 16:15:14,950 - INFO - HTTP Request: PUT http://localhost:6333/collections/stock_recommendations/points?wait=true "HTTP/1.1 200 OK"
2026-03-19 16:15:14,973 - INFO - HTTP Request: PUT http://localhost:6333/collections/daily_trade_strategies/points?wait=true "HTTP/1.1 200 OK"
2026-03-19 16:15:14,976 - INFO - HTTP Request: PUT http://localhost:6333/collections/trading_results/points?wait=true "HTTP/1.1 200 OK"
2026-03-19 16:15:14,983 - INFO - HTTP Request: PUT http://localhost:6333/collections/stock_recommendations/points?wait=true "HTTP/1.1 200 OK"
2026-03-19 16:15:15,007 - INFO - HTTP Request: PUT http://localhost:6333/collections/daily_trade_strategies/points?wait=true "HTTP/1.1 200 OK"
2026-03-19 16:15:15,010 - INFO - HTTP Request: PUT http://localhost:6333/collections/trading_results/points?wait=true "HTTP/1.1 200 OK"
2026-03-19 16:15:15,016 - INFO - HTTP Request: PUT http://localhost:6333/collections/stock_recommendations/points?wait=true "HTTP/1.1 200 OK"
2026-03-19 16:15:15,042 - INFO - HTTP Request: PUT http://localhost:6333/collections/daily_trade_strategies/points?wait=true "HTTP/1.1 200 OK"
2026-03-19 16:15:15,046 - INFO - HTTP Request: PUT http://localhost:6333/collections/trading_results/points?wait=true "HTTP/1.1 200 OK"
2026-03-19 16:15:15,069 - INFO - HTTP Request: PUT http://localhost:6333/collections/stock_recommendations/points?wait=true "HTTP/1.1 200 OK"
2026-03-19 16:15:15,093 - INFO - HTTP Request: PUT http://localhost:6333/collections/daily_trade_strategies/points?wait=true "HTTP/1.1 200 OK"
2026-03-19 16:15:15,096 - INFO - HTTP Request: PUT http://localhost:6333/collections/trading_results/points?wait=true "HTTP/1.1 200 OK"
2026-03-19 16:15:15,104 - INFO - HTTP Request: PUT http://localhost:6333/collections/stock_recommendations/points?wait=true "HTTP/1.1 200 OK"
2026-03-19 16:15:15,133 - INFO - HTTP Request: PUT http://localhost:6333/collections/daily_trade_strategies/points?wait=true "HTTP/1.1 200 OK"
2026-03-19 16:15:15,136 - INFO - HTTP Request: PUT http://localhost:6333/collections/trading_results/points?wait=true "HTTP/1.1 200 OK"
2026-03-19 16:15:15,143 - INFO - HTTP Request: PUT http://localhost:6333/collections/stock_recommendations/points?wait=true "HTTP/1.1 200 OK"
2026-03-19 16:15:15,170 - INFO - HTTP Request: PUT http://localhost:6333/collections/daily_trade_strategies/points?wait=true "HTTP/1.1 200 OK"
2026-03-19 16:15:15,173 - INFO - HTTP Request: PUT http://localhost:6333/collections/trading_results/points?wait=true "HTTP/1.1 200 OK"
2026-03-19 16:15:15,180 - INFO - HTTP Request: PUT http://localhost:6333/collections/stock_recommendations/points?wait=true "HTTP/1.1 200 OK"
2026-03-19 16:15:15,205 - INFO - HTTP Request: PUT http://localhost:6333/collections/daily_trade_strategies/points?wait=true "HTTP/1.1 200 OK"
2026-03-19 16:15:15,208 - INFO - HTTP Request: PUT http://localhost:6333/collections/trading_results/points?wait=true "HTTP/1.1 200 OK"
2026-03-19 16:15:15,214 - INFO - HTTP Request: PUT http://localhost:6333/collections/stock_recommendations/points?wait=true "HTTP/1.1 200 OK"
2026-03-19 16:15:15,238 - INFO - HTTP Request: PUT http://localhost:6333/collections/daily_trade_strategies/points?wait=true "HTTP/1.1 200 OK"
2026-03-19 16:15:15,242 - INFO - HTTP Request: PUT http://localhost:6333/collections/trading_results/points?wait=true "HTTP/1.1 200 OK"
2026-03-19 16:15:15,249 - INFO - HTTP Request: PUT http://localhost:6333/collections/stock_recommendations/points?wait=true "HTTP/1.1 200 OK"
2026-03-19 16:15:15,272 - INFO - HTTP Request: PUT http://localhost:6333/collections/daily_trade_strategies/points?wait=true "HTTP/1.1 200 OK"
2026-03-19 16:15:15,275 - INFO - HTTP Request: PUT http://localhost:6333/collections/trading_results/points?wait=true "HTTP/1.1 200 OK"
2026-03-19 16:15:15,281 - INFO - HTTP Request: PUT http://localhost:6333/collections/stock_recommendations/points?wait=true "HTTP/1.1 200 OK"
2026-03-19 16:15:15,304 - INFO - HTTP Request: PUT http://localhost:6333/collections/daily_trade_strategies/points?wait=true "HTTP/1.1 200 OK"
2026-03-19 16:15:15,308 - INFO - HTTP Request: PUT http://localhost:6333/collections/trading_results/points?wait=true "HTTP/1.1 200 OK"
2026-03-19 16:15:15,315 - INFO - HTTP Request: PUT http://localhost:6333/collections/stock_recommendations/points?wait=true "HTTP/1.1 200 OK"
2026-03-19 16:15:15,340 - INFO - HTTP Request: PUT http://localhost:6333/collections/daily_trade_strategies/points?wait=true "HTTP/1.1 200 OK"
2026-03-19 16:15:15,343 - INFO - HTTP Request: PUT http://localhost:6333/collections/trading_results/points?wait=true "HTTP/1.1 200 OK"
2026-03-19 16:15:15,366 - INFO - HTTP Request: PUT http://localhost:6333/collections/stock_recommendations/points?wait=true "HTTP/1.1 200 OK"
2026-03-19 16:15:15,392 - INFO - HTTP Request: PUT http://localhost:6333/collections/daily_trade_strategies/points?wait=true "HTTP/1.1 200 OK"
2026-03-19 16:15:15,396 - INFO - HTTP Request: PUT http://localhost:6333/collections/trading_results/points?wait=true "HTTP/1.1 200 OK"
2026-03-19 16:15:15,402 - INFO - HTTP Request: PUT http://localhost:6333/collections/stock_recommendations/points?wait=true "HTTP/1.1 200 OK"
2026-03-19 16:15:15,428 - INFO - HTTP Request: PUT http://localhost:6333/collections/daily_trade_strategies/points?wait=true "HTTP/1.1 200 OK"
2026-03-19 16:15:15,432 - INFO - HTTP Request: PUT http://localhost:6333/collections/trading_results/points?wait=true "HTTP/1.1 200 OK"
2026-03-19 16:15:15,438 - INFO - HTTP Request: PUT http://localhost:6333/collections/stock_recommendations/points?wait=true "HTTP/1.1 200 OK"
2026-03-19 16:15:15,463 - INFO - HTTP Request: PUT http://localhost:6333/collections/daily_trade_strategies/points?wait=true "HTTP/1.1 200 OK"
2026-03-19 16:15:15,465 - INFO - HTTP Request: PUT http://localhost:6333/collections/trading_results/points?wait=true "HTTP/1.1 200 OK"
2026-03-19 16:15:15,473 - INFO - HTTP Request: PUT http://localhost:6333/collections/stock_recommendations/points?wait=true "HTTP/1.1 200 OK"
2026-03-19 16:15:15,497 - INFO - HTTP Request: PUT http://localhost:6333/collections/daily_trade_strategies/points?wait=true "HTTP/1.1 200 OK"
2026-03-19 16:15:15,500 - INFO - HTTP Request: PUT http://localhost:6333/collections/trading_results/points?wait=true "HTTP/1.1 200 OK"
2026-03-19 16:15:15,507 - INFO - HTTP Request: PUT http://localhost:6333/collections/stock_recommendations/points?wait=true "HTTP/1.1 200 OK"
2026-03-19 16:15:15,531 - INFO - HTTP Request: PUT http://localhost:6333/collections/daily_trade_strategies/points?wait=true "HTTP/1.1 200 OK"
2026-03-19 16:15:15,534 - INFO - HTTP Request: PUT http://localhost:6333/collections/trading_results/points?wait=true "HTTP/1.1 200 OK"
2026-03-19 16:15:15,540 - INFO - HTTP Request: PUT http://localhost:6333/collections/stock_recommendations/points?wait=true "HTTP/1.1 200 OK"
2026-03-19 16:15:15,567 - INFO - HTTP Request: PUT http://localhost:6333/collections/daily_trade_strategies/points?wait=true "HTTP/1.1 200 OK"
2026-03-19 16:15:15,570 - INFO - HTTP Request: PUT http://localhost:6333/collections/trading_results/points?wait=true "HTTP/1.1 200 OK"
2026-03-19 16:15:15,578 - INFO - HTTP Request: PUT http://localhost:6333/collections/stock_recommendations/points?wait=true "HTTP/1.1 200 OK"
2026-03-19 16:15:15,602 - INFO - HTTP Request: PUT http://localhost:6333/collections/daily_trade_strategies/points?wait=true "HTTP/1.1 200 OK"
2026-03-19 16:15:15,607 - INFO - HTTP Request: PUT http://localhost:6333/collections/trading_results/points?wait=true "HTTP/1.1 200 OK"
2026-03-19 16:15:15,616 - INFO - HTTP Request: PUT http://localhost:6333/collections/stock_recommendations/points?wait=true "HTTP/1.1 200 OK"
2026-03-19 16:15:15,640 - INFO - HTTP Request: PUT http://localhost:6333/collections/daily_trade_strategies/points?wait=true "HTTP/1.1 200 OK"
2026-03-19 16:15:15,642 - INFO - HTTP Request: PUT http://localhost:6333/collections/trading_results/points?wait=true "HTTP/1.1 200 OK"
2026-03-19 16:15:15,649 - INFO - HTTP Request: PUT http://localhost:6333/collections/stock_recommendations/points?wait=true "HTTP/1.1 200 OK"
2026-03-19 16:15:15,674 - INFO - HTTP Request: PUT http://localhost:6333/collections/daily_trade_strategies/points?wait=true "HTTP/1.1 200 OK"
2026-03-19 16:15:15,677 - INFO - HTTP Request: PUT http://localhost:6333/collections/trading_results/points?wait=true "HTTP/1.1 200 OK"
2026-03-19 16:15:15,683 - INFO - HTTP Request: PUT http://localhost:6333/collections/stock_recommendations/points?wait=true "HTTP/1.1 200 OK"
2026-03-19 16:15:15,706 - INFO - HTTP Request: PUT http://localhost:6333/collections/daily_trade_strategies/points?wait=true "HTTP/1.1 200 OK"
2026-03-19 16:15:15,711 - INFO - HTTP Request: PUT http://localhost:6333/collections/trading_results/points?wait=true "HTTP/1.1 200 OK"
2026-03-19 16:15:15,717 - INFO - HTTP Request: PUT http://localhost:6333/collections/stock_recommendations/points?wait=true "HTTP/1.1 200 OK"
2026-03-19 16:15:15,760 - INFO - HTTP Request: PUT http://localhost:6333/collections/daily_trade_strategies/points?wait=true "HTTP/1.1 200 OK"
2026-03-19 16:15:15,763 - INFO - HTTP Request: PUT http://localhost:6333/collections/trading_results/points?wait=true "HTTP/1.1 200 OK"
2026-03-19 16:15:15,770 - INFO - HTTP Request: PUT http://localhost:6333/collections/stock_recommendations/points?wait=true "HTTP/1.1 200 OK"
2026-03-19 16:15:15,795 - INFO - HTTP Request: PUT http://localhost:6333/collections/daily_trade_strategies/points?wait=true "HTTP/1.1 200 OK"
2026-03-19 16:15:15,798 - INFO - HTTP Request: PUT http://localhost:6333/collections/trading_results/points?wait=true "HTTP/1.1 200 OK"
2026-03-19 16:15:15,806 - INFO - HTTP Request: PUT http://localhost:6333/collections/stock_recommendations/points?wait=true "HTTP/1.1 200 OK"
2026-03-19 16:15:15,829 - INFO - HTTP Request: PUT http://localhost:6333/collections/daily_trade_strategies/points?wait=true "HTTP/1.1 200 OK"
2026-03-19 16:15:15,832 - INFO - HTTP Request: PUT http://localhost:6333/collections/trading_results/points?wait=true "HTTP/1.1 200 OK"
2026-03-19 16:15:15,839 - INFO - HTTP Request: PUT http://localhost:6333/collections/stock_recommendations/points?wait=true "HTTP/1.1 200 OK"
2026-03-19 16:15:15,865 - INFO - HTTP Request: PUT http://localhost:6333/collections/daily_trade_strategies/points?wait=true "HTTP/1.1 200 OK"
2026-03-19 16:15:15,868 - INFO - HTTP Request: PUT http://localhost:6333/collections/trading_results/points?wait=true "HTTP/1.1 200 OK"
2026-03-19 16:15:15,875 - INFO - HTTP Request: PUT http://localhost:6333/collections/stock_recommendations/points?wait=true "HTTP/1.1 200 OK"
2026-03-19 16:15:15,917 - INFO - HTTP Request: PUT http://localhost:6333/collections/daily_trade_strategies/points?wait=true "HTTP/1.1 200 OK"
2026-03-19 16:15:15,919 - INFO - HTTP Request: PUT http://localhost:6333/collections/trading_results/points?wait=true "HTTP/1.1 200 OK"
2026-03-19 16:15:15,927 - INFO - HTTP Request: PUT http://localhost:6333/collections/stock_recommendations/points?wait=true "HTTP/1.1 200 OK"
2026-03-19 16:15:15,953 - INFO - HTTP Request: PUT http://localhost:6333/collections/daily_trade_strategies/points?wait=true "HTTP/1.1 200 OK"
2026-03-19 16:15:15,956 - INFO - HTTP Request: PUT http://localhost:6333/collections/trading_results/points?wait=true "HTTP/1.1 200 OK"
2026-03-19 16:15:15,963 - INFO - HTTP Request: PUT http://localhost:6333/collections/stock_recommendations/points?wait=true "HTTP/1.1 200 OK"
2026-03-19 16:15:15,988 - INFO - HTTP Request: PUT http://localhost:6333/collections/daily_trade_strategies/points?wait=true "HTTP/1.1 200 OK"
2026-03-19 16:15:15,991 - INFO - HTTP Request: PUT http://localhost:6333/collections/trading_results/points?wait=true "HTTP/1.1 200 OK"
2026-03-19 16:15:15,998 - INFO - HTTP Request: PUT http://localhost:6333/collections/stock_recommendations/points?wait=true "HTTP/1.1 200 OK"
2026-03-19 16:15:16,023 - INFO - HTTP Request: PUT http://localhost:6333/collections/daily_trade_strategies/points?wait=true "HTTP/1.1 200 OK"
2026-03-19 16:15:16,026 - INFO - HTTP Request: PUT http://localhost:6333/collections/trading_results/points?wait=true "HTTP/1.1 200 OK"
2026-03-19 16:15:16,056 - INFO - HTTP Request: PUT http://localhost:6333/collections/stock_recommendations/points?wait=true "HTTP/1.1 200 OK"
2026-03-19 16:15:16,081 - INFO - HTTP Request: PUT http://localhost:6333/collections/daily_trade_strategies/points?wait=true "HTTP/1.1 200 OK"
2026-03-19 16:15:16,086 - INFO - HTTP Request: PUT http://localhost:6333/collections/trading_results/points?wait=true "HTTP/1.1 200 OK"
2026-03-19 16:15:16,092 - INFO - HTTP Request: PUT http://localhost:6333/collections/stock_recommendations/points?wait=true "HTTP/1.1 200 OK"
2026-03-19 16:15:16,123 - INFO - HTTP Request: PUT http://localhost:6333/collections/daily_trade_strategies/points?wait=true "HTTP/1.1 200 OK"
2026-03-19 16:15:16,127 - INFO - HTTP Request: PUT http://localhost:6333/collections/trading_results/points?wait=true "HTTP/1.1 200 OK"
2026-03-19 16:15:16,149 - INFO - HTTP Request: PUT http://localhost:6333/collections/stock_recommendations/points?wait=true "HTTP/1.1 200 OK"
2026-03-19 16:15:16,197 - INFO - HTTP Request: PUT http://localhost:6333/collections/daily_trade_strategies/points?wait=true "HTTP/1.1 200 OK"
2026-03-19 16:15:16,201 - INFO - HTTP Request: PUT http://localhost:6333/collections/trading_results/points?wait=true "HTTP/1.1 200 OK"
2026-03-19 16:15:16,226 - INFO - HTTP Request: PUT http://localhost:6333/collections/stock_recommendations/points?wait=true "HTTP/1.1 200 OK"
2026-03-19 16:15:16,252 - INFO - HTTP Request: PUT http://localhost:6333/collections/daily_trade_strategies/points?wait=true "HTTP/1.1 200 OK"
2026-03-19 16:15:16,255 - INFO - HTTP Request: PUT http://localhost:6333/collections/trading_results/points?wait=true "HTTP/1.1 200 OK"
2026-03-19 16:15:16,263 - INFO - HTTP Request: PUT http://localhost:6333/collections/stock_recommendations/points?wait=true "HTTP/1.1 200 OK"
2026-03-19 16:15:16,287 - INFO - HTTP Request: PUT http://localhost:6333/collections/daily_trade_strategies/points?wait=true "HTTP/1.1 200 OK"
2026-03-19 16:15:16,291 - INFO - HTTP Request: PUT http://localhost:6333/collections/trading_results/points?wait=true "HTTP/1.1 200 OK"
2026-03-19 16:15:16,297 - INFO - HTTP Request: PUT http://localhost:6333/collections/stock_recommendations/points?wait=true "HTTP/1.1 200 OK"
2026-03-19 16:15:16,322 - INFO - HTTP Request: PUT http://localhost:6333/collections/daily_trade_strategies/points?wait=true "HTTP/1.1 200 OK"
2026-03-19 16:15:16,325 - INFO - HTTP Request: PUT http://localhost:6333/collections/trading_results/points?wait=true "HTTP/1.1 200 OK"
2026-03-19 16:15:16,333 - INFO - HTTP Request: PUT http://localhost:6333/collections/stock_recommendations/points?wait=true "HTTP/1.1 200 OK"
2026-03-19 16:15:16,357 - INFO - HTTP Request: PUT http://localhost:6333/collections/daily_trade_strategies/points?wait=true "HTTP/1.1 200 OK"
2026-03-19 16:15:16,361 - INFO - HTTP Request: PUT http://localhost:6333/collections/trading_results/points?wait=true "HTTP/1.1 200 OK"
2026-03-19 16:15:16,368 - INFO - HTTP Request: PUT http://localhost:6333/collections/stock_recommendations/points?wait=true "HTTP/1.1 200 OK"
2026-03-19 16:15:16,393 - INFO - HTTP Request: PUT http://localhost:6333/collections/daily_trade_strategies/points?wait=true "HTTP/1.1 200 OK"
2026-03-19 16:15:16,397 - INFO - HTTP Request: PUT http://localhost:6333/collections/trading_results/points?wait=true "HTTP/1.1 200 OK"
2026-03-19 16:15:16,404 - INFO - HTTP Request: PUT http://localhost:6333/collections/stock_recommendations/points?wait=true "HTTP/1.1 200 OK"
2026-03-19 16:15:16,430 - INFO - HTTP Request: PUT http://localhost:6333/collections/daily_trade_strategies/points?wait=true "HTTP/1.1 200 OK"
2026-03-19 16:15:16,442 - INFO - HTTP Request: PUT http://localhost:6333/collections/trading_results/points?wait=true "HTTP/1.1 200 OK"
2026-03-19 16:15:16,449 - INFO - HTTP Request: PUT http://localhost:6333/collections/stock_recommendations/points?wait=true "HTTP/1.1 200 OK"
2026-03-19 16:15:16,475 - INFO - HTTP Request: PUT http://localhost:6333/collections/daily_trade_strategies/points?wait=true "HTTP/1.1 200 OK"
2026-03-19 16:15:16,478 - INFO - HTTP Request: PUT http://localhost:6333/collections/trading_results/points?wait=true "HTTP/1.1 200 OK"
2026-03-19 16:15:16,485 - INFO - HTTP Request: PUT http://localhost:6333/collections/stock_recommendations/points?wait=true "HTTP/1.1 200 OK"
2026-03-19 16:15:16,509 - INFO - HTTP Request: PUT http://localhost:6333/collections/daily_trade_strategies/points?wait=true "HTTP/1.1 200 OK"
2026-03-19 16:15:16,512 - INFO - HTTP Request: PUT http://localhost:6333/collections/trading_results/points?wait=true "HTTP/1.1 200 OK"
2026-03-19 16:15:16,519 - INFO - HTTP Request: PUT http://localhost:6333/collections/stock_recommendations/points?wait=true "HTTP/1.1 200 OK"
2026-03-19 16:15:16,544 - INFO - HTTP Request: PUT http://localhost:6333/collections/daily_trade_strategies/points?wait=true "HTTP/1.1 200 OK"
2026-03-19 16:15:16,547 - INFO - HTTP Request: PUT http://localhost:6333/collections/trading_results/points?wait=true "HTTP/1.1 200 OK"
2026-03-19 16:15:16,554 - INFO - HTTP Request: PUT http://localhost:6333/collections/stock_recommendations/points?wait=true "HTTP/1.1 200 OK"
2026-03-19 16:15:16,584 - INFO - HTTP Request: PUT http://localhost:6333/collections/daily_trade_strategies/points?wait=true "HTTP/1.1 200 OK"
2026-03-19 16:15:16,601 - INFO - HTTP Request: PUT http://localhost:6333/collections/trading_results/points?wait=true "HTTP/1.1 200 OK"
2026-03-19 16:15:16,608 - INFO - HTTP Request: PUT http://localhost:6333/collections/stock_recommendations/points?wait=true "HTTP/1.1 200 OK"
2026-03-19 16:15:16,633 - INFO - HTTP Request: PUT http://localhost:6333/collections/daily_trade_strategies/points?wait=true "HTTP/1.1 200 OK"
2026-03-19 16:15:16,637 - INFO - HTTP Request: PUT http://localhost:6333/collections/trading_results/points?wait=true "HTTP/1.1 200 OK"
2026-03-19 16:15:16,646 - INFO - HTTP Request: PUT http://localhost:6333/collections/stock_recommendations/points?wait=true "HTTP/1.1 200 OK"
2026-03-19 16:15:16,670 - INFO - HTTP Request: PUT http://localhost:6333/collections/daily_trade_strategies/points?wait=true "HTTP/1.1 200 OK"
2026-03-19 16:15:16,694 - INFO - HTTP Request: PUT http://localhost:6333/collections/trading_results/points?wait=true "HTTP/1.1 200 OK"
2026-03-19 16:15:16,700 - INFO - HTTP Request: PUT http://localhost:6333/collections/stock_recommendations/points?wait=true "HTTP/1.1 200 OK"
2026-03-19 16:15:16,725 - INFO - HTTP Request: PUT http://localhost:6333/collections/daily_trade_strategies/points?wait=true "HTTP/1.1 200 OK"
2026-03-19 16:15:16,733 - INFO - HTTP Request: PUT http://localhost:6333/collections/trading_results/points?wait=true "HTTP/1.1 200 OK"
2026-03-19 16:15:16,741 - INFO - HTTP Request: PUT http://localhost:6333/collections/stock_recommendations/points?wait=true "HTTP/1.1 200 OK"
2026-03-19 16:15:16,787 - INFO - HTTP Request: PUT http://localhost:6333/collections/daily_trade_strategies/points?wait=true "HTTP/1.1 200 OK"
2026-03-19 16:15:16,790 - INFO - HTTP Request: PUT http://localhost:6333/collections/trading_results/points?wait=true "HTTP/1.1 200 OK"
2026-03-19 16:15:16,797 - INFO - HTTP Request: PUT http://localhost:6333/collections/stock_recommendations/points?wait=true "HTTP/1.1 200 OK"
2026-03-19 16:15:16,834 - INFO - HTTP Request: PUT http://localhost:6333/collections/daily_trade_strategies/points?wait=true "HTTP/1.1 200 OK"
2026-03-19 16:15:16,837 - INFO - HTTP Request: PUT http://localhost:6333/collections/trading_results/points?wait=true "HTTP/1.1 200 OK"
2026-03-19 16:15:16,844 - INFO - HTTP Request: PUT http://localhost:6333/collections/stock_recommendations/points?wait=true "HTTP/1.1 200 OK"
2026-03-19 16:15:16,869 - INFO - HTTP Request: PUT http://localhost:6333/collections/daily_trade_strategies/points?wait=true "HTTP/1.1 200 OK"
2026-03-19 16:15:16,873 - INFO - HTTP Request: PUT http://localhost:6333/collections/trading_results/points?wait=true "HTTP/1.1 200 OK"
2026-03-19 16:15:16,879 - INFO - HTTP Request: PUT http://localhost:6333/collections/stock_recommendations/points?wait=true "HTTP/1.1 200 OK"
2026-03-19 16:15:16,904 - INFO - HTTP Request: PUT http://localhost:6333/collections/daily_trade_strategies/points?wait=true "HTTP/1.1 200 OK"
2026-03-19 16:15:16,906 - INFO - HTTP Request: PUT http://localhost:6333/collections/trading_results/points?wait=true "HTTP/1.1 200 OK"
2026-03-19 16:15:16,913 - INFO - HTTP Request: PUT http://localhost:6333/collections/stock_recommendations/points?wait=true "HTTP/1.1 200 OK"
2026-03-19 16:15:16,939 - INFO - HTTP Request: PUT http://localhost:6333/collections/daily_trade_strategies/points?wait=true "HTTP/1.1 200 OK"
2026-03-19 16:15:16,942 - INFO - HTTP Request: PUT http://localhost:6333/collections/trading_results/points?wait=true "HTTP/1.1 200 OK"
2026-03-19 16:15:16,949 - INFO - HTTP Request: PUT http://localhost:6333/collections/stock_recommendations/points?wait=true "HTTP/1.1 200 OK"
2026-03-19 16:15:16,973 - INFO - HTTP Request: PUT http://localhost:6333/collections/daily_trade_strategies/points?wait=true "HTTP/1.1 200 OK"
2026-03-19 16:15:16,976 - INFO - HTTP Request: PUT http://localhost:6333/collections/trading_results/points?wait=true "HTTP/1.1 200 OK"
2026-03-19 16:15:16,983 - INFO - HTTP Request: PUT http://localhost:6333/collections/stock_recommendations/points?wait=true "HTTP/1.1 200 OK"
2026-03-19 16:15:17,009 - INFO - HTTP Request: PUT http://localhost:6333/collections/daily_trade_strategies/points?wait=true "HTTP/1.1 200 OK"
2026-03-19 16:15:17,011 - INFO - HTTP Request: PUT http://localhost:6333/collections/trading_results/points?wait=true "HTTP/1.1 200 OK"
2026-03-19 16:15:17,039 - INFO - HTTP Request: PUT http://localhost:6333/collections/stock_recommendations/points?wait=true "HTTP/1.1 200 OK"
2026-03-19 16:15:17,086 - INFO - HTTP Request: PUT http://localhost:6333/collections/daily_trade_strategies/points?wait=true "HTTP/1.1 200 OK"
2026-03-19 16:15:17,090 - INFO - HTTP Request: PUT http://localhost:6333/collections/trading_results/points?wait=true "HTTP/1.1 200 OK"
2026-03-19 16:15:17,096 - INFO - HTTP Request: PUT http://localhost:6333/collections/stock_recommendations/points?wait=true "HTTP/1.1 200 OK"
2026-03-19 16:15:17,132 - INFO - HTTP Request: PUT http://localhost:6333/collections/daily_trade_strategies/points?wait=true "HTTP/1.1 200 OK"
2026-03-19 16:15:17,135 - INFO - HTTP Request: PUT http://localhost:6333/collections/trading_results/points?wait=true "HTTP/1.1 200 OK"
2026-03-19 16:15:17,142 - INFO - HTTP Request: PUT http://localhost:6333/collections/stock_recommendations/points?wait=true "HTTP/1.1 200 OK"
2026-03-19 16:15:17,167 - INFO - HTTP Request: PUT http://localhost:6333/collections/daily_trade_strategies/points?wait=true "HTTP/1.1 200 OK"
2026-03-19 16:15:17,170 - INFO - HTTP Request: PUT http://localhost:6333/collections/trading_results/points?wait=true "HTTP/1.1 200 OK"
2026-03-19 16:15:17,178 - INFO - HTTP Request: PUT http://localhost:6333/collections/stock_recommendations/points?wait=true "HTTP/1.1 200 OK"
2026-03-19 16:15:17,204 - INFO - HTTP Request: PUT http://localhost:6333/collections/daily_trade_strategies/points?wait=true "HTTP/1.1 200 OK"
2026-03-19 16:15:17,207 - INFO - HTTP Request: PUT http://localhost:6333/collections/trading_results/points?wait=true "HTTP/1.1 200 OK"
2026-03-19 16:15:17,214 - INFO - HTTP Request: PUT http://localhost:6333/collections/stock_recommendations/points?wait=true "HTTP/1.1 200 OK"
2026-03-19 16:15:17,242 - INFO - HTTP Request: PUT http://localhost:6333/collections/daily_trade_strategies/points?wait=true "HTTP/1.1 200 OK"
2026-03-19 16:15:17,245 - INFO - HTTP Request: PUT http://localhost:6333/collections/trading_results/points?wait=true "HTTP/1.1 200 OK"
2026-03-19 16:15:17,251 - INFO - HTTP Request: PUT http://localhost:6333/collections/stock_recommendations/points?wait=true "HTTP/1.1 200 OK"
2026-03-19 16:15:17,278 - INFO - HTTP Request: PUT http://localhost:6333/collections/daily_trade_strategies/points?wait=true "HTTP/1.1 200 OK"
2026-03-19 16:15:17,281 - INFO - HTTP Request: PUT http://localhost:6333/collections/trading_results/points?wait=true "HTTP/1.1 200 OK"
2026-03-19 16:15:17,288 - INFO - HTTP Request: PUT http://localhost:6333/collections/stock_recommendations/points?wait=true "HTTP/1.1 200 OK"
2026-03-19 16:15:17,315 - INFO - HTTP Request: PUT http://localhost:6333/collections/daily_trade_strategies/points?wait=true "HTTP/1.1 200 OK"
2026-03-19 16:15:17,318 - INFO - HTTP Request: PUT http://localhost:6333/collections/trading_results/points?wait=true "HTTP/1.1 200 OK"
2026-03-19 16:15:17,334 - INFO - HTTP Request: PUT http://localhost:6333/collections/stock_recommendations/points?wait=true "HTTP/1.1 200 OK"
2026-03-19 16:15:17,360 - INFO - HTTP Request: PUT http://localhost:6333/collections/daily_trade_strategies/points?wait=true "HTTP/1.1 200 OK"
2026-03-19 16:15:17,365 - INFO - HTTP Request: PUT http://localhost:6333/collections/trading_results/points?wait=true "HTTP/1.1 200 OK"
2026-03-19 16:15:17,372 - INFO - HTTP Request: PUT http://localhost:6333/collections/stock_recommendations/points?wait=true "HTTP/1.1 200 OK"
2026-03-19 16:15:17,398 - INFO - HTTP Request: PUT http://localhost:6333/collections/daily_trade_strategies/points?wait=true "HTTP/1.1 200 OK"
2026-03-19 16:15:17,401 - INFO - HTTP Request: PUT http://localhost:6333/collections/trading_results/points?wait=true "HTTP/1.1 200 OK"
2026-03-19 16:15:17,408 - INFO - HTTP Request: PUT http://localhost:6333/collections/stock_recommendations/points?wait=true "HTTP/1.1 200 OK"
2026-03-19 16:15:17,433 - INFO - HTTP Request: PUT http://localhost:6333/collections/daily_trade_strategies/points?wait=true "HTTP/1.1 200 OK"
2026-03-19 16:15:17,436 - INFO - HTTP Request: PUT http://localhost:6333/collections/trading_results/points?wait=true "HTTP/1.1 200 OK"
2026-03-19 16:15:17,444 - INFO - HTTP Request: PUT http://localhost:6333/collections/stock_recommendations/points?wait=true "HTTP/1.1 200 OK"
2026-03-19 16:15:17,470 - INFO - HTTP Request: PUT http://localhost:6333/collections/daily_trade_strategies/points?wait=true "HTTP/1.1 200 OK"
2026-03-19 16:15:17,474 - INFO - HTTP Request: PUT http://localhost:6333/collections/trading_results/points?wait=true "HTTP/1.1 200 OK"
2026-03-19 16:15:17,480 - INFO - HTTP Request: PUT http://localhost:6333/collections/stock_recommendations/points?wait=true "HTTP/1.1 200 OK"
2026-03-19 16:15:17,506 - INFO - HTTP Request: PUT http://localhost:6333/collections/daily_trade_strategies/points?wait=true "HTTP/1.1 200 OK"
2026-03-19 16:15:17,509 - INFO - HTTP Request: PUT http://localhost:6333/collections/trading_results/points?wait=true "HTTP/1.1 200 OK"
2026-03-19 16:15:17,515 - INFO - HTTP Request: PUT http://localhost:6333/collections/stock_recommendations/points?wait=true "HTTP/1.1 200 OK"
2026-03-19 16:15:17,540 - INFO - HTTP Request: PUT http://localhost:6333/collections/daily_trade_strategies/points?wait=true "HTTP/1.1 200 OK"
2026-03-19 16:15:17,543 - INFO - HTTP Request: PUT http://localhost:6333/collections/trading_results/points?wait=true "HTTP/1.1 200 OK"
2026-03-19 16:15:17,549 - INFO - HTTP Request: PUT http://localhost:6333/collections/stock_recommendations/points?wait=true "HTTP/1.1 200 OK"
2026-03-19 16:15:17,576 - INFO - HTTP Request: PUT http://localhost:6333/collections/daily_trade_strategies/points?wait=true "HTTP/1.1 200 OK"
2026-03-19 16:15:17,578 - INFO - HTTP Request: PUT http://localhost:6333/collections/trading_results/points?wait=true "HTTP/1.1 200 OK"
2026-03-19 16:15:17,585 - INFO - HTTP Request: PUT http://localhost:6333/collections/stock_recommendations/points?wait=true "HTTP/1.1 200 OK"
2026-03-19 16:15:17,609 - INFO - HTTP Request: PUT http://localhost:6333/collections/daily_trade_strategies/points?wait=true "HTTP/1.1 200 OK"
2026-03-19 16:15:17,612 - INFO - HTTP Request: PUT http://localhost:6333/collections/trading_results/points?wait=true "HTTP/1.1 200 OK"
2026-03-19 16:15:17,619 - INFO - HTTP Request: PUT http://localhost:6333/collections/stock_recommendations/points?wait=true "HTTP/1.1 200 OK"
2026-03-19 16:15:17,664 - INFO - HTTP Request: PUT http://localhost:6333/collections/daily_trade_strategies/points?wait=true "HTTP/1.1 200 OK"
2026-03-19 16:15:17,668 - INFO - HTTP Request: PUT http://localhost:6333/collections/trading_results/points?wait=true "HTTP/1.1 200 OK"
2026-03-19 16:15:17,674 - INFO - HTTP Request: PUT http://localhost:6333/collections/stock_recommendations/points?wait=true "HTTP/1.1 200 OK"
2026-03-19 16:15:17,711 - INFO - HTTP Request: PUT http://localhost:6333/collections/daily_trade_strategies/points?wait=true "HTTP/1.1 200 OK"
2026-03-19 16:15:17,715 - INFO - HTTP Request: PUT http://localhost:6333/collections/trading_results/points?wait=true "HTTP/1.1 200 OK"
2026-03-19 16:15:17,721 - INFO - HTTP Request: PUT http://localhost:6333/collections/stock_recommendations/points?wait=true "HTTP/1.1 200 OK"
2026-03-19 16:15:17,747 - INFO - HTTP Request: PUT http://localhost:6333/collections/daily_trade_strategies/points?wait=true "HTTP/1.1 200 OK"
2026-03-19 16:15:17,750 - INFO - HTTP Request: PUT http://localhost:6333/collections/trading_results/points?wait=true "HTTP/1.1 200 OK"
2026-03-19 16:15:17,758 - INFO - HTTP Request: PUT http://localhost:6333/collections/stock_recommendations/points?wait=true "HTTP/1.1 200 OK"
2026-03-19 16:15:17,808 - INFO - HTTP Request: PUT http://localhost:6333/collections/daily_trade_strategies/points?wait=true "HTTP/1.1 200 OK"
2026-03-19 16:15:17,811 - INFO - HTTP Request: PUT http://localhost:6333/collections/trading_results/points?wait=true "HTTP/1.1 200 OK"
2026-03-19 16:15:17,819 - INFO - HTTP Request: PUT http://localhost:6333/collections/stock_recommendations/points?wait=true "HTTP/1.1 200 OK"
2026-03-19 16:15:17,846 - INFO - HTTP Request: PUT http://localhost:6333/collections/daily_trade_strategies/points?wait=true "HTTP/1.1 200 OK"
2026-03-19 16:15:17,849 - INFO - HTTP Request: PUT http://localhost:6333/collections/trading_results/points?wait=true "HTTP/1.1 200 OK"
2026-03-19 16:15:17,855 - INFO - HTTP Request: PUT http://localhost:6333/collections/stock_recommendations/points?wait=true "HTTP/1.1 200 OK"
2026-03-19 16:15:17,881 - INFO - HTTP Request: PUT http://localhost:6333/collections/daily_trade_strategies/points?wait=true "HTTP/1.1 200 OK"
2026-03-19 16:15:17,885 - INFO - HTTP Request: PUT http://localhost:6333/collections/trading_results/points?wait=true "HTTP/1.1 200 OK"
2026-03-19 16:15:17,893 - INFO - HTTP Request: PUT http://localhost:6333/collections/stock_recommendations/points?wait=true "HTTP/1.1 200 OK"
2026-03-19 16:15:17,918 - INFO - HTTP Request: PUT http://localhost:6333/collections/daily_trade_strategies/points?wait=true "HTTP/1.1 200 OK"
2026-03-19 16:15:17,922 - INFO - HTTP Request: PUT http://localhost:6333/collections/trading_results/points?wait=true "HTTP/1.1 200 OK"
2026-03-19 16:15:17,929 - INFO - HTTP Request: PUT http://localhost:6333/collections/stock_recommendations/points?wait=true "HTTP/1.1 200 OK"
2026-03-19 16:15:17,954 - INFO - HTTP Request: PUT http://localhost:6333/collections/daily_trade_strategies/points?wait=true "HTTP/1.1 200 OK"
2026-03-19 16:15:17,958 - INFO - HTTP Request: PUT http://localhost:6333/collections/trading_results/points?wait=true "HTTP/1.1 200 OK"
2026-03-19 16:15:17,964 - INFO - HTTP Request: PUT http://localhost:6333/collections/stock_recommendations/points?wait=true "HTTP/1.1 200 OK"
2026-03-19 16:15:17,990 - INFO - HTTP Request: PUT http://localhost:6333/collections/daily_trade_strategies/points?wait=true "HTTP/1.1 200 OK"
2026-03-19 16:15:17,998 - INFO - HTTP Request: PUT http://localhost:6333/collections/trading_results/points?wait=true "HTTP/1.1 200 OK"
2026-03-19 16:15:18,005 - INFO - HTTP Request: PUT http://localhost:6333/collections/stock_recommendations/points?wait=true "HTTP/1.1 200 OK"
2026-03-19 16:15:18,030 - INFO - HTTP Request: PUT http://localhost:6333/collections/daily_trade_strategies/points?wait=true "HTTP/1.1 200 OK"
2026-03-19 16:15:18,034 - INFO - HTTP Request: PUT http://localhost:6333/collections/trading_results/points?wait=true "HTTP/1.1 200 OK"
2026-03-19 16:15:18,041 - INFO - HTTP Request: PUT http://localhost:6333/collections/stock_recommendations/points?wait=true "HTTP/1.1 200 OK"
2026-03-19 16:15:18,090 - INFO - HTTP Request: PUT http://localhost:6333/collections/daily_trade_strategies/points?wait=true "HTTP/1.1 200 OK"
2026-03-19 16:15:18,093 - INFO - HTTP Request: PUT http://localhost:6333/collections/trading_results/points?wait=true "HTTP/1.1 200 OK"
2026-03-19 16:15:18,100 - INFO - HTTP Request: PUT http://localhost:6333/collections/stock_recommendations/points?wait=true "HTTP/1.1 200 OK"
2026-03-19 16:15:18,125 - INFO - HTTP Request: PUT http://localhost:6333/collections/daily_trade_strategies/points?wait=true "HTTP/1.1 200 OK"
2026-03-19 16:15:18,128 - INFO - HTTP Request: PUT http://localhost:6333/collections/trading_results/points?wait=true "HTTP/1.1 200 OK"
2026-03-19 16:15:18,134 - INFO - HTTP Request: PUT http://localhost:6333/collections/stock_recommendations/points?wait=true "HTTP/1.1 200 OK"
2026-03-19 16:15:18,159 - INFO - HTTP Request: PUT http://localhost:6333/collections/daily_trade_strategies/points?wait=true "HTTP/1.1 200 OK"
2026-03-19 16:15:18,162 - INFO - HTTP Request: PUT http://localhost:6333/collections/trading_results/points?wait=true "HTTP/1.1 200 OK"
2026-03-19 16:15:18,171 - INFO - HTTP Request: PUT http://localhost:6333/collections/stock_recommendations/points?wait=true "HTTP/1.1 200 OK"
2026-03-19 16:15:18,295 - INFO - HTTP Request: PUT http://localhost:6333/collections/daily_trade_strategies/points?wait=true "HTTP/1.1 200 OK"
2026-03-19 16:15:18,299 - INFO - HTTP Request: PUT http://localhost:6333/collections/trading_results/points?wait=true "HTTP/1.1 200 OK"
2026-03-19 16:15:18,327 - INFO - HTTP Request: PUT http://localhost:6333/collections/stock_recommendations/points?wait=true "HTTP/1.1 200 OK"
2026-03-19 16:15:18,352 - INFO - HTTP Request: PUT http://localhost:6333/collections/daily_trade_strategies/points?wait=true "HTTP/1.1 200 OK"
2026-03-19 16:15:18,356 - INFO - HTTP Request: PUT http://localhost:6333/collections/trading_results/points?wait=true "HTTP/1.1 200 OK"
2026-03-19 16:15:18,362 - INFO - HTTP Request: PUT http://localhost:6333/collections/stock_recommendations/points?wait=true "HTTP/1.1 200 OK"
2026-03-19 16:15:18,386 - INFO - HTTP Request: PUT http://localhost:6333/collections/daily_trade_strategies/points?wait=true "HTTP/1.1 200 OK"
2026-03-19 16:15:18,390 - INFO - HTTP Request: PUT http://localhost:6333/collections/trading_results/points?wait=true "HTTP/1.1 200 OK"
2026-03-19 16:15:18,396 - INFO - HTTP Request: PUT http://localhost:6333/collections/stock_recommendations/points?wait=true "HTTP/1.1 200 OK"
2026-03-19 16:15:18,435 - INFO - HTTP Request: PUT http://localhost:6333/collections/daily_trade_strategies/points?wait=true "HTTP/1.1 200 OK"
2026-03-19 16:15:18,439 - INFO - HTTP Request: PUT http://localhost:6333/collections/trading_results/points?wait=true "HTTP/1.1 200 OK"
2026-03-19 16:15:18,445 - INFO - HTTP Request: PUT http://localhost:6333/collections/stock_recommendations/points?wait=true "HTTP/1.1 200 OK"
2026-03-19 16:15:18,470 - INFO - HTTP Request: PUT http://localhost:6333/collections/daily_trade_strategies/points?wait=true "HTTP/1.1 200 OK"
2026-03-19 16:15:18,473 - INFO - HTTP Request: PUT http://localhost:6333/collections/trading_results/points?wait=true "HTTP/1.1 200 OK"
2026-03-19 16:15:18,482 - INFO - HTTP Request: PUT http://localhost:6333/collections/stock_recommendations/points?wait=true "HTTP/1.1 200 OK"
2026-03-19 16:15:18,508 - INFO - HTTP Request: PUT http://localhost:6333/collections/daily_trade_strategies/points?wait=true "HTTP/1.1 200 OK"
2026-03-19 16:15:18,510 - INFO - HTTP Request: PUT http://localhost:6333/collections/trading_results/points?wait=true "HTTP/1.1 200 OK"
2026-03-19 16:15:18,522 - INFO - HTTP Request: PUT http://localhost:6333/collections/stock_recommendations/points?wait=true "HTTP/1.1 200 OK"
2026-03-19 16:15:18,560 - INFO - HTTP Request: PUT http://localhost:6333/collections/daily_trade_strategies/points?wait=true "HTTP/1.1 200 OK"
2026-03-19 16:15:18,564 - INFO - HTTP Request: PUT http://localhost:6333/collections/trading_results/points?wait=true "HTTP/1.1 200 OK"
2026-03-19 16:15:18,571 - INFO - HTTP Request: PUT http://localhost:6333/collections/stock_recommendations/points?wait=true "HTTP/1.1 200 OK"
2026-03-19 16:15:18,596 - INFO - HTTP Request: PUT http://localhost:6333/collections/daily_trade_strategies/points?wait=true "HTTP/1.1 200 OK"
2026-03-19 16:15:18,599 - INFO - HTTP Request: PUT http://localhost:6333/collections/trading_results/points?wait=true "HTTP/1.1 200 OK"
2026-03-19 16:15:18,606 - INFO - HTTP Request: PUT http://localhost:6333/collections/stock_recommendations/points?wait=true "HTTP/1.1 200 OK"
2026-03-19 16:15:18,631 - INFO - HTTP Request: PUT http://localhost:6333/collections/daily_trade_strategies/points?wait=true "HTTP/1.1 200 OK"
2026-03-19 16:15:18,635 - INFO - HTTP Request: PUT http://localhost:6333/collections/trading_results/points?wait=true "HTTP/1.1 200 OK"
2026-03-19 16:15:18,655 - INFO - HTTP Request: PUT http://localhost:6333/collections/stock_recommendations/points?wait=true "HTTP/1.1 200 OK"
2026-03-19 16:15:18,679 - INFO - HTTP Request: PUT http://localhost:6333/collections/daily_trade_strategies/points?wait=true "HTTP/1.1 200 OK"
2026-03-19 16:15:18,682 - INFO - HTTP Request: PUT http://localhost:6333/collections/trading_results/points?wait=true "HTTP/1.1 200 OK"
2026-03-19 16:15:18,690 - INFO - HTTP Request: PUT http://localhost:6333/collections/stock_recommendations/points?wait=true "HTTP/1.1 200 OK"
2026-03-19 16:15:18,715 - INFO - HTTP Request: PUT http://localhost:6333/collections/daily_trade_strategies/points?wait=true "HTTP/1.1 200 OK"
2026-03-19 16:15:18,718 - INFO - HTTP Request: PUT http://localhost:6333/collections/trading_results/points?wait=true "HTTP/1.1 200 OK"
2026-03-19 16:15:18,725 - INFO - HTTP Request: PUT http://localhost:6333/collections/stock_recommendations/points?wait=true "HTTP/1.1 200 OK"
2026-03-19 16:15:18,749 - INFO - HTTP Request: PUT http://localhost:6333/collections/daily_trade_strategies/points?wait=true "HTTP/1.1 200 OK"
2026-03-19 16:15:18,753 - INFO - HTTP Request: PUT http://localhost:6333/collections/trading_results/points?wait=true "HTTP/1.1 200 OK"
2026-03-19 16:15:18,760 - INFO - HTTP Request: PUT http://localhost:6333/collections/stock_recommendations/points?wait=true "HTTP/1.1 200 OK"
2026-03-19 16:15:18,785 - INFO - HTTP Request: PUT http://localhost:6333/collections/daily_trade_strategies/points?wait=true "HTTP/1.1 200 OK"
2026-03-19 16:15:18,788 - INFO - HTTP Request: PUT http://localhost:6333/collections/trading_results/points?wait=true "HTTP/1.1 200 OK"
2026-03-19 16:15:18,796 - INFO - HTTP Request: PUT http://localhost:6333/collections/stock_recommendations/points?wait=true "HTTP/1.1 200 OK"
2026-03-19 16:15:18,820 - INFO - HTTP Request: PUT http://localhost:6333/collections/daily_trade_strategies/points?wait=true "HTTP/1.1 200 OK"
2026-03-19 16:15:18,824 - INFO - HTTP Request: PUT http://localhost:6333/collections/trading_results/points?wait=true "HTTP/1.1 200 OK"
2026-03-19 16:15:18,830 - INFO - HTTP Request: PUT http://localhost:6333/collections/stock_recommendations/points?wait=true "HTTP/1.1 200 OK"
2026-03-19 16:15:18,855 - INFO - HTTP Request: PUT http://localhost:6333/collections/daily_trade_strategies/points?wait=true "HTTP/1.1 200 OK"
2026-03-19 16:15:18,871 - INFO - HTTP Request: PUT http://localhost:6333/collections/trading_results/points?wait=true "HTTP/1.1 200 OK"
2026-03-19 16:15:18,878 - INFO - HTTP Request: PUT http://localhost:6333/collections/stock_recommendations/points?wait=true "HTTP/1.1 200 OK"
2026-03-19 16:15:18,912 - INFO - HTTP Request: PUT http://localhost:6333/collections/daily_trade_strategies/points?wait=true "HTTP/1.1 200 OK"
2026-03-19 16:15:18,917 - INFO - HTTP Request: PUT http://localhost:6333/collections/trading_results/points?wait=true "HTTP/1.1 200 OK"
2026-03-19 16:15:18,927 - INFO - HTTP Request: PUT http://localhost:6333/collections/stock_recommendations/points?wait=true "HTTP/1.1 200 OK"
2026-03-19 16:15:18,954 - INFO - HTTP Request: PUT http://localhost:6333/collections/daily_trade_strategies/points?wait=true "HTTP/1.1 200 OK"
2026-03-19 16:15:18,978 - INFO - HTTP Request: PUT http://localhost:6333/collections/trading_results/points?wait=true "HTTP/1.1 200 OK"
2026-03-19 16:15:18,986 - INFO - HTTP Request: PUT http://localhost:6333/collections/stock_recommendations/points?wait=true "HTTP/1.1 200 OK"
2026-03-19 16:15:19,025 - INFO - HTTP Request: PUT http://localhost:6333/collections/daily_trade_strategies/points?wait=true "HTTP/1.1 200 OK"
2026-03-19 16:15:19,028 - INFO - HTTP Request: PUT http://localhost:6333/collections/trading_results/points?wait=true "HTTP/1.1 200 OK"
2026-03-19 16:15:19,035 - INFO - HTTP Request: PUT http://localhost:6333/collections/stock_recommendations/points?wait=true "HTTP/1.1 200 OK"
2026-03-19 16:15:19,060 - INFO - HTTP Request: PUT http://localhost:6333/collections/daily_trade_strategies/points?wait=true "HTTP/1.1 200 OK"
2026-03-19 16:15:19,063 - INFO - HTTP Request: PUT http://localhost:6333/collections/trading_results/points?wait=true "HTTP/1.1 200 OK"
2026-03-19 16:15:19,070 - INFO - HTTP Request: PUT http://localhost:6333/collections/stock_recommendations/points?wait=true "HTTP/1.1 200 OK"
2026-03-19 16:15:19,095 - INFO - HTTP Request: PUT http://localhost:6333/collections/daily_trade_strategies/points?wait=true "HTTP/1.1 200 OK"
2026-03-19 16:15:19,098 - INFO - HTTP Request: PUT http://localhost:6333/collections/trading_results/points?wait=true "HTTP/1.1 200 OK"
2026-03-19 16:15:19,105 - INFO - HTTP Request: PUT http://localhost:6333/collections/stock_recommendations/points?wait=true "HTTP/1.1 200 OK"
2026-03-19 16:15:19,132 - INFO - HTTP Request: PUT http://localhost:6333/collections/daily_trade_strategies/points?wait=true "HTTP/1.1 200 OK"
2026-03-19 16:15:19,141 - INFO - HTTP Request: PUT http://localhost:6333/collections/trading_results/points?wait=true "HTTP/1.1 200 OK"
2026-03-19 16:15:19,148 - INFO - HTTP Request: PUT http://localhost:6333/collections/stock_recommendations/points?wait=true "HTTP/1.1 200 OK"
2026-03-19 16:15:19,174 - INFO - HTTP Request: PUT http://localhost:6333/collections/daily_trade_strategies/points?wait=true "HTTP/1.1 200 OK"
2026-03-19 16:15:19,178 - INFO - HTTP Request: PUT http://localhost:6333/collections/trading_results/points?wait=true "HTTP/1.1 200 OK"
2026-03-19 16:15:19,185 - INFO - HTTP Request: PUT http://localhost:6333/collections/stock_recommendations/points?wait=true "HTTP/1.1 200 OK"
2026-03-19 16:15:19,228 - INFO - HTTP Request: PUT http://localhost:6333/collections/daily_trade_strategies/points?wait=true "HTTP/1.1 200 OK"
2026-03-19 16:15:19,232 - INFO - HTTP Request: PUT http://localhost:6333/collections/trading_results/points?wait=true "HTTP/1.1 200 OK"
2026-03-19 16:15:19,259 - INFO - HTTP Request: PUT http://localhost:6333/collections/stock_recommendations/points?wait=true "HTTP/1.1 200 OK"
2026-03-19 16:15:19,307 - INFO - HTTP Request: PUT http://localhost:6333/collections/daily_trade_strategies/points?wait=true "HTTP/1.1 200 OK"
2026-03-19 16:15:19,310 - INFO - HTTP Request: PUT http://localhost:6333/collections/trading_results/points?wait=true "HTTP/1.1 200 OK"
2026-03-19 16:15:19,318 - INFO - HTTP Request: PUT http://localhost:6333/collections/stock_recommendations/points?wait=true "HTTP/1.1 200 OK"
2026-03-19 16:15:19,344 - INFO - HTTP Request: PUT http://localhost:6333/collections/daily_trade_strategies/points?wait=true "HTTP/1.1 200 OK"
2026-03-19 16:15:19,348 - INFO - HTTP Request: PUT http://localhost:6333/collections/trading_results/points?wait=true "HTTP/1.1 200 OK"
2026-03-19 16:15:19,355 - INFO - HTTP Request: PUT http://localhost:6333/collections/stock_recommendations/points?wait=true "HTTP/1.1 200 OK"
2026-03-19 16:15:19,381 - INFO - HTTP Request: PUT http://localhost:6333/collections/daily_trade_strategies/points?wait=true "HTTP/1.1 200 OK"
2026-03-19 16:15:19,384 - INFO - HTTP Request: PUT http://localhost:6333/collections/trading_results/points?wait=true "HTTP/1.1 200 OK"
2026-03-19 16:15:19,415 - INFO - HTTP Request: PUT http://localhost:6333/collections/stock_recommendations/points?wait=true "HTTP/1.1 200 OK"
2026-03-19 16:15:19,441 - INFO - HTTP Request: PUT http://localhost:6333/collections/daily_trade_strategies/points?wait=true "HTTP/1.1 200 OK"
2026-03-19 16:15:19,444 - INFO - HTTP Request: PUT http://localhost:6333/collections/trading_results/points?wait=true "HTTP/1.1 200 OK"
2026-03-19 16:15:19,452 - INFO - HTTP Request: PUT http://localhost:6333/collections/stock_recommendations/points?wait=true "HTTP/1.1 200 OK"
2026-03-19 16:15:19,477 - INFO - HTTP Request: PUT http://localhost:6333/collections/daily_trade_strategies/points?wait=true "HTTP/1.1 200 OK"
2026-03-19 16:15:19,480 - INFO - HTTP Request: PUT http://localhost:6333/collections/trading_results/points?wait=true "HTTP/1.1 200 OK"
2026-03-19 16:15:19,487 - INFO - HTTP Request: PUT http://localhost:6333/collections/stock_recommendations/points?wait=true "HTTP/1.1 200 OK"
2026-03-19 16:15:19,515 - INFO - HTTP Request: PUT http://localhost:6333/collections/daily_trade_strategies/points?wait=true "HTTP/1.1 200 OK"
2026-03-19 16:15:19,518 - INFO - HTTP Request: PUT http://localhost:6333/collections/trading_results/points?wait=true "HTTP/1.1 200 OK"
2026-03-19 16:15:19,542 - INFO - HTTP Request: PUT http://localhost:6333/collections/stock_recommendations/points?wait=true "HTTP/1.1 200 OK"
2026-03-19 16:15:19,566 - INFO - HTTP Request: PUT http://localhost:6333/collections/daily_trade_strategies/points?wait=true "HTTP/1.1 200 OK"
2026-03-19 16:15:19,570 - INFO - HTTP Request: PUT http://localhost:6333/collections/trading_results/points?wait=true "HTTP/1.1 200 OK"
2026-03-19 16:15:19,577 - INFO - HTTP Request: PUT http://localhost:6333/collections/stock_recommendations/points?wait=true "HTTP/1.1 200 OK"
2026-03-19 16:15:19,603 - INFO - HTTP Request: PUT http://localhost:6333/collections/daily_trade_strategies/points?wait=true "HTTP/1.1 200 OK"
2026-03-19 16:15:19,607 - INFO - HTTP Request: PUT http://localhost:6333/collections/trading_results/points?wait=true "HTTP/1.1 200 OK"
2026-03-19 16:15:19,613 - INFO - HTTP Request: PUT http://localhost:6333/collections/stock_recommendations/points?wait=true "HTTP/1.1 200 OK"
2026-03-19 16:15:19,640 - INFO - HTTP Request: PUT http://localhost:6333/collections/daily_trade_strategies/points?wait=true "HTTP/1.1 200 OK"
2026-03-19 16:15:19,643 - INFO - HTTP Request: PUT http://localhost:6333/collections/trading_results/points?wait=true "HTTP/1.1 200 OK"
2026-03-19 16:15:19,650 - INFO - HTTP Request: PUT http://localhost:6333/collections/stock_recommendations/points?wait=true "HTTP/1.1 200 OK"
2026-03-19 16:15:19,698 - INFO - HTTP Request: PUT http://localhost:6333/collections/daily_trade_strategies/points?wait=true "HTTP/1.1 200 OK"
2026-03-19 16:15:19,702 - INFO - HTTP Request: PUT http://localhost:6333/collections/trading_results/points?wait=true "HTTP/1.1 200 OK"
2026-03-19 16:15:19,710 - INFO - HTTP Request: PUT http://localhost:6333/collections/stock_recommendations/points?wait=true "HTTP/1.1 200 OK"
2026-03-19 16:15:19,737 - INFO - HTTP Request: PUT http://localhost:6333/collections/daily_trade_strategies/points?wait=true "HTTP/1.1 200 OK"
2026-03-19 16:15:19,741 - INFO - HTTP Request: PUT http://localhost:6333/collections/trading_results/points?wait=true "HTTP/1.1 200 OK"
2026-03-19 16:15:19,749 - INFO - HTTP Request: PUT http://localhost:6333/collections/stock_recommendations/points?wait=true "HTTP/1.1 200 OK"
2026-03-19 16:15:19,774 - INFO - HTTP Request: PUT http://localhost:6333/collections/daily_trade_strategies/points?wait=true "HTTP/1.1 200 OK"
2026-03-19 16:15:19,777 - INFO - HTTP Request: PUT http://localhost:6333/collections/trading_results/points?wait=true "HTTP/1.1 200 OK"
2026-03-19 16:15:19,807 - INFO - HTTP Request: PUT http://localhost:6333/collections/stock_recommendations/points?wait=true "HTTP/1.1 200 OK"
2026-03-19 16:15:19,833 - INFO - HTTP Request: PUT http://localhost:6333/collections/daily_trade_strategies/points?wait=true "HTTP/1.1 200 OK"
2026-03-19 16:15:19,836 - INFO - HTTP Request: PUT http://localhost:6333/collections/trading_results/points?wait=true "HTTP/1.1 200 OK"
2026-03-19 16:15:19,844 - INFO - HTTP Request: PUT http://localhost:6333/collections/stock_recommendations/points?wait=true "HTTP/1.1 200 OK"
2026-03-19 16:15:19,869 - INFO - HTTP Request: PUT http://localhost:6333/collections/daily_trade_strategies/points?wait=true "HTTP/1.1 200 OK"
2026-03-19 16:15:19,872 - INFO - HTTP Request: PUT http://localhost:6333/collections/trading_results/points?wait=true "HTTP/1.1 200 OK"
2026-03-19 16:15:19,879 - INFO - HTTP Request: PUT http://localhost:6333/collections/stock_recommendations/points?wait=true "HTTP/1.1 200 OK"
2026-03-19 16:15:19,906 - INFO - HTTP Request: PUT http://localhost:6333/collections/daily_trade_strategies/points?wait=true "HTTP/1.1 200 OK"
2026-03-19 16:15:19,909 - INFO - HTTP Request: PUT http://localhost:6333/collections/trading_results/points?wait=true "HTTP/1.1 200 OK"
2026-03-19 16:15:19,916 - INFO - HTTP Request: PUT http://localhost:6333/collections/stock_recommendations/points?wait=true "HTTP/1.1 200 OK"
2026-03-19 16:15:19,944 - INFO - HTTP Request: PUT http://localhost:6333/collections/daily_trade_strategies/points?wait=true "HTTP/1.1 200 OK"
2026-03-19 16:15:19,947 - INFO - HTTP Request: PUT http://localhost:6333/collections/trading_results/points?wait=true "HTTP/1.1 200 OK"
2026-03-19 16:15:19,953 - INFO - HTTP Request: PUT http://localhost:6333/collections/stock_recommendations/points?wait=true "HTTP/1.1 200 OK"
2026-03-19 16:15:19,978 - INFO - HTTP Request: PUT http://localhost:6333/collections/daily_trade_strategies/points?wait=true "HTTP/1.1 200 OK"
2026-03-19 16:15:19,981 - INFO - HTTP Request: PUT http://localhost:6333/collections/trading_results/points?wait=true "HTTP/1.1 200 OK"
2026-03-19 16:15:19,988 - INFO - HTTP Request: PUT http://localhost:6333/collections/stock_recommendations/points?wait=true "HTTP/1.1 200 OK"
2026-03-19 16:15:20,014 - INFO - HTTP Request: PUT http://localhost:6333/collections/daily_trade_strategies/points?wait=true "HTTP/1.1 200 OK"
2026-03-19 16:15:20,022 - INFO - HTTP Request: PUT http://localhost:6333/collections/trading_results/points?wait=true "HTTP/1.1 200 OK"
2026-03-19 16:15:20,030 - INFO - HTTP Request: PUT http://localhost:6333/collections/stock_recommendations/points?wait=true "HTTP/1.1 200 OK"
2026-03-19 16:15:20,074 - INFO - HTTP Request: PUT http://localhost:6333/collections/daily_trade_strategies/points?wait=true "HTTP/1.1 200 OK"
2026-03-19 16:15:20,078 - INFO - HTTP Request: PUT http://localhost:6333/collections/trading_results/points?wait=true "HTTP/1.1 200 OK"
2026-03-19 16:15:20,106 - INFO - HTTP Request: PUT http://localhost:6333/collections/stock_recommendations/points?wait=true "HTTP/1.1 200 OK"
2026-03-19 16:15:20,130 - INFO - HTTP Request: PUT http://localhost:6333/collections/daily_trade_strategies/points?wait=true "HTTP/1.1 200 OK"
2026-03-19 16:15:20,134 - INFO - HTTP Request: PUT http://localhost:6333/collections/trading_results/points?wait=true "HTTP/1.1 200 OK"
2026-03-19 16:15:20,140 - INFO - HTTP Request: PUT http://localhost:6333/collections/stock_recommendations/points?wait=true "HTTP/1.1 200 OK"
2026-03-19 16:15:20,166 - INFO - HTTP Request: PUT http://localhost:6333/collections/daily_trade_strategies/points?wait=true "HTTP/1.1 200 OK"
2026-03-19 16:15:20,169 - INFO - HTTP Request: PUT http://localhost:6333/collections/trading_results/points?wait=true "HTTP/1.1 200 OK"
2026-03-19 16:15:20,176 - INFO - HTTP Request: PUT http://localhost:6333/collections/stock_recommendations/points?wait=true "HTTP/1.1 200 OK"
2026-03-19 16:15:20,204 - INFO - HTTP Request: PUT http://localhost:6333/collections/daily_trade_strategies/points?wait=true "HTTP/1.1 200 OK"
2026-03-19 16:15:20,207 - INFO - HTTP Request: PUT http://localhost:6333/collections/trading_results/points?wait=true "HTTP/1.1 200 OK"
2026-03-19 16:15:20,214 - INFO - HTTP Request: PUT http://localhost:6333/collections/stock_recommendations/points?wait=true "HTTP/1.1 200 OK"
2026-03-19 16:15:20,245 - INFO - HTTP Request: PUT http://localhost:6333/collections/daily_trade_strategies/points?wait=true "HTTP/1.1 200 OK"
2026-03-19 16:15:20,263 - INFO - HTTP Request: PUT http://localhost:6333/collections/trading_results/points?wait=true "HTTP/1.1 200 OK"
2026-03-19 16:15:20,294 - INFO - HTTP Request: PUT http://localhost:6333/collections/stock_recommendations/points?wait=true "HTTP/1.1 200 OK"
2026-03-19 16:15:20,339 - INFO - HTTP Request: PUT http://localhost:6333/collections/daily_trade_strategies/points?wait=true "HTTP/1.1 200 OK"
2026-03-19 16:15:20,353 - INFO - HTTP Request: PUT http://localhost:6333/collections/trading_results/points?wait=true "HTTP/1.1 200 OK"
2026-03-19 16:15:20,361 - INFO - HTTP Request: PUT http://localhost:6333/collections/stock_recommendations/points?wait=true "HTTP/1.1 200 OK"
2026-03-19 16:15:20,408 - INFO - HTTP Request: PUT http://localhost:6333/collections/daily_trade_strategies/points?wait=true "HTTP/1.1 200 OK"
2026-03-19 16:15:20,412 - INFO - HTTP Request: PUT http://localhost:6333/collections/trading_results/points?wait=true "HTTP/1.1 200 OK"
2026-03-19 16:15:20,418 - INFO - HTTP Request: PUT http://localhost:6333/collections/stock_recommendations/points?wait=true "HTTP/1.1 200 OK"
2026-03-19 16:15:20,444 - INFO - HTTP Request: PUT http://localhost:6333/collections/daily_trade_strategies/points?wait=true "HTTP/1.1 200 OK"
2026-03-19 16:15:20,447 - INFO - HTTP Request: PUT http://localhost:6333/collections/trading_results/points?wait=true "HTTP/1.1 200 OK"
2026-03-19 16:15:20,467 - INFO - HTTP Request: PUT http://localhost:6333/collections/stock_recommendations/points?wait=true "HTTP/1.1 200 OK"
2026-03-19 16:15:20,492 - INFO - HTTP Request: PUT http://localhost:6333/collections/daily_trade_strategies/points?wait=true "HTTP/1.1 200 OK"
2026-03-19 16:15:20,496 - INFO - HTTP Request: PUT http://localhost:6333/collections/trading_results/points?wait=true "HTTP/1.1 200 OK"
2026-03-19 16:15:20,502 - INFO - HTTP Request: PUT http://localhost:6333/collections/stock_recommendations/points?wait=true "HTTP/1.1 200 OK"
2026-03-19 16:15:20,528 - INFO - HTTP Request: PUT http://localhost:6333/collections/daily_trade_strategies/points?wait=true "HTTP/1.1 200 OK"
2026-03-19 16:15:20,531 - INFO - HTTP Request: PUT http://localhost:6333/collections/trading_results/points?wait=true "HTTP/1.1 200 OK"
2026-03-19 16:15:20,538 - INFO - HTTP Request: PUT http://localhost:6333/collections/stock_recommendations/points?wait=true "HTTP/1.1 200 OK"
2026-03-19 16:15:20,562 - INFO - HTTP Request: PUT http://localhost:6333/collections/daily_trade_strategies/points?wait=true "HTTP/1.1 200 OK"
2026-03-19 16:15:20,566 - INFO - HTTP Request: PUT http://localhost:6333/collections/trading_results/points?wait=true "HTTP/1.1 200 OK"
2026-03-19 16:15:20,573 - INFO - HTTP Request: PUT http://localhost:6333/collections/stock_recommendations/points?wait=true "HTTP/1.1 200 OK"
2026-03-19 16:15:20,597 - INFO - HTTP Request: PUT http://localhost:6333/collections/daily_trade_strategies/points?wait=true "HTTP/1.1 200 OK"
2026-03-19 16:15:20,600 - INFO - HTTP Request: PUT http://localhost:6333/collections/trading_results/points?wait=true "HTTP/1.1 200 OK"
2026-03-19 16:15:20,607 - INFO - HTTP Request: PUT http://localhost:6333/collections/stock_recommendations/points?wait=true "HTTP/1.1 200 OK"
2026-03-19 16:15:20,652 - INFO - HTTP Request: PUT http://localhost:6333/collections/daily_trade_strategies/points?wait=true "HTTP/1.1 200 OK"
2026-03-19 16:15:20,656 - INFO - HTTP Request: PUT http://localhost:6333/collections/trading_results/points?wait=true "HTTP/1.1 200 OK"
2026-03-19 16:15:20,663 - INFO - HTTP Request: PUT http://localhost:6333/collections/stock_recommendations/points?wait=true "HTTP/1.1 200 OK"
2026-03-19 16:15:20,687 - INFO - HTTP Request: PUT http://localhost:6333/collections/daily_trade_strategies/points?wait=true "HTTP/1.1 200 OK"
2026-03-19 16:15:20,691 - INFO - HTTP Request: PUT http://localhost:6333/collections/trading_results/points?wait=true "HTTP/1.1 200 OK"
2026-03-19 16:15:20,698 - INFO - HTTP Request: PUT http://localhost:6333/collections/stock_recommendations/points?wait=true "HTTP/1.1 200 OK"
2026-03-19 16:15:20,724 - INFO - HTTP Request: PUT http://localhost:6333/collections/daily_trade_strategies/points?wait=true "HTTP/1.1 200 OK"
2026-03-19 16:15:20,727 - INFO - HTTP Request: PUT http://localhost:6333/collections/trading_results/points?wait=true "HTTP/1.1 200 OK"
2026-03-19 16:15:20,735 - INFO - HTTP Request: PUT http://localhost:6333/collections/stock_recommendations/points?wait=true "HTTP/1.1 200 OK"
2026-03-19 16:15:20,761 - INFO - HTTP Request: PUT http://localhost:6333/collections/daily_trade_strategies/points?wait=true "HTTP/1.1 200 OK"
2026-03-19 16:15:20,767 - INFO - HTTP Request: PUT http://localhost:6333/collections/trading_results/points?wait=true "HTTP/1.1 200 OK"
2026-03-19 16:15:20,792 - INFO - HTTP Request: PUT http://localhost:6333/collections/stock_recommendations/points?wait=true "HTTP/1.1 200 OK"
2026-03-19 16:15:20,841 - INFO - HTTP Request: PUT http://localhost:6333/collections/daily_trade_strategies/points?wait=true "HTTP/1.1 200 OK"
2026-03-19 16:15:20,845 - INFO - HTTP Request: PUT http://localhost:6333/collections/trading_results/points?wait=true "HTTP/1.1 200 OK"
2026-03-19 16:15:20,853 - INFO - HTTP Request: PUT http://localhost:6333/collections/stock_recommendations/points?wait=true "HTTP/1.1 200 OK"
2026-03-19 16:15:20,879 - INFO - HTTP Request: PUT http://localhost:6333/collections/daily_trade_strategies/points?wait=true "HTTP/1.1 200 OK"
2026-03-19 16:15:20,883 - INFO - HTTP Request: PUT http://localhost:6333/collections/trading_results/points?wait=true "HTTP/1.1 200 OK"
2026-03-19 16:15:20,892 - INFO - HTTP Request: PUT http://localhost:6333/collections/stock_recommendations/points?wait=true "HTTP/1.1 200 OK"
2026-03-19 16:15:20,918 - INFO - HTTP Request: PUT http://localhost:6333/collections/daily_trade_strategies/points?wait=true "HTTP/1.1 200 OK"
2026-03-19 16:15:20,922 - INFO - HTTP Request: PUT http://localhost:6333/collections/trading_results/points?wait=true "HTTP/1.1 200 OK"
2026-03-19 16:15:20,929 - INFO - HTTP Request: PUT http://localhost:6333/collections/stock_recommendations/points?wait=true "HTTP/1.1 200 OK"
2026-03-19 16:15:20,955 - INFO - HTTP Request: PUT http://localhost:6333/collections/daily_trade_strategies/points?wait=true "HTTP/1.1 200 OK"
2026-03-19 16:15:20,958 - INFO - HTTP Request: PUT http://localhost:6333/collections/trading_results/points?wait=true "HTTP/1.1 200 OK"
2026-03-19 16:15:20,965 - INFO - HTTP Request: PUT http://localhost:6333/collections/stock_recommendations/points?wait=true "HTTP/1.1 200 OK"
2026-03-19 16:15:20,992 - INFO - HTTP Request: PUT http://localhost:6333/collections/daily_trade_strategies/points?wait=true "HTTP/1.1 200 OK"
2026-03-19 16:15:20,995 - INFO - HTTP Request: PUT http://localhost:6333/collections/trading_results/points?wait=true "HTTP/1.1 200 OK"
2026-03-19 16:15:21,001 - INFO - HTTP Request: PUT http://localhost:6333/collections/stock_recommendations/points?wait=true "HTTP/1.1 200 OK"
2026-03-19 16:15:21,028 - INFO - HTTP Request: PUT http://localhost:6333/collections/daily_trade_strategies/points?wait=true "HTTP/1.1 200 OK"
2026-03-19 16:15:21,032 - INFO - HTTP Request: PUT http://localhost:6333/collections/trading_results/points?wait=true "HTTP/1.1 200 OK"
2026-03-19 16:15:21,039 - INFO - HTTP Request: PUT http://localhost:6333/collections/stock_recommendations/points?wait=true "HTTP/1.1 200 OK"
2026-03-19 16:15:21,070 - INFO - HTTP Request: PUT http://localhost:6333/collections/daily_trade_strategies/points?wait=true "HTTP/1.1 200 OK"
2026-03-19 16:15:21,075 - INFO - HTTP Request: PUT http://localhost:6333/collections/trading_results/points?wait=true "HTTP/1.1 200 OK"
2026-03-19 16:15:21,103 - INFO - HTTP Request: PUT http://localhost:6333/collections/stock_recommendations/points?wait=true "HTTP/1.1 200 OK"
2026-03-19 16:15:21,131 - INFO - HTTP Request: PUT http://localhost:6333/collections/daily_trade_strategies/points?wait=true "HTTP/1.1 200 OK"
2026-03-19 16:15:21,147 - INFO - HTTP Request: PUT http://localhost:6333/collections/trading_results/points?wait=true "HTTP/1.1 200 OK"
2026-03-19 16:15:21,180 - INFO - HTTP Request: PUT http://localhost:6333/collections/stock_recommendations/points?wait=true "HTTP/1.1 200 OK"
2026-03-19 16:15:21,208 - INFO - HTTP Request: PUT http://localhost:6333/collections/daily_trade_strategies/points?wait=true "HTTP/1.1 200 OK"
2026-03-19 16:15:21,211 - INFO - HTTP Request: PUT http://localhost:6333/collections/trading_results/points?wait=true "HTTP/1.1 200 OK"
2026-03-19 16:15:21,243 - INFO - HTTP Request: PUT http://localhost:6333/collections/stock_recommendations/points?wait=true "HTTP/1.1 200 OK"
2026-03-19 16:15:21,289 - INFO - HTTP Request: PUT http://localhost:6333/collections/daily_trade_strategies/points?wait=true "HTTP/1.1 200 OK"
2026-03-19 16:15:21,292 - INFO - HTTP Request: PUT http://localhost:6333/collections/trading_results/points?wait=true "HTTP/1.1 200 OK"
2026-03-19 16:15:21,321 - INFO - HTTP Request: PUT http://localhost:6333/collections/stock_recommendations/points?wait=true "HTTP/1.1 200 OK"
2026-03-19 16:15:21,369 - INFO - HTTP Request: PUT http://localhost:6333/collections/daily_trade_strategies/points?wait=true "HTTP/1.1 200 OK"
2026-03-19 16:15:21,373 - INFO - HTTP Request: PUT http://localhost:6333/collections/trading_results/points?wait=true "HTTP/1.1 200 OK"
2026-03-19 16:15:21,381 - INFO - HTTP Request: PUT http://localhost:6333/collections/stock_recommendations/points?wait=true "HTTP/1.1 200 OK"
2026-03-19 16:15:21,416 - INFO - HTTP Request: PUT http://localhost:6333/collections/daily_trade_strategies/points?wait=true "HTTP/1.1 200 OK"
2026-03-19 16:15:21,430 - INFO - HTTP Request: PUT http://localhost:6333/collections/trading_results/points?wait=true "HTTP/1.1 200 OK"
2026-03-19 16:15:21,437 - INFO - HTTP Request: PUT http://localhost:6333/collections/stock_recommendations/points?wait=true "HTTP/1.1 200 OK"
2026-03-19 16:15:21,463 - INFO - HTTP Request: PUT http://localhost:6333/collections/daily_trade_strategies/points?wait=true "HTTP/1.1 200 OK"
2026-03-19 16:15:21,466 - INFO - HTTP Request: PUT http://localhost:6333/collections/trading_results/points?wait=true "HTTP/1.1 200 OK"
2026-03-19 16:15:21,473 - INFO - HTTP Request: PUT http://localhost:6333/collections/stock_recommendations/points?wait=true "HTTP/1.1 200 OK"
2026-03-19 16:15:21,500 - INFO - HTTP Request: PUT http://localhost:6333/collections/daily_trade_strategies/points?wait=true "HTTP/1.1 200 OK"
2026-03-19 16:15:21,503 - INFO - HTTP Request: PUT http://localhost:6333/collections/trading_results/points?wait=true "HTTP/1.1 200 OK"
2026-03-19 16:15:21,512 - INFO - HTTP Request: PUT http://localhost:6333/collections/stock_recommendations/points?wait=true "HTTP/1.1 200 OK"
2026-03-19 16:15:21,559 - INFO - HTTP Request: PUT http://localhost:6333/collections/daily_trade_strategies/points?wait=true "HTTP/1.1 200 OK"
2026-03-19 16:15:21,562 - INFO - HTTP Request: PUT http://localhost:6333/collections/trading_results/points?wait=true "HTTP/1.1 200 OK"
2026-03-19 16:15:21,569 - INFO - HTTP Request: PUT http://localhost:6333/collections/stock_recommendations/points?wait=true "HTTP/1.1 200 OK"
2026-03-19 16:15:21,597 - INFO - HTTP Request: PUT http://localhost:6333/collections/daily_trade_strategies/points?wait=true "HTTP/1.1 200 OK"
2026-03-19 16:15:21,600 - INFO - HTTP Request: PUT http://localhost:6333/collections/trading_results/points?wait=true "HTTP/1.1 200 OK"
2026-03-19 16:15:21,607 - INFO - HTTP Request: PUT http://localhost:6333/collections/stock_recommendations/points?wait=true "HTTP/1.1 200 OK"
2026-03-19 16:15:21,634 - INFO - HTTP Request: PUT http://localhost:6333/collections/daily_trade_strategies/points?wait=true "HTTP/1.1 200 OK"
2026-03-19 16:15:21,638 - INFO - HTTP Request: PUT http://localhost:6333/collections/trading_results/points?wait=true "HTTP/1.1 200 OK"
2026-03-19 16:15:21,645 - INFO - HTTP Request: PUT http://localhost:6333/collections/stock_recommendations/points?wait=true "HTTP/1.1 200 OK"
2026-03-19 16:15:21,672 - INFO - HTTP Request: PUT http://localhost:6333/collections/daily_trade_strategies/points?wait=true "HTTP/1.1 200 OK"
2026-03-19 16:15:21,675 - INFO - HTTP Request: PUT http://localhost:6333/collections/trading_results/points?wait=true "HTTP/1.1 200 OK"
2026-03-19 16:15:21,699 - INFO - HTTP Request: PUT http://localhost:6333/collections/stock_recommendations/points?wait=true "HTTP/1.1 200 OK"
2026-03-19 16:15:21,725 - INFO - HTTP Request: PUT http://localhost:6333/collections/daily_trade_strategies/points?wait=true "HTTP/1.1 200 OK"
2026-03-19 16:15:21,728 - INFO - HTTP Request: PUT http://localhost:6333/collections/trading_results/points?wait=true "HTTP/1.1 200 OK"
2026-03-19 16:15:21,734 - INFO - HTTP Request: PUT http://localhost:6333/collections/stock_recommendations/points?wait=true "HTTP/1.1 200 OK"
2026-03-19 16:15:21,758 - INFO - HTTP Request: PUT http://localhost:6333/collections/daily_trade_strategies/points?wait=true "HTTP/1.1 200 OK"
2026-03-19 16:15:21,762 - INFO - HTTP Request: PUT http://localhost:6333/collections/trading_results/points?wait=true "HTTP/1.1 200 OK"
2026-03-19 16:15:21,767 - INFO - HTTP Request: PUT http://localhost:6333/collections/stock_recommendations/points?wait=true "HTTP/1.1 200 OK"
2026-03-19 16:15:21,794 - INFO - HTTP Request: PUT http://localhost:6333/collections/daily_trade_strategies/points?wait=true "HTTP/1.1 200 OK"
2026-03-19 16:15:21,798 - INFO - HTTP Request: PUT http://localhost:6333/collections/trading_results/points?wait=true "HTTP/1.1 200 OK"
2026-03-19 16:15:21,805 - INFO - HTTP Request: PUT http://localhost:6333/collections/stock_recommendations/points?wait=true "HTTP/1.1 200 OK"
2026-03-19 16:15:21,831 - INFO - HTTP Request: PUT http://localhost:6333/collections/daily_trade_strategies/points?wait=true "HTTP/1.1 200 OK"
2026-03-19 16:15:21,834 - INFO - HTTP Request: PUT http://localhost:6333/collections/trading_results/points?wait=true "HTTP/1.1 200 OK"
2026-03-19 16:15:21,842 - INFO - HTTP Request: PUT http://localhost:6333/collections/stock_recommendations/points?wait=true "HTTP/1.1 200 OK"
2026-03-19 16:15:21,866 - INFO - HTTP Request: PUT http://localhost:6333/collections/daily_trade_strategies/points?wait=true "HTTP/1.1 200 OK"
2026-03-19 16:15:21,869 - INFO - HTTP Request: PUT http://localhost:6333/collections/trading_results/points?wait=true "HTTP/1.1 200 OK"
2026-03-19 16:15:21,876 - INFO - HTTP Request: PUT http://localhost:6333/collections/stock_recommendations/points?wait=true "HTTP/1.1 200 OK"
2026-03-19 16:15:21,902 - INFO - HTTP Request: PUT http://localhost:6333/collections/daily_trade_strategies/points?wait=true "HTTP/1.1 200 OK"
2026-03-19 16:15:21,905 - INFO - HTTP Request: PUT http://localhost:6333/collections/trading_results/points?wait=true "HTTP/1.1 200 OK"
2026-03-19 16:15:21,911 - INFO - HTTP Request: PUT http://localhost:6333/collections/stock_recommendations/points?wait=true "HTTP/1.1 200 OK"
2026-03-19 16:15:21,939 - INFO - HTTP Request: PUT http://localhost:6333/collections/daily_trade_strategies/points?wait=true "HTTP/1.1 200 OK"
2026-03-19 16:15:21,942 - INFO - HTTP Request: PUT http://localhost:6333/collections/trading_results/points?wait=true "HTTP/1.1 200 OK"
2026-03-19 16:15:21,949 - INFO - HTTP Request: PUT http://localhost:6333/collections/stock_recommendations/points?wait=true "HTTP/1.1 200 OK"
2026-03-19 16:15:21,976 - INFO - HTTP Request: PUT http://localhost:6333/collections/daily_trade_strategies/points?wait=true "HTTP/1.1 200 OK"
2026-03-19 16:15:21,979 - INFO - HTTP Request: PUT http://localhost:6333/collections/trading_results/points?wait=true "HTTP/1.1 200 OK"
2026-03-19 16:15:21,985 - INFO - HTTP Request: PUT http://localhost:6333/collections/stock_recommendations/points?wait=true "HTTP/1.1 200 OK"
2026-03-19 16:15:22,012 - INFO - HTTP Request: PUT http://localhost:6333/collections/daily_trade_strategies/points?wait=true "HTTP/1.1 200 OK"
2026-03-19 16:15:22,018 - INFO - HTTP Request: PUT http://localhost:6333/collections/trading_results/points?wait=true "HTTP/1.1 200 OK"
2026-03-19 16:15:22,026 - INFO - HTTP Request: PUT http://localhost:6333/collections/stock_recommendations/points?wait=true "HTTP/1.1 200 OK"
2026-03-19 16:15:22,052 - INFO - HTTP Request: PUT http://localhost:6333/collections/daily_trade_strategies/points?wait=true "HTTP/1.1 200 OK"
2026-03-19 16:15:22,055 - INFO - HTTP Request: PUT http://localhost:6333/collections/trading_results/points?wait=true "HTTP/1.1 200 OK"
2026-03-19 16:15:22,061 - INFO - HTTP Request: PUT http://localhost:6333/collections/stock_recommendations/points?wait=true "HTTP/1.1 200 OK"
2026-03-19 16:15:22,088 - INFO - HTTP Request: PUT http://localhost:6333/collections/daily_trade_strategies/points?wait=true "HTTP/1.1 200 OK"
2026-03-19 16:15:22,090 - INFO - HTTP Request: PUT http://localhost:6333/collections/trading_results/points?wait=true "HTTP/1.1 200 OK"
2026-03-19 16:15:22,096 - INFO - HTTP Request: PUT http://localhost:6333/collections/stock_recommendations/points?wait=true "HTTP/1.1 200 OK"
2026-03-19 16:15:22,121 - INFO - HTTP Request: PUT http://localhost:6333/collections/daily_trade_strategies/points?wait=true "HTTP/1.1 200 OK"
2026-03-19 16:15:22,124 - INFO - HTTP Request: PUT http://localhost:6333/collections/trading_results/points?wait=true "HTTP/1.1 200 OK"
2026-03-19 16:15:22,130 - INFO - HTTP Request: PUT http://localhost:6333/collections/stock_recommendations/points?wait=true "HTTP/1.1 200 OK"
2026-03-19 16:15:22,154 - INFO - HTTP Request: PUT http://localhost:6333/collections/daily_trade_strategies/points?wait=true "HTTP/1.1 200 OK"
2026-03-19 16:15:22,157 - INFO - HTTP Request: PUT http://localhost:6333/collections/trading_results/points?wait=true "HTTP/1.1 200 OK"
2026-03-19 16:15:22,162 - INFO - HTTP Request: PUT http://localhost:6333/collections/stock_recommendations/points?wait=true "HTTP/1.1 200 OK"
2026-03-19 16:15:22,187 - INFO - HTTP Request: PUT http://localhost:6333/collections/daily_trade_strategies/points?wait=true "HTTP/1.1 200 OK"
2026-03-19 16:15:22,190 - INFO - HTTP Request: PUT http://localhost:6333/collections/trading_results/points?wait=true "HTTP/1.1 200 OK"
2026-03-19 16:15:22,196 - INFO - HTTP Request: PUT http://localhost:6333/collections/stock_recommendations/points?wait=true "HTTP/1.1 200 OK"
2026-03-19 16:15:22,222 - INFO - HTTP Request: PUT http://localhost:6333/collections/daily_trade_strategies/points?wait=true "HTTP/1.1 200 OK"
2026-03-19 16:15:22,226 - INFO - HTTP Request: PUT http://localhost:6333/collections/trading_results/points?wait=true "HTTP/1.1 200 OK"
2026-03-19 16:15:22,232 - INFO - HTTP Request: PUT http://localhost:6333/collections/stock_recommendations/points?wait=true "HTTP/1.1 200 OK"
2026-03-19 16:15:22,257 - INFO - HTTP Request: PUT http://localhost:6333/collections/daily_trade_strategies/points?wait=true "HTTP/1.1 200 OK"
2026-03-19 16:15:22,260 - INFO - HTTP Request: PUT http://localhost:6333/collections/trading_results/points?wait=true "HTTP/1.1 200 OK"
2026-03-19 16:15:22,268 - INFO - HTTP Request: PUT http://localhost:6333/collections/stock_recommendations/points?wait=true "HTTP/1.1 200 OK"
2026-03-19 16:15:22,295 - INFO - HTTP Request: PUT http://localhost:6333/collections/daily_trade_strategies/points?wait=true "HTTP/1.1 200 OK"
2026-03-19 16:15:22,302 - INFO - HTTP Request: PUT http://localhost:6333/collections/trading_results/points?wait=true "HTTP/1.1 200 OK"
2026-03-19 16:15:22,312 - INFO - HTTP Request: PUT http://localhost:6333/collections/stock_recommendations/points?wait=true "HTTP/1.1 200 OK"
2026-03-19 16:15:22,341 - INFO - HTTP Request: PUT http://localhost:6333/collections/daily_trade_strategies/points?wait=true "HTTP/1.1 200 OK"
2026-03-19 16:15:22,368 - INFO - HTTP Request: PUT http://localhost:6333/collections/trading_results/points?wait=true "HTTP/1.1 200 OK"
2026-03-19 16:15:22,386 - INFO - HTTP Request: PUT http://localhost:6333/collections/stock_recommendations/points?wait=true "HTTP/1.1 200 OK"
2026-03-19 16:15:22,432 - INFO - HTTP Request: PUT http://localhost:6333/collections/daily_trade_strategies/points?wait=true "HTTP/1.1 200 OK"
2026-03-19 16:15:22,436 - INFO - HTTP Request: PUT http://localhost:6333/collections/trading_results/points?wait=true "HTTP/1.1 200 OK"
2026-03-19 16:15:22,463 - INFO - HTTP Request: PUT http://localhost:6333/collections/stock_recommendations/points?wait=true "HTTP/1.1 200 OK"
2026-03-19 16:15:22,488 - INFO - HTTP Request: PUT http://localhost:6333/collections/daily_trade_strategies/points?wait=true "HTTP/1.1 200 OK"
2026-03-19 16:15:22,492 - INFO - HTTP Request: PUT http://localhost:6333/collections/trading_results/points?wait=true "HTTP/1.1 200 OK"
2026-03-19 16:15:22,509 - INFO - HTTP Request: PUT http://localhost:6333/collections/stock_recommendations/points?wait=true "HTTP/1.1 200 OK"
2026-03-19 16:15:22,536 - INFO - HTTP Request: PUT http://localhost:6333/collections/daily_trade_strategies/points?wait=true "HTTP/1.1 200 OK"
2026-03-19 16:15:22,539 - INFO - HTTP Request: PUT http://localhost:6333/collections/trading_results/points?wait=true "HTTP/1.1 200 OK"
2026-03-19 16:15:22,547 - INFO - HTTP Request: PUT http://localhost:6333/collections/stock_recommendations/points?wait=true "HTTP/1.1 200 OK"
2026-03-19 16:15:22,575 - INFO - HTTP Request: PUT http://localhost:6333/collections/daily_trade_strategies/points?wait=true "HTTP/1.1 200 OK"
2026-03-19 16:15:22,578 - INFO - HTTP Request: PUT http://localhost:6333/collections/trading_results/points?wait=true "HTTP/1.1 200 OK"
2026-03-19 16:15:22,584 - INFO - HTTP Request: PUT http://localhost:6333/collections/stock_recommendations/points?wait=true "HTTP/1.1 200 OK"
2026-03-19 16:15:22,611 - INFO - HTTP Request: PUT http://localhost:6333/collections/daily_trade_strategies/points?wait=true "HTTP/1.1 200 OK"
2026-03-19 16:15:22,615 - INFO - HTTP Request: PUT http://localhost:6333/collections/trading_results/points?wait=true "HTTP/1.1 200 OK"
2026-03-19 16:15:22,622 - INFO - HTTP Request: PUT http://localhost:6333/collections/stock_recommendations/points?wait=true "HTTP/1.1 200 OK"
2026-03-19 16:15:22,647 - INFO - HTTP Request: PUT http://localhost:6333/collections/daily_trade_strategies/points?wait=true "HTTP/1.1 200 OK"
2026-03-19 16:15:22,651 - INFO - HTTP Request: PUT http://localhost:6333/collections/trading_results/points?wait=true "HTTP/1.1 200 OK"
2026-03-19 16:15:22,658 - INFO - HTTP Request: PUT http://localhost:6333/collections/stock_recommendations/points?wait=true "HTTP/1.1 200 OK"
2026-03-19 16:15:22,702 - INFO - HTTP Request: PUT http://localhost:6333/collections/daily_trade_strategies/points?wait=true "HTTP/1.1 200 OK"
2026-03-19 16:15:22,705 - INFO - HTTP Request: PUT http://localhost:6333/collections/trading_results/points?wait=true "HTTP/1.1 200 OK"
2026-03-19 16:15:22,712 - INFO - HTTP Request: PUT http://localhost:6333/collections/stock_recommendations/points?wait=true "HTTP/1.1 200 OK"
2026-03-19 16:15:22,740 - INFO - HTTP Request: PUT http://localhost:6333/collections/daily_trade_strategies/points?wait=true "HTTP/1.1 200 OK"
2026-03-19 16:15:22,743 - INFO - HTTP Request: PUT http://localhost:6333/collections/trading_results/points?wait=true "HTTP/1.1 200 OK"
2026-03-19 16:15:22,749 - INFO - HTTP Request: PUT http://localhost:6333/collections/stock_recommendations/points?wait=true "HTTP/1.1 200 OK"
2026-03-19 16:15:22,774 - INFO - HTTP Request: PUT http://localhost:6333/collections/daily_trade_strategies/points?wait=true "HTTP/1.1 200 OK"
2026-03-19 16:15:22,778 - INFO - HTTP Request: PUT http://localhost:6333/collections/trading_results/points?wait=true "HTTP/1.1 200 OK"
2026-03-19 16:15:22,806 - INFO - HTTP Request: PUT http://localhost:6333/collections/stock_recommendations/points?wait=true "HTTP/1.1 200 OK"
2026-03-19 16:15:22,833 - INFO - HTTP Request: PUT http://localhost:6333/collections/daily_trade_strategies/points?wait=true "HTTP/1.1 200 OK"
2026-03-19 16:15:22,836 - INFO - HTTP Request: PUT http://localhost:6333/collections/trading_results/points?wait=true "HTTP/1.1 200 OK"
2026-03-19 16:15:22,842 - INFO - HTTP Request: PUT http://localhost:6333/collections/stock_recommendations/points?wait=true "HTTP/1.1 200 OK"
2026-03-19 16:15:22,867 - INFO - HTTP Request: PUT http://localhost:6333/collections/daily_trade_strategies/points?wait=true "HTTP/1.1 200 OK"
2026-03-19 16:15:22,871 - INFO - HTTP Request: PUT http://localhost:6333/collections/trading_results/points?wait=true "HTTP/1.1 200 OK"
2026-03-19 16:15:22,878 - INFO - HTTP Request: PUT http://localhost:6333/collections/stock_recommendations/points?wait=true "HTTP/1.1 200 OK"
2026-03-19 16:15:22,915 - INFO - HTTP Request: PUT http://localhost:6333/collections/daily_trade_strategies/points?wait=true "HTTP/1.1 200 OK"
2026-03-19 16:15:22,918 - INFO - HTTP Request: PUT http://localhost:6333/collections/trading_results/points?wait=true "HTTP/1.1 200 OK"
2026-03-19 16:15:22,925 - INFO - HTTP Request: PUT http://localhost:6333/collections/stock_recommendations/points?wait=true "HTTP/1.1 200 OK"
2026-03-19 16:15:22,951 - INFO - HTTP Request: PUT http://localhost:6333/collections/daily_trade_strategies/points?wait=true "HTTP/1.1 200 OK"
2026-03-19 16:15:22,954 - INFO - HTTP Request: PUT http://localhost:6333/collections/trading_results/points?wait=true "HTTP/1.1 200 OK"
2026-03-19 16:15:22,961 - INFO - HTTP Request: PUT http://localhost:6333/collections/stock_recommendations/points?wait=true "HTTP/1.1 200 OK"
2026-03-19 16:15:22,987 - INFO - HTTP Request: PUT http://localhost:6333/collections/daily_trade_strategies/points?wait=true "HTTP/1.1 200 OK"
2026-03-19 16:15:22,990 - INFO - HTTP Request: PUT http://localhost:6333/collections/trading_results/points?wait=true "HTTP/1.1 200 OK"
2026-03-19 16:15:22,996 - INFO - HTTP Request: PUT http://localhost:6333/collections/stock_recommendations/points?wait=true "HTTP/1.1 200 OK"
2026-03-19 16:15:23,022 - INFO - HTTP Request: PUT http://localhost:6333/collections/daily_trade_strategies/points?wait=true "HTTP/1.1 200 OK"
2026-03-19 16:15:23,026 - INFO - HTTP Request: PUT http://localhost:6333/collections/trading_results/points?wait=true "HTTP/1.1 200 OK"
2026-03-19 16:15:23,033 - INFO - HTTP Request: PUT http://localhost:6333/collections/stock_recommendations/points?wait=true "HTTP/1.1 200 OK"
2026-03-19 16:15:23,059 - INFO - HTTP Request: PUT http://localhost:6333/collections/daily_trade_strategies/points?wait=true "HTTP/1.1 200 OK"
2026-03-19 16:15:23,063 - INFO - HTTP Request: PUT http://localhost:6333/collections/trading_results/points?wait=true "HTTP/1.1 200 OK"
2026-03-19 16:15:23,069 - INFO - HTTP Request: PUT http://localhost:6333/collections/stock_recommendations/points?wait=true "HTTP/1.1 200 OK"
2026-03-19 16:15:23,094 - INFO - HTTP Request: PUT http://localhost:6333/collections/daily_trade_strategies/points?wait=true "HTTP/1.1 200 OK"
2026-03-19 16:15:23,098 - INFO - HTTP Request: PUT http://localhost:6333/collections/trading_results/points?wait=true "HTTP/1.1 200 OK"
2026-03-19 16:15:23,104 - INFO - HTTP Request: PUT http://localhost:6333/collections/stock_recommendations/points?wait=true "HTTP/1.1 200 OK"
2026-03-19 16:15:23,130 - INFO - HTTP Request: PUT http://localhost:6333/collections/daily_trade_strategies/points?wait=true "HTTP/1.1 200 OK"
2026-03-19 16:15:23,133 - INFO - HTTP Request: PUT http://localhost:6333/collections/trading_results/points?wait=true "HTTP/1.1 200 OK"
2026-03-19 16:15:23,141 - INFO - HTTP Request: PUT http://localhost:6333/collections/stock_recommendations/points?wait=true "HTTP/1.1 200 OK"
2026-03-19 16:15:23,166 - INFO - HTTP Request: PUT http://localhost:6333/collections/daily_trade_strategies/points?wait=true "HTTP/1.1 200 OK"
2026-03-19 16:15:23,170 - INFO - HTTP Request: PUT http://localhost:6333/collections/trading_results/points?wait=true "HTTP/1.1 200 OK"
2026-03-19 16:15:23,177 - INFO - HTTP Request: PUT http://localhost:6333/collections/stock_recommendations/points?wait=true "HTTP/1.1 200 OK"
2026-03-19 16:15:23,203 - INFO - HTTP Request: PUT http://localhost:6333/collections/daily_trade_strategies/points?wait=true "HTTP/1.1 200 OK"
2026-03-19 16:15:23,206 - INFO - HTTP Request: PUT http://localhost:6333/collections/trading_results/points?wait=true "HTTP/1.1 200 OK"
2026-03-19 16:15:23,213 - INFO - HTTP Request: PUT http://localhost:6333/collections/stock_recommendations/points?wait=true "HTTP/1.1 200 OK"
2026-03-19 16:15:23,239 - INFO - HTTP Request: PUT http://localhost:6333/collections/daily_trade_strategies/points?wait=true "HTTP/1.1 200 OK"
2026-03-19 16:15:23,243 - INFO - HTTP Request: PUT http://localhost:6333/collections/trading_results/points?wait=true "HTTP/1.1 200 OK"
2026-03-19 16:15:23,254 - INFO - HTTP Request: PUT http://localhost:6333/collections/stock_recommendations/points?wait=true "HTTP/1.1 200 OK"
2026-03-19 16:15:23,284 - INFO - HTTP Request: PUT http://localhost:6333/collections/daily_trade_strategies/points?wait=true "HTTP/1.1 200 OK"
2026-03-19 16:15:23,305 - INFO - HTTP Request: PUT http://localhost:6333/collections/trading_results/points?wait=true "HTTP/1.1 200 OK"
2026-03-19 16:15:23,323 - INFO - HTTP Request: PUT http://localhost:6333/collections/stock_recommendations/points?wait=true "HTTP/1.1 200 OK"
2026-03-19 16:15:23,371 - INFO - HTTP Request: PUT http://localhost:6333/collections/daily_trade_strategies/points?wait=true "HTTP/1.1 200 OK"
2026-03-19 16:15:23,375 - INFO - HTTP Request: PUT http://localhost:6333/collections/trading_results/points?wait=true "HTTP/1.1 200 OK"
2026-03-19 16:15:23,383 - INFO - HTTP Request: PUT http://localhost:6333/collections/stock_recommendations/points?wait=true "HTTP/1.1 200 OK"
2026-03-19 16:15:23,409 - INFO - HTTP Request: PUT http://localhost:6333/collections/daily_trade_strategies/points?wait=true "HTTP/1.1 200 OK"
2026-03-19 16:15:23,413 - INFO - HTTP Request: PUT http://localhost:6333/collections/trading_results/points?wait=true "HTTP/1.1 200 OK"
2026-03-19 16:15:23,421 - INFO - HTTP Request: PUT http://localhost:6333/collections/stock_recommendations/points?wait=true "HTTP/1.1 200 OK"
2026-03-19 16:15:23,447 - INFO - HTTP Request: PUT http://localhost:6333/collections/daily_trade_strategies/points?wait=true "HTTP/1.1 200 OK"
2026-03-19 16:15:23,450 - INFO - HTTP Request: PUT http://localhost:6333/collections/trading_results/points?wait=true "HTTP/1.1 200 OK"
2026-03-19 16:15:23,457 - INFO - HTTP Request: PUT http://localhost:6333/collections/stock_recommendations/points?wait=true "HTTP/1.1 200 OK"
2026-03-19 16:15:23,483 - INFO - HTTP Request: PUT http://localhost:6333/collections/daily_trade_strategies/points?wait=true "HTTP/1.1 200 OK"
2026-03-19 16:15:23,486 - INFO - HTTP Request: PUT http://localhost:6333/collections/trading_results/points?wait=true "HTTP/1.1 200 OK"
2026-03-19 16:15:23,512 - INFO - HTTP Request: PUT http://localhost:6333/collections/stock_recommendations/points?wait=true "HTTP/1.1 200 OK"
2026-03-19 16:15:23,539 - INFO - HTTP Request: PUT http://localhost:6333/collections/daily_trade_strategies/points?wait=true "HTTP/1.1 200 OK"
2026-03-19 16:15:23,543 - INFO - HTTP Request: PUT http://localhost:6333/collections/trading_results/points?wait=true "HTTP/1.1 200 OK"
2026-03-19 16:15:23,549 - INFO - HTTP Request: PUT http://localhost:6333/collections/stock_recommendations/points?wait=true "HTTP/1.1 200 OK"
2026-03-19 16:15:23,576 - INFO - HTTP Request: PUT http://localhost:6333/collections/daily_trade_strategies/points?wait=true "HTTP/1.1 200 OK"
2026-03-19 16:15:23,579 - INFO - HTTP Request: PUT http://localhost:6333/collections/trading_results/points?wait=true "HTTP/1.1 200 OK"
2026-03-19 16:15:23,586 - INFO - HTTP Request: PUT http://localhost:6333/collections/stock_recommendations/points?wait=true "HTTP/1.1 200 OK"
2026-03-19 16:15:23,611 - INFO - HTTP Request: PUT http://localhost:6333/collections/daily_trade_strategies/points?wait=true "HTTP/1.1 200 OK"
2026-03-19 16:15:23,614 - INFO - HTTP Request: PUT http://localhost:6333/collections/trading_results/points?wait=true "HTTP/1.1 200 OK"
2026-03-19 16:15:23,622 - INFO - HTTP Request: PUT http://localhost:6333/collections/stock_recommendations/points?wait=true "HTTP/1.1 200 OK"
2026-03-19 16:15:23,671 - INFO - HTTP Request: PUT http://localhost:6333/collections/daily_trade_strategies/points?wait=true "HTTP/1.1 200 OK"
2026-03-19 16:15:23,676 - INFO - HTTP Request: PUT http://localhost:6333/collections/trading_results/points?wait=true "HTTP/1.1 200 OK"
2026-03-19 16:15:23,683 - INFO - HTTP Request: PUT http://localhost:6333/collections/stock_recommendations/points?wait=true "HTTP/1.1 200 OK"
2026-03-19 16:15:23,710 - INFO - HTTP Request: PUT http://localhost:6333/collections/daily_trade_strategies/points?wait=true "HTTP/1.1 200 OK"
2026-03-19 16:15:23,713 - INFO - HTTP Request: PUT http://localhost:6333/collections/trading_results/points?wait=true "HTTP/1.1 200 OK"
2026-03-19 16:15:23,721 - INFO - HTTP Request: PUT http://localhost:6333/collections/stock_recommendations/points?wait=true "HTTP/1.1 200 OK"
2026-03-19 16:15:23,748 - INFO - HTTP Request: PUT http://localhost:6333/collections/daily_trade_strategies/points?wait=true "HTTP/1.1 200 OK"
2026-03-19 16:15:23,751 - INFO - HTTP Request: PUT http://localhost:6333/collections/trading_results/points?wait=true "HTTP/1.1 200 OK"
2026-03-19 16:15:23,758 - INFO - HTTP Request: PUT http://localhost:6333/collections/stock_recommendations/points?wait=true "HTTP/1.1 200 OK"
2026-03-19 16:15:23,784 - INFO - HTTP Request: PUT http://localhost:6333/collections/daily_trade_strategies/points?wait=true "HTTP/1.1 200 OK"
2026-03-19 16:15:23,788 - INFO - HTTP Request: PUT http://localhost:6333/collections/trading_results/points?wait=true "HTTP/1.1 200 OK"
2026-03-19 16:15:23,795 - INFO - HTTP Request: PUT http://localhost:6333/collections/stock_recommendations/points?wait=true "HTTP/1.1 200 OK"
2026-03-19 16:15:23,822 - INFO - HTTP Request: PUT http://localhost:6333/collections/daily_trade_strategies/points?wait=true "HTTP/1.1 200 OK"
2026-03-19 16:15:23,828 - INFO - HTTP Request: PUT http://localhost:6333/collections/trading_results/points?wait=true "HTTP/1.1 200 OK"
2026-03-19 16:15:23,836 - INFO - HTTP Request: PUT http://localhost:6333/collections/stock_recommendations/points?wait=true "HTTP/1.1 200 OK"
2026-03-19 16:15:23,862 - INFO - HTTP Request: PUT http://localhost:6333/collections/daily_trade_strategies/points?wait=true "HTTP/1.1 200 OK"
2026-03-19 16:15:23,865 - INFO - HTTP Request: PUT http://localhost:6333/collections/trading_results/points?wait=true "HTTP/1.1 200 OK"
2026-03-19 16:15:23,890 - INFO - HTTP Request: PUT http://localhost:6333/collections/stock_recommendations/points?wait=true "HTTP/1.1 200 OK"
2026-03-19 16:15:23,916 - INFO - HTTP Request: PUT http://localhost:6333/collections/daily_trade_strategies/points?wait=true "HTTP/1.1 200 OK"
2026-03-19 16:15:23,919 - INFO - HTTP Request: PUT http://localhost:6333/collections/trading_results/points?wait=true "HTTP/1.1 200 OK"
2026-03-19 16:15:23,920 - INFO - Uploaded 15380 recommendation points.
2026-03-19 16:15:23,920 - INFO - Uploaded 215 trading result points.
2026-03-19 16:15:23,920 - INFO - Uploaded 215 strategy points.
2026-03-19 16:15:23,923 - INFO - HTTP Request: PUT http://localhost:6333/collections/performance_metrics/points?wait=true "HTTP/1.1 200 OK"
2026-03-19 16:15:23,923 - INFO - Uploaded performance snapshot.
2026-03-19 16:15:23,925 - INFO - Progress updated: 215 days | last: 2026-03-17
2026-03-19 16:15:23,925 - INFO - ============================================================
2026-03-19 16:15:23,925 - INFO - DONE — 2026 paper trading complete
2026-03-19 16:15:23,925 - INFO -   2026 predictions : C:\Users\luixj\AI\stock-data\data\processed\phase4\predictions_2026.parquet
2026-03-19 16:15:23,925 - INFO -   Combined preds   : C:\Users\luixj\AI\stock-data\data\processed\phase4\predictions_combined.parquet
2026-03-19 16:15:23,925 - INFO -   Daily results    : C:\Users\luixj\AI\stock-data\data\processed\phase4\phase4_paper_trading_daily.parquet
2026-03-19 16:15:23,925 - INFO -   Summary          : C:\Users\luixj\AI\stock-data\data\processed\phase4\phase4_paper_trading_summary.json
2026-03-19 16:15:23,925 - INFO - ============================================================
2026-03-19 16:15:24,424 - INFO - Prediction refresh completed successfully.
2026-03-19 16:15:24,470 - INFO - No new historical dates available. Last processed: 2026-03-17 | Tradable range: 2025-04-01 to 2026-03-17
2026-03-19 16:15:24,470 - WARNING - Predictions look stale. Refresh with:
2026-03-19 16:15:24,471 - WARNING -   python scripts/paper_trading/run_2026_paper_trading.py --sim-start 2026-03-18 --sim-end auto
2026-03-19 16:15:24,471 - INFO - No action taken today because there is no new historical date to process.
2026-03-19 16:15:24,493 - INFO - Scheduler run completed with no trade: no tradable historical date after last_processed=2026-03-17 (stale predictions (max tradable 2026-03-17 < 2026-03-18)).
2026-03-19 16:15:24,493 - INFO - ============================================================
2026-03-19 16:15:24,493 - INFO - DAILY AUTOMATION COMPLETE (NO NEW DATA)
2026-03-19 16:15:24,493 - INFO - ============================================================
2026-03-19 16:15:24,493 - INFO - Automation completed successfully!
