2026-04-02 19:56:21,752 - INFO - Starting automated daily paper trading...
2026-04-02 19:56:22,481 - WARNING - Docker Desktop is not running, starting it...
2026-04-02 19:56:22,484 - INFO - Launched Docker Desktop from C:\Program Files\Docker\Docker\Docker Desktop.exe
2026-04-02 19:56:31,936 - INFO - Docker daemon ready after 5 seconds
2026-04-02 19:56:32,463 - WARNING - Qdrant is not reachable, checking Docker container...
2026-04-02 19:56:32,772 - INFO - Found existing Qdrant container 'qdrant' (Up 1 second elegant_borg Exited (255) 4 weeks ago)
2026-04-02 19:56:35,781 - INFO - Qdrant ready after 3 seconds
2026-04-02 19:56:36,212 - INFO - HTTP Request: GET http://localhost:6333 "HTTP/1.1 200 OK"
2026-04-02 19:56:36,217 - INFO - Setting up Qdrant collections...
2026-04-02 19:56:36,236 - INFO - HTTP Request: GET http://localhost:6333/collections/stock_recommendations "HTTP/1.1 200 OK"
2026-04-02 19:56:36,237 - INFO - Collection 'stock_recommendations' already exists
2026-04-02 19:56:36,240 - INFO - HTTP Request: GET http://localhost:6333/collections/trading_results "HTTP/1.1 200 OK"
2026-04-02 19:56:36,240 - INFO - Collection 'trading_results' already exists
2026-04-02 19:56:36,242 - INFO - HTTP Request: GET http://localhost:6333/collections/performance_metrics "HTTP/1.1 200 OK"
2026-04-02 19:56:36,243 - INFO - Collection 'performance_metrics' already exists
2026-04-02 19:56:36,243 - INFO - ============================================================
2026-04-02 19:56:36,243 - INFO - AUTOMATED DAILY PAPER TRADING
2026-04-02 19:56:36,243 - INFO - ============================================================
2026-04-02 19:56:36,243 - INFO - Calendar Date: 2026-04-02
2026-04-02 19:56:36,243 - INFO - Predictions source: data\processed\phase4\predictions_combined.parquet
2026-04-02 19:56:36,759 - INFO - No new historical dates available. Last processed: 2026-03-20 | Tradable range: 2025-04-01 to 2026-03-20
2026-04-02 19:56:36,759 - WARNING - Predictions look stale. Refresh with:
2026-04-02 19:56:36,760 - WARNING -   python scripts/paper_trading/run_2026_paper_trading.py --sim-start 2026-03-21 --sim-end auto
2026-04-02 19:56:36,783 - WARNING - Predictions are stale (max tradable 2026-03-20, expected >= 2026-04-01). Auto-refreshing...
2026-04-02 19:56:36,783 - INFO - Refresh command: C:\Users\luixj\AI\stock-data\venv\Scripts\python.exe scripts/paper_trading/run_2026_paper_trading.py --sim-start 2026-03-21 --sim-end auto
2026-04-02 19:56:41,877 - INFO - ============================================================
2026-04-02 19:56:41,877 - INFO - 2026 PAPER TRADING — LIVE DATA
2026-04-02 19:56:41,877 - INFO -   2026 sim range : 2026-03-21 -> 2026-04-01
2026-04-02 19:56:41,877 - INFO -   Full range     : 2025-04-01 -> 2026-04-01
2026-04-02 19:56:41,877 - INFO -   YF download    : 2025-09-01 -> 2026-04-03
2026-04-02 19:56:41,877 - INFO -   Device         : cuda
2026-04-02 19:56:41,877 - INFO - ============================================================
2026-04-02 19:56:41,878 - INFO - Loading ticker universe from phase1_predictions.parquet
2026-04-02 19:56:43,464 - INFO - Ticker universe: 189 stocks
2026-04-02 19:56:43,478 - INFO - OHLCV cache is stale (max date 2026-03-23 < SIM_END 2026-04-01) — re-downloading
2026-04-02 19:56:43,478 - INFO - ============================================================
2026-04-02 19:56:43,478 - INFO - STEP 1: Downloading OHLCV data
2026-04-02 19:56:43,478 - INFO -   Range  : 2025-09-01 -> 2026-04-03
2026-04-02 19:56:43,478 - INFO -   Tickers: 189
2026-04-02 19:56:43,478 - INFO - ============================================================
2026-04-02 19:56:46,685 - INFO -   Progress: 20/189 tickers downloaded
2026-04-02 19:56:50,040 - INFO -   Progress: 40/189 tickers downloaded
2026-04-02 19:56:53,186 - INFO -   Progress: 60/189 tickers downloaded
2026-04-02 19:56:56,971 - INFO -   Progress: 80/189 tickers downloaded
2026-04-02 19:57:00,209 - INFO -   Progress: 100/189 tickers downloaded
2026-04-02 19:57:03,368 - ERROR - $MMC: possibly delisted; no price data found  (1d 2025-09-01 -> 2026-04-03) (Yahoo error = "No data found, symbol may be delisted")
2026-04-02 19:57:03,376 - ERROR - 
1 Failed download:
2026-04-02 19:57:03,376 - ERROR - ['MMC']: possibly delisted; no price data found  (1d 2025-09-01 -> 2026-04-03) (Yahoo error = "No data found, symbol may be delisted")
2026-04-02 19:57:03,378 - WARNING -   No data for MMC
2026-04-02 19:57:03,640 - INFO -   Progress: 120/189 tickers downloaded
2026-04-02 19:57:07,014 - INFO -   Progress: 140/189 tickers downloaded
2026-04-02 19:57:10,270 - INFO -   Progress: 160/189 tickers downloaded
2026-04-02 19:57:14,094 - INFO -   Progress: 180/189 tickers downloaded
2026-04-02 19:57:16,259 - WARNING - Failed tickers (1): ['MMC']...
2026-04-02 19:57:16,269 - INFO - Downloaded 27824 rows | 188 tickers | 2025-09-02 -> 2026-04-02
2026-04-02 19:57:16,285 - INFO - OHLCV data cached to C:\Users\luixj\AI\stock-data\data\processed\phase4\ohlcv_2026_cache.parquet
2026-04-02 19:57:16,287 - INFO - ============================================================
2026-04-02 19:57:16,287 - INFO - STEP 2: Computing 14 core features
2026-04-02 19:57:16,287 - INFO - ============================================================
2026-04-02 19:57:16,314 - INFO - Calculating 14 core features (leakage-safe)...
2026-04-02 19:57:16,566 - INFO - Core features calculated:
2026-04-02 19:57:16,567 - INFO -   Returns: ret_1d, ret_5d, ret_20d
2026-04-02 19:57:16,567 - INFO -   Volatility: vol_10d, vol_20d
2026-04-02 19:57:16,567 - INFO -   Price: hl_range, oc_gap
2026-04-02 19:57:16,567 - INFO -   Trend: sma_10_dist, sma_20_dist
2026-04-02 19:57:16,567 - INFO -   Volume: log_volume, volume_change
2026-04-02 19:57:16,567 - INFO -   Market: market_return, vs_market, market_correlation
2026-04-02 19:57:16,567 - INFO -   Total: 14 features
2026-04-02 19:57:16,567 - INFO - Features: 27824 rows, 188 tickers
2026-04-02 19:57:16,567 - INFO - ============================================================
2026-04-02 19:57:16,567 - INFO - STEP 3: Loading model from C:\Users\luixj\AI\stock-data\models\checkpoints\lstm_phase2a_temp0.05_best.pth
2026-04-02 19:57:16,567 - INFO - ============================================================
2026-04-02 19:57:16,682 - INFO - Model loaded (strict=True)
2026-04-02 19:57:16,724 - INFO - Model ready on cuda
2026-04-02 19:57:16,725 - INFO - ============================================================
2026-04-02 19:57:16,725 - INFO - STEP 4: Generating predictions 2026-03-21 -> 2026-04-01
2026-04-02 19:57:16,725 - INFO - ============================================================
2026-04-02 19:57:16,731 - INFO - Trading days in simulation range: 8
2026-04-02 19:57:17,667 - INFO -   2026-03-23: 188 predictions generated
2026-04-02 19:57:18,354 - INFO -   2026-03-24: 188 predictions generated
2026-04-02 19:57:18,901 - INFO -   2026-03-25: 188 predictions generated
2026-04-02 19:57:19,436 - INFO -   2026-03-26: 188 predictions generated
2026-04-02 19:57:19,920 - INFO -   2026-03-27: 188 predictions generated
2026-04-02 19:57:20,390 - INFO -   2026-03-30: 188 predictions generated
2026-04-02 19:57:20,851 - INFO -   2026-03-31: 188 predictions generated
2026-04-02 19:57:21,315 - INFO -   2026-04-01: 188 predictions generated
2026-04-02 19:57:21,316 - INFO - Total: 1504 predictions | 8 days | 188 tickers
2026-04-02 19:57:21,329 - INFO - Loaded existing 2026 predictions for merge: 5665 rows | 30 dates
2026-04-02 19:57:21,342 - INFO - Saved 2026 predictions: C:\Users\luixj\AI\stock-data\data\processed\phase4\predictions_2026.parquet (7169 rows | 38 dates | 2026-02-06 -> 2026-04-01)
2026-04-02 19:57:21,342 - INFO - ============================================================
2026-04-02 19:57:21,342 - INFO - STEP 5: Combining 2025 + 2026 predictions and simulating
2026-04-02 19:57:21,342 - INFO - ============================================================
2026-04-02 19:57:21,490 - INFO - Combined: 42701 rows | 226 dates | 189 tickers
2026-04-02 19:57:21,492 - INFO -   Date range: 2025-04-01 -> 2026-04-01
2026-04-02 19:57:21,492 - INFO -   Saved to: C:\Users\luixj\AI\stock-data\data\processed\phase4\predictions_combined.parquet
2026-04-02 19:57:21,493 - INFO - Running simulation 2025-04-01 -> 2026-04-01 ...
2026-04-02 19:57:21,493 - INFO - Loading predictions from C:\Users\luixj\AI\stock-data\data\processed\phase4\predictions_combined.parquet
2026-04-02 19:57:21,517 - INFO - Running paper trading simulation for 226 days
2026-04-02 19:57:21,517 - INFO - Date range: 2025-04-01 to 2026-04-01
2026-04-02 19:57:21,517 - INFO - 
============================================================
2026-04-02 19:57:21,517 - INFO - Running paper trading for 2025-04-01
2026-04-02 19:57:21,517 - INFO - ============================================================
2026-04-02 19:57:21,518 - INFO - Portfolio construction: 38 longs, 15 shorts (from 38 candidates)
2026-04-02 19:57:21,518 - INFO - PnL Net: 0.0027 | Scaled: 0.0027 | Turnover: 100.00% | Vol Scale: 1.00
2026-04-02 19:57:21,518 - INFO - 
============================================================
2026-04-02 19:57:21,518 - INFO - Running paper trading for 2025-04-02
2026-04-02 19:57:21,518 - INFO - ============================================================
2026-04-02 19:57:21,519 - INFO - Portfolio construction: 38 longs, 38 shorts (from 38 candidates)
2026-04-02 19:57:21,519 - INFO - PnL Net: -0.0234 | Scaled: -0.0234 | Turnover: 16.46% | Vol Scale: 1.00
2026-04-02 19:57:21,519 - INFO - 
============================================================
2026-04-02 19:57:21,519 - INFO - Running paper trading for 2025-04-03
2026-04-02 19:57:21,519 - INFO - ============================================================
2026-04-02 19:57:21,520 - INFO - Portfolio construction: 38 longs, 38 shorts (from 38 candidates)
2026-04-02 19:57:21,520 - INFO - PnL Net: -0.0208 | Scaled: -0.0208 | Turnover: 20.14% | Vol Scale: 1.00
2026-04-02 19:57:21,520 - INFO - 
============================================================
2026-04-02 19:57:21,520 - INFO - Running paper trading for 2025-04-04
2026-04-02 19:57:21,520 - INFO - ============================================================
2026-04-02 19:57:21,522 - INFO - Portfolio construction: 38 longs, 38 shorts (from 38 candidates)
2026-04-02 19:57:21,522 - INFO - PnL Net: -0.0002 | Scaled: -0.0002 | Turnover: 27.43% | Vol Scale: 1.00
2026-04-02 19:57:21,522 - INFO - 
============================================================
2026-04-02 19:57:21,522 - INFO - Running paper trading for 2025-04-07
2026-04-02 19:57:21,522 - INFO - ============================================================
2026-04-02 19:57:21,523 - INFO - Portfolio construction: 38 longs, 38 shorts (from 38 candidates)
2026-04-02 19:57:21,524 - INFO - PnL Net: -0.0028 | Scaled: -0.0028 | Turnover: 21.14% | Vol Scale: 1.00
2026-04-02 19:57:21,524 - INFO - 
============================================================
2026-04-02 19:57:21,524 - INFO - Running paper trading for 2025-04-08
2026-04-02 19:57:21,524 - INFO - ============================================================
2026-04-02 19:57:21,525 - INFO - Portfolio construction: 38 longs, 38 shorts (from 38 candidates)
2026-04-02 19:57:21,525 - INFO - PnL Net: 0.0243 | Scaled: 0.0243 | Turnover: 21.60% | Vol Scale: 1.00
2026-04-02 19:57:21,525 - INFO - 
============================================================
2026-04-02 19:57:21,525 - INFO - Running paper trading for 2025-04-09
2026-04-02 19:57:21,525 - INFO - ============================================================
2026-04-02 19:57:21,526 - INFO - Portfolio construction: 38 longs, 1 shorts (from 38 candidates)
2026-04-02 19:57:21,526 - INFO - PnL Net: -0.0107 | Scaled: -0.0107 | Turnover: 20.86% | Vol Scale: 1.00
2026-04-02 19:57:21,526 - INFO - 
============================================================
2026-04-02 19:57:21,526 - INFO - Running paper trading for 2025-04-10
2026-04-02 19:57:21,526 - INFO - ============================================================
2026-04-02 19:57:21,527 - INFO - Portfolio construction: 38 longs, 38 shorts (from 38 candidates)
2026-04-02 19:57:21,527 - INFO - PnL Net: 0.0049 | Scaled: 0.0049 | Turnover: 22.53% | Vol Scale: 1.00
2026-04-02 19:57:21,527 - INFO - 
============================================================
2026-04-02 19:57:21,528 - INFO - Running paper trading for 2025-04-11
2026-04-02 19:57:21,528 - INFO - ============================================================
2026-04-02 19:57:21,528 - INFO - Portfolio construction: 38 longs, 1 shorts (from 38 candidates)
2026-04-02 19:57:21,528 - INFO - PnL Net: 0.0038 | Scaled: 0.0038 | Turnover: 20.79% | Vol Scale: 1.00
2026-04-02 19:57:21,528 - INFO - 
============================================================
2026-04-02 19:57:21,528 - INFO - Running paper trading for 2025-04-14
2026-04-02 19:57:21,528 - INFO - ============================================================
2026-04-02 19:57:21,529 - INFO - Portfolio construction: 38 longs, 38 shorts (from 38 candidates)
2026-04-02 19:57:21,530 - INFO - Vol targeting: rolling_vol=0.2061, scale=0.5000
2026-04-02 19:57:21,530 - INFO - PnL Net: -0.0018 | Scaled: -0.0009 | Turnover: 21.69% | Vol Scale: 0.50
2026-04-02 19:57:21,530 - INFO - 
============================================================
2026-04-02 19:57:21,530 - INFO - Running paper trading for 2025-04-15
2026-04-02 19:57:21,530 - INFO - ============================================================
2026-04-02 19:57:21,531 - INFO - Portfolio construction: 38 longs, 38 shorts (from 38 candidates)
2026-04-02 19:57:21,531 - INFO - Vol targeting: rolling_vol=0.1968, scale=0.5000
2026-04-02 19:57:21,531 - INFO - PnL Net: -0.0047 | Scaled: -0.0023 | Turnover: 21.09% | Vol Scale: 0.50
2026-04-02 19:57:21,531 - INFO - 
============================================================
2026-04-02 19:57:21,531 - INFO - Running paper trading for 2025-04-16
2026-04-02 19:57:21,531 - INFO - ============================================================
2026-04-02 19:57:21,532 - INFO - Portfolio construction: 38 longs, 38 shorts (from 38 candidates)
2026-04-02 19:57:21,532 - INFO - Vol targeting: rolling_vol=0.1890, scale=0.5000
2026-04-02 19:57:21,532 - INFO - PnL Net: 0.0008 | Scaled: 0.0004 | Turnover: 21.09% | Vol Scale: 0.50
2026-04-02 19:57:21,532 - INFO - 
============================================================
2026-04-02 19:57:21,533 - INFO - Running paper trading for 2025-04-17
2026-04-02 19:57:21,533 - INFO - ============================================================
2026-04-02 19:57:21,533 - INFO - Portfolio construction: 38 longs, 38 shorts (from 38 candidates)
2026-04-02 19:57:21,534 - INFO - Vol targeting: rolling_vol=0.1826, scale=0.5000
2026-04-02 19:57:21,534 - INFO - PnL Net: -0.0068 | Scaled: -0.0034 | Turnover: 18.47% | Vol Scale: 0.50
2026-04-02 19:57:21,534 - INFO - 
============================================================
2026-04-02 19:57:21,534 - INFO - Running paper trading for 2025-04-21
2026-04-02 19:57:21,534 - INFO - ============================================================
2026-04-02 19:57:21,535 - INFO - Portfolio construction: 38 longs, 6 shorts (from 38 candidates)
2026-04-02 19:57:21,535 - INFO - Vol targeting: rolling_vol=0.1822, scale=0.5000
2026-04-02 19:57:21,535 - INFO - PnL Net: 0.0089 | Scaled: 0.0045 | Turnover: 17.46% | Vol Scale: 0.50
2026-04-02 19:57:21,535 - INFO - 
============================================================
2026-04-02 19:57:21,535 - INFO - Running paper trading for 2025-04-22
2026-04-02 19:57:21,535 - INFO - ============================================================
2026-04-02 19:57:21,536 - INFO - Portfolio construction: 38 longs, 38 shorts (from 38 candidates)
2026-04-02 19:57:21,537 - INFO - Vol targeting: rolling_vol=0.1783, scale=0.5000
2026-04-02 19:57:21,537 - INFO - PnL Net: 0.0053 | Scaled: 0.0027 | Turnover: 18.72% | Vol Scale: 0.50
2026-04-02 19:57:21,537 - INFO - 
============================================================
2026-04-02 19:57:21,537 - INFO - Running paper trading for 2025-04-23
2026-04-02 19:57:21,537 - INFO - ============================================================
2026-04-02 19:57:21,538 - INFO - Portfolio construction: 38 longs, 5 shorts (from 38 candidates)
2026-04-02 19:57:21,538 - INFO - Vol targeting: rolling_vol=0.1782, scale=0.5000
2026-04-02 19:57:21,539 - INFO - PnL Net: 0.0102 | Scaled: 0.0051 | Turnover: 20.73% | Vol Scale: 0.50
2026-04-02 19:57:21,539 - INFO - 
============================================================
2026-04-02 19:57:21,539 - INFO - Running paper trading for 2025-04-24
2026-04-02 19:57:21,539 - INFO - ============================================================
2026-04-02 19:57:21,540 - INFO - Portfolio construction: 38 longs, 38 shorts (from 38 candidates)
2026-04-02 19:57:21,540 - INFO - Vol targeting: rolling_vol=0.1730, scale=0.5000
2026-04-02 19:57:21,540 - INFO - PnL Net: 0.0011 | Scaled: 0.0006 | Turnover: 18.37% | Vol Scale: 0.50
2026-04-02 19:57:21,540 - INFO - 
============================================================
2026-04-02 19:57:21,540 - INFO - Running paper trading for 2025-04-25
2026-04-02 19:57:21,540 - INFO - ============================================================
2026-04-02 19:57:21,541 - INFO - Portfolio construction: 38 longs, 38 shorts (from 38 candidates)
2026-04-02 19:57:21,542 - INFO - Vol targeting: rolling_vol=0.1682, scale=0.5000
2026-04-02 19:57:21,542 - INFO - PnL Net: 0.0007 | Scaled: 0.0004 | Turnover: 23.46% | Vol Scale: 0.50
2026-04-02 19:57:21,542 - INFO - 
============================================================
2026-04-02 19:57:21,542 - INFO - Running paper trading for 2025-04-28
2026-04-02 19:57:21,542 - INFO - ============================================================
2026-04-02 19:57:21,543 - INFO - Portfolio construction: 38 longs, 38 shorts (from 38 candidates)
2026-04-02 19:57:21,543 - INFO - Vol targeting: rolling_vol=0.1639, scale=0.5000
2026-04-02 19:57:21,543 - INFO - PnL Net: 0.0018 | Scaled: 0.0009 | Turnover: 19.52% | Vol Scale: 0.50
2026-04-02 19:57:21,543 - INFO - 
============================================================
2026-04-02 19:57:21,543 - INFO - Running paper trading for 2025-04-29
2026-04-02 19:57:21,543 - INFO - ============================================================
2026-04-02 19:57:21,544 - INFO - Portfolio construction: 38 longs, 30 shorts (from 38 candidates)
2026-04-02 19:57:21,544 - INFO - Vol targeting: rolling_vol=0.1599, scale=0.5004
2026-04-02 19:57:21,545 - INFO - PnL Net: 0.0011 | Scaled: 0.0005 | Turnover: 16.79% | Vol Scale: 0.50
2026-04-02 19:57:21,545 - INFO - 
============================================================
2026-04-02 19:57:21,545 - INFO - Running paper trading for 2025-04-30
2026-04-02 19:57:21,545 - INFO - ============================================================
2026-04-02 19:57:21,546 - INFO - Portfolio construction: 38 longs, 38 shorts (from 38 candidates)
2026-04-02 19:57:21,546 - INFO - Vol targeting: rolling_vol=0.1596, scale=0.5012
2026-04-02 19:57:21,546 - INFO - PnL Net: 0.0014 | Scaled: 0.0007 | Turnover: 20.09% | Vol Scale: 0.50
2026-04-02 19:57:21,546 - INFO - 
============================================================
2026-04-02 19:57:21,546 - INFO - Running paper trading for 2025-05-01
2026-04-02 19:57:21,546 - INFO - ============================================================
2026-04-02 19:57:21,547 - INFO - Portfolio construction: 38 longs, 38 shorts (from 38 candidates)
2026-04-02 19:57:21,547 - INFO - Vol targeting: rolling_vol=0.1370, scale=0.5840
2026-04-02 19:57:21,547 - INFO - PnL Net: 0.0062 | Scaled: 0.0036 | Turnover: 17.98% | Vol Scale: 0.58
2026-04-02 19:57:21,547 - INFO - 
============================================================
2026-04-02 19:57:21,547 - INFO - Running paper trading for 2025-05-02
2026-04-02 19:57:21,547 - INFO - ============================================================
2026-04-02 19:57:21,548 - INFO - Portfolio construction: 38 longs, 13 shorts (from 38 candidates)
2026-04-02 19:57:21,548 - INFO - Vol targeting: rolling_vol=0.1119, scale=0.7149
2026-04-02 19:57:21,548 - INFO - PnL Net: -0.0011 | Scaled: -0.0008 | Turnover: 17.52% | Vol Scale: 0.71
2026-04-02 19:57:21,548 - INFO - 
============================================================
2026-04-02 19:57:21,548 - INFO - Running paper trading for 2025-05-05
2026-04-02 19:57:21,548 - INFO - ============================================================
2026-04-02 19:57:21,550 - INFO - Portfolio construction: 38 longs, 2 shorts (from 38 candidates)
2026-04-02 19:57:21,550 - INFO - Vol targeting: rolling_vol=0.1128, scale=0.7091
2026-04-02 19:57:21,551 - INFO - PnL Net: -0.0026 | Scaled: -0.0018 | Turnover: 19.38% | Vol Scale: 0.71
2026-04-02 19:57:21,551 - INFO - 
============================================================
2026-04-02 19:57:21,551 - INFO - Running paper trading for 2025-05-06
2026-04-02 19:57:21,551 - INFO - ============================================================
2026-04-02 19:57:21,552 - INFO - Portfolio construction: 38 longs, 33 shorts (from 38 candidates)
2026-04-02 19:57:21,552 - INFO - Vol targeting: rolling_vol=0.1115, scale=0.7177
2026-04-02 19:57:21,552 - INFO - PnL Net: 0.0026 | Scaled: 0.0019 | Turnover: 19.06% | Vol Scale: 0.72
2026-04-02 19:57:21,552 - INFO - 
============================================================
2026-04-02 19:57:21,552 - INFO - Running paper trading for 2025-05-07
2026-04-02 19:57:21,552 - INFO - ============================================================
2026-04-02 19:57:21,553 - INFO - Portfolio construction: 38 longs, 9 shorts (from 38 candidates)
2026-04-02 19:57:21,553 - INFO - Vol targeting: rolling_vol=0.0781, scale=1.0243
2026-04-02 19:57:21,553 - INFO - PnL Net: 0.0043 | Scaled: 0.0045 | Turnover: 18.97% | Vol Scale: 1.02
2026-04-02 19:57:21,553 - INFO - 
============================================================
2026-04-02 19:57:21,553 - INFO - Running paper trading for 2025-05-08
2026-04-02 19:57:21,553 - INFO - ============================================================
2026-04-02 19:57:21,554 - INFO - Portfolio construction: 38 longs, 10 shorts (from 38 candidates)
2026-04-02 19:57:21,554 - INFO - Vol targeting: rolling_vol=0.0656, scale=1.2200
2026-04-02 19:57:21,554 - INFO - PnL Net: -0.0009 | Scaled: -0.0012 | Turnover: 19.75% | Vol Scale: 1.22
2026-04-02 19:57:21,554 - INFO - 
============================================================
2026-04-02 19:57:21,554 - INFO - Running paper trading for 2025-05-09
2026-04-02 19:57:21,554 - INFO - ============================================================
2026-04-02 19:57:21,555 - INFO - Portfolio construction: 38 longs, 37 shorts (from 38 candidates)
2026-04-02 19:57:21,555 - INFO - Vol targeting: rolling_vol=0.0785, scale=1.0196
2026-04-02 19:57:21,556 - INFO - PnL Net: 0.0145 | Scaled: 0.0148 | Turnover: 18.03% | Vol Scale: 1.02
2026-04-02 19:57:21,556 - INFO - 
============================================================
2026-04-02 19:57:21,556 - INFO - Running paper trading for 2025-05-12
2026-04-02 19:57:21,556 - INFO - ============================================================
2026-04-02 19:57:21,557 - INFO - Portfolio construction: 38 longs, 38 shorts (from 38 candidates)
2026-04-02 19:57:21,557 - INFO - Vol targeting: rolling_vol=0.0804, scale=0.9956
2026-04-02 19:57:21,557 - INFO - PnL Net: 0.0074 | Scaled: 0.0074 | Turnover: 18.12% | Vol Scale: 1.00
2026-04-02 19:57:21,557 - INFO - 
============================================================
2026-04-02 19:57:21,557 - INFO - Running paper trading for 2025-05-13
2026-04-02 19:57:21,557 - INFO - ============================================================
2026-04-02 19:57:21,558 - INFO - Portfolio construction: 38 longs, 38 shorts (from 38 candidates)
2026-04-02 19:57:21,558 - INFO - Vol targeting: rolling_vol=0.0797, scale=1.0044
2026-04-02 19:57:21,558 - INFO - PnL Net: -0.0006 | Scaled: -0.0006 | Turnover: 21.90% | Vol Scale: 1.00
2026-04-02 19:57:21,558 - INFO - 
============================================================
2026-04-02 19:57:21,558 - INFO - Running paper trading for 2025-05-14
2026-04-02 19:57:21,558 - INFO - ============================================================
2026-04-02 19:57:21,560 - INFO - Portfolio construction: 38 longs, 38 shorts (from 38 candidates)
2026-04-02 19:57:21,561 - INFO - Vol targeting: rolling_vol=0.0757, scale=1.0562
2026-04-02 19:57:21,561 - INFO - PnL Net: 0.0052 | Scaled: 0.0055 | Turnover: 20.59% | Vol Scale: 1.06
2026-04-02 19:57:21,561 - INFO - 
============================================================
2026-04-02 19:57:21,561 - INFO - Running paper trading for 2025-05-15
2026-04-02 19:57:21,561 - INFO - ============================================================
2026-04-02 19:57:21,562 - INFO - Portfolio construction: 38 longs, 38 shorts (from 38 candidates)
2026-04-02 19:57:21,562 - INFO - Vol targeting: rolling_vol=0.0754, scale=1.0608
2026-04-02 19:57:21,562 - INFO - PnL Net: 0.0020 | Scaled: 0.0021 | Turnover: 19.63% | Vol Scale: 1.06
2026-04-02 19:57:21,562 - INFO - 
============================================================
2026-04-02 19:57:21,562 - INFO - Running paper trading for 2025-05-16
2026-04-02 19:57:21,562 - INFO - ============================================================
2026-04-02 19:57:21,563 - INFO - Portfolio construction: 38 longs, 38 shorts (from 38 candidates)
2026-04-02 19:57:21,564 - INFO - Vol targeting: rolling_vol=0.0684, scale=1.1703
2026-04-02 19:57:21,564 - INFO - PnL Net: -0.0013 | Scaled: -0.0015 | Turnover: 18.38% | Vol Scale: 1.17
2026-04-02 19:57:21,564 - INFO - 
============================================================
2026-04-02 19:57:21,564 - INFO - Running paper trading for 2025-05-19
2026-04-02 19:57:21,564 - INFO - ============================================================
2026-04-02 19:57:21,565 - INFO - Portfolio construction: 38 longs, 38 shorts (from 38 candidates)
2026-04-02 19:57:21,565 - INFO - Vol targeting: rolling_vol=0.0676, scale=1.1828
2026-04-02 19:57:21,565 - INFO - PnL Net: -0.0021 | Scaled: -0.0025 | Turnover: 16.36% | Vol Scale: 1.18
2026-04-02 19:57:21,565 - INFO - 
============================================================
2026-04-02 19:57:21,565 - INFO - Running paper trading for 2025-05-20
2026-04-02 19:57:21,565 - INFO - ============================================================
2026-04-02 19:57:21,566 - INFO - Portfolio construction: 38 longs, 38 shorts (from 38 candidates)
2026-04-02 19:57:21,567 - INFO - Vol targeting: rolling_vol=0.0748, scale=1.0691
2026-04-02 19:57:21,567 - INFO - PnL Net: -0.0070 | Scaled: -0.0075 | Turnover: 15.81% | Vol Scale: 1.07
2026-04-02 19:57:21,567 - INFO - 
============================================================
2026-04-02 19:57:21,567 - INFO - Running paper trading for 2025-05-21
2026-04-02 19:57:21,567 - INFO - ============================================================
2026-04-02 19:57:21,568 - INFO - Portfolio construction: 38 longs, 38 shorts (from 38 candidates)
2026-04-02 19:57:21,568 - INFO - Vol targeting: rolling_vol=0.0690, scale=1.1591
2026-04-02 19:57:21,568 - INFO - PnL Net: 0.0004 | Scaled: 0.0004 | Turnover: 19.34% | Vol Scale: 1.16
2026-04-02 19:57:21,568 - INFO - 
============================================================
2026-04-02 19:57:21,568 - INFO - Running paper trading for 2025-05-22
2026-04-02 19:57:21,568 - INFO - ============================================================
2026-04-02 19:57:21,569 - INFO - Portfolio construction: 38 longs, 32 shorts (from 38 candidates)
2026-04-02 19:57:21,569 - INFO - Vol targeting: rolling_vol=0.0706, scale=1.1324
2026-04-02 19:57:21,570 - INFO - PnL Net: -0.0027 | Scaled: -0.0031 | Turnover: 19.64% | Vol Scale: 1.13
2026-04-02 19:57:21,570 - INFO - 
============================================================
2026-04-02 19:57:21,570 - INFO - Running paper trading for 2025-05-23
2026-04-02 19:57:21,570 - INFO - ============================================================
2026-04-02 19:57:21,571 - INFO - Portfolio construction: 38 longs, 38 shorts (from 38 candidates)
2026-04-02 19:57:21,571 - INFO - Vol targeting: rolling_vol=0.0743, scale=1.0767
2026-04-02 19:57:21,571 - INFO - PnL Net: 0.0082 | Scaled: 0.0088 | Turnover: 19.52% | Vol Scale: 1.08
2026-04-02 19:57:21,571 - INFO - 
============================================================
2026-04-02 19:57:21,571 - INFO - Running paper trading for 2025-05-27
2026-04-02 19:57:21,572 - INFO - ============================================================
2026-04-02 19:57:21,573 - INFO - Portfolio construction: 38 longs, 38 shorts (from 38 candidates)
2026-04-02 19:57:21,573 - INFO - Vol targeting: rolling_vol=0.0756, scale=1.0588
2026-04-02 19:57:21,573 - INFO - PnL Net: -0.0021 | Scaled: -0.0022 | Turnover: 18.56% | Vol Scale: 1.06
2026-04-02 19:57:21,573 - INFO - 
============================================================
2026-04-02 19:57:21,573 - INFO - Running paper trading for 2025-05-28
2026-04-02 19:57:21,573 - INFO - ============================================================
2026-04-02 19:57:21,574 - INFO - Portfolio construction: 38 longs, 38 shorts (from 38 candidates)
2026-04-02 19:57:21,574 - INFO - Vol targeting: rolling_vol=0.0756, scale=1.0575
2026-04-02 19:57:21,574 - INFO - PnL Net: 0.0004 | Scaled: 0.0005 | Turnover: 16.29% | Vol Scale: 1.06
2026-04-02 19:57:21,574 - INFO - 
============================================================
2026-04-02 19:57:21,574 - INFO - Running paper trading for 2025-05-29
2026-04-02 19:57:21,574 - INFO - ============================================================
2026-04-02 19:57:21,575 - INFO - Portfolio construction: 38 longs, 38 shorts (from 38 candidates)
2026-04-02 19:57:21,576 - INFO - Vol targeting: rolling_vol=0.0762, scale=1.0504
2026-04-02 19:57:21,576 - INFO - PnL Net: -0.0009 | Scaled: -0.0010 | Turnover: 19.51% | Vol Scale: 1.05
2026-04-02 19:57:21,576 - INFO - 
============================================================
2026-04-02 19:57:21,576 - INFO - Running paper trading for 2025-05-30
2026-04-02 19:57:21,576 - INFO - ============================================================
2026-04-02 19:57:21,577 - INFO - Portfolio construction: 38 longs, 38 shorts (from 38 candidates)
2026-04-02 19:57:21,577 - INFO - Vol targeting: rolling_vol=0.0742, scale=1.0777
2026-04-02 19:57:21,577 - INFO - PnL Net: 0.0008 | Scaled: 0.0009 | Turnover: 21.02% | Vol Scale: 1.08
2026-04-02 19:57:21,577 - INFO - 
============================================================
2026-04-02 19:57:21,577 - INFO - Running paper trading for 2025-06-02
2026-04-02 19:57:21,577 - INFO - ============================================================
2026-04-02 19:57:21,578 - INFO - Portfolio construction: 38 longs, 38 shorts (from 38 candidates)
2026-04-02 19:57:21,579 - INFO - Vol targeting: rolling_vol=0.0737, scale=1.0849
2026-04-02 19:57:21,579 - INFO - PnL Net: 0.0011 | Scaled: 0.0012 | Turnover: 20.37% | Vol Scale: 1.08
2026-04-02 19:57:21,579 - INFO - 
============================================================
2026-04-02 19:57:21,579 - INFO - Running paper trading for 2025-06-03
2026-04-02 19:57:21,579 - INFO - ============================================================
2026-04-02 19:57:21,579 - INFO - Portfolio construction: 38 longs, 38 shorts (from 38 candidates)
2026-04-02 19:57:21,580 - INFO - Vol targeting: rolling_vol=0.0730, scale=1.0965
2026-04-02 19:57:21,580 - INFO - PnL Net: -0.0012 | Scaled: -0.0013 | Turnover: 18.45% | Vol Scale: 1.10
2026-04-02 19:57:21,580 - INFO - 
============================================================
2026-04-02 19:57:21,580 - INFO - Running paper trading for 2025-06-04
2026-04-02 19:57:21,580 - INFO - ============================================================
2026-04-02 19:57:21,581 - INFO - Portfolio construction: 38 longs, 38 shorts (from 38 candidates)
2026-04-02 19:57:21,581 - INFO - Vol targeting: rolling_vol=0.0730, scale=1.0962
2026-04-02 19:57:21,581 - INFO - PnL Net: -0.0000 | Scaled: -0.0000 | Turnover: 16.06% | Vol Scale: 1.10
2026-04-02 19:57:21,581 - INFO - 
============================================================
2026-04-02 19:57:21,581 - INFO - Running paper trading for 2025-06-05
2026-04-02 19:57:21,581 - INFO - ============================================================
2026-04-02 19:57:21,582 - INFO - Portfolio construction: 38 longs, 38 shorts (from 38 candidates)
2026-04-02 19:57:21,583 - INFO - Vol targeting: rolling_vol=0.0721, scale=1.1092
2026-04-02 19:57:21,583 - INFO - PnL Net: 0.0008 | Scaled: 0.0009 | Turnover: 17.46% | Vol Scale: 1.11
2026-04-02 19:57:21,583 - INFO - 
============================================================
2026-04-02 19:57:21,583 - INFO - Running paper trading for 2025-06-06
2026-04-02 19:57:21,583 - INFO - ============================================================
2026-04-02 19:57:21,583 - INFO - Portfolio construction: 38 longs, 38 shorts (from 38 candidates)
2026-04-02 19:57:21,583 - INFO - Vol targeting: rolling_vol=0.0728, scale=1.0986
2026-04-02 19:57:21,585 - INFO - PnL Net: -0.0024 | Scaled: -0.0026 | Turnover: 18.52% | Vol Scale: 1.10
2026-04-02 19:57:21,585 - INFO - 
============================================================
2026-04-02 19:57:21,585 - INFO - Running paper trading for 2025-06-09
2026-04-02 19:57:21,585 - INFO - ============================================================
2026-04-02 19:57:21,586 - INFO - Portfolio construction: 38 longs, 13 shorts (from 38 candidates)
2026-04-02 19:57:21,587 - INFO - Vol targeting: rolling_vol=0.0539, scale=1.4831
2026-04-02 19:57:21,587 - INFO - PnL Net: 0.0012 | Scaled: 0.0018 | Turnover: 20.04% | Vol Scale: 1.48
2026-04-02 19:57:21,587 - INFO - 
============================================================
2026-04-02 19:57:21,587 - INFO - Running paper trading for 2025-06-10
2026-04-02 19:57:21,587 - INFO - ============================================================
2026-04-02 19:57:21,587 - INFO - Portfolio construction: 38 longs, 6 shorts (from 38 candidates)
2026-04-02 19:57:21,588 - INFO - Vol targeting: rolling_vol=0.0476, scale=1.6799
2026-04-02 19:57:21,588 - INFO - PnL Net: -0.0013 | Scaled: -0.0021 | Turnover: 17.79% | Vol Scale: 1.68
2026-04-02 19:57:21,588 - INFO - 
============================================================
2026-04-02 19:57:21,588 - INFO - Running paper trading for 2025-06-11
2026-04-02 19:57:21,588 - INFO - ============================================================
2026-04-02 19:57:21,589 - INFO - Portfolio construction: 38 longs, 16 shorts (from 38 candidates)
2026-04-02 19:57:21,589 - INFO - Vol targeting: rolling_vol=0.0477, scale=1.6785
2026-04-02 19:57:21,589 - INFO - PnL Net: 0.0007 | Scaled: 0.0012 | Turnover: 18.77% | Vol Scale: 1.68
2026-04-02 19:57:21,589 - INFO - 
============================================================
2026-04-02 19:57:21,589 - INFO - Running paper trading for 2025-06-12
2026-04-02 19:57:21,589 - INFO - ============================================================
2026-04-02 19:57:21,591 - INFO - Portfolio construction: 38 longs, 38 shorts (from 38 candidates)
2026-04-02 19:57:21,591 - INFO - Vol targeting: rolling_vol=0.0449, scale=1.7832
2026-04-02 19:57:21,591 - INFO - PnL Net: -0.0033 | Scaled: -0.0058 | Turnover: 21.75% | Vol Scale: 1.78
2026-04-02 19:57:21,591 - INFO - 
============================================================
2026-04-02 19:57:21,591 - INFO - Running paper trading for 2025-06-13
2026-04-02 19:57:21,591 - INFO - ============================================================
2026-04-02 19:57:21,592 - INFO - Portfolio construction: 38 longs, 38 shorts (from 38 candidates)
2026-04-02 19:57:21,592 - INFO - Vol targeting: rolling_vol=0.0444, scale=1.8031
2026-04-02 19:57:21,593 - INFO - PnL Net: 0.0011 | Scaled: 0.0020 | Turnover: 18.70% | Vol Scale: 1.80
2026-04-02 19:57:21,593 - INFO - 
============================================================
2026-04-02 19:57:21,593 - INFO - Running paper trading for 2025-06-16
2026-04-02 19:57:21,593 - INFO - ============================================================
2026-04-02 19:57:21,594 - INFO - Portfolio construction: 38 longs, 38 shorts (from 38 candidates)
2026-04-02 19:57:21,594 - INFO - Vol targeting: rolling_vol=0.0455, scale=1.7575
2026-04-02 19:57:21,594 - INFO - PnL Net: -0.0035 | Scaled: -0.0061 | Turnover: 16.38% | Vol Scale: 1.76
2026-04-02 19:57:21,594 - INFO - 
============================================================
2026-04-02 19:57:21,594 - INFO - Running paper trading for 2025-06-17
2026-04-02 19:57:21,594 - INFO - ============================================================
2026-04-02 19:57:21,595 - INFO - Portfolio construction: 38 longs, 38 shorts (from 38 candidates)
2026-04-02 19:57:21,595 - INFO - Vol targeting: rolling_vol=0.0452, scale=1.7708
2026-04-02 19:57:21,595 - INFO - PnL Net: -0.0005 | Scaled: -0.0009 | Turnover: 17.30% | Vol Scale: 1.77
2026-04-02 19:57:21,596 - INFO - 
============================================================
2026-04-02 19:57:21,596 - INFO - Running paper trading for 2025-06-18
2026-04-02 19:57:21,596 - INFO - ============================================================
2026-04-02 19:57:21,597 - INFO - Portfolio construction: 38 longs, 38 shorts (from 38 candidates)
2026-04-02 19:57:21,597 - INFO - Vol targeting: rolling_vol=0.0385, scale=2.0000
2026-04-02 19:57:21,597 - INFO - PnL Net: 0.0001 | Scaled: 0.0003 | Turnover: 18.66% | Vol Scale: 2.00
2026-04-02 19:57:21,597 - INFO - 
============================================================
2026-04-02 19:57:21,597 - INFO - Running paper trading for 2025-06-20
2026-04-02 19:57:21,597 - INFO - ============================================================
2026-04-02 19:57:21,598 - INFO - Portfolio construction: 38 longs, 38 shorts (from 38 candidates)
2026-04-02 19:57:21,598 - INFO - Vol targeting: rolling_vol=0.0397, scale=2.0000
2026-04-02 19:57:21,598 - INFO - PnL Net: 0.0027 | Scaled: 0.0053 | Turnover: 20.03% | Vol Scale: 2.00
2026-04-02 19:57:21,599 - INFO - 
============================================================
2026-04-02 19:57:21,599 - INFO - Running paper trading for 2025-06-23
2026-04-02 19:57:21,599 - INFO - ============================================================
2026-04-02 19:57:21,600 - INFO - Portfolio construction: 38 longs, 38 shorts (from 38 candidates)
2026-04-02 19:57:21,600 - INFO - Vol targeting: rolling_vol=0.0406, scale=1.9706
2026-04-02 19:57:21,600 - INFO - PnL Net: 0.0039 | Scaled: 0.0076 | Turnover: 17.48% | Vol Scale: 1.97
2026-04-02 19:57:21,600 - INFO - 
============================================================
2026-04-02 19:57:21,600 - INFO - Running paper trading for 2025-06-24
2026-04-02 19:57:21,600 - INFO - ============================================================
2026-04-02 19:57:21,601 - INFO - Portfolio construction: 38 longs, 38 shorts (from 38 candidates)
2026-04-02 19:57:21,602 - INFO - Vol targeting: rolling_vol=0.0294, scale=2.0000
2026-04-02 19:57:21,602 - INFO - PnL Net: -0.0021 | Scaled: -0.0042 | Turnover: 18.08% | Vol Scale: 2.00
2026-04-02 19:57:21,602 - INFO - 
============================================================
2026-04-02 19:57:21,602 - INFO - Running paper trading for 2025-06-25
2026-04-02 19:57:21,602 - INFO - ============================================================
2026-04-02 19:57:21,603 - INFO - Portfolio construction: 38 longs, 38 shorts (from 38 candidates)
2026-04-02 19:57:21,603 - INFO - Vol targeting: rolling_vol=0.0295, scale=2.0000
2026-04-02 19:57:21,603 - INFO - PnL Net: 0.0019 | Scaled: 0.0038 | Turnover: 17.90% | Vol Scale: 2.00
2026-04-02 19:57:21,603 - INFO - 
============================================================
2026-04-02 19:57:21,603 - INFO - Running paper trading for 2025-06-26
2026-04-02 19:57:21,603 - INFO - ============================================================
2026-04-02 19:57:21,605 - INFO - Portfolio construction: 38 longs, 38 shorts (from 38 candidates)
2026-04-02 19:57:21,605 - INFO - Vol targeting: rolling_vol=0.0299, scale=2.0000
2026-04-02 19:57:21,605 - INFO - PnL Net: 0.0015 | Scaled: 0.0029 | Turnover: 17.70% | Vol Scale: 2.00
2026-04-02 19:57:21,605 - INFO - 
============================================================
2026-04-02 19:57:21,605 - INFO - Running paper trading for 2025-06-27
2026-04-02 19:57:21,605 - INFO - ============================================================
2026-04-02 19:57:21,606 - INFO - Portfolio construction: 38 longs, 38 shorts (from 38 candidates)
2026-04-02 19:57:21,607 - INFO - Vol targeting: rolling_vol=0.0300, scale=2.0000
2026-04-02 19:57:21,607 - INFO - PnL Net: 0.0013 | Scaled: 0.0025 | Turnover: 16.45% | Vol Scale: 2.00
2026-04-02 19:57:21,607 - INFO - 
============================================================
2026-04-02 19:57:21,607 - INFO - Running paper trading for 2025-06-30
2026-04-02 19:57:21,607 - INFO - ============================================================
2026-04-02 19:57:21,608 - INFO - Portfolio construction: 38 longs, 38 shorts (from 38 candidates)
2026-04-02 19:57:21,608 - INFO - Vol targeting: rolling_vol=0.0351, scale=2.0000
2026-04-02 19:57:21,608 - INFO - PnL Net: 0.0055 | Scaled: 0.0109 | Turnover: 17.10% | Vol Scale: 2.00
2026-04-02 19:57:21,608 - INFO - 
============================================================
2026-04-02 19:57:21,608 - INFO - Running paper trading for 2025-07-01
2026-04-02 19:57:21,608 - INFO - ============================================================
2026-04-02 19:57:21,610 - INFO - Portfolio construction: 38 longs, 38 shorts (from 38 candidates)
2026-04-02 19:57:21,610 - INFO - Vol targeting: rolling_vol=0.0352, scale=2.0000
2026-04-02 19:57:21,610 - INFO - PnL Net: 0.0013 | Scaled: 0.0026 | Turnover: 15.04% | Vol Scale: 2.00
2026-04-02 19:57:21,610 - INFO - 
============================================================
2026-04-02 19:57:21,610 - INFO - Running paper trading for 2025-07-02
2026-04-02 19:57:21,610 - INFO - ============================================================
2026-04-02 19:57:21,611 - INFO - Portfolio construction: 38 longs, 38 shorts (from 38 candidates)
2026-04-02 19:57:21,611 - INFO - Vol targeting: rolling_vol=0.0349, scale=2.0000
2026-04-02 19:57:21,611 - INFO - PnL Net: 0.0014 | Scaled: 0.0028 | Turnover: 12.74% | Vol Scale: 2.00
2026-04-02 19:57:21,611 - INFO - 
============================================================
2026-04-02 19:57:21,611 - INFO - Running paper trading for 2025-07-03
2026-04-02 19:57:21,611 - INFO - ============================================================
2026-04-02 19:57:21,612 - INFO - Portfolio construction: 38 longs, 38 shorts (from 38 candidates)
2026-04-02 19:57:21,612 - INFO - Vol targeting: rolling_vol=0.0371, scale=2.0000
2026-04-02 19:57:21,612 - INFO - PnL Net: -0.0032 | Scaled: -0.0063 | Turnover: 11.38% | Vol Scale: 2.00
2026-04-02 19:57:21,612 - INFO - 
============================================================
2026-04-02 19:57:21,612 - INFO - Running paper trading for 2025-07-07
2026-04-02 19:57:21,612 - INFO - ============================================================
2026-04-02 19:57:21,614 - INFO - Portfolio construction: 38 longs, 38 shorts (from 38 candidates)
2026-04-02 19:57:21,614 - INFO - Vol targeting: rolling_vol=0.0371, scale=2.0000
2026-04-02 19:57:21,614 - INFO - PnL Net: 0.0005 | Scaled: 0.0010 | Turnover: 10.84% | Vol Scale: 2.00
2026-04-02 19:57:21,614 - INFO - 
============================================================
2026-04-02 19:57:21,614 - INFO - Running paper trading for 2025-07-08
2026-04-02 19:57:21,614 - INFO - ============================================================
2026-04-02 19:57:21,615 - INFO - Portfolio construction: 38 longs, 38 shorts (from 38 candidates)
2026-04-02 19:57:21,615 - INFO - Vol targeting: rolling_vol=0.0357, scale=2.0000
2026-04-02 19:57:21,616 - INFO - PnL Net: 0.0009 | Scaled: 0.0019 | Turnover: 18.35% | Vol Scale: 2.00
2026-04-02 19:57:21,616 - INFO - 
============================================================
2026-04-02 19:57:21,616 - INFO - Running paper trading for 2025-07-09
2026-04-02 19:57:21,616 - INFO - ============================================================
2026-04-02 19:57:21,617 - INFO - Portfolio construction: 38 longs, 38 shorts (from 38 candidates)
2026-04-02 19:57:21,618 - INFO - Vol targeting: rolling_vol=0.0364, scale=2.0000
2026-04-02 19:57:21,618 - INFO - PnL Net: 0.0026 | Scaled: 0.0053 | Turnover: 19.70% | Vol Scale: 2.00
2026-04-02 19:57:21,618 - INFO - 
============================================================
2026-04-02 19:57:21,618 - INFO - Running paper trading for 2025-07-10
2026-04-02 19:57:21,618 - INFO - ============================================================
2026-04-02 19:57:21,619 - INFO - Portfolio construction: 38 longs, 12 shorts (from 38 candidates)
2026-04-02 19:57:21,619 - INFO - Vol targeting: rolling_vol=0.0379, scale=2.0000
2026-04-02 19:57:21,620 - INFO - PnL Net: -0.0029 | Scaled: -0.0058 | Turnover: 19.47% | Vol Scale: 2.00
2026-04-02 19:57:21,620 - INFO - 
============================================================
2026-04-02 19:57:21,620 - INFO - Running paper trading for 2025-07-11
2026-04-02 19:57:21,620 - INFO - ============================================================
2026-04-02 19:57:21,621 - INFO - Portfolio construction: 38 longs, 26 shorts (from 38 candidates)
2026-04-02 19:57:21,621 - INFO - Vol targeting: rolling_vol=0.0382, scale=2.0000
2026-04-02 19:57:21,621 - INFO - PnL Net: -0.0008 | Scaled: -0.0016 | Turnover: 19.00% | Vol Scale: 2.00
2026-04-02 19:57:21,621 - INFO - 
============================================================
2026-04-02 19:57:21,621 - INFO - Running paper trading for 2025-07-14
2026-04-02 19:57:21,621 - INFO - ============================================================
2026-04-02 19:57:21,623 - INFO - Portfolio construction: 38 longs, 38 shorts (from 38 candidates)
2026-04-02 19:57:21,623 - INFO - Vol targeting: rolling_vol=0.0411, scale=1.9456
2026-04-02 19:57:21,623 - INFO - PnL Net: -0.0053 | Scaled: -0.0103 | Turnover: 18.01% | Vol Scale: 1.95
2026-04-02 19:57:21,623 - INFO - 
============================================================
2026-04-02 19:57:21,623 - INFO - Running paper trading for 2025-07-15
2026-04-02 19:57:21,623 - INFO - ============================================================
2026-04-02 19:57:21,625 - INFO - Portfolio construction: 38 longs, 24 shorts (from 38 candidates)
2026-04-02 19:57:21,625 - INFO - Vol targeting: rolling_vol=0.0411, scale=1.9452
2026-04-02 19:57:21,625 - INFO - PnL Net: 0.0011 | Scaled: 0.0022 | Turnover: 17.80% | Vol Scale: 1.95
2026-04-02 19:57:21,625 - INFO - 
============================================================
2026-04-02 19:57:21,625 - INFO - Running paper trading for 2025-07-16
2026-04-02 19:57:21,625 - INFO - ============================================================
2026-04-02 19:57:21,627 - INFO - Portfolio construction: 38 longs, 4 shorts (from 38 candidates)
2026-04-02 19:57:21,627 - INFO - Vol targeting: rolling_vol=0.0400, scale=1.9977
2026-04-02 19:57:21,628 - INFO - PnL Net: 0.0035 | Scaled: 0.0070 | Turnover: 18.83% | Vol Scale: 2.00
2026-04-02 19:57:21,628 - INFO - 
============================================================
2026-04-02 19:57:21,628 - INFO - Running paper trading for 2025-07-17
2026-04-02 19:57:21,628 - INFO - ============================================================
2026-04-02 19:57:21,629 - INFO - Portfolio construction: 38 longs, 38 shorts (from 38 candidates)
2026-04-02 19:57:21,629 - INFO - Vol targeting: rolling_vol=0.0400, scale=2.0000
2026-04-02 19:57:21,629 - INFO - PnL Net: -0.0003 | Scaled: -0.0006 | Turnover: 20.65% | Vol Scale: 2.00
2026-04-02 19:57:21,629 - INFO - 
============================================================
2026-04-02 19:57:21,629 - INFO - Running paper trading for 2025-07-18
2026-04-02 19:57:21,629 - INFO - ============================================================
2026-04-02 19:57:21,630 - INFO - Portfolio construction: 38 longs, 38 shorts (from 38 candidates)
2026-04-02 19:57:21,631 - INFO - Vol targeting: rolling_vol=0.0407, scale=1.9646
2026-04-02 19:57:21,631 - INFO - PnL Net: -0.0016 | Scaled: -0.0032 | Turnover: 22.59% | Vol Scale: 1.96
2026-04-02 19:57:21,631 - INFO - 
============================================================
2026-04-02 19:57:21,631 - INFO - Running paper trading for 2025-07-21
2026-04-02 19:57:21,631 - INFO - ============================================================
2026-04-02 19:57:21,632 - INFO - Portfolio construction: 38 longs, 38 shorts (from 38 candidates)
2026-04-02 19:57:21,632 - INFO - Vol targeting: rolling_vol=0.0456, scale=1.7529
2026-04-02 19:57:21,632 - INFO - PnL Net: 0.0068 | Scaled: 0.0120 | Turnover: 18.81% | Vol Scale: 1.75
2026-04-02 19:57:21,632 - INFO - 
============================================================
2026-04-02 19:57:21,632 - INFO - Running paper trading for 2025-07-22
2026-04-02 19:57:21,632 - INFO - ============================================================
2026-04-02 19:57:21,633 - INFO - Portfolio construction: 38 longs, 38 shorts (from 38 candidates)
2026-04-02 19:57:21,634 - INFO - Vol targeting: rolling_vol=0.0446, scale=1.7927
2026-04-02 19:57:21,634 - INFO - PnL Net: 0.0023 | Scaled: 0.0041 | Turnover: 18.89% | Vol Scale: 1.79
2026-04-02 19:57:21,634 - INFO - 
============================================================
2026-04-02 19:57:21,634 - INFO - Running paper trading for 2025-07-23
2026-04-02 19:57:21,634 - INFO - ============================================================
2026-04-02 19:57:21,635 - INFO - Portfolio construction: 38 longs, 38 shorts (from 38 candidates)
2026-04-02 19:57:21,635 - INFO - Vol targeting: rolling_vol=0.0451, scale=1.7756
2026-04-02 19:57:21,635 - INFO - PnL Net: -0.0026 | Scaled: -0.0046 | Turnover: 15.52% | Vol Scale: 1.78
2026-04-02 19:57:21,635 - INFO - 
============================================================
2026-04-02 19:57:21,635 - INFO - Running paper trading for 2025-07-24
2026-04-02 19:57:21,636 - INFO - ============================================================
2026-04-02 19:57:21,637 - INFO - Portfolio construction: 38 longs, 38 shorts (from 38 candidates)
2026-04-02 19:57:21,637 - INFO - Vol targeting: rolling_vol=0.0449, scale=1.7834
2026-04-02 19:57:21,637 - INFO - PnL Net: 0.0011 | Scaled: 0.0019 | Turnover: 15.70% | Vol Scale: 1.78
2026-04-02 19:57:21,637 - INFO - 
============================================================
2026-04-02 19:57:21,637 - INFO - Running paper trading for 2025-07-25
2026-04-02 19:57:21,637 - INFO - ============================================================
2026-04-02 19:57:21,638 - INFO - Portfolio construction: 38 longs, 38 shorts (from 38 candidates)
2026-04-02 19:57:21,639 - INFO - Vol targeting: rolling_vol=0.0465, scale=1.7198
2026-04-02 19:57:21,639 - INFO - PnL Net: -0.0031 | Scaled: -0.0052 | Turnover: 16.41% | Vol Scale: 1.72
2026-04-02 19:57:21,639 - INFO - 
============================================================
2026-04-02 19:57:21,639 - INFO - Running paper trading for 2025-07-28
2026-04-02 19:57:21,639 - INFO - ============================================================
2026-04-02 19:57:21,640 - INFO - Portfolio construction: 38 longs, 38 shorts (from 38 candidates)
2026-04-02 19:57:21,640 - INFO - Vol targeting: rolling_vol=0.0474, scale=1.6862
2026-04-02 19:57:21,640 - INFO - PnL Net: -0.0025 | Scaled: -0.0041 | Turnover: 18.54% | Vol Scale: 1.69
2026-04-02 19:57:21,640 - INFO - 
============================================================
2026-04-02 19:57:21,640 - INFO - Running paper trading for 2025-07-29
2026-04-02 19:57:21,640 - INFO - ============================================================
2026-04-02 19:57:21,641 - INFO - Portfolio construction: 38 longs, 38 shorts (from 38 candidates)
2026-04-02 19:57:21,641 - INFO - Vol targeting: rolling_vol=0.0445, scale=1.7974
2026-04-02 19:57:21,642 - INFO - PnL Net: -0.0028 | Scaled: -0.0050 | Turnover: 17.07% | Vol Scale: 1.80
2026-04-02 19:57:21,642 - INFO - 
============================================================
2026-04-02 19:57:21,642 - INFO - Running paper trading for 2025-07-30
2026-04-02 19:57:21,642 - INFO - ============================================================
2026-04-02 19:57:21,642 - INFO - Portfolio construction: 38 longs, 38 shorts (from 38 candidates)
2026-04-02 19:57:21,642 - INFO - Vol targeting: rolling_vol=0.0463, scale=1.7283
2026-04-02 19:57:21,642 - INFO - PnL Net: -0.0042 | Scaled: -0.0073 | Turnover: 18.97% | Vol Scale: 1.73
2026-04-02 19:57:21,642 - INFO - 
============================================================
2026-04-02 19:57:21,643 - INFO - Running paper trading for 2025-07-31
2026-04-02 19:57:21,643 - INFO - ============================================================
2026-04-02 19:57:21,644 - INFO - Portfolio construction: 38 longs, 38 shorts (from 38 candidates)
2026-04-02 19:57:21,644 - INFO - Vol targeting: rolling_vol=0.0470, scale=1.7007
2026-04-02 19:57:21,644 - INFO - PnL Net: -0.0036 | Scaled: -0.0062 | Turnover: 19.57% | Vol Scale: 1.70
2026-04-02 19:57:21,644 - INFO - 
============================================================
2026-04-02 19:57:21,644 - INFO - Running paper trading for 2025-08-01
2026-04-02 19:57:21,644 - INFO - ============================================================
2026-04-02 19:57:21,645 - INFO - Portfolio construction: 38 longs, 6 shorts (from 38 candidates)
2026-04-02 19:57:21,645 - INFO - Vol targeting: rolling_vol=0.0468, scale=1.7092
2026-04-02 19:57:21,645 - INFO - PnL Net: 0.0016 | Scaled: 0.0028 | Turnover: 18.75% | Vol Scale: 1.71
2026-04-02 19:57:21,645 - INFO - 
============================================================
2026-04-02 19:57:21,645 - INFO - Running paper trading for 2025-08-04
2026-04-02 19:57:21,646 - INFO - ============================================================
2026-04-02 19:57:21,647 - INFO - Portfolio construction: 38 longs, 5 shorts (from 38 candidates)
2026-04-02 19:57:21,647 - INFO - Vol targeting: rolling_vol=0.0486, scale=1.6467
2026-04-02 19:57:21,647 - INFO - PnL Net: 0.0034 | Scaled: 0.0056 | Turnover: 20.03% | Vol Scale: 1.65
2026-04-02 19:57:21,647 - INFO - 
============================================================
2026-04-02 19:57:21,647 - INFO - Running paper trading for 2025-08-05
2026-04-02 19:57:21,647 - INFO - ============================================================
2026-04-02 19:57:21,649 - INFO - Portfolio construction: 38 longs, 37 shorts (from 38 candidates)
2026-04-02 19:57:21,649 - INFO - Vol targeting: rolling_vol=0.0485, scale=1.6507
2026-04-02 19:57:21,649 - INFO - PnL Net: -0.0013 | Scaled: -0.0021 | Turnover: 19.43% | Vol Scale: 1.65
2026-04-02 19:57:21,649 - INFO - 
============================================================
2026-04-02 19:57:21,649 - INFO - Running paper trading for 2025-08-06
2026-04-02 19:57:21,649 - INFO - ============================================================
2026-04-02 19:57:21,650 - INFO - Portfolio construction: 38 longs, 38 shorts (from 38 candidates)
2026-04-02 19:57:21,650 - INFO - Vol targeting: rolling_vol=0.0472, scale=1.6961
2026-04-02 19:57:21,650 - INFO - PnL Net: -0.0009 | Scaled: -0.0016 | Turnover: 18.13% | Vol Scale: 1.70
2026-04-02 19:57:21,650 - INFO - 
============================================================
2026-04-02 19:57:21,650 - INFO - Running paper trading for 2025-08-07
2026-04-02 19:57:21,650 - INFO - ============================================================
2026-04-02 19:57:21,652 - INFO - Portfolio construction: 38 longs, 7 shorts (from 38 candidates)
2026-04-02 19:57:21,652 - INFO - Vol targeting: rolling_vol=0.0466, scale=1.7164
2026-04-02 19:57:21,652 - INFO - PnL Net: 0.0008 | Scaled: 0.0013 | Turnover: 20.31% | Vol Scale: 1.72
2026-04-02 19:57:21,652 - INFO - 
============================================================
2026-04-02 19:57:21,652 - INFO - Running paper trading for 2025-08-08
2026-04-02 19:57:21,652 - INFO - ============================================================
2026-04-02 19:57:21,653 - INFO - Portfolio construction: 38 longs, 8 shorts (from 38 candidates)
2026-04-02 19:57:21,654 - INFO - Vol targeting: rolling_vol=0.0467, scale=1.7135
2026-04-02 19:57:21,654 - WARNING - KS3 TRIGGERED: 60-day Sharpe -0.0651 < 0
2026-04-02 19:57:21,654 - INFO - PnL Net: -0.0013 | Scaled: -0.0022 | Turnover: 18.30% | Vol Scale: 1.71
2026-04-02 19:57:21,654 - INFO - 
============================================================
2026-04-02 19:57:21,654 - INFO - Running paper trading for 2025-08-11
2026-04-02 19:57:21,654 - INFO - ============================================================
2026-04-02 19:57:21,655 - INFO - Portfolio construction: 38 longs, 38 shorts (from 38 candidates)
2026-04-02 19:57:21,655 - INFO - Vol targeting: rolling_vol=0.0479, scale=1.6690
2026-04-02 19:57:21,655 - WARNING - KS3 TRIGGERED: 60-day Sharpe -0.0144 < 0
2026-04-02 19:57:21,655 - INFO - PnL Net: 0.0058 | Scaled: 0.0096 | Turnover: 15.45% | Vol Scale: 1.67
2026-04-02 19:57:21,655 - INFO - 
============================================================
2026-04-02 19:57:21,656 - INFO - Running paper trading for 2025-08-12
2026-04-02 19:57:21,656 - INFO - ============================================================
2026-04-02 19:57:21,657 - INFO - Portfolio construction: 38 longs, 38 shorts (from 38 candidates)
2026-04-02 19:57:21,657 - INFO - Vol targeting: rolling_vol=0.0574, scale=1.3933
2026-04-02 19:57:21,657 - INFO - PnL Net: 0.0093 | Scaled: 0.0129 | Turnover: 15.64% | Vol Scale: 1.39
2026-04-02 19:57:21,657 - INFO - 
============================================================
2026-04-02 19:57:21,657 - INFO - Running paper trading for 2025-08-13
2026-04-02 19:57:21,657 - INFO - ============================================================
2026-04-02 19:57:21,658 - INFO - Portfolio construction: 38 longs, 38 shorts (from 38 candidates)
2026-04-02 19:57:21,658 - INFO - Vol targeting: rolling_vol=0.0564, scale=1.4186
2026-04-02 19:57:21,658 - INFO - PnL Net: 0.0002 | Scaled: 0.0003 | Turnover: 20.87% | Vol Scale: 1.42
2026-04-02 19:57:21,659 - INFO - 
============================================================
2026-04-02 19:57:21,659 - INFO - Running paper trading for 2025-08-14
2026-04-02 19:57:21,659 - INFO - ============================================================
2026-04-02 19:57:21,660 - INFO - Portfolio construction: 38 longs, 38 shorts (from 38 candidates)
2026-04-02 19:57:21,660 - INFO - Vol targeting: rolling_vol=0.0564, scale=1.4190
2026-04-02 19:57:21,660 - INFO - PnL Net: 0.0010 | Scaled: 0.0014 | Turnover: 18.05% | Vol Scale: 1.42
2026-04-02 19:57:21,660 - INFO - 
============================================================
2026-04-02 19:57:21,660 - INFO - Running paper trading for 2025-08-15
2026-04-02 19:57:21,660 - INFO - ============================================================
2026-04-02 19:57:21,661 - INFO - Portfolio construction: 38 longs, 38 shorts (from 38 candidates)
2026-04-02 19:57:21,661 - INFO - Vol targeting: rolling_vol=0.0559, scale=1.4310
2026-04-02 19:57:21,661 - INFO - PnL Net: 0.0002 | Scaled: 0.0003 | Turnover: 19.70% | Vol Scale: 1.43
2026-04-02 19:57:21,661 - INFO - 
============================================================
2026-04-02 19:57:21,661 - INFO - Running paper trading for 2025-08-18
2026-04-02 19:57:21,661 - INFO - ============================================================
2026-04-02 19:57:21,662 - INFO - Portfolio construction: 38 longs, 38 shorts (from 38 candidates)
2026-04-02 19:57:21,662 - INFO - Vol targeting: rolling_vol=0.0515, scale=1.5525
2026-04-02 19:57:21,662 - INFO - PnL Net: 0.0024 | Scaled: 0.0038 | Turnover: 18.09% | Vol Scale: 1.55
2026-04-02 19:57:21,662 - INFO - 
============================================================
2026-04-02 19:57:21,662 - INFO - Running paper trading for 2025-08-19
2026-04-02 19:57:21,662 - INFO - ============================================================
2026-04-02 19:57:21,663 - INFO - Portfolio construction: 38 longs, 38 shorts (from 38 candidates)
2026-04-02 19:57:21,664 - INFO - Vol targeting: rolling_vol=0.0516, scale=1.5515
2026-04-02 19:57:21,664 - INFO - PnL Net: -0.0020 | Scaled: -0.0031 | Turnover: 16.60% | Vol Scale: 1.55
2026-04-02 19:57:21,664 - INFO - 
============================================================
2026-04-02 19:57:21,664 - INFO - Running paper trading for 2025-08-20
2026-04-02 19:57:21,664 - INFO - ============================================================
2026-04-02 19:57:21,665 - INFO - Portfolio construction: 38 longs, 38 shorts (from 38 candidates)
2026-04-02 19:57:21,665 - INFO - Vol targeting: rolling_vol=0.0510, scale=1.5694
2026-04-02 19:57:21,666 - INFO - PnL Net: -0.0015 | Scaled: -0.0024 | Turnover: 15.21% | Vol Scale: 1.57
2026-04-02 19:57:21,666 - INFO - 
============================================================
2026-04-02 19:57:21,666 - INFO - Running paper trading for 2025-08-21
2026-04-02 19:57:21,666 - INFO - ============================================================
2026-04-02 19:57:21,667 - INFO - Portfolio construction: 38 longs, 38 shorts (from 38 candidates)
2026-04-02 19:57:21,667 - INFO - Vol targeting: rolling_vol=0.0594, scale=1.3476
2026-04-02 19:57:21,667 - INFO - PnL Net: 0.0089 | Scaled: 0.0120 | Turnover: 16.82% | Vol Scale: 1.35
2026-04-02 19:57:21,667 - INFO - 
============================================================
2026-04-02 19:57:21,667 - INFO - Running paper trading for 2025-08-22
2026-04-02 19:57:21,667 - INFO - ============================================================
2026-04-02 19:57:21,668 - INFO - Portfolio construction: 38 longs, 38 shorts (from 38 candidates)
2026-04-02 19:57:21,669 - INFO - Vol targeting: rolling_vol=0.0605, scale=1.3221
2026-04-02 19:57:21,669 - INFO - PnL Net: -0.0044 | Scaled: -0.0058 | Turnover: 15.55% | Vol Scale: 1.32
2026-04-02 19:57:21,669 - INFO - 
============================================================
2026-04-02 19:57:21,669 - INFO - Running paper trading for 2025-08-25
2026-04-02 19:57:21,669 - INFO - ============================================================
2026-04-02 19:57:21,670 - INFO - Portfolio construction: 38 longs, 38 shorts (from 38 candidates)
2026-04-02 19:57:21,670 - INFO - Vol targeting: rolling_vol=0.0596, scale=1.3428
2026-04-02 19:57:21,670 - INFO - PnL Net: 0.0005 | Scaled: 0.0007 | Turnover: 15.86% | Vol Scale: 1.34
2026-04-02 19:57:21,671 - INFO - 
============================================================
2026-04-02 19:57:21,671 - INFO - Running paper trading for 2025-08-26
2026-04-02 19:57:21,671 - INFO - ============================================================
2026-04-02 19:57:21,671 - INFO - Portfolio construction: 38 longs, 38 shorts (from 38 candidates)
2026-04-02 19:57:21,672 - INFO - Vol targeting: rolling_vol=0.0583, scale=1.3725
2026-04-02 19:57:21,672 - INFO - PnL Net: 0.0005 | Scaled: 0.0007 | Turnover: 17.06% | Vol Scale: 1.37
2026-04-02 19:57:21,672 - INFO - 
============================================================
2026-04-02 19:57:21,672 - INFO - Running paper trading for 2025-08-27
2026-04-02 19:57:21,672 - INFO - ============================================================
2026-04-02 19:57:21,673 - INFO - Portfolio construction: 38 longs, 38 shorts (from 38 candidates)
2026-04-02 19:57:21,673 - INFO - Vol targeting: rolling_vol=0.0555, scale=1.4411
2026-04-02 19:57:21,673 - INFO - PnL Net: -0.0002 | Scaled: -0.0002 | Turnover: 17.80% | Vol Scale: 1.44
2026-04-02 19:57:21,673 - INFO - 
============================================================
2026-04-02 19:57:21,673 - INFO - Running paper trading for 2025-08-28
2026-04-02 19:57:21,673 - INFO - ============================================================
2026-04-02 19:57:21,674 - INFO - Portfolio construction: 38 longs, 38 shorts (from 38 candidates)
2026-04-02 19:57:21,674 - INFO - Vol targeting: rolling_vol=0.0530, scale=1.5091
2026-04-02 19:57:21,674 - INFO - PnL Net: 0.0003 | Scaled: 0.0004 | Turnover: 19.25% | Vol Scale: 1.51
2026-04-02 19:57:21,674 - INFO - 
============================================================
2026-04-02 19:57:21,674 - INFO - Running paper trading for 2025-08-29
2026-04-02 19:57:21,674 - INFO - ============================================================
2026-04-02 19:57:21,675 - INFO - Portfolio construction: 38 longs, 38 shorts (from 38 candidates)
2026-04-02 19:57:21,675 - INFO - Vol targeting: rolling_vol=0.0539, scale=1.4841
2026-04-02 19:57:21,675 - INFO - PnL Net: -0.0017 | Scaled: -0.0026 | Turnover: 15.06% | Vol Scale: 1.48
2026-04-02 19:57:21,675 - INFO - 
============================================================
2026-04-02 19:57:21,676 - INFO - Running paper trading for 2025-09-02
2026-04-02 19:57:21,676 - INFO - ============================================================
2026-04-02 19:57:21,676 - INFO - Portfolio construction: 38 longs, 38 shorts (from 38 candidates)
2026-04-02 19:57:21,677 - INFO - Vol targeting: rolling_vol=0.0542, scale=1.4760
2026-04-02 19:57:21,677 - INFO - PnL Net: -0.0021 | Scaled: -0.0031 | Turnover: 18.16% | Vol Scale: 1.48
2026-04-02 19:57:21,677 - INFO - 
============================================================
2026-04-02 19:57:21,677 - INFO - Running paper trading for 2025-09-03
2026-04-02 19:57:21,677 - INFO - ============================================================
2026-04-02 19:57:21,678 - INFO - Portfolio construction: 38 longs, 38 shorts (from 38 candidates)
2026-04-02 19:57:21,678 - INFO - Vol targeting: rolling_vol=0.0537, scale=1.4886
2026-04-02 19:57:21,678 - INFO - PnL Net: 0.0013 | Scaled: 0.0020 | Turnover: 17.78% | Vol Scale: 1.49
2026-04-02 19:57:21,678 - INFO - 
============================================================
2026-04-02 19:57:21,678 - INFO - Running paper trading for 2025-09-04
2026-04-02 19:57:21,678 - INFO - ============================================================
2026-04-02 19:57:21,679 - INFO - Portfolio construction: 38 longs, 38 shorts (from 38 candidates)
2026-04-02 19:57:21,679 - INFO - Vol targeting: rolling_vol=0.0534, scale=1.4994
2026-04-02 19:57:21,680 - INFO - PnL Net: 0.0012 | Scaled: 0.0019 | Turnover: 17.33% | Vol Scale: 1.50
2026-04-02 19:57:21,680 - INFO - 
============================================================
2026-04-02 19:57:21,680 - INFO - Running paper trading for 2025-09-05
2026-04-02 19:57:21,680 - INFO - ============================================================
2026-04-02 19:57:21,681 - INFO - Portfolio construction: 38 longs, 38 shorts (from 38 candidates)
2026-04-02 19:57:21,682 - INFO - Vol targeting: rolling_vol=0.0539, scale=1.4842
2026-04-02 19:57:21,682 - INFO - PnL Net: -0.0013 | Scaled: -0.0019 | Turnover: 20.00% | Vol Scale: 1.48
2026-04-02 19:57:21,682 - INFO - 
============================================================
2026-04-02 19:57:21,682 - INFO - Running paper trading for 2025-09-08
2026-04-02 19:57:21,682 - INFO - ============================================================
2026-04-02 19:57:21,683 - INFO - Portfolio construction: 38 longs, 38 shorts (from 38 candidates)
2026-04-02 19:57:21,683 - INFO - Vol targeting: rolling_vol=0.0535, scale=1.4949
2026-04-02 19:57:21,683 - INFO - PnL Net: -0.0003 | Scaled: -0.0004 | Turnover: 16.66% | Vol Scale: 1.49
2026-04-02 19:57:21,683 - INFO - 
============================================================
2026-04-02 19:57:21,683 - INFO - Running paper trading for 2025-09-09
2026-04-02 19:57:21,683 - INFO - ============================================================
2026-04-02 19:57:21,684 - INFO - Portfolio construction: 38 longs, 38 shorts (from 38 candidates)
2026-04-02 19:57:21,684 - INFO - Vol targeting: rolling_vol=0.0534, scale=1.4986
2026-04-02 19:57:21,684 - INFO - PnL Net: -0.0044 | Scaled: -0.0065 | Turnover: 17.19% | Vol Scale: 1.50
2026-04-02 19:57:21,684 - INFO - 
============================================================
2026-04-02 19:57:21,684 - INFO - Running paper trading for 2025-09-10
2026-04-02 19:57:21,684 - INFO - ============================================================
2026-04-02 19:57:21,685 - INFO - Portfolio construction: 38 longs, 38 shorts (from 38 candidates)
2026-04-02 19:57:21,686 - INFO - Vol targeting: rolling_vol=0.0448, scale=1.7844
2026-04-02 19:57:21,686 - INFO - PnL Net: 0.0040 | Scaled: 0.0072 | Turnover: 16.96% | Vol Scale: 1.78
2026-04-02 19:57:21,686 - INFO - 
============================================================
2026-04-02 19:57:21,686 - INFO - Running paper trading for 2025-09-11
2026-04-02 19:57:21,686 - INFO - ============================================================
2026-04-02 19:57:21,687 - INFO - Portfolio construction: 38 longs, 38 shorts (from 38 candidates)
2026-04-02 19:57:21,687 - INFO - Vol targeting: rolling_vol=0.0472, scale=1.6944
2026-04-02 19:57:21,687 - INFO - PnL Net: -0.0041 | Scaled: -0.0070 | Turnover: 17.39% | Vol Scale: 1.69
2026-04-02 19:57:21,688 - INFO - 
============================================================
2026-04-02 19:57:21,688 - INFO - Running paper trading for 2025-09-12
2026-04-02 19:57:21,688 - INFO - ============================================================
2026-04-02 19:57:21,689 - INFO - Portfolio construction: 38 longs, 38 shorts (from 38 candidates)
2026-04-02 19:57:21,689 - INFO - Vol targeting: rolling_vol=0.0475, scale=1.6830
2026-04-02 19:57:21,689 - INFO - PnL Net: -0.0021 | Scaled: -0.0035 | Turnover: 15.81% | Vol Scale: 1.68
2026-04-02 19:57:21,689 - INFO - 
============================================================
2026-04-02 19:57:21,689 - INFO - Running paper trading for 2025-09-15
2026-04-02 19:57:21,689 - INFO - ============================================================
2026-04-02 19:57:21,690 - INFO - Portfolio construction: 38 longs, 38 shorts (from 38 candidates)
2026-04-02 19:57:21,690 - INFO - Vol targeting: rolling_vol=0.0477, scale=1.6773
2026-04-02 19:57:21,690 - INFO - PnL Net: 0.0010 | Scaled: 0.0016 | Turnover: 18.17% | Vol Scale: 1.68
2026-04-02 19:57:21,690 - INFO - 
============================================================
2026-04-02 19:57:21,690 - INFO - Running paper trading for 2025-09-16
2026-04-02 19:57:21,691 - INFO - ============================================================
2026-04-02 19:57:21,691 - INFO - Portfolio construction: 38 longs, 38 shorts (from 38 candidates)
2026-04-02 19:57:21,692 - INFO - Vol targeting: rolling_vol=0.0469, scale=1.7072
2026-04-02 19:57:21,692 - INFO - PnL Net: 0.0006 | Scaled: 0.0011 | Turnover: 16.81% | Vol Scale: 1.71
2026-04-02 19:57:21,692 - INFO - 
============================================================
2026-04-02 19:57:21,692 - INFO - Running paper trading for 2025-09-17
2026-04-02 19:57:21,692 - INFO - ============================================================
2026-04-02 19:57:21,693 - INFO - Portfolio construction: 38 longs, 38 shorts (from 38 candidates)
2026-04-02 19:57:21,694 - INFO - Vol targeting: rolling_vol=0.0483, scale=1.6553
2026-04-02 19:57:21,694 - INFO - PnL Net: 0.0037 | Scaled: 0.0061 | Turnover: 15.39% | Vol Scale: 1.66
2026-04-02 19:57:21,694 - INFO - 
============================================================
2026-04-02 19:57:21,694 - INFO - Running paper trading for 2025-09-18
2026-04-02 19:57:21,694 - INFO - ============================================================
2026-04-02 19:57:21,695 - INFO - Portfolio construction: 38 longs, 38 shorts (from 38 candidates)
2026-04-02 19:57:21,695 - INFO - Vol targeting: rolling_vol=0.0490, scale=1.6323
2026-04-02 19:57:21,695 - INFO - PnL Net: -0.0028 | Scaled: -0.0045 | Turnover: 13.88% | Vol Scale: 1.63
2026-04-02 19:57:21,695 - INFO - 
============================================================
2026-04-02 19:57:21,695 - INFO - Running paper trading for 2025-09-19
2026-04-02 19:57:21,695 - INFO - ============================================================
2026-04-02 19:57:21,696 - INFO - Portfolio construction: 38 longs, 38 shorts (from 38 candidates)
2026-04-02 19:57:21,697 - INFO - Vol targeting: rolling_vol=0.0368, scale=2.0000
2026-04-02 19:57:21,697 - INFO - PnL Net: -0.0018 | Scaled: -0.0037 | Turnover: 14.15% | Vol Scale: 2.00
2026-04-02 19:57:21,697 - INFO - 
============================================================
2026-04-02 19:57:21,697 - INFO - Running paper trading for 2025-09-22
2026-04-02 19:57:21,697 - INFO - ============================================================
2026-04-02 19:57:21,698 - INFO - Portfolio construction: 38 longs, 38 shorts (from 38 candidates)
2026-04-02 19:57:21,698 - INFO - Vol targeting: rolling_vol=0.0347, scale=2.0000
2026-04-02 19:57:21,698 - INFO - PnL Net: -0.0022 | Scaled: -0.0044 | Turnover: 12.25% | Vol Scale: 2.00
2026-04-02 19:57:21,698 - INFO - 
============================================================
2026-04-02 19:57:21,698 - INFO - Running paper trading for 2025-09-23
2026-04-02 19:57:21,698 - INFO - ============================================================
2026-04-02 19:57:21,700 - INFO - Portfolio construction: 38 longs, 38 shorts (from 38 candidates)
2026-04-02 19:57:21,700 - INFO - Vol targeting: rolling_vol=0.0347, scale=2.0000
2026-04-02 19:57:21,700 - INFO - PnL Net: 0.0006 | Scaled: 0.0012 | Turnover: 11.55% | Vol Scale: 2.00
2026-04-02 19:57:21,700 - INFO - 
============================================================
2026-04-02 19:57:21,700 - INFO - Running paper trading for 2025-09-24
2026-04-02 19:57:21,700 - INFO - ============================================================
2026-04-02 19:57:21,701 - INFO - Portfolio construction: 38 longs, 38 shorts (from 38 candidates)
2026-04-02 19:57:21,701 - INFO - Vol targeting: rolling_vol=0.0370, scale=2.0000
2026-04-02 19:57:21,702 - WARNING - KS3 TRIGGERED: 60-day Sharpe -0.2339 < 0
2026-04-02 19:57:21,702 - INFO - PnL Net: -0.0044 | Scaled: -0.0087 | Turnover: 10.82% | Vol Scale: 2.00
2026-04-02 19:57:21,702 - INFO - 
============================================================
2026-04-02 19:57:21,702 - INFO - Running paper trading for 2025-09-25
2026-04-02 19:57:21,702 - INFO - ============================================================
2026-04-02 19:57:21,703 - INFO - Portfolio construction: 38 longs, 38 shorts (from 38 candidates)
2026-04-02 19:57:21,704 - INFO - Vol targeting: rolling_vol=0.0394, scale=2.0000
2026-04-02 19:57:21,704 - WARNING - KS3 TRIGGERED: 60-day Sharpe -0.0747 < 0
2026-04-02 19:57:21,704 - INFO - PnL Net: 0.0031 | Scaled: 0.0063 | Turnover: 11.32% | Vol Scale: 2.00
2026-04-02 19:57:21,704 - INFO - 
============================================================
2026-04-02 19:57:21,704 - INFO - Running paper trading for 2025-09-26
2026-04-02 19:57:21,704 - INFO - ============================================================
2026-04-02 19:57:21,705 - INFO - Portfolio construction: 38 longs, 38 shorts (from 38 candidates)
2026-04-02 19:57:21,705 - INFO - Vol targeting: rolling_vol=0.0396, scale=2.0000
2026-04-02 19:57:21,705 - WARNING - KS3 TRIGGERED: 60-day Sharpe -0.1133 < 0
2026-04-02 19:57:21,705 - INFO - PnL Net: 0.0009 | Scaled: 0.0019 | Turnover: 10.79% | Vol Scale: 2.00
2026-04-02 19:57:21,705 - INFO - 
============================================================
2026-04-02 19:57:21,705 - INFO - Running paper trading for 2025-09-29
2026-04-02 19:57:21,705 - INFO - ============================================================
2026-04-02 19:57:21,706 - INFO - Portfolio construction: 38 longs, 38 shorts (from 38 candidates)
2026-04-02 19:57:21,707 - INFO - Vol targeting: rolling_vol=0.0395, scale=2.0000
2026-04-02 19:57:21,707 - INFO - PnL Net: 0.0006 | Scaled: 0.0013 | Turnover: 18.78% | Vol Scale: 2.00
2026-04-02 19:57:21,707 - INFO - 
============================================================
2026-04-02 19:57:21,707 - INFO - Running paper trading for 2025-09-30
2026-04-02 19:57:21,707 - INFO - ============================================================
2026-04-02 19:57:21,708 - INFO - Portfolio construction: 38 longs, 38 shorts (from 38 candidates)
2026-04-02 19:57:21,708 - INFO - Vol targeting: rolling_vol=0.0394, scale=2.0000
2026-04-02 19:57:21,708 - INFO - PnL Net: 0.0013 | Scaled: 0.0026 | Turnover: 16.32% | Vol Scale: 2.00
2026-04-02 19:57:21,708 - INFO - 
============================================================
2026-04-02 19:57:21,708 - INFO - Running paper trading for 2025-10-01
2026-04-02 19:57:21,708 - INFO - ============================================================
2026-04-02 19:57:21,710 - INFO - Portfolio construction: 38 longs, 38 shorts (from 38 candidates)
2026-04-02 19:57:21,710 - INFO - Vol targeting: rolling_vol=0.0406, scale=1.9724
2026-04-02 19:57:21,710 - INFO - PnL Net: 0.0029 | Scaled: 0.0057 | Turnover: 13.62% | Vol Scale: 1.97
2026-04-02 19:57:21,710 - INFO - 
============================================================
2026-04-02 19:57:21,710 - INFO - Running paper trading for 2025-10-02
2026-04-02 19:57:21,710 - INFO - ============================================================
2026-04-02 19:57:21,711 - INFO - Portfolio construction: 38 longs, 38 shorts (from 38 candidates)
2026-04-02 19:57:21,711 - INFO - Vol targeting: rolling_vol=0.0415, scale=1.9257
2026-04-02 19:57:21,712 - INFO - PnL Net: 0.0028 | Scaled: 0.0053 | Turnover: 12.21% | Vol Scale: 1.93
2026-04-02 19:57:21,712 - INFO - 
============================================================
2026-04-02 19:57:21,712 - INFO - Running paper trading for 2025-10-03
2026-04-02 19:57:21,712 - INFO - ============================================================
2026-04-02 19:57:21,713 - INFO - Portfolio construction: 38 longs, 38 shorts (from 38 candidates)
2026-04-02 19:57:21,713 - INFO - Vol targeting: rolling_vol=0.0436, scale=1.8365
2026-04-02 19:57:21,714 - INFO - PnL Net: 0.0040 | Scaled: 0.0073 | Turnover: 10.49% | Vol Scale: 1.84
2026-04-02 19:57:21,714 - INFO - 
============================================================
2026-04-02 19:57:21,714 - INFO - Running paper trading for 2025-10-06
2026-04-02 19:57:21,714 - INFO - ============================================================
2026-04-02 19:57:21,714 - INFO - Portfolio construction: 38 longs, 38 shorts (from 38 candidates)
2026-04-02 19:57:21,714 - INFO - Vol targeting: rolling_vol=0.0440, scale=1.8163
2026-04-02 19:57:21,714 - INFO - PnL Net: -0.0017 | Scaled: -0.0032 | Turnover: 8.91% | Vol Scale: 1.82
2026-04-02 19:57:21,715 - INFO - 
============================================================
2026-04-02 19:57:21,715 - INFO - Running paper trading for 2025-10-07
2026-04-02 19:57:21,715 - INFO - ============================================================
2026-04-02 19:57:21,716 - INFO - Portfolio construction: 38 longs, 38 shorts (from 38 candidates)
2026-04-02 19:57:21,716 - INFO - Vol targeting: rolling_vol=0.0418, scale=1.9150
2026-04-02 19:57:21,716 - INFO - PnL Net: 0.0027 | Scaled: 0.0053 | Turnover: 7.62% | Vol Scale: 1.91
2026-04-02 19:57:21,716 - INFO - 
============================================================
2026-04-02 19:57:21,716 - INFO - Running paper trading for 2025-10-08
2026-04-02 19:57:21,716 - INFO - ============================================================
2026-04-02 19:57:21,717 - INFO - Portfolio construction: 38 longs, 38 shorts (from 38 candidates)
2026-04-02 19:57:21,718 - INFO - Vol targeting: rolling_vol=0.0400, scale=1.9984
2026-04-02 19:57:21,718 - INFO - PnL Net: -0.0012 | Scaled: -0.0024 | Turnover: 6.47% | Vol Scale: 2.00
2026-04-02 19:57:21,718 - INFO - 
============================================================
2026-04-02 19:57:21,718 - INFO - Running paper trading for 2025-10-09
2026-04-02 19:57:21,718 - INFO - ============================================================
2026-04-02 19:57:21,719 - INFO - Portfolio construction: 38 longs, 38 shorts (from 38 candidates)
2026-04-02 19:57:21,719 - INFO - Vol targeting: rolling_vol=0.0499, scale=1.6037
2026-04-02 19:57:21,719 - INFO - PnL Net: -0.0093 | Scaled: -0.0149 | Turnover: 6.11% | Vol Scale: 1.60
2026-04-02 19:57:21,719 - INFO - 
============================================================
2026-04-02 19:57:21,719 - INFO - Running paper trading for 2025-10-10
2026-04-02 19:57:21,719 - INFO - ============================================================
2026-04-02 19:57:21,720 - INFO - Portfolio construction: 38 longs, 38 shorts (from 38 candidates)
2026-04-02 19:57:21,721 - INFO - Vol targeting: rolling_vol=0.0501, scale=1.5958
2026-04-02 19:57:21,721 - INFO - PnL Net: 0.0026 | Scaled: 0.0041 | Turnover: 16.58% | Vol Scale: 1.60
2026-04-02 19:57:21,721 - INFO - 
============================================================
2026-04-02 19:57:21,721 - INFO - Running paper trading for 2025-10-13
2026-04-02 19:57:21,721 - INFO - ============================================================
2026-04-02 19:57:21,722 - INFO - Portfolio construction: 38 longs, 36 shorts (from 38 candidates)
2026-04-02 19:57:21,722 - INFO - Vol targeting: rolling_vol=0.0500, scale=1.5985
2026-04-02 19:57:21,722 - INFO - PnL Net: 0.0001 | Scaled: 0.0001 | Turnover: 21.87% | Vol Scale: 1.60
2026-04-02 19:57:21,722 - INFO - 
============================================================
2026-04-02 19:57:21,722 - INFO - Running paper trading for 2025-10-14
2026-04-02 19:57:21,722 - INFO - ============================================================
2026-04-02 19:57:21,723 - INFO - Portfolio construction: 38 longs, 38 shorts (from 38 candidates)
2026-04-02 19:57:21,724 - INFO - Vol targeting: rolling_vol=0.0503, scale=1.5894
2026-04-02 19:57:21,724 - INFO - PnL Net: 0.0017 | Scaled: 0.0028 | Turnover: 19.87% | Vol Scale: 1.59
2026-04-02 19:57:21,724 - INFO - 
============================================================
2026-04-02 19:57:21,724 - INFO - Running paper trading for 2025-10-15
2026-04-02 19:57:21,724 - INFO - ============================================================
2026-04-02 19:57:21,725 - INFO - Portfolio construction: 38 longs, 38 shorts (from 38 candidates)
2026-04-02 19:57:21,726 - INFO - Vol targeting: rolling_vol=0.0506, scale=1.5825
2026-04-02 19:57:21,726 - WARNING - KS3 TRIGGERED: 60-day Sharpe -0.2138 < 0
2026-04-02 19:57:21,726 - INFO - PnL Net: -0.0039 | Scaled: -0.0062 | Turnover: 19.76% | Vol Scale: 1.58
2026-04-02 19:57:21,726 - INFO - 
============================================================
2026-04-02 19:57:21,726 - INFO - Running paper trading for 2025-10-16
2026-04-02 19:57:21,726 - INFO - ============================================================
2026-04-02 19:57:21,727 - INFO - Portfolio construction: 38 longs, 38 shorts (from 38 candidates)
2026-04-02 19:57:21,727 - INFO - Vol targeting: rolling_vol=0.0497, scale=1.6093
2026-04-02 19:57:21,727 - INFO - PnL Net: 0.0004 | Scaled: 0.0006 | Turnover: 19.81% | Vol Scale: 1.61
2026-04-02 19:57:21,727 - INFO - 
============================================================
2026-04-02 19:57:21,728 - INFO - Running paper trading for 2025-10-17
2026-04-02 19:57:21,728 - INFO - ============================================================
2026-04-02 19:57:21,728 - INFO - Portfolio construction: 38 longs, 2 shorts (from 38 candidates)
2026-04-02 19:57:21,729 - INFO - Vol targeting: rolling_vol=0.0522, scale=1.5325
2026-04-02 19:57:21,729 - INFO - PnL Net: 0.0050 | Scaled: 0.0077 | Turnover: 21.18% | Vol Scale: 1.53
2026-04-02 19:57:21,729 - INFO - 
============================================================
2026-04-02 19:57:21,729 - INFO - Running paper trading for 2025-10-20
2026-04-02 19:57:21,729 - INFO - ============================================================
2026-04-02 19:57:21,730 - INFO - Portfolio construction: 38 longs, 38 shorts (from 38 candidates)
2026-04-02 19:57:21,730 - INFO - Vol targeting: rolling_vol=0.0521, scale=1.5369
2026-04-02 19:57:21,730 - INFO - PnL Net: 0.0028 | Scaled: 0.0043 | Turnover: 19.97% | Vol Scale: 1.54
2026-04-02 19:57:21,730 - INFO - 
============================================================
2026-04-02 19:57:21,730 - INFO - Running paper trading for 2025-10-21
2026-04-02 19:57:21,730 - INFO - ============================================================
2026-04-02 19:57:21,731 - INFO - Portfolio construction: 38 longs, 38 shorts (from 38 candidates)
2026-04-02 19:57:21,732 - INFO - Vol targeting: rolling_vol=0.0528, scale=1.5154
2026-04-02 19:57:21,732 - INFO - PnL Net: -0.0020 | Scaled: -0.0030 | Turnover: 17.75% | Vol Scale: 1.52
2026-04-02 19:57:21,732 - INFO - 
============================================================
2026-04-02 19:57:21,732 - INFO - Running paper trading for 2025-10-22
2026-04-02 19:57:21,732 - INFO - ============================================================
2026-04-02 19:57:21,733 - INFO - Portfolio construction: 38 longs, 38 shorts (from 38 candidates)
2026-04-02 19:57:21,733 - INFO - Vol targeting: rolling_vol=0.0516, scale=1.5499
2026-04-02 19:57:21,733 - INFO - PnL Net: 0.0046 | Scaled: 0.0071 | Turnover: 16.55% | Vol Scale: 1.55
2026-04-02 19:57:21,733 - INFO - 
============================================================
2026-04-02 19:57:21,734 - INFO - Running paper trading for 2025-10-23
2026-04-02 19:57:21,734 - INFO - ============================================================
2026-04-02 19:57:21,735 - INFO - Portfolio construction: 38 longs, 38 shorts (from 38 candidates)
2026-04-02 19:57:21,735 - INFO - Vol targeting: rolling_vol=0.0510, scale=1.5701
2026-04-02 19:57:21,736 - INFO - PnL Net: 0.0010 | Scaled: 0.0015 | Turnover: 18.04% | Vol Scale: 1.57
2026-04-02 19:57:21,736 - INFO - 
============================================================
2026-04-02 19:57:21,736 - INFO - Running paper trading for 2025-10-24
2026-04-02 19:57:21,736 - INFO - ============================================================
2026-04-02 19:57:21,737 - INFO - Portfolio construction: 38 longs, 38 shorts (from 38 candidates)
2026-04-02 19:57:21,737 - INFO - Vol targeting: rolling_vol=0.0511, scale=1.5665
2026-04-02 19:57:21,737 - INFO - PnL Net: 0.0018 | Scaled: 0.0028 | Turnover: 20.07% | Vol Scale: 1.57
2026-04-02 19:57:21,737 - INFO - 
============================================================
2026-04-02 19:57:21,737 - INFO - Running paper trading for 2025-10-27
2026-04-02 19:57:21,737 - INFO - ============================================================
2026-04-02 19:57:21,738 - INFO - Portfolio construction: 38 longs, 38 shorts (from 38 candidates)
2026-04-02 19:57:21,738 - INFO - Vol targeting: rolling_vol=0.0513, scale=1.5609
2026-04-02 19:57:21,739 - INFO - PnL Net: -0.0005 | Scaled: -0.0007 | Turnover: 20.20% | Vol Scale: 1.56
2026-04-02 19:57:21,739 - INFO - 
============================================================
2026-04-02 19:57:21,739 - INFO - Running paper trading for 2025-10-28
2026-04-02 19:57:21,739 - INFO - ============================================================
2026-04-02 19:57:21,740 - INFO - Portfolio construction: 38 longs, 38 shorts (from 38 candidates)
2026-04-02 19:57:21,740 - INFO - Vol targeting: rolling_vol=0.0516, scale=1.5503
2026-04-02 19:57:21,740 - INFO - PnL Net: -0.0011 | Scaled: -0.0017 | Turnover: 17.57% | Vol Scale: 1.55
2026-04-02 19:57:21,740 - INFO - 
============================================================
2026-04-02 19:57:21,740 - INFO - Running paper trading for 2025-10-29
2026-04-02 19:57:21,740 - INFO - ============================================================
2026-04-02 19:57:21,741 - INFO - Portfolio construction: 38 longs, 38 shorts (from 38 candidates)
2026-04-02 19:57:21,742 - INFO - Vol targeting: rolling_vol=0.0533, scale=1.4997
2026-04-02 19:57:21,742 - INFO - PnL Net: -0.0041 | Scaled: -0.0061 | Turnover: 16.24% | Vol Scale: 1.50
2026-04-02 19:57:21,742 - INFO - 
============================================================
2026-04-02 19:57:21,742 - INFO - Running paper trading for 2025-10-30
2026-04-02 19:57:21,742 - INFO - ============================================================
2026-04-02 19:57:21,743 - INFO - Portfolio construction: 38 longs, 38 shorts (from 38 candidates)
2026-04-02 19:57:21,743 - INFO - Vol targeting: rolling_vol=0.0529, scale=1.5111
2026-04-02 19:57:21,743 - INFO - PnL Net: 0.0019 | Scaled: 0.0029 | Turnover: 17.83% | Vol Scale: 1.51
2026-04-02 19:57:21,743 - INFO - 
============================================================
2026-04-02 19:57:21,743 - INFO - Running paper trading for 2025-10-31
2026-04-02 19:57:21,743 - INFO - ============================================================
2026-04-02 19:57:21,744 - INFO - Portfolio construction: 38 longs, 38 shorts (from 38 candidates)
2026-04-02 19:57:21,745 - INFO - Vol targeting: rolling_vol=0.0514, scale=1.5577
2026-04-02 19:57:21,745 - INFO - PnL Net: -0.0012 | Scaled: -0.0019 | Turnover: 17.75% | Vol Scale: 1.56
2026-04-02 19:57:21,745 - INFO - 
============================================================
2026-04-02 19:57:21,745 - INFO - Running paper trading for 2025-11-03
2026-04-02 19:57:21,745 - INFO - ============================================================
2026-04-02 19:57:21,746 - INFO - Portfolio construction: 38 longs, 38 shorts (from 38 candidates)
2026-04-02 19:57:21,746 - INFO - Vol targeting: rolling_vol=0.0532, scale=1.5032
2026-04-02 19:57:21,747 - INFO - PnL Net: -0.0044 | Scaled: -0.0065 | Turnover: 18.48% | Vol Scale: 1.50
2026-04-02 19:57:21,747 - INFO - 
============================================================
2026-04-02 19:57:21,747 - INFO - Running paper trading for 2025-11-04
2026-04-02 19:57:21,747 - INFO - ============================================================
2026-04-02 19:57:21,748 - INFO - Portfolio construction: 38 longs, 38 shorts (from 38 candidates)
2026-04-02 19:57:21,748 - INFO - Vol targeting: rolling_vol=0.0532, scale=1.5046
2026-04-02 19:57:21,748 - INFO - PnL Net: 0.0027 | Scaled: 0.0040 | Turnover: 18.50% | Vol Scale: 1.50
2026-04-02 19:57:21,748 - INFO - 
============================================================
2026-04-02 19:57:21,748 - INFO - Running paper trading for 2025-11-05
2026-04-02 19:57:21,748 - INFO - ============================================================
2026-04-02 19:57:21,749 - INFO - Portfolio construction: 38 longs, 38 shorts (from 38 candidates)
2026-04-02 19:57:21,750 - INFO - Vol targeting: rolling_vol=0.0556, scale=1.4381
2026-04-02 19:57:21,750 - WARNING - KS3 TRIGGERED: 60-day Sharpe -0.0205 < 0
2026-04-02 19:57:21,750 - INFO - PnL Net: -0.0050 | Scaled: -0.0071 | Turnover: 18.91% | Vol Scale: 1.44
2026-04-02 19:57:21,750 - INFO - 
============================================================
2026-04-02 19:57:21,750 - INFO - Running paper trading for 2025-11-06
2026-04-02 19:57:21,750 - INFO - ============================================================
2026-04-02 19:57:21,751 - INFO - Portfolio construction: 38 longs, 38 shorts (from 38 candidates)
2026-04-02 19:57:21,751 - INFO - Vol targeting: rolling_vol=0.0450, scale=1.7759
2026-04-02 19:57:21,751 - WARNING - KS3 TRIGGERED: 60-day Sharpe -0.0011 < 0
2026-04-02 19:57:21,751 - INFO - PnL Net: 0.0004 | Scaled: 0.0007 | Turnover: 19.27% | Vol Scale: 1.78
2026-04-02 19:57:21,751 - INFO - 
============================================================
2026-04-02 19:57:21,751 - INFO - Running paper trading for 2025-11-07
2026-04-02 19:57:21,751 - INFO - ============================================================
2026-04-02 19:57:21,752 - WARNING - No negative predictions for shorts - skipping short positions
2026-04-02 19:57:21,753 - INFO - Portfolio construction: 38 longs, 0 shorts (from 38 candidates)
2026-04-02 19:57:21,753 - INFO - Vol targeting: rolling_vol=0.0446, scale=1.7921
2026-04-02 19:57:21,753 - INFO - PnL Net: 0.0019 | Scaled: 0.0034 | Turnover: 13.18% | Vol Scale: 1.79
2026-04-02 19:57:21,753 - INFO - 
============================================================
2026-04-02 19:57:21,753 - INFO - Running paper trading for 2025-11-10
2026-04-02 19:57:21,753 - INFO - ============================================================
2026-04-02 19:57:21,754 - INFO - Portfolio construction: 38 longs, 38 shorts (from 38 candidates)
2026-04-02 19:57:21,754 - INFO - Vol targeting: rolling_vol=0.0454, scale=1.7634
2026-04-02 19:57:21,754 - INFO - PnL Net: 0.0024 | Scaled: 0.0043 | Turnover: 18.16% | Vol Scale: 1.76
2026-04-02 19:57:21,754 - INFO - 
============================================================
2026-04-02 19:57:21,754 - INFO - Running paper trading for 2025-11-11
2026-04-02 19:57:21,754 - INFO - ============================================================
2026-04-02 19:57:21,756 - INFO - Portfolio construction: 38 longs, 38 shorts (from 38 candidates)
2026-04-02 19:57:21,756 - INFO - Vol targeting: rolling_vol=0.0464, scale=1.7224
2026-04-02 19:57:21,756 - INFO - PnL Net: 0.0034 | Scaled: 0.0059 | Turnover: 16.31% | Vol Scale: 1.72
2026-04-02 19:57:21,756 - INFO - 
============================================================
2026-04-02 19:57:21,756 - INFO - Running paper trading for 2025-11-12
2026-04-02 19:57:21,756 - INFO - ============================================================
2026-04-02 19:57:21,757 - INFO - Portfolio construction: 38 longs, 38 shorts (from 38 candidates)
2026-04-02 19:57:21,758 - INFO - Vol targeting: rolling_vol=0.0448, scale=1.7861
2026-04-02 19:57:21,758 - INFO - PnL Net: -0.0022 | Scaled: -0.0039 | Turnover: 15.82% | Vol Scale: 1.79
2026-04-02 19:57:21,758 - INFO - 
============================================================
2026-04-02 19:57:21,758 - INFO - Running paper trading for 2025-11-13
2026-04-02 19:57:21,758 - INFO - ============================================================
2026-04-02 19:57:21,759 - INFO - Portfolio construction: 38 longs, 38 shorts (from 38 candidates)
2026-04-02 19:57:21,759 - INFO - Vol targeting: rolling_vol=0.0464, scale=1.7238
2026-04-02 19:57:21,759 - INFO - PnL Net: -0.0031 | Scaled: -0.0054 | Turnover: 17.53% | Vol Scale: 1.72
2026-04-02 19:57:21,759 - INFO - 
============================================================
2026-04-02 19:57:21,759 - INFO - Running paper trading for 2025-11-14
2026-04-02 19:57:21,759 - INFO - ============================================================
2026-04-02 19:57:21,760 - INFO - Portfolio construction: 38 longs, 38 shorts (from 38 candidates)
2026-04-02 19:57:21,760 - INFO - Vol targeting: rolling_vol=0.0494, scale=1.6195
2026-04-02 19:57:21,760 - WARNING - KS3 TRIGGERED: 60-day Sharpe -1.2139 < 0
2026-04-02 19:57:21,760 - INFO - PnL Net: -0.0071 | Scaled: -0.0114 | Turnover: 18.41% | Vol Scale: 1.62
2026-04-02 19:57:21,760 - INFO - 
============================================================
2026-04-02 19:57:21,760 - INFO - Running paper trading for 2025-11-17
2026-04-02 19:57:21,760 - INFO - ============================================================
2026-04-02 19:57:21,761 - INFO - Portfolio construction: 38 longs, 38 shorts (from 38 candidates)
2026-04-02 19:57:21,762 - INFO - Vol targeting: rolling_vol=0.0481, scale=1.6647
2026-04-02 19:57:21,762 - WARNING - KS3 TRIGGERED: 60-day Sharpe -0.9382 < 0
2026-04-02 19:57:21,762 - INFO - PnL Net: -0.0011 | Scaled: -0.0018 | Turnover: 18.60% | Vol Scale: 1.66
2026-04-02 19:57:21,762 - INFO - 
============================================================
2026-04-02 19:57:21,762 - INFO - Running paper trading for 2025-11-18
2026-04-02 19:57:21,762 - INFO - ============================================================
2026-04-02 19:57:21,763 - INFO - Portfolio construction: 38 longs, 38 shorts (from 38 candidates)
2026-04-02 19:57:21,763 - INFO - Vol targeting: rolling_vol=0.0478, scale=1.6738
2026-04-02 19:57:21,763 - WARNING - KS3 TRIGGERED: 60-day Sharpe -0.9945 < 0
2026-04-02 19:57:21,763 - INFO - PnL Net: -0.0001 | Scaled: -0.0002 | Turnover: 17.82% | Vol Scale: 1.67
2026-04-02 19:57:21,763 - INFO - 
============================================================
2026-04-02 19:57:21,763 - INFO - Running paper trading for 2025-11-19
2026-04-02 19:57:21,763 - INFO - ============================================================
2026-04-02 19:57:21,764 - INFO - Portfolio construction: 38 longs, 10 shorts (from 38 candidates)
2026-04-02 19:57:21,765 - INFO - Vol targeting: rolling_vol=0.0464, scale=1.7231
2026-04-02 19:57:21,765 - WARNING - KS3 TRIGGERED: 60-day Sharpe -1.4547 < 0
2026-04-02 19:57:21,765 - INFO - PnL Net: -0.0049 | Scaled: -0.0085 | Turnover: 20.34% | Vol Scale: 1.72
2026-04-02 19:57:21,766 - INFO - 
============================================================
2026-04-02 19:57:21,766 - INFO - Running paper trading for 2025-11-20
2026-04-02 19:57:21,766 - INFO - ============================================================
2026-04-02 19:57:21,767 - INFO - Portfolio construction: 38 longs, 4 shorts (from 38 candidates)
2026-04-02 19:57:21,767 - INFO - Vol targeting: rolling_vol=0.0537, scale=1.4897
2026-04-02 19:57:21,767 - WARNING - KS3 TRIGGERED: 60-day Sharpe -0.7805 < 0
2026-04-02 19:57:21,767 - INFO - PnL Net: 0.0070 | Scaled: 0.0104 | Turnover: 18.63% | Vol Scale: 1.49
2026-04-02 19:57:21,767 - INFO - 
============================================================
2026-04-02 19:57:21,767 - INFO - Running paper trading for 2025-11-21
2026-04-02 19:57:21,767 - INFO - ============================================================
2026-04-02 19:57:21,768 - WARNING - No negative predictions for shorts - skipping short positions
2026-04-02 19:57:21,768 - INFO - Portfolio construction: 38 longs, 0 shorts (from 38 candidates)
2026-04-02 19:57:21,768 - INFO - Vol targeting: rolling_vol=0.0544, scale=1.4711
2026-04-02 19:57:21,769 - WARNING - KS3 TRIGGERED: 60-day Sharpe -0.5647 < 0
2026-04-02 19:57:21,769 - INFO - PnL Net: 0.0028 | Scaled: 0.0041 | Turnover: 14.74% | Vol Scale: 1.47
2026-04-02 19:57:21,769 - INFO - 
============================================================
2026-04-02 19:57:21,769 - INFO - Running paper trading for 2025-11-24
2026-04-02 19:57:21,769 - INFO - ============================================================
2026-04-02 19:57:21,770 - INFO - Portfolio construction: 38 longs, 38 shorts (from 38 candidates)
2026-04-02 19:57:21,770 - INFO - Vol targeting: rolling_vol=0.0569, scale=1.4057
2026-04-02 19:57:21,770 - WARNING - KS3 TRIGGERED: 60-day Sharpe -0.0606 < 0
2026-04-02 19:57:21,770 - INFO - PnL Net: 0.0042 | Scaled: 0.0060 | Turnover: 18.63% | Vol Scale: 1.41
2026-04-02 19:57:21,770 - INFO - 
============================================================
2026-04-02 19:57:21,770 - INFO - Running paper trading for 2025-11-25
2026-04-02 19:57:21,770 - INFO - ============================================================
2026-04-02 19:57:21,771 - INFO - Portfolio construction: 38 longs, 29 shorts (from 38 candidates)
2026-04-02 19:57:21,772 - INFO - Vol targeting: rolling_vol=0.0582, scale=1.3744
2026-04-02 19:57:21,772 - INFO - PnL Net: 0.0033 | Scaled: 0.0045 | Turnover: 16.83% | Vol Scale: 1.37
2026-04-02 19:57:21,772 - INFO - 
============================================================
2026-04-02 19:57:21,772 - INFO - Running paper trading for 2025-11-26
2026-04-02 19:57:21,772 - INFO - ============================================================
2026-04-02 19:57:21,773 - INFO - Portfolio construction: 38 longs, 38 shorts (from 38 candidates)
2026-04-02 19:57:21,773 - INFO - Vol targeting: rolling_vol=0.0572, scale=1.3978
2026-04-02 19:57:21,773 - INFO - PnL Net: 0.0028 | Scaled: 0.0039 | Turnover: 19.67% | Vol Scale: 1.40
2026-04-02 19:57:21,773 - INFO - 
============================================================
2026-04-02 19:57:21,773 - INFO - Running paper trading for 2025-11-28
2026-04-02 19:57:21,773 - INFO - ============================================================
2026-04-02 19:57:21,774 - INFO - Portfolio construction: 38 longs, 38 shorts (from 38 candidates)
2026-04-02 19:57:21,774 - INFO - Vol targeting: rolling_vol=0.0570, scale=1.4044
2026-04-02 19:57:21,774 - INFO - PnL Net: -0.0008 | Scaled: -0.0011 | Turnover: 18.71% | Vol Scale: 1.40
2026-04-02 19:57:21,774 - INFO - 
============================================================
2026-04-02 19:57:21,775 - INFO - Running paper trading for 2025-12-01
2026-04-02 19:57:21,775 - INFO - ============================================================
2026-04-02 19:57:21,776 - INFO - Portfolio construction: 38 longs, 38 shorts (from 38 candidates)
2026-04-02 19:57:21,776 - INFO - Vol targeting: rolling_vol=0.0577, scale=1.3855
2026-04-02 19:57:21,776 - INFO - PnL Net: 0.0032 | Scaled: 0.0044 | Turnover: 17.87% | Vol Scale: 1.39
2026-04-02 19:57:21,776 - INFO - 
============================================================
2026-04-02 19:57:21,776 - INFO - Running paper trading for 2025-12-02
2026-04-02 19:57:21,776 - INFO - ============================================================
2026-04-02 19:57:21,777 - INFO - Portfolio construction: 38 longs, 38 shorts (from 38 candidates)
2026-04-02 19:57:21,777 - INFO - Vol targeting: rolling_vol=0.0579, scale=1.3813
2026-04-02 19:57:21,777 - INFO - PnL Net: 0.0056 | Scaled: 0.0077 | Turnover: 20.20% | Vol Scale: 1.38
2026-04-02 19:57:21,777 - INFO - 
============================================================
2026-04-02 19:57:21,777 - INFO - Running paper trading for 2025-12-03
2026-04-02 19:57:21,777 - INFO - ============================================================
2026-04-02 19:57:21,778 - INFO - Portfolio construction: 38 longs, 38 shorts (from 38 candidates)
2026-04-02 19:57:21,779 - INFO - Vol targeting: rolling_vol=0.0576, scale=1.3891
2026-04-02 19:57:21,779 - INFO - PnL Net: -0.0002 | Scaled: -0.0003 | Turnover: 19.11% | Vol Scale: 1.39
2026-04-02 19:57:21,779 - INFO - 
============================================================
2026-04-02 19:57:21,779 - INFO - Running paper trading for 2025-12-04
2026-04-02 19:57:21,779 - INFO - ============================================================
2026-04-02 19:57:21,780 - INFO - Portfolio construction: 38 longs, 3 shorts (from 38 candidates)
2026-04-02 19:57:21,780 - INFO - Vol targeting: rolling_vol=0.0539, scale=1.4845
2026-04-02 19:57:21,780 - INFO - PnL Net: 0.0005 | Scaled: 0.0008 | Turnover: 19.09% | Vol Scale: 1.48
2026-04-02 19:57:21,780 - INFO - 
============================================================
2026-04-02 19:57:21,780 - INFO - Running paper trading for 2025-12-05
2026-04-02 19:57:21,780 - INFO - ============================================================
2026-04-02 19:57:21,781 - INFO - Portfolio construction: 38 longs, 2 shorts (from 38 candidates)
2026-04-02 19:57:21,782 - INFO - Vol targeting: rolling_vol=0.0571, scale=1.4018
2026-04-02 19:57:21,782 - INFO - PnL Net: -0.0045 | Scaled: -0.0063 | Turnover: 19.14% | Vol Scale: 1.40
2026-04-02 19:57:21,782 - INFO - 
============================================================
2026-04-02 19:57:21,782 - INFO - Running paper trading for 2025-12-08
2026-04-02 19:57:21,782 - INFO - ============================================================
2026-04-02 19:57:21,783 - WARNING - No negative predictions for shorts - skipping short positions
2026-04-02 19:57:21,783 - INFO - Portfolio construction: 38 longs, 0 shorts (from 38 candidates)
2026-04-02 19:57:21,783 - INFO - Vol targeting: rolling_vol=0.0570, scale=1.4030
2026-04-02 19:57:21,783 - INFO - PnL Net: -0.0005 | Scaled: -0.0008 | Turnover: 15.68% | Vol Scale: 1.40
2026-04-02 19:57:21,783 - INFO - 
============================================================
2026-04-02 19:57:21,783 - INFO - Running paper trading for 2025-12-09
2026-04-02 19:57:21,783 - INFO - ============================================================
2026-04-02 19:57:21,784 - INFO - Portfolio construction: 38 longs, 2 shorts (from 38 candidates)
2026-04-02 19:57:21,785 - INFO - Vol targeting: rolling_vol=0.0607, scale=1.3183
2026-04-02 19:57:21,785 - INFO - PnL Net: 0.0068 | Scaled: 0.0089 | Turnover: 18.84% | Vol Scale: 1.32
2026-04-02 19:57:21,785 - INFO - 
============================================================
2026-04-02 19:57:21,785 - INFO - Running paper trading for 2025-12-10
2026-04-02 19:57:21,785 - INFO - ============================================================
2026-04-02 19:57:21,786 - WARNING - No negative predictions for shorts - skipping short positions
2026-04-02 19:57:21,786 - INFO - Portfolio construction: 38 longs, 0 shorts (from 38 candidates)
2026-04-02 19:57:21,787 - INFO - Vol targeting: rolling_vol=0.0675, scale=1.1847
2026-04-02 19:57:21,787 - INFO - PnL Net: 0.0096 | Scaled: 0.0114 | Turnover: 13.56% | Vol Scale: 1.18
2026-04-02 19:57:21,787 - INFO - 
============================================================
2026-04-02 19:57:21,787 - INFO - Running paper trading for 2025-12-11
2026-04-02 19:57:21,787 - INFO - ============================================================
2026-04-02 19:57:21,788 - INFO - Portfolio construction: 38 longs, 38 shorts (from 38 candidates)
2026-04-02 19:57:21,788 - INFO - Vol targeting: rolling_vol=0.0665, scale=1.2031
2026-04-02 19:57:21,788 - INFO - PnL Net: 0.0011 | Scaled: 0.0013 | Turnover: 17.58% | Vol Scale: 1.20
2026-04-02 19:57:21,788 - INFO - 
============================================================
2026-04-02 19:57:21,788 - INFO - Running paper trading for 2025-12-12
2026-04-02 19:57:21,788 - INFO - ============================================================
2026-04-02 19:57:21,790 - INFO - Portfolio construction: 38 longs, 38 shorts (from 38 candidates)
2026-04-02 19:57:21,790 - INFO - Vol targeting: rolling_vol=0.0646, scale=1.2379
2026-04-02 19:57:21,790 - INFO - PnL Net: 0.0020 | Scaled: 0.0025 | Turnover: 20.65% | Vol Scale: 1.24
2026-04-02 19:57:21,790 - INFO - 
============================================================
2026-04-02 19:57:21,790 - INFO - Running paper trading for 2025-12-15
2026-04-02 19:57:21,790 - INFO - ============================================================
2026-04-02 19:57:21,791 - INFO - Portfolio construction: 38 longs, 38 shorts (from 38 candidates)
2026-04-02 19:57:21,791 - INFO - Vol targeting: rolling_vol=0.0592, scale=1.3522
2026-04-02 19:57:21,791 - INFO - PnL Net: -0.0030 | Scaled: -0.0041 | Turnover: 19.78% | Vol Scale: 1.35
2026-04-02 19:57:21,791 - INFO - 
============================================================
2026-04-02 19:57:21,791 - INFO - Running paper trading for 2025-12-16
2026-04-02 19:57:21,791 - INFO - ============================================================
2026-04-02 19:57:21,792 - INFO - Portfolio construction: 38 longs, 38 shorts (from 38 candidates)
2026-04-02 19:57:21,792 - INFO - Vol targeting: rolling_vol=0.0591, scale=1.3527
2026-04-02 19:57:21,792 - INFO - PnL Net: -0.0011 | Scaled: -0.0014 | Turnover: 18.63% | Vol Scale: 1.35
2026-04-02 19:57:21,792 - INFO - 
============================================================
2026-04-02 19:57:21,792 - INFO - Running paper trading for 2025-12-17
2026-04-02 19:57:21,792 - INFO - ============================================================
2026-04-02 19:57:21,793 - INFO - Portfolio construction: 38 longs, 38 shorts (from 38 candidates)
2026-04-02 19:57:21,794 - INFO - Vol targeting: rolling_vol=0.0590, scale=1.3570
2026-04-02 19:57:21,794 - INFO - PnL Net: 0.0005 | Scaled: 0.0007 | Turnover: 18.11% | Vol Scale: 1.36
2026-04-02 19:57:21,794 - INFO - 
============================================================
2026-04-02 19:57:21,794 - INFO - Running paper trading for 2025-12-18
2026-04-02 19:57:21,794 - INFO - ============================================================
2026-04-02 19:57:21,795 - INFO - Portfolio construction: 38 longs, 38 shorts (from 38 candidates)
2026-04-02 19:57:21,795 - INFO - Vol targeting: rolling_vol=0.0538, scale=1.4865
2026-04-02 19:57:21,795 - INFO - PnL Net: 0.0014 | Scaled: 0.0021 | Turnover: 15.89% | Vol Scale: 1.49
2026-04-02 19:57:21,795 - INFO - 
============================================================
2026-04-02 19:57:21,795 - INFO - Running paper trading for 2025-12-19
2026-04-02 19:57:21,795 - INFO - ============================================================
2026-04-02 19:57:21,797 - INFO - Portfolio construction: 38 longs, 38 shorts (from 38 candidates)
2026-04-02 19:57:21,797 - INFO - Vol targeting: rolling_vol=0.0508, scale=1.5738
2026-04-02 19:57:21,798 - INFO - PnL Net: 0.0029 | Scaled: 0.0046 | Turnover: 15.26% | Vol Scale: 1.57
2026-04-02 19:57:21,798 - INFO - 
============================================================
2026-04-02 19:57:21,798 - INFO - Running paper trading for 2025-12-22
2026-04-02 19:57:21,798 - INFO - ============================================================
2026-04-02 19:57:21,799 - INFO - Portfolio construction: 38 longs, 38 shorts (from 38 candidates)
2026-04-02 19:57:21,799 - INFO - Vol targeting: rolling_vol=0.0516, scale=1.5517
2026-04-02 19:57:21,799 - INFO - PnL Net: -0.0009 | Scaled: -0.0014 | Turnover: 16.20% | Vol Scale: 1.55
2026-04-02 19:57:21,799 - INFO - 
============================================================
2026-04-02 19:57:21,799 - INFO - Running paper trading for 2025-12-23
2026-04-02 19:57:21,799 - INFO - ============================================================
2026-04-02 19:57:21,800 - INFO - Portfolio construction: 38 longs, 38 shorts (from 38 candidates)
2026-04-02 19:57:21,800 - INFO - Vol targeting: rolling_vol=0.0507, scale=1.5785
2026-04-02 19:57:21,801 - INFO - PnL Net: 0.0014 | Scaled: 0.0022 | Turnover: 18.49% | Vol Scale: 1.58
2026-04-02 19:57:21,801 - INFO - 
============================================================
2026-04-02 19:57:21,801 - INFO - Running paper trading for 2025-12-24
2026-04-02 19:57:21,801 - INFO - ============================================================
2026-04-02 19:57:21,802 - INFO - Portfolio construction: 38 longs, 38 shorts (from 38 candidates)
2026-04-02 19:57:21,802 - INFO - Vol targeting: rolling_vol=0.0504, scale=1.5889
2026-04-02 19:57:21,802 - INFO - PnL Net: 0.0005 | Scaled: 0.0008 | Turnover: 17.12% | Vol Scale: 1.59
2026-04-02 19:57:21,802 - INFO - 
============================================================
2026-04-02 19:57:21,802 - INFO - Running paper trading for 2025-12-26
2026-04-02 19:57:21,802 - INFO - ============================================================
2026-04-02 19:57:21,803 - INFO - Portfolio construction: 38 longs, 38 shorts (from 38 candidates)
2026-04-02 19:57:21,804 - INFO - Vol targeting: rolling_vol=0.0515, scale=1.5540
2026-04-02 19:57:21,804 - INFO - PnL Net: -0.0022 | Scaled: -0.0034 | Turnover: 16.78% | Vol Scale: 1.55
2026-04-02 19:57:21,804 - INFO - 
============================================================
2026-04-02 19:57:21,804 - INFO - Running paper trading for 2025-12-29
2026-04-02 19:57:21,804 - INFO - ============================================================
2026-04-02 19:57:21,805 - INFO - Portfolio construction: 38 longs, 38 shorts (from 38 candidates)
2026-04-02 19:57:21,805 - INFO - Vol targeting: rolling_vol=0.0514, scale=1.5572
2026-04-02 19:57:21,805 - INFO - PnL Net: -0.0006 | Scaled: -0.0009 | Turnover: 15.33% | Vol Scale: 1.56
2026-04-02 19:57:21,805 - INFO - 
============================================================
2026-04-02 19:57:21,805 - INFO - Running paper trading for 2026-02-06
2026-04-02 19:57:21,805 - INFO - ============================================================
2026-04-02 19:57:21,806 - INFO - Portfolio construction: 38 longs, 38 shorts (from 38 candidates)
2026-04-02 19:57:21,807 - INFO - Vol targeting: rolling_vol=0.0513, scale=1.5602
2026-04-02 19:57:21,807 - INFO - PnL Net: -0.0009 | Scaled: -0.0014 | Turnover: 21.13% | Vol Scale: 1.56
2026-04-02 19:57:21,807 - INFO - 
============================================================
2026-04-02 19:57:21,807 - INFO - Running paper trading for 2026-02-09
2026-04-02 19:57:21,807 - INFO - ============================================================
2026-04-02 19:57:21,808 - INFO - Portfolio construction: 38 longs, 38 shorts (from 38 candidates)
2026-04-02 19:57:21,808 - INFO - Vol targeting: rolling_vol=0.0485, scale=1.6506
2026-04-02 19:57:21,808 - INFO - PnL Net: -0.0001 | Scaled: -0.0001 | Turnover: 18.54% | Vol Scale: 1.65
2026-04-02 19:57:21,808 - INFO - 
============================================================
2026-04-02 19:57:21,808 - INFO - Running paper trading for 2026-02-10
2026-04-02 19:57:21,808 - INFO - ============================================================
2026-04-02 19:57:21,809 - INFO - Portfolio construction: 38 longs, 38 shorts (from 38 candidates)
2026-04-02 19:57:21,810 - INFO - Vol targeting: rolling_vol=0.0499, scale=1.6039
2026-04-02 19:57:21,810 - INFO - PnL Net: -0.0028 | Scaled: -0.0046 | Turnover: 16.26% | Vol Scale: 1.60
2026-04-02 19:57:21,810 - INFO - 
============================================================
2026-04-02 19:57:21,810 - INFO - Running paper trading for 2026-02-11
2026-04-02 19:57:21,810 - INFO - ============================================================
2026-04-02 19:57:21,811 - INFO - Portfolio construction: 38 longs, 38 shorts (from 38 candidates)
2026-04-02 19:57:21,811 - INFO - Vol targeting: rolling_vol=0.0606, scale=1.3194
2026-04-02 19:57:21,811 - INFO - PnL Net: -0.0095 | Scaled: -0.0125 | Turnover: 14.12% | Vol Scale: 1.32
2026-04-02 19:57:21,811 - INFO - 
============================================================
2026-04-02 19:57:21,811 - INFO - Running paper trading for 2026-02-12
2026-04-02 19:57:21,811 - INFO - ============================================================
2026-04-02 19:57:21,812 - INFO - Portfolio construction: 38 longs, 38 shorts (from 38 candidates)
2026-04-02 19:57:21,812 - INFO - Vol targeting: rolling_vol=0.0586, scale=1.3651
2026-04-02 19:57:21,813 - INFO - PnL Net: 0.0018 | Scaled: 0.0025 | Turnover: 12.15% | Vol Scale: 1.37
2026-04-02 19:57:21,813 - INFO - 
============================================================
2026-04-02 19:57:21,813 - INFO - Running paper trading for 2026-02-13
2026-04-02 19:57:21,813 - INFO - ============================================================
2026-04-02 19:57:21,814 - INFO - Portfolio construction: 38 longs, 38 shorts (from 38 candidates)
2026-04-02 19:57:21,814 - INFO - Vol targeting: rolling_vol=0.0585, scale=1.3670
2026-04-02 19:57:21,814 - INFO - PnL Net: 0.0002 | Scaled: 0.0003 | Turnover: 11.86% | Vol Scale: 1.37
2026-04-02 19:57:21,814 - INFO - 
============================================================
2026-04-02 19:57:21,814 - INFO - Running paper trading for 2026-02-17
2026-04-02 19:57:21,814 - INFO - ============================================================
2026-04-02 19:57:21,815 - INFO - Portfolio construction: 38 longs, 38 shorts (from 38 candidates)
2026-04-02 19:57:21,816 - INFO - Vol targeting: rolling_vol=0.0546, scale=1.4658
2026-04-02 19:57:21,816 - INFO - PnL Net: 0.0029 | Scaled: 0.0042 | Turnover: 10.41% | Vol Scale: 1.47
2026-04-02 19:57:21,816 - INFO - 
============================================================
2026-04-02 19:57:21,816 - INFO - Running paper trading for 2026-02-18
2026-04-02 19:57:21,816 - INFO - ============================================================
2026-04-02 19:57:21,817 - INFO - Portfolio construction: 38 longs, 38 shorts (from 38 candidates)
2026-04-02 19:57:21,817 - INFO - Vol targeting: rolling_vol=0.0428, scale=1.8675
2026-04-02 19:57:21,817 - INFO - PnL Net: -0.0022 | Scaled: -0.0041 | Turnover: 8.78% | Vol Scale: 1.87
2026-04-02 19:57:21,817 - INFO - 
============================================================
2026-04-02 19:57:21,817 - INFO - Running paper trading for 2026-02-19
2026-04-02 19:57:21,817 - INFO - ============================================================
2026-04-02 19:57:21,818 - INFO - Portfolio construction: 38 longs, 38 shorts (from 38 candidates)
2026-04-02 19:57:21,818 - INFO - Vol targeting: rolling_vol=0.0425, scale=1.8807
2026-04-02 19:57:21,818 - INFO - PnL Net: 0.0001 | Scaled: 0.0003 | Turnover: 7.95% | Vol Scale: 1.88
2026-04-02 19:57:21,819 - INFO - 
============================================================
2026-04-02 19:57:21,819 - INFO - Running paper trading for 2026-02-20
2026-04-02 19:57:21,819 - INFO - ============================================================
2026-04-02 19:57:21,820 - INFO - Portfolio construction: 38 longs, 38 shorts (from 38 candidates)
2026-04-02 19:57:21,820 - INFO - Vol targeting: rolling_vol=0.0467, scale=1.7140
2026-04-02 19:57:21,820 - INFO - PnL Net: -0.0068 | Scaled: -0.0116 | Turnover: 7.97% | Vol Scale: 1.71
2026-04-02 19:57:21,820 - INFO - 
============================================================
2026-04-02 19:57:21,820 - INFO - Running paper trading for 2026-02-23
2026-04-02 19:57:21,820 - INFO - ============================================================
2026-04-02 19:57:21,821 - INFO - Portfolio construction: 38 longs, 38 shorts (from 38 candidates)
2026-04-02 19:57:21,821 - INFO - Vol targeting: rolling_vol=0.0518, scale=1.5453
2026-04-02 19:57:21,822 - INFO - PnL Net: 0.0060 | Scaled: 0.0093 | Turnover: 7.07% | Vol Scale: 1.55
2026-04-02 19:57:21,822 - INFO - 
============================================================
2026-04-02 19:57:21,822 - INFO - Running paper trading for 2026-02-24
2026-04-02 19:57:21,822 - INFO - ============================================================
2026-04-02 19:57:21,823 - INFO - Portfolio construction: 38 longs, 38 shorts (from 38 candidates)
2026-04-02 19:57:21,824 - INFO - Vol targeting: rolling_vol=0.0565, scale=1.4169
2026-04-02 19:57:21,824 - INFO - PnL Net: 0.0061 | Scaled: 0.0087 | Turnover: 6.89% | Vol Scale: 1.42
2026-04-02 19:57:21,824 - INFO - 
============================================================
2026-04-02 19:57:21,824 - INFO - Running paper trading for 2026-02-25
2026-04-02 19:57:21,824 - INFO - ============================================================
2026-04-02 19:57:21,825 - INFO - Portfolio construction: 38 longs, 38 shorts (from 38 candidates)
2026-04-02 19:57:21,825 - INFO - Vol targeting: rolling_vol=0.0566, scale=1.4144
2026-04-02 19:57:21,825 - INFO - PnL Net: -0.0013 | Scaled: -0.0018 | Turnover: 6.04% | Vol Scale: 1.41
2026-04-02 19:57:21,825 - INFO - 
============================================================
2026-04-02 19:57:21,825 - INFO - Running paper trading for 2026-02-26
2026-04-02 19:57:21,825 - INFO - ============================================================
2026-04-02 19:57:21,826 - INFO - Portfolio construction: 38 longs, 38 shorts (from 38 candidates)
2026-04-02 19:57:21,827 - INFO - Vol targeting: rolling_vol=0.0588, scale=1.3597
2026-04-02 19:57:21,827 - INFO - PnL Net: -0.0052 | Scaled: -0.0071 | Turnover: 5.70% | Vol Scale: 1.36
2026-04-02 19:57:21,827 - INFO - 
============================================================
2026-04-02 19:57:21,827 - INFO - Running paper trading for 2026-02-27
2026-04-02 19:57:21,827 - INFO - ============================================================
2026-04-02 19:57:21,827 - INFO - Portfolio construction: 38 longs, 38 shorts (from 38 candidates)
2026-04-02 19:57:21,828 - INFO - Vol targeting: rolling_vol=0.0578, scale=1.3844
2026-04-02 19:57:21,828 - INFO - PnL Net: -0.0023 | Scaled: -0.0032 | Turnover: 5.32% | Vol Scale: 1.38
2026-04-02 19:57:21,828 - INFO - 
============================================================
2026-04-02 19:57:21,828 - INFO - Running paper trading for 2026-03-02
2026-04-02 19:57:21,828 - INFO - ============================================================
2026-04-02 19:57:21,829 - INFO - Portfolio construction: 38 longs, 38 shorts (from 38 candidates)
2026-04-02 19:57:21,829 - INFO - Vol targeting: rolling_vol=0.0580, scale=1.3792
2026-04-02 19:57:21,829 - INFO - PnL Net: -0.0022 | Scaled: -0.0031 | Turnover: 5.00% | Vol Scale: 1.38
2026-04-02 19:57:21,829 - INFO - 
============================================================
2026-04-02 19:57:21,829 - INFO - Running paper trading for 2026-03-03
2026-04-02 19:57:21,829 - INFO - ============================================================
2026-04-02 19:57:21,830 - INFO - Portfolio construction: 38 longs, 38 shorts (from 38 candidates)
2026-04-02 19:57:21,831 - INFO - Vol targeting: rolling_vol=0.0602, scale=1.3294
2026-04-02 19:57:21,831 - INFO - PnL Net: 0.0042 | Scaled: 0.0056 | Turnover: 5.60% | Vol Scale: 1.33
2026-04-02 19:57:21,831 - INFO - 
============================================================
2026-04-02 19:57:21,831 - INFO - Running paper trading for 2026-03-04
2026-04-02 19:57:21,831 - INFO - ============================================================
2026-04-02 19:57:21,832 - INFO - Portfolio construction: 38 longs, 38 shorts (from 38 candidates)
2026-04-02 19:57:21,832 - INFO - Vol targeting: rolling_vol=0.0613, scale=1.3057
2026-04-02 19:57:21,832 - INFO - PnL Net: 0.0028 | Scaled: 0.0037 | Turnover: 4.87% | Vol Scale: 1.31
2026-04-02 19:57:21,832 - INFO - 
============================================================
2026-04-02 19:57:21,832 - INFO - Running paper trading for 2026-03-05
2026-04-02 19:57:21,832 - INFO - ============================================================
2026-04-02 19:57:21,834 - INFO - Portfolio construction: 38 longs, 38 shorts (from 38 candidates)
2026-04-02 19:57:21,834 - INFO - Vol targeting: rolling_vol=0.0623, scale=1.2832
2026-04-02 19:57:21,834 - INFO - PnL Net: -0.0042 | Scaled: -0.0054 | Turnover: 4.08% | Vol Scale: 1.28
2026-04-02 19:57:21,834 - INFO - 
============================================================
2026-04-02 19:57:21,834 - INFO - Running paper trading for 2026-03-06
2026-04-02 19:57:21,834 - INFO - ============================================================
2026-04-02 19:57:21,835 - INFO - Portfolio construction: 38 longs, 38 shorts (from 38 candidates)
2026-04-02 19:57:21,835 - INFO - Vol targeting: rolling_vol=0.0625, scale=1.2798
2026-04-02 19:57:21,835 - INFO - PnL Net: 0.0006 | Scaled: 0.0008 | Turnover: 4.68% | Vol Scale: 1.28
2026-04-02 19:57:21,835 - INFO - 
============================================================
2026-04-02 19:57:21,835 - INFO - Running paper trading for 2026-03-09
2026-04-02 19:57:21,835 - INFO - ============================================================
2026-04-02 19:57:21,837 - INFO - Portfolio construction: 38 longs, 38 shorts (from 38 candidates)
2026-04-02 19:57:21,837 - INFO - Vol targeting: rolling_vol=0.0625, scale=1.2793
2026-04-02 19:57:21,838 - INFO - PnL Net: -0.0000 | Scaled: -0.0001 | Turnover: 5.24% | Vol Scale: 1.28
2026-04-02 19:57:21,838 - INFO - 
============================================================
2026-04-02 19:57:21,838 - INFO - Running paper trading for 2026-03-10
2026-04-02 19:57:21,838 - INFO - ============================================================
2026-04-02 19:57:21,839 - INFO - Portfolio construction: 38 longs, 38 shorts (from 38 candidates)
2026-04-02 19:57:21,839 - INFO - Vol targeting: rolling_vol=0.0630, scale=1.2696
2026-04-02 19:57:21,840 - INFO - PnL Net: 0.0017 | Scaled: 0.0021 | Turnover: 5.32% | Vol Scale: 1.27
2026-04-02 19:57:21,840 - INFO - 
============================================================
2026-04-02 19:57:21,840 - INFO - Running paper trading for 2026-03-11
2026-04-02 19:57:21,840 - INFO - ============================================================
2026-04-02 19:57:21,841 - INFO - Portfolio construction: 38 longs, 38 shorts (from 38 candidates)
2026-04-02 19:57:21,841 - INFO - Vol targeting: rolling_vol=0.0673, scale=1.1884
2026-04-02 19:57:21,841 - INFO - PnL Net: -0.0077 | Scaled: -0.0091 | Turnover: 5.08% | Vol Scale: 1.19
2026-04-02 19:57:21,841 - INFO - 
============================================================
2026-04-02 19:57:21,841 - INFO - Running paper trading for 2026-03-12
2026-04-02 19:57:21,841 - INFO - ============================================================
2026-04-02 19:57:21,842 - INFO - Portfolio construction: 38 longs, 38 shorts (from 38 candidates)
2026-04-02 19:57:21,842 - INFO - Vol targeting: rolling_vol=0.0614, scale=1.3024
2026-04-02 19:57:21,842 - INFO - PnL Net: -0.0048 | Scaled: -0.0063 | Turnover: 5.04% | Vol Scale: 1.30
2026-04-02 19:57:21,842 - INFO - 
============================================================
2026-04-02 19:57:21,842 - INFO - Running paper trading for 2026-03-13
2026-04-02 19:57:21,842 - INFO - ============================================================
2026-04-02 19:57:21,843 - INFO - Portfolio construction: 38 longs, 38 shorts (from 38 candidates)
2026-04-02 19:57:21,844 - INFO - Vol targeting: rolling_vol=0.0634, scale=1.2617
2026-04-02 19:57:21,844 - INFO - PnL Net: 0.0045 | Scaled: 0.0057 | Turnover: 4.73% | Vol Scale: 1.26
2026-04-02 19:57:21,844 - INFO - 
============================================================
2026-04-02 19:57:21,844 - INFO - Running paper trading for 2026-03-16
2026-04-02 19:57:21,844 - INFO - ============================================================
2026-04-02 19:57:21,845 - INFO - Portfolio construction: 38 longs, 38 shorts (from 38 candidates)
2026-04-02 19:57:21,845 - INFO - Vol targeting: rolling_vol=0.0641, scale=1.2475
2026-04-02 19:57:21,846 - INFO - PnL Net: 0.0024 | Scaled: 0.0030 | Turnover: 5.09% | Vol Scale: 1.25
2026-04-02 19:57:21,846 - INFO - 
============================================================
2026-04-02 19:57:21,846 - INFO - Running paper trading for 2026-03-17
2026-04-02 19:57:21,846 - INFO - ============================================================
2026-04-02 19:57:21,847 - INFO - Portfolio construction: 38 longs, 38 shorts (from 38 candidates)
2026-04-02 19:57:21,847 - INFO - Vol targeting: rolling_vol=0.0645, scale=1.2410
2026-04-02 19:57:21,847 - INFO - PnL Net: -0.0042 | Scaled: -0.0053 | Turnover: 5.63% | Vol Scale: 1.24
2026-04-02 19:57:21,847 - INFO - 
============================================================
2026-04-02 19:57:21,847 - INFO - Running paper trading for 2026-03-18
2026-04-02 19:57:21,847 - INFO - ============================================================
2026-04-02 19:57:21,848 - INFO - Portfolio construction: 38 longs, 38 shorts (from 38 candidates)
2026-04-02 19:57:21,848 - INFO - Vol targeting: rolling_vol=0.0646, scale=1.2393
2026-04-02 19:57:21,848 - INFO - PnL Net: 0.0014 | Scaled: 0.0017 | Turnover: 5.42% | Vol Scale: 1.24
2026-04-02 19:57:21,848 - INFO - 
============================================================
2026-04-02 19:57:21,848 - INFO - Running paper trading for 2026-03-19
2026-04-02 19:57:21,848 - INFO - ============================================================
2026-04-02 19:57:21,849 - INFO - Portfolio construction: 38 longs, 38 shorts (from 38 candidates)
2026-04-02 19:57:21,850 - INFO - Vol targeting: rolling_vol=0.0659, scale=1.2140
2026-04-02 19:57:21,850 - INFO - PnL Net: -0.0044 | Scaled: -0.0053 | Turnover: 5.24% | Vol Scale: 1.21
2026-04-02 19:57:21,850 - INFO - 
============================================================
2026-04-02 19:57:21,850 - INFO - Running paper trading for 2026-03-20
2026-04-02 19:57:21,850 - INFO - ============================================================
2026-04-02 19:57:21,851 - INFO - Portfolio construction: 38 longs, 38 shorts (from 38 candidates)
2026-04-02 19:57:21,851 - INFO - Vol targeting: rolling_vol=0.0659, scale=1.2140
2026-04-02 19:57:21,851 - INFO - PnL Net: 0.0061 | Scaled: 0.0074 | Turnover: 6.22% | Vol Scale: 1.21
2026-04-02 19:57:21,851 - INFO - 
============================================================
2026-04-02 19:57:21,851 - INFO - Running paper trading for 2026-03-23
2026-04-02 19:57:21,851 - INFO - ============================================================
2026-04-02 19:57:21,852 - INFO - Portfolio construction: 38 longs, 38 shorts (from 38 candidates)
2026-04-02 19:57:21,853 - INFO - Vol targeting: rolling_vol=0.0621, scale=1.2874
2026-04-02 19:57:21,853 - INFO - PnL Net: 0.0004 | Scaled: 0.0006 | Turnover: 5.77% | Vol Scale: 1.29
2026-04-02 19:57:21,853 - INFO - 
============================================================
2026-04-02 19:57:21,853 - INFO - Running paper trading for 2026-03-24
2026-04-02 19:57:21,853 - INFO - ============================================================
2026-04-02 19:57:21,854 - INFO - Portfolio construction: 38 longs, 38 shorts (from 38 candidates)
2026-04-02 19:57:21,854 - INFO - Vol targeting: rolling_vol=0.0606, scale=1.3191
2026-04-02 19:57:21,854 - INFO - PnL Net: 0.0049 | Scaled: 0.0064 | Turnover: 5.29% | Vol Scale: 1.32
2026-04-02 19:57:21,854 - INFO - 
============================================================
2026-04-02 19:57:21,854 - INFO - Running paper trading for 2026-03-25
2026-04-02 19:57:21,854 - INFO - ============================================================
2026-04-02 19:57:21,856 - INFO - Portfolio construction: 38 longs, 38 shorts (from 38 candidates)
2026-04-02 19:57:21,856 - INFO - Vol targeting: rolling_vol=0.0666, scale=1.2004
2026-04-02 19:57:21,856 - INFO - PnL Net: -0.0084 | Scaled: -0.0100 | Turnover: 5.39% | Vol Scale: 1.20
2026-04-02 19:57:21,857 - INFO - 
============================================================
2026-04-02 19:57:21,857 - INFO - Running paper trading for 2026-03-26
2026-04-02 19:57:21,857 - INFO - ============================================================
2026-04-02 19:57:21,858 - INFO - Portfolio construction: 38 longs, 38 shorts (from 38 candidates)
2026-04-02 19:57:21,858 - INFO - Vol targeting: rolling_vol=0.0651, scale=1.2282
2026-04-02 19:57:21,858 - INFO - PnL Net: -0.0029 | Scaled: -0.0036 | Turnover: 5.40% | Vol Scale: 1.23
2026-04-02 19:57:21,858 - INFO - 
============================================================
2026-04-02 19:57:21,858 - INFO - Running paper trading for 2026-03-27
2026-04-02 19:57:21,858 - INFO - ============================================================
2026-04-02 19:57:21,858 - INFO - Portfolio construction: 38 longs, 38 shorts (from 38 candidates)
2026-04-02 19:57:21,859 - INFO - Vol targeting: rolling_vol=0.0667, scale=1.1987
2026-04-02 19:57:21,859 - INFO - PnL Net: -0.0051 | Scaled: -0.0061 | Turnover: 5.10% | Vol Scale: 1.20
2026-04-02 19:57:21,859 - INFO - 
============================================================
2026-04-02 19:57:21,859 - INFO - Running paper trading for 2026-03-30
2026-04-02 19:57:21,859 - INFO - ============================================================
2026-04-02 19:57:21,860 - INFO - Portfolio construction: 38 longs, 38 shorts (from 38 candidates)
2026-04-02 19:57:21,860 - INFO - Vol targeting: rolling_vol=0.0842, scale=0.9502
2026-04-02 19:57:21,860 - INFO - PnL Net: 0.0142 | Scaled: 0.0135 | Turnover: 4.56% | Vol Scale: 0.95
2026-04-02 19:57:21,860 - INFO - 
============================================================
2026-04-02 19:57:21,860 - INFO - Running paper trading for 2026-03-31
2026-04-02 19:57:21,860 - INFO - ============================================================
2026-04-02 19:57:21,861 - INFO - Portfolio construction: 38 longs, 38 shorts (from 38 candidates)
2026-04-02 19:57:21,862 - INFO - Vol targeting: rolling_vol=0.0829, scale=0.9654
2026-04-02 19:57:21,862 - INFO - PnL Net: 0.0006 | Scaled: 0.0006 | Turnover: 4.15% | Vol Scale: 0.97
2026-04-02 19:57:21,862 - INFO - 
============================================================
2026-04-02 19:57:21,862 - INFO - Running paper trading for 2026-04-01
2026-04-02 19:57:21,862 - INFO - ============================================================
2026-04-02 19:57:21,863 - INFO - Portfolio construction: 38 longs, 38 shorts (from 38 candidates)
2026-04-02 19:57:21,863 - INFO - Vol targeting: rolling_vol=0.0822, scale=0.9733
2026-04-02 19:57:21,863 - INFO - PnL Net: 0.0001 | Scaled: 0.0001 | Turnover: 3.83% | Vol Scale: 0.97
2026-04-02 19:57:21,866 - INFO - Saved daily results to C:\Users\luixj\AI\stock-data\data\processed\phase4\phase4_paper_trading_daily.parquet
2026-04-02 19:57:21,867 - INFO - Saved summary to C:\Users\luixj\AI\stock-data\data\processed\phase4\phase4_paper_trading_summary.json
2026-04-02 19:57:21,867 - INFO - 
============================================================
2026-04-02 19:57:21,867 - INFO - PAPER TRADING SUMMARY
2026-04-02 19:57:21,867 - INFO - ============================================================
2026-04-02 19:57:21,867 - INFO - Trading Days: 226
2026-04-02 19:57:21,867 - INFO - 
RAW PERFORMANCE (no vol targeting):
2026-04-02 19:57:21,867 - INFO -   Sharpe Ratio: 0.88
2026-04-02 19:57:21,867 - INFO -   Annual Return: 6.41%
2026-04-02 19:57:21,867 - INFO -   Volatility: 7.29%
2026-04-02 19:57:21,867 - INFO - 
VOL-TARGETED PERFORMANCE:
2026-04-02 19:57:21,867 - INFO -   Sharpe Ratio: 0.71
2026-04-02 19:57:21,867 - INFO -   Annual Return: 6.33%
2026-04-02 19:57:21,867 - INFO -   Volatility: 8.97%
2026-04-02 19:57:21,867 - INFO - 
RISK METRICS:
2026-04-02 19:57:21,867 - INFO -   Max Drawdown: -4.72%
2026-04-02 19:57:21,867 - INFO -   Long Sharpe: 0.33
2026-04-02 19:57:21,867 - INFO -   Short Sharpe: 0.96
2026-04-02 19:57:21,867 - INFO - 
EXECUTION:
2026-04-02 19:57:21,867 - INFO -   Avg Turnover: 16.32%
2026-04-02 19:57:21,867 - INFO -   Avg Cost: 0.4 bps
2026-04-02 19:57:21,867 - INFO - 
KILL SWITCHES:
2026-04-02 19:57:21,867 - INFO -   Events: 15 (6.6% of days)
2026-04-02 19:57:21,867 - INFO - ============================================================
2026-04-02 19:57:21,867 - INFO - Simulation complete: 226 days | Sharpe(scaled)=0.71 | MaxDD=-4.7%
2026-04-02 19:57:22,237 - INFO - ============================================================
2026-04-02 19:57:22,237 - INFO - STEP 6: Syncing Qdrant
2026-04-02 19:57:22,237 - INFO - ============================================================
2026-04-02 19:57:22,641 - INFO - HTTP Request: GET http://localhost:6333 "HTTP/1.1 200 OK"
2026-04-02 19:57:22,735 - INFO - HTTP Request: GET http://localhost:6333/collections/stock_recommendations "HTTP/1.1 200 OK"
2026-04-02 19:57:22,736 - INFO - Collection 'stock_recommendations' already exists.
2026-04-02 19:57:22,762 - INFO - HTTP Request: GET http://localhost:6333/collections/trading_results "HTTP/1.1 200 OK"
2026-04-02 19:57:22,762 - INFO - Collection 'trading_results' already exists.
2026-04-02 19:57:22,765 - INFO - HTTP Request: GET http://localhost:6333/collections/performance_metrics "HTTP/1.1 200 OK"
2026-04-02 19:57:22,765 - INFO - Collection 'performance_metrics' already exists.
2026-04-02 19:57:22,768 - INFO - HTTP Request: GET http://localhost:6333/collections/daily_trade_strategies "HTTP/1.1 200 OK"
2026-04-02 19:57:22,768 - INFO - Collection 'daily_trade_strategies' already exists.
2026-04-02 19:57:22,913 - INFO - HTTP Request: POST http://localhost:6333/collections/stock_recommendations/points/delete?wait=true "HTTP/1.1 200 OK"
2026-04-02 19:57:22,913 - INFO - Cleared 'stock_recommendations'.
2026-04-02 19:57:22,923 - INFO - HTTP Request: POST http://localhost:6333/collections/trading_results/points/delete?wait=true "HTTP/1.1 200 OK"
2026-04-02 19:57:22,923 - INFO - Cleared 'trading_results'.
2026-04-02 19:57:22,928 - INFO - HTTP Request: POST http://localhost:6333/collections/performance_metrics/points/delete?wait=true "HTTP/1.1 200 OK"
2026-04-02 19:57:22,928 - INFO - Cleared 'performance_metrics'.
2026-04-02 19:57:23,013 - INFO - HTTP Request: POST http://localhost:6333/collections/daily_trade_strategies/points/delete?wait=true "HTTP/1.1 200 OK"
2026-04-02 19:57:23,013 - INFO - Cleared 'daily_trade_strategies'.
2026-04-02 19:57:23,024 - INFO - HTTP Request: PUT http://localhost:6333/collections/stock_recommendations/points?wait=true "HTTP/1.1 200 OK"
2026-04-02 19:57:23,051 - INFO - HTTP Request: PUT http://localhost:6333/collections/daily_trade_strategies/points?wait=true "HTTP/1.1 200 OK"
2026-04-02 19:57:23,055 - INFO - HTTP Request: PUT http://localhost:6333/collections/trading_results/points?wait=true "HTTP/1.1 200 OK"
2026-04-02 19:57:23,065 - INFO - HTTP Request: PUT http://localhost:6333/collections/stock_recommendations/points?wait=true "HTTP/1.1 200 OK"
2026-04-02 19:57:23,092 - INFO - HTTP Request: PUT http://localhost:6333/collections/daily_trade_strategies/points?wait=true "HTTP/1.1 200 OK"
2026-04-02 19:57:23,108 - INFO - HTTP Request: PUT http://localhost:6333/collections/trading_results/points?wait=true "HTTP/1.1 200 OK"
2026-04-02 19:57:23,127 - INFO - HTTP Request: PUT http://localhost:6333/collections/stock_recommendations/points?wait=true "HTTP/1.1 200 OK"
2026-04-02 19:57:23,153 - INFO - HTTP Request: PUT http://localhost:6333/collections/daily_trade_strategies/points?wait=true "HTTP/1.1 200 OK"
2026-04-02 19:57:23,157 - INFO - HTTP Request: PUT http://localhost:6333/collections/trading_results/points?wait=true "HTTP/1.1 200 OK"
2026-04-02 19:57:23,166 - INFO - HTTP Request: PUT http://localhost:6333/collections/stock_recommendations/points?wait=true "HTTP/1.1 200 OK"
2026-04-02 19:57:23,193 - INFO - HTTP Request: PUT http://localhost:6333/collections/daily_trade_strategies/points?wait=true "HTTP/1.1 200 OK"
2026-04-02 19:57:23,196 - INFO - HTTP Request: PUT http://localhost:6333/collections/trading_results/points?wait=true "HTTP/1.1 200 OK"
2026-04-02 19:57:23,205 - INFO - HTTP Request: PUT http://localhost:6333/collections/stock_recommendations/points?wait=true "HTTP/1.1 200 OK"
2026-04-02 19:57:23,232 - INFO - HTTP Request: PUT http://localhost:6333/collections/daily_trade_strategies/points?wait=true "HTTP/1.1 200 OK"
2026-04-02 19:57:23,238 - INFO - HTTP Request: PUT http://localhost:6333/collections/trading_results/points?wait=true "HTTP/1.1 200 OK"
2026-04-02 19:57:23,246 - INFO - HTTP Request: PUT http://localhost:6333/collections/stock_recommendations/points?wait=true "HTTP/1.1 200 OK"
2026-04-02 19:57:23,273 - INFO - HTTP Request: PUT http://localhost:6333/collections/daily_trade_strategies/points?wait=true "HTTP/1.1 200 OK"
2026-04-02 19:57:23,277 - INFO - HTTP Request: PUT http://localhost:6333/collections/trading_results/points?wait=true "HTTP/1.1 200 OK"
2026-04-02 19:57:23,285 - INFO - HTTP Request: PUT http://localhost:6333/collections/stock_recommendations/points?wait=true "HTTP/1.1 200 OK"
2026-04-02 19:57:23,312 - INFO - HTTP Request: PUT http://localhost:6333/collections/daily_trade_strategies/points?wait=true "HTTP/1.1 200 OK"
2026-04-02 19:57:23,316 - INFO - HTTP Request: PUT http://localhost:6333/collections/trading_results/points?wait=true "HTTP/1.1 200 OK"
2026-04-02 19:57:23,324 - INFO - HTTP Request: PUT http://localhost:6333/collections/stock_recommendations/points?wait=true "HTTP/1.1 200 OK"
2026-04-02 19:57:23,350 - INFO - HTTP Request: PUT http://localhost:6333/collections/daily_trade_strategies/points?wait=true "HTTP/1.1 200 OK"
2026-04-02 19:57:23,355 - INFO - HTTP Request: PUT http://localhost:6333/collections/trading_results/points?wait=true "HTTP/1.1 200 OK"
2026-04-02 19:57:23,362 - INFO - HTTP Request: PUT http://localhost:6333/collections/stock_recommendations/points?wait=true "HTTP/1.1 200 OK"
2026-04-02 19:57:23,388 - INFO - HTTP Request: PUT http://localhost:6333/collections/daily_trade_strategies/points?wait=true "HTTP/1.1 200 OK"
2026-04-02 19:57:23,392 - INFO - HTTP Request: PUT http://localhost:6333/collections/trading_results/points?wait=true "HTTP/1.1 200 OK"
2026-04-02 19:57:23,401 - INFO - HTTP Request: PUT http://localhost:6333/collections/stock_recommendations/points?wait=true "HTTP/1.1 200 OK"
2026-04-02 19:57:23,429 - INFO - HTTP Request: PUT http://localhost:6333/collections/daily_trade_strategies/points?wait=true "HTTP/1.1 200 OK"
2026-04-02 19:57:23,436 - INFO - HTTP Request: PUT http://localhost:6333/collections/trading_results/points?wait=true "HTTP/1.1 200 OK"
2026-04-02 19:57:23,445 - INFO - HTTP Request: PUT http://localhost:6333/collections/stock_recommendations/points?wait=true "HTTP/1.1 200 OK"
2026-04-02 19:57:23,473 - INFO - HTTP Request: PUT http://localhost:6333/collections/daily_trade_strategies/points?wait=true "HTTP/1.1 200 OK"
2026-04-02 19:57:23,477 - INFO - HTTP Request: PUT http://localhost:6333/collections/trading_results/points?wait=true "HTTP/1.1 200 OK"
2026-04-02 19:57:23,488 - INFO - HTTP Request: PUT http://localhost:6333/collections/stock_recommendations/points?wait=true "HTTP/1.1 200 OK"
2026-04-02 19:57:23,517 - INFO - HTTP Request: PUT http://localhost:6333/collections/daily_trade_strategies/points?wait=true "HTTP/1.1 200 OK"
2026-04-02 19:57:23,533 - INFO - HTTP Request: PUT http://localhost:6333/collections/trading_results/points?wait=true "HTTP/1.1 200 OK"
2026-04-02 19:57:23,542 - INFO - HTTP Request: PUT http://localhost:6333/collections/stock_recommendations/points?wait=true "HTTP/1.1 200 OK"
2026-04-02 19:57:23,570 - INFO - HTTP Request: PUT http://localhost:6333/collections/daily_trade_strategies/points?wait=true "HTTP/1.1 200 OK"
2026-04-02 19:57:23,594 - INFO - HTTP Request: PUT http://localhost:6333/collections/trading_results/points?wait=true "HTTP/1.1 200 OK"
2026-04-02 19:57:23,611 - INFO - HTTP Request: PUT http://localhost:6333/collections/stock_recommendations/points?wait=true "HTTP/1.1 200 OK"
2026-04-02 19:57:23,658 - INFO - HTTP Request: PUT http://localhost:6333/collections/daily_trade_strategies/points?wait=true "HTTP/1.1 200 OK"
2026-04-02 19:57:23,663 - INFO - HTTP Request: PUT http://localhost:6333/collections/trading_results/points?wait=true "HTTP/1.1 200 OK"
2026-04-02 19:57:23,689 - INFO - HTTP Request: PUT http://localhost:6333/collections/stock_recommendations/points?wait=true "HTTP/1.1 200 OK"
2026-04-02 19:57:23,714 - INFO - HTTP Request: PUT http://localhost:6333/collections/daily_trade_strategies/points?wait=true "HTTP/1.1 200 OK"
2026-04-02 19:57:23,718 - INFO - HTTP Request: PUT http://localhost:6333/collections/trading_results/points?wait=true "HTTP/1.1 200 OK"
2026-04-02 19:57:23,725 - INFO - HTTP Request: PUT http://localhost:6333/collections/stock_recommendations/points?wait=true "HTTP/1.1 200 OK"
2026-04-02 19:57:23,752 - INFO - HTTP Request: PUT http://localhost:6333/collections/daily_trade_strategies/points?wait=true "HTTP/1.1 200 OK"
2026-04-02 19:57:23,756 - INFO - HTTP Request: PUT http://localhost:6333/collections/trading_results/points?wait=true "HTTP/1.1 200 OK"
2026-04-02 19:57:23,765 - INFO - HTTP Request: PUT http://localhost:6333/collections/stock_recommendations/points?wait=true "HTTP/1.1 200 OK"
2026-04-02 19:57:23,792 - INFO - HTTP Request: PUT http://localhost:6333/collections/daily_trade_strategies/points?wait=true "HTTP/1.1 200 OK"
2026-04-02 19:57:23,796 - INFO - HTTP Request: PUT http://localhost:6333/collections/trading_results/points?wait=true "HTTP/1.1 200 OK"
2026-04-02 19:57:23,804 - INFO - HTTP Request: PUT http://localhost:6333/collections/stock_recommendations/points?wait=true "HTTP/1.1 200 OK"
2026-04-02 19:57:23,846 - INFO - HTTP Request: PUT http://localhost:6333/collections/daily_trade_strategies/points?wait=true "HTTP/1.1 200 OK"
2026-04-02 19:57:23,849 - INFO - HTTP Request: PUT http://localhost:6333/collections/trading_results/points?wait=true "HTTP/1.1 200 OK"
2026-04-02 19:57:23,875 - INFO - HTTP Request: PUT http://localhost:6333/collections/stock_recommendations/points?wait=true "HTTP/1.1 200 OK"
2026-04-02 19:57:23,901 - INFO - HTTP Request: PUT http://localhost:6333/collections/daily_trade_strategies/points?wait=true "HTTP/1.1 200 OK"
2026-04-02 19:57:23,906 - INFO - HTTP Request: PUT http://localhost:6333/collections/trading_results/points?wait=true "HTTP/1.1 200 OK"
2026-04-02 19:57:23,914 - INFO - HTTP Request: PUT http://localhost:6333/collections/stock_recommendations/points?wait=true "HTTP/1.1 200 OK"
2026-04-02 19:57:23,941 - INFO - HTTP Request: PUT http://localhost:6333/collections/daily_trade_strategies/points?wait=true "HTTP/1.1 200 OK"
2026-04-02 19:57:23,944 - INFO - HTTP Request: PUT http://localhost:6333/collections/trading_results/points?wait=true "HTTP/1.1 200 OK"
2026-04-02 19:57:23,953 - INFO - HTTP Request: PUT http://localhost:6333/collections/stock_recommendations/points?wait=true "HTTP/1.1 200 OK"
2026-04-02 19:57:23,980 - INFO - HTTP Request: PUT http://localhost:6333/collections/daily_trade_strategies/points?wait=true "HTTP/1.1 200 OK"
2026-04-02 19:57:23,999 - INFO - HTTP Request: PUT http://localhost:6333/collections/trading_results/points?wait=true "HTTP/1.1 200 OK"
2026-04-02 19:57:24,007 - INFO - HTTP Request: PUT http://localhost:6333/collections/stock_recommendations/points?wait=true "HTTP/1.1 200 OK"
2026-04-02 19:57:24,036 - INFO - HTTP Request: PUT http://localhost:6333/collections/daily_trade_strategies/points?wait=true "HTTP/1.1 200 OK"
2026-04-02 19:57:24,040 - INFO - HTTP Request: PUT http://localhost:6333/collections/trading_results/points?wait=true "HTTP/1.1 200 OK"
2026-04-02 19:57:24,048 - INFO - HTTP Request: PUT http://localhost:6333/collections/stock_recommendations/points?wait=true "HTTP/1.1 200 OK"
2026-04-02 19:57:24,095 - INFO - HTTP Request: PUT http://localhost:6333/collections/daily_trade_strategies/points?wait=true "HTTP/1.1 200 OK"
2026-04-02 19:57:24,099 - INFO - HTTP Request: PUT http://localhost:6333/collections/trading_results/points?wait=true "HTTP/1.1 200 OK"
2026-04-02 19:57:24,124 - INFO - HTTP Request: PUT http://localhost:6333/collections/stock_recommendations/points?wait=true "HTTP/1.1 200 OK"
2026-04-02 19:57:24,149 - INFO - HTTP Request: PUT http://localhost:6333/collections/daily_trade_strategies/points?wait=true "HTTP/1.1 200 OK"
2026-04-02 19:57:24,154 - INFO - HTTP Request: PUT http://localhost:6333/collections/trading_results/points?wait=true "HTTP/1.1 200 OK"
2026-04-02 19:57:24,187 - INFO - HTTP Request: PUT http://localhost:6333/collections/stock_recommendations/points?wait=true "HTTP/1.1 200 OK"
2026-04-02 19:57:24,215 - INFO - HTTP Request: PUT http://localhost:6333/collections/daily_trade_strategies/points?wait=true "HTTP/1.1 200 OK"
2026-04-02 19:57:24,232 - INFO - HTTP Request: PUT http://localhost:6333/collections/trading_results/points?wait=true "HTTP/1.1 200 OK"
2026-04-02 19:57:24,240 - INFO - HTTP Request: PUT http://localhost:6333/collections/stock_recommendations/points?wait=true "HTTP/1.1 200 OK"
2026-04-02 19:57:24,266 - INFO - HTTP Request: PUT http://localhost:6333/collections/daily_trade_strategies/points?wait=true "HTTP/1.1 200 OK"
2026-04-02 19:57:24,270 - INFO - HTTP Request: PUT http://localhost:6333/collections/trading_results/points?wait=true "HTTP/1.1 200 OK"
2026-04-02 19:57:24,295 - INFO - HTTP Request: PUT http://localhost:6333/collections/stock_recommendations/points?wait=true "HTTP/1.1 200 OK"
2026-04-02 19:57:24,323 - INFO - HTTP Request: PUT http://localhost:6333/collections/daily_trade_strategies/points?wait=true "HTTP/1.1 200 OK"
2026-04-02 19:57:24,327 - INFO - HTTP Request: PUT http://localhost:6333/collections/trading_results/points?wait=true "HTTP/1.1 200 OK"
2026-04-02 19:57:24,336 - INFO - HTTP Request: PUT http://localhost:6333/collections/stock_recommendations/points?wait=true "HTTP/1.1 200 OK"
2026-04-02 19:57:24,362 - INFO - HTTP Request: PUT http://localhost:6333/collections/daily_trade_strategies/points?wait=true "HTTP/1.1 200 OK"
2026-04-02 19:57:24,392 - INFO - HTTP Request: PUT http://localhost:6333/collections/trading_results/points?wait=true "HTTP/1.1 200 OK"
2026-04-02 19:57:24,400 - INFO - HTTP Request: PUT http://localhost:6333/collections/stock_recommendations/points?wait=true "HTTP/1.1 200 OK"
2026-04-02 19:57:24,427 - INFO - HTTP Request: PUT http://localhost:6333/collections/daily_trade_strategies/points?wait=true "HTTP/1.1 200 OK"
2026-04-02 19:57:24,430 - INFO - HTTP Request: PUT http://localhost:6333/collections/trading_results/points?wait=true "HTTP/1.1 200 OK"
2026-04-02 19:57:24,438 - INFO - HTTP Request: PUT http://localhost:6333/collections/stock_recommendations/points?wait=true "HTTP/1.1 200 OK"
2026-04-02 19:57:24,466 - INFO - HTTP Request: PUT http://localhost:6333/collections/daily_trade_strategies/points?wait=true "HTTP/1.1 200 OK"
2026-04-02 19:57:24,470 - INFO - HTTP Request: PUT http://localhost:6333/collections/trading_results/points?wait=true "HTTP/1.1 200 OK"
2026-04-02 19:57:24,502 - INFO - HTTP Request: PUT http://localhost:6333/collections/stock_recommendations/points?wait=true "HTTP/1.1 200 OK"
2026-04-02 19:57:24,530 - INFO - HTTP Request: PUT http://localhost:6333/collections/daily_trade_strategies/points?wait=true "HTTP/1.1 200 OK"
2026-04-02 19:57:24,533 - INFO - HTTP Request: PUT http://localhost:6333/collections/trading_results/points?wait=true "HTTP/1.1 200 OK"
2026-04-02 19:57:24,563 - INFO - HTTP Request: PUT http://localhost:6333/collections/stock_recommendations/points?wait=true "HTTP/1.1 200 OK"
2026-04-02 19:57:24,591 - INFO - HTTP Request: PUT http://localhost:6333/collections/daily_trade_strategies/points?wait=true "HTTP/1.1 200 OK"
2026-04-02 19:57:24,609 - INFO - HTTP Request: PUT http://localhost:6333/collections/trading_results/points?wait=true "HTTP/1.1 200 OK"
2026-04-02 19:57:24,617 - INFO - HTTP Request: PUT http://localhost:6333/collections/stock_recommendations/points?wait=true "HTTP/1.1 200 OK"
2026-04-02 19:57:24,644 - INFO - HTTP Request: PUT http://localhost:6333/collections/daily_trade_strategies/points?wait=true "HTTP/1.1 200 OK"
2026-04-02 19:57:24,648 - INFO - HTTP Request: PUT http://localhost:6333/collections/trading_results/points?wait=true "HTTP/1.1 200 OK"
2026-04-02 19:57:24,656 - INFO - HTTP Request: PUT http://localhost:6333/collections/stock_recommendations/points?wait=true "HTTP/1.1 200 OK"
2026-04-02 19:57:24,706 - INFO - HTTP Request: PUT http://localhost:6333/collections/daily_trade_strategies/points?wait=true "HTTP/1.1 200 OK"
2026-04-02 19:57:24,711 - INFO - HTTP Request: PUT http://localhost:6333/collections/trading_results/points?wait=true "HTTP/1.1 200 OK"
2026-04-02 19:57:24,719 - INFO - HTTP Request: PUT http://localhost:6333/collections/stock_recommendations/points?wait=true "HTTP/1.1 200 OK"
2026-04-02 19:57:24,749 - INFO - HTTP Request: PUT http://localhost:6333/collections/daily_trade_strategies/points?wait=true "HTTP/1.1 200 OK"
2026-04-02 19:57:24,753 - INFO - HTTP Request: PUT http://localhost:6333/collections/trading_results/points?wait=true "HTTP/1.1 200 OK"
2026-04-02 19:57:24,762 - INFO - HTTP Request: PUT http://localhost:6333/collections/stock_recommendations/points?wait=true "HTTP/1.1 200 OK"
2026-04-02 19:57:24,789 - INFO - HTTP Request: PUT http://localhost:6333/collections/daily_trade_strategies/points?wait=true "HTTP/1.1 200 OK"
2026-04-02 19:57:24,792 - INFO - HTTP Request: PUT http://localhost:6333/collections/trading_results/points?wait=true "HTTP/1.1 200 OK"
2026-04-02 19:57:24,800 - INFO - HTTP Request: PUT http://localhost:6333/collections/stock_recommendations/points?wait=true "HTTP/1.1 200 OK"
2026-04-02 19:57:24,829 - INFO - HTTP Request: PUT http://localhost:6333/collections/daily_trade_strategies/points?wait=true "HTTP/1.1 200 OK"
2026-04-02 19:57:24,833 - INFO - HTTP Request: PUT http://localhost:6333/collections/trading_results/points?wait=true "HTTP/1.1 200 OK"
2026-04-02 19:57:24,840 - INFO - HTTP Request: PUT http://localhost:6333/collections/stock_recommendations/points?wait=true "HTTP/1.1 200 OK"
2026-04-02 19:57:24,869 - INFO - HTTP Request: PUT http://localhost:6333/collections/daily_trade_strategies/points?wait=true "HTTP/1.1 200 OK"
2026-04-02 19:57:24,874 - INFO - HTTP Request: PUT http://localhost:6333/collections/trading_results/points?wait=true "HTTP/1.1 200 OK"
2026-04-02 19:57:24,882 - INFO - HTTP Request: PUT http://localhost:6333/collections/stock_recommendations/points?wait=true "HTTP/1.1 200 OK"
2026-04-02 19:57:24,910 - INFO - HTTP Request: PUT http://localhost:6333/collections/daily_trade_strategies/points?wait=true "HTTP/1.1 200 OK"
2026-04-02 19:57:24,935 - INFO - HTTP Request: PUT http://localhost:6333/collections/trading_results/points?wait=true "HTTP/1.1 200 OK"
2026-04-02 19:57:24,944 - INFO - HTTP Request: PUT http://localhost:6333/collections/stock_recommendations/points?wait=true "HTTP/1.1 200 OK"
2026-04-02 19:57:24,972 - INFO - HTTP Request: PUT http://localhost:6333/collections/daily_trade_strategies/points?wait=true "HTTP/1.1 200 OK"
2026-04-02 19:57:24,997 - INFO - HTTP Request: PUT http://localhost:6333/collections/trading_results/points?wait=true "HTTP/1.1 200 OK"
2026-04-02 19:57:25,005 - INFO - HTTP Request: PUT http://localhost:6333/collections/stock_recommendations/points?wait=true "HTTP/1.1 200 OK"
2026-04-02 19:57:25,034 - INFO - HTTP Request: PUT http://localhost:6333/collections/daily_trade_strategies/points?wait=true "HTTP/1.1 200 OK"
2026-04-02 19:57:25,041 - INFO - HTTP Request: PUT http://localhost:6333/collections/trading_results/points?wait=true "HTTP/1.1 200 OK"
2026-04-02 19:57:25,050 - INFO - HTTP Request: PUT http://localhost:6333/collections/stock_recommendations/points?wait=true "HTTP/1.1 200 OK"
2026-04-02 19:57:25,078 - INFO - HTTP Request: PUT http://localhost:6333/collections/daily_trade_strategies/points?wait=true "HTTP/1.1 200 OK"
2026-04-02 19:57:25,105 - INFO - HTTP Request: PUT http://localhost:6333/collections/trading_results/points?wait=true "HTTP/1.1 200 OK"
2026-04-02 19:57:25,114 - INFO - HTTP Request: PUT http://localhost:6333/collections/stock_recommendations/points?wait=true "HTTP/1.1 200 OK"
2026-04-02 19:57:25,142 - INFO - HTTP Request: PUT http://localhost:6333/collections/daily_trade_strategies/points?wait=true "HTTP/1.1 200 OK"
2026-04-02 19:57:25,146 - INFO - HTTP Request: PUT http://localhost:6333/collections/trading_results/points?wait=true "HTTP/1.1 200 OK"
2026-04-02 19:57:25,155 - INFO - HTTP Request: PUT http://localhost:6333/collections/stock_recommendations/points?wait=true "HTTP/1.1 200 OK"
2026-04-02 19:57:25,183 - INFO - HTTP Request: PUT http://localhost:6333/collections/daily_trade_strategies/points?wait=true "HTTP/1.1 200 OK"
2026-04-02 19:57:25,186 - INFO - HTTP Request: PUT http://localhost:6333/collections/trading_results/points?wait=true "HTTP/1.1 200 OK"
2026-04-02 19:57:25,214 - INFO - HTTP Request: PUT http://localhost:6333/collections/stock_recommendations/points?wait=true "HTTP/1.1 200 OK"
2026-04-02 19:57:25,241 - INFO - HTTP Request: PUT http://localhost:6333/collections/daily_trade_strategies/points?wait=true "HTTP/1.1 200 OK"
2026-04-02 19:57:25,246 - INFO - HTTP Request: PUT http://localhost:6333/collections/trading_results/points?wait=true "HTTP/1.1 200 OK"
2026-04-02 19:57:25,276 - INFO - HTTP Request: PUT http://localhost:6333/collections/stock_recommendations/points?wait=true "HTTP/1.1 200 OK"
2026-04-02 19:57:25,302 - INFO - HTTP Request: PUT http://localhost:6333/collections/daily_trade_strategies/points?wait=true "HTTP/1.1 200 OK"
2026-04-02 19:57:25,307 - INFO - HTTP Request: PUT http://localhost:6333/collections/trading_results/points?wait=true "HTTP/1.1 200 OK"
2026-04-02 19:57:25,315 - INFO - HTTP Request: PUT http://localhost:6333/collections/stock_recommendations/points?wait=true "HTTP/1.1 200 OK"
2026-04-02 19:57:25,343 - INFO - HTTP Request: PUT http://localhost:6333/collections/daily_trade_strategies/points?wait=true "HTTP/1.1 200 OK"
2026-04-02 19:57:25,346 - INFO - HTTP Request: PUT http://localhost:6333/collections/trading_results/points?wait=true "HTTP/1.1 200 OK"
2026-04-02 19:57:25,357 - INFO - HTTP Request: PUT http://localhost:6333/collections/stock_recommendations/points?wait=true "HTTP/1.1 200 OK"
2026-04-02 19:57:25,384 - INFO - HTTP Request: PUT http://localhost:6333/collections/daily_trade_strategies/points?wait=true "HTTP/1.1 200 OK"
2026-04-02 19:57:25,401 - INFO - HTTP Request: PUT http://localhost:6333/collections/trading_results/points?wait=true "HTTP/1.1 200 OK"
2026-04-02 19:57:25,409 - INFO - HTTP Request: PUT http://localhost:6333/collections/stock_recommendations/points?wait=true "HTTP/1.1 200 OK"
2026-04-02 19:57:25,436 - INFO - HTTP Request: PUT http://localhost:6333/collections/daily_trade_strategies/points?wait=true "HTTP/1.1 200 OK"
2026-04-02 19:57:25,460 - INFO - HTTP Request: PUT http://localhost:6333/collections/trading_results/points?wait=true "HTTP/1.1 200 OK"
2026-04-02 19:57:25,474 - INFO - HTTP Request: PUT http://localhost:6333/collections/stock_recommendations/points?wait=true "HTTP/1.1 200 OK"
2026-04-02 19:57:25,501 - INFO - HTTP Request: PUT http://localhost:6333/collections/daily_trade_strategies/points?wait=true "HTTP/1.1 200 OK"
2026-04-02 19:57:25,505 - INFO - HTTP Request: PUT http://localhost:6333/collections/trading_results/points?wait=true "HTTP/1.1 200 OK"
2026-04-02 19:57:25,515 - INFO - HTTP Request: PUT http://localhost:6333/collections/stock_recommendations/points?wait=true "HTTP/1.1 200 OK"
2026-04-02 19:57:25,544 - INFO - HTTP Request: PUT http://localhost:6333/collections/daily_trade_strategies/points?wait=true "HTTP/1.1 200 OK"
2026-04-02 19:57:25,549 - INFO - HTTP Request: PUT http://localhost:6333/collections/trading_results/points?wait=true "HTTP/1.1 200 OK"
2026-04-02 19:57:25,573 - INFO - HTTP Request: PUT http://localhost:6333/collections/stock_recommendations/points?wait=true "HTTP/1.1 200 OK"
2026-04-02 19:57:25,616 - INFO - HTTP Request: PUT http://localhost:6333/collections/daily_trade_strategies/points?wait=true "HTTP/1.1 200 OK"
2026-04-02 19:57:25,621 - INFO - HTTP Request: PUT http://localhost:6333/collections/trading_results/points?wait=true "HTTP/1.1 200 OK"
2026-04-02 19:57:25,646 - INFO - HTTP Request: PUT http://localhost:6333/collections/stock_recommendations/points?wait=true "HTTP/1.1 200 OK"
2026-04-02 19:57:25,693 - INFO - HTTP Request: PUT http://localhost:6333/collections/daily_trade_strategies/points?wait=true "HTTP/1.1 200 OK"
2026-04-02 19:57:25,699 - INFO - HTTP Request: PUT http://localhost:6333/collections/trading_results/points?wait=true "HTTP/1.1 200 OK"
2026-04-02 19:57:25,723 - INFO - HTTP Request: PUT http://localhost:6333/collections/stock_recommendations/points?wait=true "HTTP/1.1 200 OK"
2026-04-02 19:57:25,751 - INFO - HTTP Request: PUT http://localhost:6333/collections/daily_trade_strategies/points?wait=true "HTTP/1.1 200 OK"
2026-04-02 19:57:25,755 - INFO - HTTP Request: PUT http://localhost:6333/collections/trading_results/points?wait=true "HTTP/1.1 200 OK"
2026-04-02 19:57:25,785 - INFO - HTTP Request: PUT http://localhost:6333/collections/stock_recommendations/points?wait=true "HTTP/1.1 200 OK"
2026-04-02 19:57:25,813 - INFO - HTTP Request: PUT http://localhost:6333/collections/daily_trade_strategies/points?wait=true "HTTP/1.1 200 OK"
2026-04-02 19:57:25,817 - INFO - HTTP Request: PUT http://localhost:6333/collections/trading_results/points?wait=true "HTTP/1.1 200 OK"
2026-04-02 19:57:25,825 - INFO - HTTP Request: PUT http://localhost:6333/collections/stock_recommendations/points?wait=true "HTTP/1.1 200 OK"
2026-04-02 19:57:25,863 - INFO - HTTP Request: PUT http://localhost:6333/collections/daily_trade_strategies/points?wait=true "HTTP/1.1 200 OK"
2026-04-02 19:57:25,877 - INFO - HTTP Request: PUT http://localhost:6333/collections/trading_results/points?wait=true "HTTP/1.1 200 OK"
2026-04-02 19:57:25,885 - INFO - HTTP Request: PUT http://localhost:6333/collections/stock_recommendations/points?wait=true "HTTP/1.1 200 OK"
2026-04-02 19:57:25,926 - INFO - HTTP Request: PUT http://localhost:6333/collections/daily_trade_strategies/points?wait=true "HTTP/1.1 200 OK"
2026-04-02 19:57:25,930 - INFO - HTTP Request: PUT http://localhost:6333/collections/trading_results/points?wait=true "HTTP/1.1 200 OK"
2026-04-02 19:57:25,937 - INFO - HTTP Request: PUT http://localhost:6333/collections/stock_recommendations/points?wait=true "HTTP/1.1 200 OK"
2026-04-02 19:57:25,986 - INFO - HTTP Request: PUT http://localhost:6333/collections/daily_trade_strategies/points?wait=true "HTTP/1.1 200 OK"
2026-04-02 19:57:26,001 - INFO - HTTP Request: PUT http://localhost:6333/collections/trading_results/points?wait=true "HTTP/1.1 200 OK"
2026-04-02 19:57:26,009 - INFO - HTTP Request: PUT http://localhost:6333/collections/stock_recommendations/points?wait=true "HTTP/1.1 200 OK"
2026-04-02 19:57:26,037 - INFO - HTTP Request: PUT http://localhost:6333/collections/daily_trade_strategies/points?wait=true "HTTP/1.1 200 OK"
2026-04-02 19:57:26,041 - INFO - HTTP Request: PUT http://localhost:6333/collections/trading_results/points?wait=true "HTTP/1.1 200 OK"
2026-04-02 19:57:26,048 - INFO - HTTP Request: PUT http://localhost:6333/collections/stock_recommendations/points?wait=true "HTTP/1.1 200 OK"
2026-04-02 19:57:26,076 - INFO - HTTP Request: PUT http://localhost:6333/collections/daily_trade_strategies/points?wait=true "HTTP/1.1 200 OK"
2026-04-02 19:57:26,080 - INFO - HTTP Request: PUT http://localhost:6333/collections/trading_results/points?wait=true "HTTP/1.1 200 OK"
2026-04-02 19:57:26,087 - INFO - HTTP Request: PUT http://localhost:6333/collections/stock_recommendations/points?wait=true "HTTP/1.1 200 OK"
2026-04-02 19:57:26,125 - INFO - HTTP Request: PUT http://localhost:6333/collections/daily_trade_strategies/points?wait=true "HTTP/1.1 200 OK"
2026-04-02 19:57:26,140 - INFO - HTTP Request: PUT http://localhost:6333/collections/trading_results/points?wait=true "HTTP/1.1 200 OK"
2026-04-02 19:57:26,172 - INFO - HTTP Request: PUT http://localhost:6333/collections/stock_recommendations/points?wait=true "HTTP/1.1 200 OK"
2026-04-02 19:57:26,218 - INFO - HTTP Request: PUT http://localhost:6333/collections/daily_trade_strategies/points?wait=true "HTTP/1.1 200 OK"
2026-04-02 19:57:26,231 - INFO - HTTP Request: PUT http://localhost:6333/collections/trading_results/points?wait=true "HTTP/1.1 200 OK"
2026-04-02 19:57:26,241 - INFO - HTTP Request: PUT http://localhost:6333/collections/stock_recommendations/points?wait=true "HTTP/1.1 200 OK"
2026-04-02 19:57:26,280 - INFO - HTTP Request: PUT http://localhost:6333/collections/daily_trade_strategies/points?wait=true "HTTP/1.1 200 OK"
2026-04-02 19:57:26,284 - INFO - HTTP Request: PUT http://localhost:6333/collections/trading_results/points?wait=true "HTTP/1.1 200 OK"
2026-04-02 19:57:26,310 - INFO - HTTP Request: PUT http://localhost:6333/collections/stock_recommendations/points?wait=true "HTTP/1.1 200 OK"
2026-04-02 19:57:26,338 - INFO - HTTP Request: PUT http://localhost:6333/collections/daily_trade_strategies/points?wait=true "HTTP/1.1 200 OK"
2026-04-02 19:57:26,342 - INFO - HTTP Request: PUT http://localhost:6333/collections/trading_results/points?wait=true "HTTP/1.1 200 OK"
2026-04-02 19:57:26,350 - INFO - HTTP Request: PUT http://localhost:6333/collections/stock_recommendations/points?wait=true "HTTP/1.1 200 OK"
2026-04-02 19:57:26,378 - INFO - HTTP Request: PUT http://localhost:6333/collections/daily_trade_strategies/points?wait=true "HTTP/1.1 200 OK"
2026-04-02 19:57:26,382 - INFO - HTTP Request: PUT http://localhost:6333/collections/trading_results/points?wait=true "HTTP/1.1 200 OK"
2026-04-02 19:57:26,403 - INFO - HTTP Request: PUT http://localhost:6333/collections/stock_recommendations/points?wait=true "HTTP/1.1 200 OK"
2026-04-02 19:57:26,450 - INFO - HTTP Request: PUT http://localhost:6333/collections/daily_trade_strategies/points?wait=true "HTTP/1.1 200 OK"
2026-04-02 19:57:26,479 - INFO - HTTP Request: PUT http://localhost:6333/collections/trading_results/points?wait=true "HTTP/1.1 200 OK"
2026-04-02 19:57:26,487 - INFO - HTTP Request: PUT http://localhost:6333/collections/stock_recommendations/points?wait=true "HTTP/1.1 200 OK"
2026-04-02 19:57:26,527 - INFO - HTTP Request: PUT http://localhost:6333/collections/daily_trade_strategies/points?wait=true "HTTP/1.1 200 OK"
2026-04-02 19:57:26,556 - INFO - HTTP Request: PUT http://localhost:6333/collections/trading_results/points?wait=true "HTTP/1.1 200 OK"
2026-04-02 19:57:26,588 - INFO - HTTP Request: PUT http://localhost:6333/collections/stock_recommendations/points?wait=true "HTTP/1.1 200 OK"
2026-04-02 19:57:26,616 - INFO - HTTP Request: PUT http://localhost:6333/collections/daily_trade_strategies/points?wait=true "HTTP/1.1 200 OK"
2026-04-02 19:57:26,620 - INFO - HTTP Request: PUT http://localhost:6333/collections/trading_results/points?wait=true "HTTP/1.1 200 OK"
2026-04-02 19:57:26,648 - INFO - HTTP Request: PUT http://localhost:6333/collections/stock_recommendations/points?wait=true "HTTP/1.1 200 OK"
2026-04-02 19:57:26,676 - INFO - HTTP Request: PUT http://localhost:6333/collections/daily_trade_strategies/points?wait=true "HTTP/1.1 200 OK"
2026-04-02 19:57:26,693 - INFO - HTTP Request: PUT http://localhost:6333/collections/trading_results/points?wait=true "HTTP/1.1 200 OK"
2026-04-02 19:57:26,701 - INFO - HTTP Request: PUT http://localhost:6333/collections/stock_recommendations/points?wait=true "HTTP/1.1 200 OK"
2026-04-02 19:57:26,728 - INFO - HTTP Request: PUT http://localhost:6333/collections/daily_trade_strategies/points?wait=true "HTTP/1.1 200 OK"
2026-04-02 19:57:26,732 - INFO - HTTP Request: PUT http://localhost:6333/collections/trading_results/points?wait=true "HTTP/1.1 200 OK"
2026-04-02 19:57:26,740 - INFO - HTTP Request: PUT http://localhost:6333/collections/stock_recommendations/points?wait=true "HTTP/1.1 200 OK"
2026-04-02 19:57:26,768 - INFO - HTTP Request: PUT http://localhost:6333/collections/daily_trade_strategies/points?wait=true "HTTP/1.1 200 OK"
2026-04-02 19:57:26,771 - INFO - HTTP Request: PUT http://localhost:6333/collections/trading_results/points?wait=true "HTTP/1.1 200 OK"
2026-04-02 19:57:26,801 - INFO - HTTP Request: PUT http://localhost:6333/collections/stock_recommendations/points?wait=true "HTTP/1.1 200 OK"
2026-04-02 19:57:26,828 - INFO - HTTP Request: PUT http://localhost:6333/collections/daily_trade_strategies/points?wait=true "HTTP/1.1 200 OK"
2026-04-02 19:57:26,831 - INFO - HTTP Request: PUT http://localhost:6333/collections/trading_results/points?wait=true "HTTP/1.1 200 OK"
2026-04-02 19:57:26,862 - INFO - HTTP Request: PUT http://localhost:6333/collections/stock_recommendations/points?wait=true "HTTP/1.1 200 OK"
2026-04-02 19:57:26,909 - INFO - HTTP Request: PUT http://localhost:6333/collections/daily_trade_strategies/points?wait=true "HTTP/1.1 200 OK"
2026-04-02 19:57:26,913 - INFO - HTTP Request: PUT http://localhost:6333/collections/trading_results/points?wait=true "HTTP/1.1 200 OK"
2026-04-02 19:57:26,941 - INFO - HTTP Request: PUT http://localhost:6333/collections/stock_recommendations/points?wait=true "HTTP/1.1 200 OK"
2026-04-02 19:57:26,968 - INFO - HTTP Request: PUT http://localhost:6333/collections/daily_trade_strategies/points?wait=true "HTTP/1.1 200 OK"
2026-04-02 19:57:26,971 - INFO - HTTP Request: PUT http://localhost:6333/collections/trading_results/points?wait=true "HTTP/1.1 200 OK"
2026-04-02 19:57:27,002 - INFO - HTTP Request: PUT http://localhost:6333/collections/stock_recommendations/points?wait=true "HTTP/1.1 200 OK"
2026-04-02 19:57:27,029 - INFO - HTTP Request: PUT http://localhost:6333/collections/daily_trade_strategies/points?wait=true "HTTP/1.1 200 OK"
2026-04-02 19:57:27,033 - INFO - HTTP Request: PUT http://localhost:6333/collections/trading_results/points?wait=true "HTTP/1.1 200 OK"
2026-04-02 19:57:27,040 - INFO - HTTP Request: PUT http://localhost:6333/collections/stock_recommendations/points?wait=true "HTTP/1.1 200 OK"
2026-04-02 19:57:27,078 - INFO - HTTP Request: PUT http://localhost:6333/collections/daily_trade_strategies/points?wait=true "HTTP/1.1 200 OK"
2026-04-02 19:57:27,106 - INFO - HTTP Request: PUT http://localhost:6333/collections/trading_results/points?wait=true "HTTP/1.1 200 OK"
2026-04-02 19:57:27,116 - INFO - HTTP Request: PUT http://localhost:6333/collections/stock_recommendations/points?wait=true "HTTP/1.1 200 OK"
2026-04-02 19:57:27,145 - INFO - HTTP Request: PUT http://localhost:6333/collections/daily_trade_strategies/points?wait=true "HTTP/1.1 200 OK"
2026-04-02 19:57:27,148 - INFO - HTTP Request: PUT http://localhost:6333/collections/trading_results/points?wait=true "HTTP/1.1 200 OK"
2026-04-02 19:57:27,156 - INFO - HTTP Request: PUT http://localhost:6333/collections/stock_recommendations/points?wait=true "HTTP/1.1 200 OK"
2026-04-02 19:57:27,185 - INFO - HTTP Request: PUT http://localhost:6333/collections/daily_trade_strategies/points?wait=true "HTTP/1.1 200 OK"
2026-04-02 19:57:27,189 - INFO - HTTP Request: PUT http://localhost:6333/collections/trading_results/points?wait=true "HTTP/1.1 200 OK"
2026-04-02 19:57:27,197 - INFO - HTTP Request: PUT http://localhost:6333/collections/stock_recommendations/points?wait=true "HTTP/1.1 200 OK"
2026-04-02 19:57:27,226 - INFO - HTTP Request: PUT http://localhost:6333/collections/daily_trade_strategies/points?wait=true "HTTP/1.1 200 OK"
2026-04-02 19:57:27,230 - INFO - HTTP Request: PUT http://localhost:6333/collections/trading_results/points?wait=true "HTTP/1.1 200 OK"
2026-04-02 19:57:27,239 - INFO - HTTP Request: PUT http://localhost:6333/collections/stock_recommendations/points?wait=true "HTTP/1.1 200 OK"
2026-04-02 19:57:27,269 - INFO - HTTP Request: PUT http://localhost:6333/collections/daily_trade_strategies/points?wait=true "HTTP/1.1 200 OK"
2026-04-02 19:57:27,295 - INFO - HTTP Request: PUT http://localhost:6333/collections/trading_results/points?wait=true "HTTP/1.1 200 OK"
2026-04-02 19:57:27,327 - INFO - HTTP Request: PUT http://localhost:6333/collections/stock_recommendations/points?wait=true "HTTP/1.1 200 OK"
2026-04-02 19:57:27,355 - INFO - HTTP Request: PUT http://localhost:6333/collections/daily_trade_strategies/points?wait=true "HTTP/1.1 200 OK"
2026-04-02 19:57:27,359 - INFO - HTTP Request: PUT http://localhost:6333/collections/trading_results/points?wait=true "HTTP/1.1 200 OK"
2026-04-02 19:57:27,367 - INFO - HTTP Request: PUT http://localhost:6333/collections/stock_recommendations/points?wait=true "HTTP/1.1 200 OK"
2026-04-02 19:57:27,395 - INFO - HTTP Request: PUT http://localhost:6333/collections/daily_trade_strategies/points?wait=true "HTTP/1.1 200 OK"
2026-04-02 19:57:27,421 - INFO - HTTP Request: PUT http://localhost:6333/collections/trading_results/points?wait=true "HTTP/1.1 200 OK"
2026-04-02 19:57:27,429 - INFO - HTTP Request: PUT http://localhost:6333/collections/stock_recommendations/points?wait=true "HTTP/1.1 200 OK"
2026-04-02 19:57:27,456 - INFO - HTTP Request: PUT http://localhost:6333/collections/daily_trade_strategies/points?wait=true "HTTP/1.1 200 OK"
2026-04-02 19:57:27,460 - INFO - HTTP Request: PUT http://localhost:6333/collections/trading_results/points?wait=true "HTTP/1.1 200 OK"
2026-04-02 19:57:27,468 - INFO - HTTP Request: PUT http://localhost:6333/collections/stock_recommendations/points?wait=true "HTTP/1.1 200 OK"
2026-04-02 19:57:27,517 - INFO - HTTP Request: PUT http://localhost:6333/collections/daily_trade_strategies/points?wait=true "HTTP/1.1 200 OK"
2026-04-02 19:57:27,532 - INFO - HTTP Request: PUT http://localhost:6333/collections/trading_results/points?wait=true "HTTP/1.1 200 OK"
2026-04-02 19:57:27,539 - INFO - HTTP Request: PUT http://localhost:6333/collections/stock_recommendations/points?wait=true "HTTP/1.1 200 OK"
2026-04-02 19:57:27,567 - INFO - HTTP Request: PUT http://localhost:6333/collections/daily_trade_strategies/points?wait=true "HTTP/1.1 200 OK"
2026-04-02 19:57:27,594 - INFO - HTTP Request: PUT http://localhost:6333/collections/trading_results/points?wait=true "HTTP/1.1 200 OK"
2026-04-02 19:57:27,601 - INFO - HTTP Request: PUT http://localhost:6333/collections/stock_recommendations/points?wait=true "HTTP/1.1 200 OK"
2026-04-02 19:57:27,629 - INFO - HTTP Request: PUT http://localhost:6333/collections/daily_trade_strategies/points?wait=true "HTTP/1.1 200 OK"
2026-04-02 19:57:27,632 - INFO - HTTP Request: PUT http://localhost:6333/collections/trading_results/points?wait=true "HTTP/1.1 200 OK"
2026-04-02 19:57:27,641 - INFO - HTTP Request: PUT http://localhost:6333/collections/stock_recommendations/points?wait=true "HTTP/1.1 200 OK"
2026-04-02 19:57:27,669 - INFO - HTTP Request: PUT http://localhost:6333/collections/daily_trade_strategies/points?wait=true "HTTP/1.1 200 OK"
2026-04-02 19:57:27,674 - INFO - HTTP Request: PUT http://localhost:6333/collections/trading_results/points?wait=true "HTTP/1.1 200 OK"
2026-04-02 19:57:27,703 - INFO - HTTP Request: PUT http://localhost:6333/collections/stock_recommendations/points?wait=true "HTTP/1.1 200 OK"
2026-04-02 19:57:27,731 - INFO - HTTP Request: PUT http://localhost:6333/collections/daily_trade_strategies/points?wait=true "HTTP/1.1 200 OK"
2026-04-02 19:57:27,738 - INFO - HTTP Request: PUT http://localhost:6333/collections/trading_results/points?wait=true "HTTP/1.1 200 OK"
2026-04-02 19:57:27,765 - INFO - HTTP Request: PUT http://localhost:6333/collections/stock_recommendations/points?wait=true "HTTP/1.1 200 OK"
2026-04-02 19:57:27,792 - INFO - HTTP Request: PUT http://localhost:6333/collections/daily_trade_strategies/points?wait=true "HTTP/1.1 200 OK"
2026-04-02 19:57:27,811 - INFO - HTTP Request: PUT http://localhost:6333/collections/trading_results/points?wait=true "HTTP/1.1 200 OK"
2026-04-02 19:57:27,819 - INFO - HTTP Request: PUT http://localhost:6333/collections/stock_recommendations/points?wait=true "HTTP/1.1 200 OK"
2026-04-02 19:57:27,845 - INFO - HTTP Request: PUT http://localhost:6333/collections/daily_trade_strategies/points?wait=true "HTTP/1.1 200 OK"
2026-04-02 19:57:27,849 - INFO - HTTP Request: PUT http://localhost:6333/collections/trading_results/points?wait=true "HTTP/1.1 200 OK"
2026-04-02 19:57:27,858 - INFO - HTTP Request: PUT http://localhost:6333/collections/stock_recommendations/points?wait=true "HTTP/1.1 200 OK"
2026-04-02 19:57:27,885 - INFO - HTTP Request: PUT http://localhost:6333/collections/daily_trade_strategies/points?wait=true "HTTP/1.1 200 OK"
2026-04-02 19:57:27,888 - INFO - HTTP Request: PUT http://localhost:6333/collections/trading_results/points?wait=true "HTTP/1.1 200 OK"
2026-04-02 19:57:27,897 - INFO - HTTP Request: PUT http://localhost:6333/collections/stock_recommendations/points?wait=true "HTTP/1.1 200 OK"
2026-04-02 19:57:27,936 - INFO - HTTP Request: PUT http://localhost:6333/collections/daily_trade_strategies/points?wait=true "HTTP/1.1 200 OK"
2026-04-02 19:57:27,952 - INFO - HTTP Request: PUT http://localhost:6333/collections/trading_results/points?wait=true "HTTP/1.1 200 OK"
2026-04-02 19:57:27,960 - INFO - HTTP Request: PUT http://localhost:6333/collections/stock_recommendations/points?wait=true "HTTP/1.1 200 OK"
2026-04-02 19:57:27,988 - INFO - HTTP Request: PUT http://localhost:6333/collections/daily_trade_strategies/points?wait=true "HTTP/1.1 200 OK"
2026-04-02 19:57:27,993 - INFO - HTTP Request: PUT http://localhost:6333/collections/trading_results/points?wait=true "HTTP/1.1 200 OK"
2026-04-02 19:57:28,001 - INFO - HTTP Request: PUT http://localhost:6333/collections/stock_recommendations/points?wait=true "HTTP/1.1 200 OK"
2026-04-02 19:57:28,028 - INFO - HTTP Request: PUT http://localhost:6333/collections/daily_trade_strategies/points?wait=true "HTTP/1.1 200 OK"
2026-04-02 19:57:28,033 - INFO - HTTP Request: PUT http://localhost:6333/collections/trading_results/points?wait=true "HTTP/1.1 200 OK"
2026-04-02 19:57:28,040 - INFO - HTTP Request: PUT http://localhost:6333/collections/stock_recommendations/points?wait=true "HTTP/1.1 200 OK"
2026-04-02 19:57:28,068 - INFO - HTTP Request: PUT http://localhost:6333/collections/daily_trade_strategies/points?wait=true "HTTP/1.1 200 OK"
2026-04-02 19:57:28,092 - INFO - HTTP Request: PUT http://localhost:6333/collections/trading_results/points?wait=true "HTTP/1.1 200 OK"
2026-04-02 19:57:28,101 - INFO - HTTP Request: PUT http://localhost:6333/collections/stock_recommendations/points?wait=true "HTTP/1.1 200 OK"
2026-04-02 19:57:28,129 - INFO - HTTP Request: PUT http://localhost:6333/collections/daily_trade_strategies/points?wait=true "HTTP/1.1 200 OK"
2026-04-02 19:57:28,133 - INFO - HTTP Request: PUT http://localhost:6333/collections/trading_results/points?wait=true "HTTP/1.1 200 OK"
2026-04-02 19:57:28,158 - INFO - HTTP Request: PUT http://localhost:6333/collections/stock_recommendations/points?wait=true "HTTP/1.1 200 OK"
2026-04-02 19:57:28,186 - INFO - HTTP Request: PUT http://localhost:6333/collections/daily_trade_strategies/points?wait=true "HTTP/1.1 200 OK"
2026-04-02 19:57:28,191 - INFO - HTTP Request: PUT http://localhost:6333/collections/trading_results/points?wait=true "HTTP/1.1 200 OK"
2026-04-02 19:57:28,200 - INFO - HTTP Request: PUT http://localhost:6333/collections/stock_recommendations/points?wait=true "HTTP/1.1 200 OK"
2026-04-02 19:57:28,228 - INFO - HTTP Request: PUT http://localhost:6333/collections/daily_trade_strategies/points?wait=true "HTTP/1.1 200 OK"
2026-04-02 19:57:28,248 - INFO - HTTP Request: PUT http://localhost:6333/collections/trading_results/points?wait=true "HTTP/1.1 200 OK"
2026-04-02 19:57:28,257 - INFO - HTTP Request: PUT http://localhost:6333/collections/stock_recommendations/points?wait=true "HTTP/1.1 200 OK"
2026-04-02 19:57:28,285 - INFO - HTTP Request: PUT http://localhost:6333/collections/daily_trade_strategies/points?wait=true "HTTP/1.1 200 OK"
2026-04-02 19:57:28,289 - INFO - HTTP Request: PUT http://localhost:6333/collections/trading_results/points?wait=true "HTTP/1.1 200 OK"
2026-04-02 19:57:28,312 - INFO - HTTP Request: PUT http://localhost:6333/collections/stock_recommendations/points?wait=true "HTTP/1.1 200 OK"
2026-04-02 19:57:28,359 - INFO - HTTP Request: PUT http://localhost:6333/collections/daily_trade_strategies/points?wait=true "HTTP/1.1 200 OK"
2026-04-02 19:57:28,363 - INFO - HTTP Request: PUT http://localhost:6333/collections/trading_results/points?wait=true "HTTP/1.1 200 OK"
2026-04-02 19:57:28,372 - INFO - HTTP Request: PUT http://localhost:6333/collections/stock_recommendations/points?wait=true "HTTP/1.1 200 OK"
2026-04-02 19:57:28,400 - INFO - HTTP Request: PUT http://localhost:6333/collections/daily_trade_strategies/points?wait=true "HTTP/1.1 200 OK"
2026-04-02 19:57:28,405 - INFO - HTTP Request: PUT http://localhost:6333/collections/trading_results/points?wait=true "HTTP/1.1 200 OK"
2026-04-02 19:57:28,415 - INFO - HTTP Request: PUT http://localhost:6333/collections/stock_recommendations/points?wait=true "HTTP/1.1 200 OK"
2026-04-02 19:57:28,449 - INFO - HTTP Request: PUT http://localhost:6333/collections/daily_trade_strategies/points?wait=true "HTTP/1.1 200 OK"
2026-04-02 19:57:28,453 - INFO - HTTP Request: PUT http://localhost:6333/collections/trading_results/points?wait=true "HTTP/1.1 200 OK"
2026-04-02 19:57:28,462 - INFO - HTTP Request: PUT http://localhost:6333/collections/stock_recommendations/points?wait=true "HTTP/1.1 200 OK"
2026-04-02 19:57:28,489 - INFO - HTTP Request: PUT http://localhost:6333/collections/daily_trade_strategies/points?wait=true "HTTP/1.1 200 OK"
2026-04-02 19:57:28,493 - INFO - HTTP Request: PUT http://localhost:6333/collections/trading_results/points?wait=true "HTTP/1.1 200 OK"
2026-04-02 19:57:28,500 - INFO - HTTP Request: PUT http://localhost:6333/collections/stock_recommendations/points?wait=true "HTTP/1.1 200 OK"
2026-04-02 19:57:28,530 - INFO - HTTP Request: PUT http://localhost:6333/collections/daily_trade_strategies/points?wait=true "HTTP/1.1 200 OK"
2026-04-02 19:57:28,534 - INFO - HTTP Request: PUT http://localhost:6333/collections/trading_results/points?wait=true "HTTP/1.1 200 OK"
2026-04-02 19:57:28,543 - INFO - HTTP Request: PUT http://localhost:6333/collections/stock_recommendations/points?wait=true "HTTP/1.1 200 OK"
2026-04-02 19:57:28,571 - INFO - HTTP Request: PUT http://localhost:6333/collections/daily_trade_strategies/points?wait=true "HTTP/1.1 200 OK"
2026-04-02 19:57:28,576 - INFO - HTTP Request: PUT http://localhost:6333/collections/trading_results/points?wait=true "HTTP/1.1 200 OK"
2026-04-02 19:57:28,584 - INFO - HTTP Request: PUT http://localhost:6333/collections/stock_recommendations/points?wait=true "HTTP/1.1 200 OK"
2026-04-02 19:57:28,611 - INFO - HTTP Request: PUT http://localhost:6333/collections/daily_trade_strategies/points?wait=true "HTTP/1.1 200 OK"
2026-04-02 19:57:28,615 - INFO - HTTP Request: PUT http://localhost:6333/collections/trading_results/points?wait=true "HTTP/1.1 200 OK"
2026-04-02 19:57:28,623 - INFO - HTTP Request: PUT http://localhost:6333/collections/stock_recommendations/points?wait=true "HTTP/1.1 200 OK"
2026-04-02 19:57:28,651 - INFO - HTTP Request: PUT http://localhost:6333/collections/daily_trade_strategies/points?wait=true "HTTP/1.1 200 OK"
2026-04-02 19:57:28,655 - INFO - HTTP Request: PUT http://localhost:6333/collections/trading_results/points?wait=true "HTTP/1.1 200 OK"
2026-04-02 19:57:28,663 - INFO - HTTP Request: PUT http://localhost:6333/collections/stock_recommendations/points?wait=true "HTTP/1.1 200 OK"
2026-04-02 19:57:28,691 - INFO - HTTP Request: PUT http://localhost:6333/collections/daily_trade_strategies/points?wait=true "HTTP/1.1 200 OK"
2026-04-02 19:57:28,696 - INFO - HTTP Request: PUT http://localhost:6333/collections/trading_results/points?wait=true "HTTP/1.1 200 OK"
2026-04-02 19:57:28,704 - INFO - HTTP Request: PUT http://localhost:6333/collections/stock_recommendations/points?wait=true "HTTP/1.1 200 OK"
2026-04-02 19:57:28,731 - INFO - HTTP Request: PUT http://localhost:6333/collections/daily_trade_strategies/points?wait=true "HTTP/1.1 200 OK"
2026-04-02 19:57:28,735 - INFO - HTTP Request: PUT http://localhost:6333/collections/trading_results/points?wait=true "HTTP/1.1 200 OK"
2026-04-02 19:57:28,743 - INFO - HTTP Request: PUT http://localhost:6333/collections/stock_recommendations/points?wait=true "HTTP/1.1 200 OK"
2026-04-02 19:57:28,771 - INFO - HTTP Request: PUT http://localhost:6333/collections/daily_trade_strategies/points?wait=true "HTTP/1.1 200 OK"
2026-04-02 19:57:28,775 - INFO - HTTP Request: PUT http://localhost:6333/collections/trading_results/points?wait=true "HTTP/1.1 200 OK"
2026-04-02 19:57:28,784 - INFO - HTTP Request: PUT http://localhost:6333/collections/stock_recommendations/points?wait=true "HTTP/1.1 200 OK"
2026-04-02 19:57:28,812 - INFO - HTTP Request: PUT http://localhost:6333/collections/daily_trade_strategies/points?wait=true "HTTP/1.1 200 OK"
2026-04-02 19:57:28,816 - INFO - HTTP Request: PUT http://localhost:6333/collections/trading_results/points?wait=true "HTTP/1.1 200 OK"
2026-04-02 19:57:28,824 - INFO - HTTP Request: PUT http://localhost:6333/collections/stock_recommendations/points?wait=true "HTTP/1.1 200 OK"
2026-04-02 19:57:28,852 - INFO - HTTP Request: PUT http://localhost:6333/collections/daily_trade_strategies/points?wait=true "HTTP/1.1 200 OK"
2026-04-02 19:57:28,856 - INFO - HTTP Request: PUT http://localhost:6333/collections/trading_results/points?wait=true "HTTP/1.1 200 OK"
2026-04-02 19:57:28,864 - INFO - HTTP Request: PUT http://localhost:6333/collections/stock_recommendations/points?wait=true "HTTP/1.1 200 OK"
2026-04-02 19:57:28,893 - INFO - HTTP Request: PUT http://localhost:6333/collections/daily_trade_strategies/points?wait=true "HTTP/1.1 200 OK"
2026-04-02 19:57:28,898 - INFO - HTTP Request: PUT http://localhost:6333/collections/trading_results/points?wait=true "HTTP/1.1 200 OK"
2026-04-02 19:57:28,907 - INFO - HTTP Request: PUT http://localhost:6333/collections/stock_recommendations/points?wait=true "HTTP/1.1 200 OK"
2026-04-02 19:57:28,935 - INFO - HTTP Request: PUT http://localhost:6333/collections/daily_trade_strategies/points?wait=true "HTTP/1.1 200 OK"
2026-04-02 19:57:28,939 - INFO - HTTP Request: PUT http://localhost:6333/collections/trading_results/points?wait=true "HTTP/1.1 200 OK"
2026-04-02 19:57:28,946 - INFO - HTTP Request: PUT http://localhost:6333/collections/stock_recommendations/points?wait=true "HTTP/1.1 200 OK"
2026-04-02 19:57:28,975 - INFO - HTTP Request: PUT http://localhost:6333/collections/daily_trade_strategies/points?wait=true "HTTP/1.1 200 OK"
2026-04-02 19:57:28,980 - INFO - HTTP Request: PUT http://localhost:6333/collections/trading_results/points?wait=true "HTTP/1.1 200 OK"
2026-04-02 19:57:28,989 - INFO - HTTP Request: PUT http://localhost:6333/collections/stock_recommendations/points?wait=true "HTTP/1.1 200 OK"
2026-04-02 19:57:29,016 - INFO - HTTP Request: PUT http://localhost:6333/collections/daily_trade_strategies/points?wait=true "HTTP/1.1 200 OK"
2026-04-02 19:57:29,020 - INFO - HTTP Request: PUT http://localhost:6333/collections/trading_results/points?wait=true "HTTP/1.1 200 OK"
2026-04-02 19:57:29,029 - INFO - HTTP Request: PUT http://localhost:6333/collections/stock_recommendations/points?wait=true "HTTP/1.1 200 OK"
2026-04-02 19:57:29,060 - INFO - HTTP Request: PUT http://localhost:6333/collections/daily_trade_strategies/points?wait=true "HTTP/1.1 200 OK"
2026-04-02 19:57:29,065 - INFO - HTTP Request: PUT http://localhost:6333/collections/trading_results/points?wait=true "HTTP/1.1 200 OK"
2026-04-02 19:57:29,095 - INFO - HTTP Request: PUT http://localhost:6333/collections/stock_recommendations/points?wait=true "HTTP/1.1 200 OK"
2026-04-02 19:57:29,122 - INFO - HTTP Request: PUT http://localhost:6333/collections/daily_trade_strategies/points?wait=true "HTTP/1.1 200 OK"
2026-04-02 19:57:29,127 - INFO - HTTP Request: PUT http://localhost:6333/collections/trading_results/points?wait=true "HTTP/1.1 200 OK"
2026-04-02 19:57:29,135 - INFO - HTTP Request: PUT http://localhost:6333/collections/stock_recommendations/points?wait=true "HTTP/1.1 200 OK"
2026-04-02 19:57:29,163 - INFO - HTTP Request: PUT http://localhost:6333/collections/daily_trade_strategies/points?wait=true "HTTP/1.1 200 OK"
2026-04-02 19:57:29,186 - INFO - HTTP Request: PUT http://localhost:6333/collections/trading_results/points?wait=true "HTTP/1.1 200 OK"
2026-04-02 19:57:29,194 - INFO - HTTP Request: PUT http://localhost:6333/collections/stock_recommendations/points?wait=true "HTTP/1.1 200 OK"
2026-04-02 19:57:29,221 - INFO - HTTP Request: PUT http://localhost:6333/collections/daily_trade_strategies/points?wait=true "HTTP/1.1 200 OK"
2026-04-02 19:57:29,225 - INFO - HTTP Request: PUT http://localhost:6333/collections/trading_results/points?wait=true "HTTP/1.1 200 OK"
2026-04-02 19:57:29,233 - INFO - HTTP Request: PUT http://localhost:6333/collections/stock_recommendations/points?wait=true "HTTP/1.1 200 OK"
2026-04-02 19:57:29,262 - INFO - HTTP Request: PUT http://localhost:6333/collections/daily_trade_strategies/points?wait=true "HTTP/1.1 200 OK"
2026-04-02 19:57:29,267 - INFO - HTTP Request: PUT http://localhost:6333/collections/trading_results/points?wait=true "HTTP/1.1 200 OK"
2026-04-02 19:57:29,277 - INFO - HTTP Request: PUT http://localhost:6333/collections/stock_recommendations/points?wait=true "HTTP/1.1 200 OK"
2026-04-02 19:57:29,306 - INFO - HTTP Request: PUT http://localhost:6333/collections/daily_trade_strategies/points?wait=true "HTTP/1.1 200 OK"
2026-04-02 19:57:29,313 - INFO - HTTP Request: PUT http://localhost:6333/collections/trading_results/points?wait=true "HTTP/1.1 200 OK"
2026-04-02 19:57:29,322 - INFO - HTTP Request: PUT http://localhost:6333/collections/stock_recommendations/points?wait=true "HTTP/1.1 200 OK"
2026-04-02 19:57:29,356 - INFO - HTTP Request: PUT http://localhost:6333/collections/daily_trade_strategies/points?wait=true "HTTP/1.1 200 OK"
2026-04-02 19:57:29,361 - INFO - HTTP Request: PUT http://localhost:6333/collections/trading_results/points?wait=true "HTTP/1.1 200 OK"
2026-04-02 19:57:29,369 - INFO - HTTP Request: PUT http://localhost:6333/collections/stock_recommendations/points?wait=true "HTTP/1.1 200 OK"
2026-04-02 19:57:29,399 - INFO - HTTP Request: PUT http://localhost:6333/collections/daily_trade_strategies/points?wait=true "HTTP/1.1 200 OK"
2026-04-02 19:57:29,403 - INFO - HTTP Request: PUT http://localhost:6333/collections/trading_results/points?wait=true "HTTP/1.1 200 OK"
2026-04-02 19:57:29,413 - INFO - HTTP Request: PUT http://localhost:6333/collections/stock_recommendations/points?wait=true "HTTP/1.1 200 OK"
2026-04-02 19:57:29,442 - INFO - HTTP Request: PUT http://localhost:6333/collections/daily_trade_strategies/points?wait=true "HTTP/1.1 200 OK"
2026-04-02 19:57:29,448 - INFO - HTTP Request: PUT http://localhost:6333/collections/trading_results/points?wait=true "HTTP/1.1 200 OK"
2026-04-02 19:57:29,457 - INFO - HTTP Request: PUT http://localhost:6333/collections/stock_recommendations/points?wait=true "HTTP/1.1 200 OK"
2026-04-02 19:57:29,488 - INFO - HTTP Request: PUT http://localhost:6333/collections/daily_trade_strategies/points?wait=true "HTTP/1.1 200 OK"
2026-04-02 19:57:29,492 - INFO - HTTP Request: PUT http://localhost:6333/collections/trading_results/points?wait=true "HTTP/1.1 200 OK"
2026-04-02 19:57:29,503 - INFO - HTTP Request: PUT http://localhost:6333/collections/stock_recommendations/points?wait=true "HTTP/1.1 200 OK"
2026-04-02 19:57:29,533 - INFO - HTTP Request: PUT http://localhost:6333/collections/daily_trade_strategies/points?wait=true "HTTP/1.1 200 OK"
2026-04-02 19:57:29,538 - INFO - HTTP Request: PUT http://localhost:6333/collections/trading_results/points?wait=true "HTTP/1.1 200 OK"
2026-04-02 19:57:29,548 - INFO - HTTP Request: PUT http://localhost:6333/collections/stock_recommendations/points?wait=true "HTTP/1.1 200 OK"
2026-04-02 19:57:29,579 - INFO - HTTP Request: PUT http://localhost:6333/collections/daily_trade_strategies/points?wait=true "HTTP/1.1 200 OK"
2026-04-02 19:57:29,583 - INFO - HTTP Request: PUT http://localhost:6333/collections/trading_results/points?wait=true "HTTP/1.1 200 OK"
2026-04-02 19:57:29,593 - INFO - HTTP Request: PUT http://localhost:6333/collections/stock_recommendations/points?wait=true "HTTP/1.1 200 OK"
2026-04-02 19:57:29,622 - INFO - HTTP Request: PUT http://localhost:6333/collections/daily_trade_strategies/points?wait=true "HTTP/1.1 200 OK"
2026-04-02 19:57:29,650 - INFO - HTTP Request: PUT http://localhost:6333/collections/trading_results/points?wait=true "HTTP/1.1 200 OK"
2026-04-02 19:57:29,660 - INFO - HTTP Request: PUT http://localhost:6333/collections/stock_recommendations/points?wait=true "HTTP/1.1 200 OK"
2026-04-02 19:57:29,687 - INFO - HTTP Request: PUT http://localhost:6333/collections/daily_trade_strategies/points?wait=true "HTTP/1.1 200 OK"
2026-04-02 19:57:29,693 - INFO - HTTP Request: PUT http://localhost:6333/collections/trading_results/points?wait=true "HTTP/1.1 200 OK"
2026-04-02 19:57:29,702 - INFO - HTTP Request: PUT http://localhost:6333/collections/stock_recommendations/points?wait=true "HTTP/1.1 200 OK"
2026-04-02 19:57:29,735 - INFO - HTTP Request: PUT http://localhost:6333/collections/daily_trade_strategies/points?wait=true "HTTP/1.1 200 OK"
2026-04-02 19:57:29,740 - INFO - HTTP Request: PUT http://localhost:6333/collections/trading_results/points?wait=true "HTTP/1.1 200 OK"
2026-04-02 19:57:29,751 - INFO - HTTP Request: PUT http://localhost:6333/collections/stock_recommendations/points?wait=true "HTTP/1.1 200 OK"
2026-04-02 19:57:29,779 - INFO - HTTP Request: PUT http://localhost:6333/collections/daily_trade_strategies/points?wait=true "HTTP/1.1 200 OK"
2026-04-02 19:57:29,783 - INFO - HTTP Request: PUT http://localhost:6333/collections/trading_results/points?wait=true "HTTP/1.1 200 OK"
2026-04-02 19:57:29,793 - INFO - HTTP Request: PUT http://localhost:6333/collections/stock_recommendations/points?wait=true "HTTP/1.1 200 OK"
2026-04-02 19:57:29,822 - INFO - HTTP Request: PUT http://localhost:6333/collections/daily_trade_strategies/points?wait=true "HTTP/1.1 200 OK"
2026-04-02 19:57:29,838 - INFO - HTTP Request: PUT http://localhost:6333/collections/trading_results/points?wait=true "HTTP/1.1 200 OK"
2026-04-02 19:57:29,846 - INFO - HTTP Request: PUT http://localhost:6333/collections/stock_recommendations/points?wait=true "HTTP/1.1 200 OK"
2026-04-02 19:57:29,876 - INFO - HTTP Request: PUT http://localhost:6333/collections/daily_trade_strategies/points?wait=true "HTTP/1.1 200 OK"
2026-04-02 19:57:29,879 - INFO - HTTP Request: PUT http://localhost:6333/collections/trading_results/points?wait=true "HTTP/1.1 200 OK"
2026-04-02 19:57:29,887 - INFO - HTTP Request: PUT http://localhost:6333/collections/stock_recommendations/points?wait=true "HTTP/1.1 200 OK"
2026-04-02 19:57:29,916 - INFO - HTTP Request: PUT http://localhost:6333/collections/daily_trade_strategies/points?wait=true "HTTP/1.1 200 OK"
2026-04-02 19:57:29,920 - INFO - HTTP Request: PUT http://localhost:6333/collections/trading_results/points?wait=true "HTTP/1.1 200 OK"
2026-04-02 19:57:29,928 - INFO - HTTP Request: PUT http://localhost:6333/collections/stock_recommendations/points?wait=true "HTTP/1.1 200 OK"
2026-04-02 19:57:29,955 - INFO - HTTP Request: PUT http://localhost:6333/collections/daily_trade_strategies/points?wait=true "HTTP/1.1 200 OK"
2026-04-02 19:57:29,959 - INFO - HTTP Request: PUT http://localhost:6333/collections/trading_results/points?wait=true "HTTP/1.1 200 OK"
2026-04-02 19:57:29,981 - INFO - HTTP Request: PUT http://localhost:6333/collections/stock_recommendations/points?wait=true "HTTP/1.1 200 OK"
2026-04-02 19:57:30,007 - INFO - HTTP Request: PUT http://localhost:6333/collections/daily_trade_strategies/points?wait=true "HTTP/1.1 200 OK"
2026-04-02 19:57:30,013 - INFO - HTTP Request: PUT http://localhost:6333/collections/trading_results/points?wait=true "HTTP/1.1 200 OK"
2026-04-02 19:57:30,022 - INFO - HTTP Request: PUT http://localhost:6333/collections/stock_recommendations/points?wait=true "HTTP/1.1 200 OK"
2026-04-02 19:57:30,049 - INFO - HTTP Request: PUT http://localhost:6333/collections/daily_trade_strategies/points?wait=true "HTTP/1.1 200 OK"
2026-04-02 19:57:30,054 - INFO - HTTP Request: PUT http://localhost:6333/collections/trading_results/points?wait=true "HTTP/1.1 200 OK"
2026-04-02 19:57:30,061 - INFO - HTTP Request: PUT http://localhost:6333/collections/stock_recommendations/points?wait=true "HTTP/1.1 200 OK"
2026-04-02 19:57:30,107 - INFO - HTTP Request: PUT http://localhost:6333/collections/daily_trade_strategies/points?wait=true "HTTP/1.1 200 OK"
2026-04-02 19:57:30,112 - INFO - HTTP Request: PUT http://localhost:6333/collections/trading_results/points?wait=true "HTTP/1.1 200 OK"
2026-04-02 19:57:30,120 - INFO - HTTP Request: PUT http://localhost:6333/collections/stock_recommendations/points?wait=true "HTTP/1.1 200 OK"
2026-04-02 19:57:30,146 - INFO - HTTP Request: PUT http://localhost:6333/collections/daily_trade_strategies/points?wait=true "HTTP/1.1 200 OK"
2026-04-02 19:57:30,168 - INFO - HTTP Request: PUT http://localhost:6333/collections/trading_results/points?wait=true "HTTP/1.1 200 OK"
2026-04-02 19:57:30,202 - INFO - HTTP Request: PUT http://localhost:6333/collections/stock_recommendations/points?wait=true "HTTP/1.1 200 OK"
2026-04-02 19:57:30,229 - INFO - HTTP Request: PUT http://localhost:6333/collections/daily_trade_strategies/points?wait=true "HTTP/1.1 200 OK"
2026-04-02 19:57:30,233 - INFO - HTTP Request: PUT http://localhost:6333/collections/trading_results/points?wait=true "HTTP/1.1 200 OK"
2026-04-02 19:57:30,242 - INFO - HTTP Request: PUT http://localhost:6333/collections/stock_recommendations/points?wait=true "HTTP/1.1 200 OK"
2026-04-02 19:57:30,269 - INFO - HTTP Request: PUT http://localhost:6333/collections/daily_trade_strategies/points?wait=true "HTTP/1.1 200 OK"
2026-04-02 19:57:30,273 - INFO - HTTP Request: PUT http://localhost:6333/collections/trading_results/points?wait=true "HTTP/1.1 200 OK"
2026-04-02 19:57:30,295 - INFO - HTTP Request: PUT http://localhost:6333/collections/stock_recommendations/points?wait=true "HTTP/1.1 200 OK"
2026-04-02 19:57:30,323 - INFO - HTTP Request: PUT http://localhost:6333/collections/daily_trade_strategies/points?wait=true "HTTP/1.1 200 OK"
2026-04-02 19:57:30,340 - INFO - HTTP Request: PUT http://localhost:6333/collections/trading_results/points?wait=true "HTTP/1.1 200 OK"
2026-04-02 19:57:30,348 - INFO - HTTP Request: PUT http://localhost:6333/collections/stock_recommendations/points?wait=true "HTTP/1.1 200 OK"
2026-04-02 19:57:30,376 - INFO - HTTP Request: PUT http://localhost:6333/collections/daily_trade_strategies/points?wait=true "HTTP/1.1 200 OK"
2026-04-02 19:57:30,403 - INFO - HTTP Request: PUT http://localhost:6333/collections/trading_results/points?wait=true "HTTP/1.1 200 OK"
2026-04-02 19:57:30,436 - INFO - HTTP Request: PUT http://localhost:6333/collections/stock_recommendations/points?wait=true "HTTP/1.1 200 OK"
2026-04-02 19:57:30,464 - INFO - HTTP Request: PUT http://localhost:6333/collections/daily_trade_strategies/points?wait=true "HTTP/1.1 200 OK"
2026-04-02 19:57:30,469 - INFO - HTTP Request: PUT http://localhost:6333/collections/trading_results/points?wait=true "HTTP/1.1 200 OK"
2026-04-02 19:57:30,477 - INFO - HTTP Request: PUT http://localhost:6333/collections/stock_recommendations/points?wait=true "HTTP/1.1 200 OK"
2026-04-02 19:57:30,505 - INFO - HTTP Request: PUT http://localhost:6333/collections/daily_trade_strategies/points?wait=true "HTTP/1.1 200 OK"
2026-04-02 19:57:30,510 - INFO - HTTP Request: PUT http://localhost:6333/collections/trading_results/points?wait=true "HTTP/1.1 200 OK"
2026-04-02 19:57:30,518 - INFO - HTTP Request: PUT http://localhost:6333/collections/stock_recommendations/points?wait=true "HTTP/1.1 200 OK"
2026-04-02 19:57:30,547 - INFO - HTTP Request: PUT http://localhost:6333/collections/daily_trade_strategies/points?wait=true "HTTP/1.1 200 OK"
2026-04-02 19:57:30,551 - INFO - HTTP Request: PUT http://localhost:6333/collections/trading_results/points?wait=true "HTTP/1.1 200 OK"
2026-04-02 19:57:30,560 - INFO - HTTP Request: PUT http://localhost:6333/collections/stock_recommendations/points?wait=true "HTTP/1.1 200 OK"
2026-04-02 19:57:30,589 - INFO - HTTP Request: PUT http://localhost:6333/collections/daily_trade_strategies/points?wait=true "HTTP/1.1 200 OK"
2026-04-02 19:57:30,594 - INFO - HTTP Request: PUT http://localhost:6333/collections/trading_results/points?wait=true "HTTP/1.1 200 OK"
2026-04-02 19:57:30,602 - INFO - HTTP Request: PUT http://localhost:6333/collections/stock_recommendations/points?wait=true "HTTP/1.1 200 OK"
2026-04-02 19:57:30,632 - INFO - HTTP Request: PUT http://localhost:6333/collections/daily_trade_strategies/points?wait=true "HTTP/1.1 200 OK"
2026-04-02 19:57:30,636 - INFO - HTTP Request: PUT http://localhost:6333/collections/trading_results/points?wait=true "HTTP/1.1 200 OK"
2026-04-02 19:57:30,645 - INFO - HTTP Request: PUT http://localhost:6333/collections/stock_recommendations/points?wait=true "HTTP/1.1 200 OK"
2026-04-02 19:57:30,675 - INFO - HTTP Request: PUT http://localhost:6333/collections/daily_trade_strategies/points?wait=true "HTTP/1.1 200 OK"
2026-04-02 19:57:30,679 - INFO - HTTP Request: PUT http://localhost:6333/collections/trading_results/points?wait=true "HTTP/1.1 200 OK"
2026-04-02 19:57:30,688 - INFO - HTTP Request: PUT http://localhost:6333/collections/stock_recommendations/points?wait=true "HTTP/1.1 200 OK"
2026-04-02 19:57:30,716 - INFO - HTTP Request: PUT http://localhost:6333/collections/daily_trade_strategies/points?wait=true "HTTP/1.1 200 OK"
2026-04-02 19:57:30,720 - INFO - HTTP Request: PUT http://localhost:6333/collections/trading_results/points?wait=true "HTTP/1.1 200 OK"
2026-04-02 19:57:30,729 - INFO - HTTP Request: PUT http://localhost:6333/collections/stock_recommendations/points?wait=true "HTTP/1.1 200 OK"
2026-04-02 19:57:30,781 - INFO - HTTP Request: PUT http://localhost:6333/collections/daily_trade_strategies/points?wait=true "HTTP/1.1 200 OK"
2026-04-02 19:57:30,785 - INFO - HTTP Request: PUT http://localhost:6333/collections/trading_results/points?wait=true "HTTP/1.1 200 OK"
2026-04-02 19:57:30,811 - INFO - HTTP Request: PUT http://localhost:6333/collections/stock_recommendations/points?wait=true "HTTP/1.1 200 OK"
2026-04-02 19:57:30,838 - INFO - HTTP Request: PUT http://localhost:6333/collections/daily_trade_strategies/points?wait=true "HTTP/1.1 200 OK"
2026-04-02 19:57:30,858 - INFO - HTTP Request: PUT http://localhost:6333/collections/trading_results/points?wait=true "HTTP/1.1 200 OK"
2026-04-02 19:57:30,867 - INFO - HTTP Request: PUT http://localhost:6333/collections/stock_recommendations/points?wait=true "HTTP/1.1 200 OK"
2026-04-02 19:57:30,894 - INFO - HTTP Request: PUT http://localhost:6333/collections/daily_trade_strategies/points?wait=true "HTTP/1.1 200 OK"
2026-04-02 19:57:30,899 - INFO - HTTP Request: PUT http://localhost:6333/collections/trading_results/points?wait=true "HTTP/1.1 200 OK"
2026-04-02 19:57:30,919 - INFO - HTTP Request: PUT http://localhost:6333/collections/stock_recommendations/points?wait=true "HTTP/1.1 200 OK"
2026-04-02 19:57:30,946 - INFO - HTTP Request: PUT http://localhost:6333/collections/daily_trade_strategies/points?wait=true "HTTP/1.1 200 OK"
2026-04-02 19:57:30,965 - INFO - HTTP Request: PUT http://localhost:6333/collections/trading_results/points?wait=true "HTTP/1.1 200 OK"
2026-04-02 19:57:30,973 - INFO - HTTP Request: PUT http://localhost:6333/collections/stock_recommendations/points?wait=true "HTTP/1.1 200 OK"
2026-04-02 19:57:31,002 - INFO - HTTP Request: PUT http://localhost:6333/collections/daily_trade_strategies/points?wait=true "HTTP/1.1 200 OK"
2026-04-02 19:57:31,006 - INFO - HTTP Request: PUT http://localhost:6333/collections/trading_results/points?wait=true "HTTP/1.1 200 OK"
2026-04-02 19:57:31,027 - INFO - HTTP Request: PUT http://localhost:6333/collections/stock_recommendations/points?wait=true "HTTP/1.1 200 OK"
2026-04-02 19:57:31,073 - INFO - HTTP Request: PUT http://localhost:6333/collections/daily_trade_strategies/points?wait=true "HTTP/1.1 200 OK"
2026-04-02 19:57:31,089 - INFO - HTTP Request: PUT http://localhost:6333/collections/trading_results/points?wait=true "HTTP/1.1 200 OK"
2026-04-02 19:57:31,096 - INFO - HTTP Request: PUT http://localhost:6333/collections/stock_recommendations/points?wait=true "HTTP/1.1 200 OK"
2026-04-02 19:57:31,125 - INFO - HTTP Request: PUT http://localhost:6333/collections/daily_trade_strategies/points?wait=true "HTTP/1.1 200 OK"
2026-04-02 19:57:31,129 - INFO - HTTP Request: PUT http://localhost:6333/collections/trading_results/points?wait=true "HTTP/1.1 200 OK"
2026-04-02 19:57:31,138 - INFO - HTTP Request: PUT http://localhost:6333/collections/stock_recommendations/points?wait=true "HTTP/1.1 200 OK"
2026-04-02 19:57:31,166 - INFO - HTTP Request: PUT http://localhost:6333/collections/daily_trade_strategies/points?wait=true "HTTP/1.1 200 OK"
2026-04-02 19:57:31,183 - INFO - HTTP Request: PUT http://localhost:6333/collections/trading_results/points?wait=true "HTTP/1.1 200 OK"
2026-04-02 19:57:31,214 - INFO - HTTP Request: PUT http://localhost:6333/collections/stock_recommendations/points?wait=true "HTTP/1.1 200 OK"
2026-04-02 19:57:31,243 - INFO - HTTP Request: PUT http://localhost:6333/collections/daily_trade_strategies/points?wait=true "HTTP/1.1 200 OK"
2026-04-02 19:57:31,247 - INFO - HTTP Request: PUT http://localhost:6333/collections/trading_results/points?wait=true "HTTP/1.1 200 OK"
2026-04-02 19:57:31,278 - INFO - HTTP Request: PUT http://localhost:6333/collections/stock_recommendations/points?wait=true "HTTP/1.1 200 OK"
2026-04-02 19:57:31,305 - INFO - HTTP Request: PUT http://localhost:6333/collections/daily_trade_strategies/points?wait=true "HTTP/1.1 200 OK"
2026-04-02 19:57:31,323 - INFO - HTTP Request: PUT http://localhost:6333/collections/trading_results/points?wait=true "HTTP/1.1 200 OK"
2026-04-02 19:57:31,355 - INFO - HTTP Request: PUT http://localhost:6333/collections/stock_recommendations/points?wait=true "HTTP/1.1 200 OK"
2026-04-02 19:57:31,382 - INFO - HTTP Request: PUT http://localhost:6333/collections/daily_trade_strategies/points?wait=true "HTTP/1.1 200 OK"
2026-04-02 19:57:31,386 - INFO - HTTP Request: PUT http://localhost:6333/collections/trading_results/points?wait=true "HTTP/1.1 200 OK"
2026-04-02 19:57:31,402 - INFO - HTTP Request: PUT http://localhost:6333/collections/stock_recommendations/points?wait=true "HTTP/1.1 200 OK"
2026-04-02 19:57:31,430 - INFO - HTTP Request: PUT http://localhost:6333/collections/daily_trade_strategies/points?wait=true "HTTP/1.1 200 OK"
2026-04-02 19:57:31,447 - INFO - HTTP Request: PUT http://localhost:6333/collections/trading_results/points?wait=true "HTTP/1.1 200 OK"
2026-04-02 19:57:31,454 - INFO - HTTP Request: PUT http://localhost:6333/collections/stock_recommendations/points?wait=true "HTTP/1.1 200 OK"
2026-04-02 19:57:31,481 - INFO - HTTP Request: PUT http://localhost:6333/collections/daily_trade_strategies/points?wait=true "HTTP/1.1 200 OK"
2026-04-02 19:57:31,510 - INFO - HTTP Request: PUT http://localhost:6333/collections/trading_results/points?wait=true "HTTP/1.1 200 OK"
2026-04-02 19:57:31,518 - INFO - HTTP Request: PUT http://localhost:6333/collections/stock_recommendations/points?wait=true "HTTP/1.1 200 OK"
2026-04-02 19:57:31,547 - INFO - HTTP Request: PUT http://localhost:6333/collections/daily_trade_strategies/points?wait=true "HTTP/1.1 200 OK"
2026-04-02 19:57:31,551 - INFO - HTTP Request: PUT http://localhost:6333/collections/trading_results/points?wait=true "HTTP/1.1 200 OK"
2026-04-02 19:57:31,558 - INFO - HTTP Request: PUT http://localhost:6333/collections/stock_recommendations/points?wait=true "HTTP/1.1 200 OK"
2026-04-02 19:57:31,587 - INFO - HTTP Request: PUT http://localhost:6333/collections/daily_trade_strategies/points?wait=true "HTTP/1.1 200 OK"
2026-04-02 19:57:31,591 - INFO - HTTP Request: PUT http://localhost:6333/collections/trading_results/points?wait=true "HTTP/1.1 200 OK"
2026-04-02 19:57:31,600 - INFO - HTTP Request: PUT http://localhost:6333/collections/stock_recommendations/points?wait=true "HTTP/1.1 200 OK"
2026-04-02 19:57:31,628 - INFO - HTTP Request: PUT http://localhost:6333/collections/daily_trade_strategies/points?wait=true "HTTP/1.1 200 OK"
2026-04-02 19:57:31,633 - INFO - HTTP Request: PUT http://localhost:6333/collections/trading_results/points?wait=true "HTTP/1.1 200 OK"
2026-04-02 19:57:31,641 - INFO - HTTP Request: PUT http://localhost:6333/collections/stock_recommendations/points?wait=true "HTTP/1.1 200 OK"
2026-04-02 19:57:31,670 - INFO - HTTP Request: PUT http://localhost:6333/collections/daily_trade_strategies/points?wait=true "HTTP/1.1 200 OK"
2026-04-02 19:57:31,674 - INFO - HTTP Request: PUT http://localhost:6333/collections/trading_results/points?wait=true "HTTP/1.1 200 OK"
2026-04-02 19:57:31,684 - INFO - HTTP Request: PUT http://localhost:6333/collections/stock_recommendations/points?wait=true "HTTP/1.1 200 OK"
2026-04-02 19:57:31,715 - INFO - HTTP Request: PUT http://localhost:6333/collections/daily_trade_strategies/points?wait=true "HTTP/1.1 200 OK"
2026-04-02 19:57:31,720 - INFO - HTTP Request: PUT http://localhost:6333/collections/trading_results/points?wait=true "HTTP/1.1 200 OK"
2026-04-02 19:57:31,731 - INFO - HTTP Request: PUT http://localhost:6333/collections/stock_recommendations/points?wait=true "HTTP/1.1 200 OK"
2026-04-02 19:57:31,762 - INFO - HTTP Request: PUT http://localhost:6333/collections/daily_trade_strategies/points?wait=true "HTTP/1.1 200 OK"
2026-04-02 19:57:31,776 - INFO - HTTP Request: PUT http://localhost:6333/collections/trading_results/points?wait=true "HTTP/1.1 200 OK"
2026-04-02 19:57:31,784 - INFO - HTTP Request: PUT http://localhost:6333/collections/stock_recommendations/points?wait=true "HTTP/1.1 200 OK"
2026-04-02 19:57:31,812 - INFO - HTTP Request: PUT http://localhost:6333/collections/daily_trade_strategies/points?wait=true "HTTP/1.1 200 OK"
2026-04-02 19:57:31,816 - INFO - HTTP Request: PUT http://localhost:6333/collections/trading_results/points?wait=true "HTTP/1.1 200 OK"
2026-04-02 19:57:31,824 - INFO - HTTP Request: PUT http://localhost:6333/collections/stock_recommendations/points?wait=true "HTTP/1.1 200 OK"
2026-04-02 19:57:31,854 - INFO - HTTP Request: PUT http://localhost:6333/collections/daily_trade_strategies/points?wait=true "HTTP/1.1 200 OK"
2026-04-02 19:57:31,883 - INFO - HTTP Request: PUT http://localhost:6333/collections/trading_results/points?wait=true "HTTP/1.1 200 OK"
2026-04-02 19:57:31,889 - INFO - HTTP Request: PUT http://localhost:6333/collections/stock_recommendations/points?wait=true "HTTP/1.1 200 OK"
2026-04-02 19:57:31,931 - INFO - HTTP Request: PUT http://localhost:6333/collections/daily_trade_strategies/points?wait=true "HTTP/1.1 200 OK"
2026-04-02 19:57:31,935 - INFO - HTTP Request: PUT http://localhost:6333/collections/trading_results/points?wait=true "HTTP/1.1 200 OK"
2026-04-02 19:57:31,943 - INFO - HTTP Request: PUT http://localhost:6333/collections/stock_recommendations/points?wait=true "HTTP/1.1 200 OK"
2026-04-02 19:57:31,970 - INFO - HTTP Request: PUT http://localhost:6333/collections/daily_trade_strategies/points?wait=true "HTTP/1.1 200 OK"
2026-04-02 19:57:31,975 - INFO - HTTP Request: PUT http://localhost:6333/collections/trading_results/points?wait=true "HTTP/1.1 200 OK"
2026-04-02 19:57:31,983 - INFO - HTTP Request: PUT http://localhost:6333/collections/stock_recommendations/points?wait=true "HTTP/1.1 200 OK"
2026-04-02 19:57:32,010 - INFO - HTTP Request: PUT http://localhost:6333/collections/daily_trade_strategies/points?wait=true "HTTP/1.1 200 OK"
2026-04-02 19:57:32,015 - INFO - HTTP Request: PUT http://localhost:6333/collections/trading_results/points?wait=true "HTTP/1.1 200 OK"
2026-04-02 19:57:32,022 - INFO - HTTP Request: PUT http://localhost:6333/collections/stock_recommendations/points?wait=true "HTTP/1.1 200 OK"
2026-04-02 19:57:32,050 - INFO - HTTP Request: PUT http://localhost:6333/collections/daily_trade_strategies/points?wait=true "HTTP/1.1 200 OK"
2026-04-02 19:57:32,054 - INFO - HTTP Request: PUT http://localhost:6333/collections/trading_results/points?wait=true "HTTP/1.1 200 OK"
2026-04-02 19:57:32,062 - INFO - HTTP Request: PUT http://localhost:6333/collections/stock_recommendations/points?wait=true "HTTP/1.1 200 OK"
2026-04-02 19:57:32,091 - INFO - HTTP Request: PUT http://localhost:6333/collections/daily_trade_strategies/points?wait=true "HTTP/1.1 200 OK"
2026-04-02 19:57:32,095 - INFO - HTTP Request: PUT http://localhost:6333/collections/trading_results/points?wait=true "HTTP/1.1 200 OK"
2026-04-02 19:57:32,104 - INFO - HTTP Request: PUT http://localhost:6333/collections/stock_recommendations/points?wait=true "HTTP/1.1 200 OK"
2026-04-02 19:57:32,135 - INFO - HTTP Request: PUT http://localhost:6333/collections/daily_trade_strategies/points?wait=true "HTTP/1.1 200 OK"
2026-04-02 19:57:32,161 - INFO - HTTP Request: PUT http://localhost:6333/collections/trading_results/points?wait=true "HTTP/1.1 200 OK"
2026-04-02 19:57:32,195 - INFO - HTTP Request: PUT http://localhost:6333/collections/stock_recommendations/points?wait=true "HTTP/1.1 200 OK"
2026-04-02 19:57:32,223 - INFO - HTTP Request: PUT http://localhost:6333/collections/daily_trade_strategies/points?wait=true "HTTP/1.1 200 OK"
2026-04-02 19:57:32,228 - INFO - HTTP Request: PUT http://localhost:6333/collections/trading_results/points?wait=true "HTTP/1.1 200 OK"
2026-04-02 19:57:32,237 - INFO - HTTP Request: PUT http://localhost:6333/collections/stock_recommendations/points?wait=true "HTTP/1.1 200 OK"
2026-04-02 19:57:32,265 - INFO - HTTP Request: PUT http://localhost:6333/collections/daily_trade_strategies/points?wait=true "HTTP/1.1 200 OK"
2026-04-02 19:57:32,270 - INFO - HTTP Request: PUT http://localhost:6333/collections/trading_results/points?wait=true "HTTP/1.1 200 OK"
2026-04-02 19:57:32,278 - INFO - HTTP Request: PUT http://localhost:6333/collections/stock_recommendations/points?wait=true "HTTP/1.1 200 OK"
2026-04-02 19:57:32,307 - INFO - HTTP Request: PUT http://localhost:6333/collections/daily_trade_strategies/points?wait=true "HTTP/1.1 200 OK"
2026-04-02 19:57:32,311 - INFO - HTTP Request: PUT http://localhost:6333/collections/trading_results/points?wait=true "HTTP/1.1 200 OK"
2026-04-02 19:57:32,319 - INFO - HTTP Request: PUT http://localhost:6333/collections/stock_recommendations/points?wait=true "HTTP/1.1 200 OK"
2026-04-02 19:57:32,346 - INFO - HTTP Request: PUT http://localhost:6333/collections/daily_trade_strategies/points?wait=true "HTTP/1.1 200 OK"
2026-04-02 19:57:32,350 - INFO - HTTP Request: PUT http://localhost:6333/collections/trading_results/points?wait=true "HTTP/1.1 200 OK"
2026-04-02 19:57:32,358 - INFO - HTTP Request: PUT http://localhost:6333/collections/stock_recommendations/points?wait=true "HTTP/1.1 200 OK"
2026-04-02 19:57:32,386 - INFO - HTTP Request: PUT http://localhost:6333/collections/daily_trade_strategies/points?wait=true "HTTP/1.1 200 OK"
2026-04-02 19:57:32,392 - INFO - HTTP Request: PUT http://localhost:6333/collections/trading_results/points?wait=true "HTTP/1.1 200 OK"
2026-04-02 19:57:32,400 - INFO - HTTP Request: PUT http://localhost:6333/collections/stock_recommendations/points?wait=true "HTTP/1.1 200 OK"
2026-04-02 19:57:32,428 - INFO - HTTP Request: PUT http://localhost:6333/collections/daily_trade_strategies/points?wait=true "HTTP/1.1 200 OK"
2026-04-02 19:57:32,433 - INFO - HTTP Request: PUT http://localhost:6333/collections/trading_results/points?wait=true "HTTP/1.1 200 OK"
2026-04-02 19:57:32,440 - INFO - HTTP Request: PUT http://localhost:6333/collections/stock_recommendations/points?wait=true "HTTP/1.1 200 OK"
2026-04-02 19:57:32,468 - INFO - HTTP Request: PUT http://localhost:6333/collections/daily_trade_strategies/points?wait=true "HTTP/1.1 200 OK"
2026-04-02 19:57:32,472 - INFO - HTTP Request: PUT http://localhost:6333/collections/trading_results/points?wait=true "HTTP/1.1 200 OK"
2026-04-02 19:57:32,491 - INFO - HTTP Request: PUT http://localhost:6333/collections/stock_recommendations/points?wait=true "HTTP/1.1 200 OK"
2026-04-02 19:57:32,522 - INFO - HTTP Request: PUT http://localhost:6333/collections/daily_trade_strategies/points?wait=true "HTTP/1.1 200 OK"
2026-04-02 19:57:32,526 - INFO - HTTP Request: PUT http://localhost:6333/collections/trading_results/points?wait=true "HTTP/1.1 200 OK"
2026-04-02 19:57:32,535 - INFO - HTTP Request: PUT http://localhost:6333/collections/stock_recommendations/points?wait=true "HTTP/1.1 200 OK"
2026-04-02 19:57:32,562 - INFO - HTTP Request: PUT http://localhost:6333/collections/daily_trade_strategies/points?wait=true "HTTP/1.1 200 OK"
2026-04-02 19:57:32,566 - INFO - HTTP Request: PUT http://localhost:6333/collections/trading_results/points?wait=true "HTTP/1.1 200 OK"
2026-04-02 19:57:32,574 - INFO - HTTP Request: PUT http://localhost:6333/collections/stock_recommendations/points?wait=true "HTTP/1.1 200 OK"
2026-04-02 19:57:32,602 - INFO - HTTP Request: PUT http://localhost:6333/collections/daily_trade_strategies/points?wait=true "HTTP/1.1 200 OK"
2026-04-02 19:57:32,606 - INFO - HTTP Request: PUT http://localhost:6333/collections/trading_results/points?wait=true "HTTP/1.1 200 OK"
2026-04-02 19:57:32,615 - INFO - HTTP Request: PUT http://localhost:6333/collections/stock_recommendations/points?wait=true "HTTP/1.1 200 OK"
2026-04-02 19:57:32,644 - INFO - HTTP Request: PUT http://localhost:6333/collections/daily_trade_strategies/points?wait=true "HTTP/1.1 200 OK"
2026-04-02 19:57:32,649 - INFO - HTTP Request: PUT http://localhost:6333/collections/trading_results/points?wait=true "HTTP/1.1 200 OK"
2026-04-02 19:57:32,657 - INFO - HTTP Request: PUT http://localhost:6333/collections/stock_recommendations/points?wait=true "HTTP/1.1 200 OK"
2026-04-02 19:57:32,685 - INFO - HTTP Request: PUT http://localhost:6333/collections/daily_trade_strategies/points?wait=true "HTTP/1.1 200 OK"
2026-04-02 19:57:32,689 - INFO - HTTP Request: PUT http://localhost:6333/collections/trading_results/points?wait=true "HTTP/1.1 200 OK"
2026-04-02 19:57:32,699 - INFO - HTTP Request: PUT http://localhost:6333/collections/stock_recommendations/points?wait=true "HTTP/1.1 200 OK"
2026-04-02 19:57:32,744 - INFO - HTTP Request: PUT http://localhost:6333/collections/daily_trade_strategies/points?wait=true "HTTP/1.1 200 OK"
2026-04-02 19:57:32,748 - INFO - HTTP Request: PUT http://localhost:6333/collections/trading_results/points?wait=true "HTTP/1.1 200 OK"
2026-04-02 19:57:32,756 - INFO - HTTP Request: PUT http://localhost:6333/collections/stock_recommendations/points?wait=true "HTTP/1.1 200 OK"
2026-04-02 19:57:32,784 - INFO - HTTP Request: PUT http://localhost:6333/collections/daily_trade_strategies/points?wait=true "HTTP/1.1 200 OK"
2026-04-02 19:57:32,787 - INFO - HTTP Request: PUT http://localhost:6333/collections/trading_results/points?wait=true "HTTP/1.1 200 OK"
2026-04-02 19:57:32,796 - INFO - HTTP Request: PUT http://localhost:6333/collections/stock_recommendations/points?wait=true "HTTP/1.1 200 OK"
2026-04-02 19:57:32,824 - INFO - HTTP Request: PUT http://localhost:6333/collections/daily_trade_strategies/points?wait=true "HTTP/1.1 200 OK"
2026-04-02 19:57:32,853 - INFO - HTTP Request: PUT http://localhost:6333/collections/trading_results/points?wait=true "HTTP/1.1 200 OK"
2026-04-02 19:57:32,861 - INFO - HTTP Request: PUT http://localhost:6333/collections/stock_recommendations/points?wait=true "HTTP/1.1 200 OK"
2026-04-02 19:57:32,889 - INFO - HTTP Request: PUT http://localhost:6333/collections/daily_trade_strategies/points?wait=true "HTTP/1.1 200 OK"
2026-04-02 19:57:32,893 - INFO - HTTP Request: PUT http://localhost:6333/collections/trading_results/points?wait=true "HTTP/1.1 200 OK"
2026-04-02 19:57:32,901 - INFO - HTTP Request: PUT http://localhost:6333/collections/stock_recommendations/points?wait=true "HTTP/1.1 200 OK"
2026-04-02 19:57:32,929 - INFO - HTTP Request: PUT http://localhost:6333/collections/daily_trade_strategies/points?wait=true "HTTP/1.1 200 OK"
2026-04-02 19:57:32,946 - INFO - HTTP Request: PUT http://localhost:6333/collections/trading_results/points?wait=true "HTTP/1.1 200 OK"
2026-04-02 19:57:32,954 - INFO - HTTP Request: PUT http://localhost:6333/collections/stock_recommendations/points?wait=true "HTTP/1.1 200 OK"
2026-04-02 19:57:32,981 - INFO - HTTP Request: PUT http://localhost:6333/collections/daily_trade_strategies/points?wait=true "HTTP/1.1 200 OK"
2026-04-02 19:57:32,985 - INFO - HTTP Request: PUT http://localhost:6333/collections/trading_results/points?wait=true "HTTP/1.1 200 OK"
2026-04-02 19:57:32,992 - INFO - HTTP Request: PUT http://localhost:6333/collections/stock_recommendations/points?wait=true "HTTP/1.1 200 OK"
2026-04-02 19:57:33,020 - INFO - HTTP Request: PUT http://localhost:6333/collections/daily_trade_strategies/points?wait=true "HTTP/1.1 200 OK"
2026-04-02 19:57:33,024 - INFO - HTTP Request: PUT http://localhost:6333/collections/trading_results/points?wait=true "HTTP/1.1 200 OK"
2026-04-02 19:57:33,032 - INFO - HTTP Request: PUT http://localhost:6333/collections/stock_recommendations/points?wait=true "HTTP/1.1 200 OK"
2026-04-02 19:57:33,060 - INFO - HTTP Request: PUT http://localhost:6333/collections/daily_trade_strategies/points?wait=true "HTTP/1.1 200 OK"
2026-04-02 19:57:33,065 - INFO - HTTP Request: PUT http://localhost:6333/collections/trading_results/points?wait=true "HTTP/1.1 200 OK"
2026-04-02 19:57:33,073 - INFO - HTTP Request: PUT http://localhost:6333/collections/stock_recommendations/points?wait=true "HTTP/1.1 200 OK"
2026-04-02 19:57:33,102 - INFO - HTTP Request: PUT http://localhost:6333/collections/daily_trade_strategies/points?wait=true "HTTP/1.1 200 OK"
2026-04-02 19:57:33,116 - INFO - HTTP Request: PUT http://localhost:6333/collections/trading_results/points?wait=true "HTTP/1.1 200 OK"
2026-04-02 19:57:33,124 - INFO - HTTP Request: PUT http://localhost:6333/collections/stock_recommendations/points?wait=true "HTTP/1.1 200 OK"
2026-04-02 19:57:33,152 - INFO - HTTP Request: PUT http://localhost:6333/collections/daily_trade_strategies/points?wait=true "HTTP/1.1 200 OK"
2026-04-02 19:57:33,177 - INFO - HTTP Request: PUT http://localhost:6333/collections/trading_results/points?wait=true "HTTP/1.1 200 OK"
2026-04-02 19:57:33,186 - INFO - HTTP Request: PUT http://localhost:6333/collections/stock_recommendations/points?wait=true "HTTP/1.1 200 OK"
2026-04-02 19:57:33,214 - INFO - HTTP Request: PUT http://localhost:6333/collections/daily_trade_strategies/points?wait=true "HTTP/1.1 200 OK"
2026-04-02 19:57:33,218 - INFO - HTTP Request: PUT http://localhost:6333/collections/trading_results/points?wait=true "HTTP/1.1 200 OK"
2026-04-02 19:57:33,241 - INFO - HTTP Request: PUT http://localhost:6333/collections/stock_recommendations/points?wait=true "HTTP/1.1 200 OK"
2026-04-02 19:57:33,270 - INFO - HTTP Request: PUT http://localhost:6333/collections/daily_trade_strategies/points?wait=true "HTTP/1.1 200 OK"
2026-04-02 19:57:33,273 - INFO - HTTP Request: PUT http://localhost:6333/collections/trading_results/points?wait=true "HTTP/1.1 200 OK"
2026-04-02 19:57:33,281 - INFO - HTTP Request: PUT http://localhost:6333/collections/stock_recommendations/points?wait=true "HTTP/1.1 200 OK"
2026-04-02 19:57:33,308 - INFO - HTTP Request: PUT http://localhost:6333/collections/daily_trade_strategies/points?wait=true "HTTP/1.1 200 OK"
2026-04-02 19:57:33,312 - INFO - HTTP Request: PUT http://localhost:6333/collections/trading_results/points?wait=true "HTTP/1.1 200 OK"
2026-04-02 19:57:33,320 - INFO - HTTP Request: PUT http://localhost:6333/collections/stock_recommendations/points?wait=true "HTTP/1.1 200 OK"
2026-04-02 19:57:33,347 - INFO - HTTP Request: PUT http://localhost:6333/collections/daily_trade_strategies/points?wait=true "HTTP/1.1 200 OK"
2026-04-02 19:57:33,350 - INFO - HTTP Request: PUT http://localhost:6333/collections/trading_results/points?wait=true "HTTP/1.1 200 OK"
2026-04-02 19:57:33,358 - INFO - HTTP Request: PUT http://localhost:6333/collections/stock_recommendations/points?wait=true "HTTP/1.1 200 OK"
2026-04-02 19:57:33,385 - INFO - HTTP Request: PUT http://localhost:6333/collections/daily_trade_strategies/points?wait=true "HTTP/1.1 200 OK"
2026-04-02 19:57:33,414 - INFO - HTTP Request: PUT http://localhost:6333/collections/trading_results/points?wait=true "HTTP/1.1 200 OK"
2026-04-02 19:57:33,422 - INFO - HTTP Request: PUT http://localhost:6333/collections/stock_recommendations/points?wait=true "HTTP/1.1 200 OK"
2026-04-02 19:57:33,448 - INFO - HTTP Request: PUT http://localhost:6333/collections/daily_trade_strategies/points?wait=true "HTTP/1.1 200 OK"
2026-04-02 19:57:33,476 - INFO - HTTP Request: PUT http://localhost:6333/collections/trading_results/points?wait=true "HTTP/1.1 200 OK"
2026-04-02 19:57:33,485 - INFO - HTTP Request: PUT http://localhost:6333/collections/stock_recommendations/points?wait=true "HTTP/1.1 200 OK"
2026-04-02 19:57:33,511 - INFO - HTTP Request: PUT http://localhost:6333/collections/daily_trade_strategies/points?wait=true "HTTP/1.1 200 OK"
2026-04-02 19:57:33,516 - INFO - HTTP Request: PUT http://localhost:6333/collections/trading_results/points?wait=true "HTTP/1.1 200 OK"
2026-04-02 19:57:33,523 - INFO - HTTP Request: PUT http://localhost:6333/collections/stock_recommendations/points?wait=true "HTTP/1.1 200 OK"
2026-04-02 19:57:33,551 - INFO - HTTP Request: PUT http://localhost:6333/collections/daily_trade_strategies/points?wait=true "HTTP/1.1 200 OK"
2026-04-02 19:57:33,559 - INFO - HTTP Request: PUT http://localhost:6333/collections/trading_results/points?wait=true "HTTP/1.1 200 OK"
2026-04-02 19:57:33,567 - INFO - HTTP Request: PUT http://localhost:6333/collections/stock_recommendations/points?wait=true "HTTP/1.1 200 OK"
2026-04-02 19:57:33,595 - INFO - HTTP Request: PUT http://localhost:6333/collections/daily_trade_strategies/points?wait=true "HTTP/1.1 200 OK"
2026-04-02 19:57:33,599 - INFO - HTTP Request: PUT http://localhost:6333/collections/trading_results/points?wait=true "HTTP/1.1 200 OK"
2026-04-02 19:57:33,607 - INFO - HTTP Request: PUT http://localhost:6333/collections/stock_recommendations/points?wait=true "HTTP/1.1 200 OK"
2026-04-02 19:57:33,634 - INFO - HTTP Request: PUT http://localhost:6333/collections/daily_trade_strategies/points?wait=true "HTTP/1.1 200 OK"
2026-04-02 19:57:33,638 - INFO - HTTP Request: PUT http://localhost:6333/collections/trading_results/points?wait=true "HTTP/1.1 200 OK"
2026-04-02 19:57:33,646 - INFO - HTTP Request: PUT http://localhost:6333/collections/stock_recommendations/points?wait=true "HTTP/1.1 200 OK"
2026-04-02 19:57:33,673 - INFO - HTTP Request: PUT http://localhost:6333/collections/daily_trade_strategies/points?wait=true "HTTP/1.1 200 OK"
2026-04-02 19:57:33,677 - INFO - HTTP Request: PUT http://localhost:6333/collections/trading_results/points?wait=true "HTTP/1.1 200 OK"
2026-04-02 19:57:33,686 - INFO - HTTP Request: PUT http://localhost:6333/collections/stock_recommendations/points?wait=true "HTTP/1.1 200 OK"
2026-04-02 19:57:33,713 - INFO - HTTP Request: PUT http://localhost:6333/collections/daily_trade_strategies/points?wait=true "HTTP/1.1 200 OK"
2026-04-02 19:57:33,717 - INFO - HTTP Request: PUT http://localhost:6333/collections/trading_results/points?wait=true "HTTP/1.1 200 OK"
2026-04-02 19:57:33,725 - INFO - HTTP Request: PUT http://localhost:6333/collections/stock_recommendations/points?wait=true "HTTP/1.1 200 OK"
2026-04-02 19:57:33,754 - INFO - HTTP Request: PUT http://localhost:6333/collections/daily_trade_strategies/points?wait=true "HTTP/1.1 200 OK"
2026-04-02 19:57:33,757 - INFO - HTTP Request: PUT http://localhost:6333/collections/trading_results/points?wait=true "HTTP/1.1 200 OK"
2026-04-02 19:57:33,766 - INFO - HTTP Request: PUT http://localhost:6333/collections/stock_recommendations/points?wait=true "HTTP/1.1 200 OK"
2026-04-02 19:57:33,797 - INFO - HTTP Request: PUT http://localhost:6333/collections/daily_trade_strategies/points?wait=true "HTTP/1.1 200 OK"
2026-04-02 19:57:33,843 - INFO - HTTP Request: PUT http://localhost:6333/collections/trading_results/points?wait=true "HTTP/1.1 200 OK"
2026-04-02 19:57:33,852 - INFO - HTTP Request: PUT http://localhost:6333/collections/stock_recommendations/points?wait=true "HTTP/1.1 200 OK"
2026-04-02 19:57:33,879 - INFO - HTTP Request: PUT http://localhost:6333/collections/daily_trade_strategies/points?wait=true "HTTP/1.1 200 OK"
2026-04-02 19:57:33,888 - INFO - HTTP Request: PUT http://localhost:6333/collections/trading_results/points?wait=true "HTTP/1.1 200 OK"
2026-04-02 19:57:33,896 - INFO - HTTP Request: PUT http://localhost:6333/collections/stock_recommendations/points?wait=true "HTTP/1.1 200 OK"
2026-04-02 19:57:33,923 - INFO - HTTP Request: PUT http://localhost:6333/collections/daily_trade_strategies/points?wait=true "HTTP/1.1 200 OK"
2026-04-02 19:57:33,927 - INFO - HTTP Request: PUT http://localhost:6333/collections/trading_results/points?wait=true "HTTP/1.1 200 OK"
2026-04-02 19:57:33,935 - INFO - HTTP Request: PUT http://localhost:6333/collections/stock_recommendations/points?wait=true "HTTP/1.1 200 OK"
2026-04-02 19:57:33,963 - INFO - HTTP Request: PUT http://localhost:6333/collections/daily_trade_strategies/points?wait=true "HTTP/1.1 200 OK"
2026-04-02 19:57:33,967 - INFO - HTTP Request: PUT http://localhost:6333/collections/trading_results/points?wait=true "HTTP/1.1 200 OK"
2026-04-02 19:57:33,975 - INFO - HTTP Request: PUT http://localhost:6333/collections/stock_recommendations/points?wait=true "HTTP/1.1 200 OK"
2026-04-02 19:57:34,002 - INFO - HTTP Request: PUT http://localhost:6333/collections/daily_trade_strategies/points?wait=true "HTTP/1.1 200 OK"
2026-04-02 19:57:34,006 - INFO - HTTP Request: PUT http://localhost:6333/collections/trading_results/points?wait=true "HTTP/1.1 200 OK"
2026-04-02 19:57:34,013 - INFO - HTTP Request: PUT http://localhost:6333/collections/stock_recommendations/points?wait=true "HTTP/1.1 200 OK"
2026-04-02 19:57:34,041 - INFO - HTTP Request: PUT http://localhost:6333/collections/daily_trade_strategies/points?wait=true "HTTP/1.1 200 OK"
2026-04-02 19:57:34,046 - INFO - HTTP Request: PUT http://localhost:6333/collections/trading_results/points?wait=true "HTTP/1.1 200 OK"
2026-04-02 19:57:34,053 - INFO - HTTP Request: PUT http://localhost:6333/collections/stock_recommendations/points?wait=true "HTTP/1.1 200 OK"
2026-04-02 19:57:34,081 - INFO - HTTP Request: PUT http://localhost:6333/collections/daily_trade_strategies/points?wait=true "HTTP/1.1 200 OK"
2026-04-02 19:57:34,086 - INFO - HTTP Request: PUT http://localhost:6333/collections/trading_results/points?wait=true "HTTP/1.1 200 OK"
2026-04-02 19:57:34,096 - INFO - HTTP Request: PUT http://localhost:6333/collections/stock_recommendations/points?wait=true "HTTP/1.1 200 OK"
2026-04-02 19:57:34,124 - INFO - HTTP Request: PUT http://localhost:6333/collections/daily_trade_strategies/points?wait=true "HTTP/1.1 200 OK"
2026-04-02 19:57:34,147 - INFO - HTTP Request: PUT http://localhost:6333/collections/trading_results/points?wait=true "HTTP/1.1 200 OK"
2026-04-02 19:57:34,179 - INFO - HTTP Request: PUT http://localhost:6333/collections/stock_recommendations/points?wait=true "HTTP/1.1 200 OK"
2026-04-02 19:57:34,207 - INFO - HTTP Request: PUT http://localhost:6333/collections/daily_trade_strategies/points?wait=true "HTTP/1.1 200 OK"
2026-04-02 19:57:34,211 - INFO - HTTP Request: PUT http://localhost:6333/collections/trading_results/points?wait=true "HTTP/1.1 200 OK"
2026-04-02 19:57:34,220 - INFO - HTTP Request: PUT http://localhost:6333/collections/stock_recommendations/points?wait=true "HTTP/1.1 200 OK"
2026-04-02 19:57:34,248 - INFO - HTTP Request: PUT http://localhost:6333/collections/daily_trade_strategies/points?wait=true "HTTP/1.1 200 OK"
2026-04-02 19:57:34,252 - INFO - HTTP Request: PUT http://localhost:6333/collections/trading_results/points?wait=true "HTTP/1.1 200 OK"
2026-04-02 19:57:34,260 - INFO - HTTP Request: PUT http://localhost:6333/collections/stock_recommendations/points?wait=true "HTTP/1.1 200 OK"
2026-04-02 19:57:34,291 - INFO - HTTP Request: PUT http://localhost:6333/collections/daily_trade_strategies/points?wait=true "HTTP/1.1 200 OK"
2026-04-02 19:57:34,295 - INFO - HTTP Request: PUT http://localhost:6333/collections/trading_results/points?wait=true "HTTP/1.1 200 OK"
2026-04-02 19:57:34,307 - INFO - HTTP Request: PUT http://localhost:6333/collections/stock_recommendations/points?wait=true "HTTP/1.1 200 OK"
2026-04-02 19:57:34,349 - INFO - HTTP Request: PUT http://localhost:6333/collections/daily_trade_strategies/points?wait=true "HTTP/1.1 200 OK"
2026-04-02 19:57:34,354 - INFO - HTTP Request: PUT http://localhost:6333/collections/trading_results/points?wait=true "HTTP/1.1 200 OK"
2026-04-02 19:57:34,361 - INFO - HTTP Request: PUT http://localhost:6333/collections/stock_recommendations/points?wait=true "HTTP/1.1 200 OK"
2026-04-02 19:57:34,388 - INFO - HTTP Request: PUT http://localhost:6333/collections/daily_trade_strategies/points?wait=true "HTTP/1.1 200 OK"
2026-04-02 19:57:34,392 - INFO - HTTP Request: PUT http://localhost:6333/collections/trading_results/points?wait=true "HTTP/1.1 200 OK"
2026-04-02 19:57:34,392 - INFO - Uploaded 16216 recommendation points.
2026-04-02 19:57:34,392 - INFO - Uploaded 226 trading result points.
2026-04-02 19:57:34,392 - INFO - Uploaded 226 strategy points.
2026-04-02 19:57:34,402 - INFO - HTTP Request: PUT http://localhost:6333/collections/performance_metrics/points?wait=true "HTTP/1.1 200 OK"
2026-04-02 19:57:34,402 - INFO - Uploaded performance snapshot.
2026-04-02 19:57:34,404 - INFO - Progress updated: 226 days | last: 2026-04-01
2026-04-02 19:57:34,404 - INFO - ============================================================
2026-04-02 19:57:34,404 - INFO - DONE — 2026 paper trading complete
2026-04-02 19:57:34,404 - INFO -   2026 predictions : C:\Users\luixj\AI\stock-data\data\processed\phase4\predictions_2026.parquet
2026-04-02 19:57:34,404 - INFO -   Combined preds   : C:\Users\luixj\AI\stock-data\data\processed\phase4\predictions_combined.parquet
2026-04-02 19:57:34,405 - INFO -   Daily results    : C:\Users\luixj\AI\stock-data\data\processed\phase4\phase4_paper_trading_daily.parquet
2026-04-02 19:57:34,405 - INFO -   Summary          : C:\Users\luixj\AI\stock-data\data\processed\phase4\phase4_paper_trading_summary.json
2026-04-02 19:57:34,405 - INFO - ============================================================
2026-04-02 19:57:34,994 - INFO - Prediction refresh completed successfully.
2026-04-02 19:57:35,053 - INFO - No new historical dates available. Last processed: 2026-04-01 | Tradable range: 2025-04-01 to 2026-04-01
2026-04-02 19:57:35,053 - INFO - No action taken today because there is no new historical date to process.
2026-04-02 19:57:35,077 - INFO - Scheduler run completed with no trade: no tradable historical date after last_processed=2026-04-01 (predictions not stale).
2026-04-02 19:57:35,077 - INFO - ============================================================
2026-04-02 19:57:35,077 - INFO - DAILY AUTOMATION COMPLETE (NO NEW DATA)
2026-04-02 19:57:35,077 - INFO - ============================================================
2026-04-02 19:57:35,077 - INFO - Automation completed successfully!
