2026-03-07 16:15:07,619 - INFO - Starting automated daily paper trading...
2026-03-07 16:15:08,405 - INFO - Docker Desktop is running, daemon is ready
2026-03-07 16:15:08,414 - INFO - Qdrant is already running
2026-03-07 16:15:08,926 - INFO - HTTP Request: GET http://localhost:6333 "HTTP/1.1 200 OK"
2026-03-07 16:15:08,931 - INFO - Setting up Qdrant collections...
2026-03-07 16:15:08,934 - INFO - HTTP Request: GET http://localhost:6333/collections/stock_recommendations "HTTP/1.1 200 OK"
2026-03-07 16:15:08,935 - INFO - Collection 'stock_recommendations' already exists
2026-03-07 16:15:08,938 - INFO - HTTP Request: GET http://localhost:6333/collections/trading_results "HTTP/1.1 200 OK"
2026-03-07 16:15:08,938 - INFO - Collection 'trading_results' already exists
2026-03-07 16:15:08,941 - INFO - HTTP Request: GET http://localhost:6333/collections/performance_metrics "HTTP/1.1 200 OK"
2026-03-07 16:15:08,942 - INFO - Collection 'performance_metrics' already exists
2026-03-07 16:15:08,942 - INFO - ============================================================
2026-03-07 16:15:08,943 - INFO - AUTOMATED DAILY PAPER TRADING
2026-03-07 16:15:08,943 - INFO - ============================================================
2026-03-07 16:15:08,943 - INFO - Calendar Date: 2026-03-07
2026-03-07 16:15:08,943 - INFO - Predictions source: data\processed\phase4\predictions_combined.parquet
2026-03-07 16:15:09,101 - INFO - No new historical dates available. Last processed: 2026-03-04 | Tradable range: 2025-04-01 to 2026-03-04
2026-03-07 16:15:09,102 - WARNING - Predictions look stale. Refresh with:
2026-03-07 16:15:09,102 - WARNING -   python scripts/paper_trading/run_2026_paper_trading.py --sim-start 2026-03-05 --sim-end auto
2026-03-07 16:15:09,122 - WARNING - Predictions are stale (max tradable 2026-03-04, expected >= 2026-03-06). Auto-refreshing...
2026-03-07 16:15:09,122 - INFO - Refresh command: C:\Users\luixj\AI\stock-data\venv\Scripts\python.exe scripts/paper_trading/run_2026_paper_trading.py --sim-start 2026-03-05 --sim-end auto
2026-03-07 16:15:13,215 - INFO - ============================================================
2026-03-07 16:15:13,215 - INFO - 2026 PAPER TRADING — LIVE DATA
2026-03-07 16:15:13,215 - INFO -   2026 sim range : 2026-03-05 -> 2026-03-06
2026-03-07 16:15:13,215 - INFO -   Full range     : 2025-04-01 -> 2026-03-06
2026-03-07 16:15:13,215 - INFO -   YF download    : 2025-09-01 -> 2026-03-08
2026-03-07 16:15:13,215 - INFO -   Device         : cuda
2026-03-07 16:15:13,215 - INFO - ============================================================
2026-03-07 16:15:13,215 - INFO - Loading ticker universe from phase1_predictions.parquet
2026-03-07 16:15:13,273 - INFO - Ticker universe: 189 stocks
2026-03-07 16:15:13,281 - INFO - OHLCV cache is stale (max date 2026-03-05 < SIM_END 2026-03-06) — re-downloading
2026-03-07 16:15:13,281 - INFO - ============================================================
2026-03-07 16:15:13,281 - INFO - STEP 1: Downloading OHLCV data
2026-03-07 16:15:13,281 - INFO -   Range  : 2025-09-01 -> 2026-03-08
2026-03-07 16:15:13,281 - INFO -   Tickers: 189
2026-03-07 16:15:13,281 - INFO - ============================================================
2026-03-07 16:15:16,650 - INFO -   Progress: 20/189 tickers downloaded
2026-03-07 16:15:20,236 - INFO -   Progress: 40/189 tickers downloaded
2026-03-07 16:15:24,051 - INFO -   Progress: 60/189 tickers downloaded
2026-03-07 16:15:27,645 - INFO -   Progress: 80/189 tickers downloaded
2026-03-07 16:15:31,196 - INFO -   Progress: 100/189 tickers downloaded
2026-03-07 16:15:34,715 - INFO -   Progress: 120/189 tickers downloaded
2026-03-07 16:15:38,331 - INFO -   Progress: 140/189 tickers downloaded
2026-03-07 16:15:41,791 - INFO -   Progress: 160/189 tickers downloaded
2026-03-07 16:15:45,374 - INFO -   Progress: 180/189 tickers downloaded
2026-03-07 16:15:47,350 - INFO - Downloaded 24381 rows | 189 tickers | 2025-09-02 -> 2026-03-06
2026-03-07 16:15:47,361 - INFO - OHLCV data cached to C:\Users\luixj\AI\stock-data\data\processed\phase4\ohlcv_2026_cache.parquet
2026-03-07 16:15:47,362 - INFO - ============================================================
2026-03-07 16:15:47,362 - INFO - STEP 2: Computing 14 core features
2026-03-07 16:15:47,362 - INFO - ============================================================
2026-03-07 16:15:47,369 - INFO - Calculating 14 core features (leakage-safe)...
2026-03-07 16:15:47,543 - INFO - Core features calculated:
2026-03-07 16:15:47,543 - INFO -   Returns: ret_1d, ret_5d, ret_20d
2026-03-07 16:15:47,543 - INFO -   Volatility: vol_10d, vol_20d
2026-03-07 16:15:47,543 - INFO -   Price: hl_range, oc_gap
2026-03-07 16:15:47,543 - INFO -   Trend: sma_10_dist, sma_20_dist
2026-03-07 16:15:47,543 - INFO -   Volume: log_volume, volume_change
2026-03-07 16:15:47,543 - INFO -   Market: market_return, vs_market, market_correlation
2026-03-07 16:15:47,543 - INFO -   Total: 14 features
2026-03-07 16:15:47,543 - INFO - Features: 24381 rows, 189 tickers
2026-03-07 16:15:47,544 - INFO - ============================================================
2026-03-07 16:15:47,544 - INFO - STEP 3: Loading model from C:\Users\luixj\AI\stock-data\models\checkpoints\lstm_phase2a_temp0.05_best.pth
2026-03-07 16:15:47,544 - INFO - ============================================================
2026-03-07 16:15:47,639 - INFO - Model loaded (strict=True)
2026-03-07 16:15:47,653 - INFO - Model ready on cuda
2026-03-07 16:15:47,653 - INFO - ============================================================
2026-03-07 16:15:47,653 - INFO - STEP 4: Generating predictions 2026-03-05 -> 2026-03-06
2026-03-07 16:15:47,653 - INFO - ============================================================
2026-03-07 16:15:47,659 - INFO - Trading days in simulation range: 2
2026-03-07 16:15:48,278 - INFO -   2026-03-05: 189 predictions generated
2026-03-07 16:15:48,731 - INFO -   2026-03-06: 189 predictions generated
2026-03-07 16:15:48,731 - INFO - Dropping 1 non-tradable date(s) with missing y_true_reg: 2026-03-06
2026-03-07 16:15:48,732 - INFO - Total: 189 predictions | 1 days | 189 tickers
2026-03-07 16:15:48,734 - INFO - Loaded existing 2026 predictions for merge: 3402 rows | 18 dates
2026-03-07 16:15:48,742 - INFO - Saved 2026 predictions: C:\Users\luixj\AI\stock-data\data\processed\phase4\predictions_2026.parquet (3591 rows | 19 dates | 2026-02-06 -> 2026-03-05)
2026-03-07 16:15:48,742 - INFO - ============================================================
2026-03-07 16:15:48,743 - INFO - STEP 5: Combining 2025 + 2026 predictions and simulating
2026-03-07 16:15:48,743 - INFO - ============================================================
2026-03-07 16:15:48,882 - INFO - Combined: 39123 rows | 207 dates | 189 tickers
2026-03-07 16:15:48,883 - INFO -   Date range: 2025-04-01 -> 2026-03-05
2026-03-07 16:15:48,883 - INFO -   Saved to: C:\Users\luixj\AI\stock-data\data\processed\phase4\predictions_combined.parquet
2026-03-07 16:15:48,883 - INFO - Running simulation 2025-04-01 -> 2026-03-06 ...
2026-03-07 16:15:48,884 - INFO - Loading predictions from C:\Users\luixj\AI\stock-data\data\processed\phase4\predictions_combined.parquet
2026-03-07 16:15:48,898 - INFO - Running paper trading simulation for 207 days
2026-03-07 16:15:48,898 - INFO - Date range: 2025-04-01 to 2026-03-05
2026-03-07 16:15:48,898 - INFO - 
============================================================
2026-03-07 16:15:48,898 - INFO - Running paper trading for 2025-04-01
2026-03-07 16:15:48,898 - INFO - ============================================================
2026-03-07 16:15:48,900 - INFO - Portfolio construction: 38 longs, 15 shorts (from 38 candidates)
2026-03-07 16:15:48,900 - INFO - PnL Net: 0.0027 | Scaled: 0.0027 | Turnover: 100.00% | Vol Scale: 1.00
2026-03-07 16:15:48,900 - INFO - 
============================================================
2026-03-07 16:15:48,900 - INFO - Running paper trading for 2025-04-02
2026-03-07 16:15:48,900 - INFO - ============================================================
2026-03-07 16:15:48,901 - INFO - Portfolio construction: 38 longs, 38 shorts (from 38 candidates)
2026-03-07 16:15:48,901 - INFO - PnL Net: -0.0234 | Scaled: -0.0234 | Turnover: 16.46% | Vol Scale: 1.00
2026-03-07 16:15:48,901 - INFO - 
============================================================
2026-03-07 16:15:48,901 - INFO - Running paper trading for 2025-04-03
2026-03-07 16:15:48,901 - INFO - ============================================================
2026-03-07 16:15:48,903 - INFO - Portfolio construction: 38 longs, 38 shorts (from 38 candidates)
2026-03-07 16:15:48,903 - INFO - PnL Net: -0.0208 | Scaled: -0.0208 | Turnover: 20.14% | Vol Scale: 1.00
2026-03-07 16:15:48,903 - INFO - 
============================================================
2026-03-07 16:15:48,903 - INFO - Running paper trading for 2025-04-04
2026-03-07 16:15:48,903 - INFO - ============================================================
2026-03-07 16:15:48,904 - INFO - Portfolio construction: 38 longs, 38 shorts (from 38 candidates)
2026-03-07 16:15:48,904 - INFO - PnL Net: -0.0002 | Scaled: -0.0002 | Turnover: 27.43% | Vol Scale: 1.00
2026-03-07 16:15:48,904 - INFO - 
============================================================
2026-03-07 16:15:48,904 - INFO - Running paper trading for 2025-04-07
2026-03-07 16:15:48,904 - INFO - ============================================================
2026-03-07 16:15:48,905 - INFO - Portfolio construction: 38 longs, 38 shorts (from 38 candidates)
2026-03-07 16:15:48,905 - INFO - PnL Net: -0.0028 | Scaled: -0.0028 | Turnover: 21.14% | Vol Scale: 1.00
2026-03-07 16:15:48,905 - INFO - 
============================================================
2026-03-07 16:15:48,905 - INFO - Running paper trading for 2025-04-08
2026-03-07 16:15:48,905 - INFO - ============================================================
2026-03-07 16:15:48,906 - INFO - Portfolio construction: 38 longs, 38 shorts (from 38 candidates)
2026-03-07 16:15:48,906 - INFO - PnL Net: 0.0243 | Scaled: 0.0243 | Turnover: 21.60% | Vol Scale: 1.00
2026-03-07 16:15:48,906 - INFO - 
============================================================
2026-03-07 16:15:48,906 - INFO - Running paper trading for 2025-04-09
2026-03-07 16:15:48,906 - INFO - ============================================================
2026-03-07 16:15:48,908 - INFO - Portfolio construction: 38 longs, 1 shorts (from 38 candidates)
2026-03-07 16:15:48,908 - INFO - PnL Net: -0.0107 | Scaled: -0.0107 | Turnover: 20.86% | Vol Scale: 1.00
2026-03-07 16:15:48,908 - INFO - 
============================================================
2026-03-07 16:15:48,908 - INFO - Running paper trading for 2025-04-10
2026-03-07 16:15:48,908 - INFO - ============================================================
2026-03-07 16:15:48,909 - INFO - Portfolio construction: 38 longs, 38 shorts (from 38 candidates)
2026-03-07 16:15:48,910 - INFO - PnL Net: 0.0049 | Scaled: 0.0049 | Turnover: 22.53% | Vol Scale: 1.00
2026-03-07 16:15:48,910 - INFO - 
============================================================
2026-03-07 16:15:48,910 - INFO - Running paper trading for 2025-04-11
2026-03-07 16:15:48,910 - INFO - ============================================================
2026-03-07 16:15:48,911 - INFO - Portfolio construction: 38 longs, 1 shorts (from 38 candidates)
2026-03-07 16:15:48,911 - INFO - PnL Net: 0.0038 | Scaled: 0.0038 | Turnover: 20.79% | Vol Scale: 1.00
2026-03-07 16:15:48,911 - INFO - 
============================================================
2026-03-07 16:15:48,911 - INFO - Running paper trading for 2025-04-14
2026-03-07 16:15:48,911 - INFO - ============================================================
2026-03-07 16:15:48,911 - INFO - Portfolio construction: 38 longs, 38 shorts (from 38 candidates)
2026-03-07 16:15:48,912 - INFO - Vol targeting: rolling_vol=0.2061, scale=0.5000
2026-03-07 16:15:48,912 - INFO - PnL Net: -0.0018 | Scaled: -0.0009 | Turnover: 21.69% | Vol Scale: 0.50
2026-03-07 16:15:48,912 - INFO - 
============================================================
2026-03-07 16:15:48,912 - INFO - Running paper trading for 2025-04-15
2026-03-07 16:15:48,912 - INFO - ============================================================
2026-03-07 16:15:48,913 - INFO - Portfolio construction: 38 longs, 38 shorts (from 38 candidates)
2026-03-07 16:15:48,913 - INFO - Vol targeting: rolling_vol=0.1968, scale=0.5000
2026-03-07 16:15:48,913 - INFO - PnL Net: -0.0047 | Scaled: -0.0023 | Turnover: 21.09% | Vol Scale: 0.50
2026-03-07 16:15:48,913 - INFO - 
============================================================
2026-03-07 16:15:48,913 - INFO - Running paper trading for 2025-04-16
2026-03-07 16:15:48,913 - INFO - ============================================================
2026-03-07 16:15:48,914 - INFO - Portfolio construction: 38 longs, 38 shorts (from 38 candidates)
2026-03-07 16:15:48,914 - INFO - Vol targeting: rolling_vol=0.1890, scale=0.5000
2026-03-07 16:15:48,914 - INFO - PnL Net: 0.0008 | Scaled: 0.0004 | Turnover: 21.09% | Vol Scale: 0.50
2026-03-07 16:15:48,914 - INFO - 
============================================================
2026-03-07 16:15:48,915 - INFO - Running paper trading for 2025-04-17
2026-03-07 16:15:48,915 - INFO - ============================================================
2026-03-07 16:15:48,916 - INFO - Portfolio construction: 38 longs, 38 shorts (from 38 candidates)
2026-03-07 16:15:48,916 - INFO - Vol targeting: rolling_vol=0.1826, scale=0.5000
2026-03-07 16:15:48,916 - INFO - PnL Net: -0.0068 | Scaled: -0.0034 | Turnover: 18.47% | Vol Scale: 0.50
2026-03-07 16:15:48,916 - INFO - 
============================================================
2026-03-07 16:15:48,916 - INFO - Running paper trading for 2025-04-21
2026-03-07 16:15:48,916 - INFO - ============================================================
2026-03-07 16:15:48,917 - INFO - Portfolio construction: 38 longs, 6 shorts (from 38 candidates)
2026-03-07 16:15:48,917 - INFO - Vol targeting: rolling_vol=0.1822, scale=0.5000
2026-03-07 16:15:48,917 - INFO - PnL Net: 0.0089 | Scaled: 0.0045 | Turnover: 17.46% | Vol Scale: 0.50
2026-03-07 16:15:48,917 - INFO - 
============================================================
2026-03-07 16:15:48,917 - INFO - Running paper trading for 2025-04-22
2026-03-07 16:15:48,917 - INFO - ============================================================
2026-03-07 16:15:48,918 - INFO - Portfolio construction: 38 longs, 38 shorts (from 38 candidates)
2026-03-07 16:15:48,919 - INFO - Vol targeting: rolling_vol=0.1783, scale=0.5000
2026-03-07 16:15:48,919 - INFO - PnL Net: 0.0053 | Scaled: 0.0027 | Turnover: 18.72% | Vol Scale: 0.50
2026-03-07 16:15:48,919 - INFO - 
============================================================
2026-03-07 16:15:48,919 - INFO - Running paper trading for 2025-04-23
2026-03-07 16:15:48,919 - INFO - ============================================================
2026-03-07 16:15:48,920 - INFO - Portfolio construction: 38 longs, 5 shorts (from 38 candidates)
2026-03-07 16:15:48,920 - INFO - Vol targeting: rolling_vol=0.1782, scale=0.5000
2026-03-07 16:15:48,920 - INFO - PnL Net: 0.0102 | Scaled: 0.0051 | Turnover: 20.73% | Vol Scale: 0.50
2026-03-07 16:15:48,920 - INFO - 
============================================================
2026-03-07 16:15:48,920 - INFO - Running paper trading for 2025-04-24
2026-03-07 16:15:48,920 - INFO - ============================================================
2026-03-07 16:15:48,921 - INFO - Portfolio construction: 38 longs, 38 shorts (from 38 candidates)
2026-03-07 16:15:48,921 - INFO - Vol targeting: rolling_vol=0.1730, scale=0.5000
2026-03-07 16:15:48,921 - INFO - PnL Net: 0.0011 | Scaled: 0.0006 | Turnover: 18.37% | Vol Scale: 0.50
2026-03-07 16:15:48,921 - INFO - 
============================================================
2026-03-07 16:15:48,921 - INFO - Running paper trading for 2025-04-25
2026-03-07 16:15:48,921 - INFO - ============================================================
2026-03-07 16:15:48,924 - INFO - Portfolio construction: 38 longs, 38 shorts (from 38 candidates)
2026-03-07 16:15:48,924 - INFO - Vol targeting: rolling_vol=0.1682, scale=0.5000
2026-03-07 16:15:48,924 - INFO - PnL Net: 0.0007 | Scaled: 0.0004 | Turnover: 23.46% | Vol Scale: 0.50
2026-03-07 16:15:48,924 - INFO - 
============================================================
2026-03-07 16:15:48,924 - INFO - Running paper trading for 2025-04-28
2026-03-07 16:15:48,924 - INFO - ============================================================
2026-03-07 16:15:48,925 - INFO - Portfolio construction: 38 longs, 38 shorts (from 38 candidates)
2026-03-07 16:15:48,925 - INFO - Vol targeting: rolling_vol=0.1639, scale=0.5000
2026-03-07 16:15:48,925 - INFO - PnL Net: 0.0018 | Scaled: 0.0009 | Turnover: 19.52% | Vol Scale: 0.50
2026-03-07 16:15:48,925 - INFO - 
============================================================
2026-03-07 16:15:48,925 - INFO - Running paper trading for 2025-04-29
2026-03-07 16:15:48,925 - INFO - ============================================================
2026-03-07 16:15:48,926 - INFO - Portfolio construction: 38 longs, 30 shorts (from 38 candidates)
2026-03-07 16:15:48,927 - INFO - Vol targeting: rolling_vol=0.1599, scale=0.5004
2026-03-07 16:15:48,927 - INFO - PnL Net: 0.0011 | Scaled: 0.0005 | Turnover: 16.79% | Vol Scale: 0.50
2026-03-07 16:15:48,927 - INFO - 
============================================================
2026-03-07 16:15:48,927 - INFO - Running paper trading for 2025-04-30
2026-03-07 16:15:48,927 - INFO - ============================================================
2026-03-07 16:15:48,928 - INFO - Portfolio construction: 38 longs, 38 shorts (from 38 candidates)
2026-03-07 16:15:48,928 - INFO - Vol targeting: rolling_vol=0.1596, scale=0.5012
2026-03-07 16:15:48,928 - INFO - PnL Net: 0.0014 | Scaled: 0.0007 | Turnover: 20.09% | Vol Scale: 0.50
2026-03-07 16:15:48,928 - INFO - 
============================================================
2026-03-07 16:15:48,928 - INFO - Running paper trading for 2025-05-01
2026-03-07 16:15:48,928 - INFO - ============================================================
2026-03-07 16:15:48,929 - INFO - Portfolio construction: 38 longs, 38 shorts (from 38 candidates)
2026-03-07 16:15:48,929 - INFO - Vol targeting: rolling_vol=0.1370, scale=0.5840
2026-03-07 16:15:48,929 - INFO - PnL Net: 0.0062 | Scaled: 0.0036 | Turnover: 17.98% | Vol Scale: 0.58
2026-03-07 16:15:48,929 - INFO - 
============================================================
2026-03-07 16:15:48,929 - INFO - Running paper trading for 2025-05-02
2026-03-07 16:15:48,929 - INFO - ============================================================
2026-03-07 16:15:48,930 - INFO - Portfolio construction: 38 longs, 13 shorts (from 38 candidates)
2026-03-07 16:15:48,931 - INFO - Vol targeting: rolling_vol=0.1119, scale=0.7149
2026-03-07 16:15:48,931 - INFO - PnL Net: -0.0011 | Scaled: -0.0008 | Turnover: 17.52% | Vol Scale: 0.71
2026-03-07 16:15:48,931 - INFO - 
============================================================
2026-03-07 16:15:48,931 - INFO - Running paper trading for 2025-05-05
2026-03-07 16:15:48,931 - INFO - ============================================================
2026-03-07 16:15:48,932 - INFO - Portfolio construction: 38 longs, 2 shorts (from 38 candidates)
2026-03-07 16:15:48,932 - INFO - Vol targeting: rolling_vol=0.1128, scale=0.7091
2026-03-07 16:15:48,932 - INFO - PnL Net: -0.0026 | Scaled: -0.0018 | Turnover: 19.38% | Vol Scale: 0.71
2026-03-07 16:15:48,932 - INFO - 
============================================================
2026-03-07 16:15:48,932 - INFO - Running paper trading for 2025-05-06
2026-03-07 16:15:48,932 - INFO - ============================================================
2026-03-07 16:15:48,933 - INFO - Portfolio construction: 38 longs, 33 shorts (from 38 candidates)
2026-03-07 16:15:48,933 - INFO - Vol targeting: rolling_vol=0.1115, scale=0.7177
2026-03-07 16:15:48,933 - INFO - PnL Net: 0.0026 | Scaled: 0.0019 | Turnover: 19.06% | Vol Scale: 0.72
2026-03-07 16:15:48,933 - INFO - 
============================================================
2026-03-07 16:15:48,933 - INFO - Running paper trading for 2025-05-07
2026-03-07 16:15:48,933 - INFO - ============================================================
2026-03-07 16:15:48,934 - INFO - Portfolio construction: 38 longs, 9 shorts (from 38 candidates)
2026-03-07 16:15:48,934 - INFO - Vol targeting: rolling_vol=0.0781, scale=1.0243
2026-03-07 16:15:48,934 - INFO - PnL Net: 0.0043 | Scaled: 0.0045 | Turnover: 18.97% | Vol Scale: 1.02
2026-03-07 16:15:48,934 - INFO - 
============================================================
2026-03-07 16:15:48,934 - INFO - Running paper trading for 2025-05-08
2026-03-07 16:15:48,935 - INFO - ============================================================
2026-03-07 16:15:48,936 - INFO - Portfolio construction: 38 longs, 10 shorts (from 38 candidates)
2026-03-07 16:15:48,936 - INFO - Vol targeting: rolling_vol=0.0656, scale=1.2200
2026-03-07 16:15:48,936 - INFO - PnL Net: -0.0009 | Scaled: -0.0012 | Turnover: 19.75% | Vol Scale: 1.22
2026-03-07 16:15:48,936 - INFO - 
============================================================
2026-03-07 16:15:48,936 - INFO - Running paper trading for 2025-05-09
2026-03-07 16:15:48,936 - INFO - ============================================================
2026-03-07 16:15:48,937 - INFO - Portfolio construction: 38 longs, 37 shorts (from 38 candidates)
2026-03-07 16:15:48,937 - INFO - Vol targeting: rolling_vol=0.0785, scale=1.0196
2026-03-07 16:15:48,937 - INFO - PnL Net: 0.0145 | Scaled: 0.0148 | Turnover: 18.03% | Vol Scale: 1.02
2026-03-07 16:15:48,937 - INFO - 
============================================================
2026-03-07 16:15:48,937 - INFO - Running paper trading for 2025-05-12
2026-03-07 16:15:48,937 - INFO - ============================================================
2026-03-07 16:15:48,938 - INFO - Portfolio construction: 38 longs, 38 shorts (from 38 candidates)
2026-03-07 16:15:48,939 - INFO - Vol targeting: rolling_vol=0.0804, scale=0.9956
2026-03-07 16:15:48,939 - INFO - PnL Net: 0.0074 | Scaled: 0.0074 | Turnover: 18.12% | Vol Scale: 1.00
2026-03-07 16:15:48,939 - INFO - 
============================================================
2026-03-07 16:15:48,939 - INFO - Running paper trading for 2025-05-13
2026-03-07 16:15:48,939 - INFO - ============================================================
2026-03-07 16:15:48,941 - INFO - Portfolio construction: 38 longs, 38 shorts (from 38 candidates)
2026-03-07 16:15:48,941 - INFO - Vol targeting: rolling_vol=0.0797, scale=1.0044
2026-03-07 16:15:48,941 - INFO - PnL Net: -0.0006 | Scaled: -0.0006 | Turnover: 21.90% | Vol Scale: 1.00
2026-03-07 16:15:48,941 - INFO - 
============================================================
2026-03-07 16:15:48,941 - INFO - Running paper trading for 2025-05-14
2026-03-07 16:15:48,941 - INFO - ============================================================
2026-03-07 16:15:48,942 - INFO - Portfolio construction: 38 longs, 38 shorts (from 38 candidates)
2026-03-07 16:15:48,942 - INFO - Vol targeting: rolling_vol=0.0757, scale=1.0562
2026-03-07 16:15:48,942 - INFO - PnL Net: 0.0052 | Scaled: 0.0055 | Turnover: 20.59% | Vol Scale: 1.06
2026-03-07 16:15:48,942 - INFO - 
============================================================
2026-03-07 16:15:48,942 - INFO - Running paper trading for 2025-05-15
2026-03-07 16:15:48,942 - INFO - ============================================================
2026-03-07 16:15:48,943 - INFO - Portfolio construction: 38 longs, 38 shorts (from 38 candidates)
2026-03-07 16:15:48,943 - INFO - Vol targeting: rolling_vol=0.0754, scale=1.0608
2026-03-07 16:15:48,943 - INFO - PnL Net: 0.0020 | Scaled: 0.0021 | Turnover: 19.63% | Vol Scale: 1.06
2026-03-07 16:15:48,943 - INFO - 
============================================================
2026-03-07 16:15:48,943 - INFO - Running paper trading for 2025-05-16
2026-03-07 16:15:48,943 - INFO - ============================================================
2026-03-07 16:15:48,944 - INFO - Portfolio construction: 38 longs, 38 shorts (from 38 candidates)
2026-03-07 16:15:48,945 - INFO - Vol targeting: rolling_vol=0.0684, scale=1.1703
2026-03-07 16:15:48,945 - INFO - PnL Net: -0.0013 | Scaled: -0.0015 | Turnover: 18.38% | Vol Scale: 1.17
2026-03-07 16:15:48,945 - INFO - 
============================================================
2026-03-07 16:15:48,945 - INFO - Running paper trading for 2025-05-19
2026-03-07 16:15:48,945 - INFO - ============================================================
2026-03-07 16:15:48,946 - INFO - Portfolio construction: 38 longs, 38 shorts (from 38 candidates)
2026-03-07 16:15:48,946 - INFO - Vol targeting: rolling_vol=0.0676, scale=1.1828
2026-03-07 16:15:48,946 - INFO - PnL Net: -0.0021 | Scaled: -0.0025 | Turnover: 16.36% | Vol Scale: 1.18
2026-03-07 16:15:48,946 - INFO - 
============================================================
2026-03-07 16:15:48,946 - INFO - Running paper trading for 2025-05-20
2026-03-07 16:15:48,946 - INFO - ============================================================
2026-03-07 16:15:48,947 - INFO - Portfolio construction: 38 longs, 38 shorts (from 38 candidates)
2026-03-07 16:15:48,947 - INFO - Vol targeting: rolling_vol=0.0748, scale=1.0691
2026-03-07 16:15:48,947 - INFO - PnL Net: -0.0070 | Scaled: -0.0075 | Turnover: 15.81% | Vol Scale: 1.07
2026-03-07 16:15:48,948 - INFO - 
============================================================
2026-03-07 16:15:48,948 - INFO - Running paper trading for 2025-05-21
2026-03-07 16:15:48,948 - INFO - ============================================================
2026-03-07 16:15:48,949 - INFO - Portfolio construction: 38 longs, 38 shorts (from 38 candidates)
2026-03-07 16:15:48,949 - INFO - Vol targeting: rolling_vol=0.0690, scale=1.1591
2026-03-07 16:15:48,949 - INFO - PnL Net: 0.0004 | Scaled: 0.0004 | Turnover: 19.34% | Vol Scale: 1.16
2026-03-07 16:15:48,949 - INFO - 
============================================================
2026-03-07 16:15:48,949 - INFO - Running paper trading for 2025-05-22
2026-03-07 16:15:48,949 - INFO - ============================================================
2026-03-07 16:15:48,950 - INFO - Portfolio construction: 38 longs, 32 shorts (from 38 candidates)
2026-03-07 16:15:48,950 - INFO - Vol targeting: rolling_vol=0.0706, scale=1.1324
2026-03-07 16:15:48,950 - INFO - PnL Net: -0.0027 | Scaled: -0.0031 | Turnover: 19.64% | Vol Scale: 1.13
2026-03-07 16:15:48,950 - INFO - 
============================================================
2026-03-07 16:15:48,950 - INFO - Running paper trading for 2025-05-23
2026-03-07 16:15:48,950 - INFO - ============================================================
2026-03-07 16:15:48,951 - INFO - Portfolio construction: 38 longs, 38 shorts (from 38 candidates)
2026-03-07 16:15:48,952 - INFO - Vol targeting: rolling_vol=0.0743, scale=1.0767
2026-03-07 16:15:48,952 - INFO - PnL Net: 0.0082 | Scaled: 0.0088 | Turnover: 19.52% | Vol Scale: 1.08
2026-03-07 16:15:48,952 - INFO - 
============================================================
2026-03-07 16:15:48,952 - INFO - Running paper trading for 2025-05-27
2026-03-07 16:15:48,952 - INFO - ============================================================
2026-03-07 16:15:48,952 - INFO - Portfolio construction: 38 longs, 38 shorts (from 38 candidates)
2026-03-07 16:15:48,952 - INFO - Vol targeting: rolling_vol=0.0756, scale=1.0588
2026-03-07 16:15:48,952 - INFO - PnL Net: -0.0021 | Scaled: -0.0022 | Turnover: 18.56% | Vol Scale: 1.06
2026-03-07 16:15:48,954 - INFO - 
============================================================
2026-03-07 16:15:48,954 - INFO - Running paper trading for 2025-05-28
2026-03-07 16:15:48,954 - INFO - ============================================================
2026-03-07 16:15:48,955 - INFO - Portfolio construction: 38 longs, 38 shorts (from 38 candidates)
2026-03-07 16:15:48,955 - INFO - Vol targeting: rolling_vol=0.0756, scale=1.0575
2026-03-07 16:15:48,955 - INFO - PnL Net: 0.0004 | Scaled: 0.0005 | Turnover: 16.29% | Vol Scale: 1.06
2026-03-07 16:15:48,955 - INFO - 
============================================================
2026-03-07 16:15:48,955 - INFO - Running paper trading for 2025-05-29
2026-03-07 16:15:48,955 - INFO - ============================================================
2026-03-07 16:15:48,956 - INFO - Portfolio construction: 38 longs, 38 shorts (from 38 candidates)
2026-03-07 16:15:48,956 - INFO - Vol targeting: rolling_vol=0.0762, scale=1.0504
2026-03-07 16:15:48,956 - INFO - PnL Net: -0.0009 | Scaled: -0.0010 | Turnover: 19.51% | Vol Scale: 1.05
2026-03-07 16:15:48,956 - INFO - 
============================================================
2026-03-07 16:15:48,956 - INFO - Running paper trading for 2025-05-30
2026-03-07 16:15:48,956 - INFO - ============================================================
2026-03-07 16:15:48,957 - INFO - Portfolio construction: 38 longs, 38 shorts (from 38 candidates)
2026-03-07 16:15:48,958 - INFO - Vol targeting: rolling_vol=0.0742, scale=1.0777
2026-03-07 16:15:48,958 - INFO - PnL Net: 0.0008 | Scaled: 0.0009 | Turnover: 21.02% | Vol Scale: 1.08
2026-03-07 16:15:48,958 - INFO - 
============================================================
2026-03-07 16:15:48,958 - INFO - Running paper trading for 2025-06-02
2026-03-07 16:15:48,958 - INFO - ============================================================
2026-03-07 16:15:48,959 - INFO - Portfolio construction: 38 longs, 38 shorts (from 38 candidates)
2026-03-07 16:15:48,959 - INFO - Vol targeting: rolling_vol=0.0737, scale=1.0849
2026-03-07 16:15:48,959 - INFO - PnL Net: 0.0011 | Scaled: 0.0012 | Turnover: 20.37% | Vol Scale: 1.08
2026-03-07 16:15:48,959 - INFO - 
============================================================
2026-03-07 16:15:48,959 - INFO - Running paper trading for 2025-06-03
2026-03-07 16:15:48,959 - INFO - ============================================================
2026-03-07 16:15:48,960 - INFO - Portfolio construction: 38 longs, 38 shorts (from 38 candidates)
2026-03-07 16:15:48,961 - INFO - Vol targeting: rolling_vol=0.0730, scale=1.0965
2026-03-07 16:15:48,961 - INFO - PnL Net: -0.0012 | Scaled: -0.0013 | Turnover: 18.45% | Vol Scale: 1.10
2026-03-07 16:15:48,961 - INFO - 
============================================================
2026-03-07 16:15:48,961 - INFO - Running paper trading for 2025-06-04
2026-03-07 16:15:48,961 - INFO - ============================================================
2026-03-07 16:15:48,962 - INFO - Portfolio construction: 38 longs, 38 shorts (from 38 candidates)
2026-03-07 16:15:48,962 - INFO - Vol targeting: rolling_vol=0.0730, scale=1.0962
2026-03-07 16:15:48,962 - INFO - PnL Net: -0.0000 | Scaled: -0.0000 | Turnover: 16.06% | Vol Scale: 1.10
2026-03-07 16:15:48,962 - INFO - 
============================================================
2026-03-07 16:15:48,962 - INFO - Running paper trading for 2025-06-05
2026-03-07 16:15:48,962 - INFO - ============================================================
2026-03-07 16:15:48,964 - INFO - Portfolio construction: 38 longs, 38 shorts (from 38 candidates)
2026-03-07 16:15:48,964 - INFO - Vol targeting: rolling_vol=0.0721, scale=1.1092
2026-03-07 16:15:48,964 - INFO - PnL Net: 0.0008 | Scaled: 0.0009 | Turnover: 17.46% | Vol Scale: 1.11
2026-03-07 16:15:48,964 - INFO - 
============================================================
2026-03-07 16:15:48,964 - INFO - Running paper trading for 2025-06-06
2026-03-07 16:15:48,964 - INFO - ============================================================
2026-03-07 16:15:48,965 - INFO - Portfolio construction: 38 longs, 38 shorts (from 38 candidates)
2026-03-07 16:15:48,965 - INFO - Vol targeting: rolling_vol=0.0728, scale=1.0986
2026-03-07 16:15:48,966 - INFO - PnL Net: -0.0024 | Scaled: -0.0026 | Turnover: 18.52% | Vol Scale: 1.10
2026-03-07 16:15:48,966 - INFO - 
============================================================
2026-03-07 16:15:48,966 - INFO - Running paper trading for 2025-06-09
2026-03-07 16:15:48,966 - INFO - ============================================================
2026-03-07 16:15:48,967 - INFO - Portfolio construction: 38 longs, 13 shorts (from 38 candidates)
2026-03-07 16:15:48,967 - INFO - Vol targeting: rolling_vol=0.0539, scale=1.4831
2026-03-07 16:15:48,967 - INFO - PnL Net: 0.0012 | Scaled: 0.0018 | Turnover: 20.04% | Vol Scale: 1.48
2026-03-07 16:15:48,967 - INFO - 
============================================================
2026-03-07 16:15:48,967 - INFO - Running paper trading for 2025-06-10
2026-03-07 16:15:48,967 - INFO - ============================================================
2026-03-07 16:15:48,968 - INFO - Portfolio construction: 38 longs, 6 shorts (from 38 candidates)
2026-03-07 16:15:48,968 - INFO - Vol targeting: rolling_vol=0.0476, scale=1.6799
2026-03-07 16:15:48,968 - INFO - PnL Net: -0.0013 | Scaled: -0.0021 | Turnover: 17.79% | Vol Scale: 1.68
2026-03-07 16:15:48,969 - INFO - 
============================================================
2026-03-07 16:15:48,969 - INFO - Running paper trading for 2025-06-11
2026-03-07 16:15:48,969 - INFO - ============================================================
2026-03-07 16:15:48,970 - INFO - Portfolio construction: 38 longs, 16 shorts (from 38 candidates)
2026-03-07 16:15:48,970 - INFO - Vol targeting: rolling_vol=0.0477, scale=1.6785
2026-03-07 16:15:48,970 - INFO - PnL Net: 0.0007 | Scaled: 0.0012 | Turnover: 18.77% | Vol Scale: 1.68
2026-03-07 16:15:48,970 - INFO - 
============================================================
2026-03-07 16:15:48,970 - INFO - Running paper trading for 2025-06-12
2026-03-07 16:15:48,970 - INFO - ============================================================
2026-03-07 16:15:48,971 - INFO - Portfolio construction: 38 longs, 38 shorts (from 38 candidates)
2026-03-07 16:15:48,971 - INFO - Vol targeting: rolling_vol=0.0449, scale=1.7832
2026-03-07 16:15:48,971 - INFO - PnL Net: -0.0033 | Scaled: -0.0058 | Turnover: 21.75% | Vol Scale: 1.78
2026-03-07 16:15:48,971 - INFO - 
============================================================
2026-03-07 16:15:48,971 - INFO - Running paper trading for 2025-06-13
2026-03-07 16:15:48,971 - INFO - ============================================================
2026-03-07 16:15:48,972 - INFO - Portfolio construction: 38 longs, 38 shorts (from 38 candidates)
2026-03-07 16:15:48,973 - INFO - Vol targeting: rolling_vol=0.0444, scale=1.8031
2026-03-07 16:15:48,973 - INFO - PnL Net: 0.0011 | Scaled: 0.0020 | Turnover: 18.70% | Vol Scale: 1.80
2026-03-07 16:15:48,973 - INFO - 
============================================================
2026-03-07 16:15:48,973 - INFO - Running paper trading for 2025-06-16
2026-03-07 16:15:48,973 - INFO - ============================================================
2026-03-07 16:15:48,974 - INFO - Portfolio construction: 38 longs, 38 shorts (from 38 candidates)
2026-03-07 16:15:48,974 - INFO - Vol targeting: rolling_vol=0.0455, scale=1.7575
2026-03-07 16:15:48,974 - INFO - PnL Net: -0.0035 | Scaled: -0.0061 | Turnover: 16.38% | Vol Scale: 1.76
2026-03-07 16:15:48,975 - INFO - 
============================================================
2026-03-07 16:15:48,975 - INFO - Running paper trading for 2025-06-17
2026-03-07 16:15:48,975 - INFO - ============================================================
2026-03-07 16:15:48,976 - INFO - Portfolio construction: 38 longs, 38 shorts (from 38 candidates)
2026-03-07 16:15:48,976 - INFO - Vol targeting: rolling_vol=0.0452, scale=1.7708
2026-03-07 16:15:48,976 - INFO - PnL Net: -0.0005 | Scaled: -0.0009 | Turnover: 17.30% | Vol Scale: 1.77
2026-03-07 16:15:48,976 - INFO - 
============================================================
2026-03-07 16:15:48,976 - INFO - Running paper trading for 2025-06-18
2026-03-07 16:15:48,976 - INFO - ============================================================
2026-03-07 16:15:48,977 - INFO - Portfolio construction: 38 longs, 38 shorts (from 38 candidates)
2026-03-07 16:15:48,977 - INFO - Vol targeting: rolling_vol=0.0385, scale=2.0000
2026-03-07 16:15:48,977 - INFO - PnL Net: 0.0001 | Scaled: 0.0003 | Turnover: 18.66% | Vol Scale: 2.00
2026-03-07 16:15:48,977 - INFO - 
============================================================
2026-03-07 16:15:48,977 - INFO - Running paper trading for 2025-06-20
2026-03-07 16:15:48,977 - INFO - ============================================================
2026-03-07 16:15:48,978 - INFO - Portfolio construction: 38 longs, 38 shorts (from 38 candidates)
2026-03-07 16:15:48,979 - INFO - Vol targeting: rolling_vol=0.0397, scale=2.0000
2026-03-07 16:15:48,979 - INFO - PnL Net: 0.0027 | Scaled: 0.0053 | Turnover: 20.03% | Vol Scale: 2.00
2026-03-07 16:15:48,979 - INFO - 
============================================================
2026-03-07 16:15:48,979 - INFO - Running paper trading for 2025-06-23
2026-03-07 16:15:48,979 - INFO - ============================================================
2026-03-07 16:15:48,980 - INFO - Portfolio construction: 38 longs, 38 shorts (from 38 candidates)
2026-03-07 16:15:48,980 - INFO - Vol targeting: rolling_vol=0.0406, scale=1.9706
2026-03-07 16:15:48,980 - INFO - PnL Net: 0.0039 | Scaled: 0.0076 | Turnover: 17.48% | Vol Scale: 1.97
2026-03-07 16:15:48,980 - INFO - 
============================================================
2026-03-07 16:15:48,980 - INFO - Running paper trading for 2025-06-24
2026-03-07 16:15:48,980 - INFO - ============================================================
2026-03-07 16:15:48,981 - INFO - Portfolio construction: 38 longs, 38 shorts (from 38 candidates)
2026-03-07 16:15:48,981 - INFO - Vol targeting: rolling_vol=0.0294, scale=2.0000
2026-03-07 16:15:48,981 - INFO - PnL Net: -0.0021 | Scaled: -0.0042 | Turnover: 18.08% | Vol Scale: 2.00
2026-03-07 16:15:48,981 - INFO - 
============================================================
2026-03-07 16:15:48,981 - INFO - Running paper trading for 2025-06-25
2026-03-07 16:15:48,981 - INFO - ============================================================
2026-03-07 16:15:48,982 - INFO - Portfolio construction: 38 longs, 38 shorts (from 38 candidates)
2026-03-07 16:15:48,983 - INFO - Vol targeting: rolling_vol=0.0295, scale=2.0000
2026-03-07 16:15:48,983 - INFO - PnL Net: 0.0019 | Scaled: 0.0038 | Turnover: 17.90% | Vol Scale: 2.00
2026-03-07 16:15:48,983 - INFO - 
============================================================
2026-03-07 16:15:48,983 - INFO - Running paper trading for 2025-06-26
2026-03-07 16:15:48,983 - INFO - ============================================================
2026-03-07 16:15:48,983 - INFO - Portfolio construction: 38 longs, 38 shorts (from 38 candidates)
2026-03-07 16:15:48,985 - INFO - Vol targeting: rolling_vol=0.0299, scale=2.0000
2026-03-07 16:15:48,985 - INFO - PnL Net: 0.0015 | Scaled: 0.0029 | Turnover: 17.70% | Vol Scale: 2.00
2026-03-07 16:15:48,985 - INFO - 
============================================================
2026-03-07 16:15:48,985 - INFO - Running paper trading for 2025-06-27
2026-03-07 16:15:48,985 - INFO - ============================================================
2026-03-07 16:15:48,986 - INFO - Portfolio construction: 38 longs, 38 shorts (from 38 candidates)
2026-03-07 16:15:48,986 - INFO - Vol targeting: rolling_vol=0.0300, scale=2.0000
2026-03-07 16:15:48,986 - INFO - PnL Net: 0.0013 | Scaled: 0.0025 | Turnover: 16.45% | Vol Scale: 2.00
2026-03-07 16:15:48,986 - INFO - 
============================================================
2026-03-07 16:15:48,986 - INFO - Running paper trading for 2025-06-30
2026-03-07 16:15:48,986 - INFO - ============================================================
2026-03-07 16:15:48,987 - INFO - Portfolio construction: 38 longs, 38 shorts (from 38 candidates)
2026-03-07 16:15:48,987 - INFO - Vol targeting: rolling_vol=0.0351, scale=2.0000
2026-03-07 16:15:48,987 - INFO - PnL Net: 0.0055 | Scaled: 0.0109 | Turnover: 17.10% | Vol Scale: 2.00
2026-03-07 16:15:48,987 - INFO - 
============================================================
2026-03-07 16:15:48,987 - INFO - Running paper trading for 2025-07-01
2026-03-07 16:15:48,987 - INFO - ============================================================
2026-03-07 16:15:48,988 - INFO - Portfolio construction: 38 longs, 38 shorts (from 38 candidates)
2026-03-07 16:15:48,989 - INFO - Vol targeting: rolling_vol=0.0352, scale=2.0000
2026-03-07 16:15:48,989 - INFO - PnL Net: 0.0013 | Scaled: 0.0026 | Turnover: 15.04% | Vol Scale: 2.00
2026-03-07 16:15:48,989 - INFO - 
============================================================
2026-03-07 16:15:48,989 - INFO - Running paper trading for 2025-07-02
2026-03-07 16:15:48,989 - INFO - ============================================================
2026-03-07 16:15:48,990 - INFO - Portfolio construction: 38 longs, 38 shorts (from 38 candidates)
2026-03-07 16:15:48,990 - INFO - Vol targeting: rolling_vol=0.0349, scale=2.0000
2026-03-07 16:15:48,990 - INFO - PnL Net: 0.0014 | Scaled: 0.0028 | Turnover: 12.74% | Vol Scale: 2.00
2026-03-07 16:15:48,990 - INFO - 
============================================================
2026-03-07 16:15:48,990 - INFO - Running paper trading for 2025-07-03
2026-03-07 16:15:48,990 - INFO - ============================================================
2026-03-07 16:15:48,991 - INFO - Portfolio construction: 38 longs, 38 shorts (from 38 candidates)
2026-03-07 16:15:48,991 - INFO - Vol targeting: rolling_vol=0.0371, scale=2.0000
2026-03-07 16:15:48,992 - INFO - PnL Net: -0.0032 | Scaled: -0.0063 | Turnover: 11.38% | Vol Scale: 2.00
2026-03-07 16:15:48,992 - INFO - 
============================================================
2026-03-07 16:15:48,992 - INFO - Running paper trading for 2025-07-07
2026-03-07 16:15:48,992 - INFO - ============================================================
2026-03-07 16:15:48,993 - INFO - Portfolio construction: 38 longs, 38 shorts (from 38 candidates)
2026-03-07 16:15:48,993 - INFO - Vol targeting: rolling_vol=0.0371, scale=2.0000
2026-03-07 16:15:48,993 - INFO - PnL Net: 0.0005 | Scaled: 0.0010 | Turnover: 10.84% | Vol Scale: 2.00
2026-03-07 16:15:48,993 - INFO - 
============================================================
2026-03-07 16:15:48,993 - INFO - Running paper trading for 2025-07-08
2026-03-07 16:15:48,993 - INFO - ============================================================
2026-03-07 16:15:48,993 - INFO - Portfolio construction: 38 longs, 38 shorts (from 38 candidates)
2026-03-07 16:15:48,995 - INFO - Vol targeting: rolling_vol=0.0357, scale=2.0000
2026-03-07 16:15:48,995 - INFO - PnL Net: 0.0009 | Scaled: 0.0019 | Turnover: 18.35% | Vol Scale: 2.00
2026-03-07 16:15:48,995 - INFO - 
============================================================
2026-03-07 16:15:48,995 - INFO - Running paper trading for 2025-07-09
2026-03-07 16:15:48,995 - INFO - ============================================================
2026-03-07 16:15:48,996 - INFO - Portfolio construction: 38 longs, 38 shorts (from 38 candidates)
2026-03-07 16:15:48,996 - INFO - Vol targeting: rolling_vol=0.0364, scale=2.0000
2026-03-07 16:15:48,996 - INFO - PnL Net: 0.0026 | Scaled: 0.0053 | Turnover: 19.70% | Vol Scale: 2.00
2026-03-07 16:15:48,996 - INFO - 
============================================================
2026-03-07 16:15:48,996 - INFO - Running paper trading for 2025-07-10
2026-03-07 16:15:48,996 - INFO - ============================================================
2026-03-07 16:15:48,997 - INFO - Portfolio construction: 38 longs, 12 shorts (from 38 candidates)
2026-03-07 16:15:48,998 - INFO - Vol targeting: rolling_vol=0.0379, scale=2.0000
2026-03-07 16:15:48,998 - INFO - PnL Net: -0.0029 | Scaled: -0.0058 | Turnover: 19.47% | Vol Scale: 2.00
2026-03-07 16:15:48,998 - INFO - 
============================================================
2026-03-07 16:15:48,998 - INFO - Running paper trading for 2025-07-11
2026-03-07 16:15:48,998 - INFO - ============================================================
2026-03-07 16:15:48,998 - INFO - Portfolio construction: 38 longs, 26 shorts (from 38 candidates)
2026-03-07 16:15:48,998 - INFO - Vol targeting: rolling_vol=0.0382, scale=2.0000
2026-03-07 16:15:48,999 - INFO - PnL Net: -0.0008 | Scaled: -0.0016 | Turnover: 19.00% | Vol Scale: 2.00
2026-03-07 16:15:48,999 - INFO - 
============================================================
2026-03-07 16:15:48,999 - INFO - Running paper trading for 2025-07-14
2026-03-07 16:15:48,999 - INFO - ============================================================
2026-03-07 16:15:49,000 - INFO - Portfolio construction: 38 longs, 38 shorts (from 38 candidates)
2026-03-07 16:15:49,000 - INFO - Vol targeting: rolling_vol=0.0411, scale=1.9456
2026-03-07 16:15:49,000 - INFO - PnL Net: -0.0053 | Scaled: -0.0103 | Turnover: 18.01% | Vol Scale: 1.95
2026-03-07 16:15:49,000 - INFO - 
============================================================
2026-03-07 16:15:49,000 - INFO - Running paper trading for 2025-07-15
2026-03-07 16:15:49,000 - INFO - ============================================================
2026-03-07 16:15:49,002 - INFO - Portfolio construction: 38 longs, 24 shorts (from 38 candidates)
2026-03-07 16:15:49,002 - INFO - Vol targeting: rolling_vol=0.0411, scale=1.9452
2026-03-07 16:15:49,002 - INFO - PnL Net: 0.0011 | Scaled: 0.0022 | Turnover: 17.80% | Vol Scale: 1.95
2026-03-07 16:15:49,002 - INFO - 
============================================================
2026-03-07 16:15:49,002 - INFO - Running paper trading for 2025-07-16
2026-03-07 16:15:49,002 - INFO - ============================================================
2026-03-07 16:15:49,003 - INFO - Portfolio construction: 38 longs, 4 shorts (from 38 candidates)
2026-03-07 16:15:49,004 - INFO - Vol targeting: rolling_vol=0.0400, scale=1.9977
2026-03-07 16:15:49,004 - INFO - PnL Net: 0.0035 | Scaled: 0.0070 | Turnover: 18.83% | Vol Scale: 2.00
2026-03-07 16:15:49,004 - INFO - 
============================================================
2026-03-07 16:15:49,004 - INFO - Running paper trading for 2025-07-17
2026-03-07 16:15:49,004 - INFO - ============================================================
2026-03-07 16:15:49,005 - INFO - Portfolio construction: 38 longs, 38 shorts (from 38 candidates)
2026-03-07 16:15:49,005 - INFO - Vol targeting: rolling_vol=0.0400, scale=2.0000
2026-03-07 16:15:49,005 - INFO - PnL Net: -0.0003 | Scaled: -0.0006 | Turnover: 20.65% | Vol Scale: 2.00
2026-03-07 16:15:49,005 - INFO - 
============================================================
2026-03-07 16:15:49,005 - INFO - Running paper trading for 2025-07-18
2026-03-07 16:15:49,005 - INFO - ============================================================
2026-03-07 16:15:49,006 - INFO - Portfolio construction: 38 longs, 38 shorts (from 38 candidates)
2026-03-07 16:15:49,006 - INFO - Vol targeting: rolling_vol=0.0407, scale=1.9646
2026-03-07 16:15:49,006 - INFO - PnL Net: -0.0016 | Scaled: -0.0032 | Turnover: 22.59% | Vol Scale: 1.96
2026-03-07 16:15:49,006 - INFO - 
============================================================
2026-03-07 16:15:49,006 - INFO - Running paper trading for 2025-07-21
2026-03-07 16:15:49,006 - INFO - ============================================================
2026-03-07 16:15:49,007 - INFO - Portfolio construction: 38 longs, 38 shorts (from 38 candidates)
2026-03-07 16:15:49,007 - INFO - Vol targeting: rolling_vol=0.0456, scale=1.7529
2026-03-07 16:15:49,007 - INFO - PnL Net: 0.0068 | Scaled: 0.0120 | Turnover: 18.81% | Vol Scale: 1.75
2026-03-07 16:15:49,007 - INFO - 
============================================================
2026-03-07 16:15:49,007 - INFO - Running paper trading for 2025-07-22
2026-03-07 16:15:49,008 - INFO - ============================================================
2026-03-07 16:15:49,008 - INFO - Portfolio construction: 38 longs, 38 shorts (from 38 candidates)
2026-03-07 16:15:49,009 - INFO - Vol targeting: rolling_vol=0.0446, scale=1.7927
2026-03-07 16:15:49,009 - INFO - PnL Net: 0.0023 | Scaled: 0.0041 | Turnover: 18.89% | Vol Scale: 1.79
2026-03-07 16:15:49,009 - INFO - 
============================================================
2026-03-07 16:15:49,009 - INFO - Running paper trading for 2025-07-23
2026-03-07 16:15:49,009 - INFO - ============================================================
2026-03-07 16:15:49,010 - INFO - Portfolio construction: 38 longs, 38 shorts (from 38 candidates)
2026-03-07 16:15:49,010 - INFO - Vol targeting: rolling_vol=0.0451, scale=1.7756
2026-03-07 16:15:49,010 - INFO - PnL Net: -0.0026 | Scaled: -0.0046 | Turnover: 15.52% | Vol Scale: 1.78
2026-03-07 16:15:49,010 - INFO - 
============================================================
2026-03-07 16:15:49,010 - INFO - Running paper trading for 2025-07-24
2026-03-07 16:15:49,010 - INFO - ============================================================
2026-03-07 16:15:49,011 - INFO - Portfolio construction: 38 longs, 38 shorts (from 38 candidates)
2026-03-07 16:15:49,011 - INFO - Vol targeting: rolling_vol=0.0449, scale=1.7834
2026-03-07 16:15:49,012 - INFO - PnL Net: 0.0011 | Scaled: 0.0019 | Turnover: 15.70% | Vol Scale: 1.78
2026-03-07 16:15:49,012 - INFO - 
============================================================
2026-03-07 16:15:49,012 - INFO - Running paper trading for 2025-07-25
2026-03-07 16:15:49,012 - INFO - ============================================================
2026-03-07 16:15:49,013 - INFO - Portfolio construction: 38 longs, 38 shorts (from 38 candidates)
2026-03-07 16:15:49,013 - INFO - Vol targeting: rolling_vol=0.0465, scale=1.7198
2026-03-07 16:15:49,013 - INFO - PnL Net: -0.0031 | Scaled: -0.0052 | Turnover: 16.41% | Vol Scale: 1.72
2026-03-07 16:15:49,013 - INFO - 
============================================================
2026-03-07 16:15:49,013 - INFO - Running paper trading for 2025-07-28
2026-03-07 16:15:49,013 - INFO - ============================================================
2026-03-07 16:15:49,014 - INFO - Portfolio construction: 38 longs, 38 shorts (from 38 candidates)
2026-03-07 16:15:49,014 - INFO - Vol targeting: rolling_vol=0.0474, scale=1.6862
2026-03-07 16:15:49,014 - INFO - PnL Net: -0.0025 | Scaled: -0.0041 | Turnover: 18.54% | Vol Scale: 1.69
2026-03-07 16:15:49,014 - INFO - 
============================================================
2026-03-07 16:15:49,014 - INFO - Running paper trading for 2025-07-29
2026-03-07 16:15:49,014 - INFO - ============================================================
2026-03-07 16:15:49,016 - INFO - Portfolio construction: 38 longs, 38 shorts (from 38 candidates)
2026-03-07 16:15:49,016 - INFO - Vol targeting: rolling_vol=0.0445, scale=1.7974
2026-03-07 16:15:49,016 - INFO - PnL Net: -0.0028 | Scaled: -0.0050 | Turnover: 17.07% | Vol Scale: 1.80
2026-03-07 16:15:49,016 - INFO - 
============================================================
2026-03-07 16:15:49,016 - INFO - Running paper trading for 2025-07-30
2026-03-07 16:15:49,016 - INFO - ============================================================
2026-03-07 16:15:49,017 - INFO - Portfolio construction: 38 longs, 38 shorts (from 38 candidates)
2026-03-07 16:15:49,017 - INFO - Vol targeting: rolling_vol=0.0463, scale=1.7283
2026-03-07 16:15:49,017 - INFO - PnL Net: -0.0042 | Scaled: -0.0073 | Turnover: 18.97% | Vol Scale: 1.73
2026-03-07 16:15:49,017 - INFO - 
============================================================
2026-03-07 16:15:49,017 - INFO - Running paper trading for 2025-07-31
2026-03-07 16:15:49,017 - INFO - ============================================================
2026-03-07 16:15:49,018 - INFO - Portfolio construction: 38 longs, 38 shorts (from 38 candidates)
2026-03-07 16:15:49,019 - INFO - Vol targeting: rolling_vol=0.0470, scale=1.7007
2026-03-07 16:15:49,019 - INFO - PnL Net: -0.0036 | Scaled: -0.0062 | Turnover: 19.57% | Vol Scale: 1.70
2026-03-07 16:15:49,019 - INFO - 
============================================================
2026-03-07 16:15:49,019 - INFO - Running paper trading for 2025-08-01
2026-03-07 16:15:49,019 - INFO - ============================================================
2026-03-07 16:15:49,020 - INFO - Portfolio construction: 38 longs, 6 shorts (from 38 candidates)
2026-03-07 16:15:49,020 - INFO - Vol targeting: rolling_vol=0.0468, scale=1.7092
2026-03-07 16:15:49,020 - INFO - PnL Net: 0.0016 | Scaled: 0.0028 | Turnover: 18.75% | Vol Scale: 1.71
2026-03-07 16:15:49,020 - INFO - 
============================================================
2026-03-07 16:15:49,020 - INFO - Running paper trading for 2025-08-04
2026-03-07 16:15:49,020 - INFO - ============================================================
2026-03-07 16:15:49,021 - INFO - Portfolio construction: 38 longs, 5 shorts (from 38 candidates)
2026-03-07 16:15:49,022 - INFO - Vol targeting: rolling_vol=0.0486, scale=1.6467
2026-03-07 16:15:49,022 - INFO - PnL Net: 0.0034 | Scaled: 0.0056 | Turnover: 20.03% | Vol Scale: 1.65
2026-03-07 16:15:49,022 - INFO - 
============================================================
2026-03-07 16:15:49,022 - INFO - Running paper trading for 2025-08-05
2026-03-07 16:15:49,022 - INFO - ============================================================
2026-03-07 16:15:49,022 - INFO - Portfolio construction: 38 longs, 37 shorts (from 38 candidates)
2026-03-07 16:15:49,024 - INFO - Vol targeting: rolling_vol=0.0485, scale=1.6507
2026-03-07 16:15:49,024 - INFO - PnL Net: -0.0013 | Scaled: -0.0021 | Turnover: 19.43% | Vol Scale: 1.65
2026-03-07 16:15:49,024 - INFO - 
============================================================
2026-03-07 16:15:49,024 - INFO - Running paper trading for 2025-08-06
2026-03-07 16:15:49,024 - INFO - ============================================================
2026-03-07 16:15:49,024 - INFO - Portfolio construction: 38 longs, 38 shorts (from 38 candidates)
2026-03-07 16:15:49,025 - INFO - Vol targeting: rolling_vol=0.0472, scale=1.6961
2026-03-07 16:15:49,025 - INFO - PnL Net: -0.0009 | Scaled: -0.0016 | Turnover: 18.13% | Vol Scale: 1.70
2026-03-07 16:15:49,025 - INFO - 
============================================================
2026-03-07 16:15:49,025 - INFO - Running paper trading for 2025-08-07
2026-03-07 16:15:49,025 - INFO - ============================================================
2026-03-07 16:15:49,026 - INFO - Portfolio construction: 38 longs, 7 shorts (from 38 candidates)
2026-03-07 16:15:49,026 - INFO - Vol targeting: rolling_vol=0.0466, scale=1.7164
2026-03-07 16:15:49,026 - INFO - PnL Net: 0.0008 | Scaled: 0.0013 | Turnover: 20.31% | Vol Scale: 1.72
2026-03-07 16:15:49,026 - INFO - 
============================================================
2026-03-07 16:15:49,026 - INFO - Running paper trading for 2025-08-08
2026-03-07 16:15:49,026 - INFO - ============================================================
2026-03-07 16:15:49,027 - INFO - Portfolio construction: 38 longs, 8 shorts (from 38 candidates)
2026-03-07 16:15:49,028 - INFO - Vol targeting: rolling_vol=0.0467, scale=1.7135
2026-03-07 16:15:49,028 - WARNING - KS3 TRIGGERED: 60-day Sharpe -0.0651 < 0
2026-03-07 16:15:49,028 - INFO - PnL Net: -0.0013 | Scaled: -0.0022 | Turnover: 18.30% | Vol Scale: 1.71
2026-03-07 16:15:49,028 - INFO - 
============================================================
2026-03-07 16:15:49,028 - INFO - Running paper trading for 2025-08-11
2026-03-07 16:15:49,028 - INFO - ============================================================
2026-03-07 16:15:49,029 - INFO - Portfolio construction: 38 longs, 38 shorts (from 38 candidates)
2026-03-07 16:15:49,029 - INFO - Vol targeting: rolling_vol=0.0479, scale=1.6690
2026-03-07 16:15:49,029 - WARNING - KS3 TRIGGERED: 60-day Sharpe -0.0144 < 0
2026-03-07 16:15:49,029 - INFO - PnL Net: 0.0058 | Scaled: 0.0096 | Turnover: 15.45% | Vol Scale: 1.67
2026-03-07 16:15:49,029 - INFO - 
============================================================
2026-03-07 16:15:49,029 - INFO - Running paper trading for 2025-08-12
2026-03-07 16:15:49,029 - INFO - ============================================================
2026-03-07 16:15:49,030 - INFO - Portfolio construction: 38 longs, 38 shorts (from 38 candidates)
2026-03-07 16:15:49,030 - INFO - Vol targeting: rolling_vol=0.0574, scale=1.3933
2026-03-07 16:15:49,030 - INFO - PnL Net: 0.0093 | Scaled: 0.0129 | Turnover: 15.64% | Vol Scale: 1.39
2026-03-07 16:15:49,030 - INFO - 
============================================================
2026-03-07 16:15:49,031 - INFO - Running paper trading for 2025-08-13
2026-03-07 16:15:49,031 - INFO - ============================================================
2026-03-07 16:15:49,031 - INFO - Portfolio construction: 38 longs, 38 shorts (from 38 candidates)
2026-03-07 16:15:49,032 - INFO - Vol targeting: rolling_vol=0.0564, scale=1.4186
2026-03-07 16:15:49,033 - INFO - PnL Net: 0.0002 | Scaled: 0.0003 | Turnover: 20.87% | Vol Scale: 1.42
2026-03-07 16:15:49,033 - INFO - 
============================================================
2026-03-07 16:15:49,033 - INFO - Running paper trading for 2025-08-14
2026-03-07 16:15:49,033 - INFO - ============================================================
2026-03-07 16:15:49,034 - INFO - Portfolio construction: 38 longs, 38 shorts (from 38 candidates)
2026-03-07 16:15:49,034 - INFO - Vol targeting: rolling_vol=0.0564, scale=1.4190
2026-03-07 16:15:49,034 - INFO - PnL Net: 0.0010 | Scaled: 0.0014 | Turnover: 18.05% | Vol Scale: 1.42
2026-03-07 16:15:49,034 - INFO - 
============================================================
2026-03-07 16:15:49,034 - INFO - Running paper trading for 2025-08-15
2026-03-07 16:15:49,034 - INFO - ============================================================
2026-03-07 16:15:49,035 - INFO - Portfolio construction: 38 longs, 38 shorts (from 38 candidates)
2026-03-07 16:15:49,035 - INFO - Vol targeting: rolling_vol=0.0559, scale=1.4310
2026-03-07 16:15:49,035 - INFO - PnL Net: 0.0002 | Scaled: 0.0003 | Turnover: 19.70% | Vol Scale: 1.43
2026-03-07 16:15:49,035 - INFO - 
============================================================
2026-03-07 16:15:49,035 - INFO - Running paper trading for 2025-08-18
2026-03-07 16:15:49,035 - INFO - ============================================================
2026-03-07 16:15:49,036 - INFO - Portfolio construction: 38 longs, 38 shorts (from 38 candidates)
2026-03-07 16:15:49,037 - INFO - Vol targeting: rolling_vol=0.0515, scale=1.5525
2026-03-07 16:15:49,037 - INFO - PnL Net: 0.0024 | Scaled: 0.0038 | Turnover: 18.09% | Vol Scale: 1.55
2026-03-07 16:15:49,037 - INFO - 
============================================================
2026-03-07 16:15:49,037 - INFO - Running paper trading for 2025-08-19
2026-03-07 16:15:49,037 - INFO - ============================================================
2026-03-07 16:15:49,038 - INFO - Portfolio construction: 38 longs, 38 shorts (from 38 candidates)
2026-03-07 16:15:49,038 - INFO - Vol targeting: rolling_vol=0.0516, scale=1.5515
2026-03-07 16:15:49,038 - INFO - PnL Net: -0.0020 | Scaled: -0.0031 | Turnover: 16.60% | Vol Scale: 1.55
2026-03-07 16:15:49,038 - INFO - 
============================================================
2026-03-07 16:15:49,038 - INFO - Running paper trading for 2025-08-20
2026-03-07 16:15:49,038 - INFO - ============================================================
2026-03-07 16:15:49,039 - INFO - Portfolio construction: 38 longs, 38 shorts (from 38 candidates)
2026-03-07 16:15:49,039 - INFO - Vol targeting: rolling_vol=0.0510, scale=1.5694
2026-03-07 16:15:49,039 - INFO - PnL Net: -0.0015 | Scaled: -0.0024 | Turnover: 15.21% | Vol Scale: 1.57
2026-03-07 16:15:49,040 - INFO - 
============================================================
2026-03-07 16:15:49,040 - INFO - Running paper trading for 2025-08-21
2026-03-07 16:15:49,040 - INFO - ============================================================
2026-03-07 16:15:49,041 - INFO - Portfolio construction: 38 longs, 38 shorts (from 38 candidates)
2026-03-07 16:15:49,041 - INFO - Vol targeting: rolling_vol=0.0594, scale=1.3476
2026-03-07 16:15:49,041 - INFO - PnL Net: 0.0089 | Scaled: 0.0120 | Turnover: 16.82% | Vol Scale: 1.35
2026-03-07 16:15:49,041 - INFO - 
============================================================
2026-03-07 16:15:49,041 - INFO - Running paper trading for 2025-08-22
2026-03-07 16:15:49,041 - INFO - ============================================================
2026-03-07 16:15:49,042 - INFO - Portfolio construction: 38 longs, 38 shorts (from 38 candidates)
2026-03-07 16:15:49,042 - INFO - Vol targeting: rolling_vol=0.0605, scale=1.3221
2026-03-07 16:15:49,042 - INFO - PnL Net: -0.0044 | Scaled: -0.0058 | Turnover: 15.55% | Vol Scale: 1.32
2026-03-07 16:15:49,042 - INFO - 
============================================================
2026-03-07 16:15:49,042 - INFO - Running paper trading for 2025-08-25
2026-03-07 16:15:49,042 - INFO - ============================================================
2026-03-07 16:15:49,043 - INFO - Portfolio construction: 38 longs, 38 shorts (from 38 candidates)
2026-03-07 16:15:49,044 - INFO - Vol targeting: rolling_vol=0.0596, scale=1.3428
2026-03-07 16:15:49,044 - INFO - PnL Net: 0.0005 | Scaled: 0.0007 | Turnover: 15.86% | Vol Scale: 1.34
2026-03-07 16:15:49,044 - INFO - 
============================================================
2026-03-07 16:15:49,044 - INFO - Running paper trading for 2025-08-26
2026-03-07 16:15:49,044 - INFO - ============================================================
2026-03-07 16:15:49,044 - INFO - Portfolio construction: 38 longs, 38 shorts (from 38 candidates)
2026-03-07 16:15:49,044 - INFO - Vol targeting: rolling_vol=0.0583, scale=1.3725
2026-03-07 16:15:49,046 - INFO - PnL Net: 0.0005 | Scaled: 0.0007 | Turnover: 17.06% | Vol Scale: 1.37
2026-03-07 16:15:49,046 - INFO - 
============================================================
2026-03-07 16:15:49,046 - INFO - Running paper trading for 2025-08-27
2026-03-07 16:15:49,046 - INFO - ============================================================
2026-03-07 16:15:49,047 - INFO - Portfolio construction: 38 longs, 38 shorts (from 38 candidates)
2026-03-07 16:15:49,047 - INFO - Vol targeting: rolling_vol=0.0555, scale=1.4411
2026-03-07 16:15:49,047 - INFO - PnL Net: -0.0002 | Scaled: -0.0002 | Turnover: 17.80% | Vol Scale: 1.44
2026-03-07 16:15:49,047 - INFO - 
============================================================
2026-03-07 16:15:49,047 - INFO - Running paper trading for 2025-08-28
2026-03-07 16:15:49,047 - INFO - ============================================================
2026-03-07 16:15:49,049 - INFO - Portfolio construction: 38 longs, 38 shorts (from 38 candidates)
2026-03-07 16:15:49,049 - INFO - Vol targeting: rolling_vol=0.0530, scale=1.5091
2026-03-07 16:15:49,049 - INFO - PnL Net: 0.0003 | Scaled: 0.0004 | Turnover: 19.25% | Vol Scale: 1.51
2026-03-07 16:15:49,049 - INFO - 
============================================================
2026-03-07 16:15:49,049 - INFO - Running paper trading for 2025-08-29
2026-03-07 16:15:49,049 - INFO - ============================================================
2026-03-07 16:15:49,050 - INFO - Portfolio construction: 38 longs, 38 shorts (from 38 candidates)
2026-03-07 16:15:49,050 - INFO - Vol targeting: rolling_vol=0.0539, scale=1.4841
2026-03-07 16:15:49,051 - INFO - PnL Net: -0.0017 | Scaled: -0.0026 | Turnover: 15.06% | Vol Scale: 1.48
2026-03-07 16:15:49,051 - INFO - 
============================================================
2026-03-07 16:15:49,051 - INFO - Running paper trading for 2025-09-02
2026-03-07 16:15:49,051 - INFO - ============================================================
2026-03-07 16:15:49,052 - INFO - Portfolio construction: 38 longs, 38 shorts (from 38 candidates)
2026-03-07 16:15:49,052 - INFO - Vol targeting: rolling_vol=0.0542, scale=1.4760
2026-03-07 16:15:49,052 - INFO - PnL Net: -0.0021 | Scaled: -0.0031 | Turnover: 18.16% | Vol Scale: 1.48
2026-03-07 16:15:49,052 - INFO - 
============================================================
2026-03-07 16:15:49,052 - INFO - Running paper trading for 2025-09-03
2026-03-07 16:15:49,052 - INFO - ============================================================
2026-03-07 16:15:49,053 - INFO - Portfolio construction: 38 longs, 38 shorts (from 38 candidates)
2026-03-07 16:15:49,053 - INFO - Vol targeting: rolling_vol=0.0537, scale=1.4886
2026-03-07 16:15:49,053 - INFO - PnL Net: 0.0013 | Scaled: 0.0020 | Turnover: 17.78% | Vol Scale: 1.49
2026-03-07 16:15:49,053 - INFO - 
============================================================
2026-03-07 16:15:49,054 - INFO - Running paper trading for 2025-09-04
2026-03-07 16:15:49,054 - INFO - ============================================================
2026-03-07 16:15:49,055 - INFO - Portfolio construction: 38 longs, 38 shorts (from 38 candidates)
2026-03-07 16:15:49,055 - INFO - Vol targeting: rolling_vol=0.0534, scale=1.4994
2026-03-07 16:15:49,055 - INFO - PnL Net: 0.0012 | Scaled: 0.0019 | Turnover: 17.33% | Vol Scale: 1.50
2026-03-07 16:15:49,055 - INFO - 
============================================================
2026-03-07 16:15:49,055 - INFO - Running paper trading for 2025-09-05
2026-03-07 16:15:49,055 - INFO - ============================================================
2026-03-07 16:15:49,056 - INFO - Portfolio construction: 38 longs, 38 shorts (from 38 candidates)
2026-03-07 16:15:49,056 - INFO - Vol targeting: rolling_vol=0.0539, scale=1.4842
2026-03-07 16:15:49,056 - INFO - PnL Net: -0.0013 | Scaled: -0.0019 | Turnover: 20.00% | Vol Scale: 1.48
2026-03-07 16:15:49,056 - INFO - 
============================================================
2026-03-07 16:15:49,056 - INFO - Running paper trading for 2025-09-08
2026-03-07 16:15:49,056 - INFO - ============================================================
2026-03-07 16:15:49,057 - INFO - Portfolio construction: 38 longs, 38 shorts (from 38 candidates)
2026-03-07 16:15:49,057 - INFO - Vol targeting: rolling_vol=0.0535, scale=1.4949
2026-03-07 16:15:49,057 - INFO - PnL Net: -0.0003 | Scaled: -0.0004 | Turnover: 16.66% | Vol Scale: 1.49
2026-03-07 16:15:49,057 - INFO - 
============================================================
2026-03-07 16:15:49,057 - INFO - Running paper trading for 2025-09-09
2026-03-07 16:15:49,057 - INFO - ============================================================
2026-03-07 16:15:49,058 - INFO - Portfolio construction: 38 longs, 38 shorts (from 38 candidates)
2026-03-07 16:15:49,059 - INFO - Vol targeting: rolling_vol=0.0534, scale=1.4986
2026-03-07 16:15:49,059 - INFO - PnL Net: -0.0044 | Scaled: -0.0065 | Turnover: 17.19% | Vol Scale: 1.50
2026-03-07 16:15:49,059 - INFO - 
============================================================
2026-03-07 16:15:49,059 - INFO - Running paper trading for 2025-09-10
2026-03-07 16:15:49,059 - INFO - ============================================================
2026-03-07 16:15:49,060 - INFO - Portfolio construction: 38 longs, 38 shorts (from 38 candidates)
2026-03-07 16:15:49,060 - INFO - Vol targeting: rolling_vol=0.0448, scale=1.7844
2026-03-07 16:15:49,060 - INFO - PnL Net: 0.0040 | Scaled: 0.0072 | Turnover: 16.96% | Vol Scale: 1.78
2026-03-07 16:15:49,060 - INFO - 
============================================================
2026-03-07 16:15:49,060 - INFO - Running paper trading for 2025-09-11
2026-03-07 16:15:49,060 - INFO - ============================================================
2026-03-07 16:15:49,061 - INFO - Portfolio construction: 38 longs, 38 shorts (from 38 candidates)
2026-03-07 16:15:49,062 - INFO - Vol targeting: rolling_vol=0.0472, scale=1.6944
2026-03-07 16:15:49,062 - INFO - PnL Net: -0.0041 | Scaled: -0.0070 | Turnover: 17.39% | Vol Scale: 1.69
2026-03-07 16:15:49,062 - INFO - 
============================================================
2026-03-07 16:15:49,062 - INFO - Running paper trading for 2025-09-12
2026-03-07 16:15:49,062 - INFO - ============================================================
2026-03-07 16:15:49,063 - INFO - Portfolio construction: 38 longs, 38 shorts (from 38 candidates)
2026-03-07 16:15:49,063 - INFO - Vol targeting: rolling_vol=0.0475, scale=1.6830
2026-03-07 16:15:49,063 - INFO - PnL Net: -0.0021 | Scaled: -0.0035 | Turnover: 15.81% | Vol Scale: 1.68
2026-03-07 16:15:49,063 - INFO - 
============================================================
2026-03-07 16:15:49,063 - INFO - Running paper trading for 2025-09-15
2026-03-07 16:15:49,063 - INFO - ============================================================
2026-03-07 16:15:49,065 - INFO - Portfolio construction: 38 longs, 38 shorts (from 38 candidates)
2026-03-07 16:15:49,065 - INFO - Vol targeting: rolling_vol=0.0477, scale=1.6773
2026-03-07 16:15:49,065 - INFO - PnL Net: 0.0010 | Scaled: 0.0016 | Turnover: 18.17% | Vol Scale: 1.68
2026-03-07 16:15:49,065 - INFO - 
============================================================
2026-03-07 16:15:49,065 - INFO - Running paper trading for 2025-09-16
2026-03-07 16:15:49,065 - INFO - ============================================================
2026-03-07 16:15:49,065 - INFO - Portfolio construction: 38 longs, 38 shorts (from 38 candidates)
2026-03-07 16:15:49,066 - INFO - Vol targeting: rolling_vol=0.0469, scale=1.7072
2026-03-07 16:15:49,066 - INFO - PnL Net: 0.0006 | Scaled: 0.0011 | Turnover: 16.81% | Vol Scale: 1.71
2026-03-07 16:15:49,066 - INFO - 
============================================================
2026-03-07 16:15:49,066 - INFO - Running paper trading for 2025-09-17
2026-03-07 16:15:49,066 - INFO - ============================================================
2026-03-07 16:15:49,067 - INFO - Portfolio construction: 38 longs, 38 shorts (from 38 candidates)
2026-03-07 16:15:49,067 - INFO - Vol targeting: rolling_vol=0.0483, scale=1.6553
2026-03-07 16:15:49,067 - INFO - PnL Net: 0.0037 | Scaled: 0.0061 | Turnover: 15.39% | Vol Scale: 1.66
2026-03-07 16:15:49,067 - INFO - 
============================================================
2026-03-07 16:15:49,067 - INFO - Running paper trading for 2025-09-18
2026-03-07 16:15:49,067 - INFO - ============================================================
2026-03-07 16:15:49,068 - INFO - Portfolio construction: 38 longs, 38 shorts (from 38 candidates)
2026-03-07 16:15:49,069 - INFO - Vol targeting: rolling_vol=0.0490, scale=1.6323
2026-03-07 16:15:49,069 - INFO - PnL Net: -0.0028 | Scaled: -0.0045 | Turnover: 13.88% | Vol Scale: 1.63
2026-03-07 16:15:49,069 - INFO - 
============================================================
2026-03-07 16:15:49,069 - INFO - Running paper trading for 2025-09-19
2026-03-07 16:15:49,069 - INFO - ============================================================
2026-03-07 16:15:49,070 - INFO - Portfolio construction: 38 longs, 38 shorts (from 38 candidates)
2026-03-07 16:15:49,070 - INFO - Vol targeting: rolling_vol=0.0368, scale=2.0000
2026-03-07 16:15:49,070 - INFO - PnL Net: -0.0018 | Scaled: -0.0037 | Turnover: 14.15% | Vol Scale: 2.00
2026-03-07 16:15:49,070 - INFO - 
============================================================
2026-03-07 16:15:49,070 - INFO - Running paper trading for 2025-09-22
2026-03-07 16:15:49,070 - INFO - ============================================================
2026-03-07 16:15:49,071 - INFO - Portfolio construction: 38 longs, 38 shorts (from 38 candidates)
2026-03-07 16:15:49,071 - INFO - Vol targeting: rolling_vol=0.0347, scale=2.0000
2026-03-07 16:15:49,071 - INFO - PnL Net: -0.0022 | Scaled: -0.0044 | Turnover: 12.25% | Vol Scale: 2.00
2026-03-07 16:15:49,072 - INFO - 
============================================================
2026-03-07 16:15:49,072 - INFO - Running paper trading for 2025-09-23
2026-03-07 16:15:49,072 - INFO - ============================================================
2026-03-07 16:15:49,073 - INFO - Portfolio construction: 38 longs, 38 shorts (from 38 candidates)
2026-03-07 16:15:49,073 - INFO - Vol targeting: rolling_vol=0.0347, scale=2.0000
2026-03-07 16:15:49,073 - INFO - PnL Net: 0.0006 | Scaled: 0.0012 | Turnover: 11.55% | Vol Scale: 2.00
2026-03-07 16:15:49,073 - INFO - 
============================================================
2026-03-07 16:15:49,073 - INFO - Running paper trading for 2025-09-24
2026-03-07 16:15:49,073 - INFO - ============================================================
2026-03-07 16:15:49,074 - INFO - Portfolio construction: 38 longs, 38 shorts (from 38 candidates)
2026-03-07 16:15:49,075 - INFO - Vol targeting: rolling_vol=0.0370, scale=2.0000
2026-03-07 16:15:49,075 - WARNING - KS3 TRIGGERED: 60-day Sharpe -0.2339 < 0
2026-03-07 16:15:49,075 - INFO - PnL Net: -0.0044 | Scaled: -0.0087 | Turnover: 10.82% | Vol Scale: 2.00
2026-03-07 16:15:49,075 - INFO - 
============================================================
2026-03-07 16:15:49,075 - INFO - Running paper trading for 2025-09-25
2026-03-07 16:15:49,075 - INFO - ============================================================
2026-03-07 16:15:49,076 - INFO - Portfolio construction: 38 longs, 38 shorts (from 38 candidates)
2026-03-07 16:15:49,076 - INFO - Vol targeting: rolling_vol=0.0394, scale=2.0000
2026-03-07 16:15:49,076 - WARNING - KS3 TRIGGERED: 60-day Sharpe -0.0747 < 0
2026-03-07 16:15:49,076 - INFO - PnL Net: 0.0031 | Scaled: 0.0063 | Turnover: 11.32% | Vol Scale: 2.00
2026-03-07 16:15:49,076 - INFO - 
============================================================
2026-03-07 16:15:49,076 - INFO - Running paper trading for 2025-09-26
2026-03-07 16:15:49,076 - INFO - ============================================================
2026-03-07 16:15:49,077 - INFO - Portfolio construction: 38 longs, 38 shorts (from 38 candidates)
2026-03-07 16:15:49,077 - INFO - Vol targeting: rolling_vol=0.0396, scale=2.0000
2026-03-07 16:15:49,077 - WARNING - KS3 TRIGGERED: 60-day Sharpe -0.1133 < 0
2026-03-07 16:15:49,077 - INFO - PnL Net: 0.0009 | Scaled: 0.0019 | Turnover: 10.79% | Vol Scale: 2.00
2026-03-07 16:15:49,077 - INFO - 
============================================================
2026-03-07 16:15:49,077 - INFO - Running paper trading for 2025-09-29
2026-03-07 16:15:49,077 - INFO - ============================================================
2026-03-07 16:15:49,078 - INFO - Portfolio construction: 38 longs, 38 shorts (from 38 candidates)
2026-03-07 16:15:49,079 - INFO - Vol targeting: rolling_vol=0.0395, scale=2.0000
2026-03-07 16:15:49,079 - INFO - PnL Net: 0.0006 | Scaled: 0.0013 | Turnover: 18.78% | Vol Scale: 2.00
2026-03-07 16:15:49,079 - INFO - 
============================================================
2026-03-07 16:15:49,079 - INFO - Running paper trading for 2025-09-30
2026-03-07 16:15:49,079 - INFO - ============================================================
2026-03-07 16:15:49,080 - INFO - Portfolio construction: 38 longs, 38 shorts (from 38 candidates)
2026-03-07 16:15:49,081 - INFO - Vol targeting: rolling_vol=0.0394, scale=2.0000
2026-03-07 16:15:49,081 - INFO - PnL Net: 0.0013 | Scaled: 0.0026 | Turnover: 16.32% | Vol Scale: 2.00
2026-03-07 16:15:49,081 - INFO - 
============================================================
2026-03-07 16:15:49,081 - INFO - Running paper trading for 2025-10-01
2026-03-07 16:15:49,081 - INFO - ============================================================
2026-03-07 16:15:49,081 - INFO - Portfolio construction: 38 longs, 38 shorts (from 38 candidates)
2026-03-07 16:15:49,081 - INFO - Vol targeting: rolling_vol=0.0406, scale=1.9724
2026-03-07 16:15:49,082 - INFO - PnL Net: 0.0029 | Scaled: 0.0057 | Turnover: 13.62% | Vol Scale: 1.97
2026-03-07 16:15:49,082 - INFO - 
============================================================
2026-03-07 16:15:49,082 - INFO - Running paper trading for 2025-10-02
2026-03-07 16:15:49,082 - INFO - ============================================================
2026-03-07 16:15:49,083 - INFO - Portfolio construction: 38 longs, 38 shorts (from 38 candidates)
2026-03-07 16:15:49,083 - INFO - Vol targeting: rolling_vol=0.0415, scale=1.9257
2026-03-07 16:15:49,083 - INFO - PnL Net: 0.0028 | Scaled: 0.0053 | Turnover: 12.21% | Vol Scale: 1.93
2026-03-07 16:15:49,083 - INFO - 
============================================================
2026-03-07 16:15:49,083 - INFO - Running paper trading for 2025-10-03
2026-03-07 16:15:49,083 - INFO - ============================================================
2026-03-07 16:15:49,084 - INFO - Portfolio construction: 38 longs, 38 shorts (from 38 candidates)
2026-03-07 16:15:49,084 - INFO - Vol targeting: rolling_vol=0.0436, scale=1.8365
2026-03-07 16:15:49,084 - INFO - PnL Net: 0.0040 | Scaled: 0.0073 | Turnover: 10.49% | Vol Scale: 1.84
2026-03-07 16:15:49,084 - INFO - 
============================================================
2026-03-07 16:15:49,084 - INFO - Running paper trading for 2025-10-06
2026-03-07 16:15:49,084 - INFO - ============================================================
2026-03-07 16:15:49,085 - INFO - Portfolio construction: 38 longs, 38 shorts (from 38 candidates)
2026-03-07 16:15:49,086 - INFO - Vol targeting: rolling_vol=0.0440, scale=1.8163
2026-03-07 16:15:49,086 - INFO - PnL Net: -0.0017 | Scaled: -0.0032 | Turnover: 8.91% | Vol Scale: 1.82
2026-03-07 16:15:49,086 - INFO - 
============================================================
2026-03-07 16:15:49,086 - INFO - Running paper trading for 2025-10-07
2026-03-07 16:15:49,086 - INFO - ============================================================
2026-03-07 16:15:49,087 - INFO - Portfolio construction: 38 longs, 38 shorts (from 38 candidates)
2026-03-07 16:15:49,088 - INFO - Vol targeting: rolling_vol=0.0418, scale=1.9150
2026-03-07 16:15:49,088 - INFO - PnL Net: 0.0027 | Scaled: 0.0053 | Turnover: 7.62% | Vol Scale: 1.91
2026-03-07 16:15:49,088 - INFO - 
============================================================
2026-03-07 16:15:49,088 - INFO - Running paper trading for 2025-10-08
2026-03-07 16:15:49,088 - INFO - ============================================================
2026-03-07 16:15:49,089 - INFO - Portfolio construction: 38 longs, 38 shorts (from 38 candidates)
2026-03-07 16:15:49,089 - INFO - Vol targeting: rolling_vol=0.0400, scale=1.9984
2026-03-07 16:15:49,089 - INFO - PnL Net: -0.0012 | Scaled: -0.0024 | Turnover: 6.47% | Vol Scale: 2.00
2026-03-07 16:15:49,089 - INFO - 
============================================================
2026-03-07 16:15:49,089 - INFO - Running paper trading for 2025-10-09
2026-03-07 16:15:49,089 - INFO - ============================================================
2026-03-07 16:15:49,090 - INFO - Portfolio construction: 38 longs, 38 shorts (from 38 candidates)
2026-03-07 16:15:49,090 - INFO - Vol targeting: rolling_vol=0.0499, scale=1.6037
2026-03-07 16:15:49,090 - INFO - PnL Net: -0.0093 | Scaled: -0.0149 | Turnover: 6.11% | Vol Scale: 1.60
2026-03-07 16:15:49,091 - INFO - 
============================================================
2026-03-07 16:15:49,091 - INFO - Running paper trading for 2025-10-10
2026-03-07 16:15:49,091 - INFO - ============================================================
2026-03-07 16:15:49,092 - INFO - Portfolio construction: 38 longs, 38 shorts (from 38 candidates)
2026-03-07 16:15:49,092 - INFO - Vol targeting: rolling_vol=0.0501, scale=1.5958
2026-03-07 16:15:49,092 - INFO - PnL Net: 0.0026 | Scaled: 0.0041 | Turnover: 16.58% | Vol Scale: 1.60
2026-03-07 16:15:49,092 - INFO - 
============================================================
2026-03-07 16:15:49,092 - INFO - Running paper trading for 2025-10-13
2026-03-07 16:15:49,092 - INFO - ============================================================
2026-03-07 16:15:49,093 - INFO - Portfolio construction: 38 longs, 36 shorts (from 38 candidates)
2026-03-07 16:15:49,093 - INFO - Vol targeting: rolling_vol=0.0500, scale=1.5985
2026-03-07 16:15:49,093 - INFO - PnL Net: 0.0001 | Scaled: 0.0001 | Turnover: 21.87% | Vol Scale: 1.60
2026-03-07 16:15:49,093 - INFO - 
============================================================
2026-03-07 16:15:49,093 - INFO - Running paper trading for 2025-10-14
2026-03-07 16:15:49,093 - INFO - ============================================================
2026-03-07 16:15:49,094 - INFO - Portfolio construction: 38 longs, 38 shorts (from 38 candidates)
2026-03-07 16:15:49,095 - INFO - Vol targeting: rolling_vol=0.0503, scale=1.5894
2026-03-07 16:15:49,095 - INFO - PnL Net: 0.0017 | Scaled: 0.0028 | Turnover: 19.87% | Vol Scale: 1.59
2026-03-07 16:15:49,095 - INFO - 
============================================================
2026-03-07 16:15:49,095 - INFO - Running paper trading for 2025-10-15
2026-03-07 16:15:49,095 - INFO - ============================================================
2026-03-07 16:15:49,096 - INFO - Portfolio construction: 38 longs, 38 shorts (from 38 candidates)
2026-03-07 16:15:49,096 - INFO - Vol targeting: rolling_vol=0.0506, scale=1.5825
2026-03-07 16:15:49,096 - WARNING - KS3 TRIGGERED: 60-day Sharpe -0.2138 < 0
2026-03-07 16:15:49,097 - INFO - PnL Net: -0.0039 | Scaled: -0.0062 | Turnover: 19.76% | Vol Scale: 1.58
2026-03-07 16:15:49,097 - INFO - 
============================================================
2026-03-07 16:15:49,097 - INFO - Running paper trading for 2025-10-16
2026-03-07 16:15:49,097 - INFO - ============================================================
2026-03-07 16:15:49,098 - INFO - Portfolio construction: 38 longs, 38 shorts (from 38 candidates)
2026-03-07 16:15:49,098 - INFO - Vol targeting: rolling_vol=0.0497, scale=1.6093
2026-03-07 16:15:49,098 - INFO - PnL Net: 0.0004 | Scaled: 0.0006 | Turnover: 19.81% | Vol Scale: 1.61
2026-03-07 16:15:49,098 - INFO - 
============================================================
2026-03-07 16:15:49,098 - INFO - Running paper trading for 2025-10-17
2026-03-07 16:15:49,098 - INFO - ============================================================
2026-03-07 16:15:49,099 - INFO - Portfolio construction: 38 longs, 2 shorts (from 38 candidates)
2026-03-07 16:15:49,099 - INFO - Vol targeting: rolling_vol=0.0522, scale=1.5325
2026-03-07 16:15:49,100 - INFO - PnL Net: 0.0050 | Scaled: 0.0077 | Turnover: 21.18% | Vol Scale: 1.53
2026-03-07 16:15:49,100 - INFO - 
============================================================
2026-03-07 16:15:49,100 - INFO - Running paper trading for 2025-10-20
2026-03-07 16:15:49,100 - INFO - ============================================================
2026-03-07 16:15:49,101 - INFO - Portfolio construction: 38 longs, 38 shorts (from 38 candidates)
2026-03-07 16:15:49,101 - INFO - Vol targeting: rolling_vol=0.0521, scale=1.5369
2026-03-07 16:15:49,101 - INFO - PnL Net: 0.0028 | Scaled: 0.0043 | Turnover: 19.97% | Vol Scale: 1.54
2026-03-07 16:15:49,101 - INFO - 
============================================================
2026-03-07 16:15:49,101 - INFO - Running paper trading for 2025-10-21
2026-03-07 16:15:49,101 - INFO - ============================================================
2026-03-07 16:15:49,102 - INFO - Portfolio construction: 38 longs, 38 shorts (from 38 candidates)
2026-03-07 16:15:49,102 - INFO - Vol targeting: rolling_vol=0.0528, scale=1.5154
2026-03-07 16:15:49,102 - INFO - PnL Net: -0.0020 | Scaled: -0.0030 | Turnover: 17.75% | Vol Scale: 1.52
2026-03-07 16:15:49,102 - INFO - 
============================================================
2026-03-07 16:15:49,102 - INFO - Running paper trading for 2025-10-22
2026-03-07 16:15:49,102 - INFO - ============================================================
2026-03-07 16:15:49,103 - INFO - Portfolio construction: 38 longs, 38 shorts (from 38 candidates)
2026-03-07 16:15:49,104 - INFO - Vol targeting: rolling_vol=0.0516, scale=1.5499
2026-03-07 16:15:49,104 - INFO - PnL Net: 0.0046 | Scaled: 0.0071 | Turnover: 16.55% | Vol Scale: 1.55
2026-03-07 16:15:49,104 - INFO - 
============================================================
2026-03-07 16:15:49,104 - INFO - Running paper trading for 2025-10-23
2026-03-07 16:15:49,104 - INFO - ============================================================
2026-03-07 16:15:49,105 - INFO - Portfolio construction: 38 longs, 38 shorts (from 38 candidates)
2026-03-07 16:15:49,105 - INFO - Vol targeting: rolling_vol=0.0510, scale=1.5701
2026-03-07 16:15:49,105 - INFO - PnL Net: 0.0010 | Scaled: 0.0015 | Turnover: 18.04% | Vol Scale: 1.57
2026-03-07 16:15:49,105 - INFO - 
============================================================
2026-03-07 16:15:49,105 - INFO - Running paper trading for 2025-10-24
2026-03-07 16:15:49,105 - INFO - ============================================================
2026-03-07 16:15:49,106 - INFO - Portfolio construction: 38 longs, 38 shorts (from 38 candidates)
2026-03-07 16:15:49,106 - INFO - Vol targeting: rolling_vol=0.0511, scale=1.5665
2026-03-07 16:15:49,106 - INFO - PnL Net: 0.0018 | Scaled: 0.0028 | Turnover: 20.07% | Vol Scale: 1.57
2026-03-07 16:15:49,106 - INFO - 
============================================================
2026-03-07 16:15:49,106 - INFO - Running paper trading for 2025-10-27
2026-03-07 16:15:49,106 - INFO - ============================================================
2026-03-07 16:15:49,107 - INFO - Portfolio construction: 38 longs, 38 shorts (from 38 candidates)
2026-03-07 16:15:49,107 - INFO - Vol targeting: rolling_vol=0.0513, scale=1.5609
2026-03-07 16:15:49,108 - INFO - PnL Net: -0.0005 | Scaled: -0.0007 | Turnover: 20.20% | Vol Scale: 1.56
2026-03-07 16:15:49,108 - INFO - 
============================================================
2026-03-07 16:15:49,108 - INFO - Running paper trading for 2025-10-28
2026-03-07 16:15:49,108 - INFO - ============================================================
2026-03-07 16:15:49,109 - INFO - Portfolio construction: 38 longs, 38 shorts (from 38 candidates)
2026-03-07 16:15:49,109 - INFO - Vol targeting: rolling_vol=0.0516, scale=1.5503
2026-03-07 16:15:49,109 - INFO - PnL Net: -0.0011 | Scaled: -0.0017 | Turnover: 17.57% | Vol Scale: 1.55
2026-03-07 16:15:49,109 - INFO - 
============================================================
2026-03-07 16:15:49,109 - INFO - Running paper trading for 2025-10-29
2026-03-07 16:15:49,109 - INFO - ============================================================
2026-03-07 16:15:49,111 - INFO - Portfolio construction: 38 longs, 38 shorts (from 38 candidates)
2026-03-07 16:15:49,111 - INFO - Vol targeting: rolling_vol=0.0533, scale=1.4997
2026-03-07 16:15:49,111 - INFO - PnL Net: -0.0041 | Scaled: -0.0061 | Turnover: 16.24% | Vol Scale: 1.50
2026-03-07 16:15:49,111 - INFO - 
============================================================
2026-03-07 16:15:49,111 - INFO - Running paper trading for 2025-10-30
2026-03-07 16:15:49,111 - INFO - ============================================================
2026-03-07 16:15:49,112 - INFO - Portfolio construction: 38 longs, 38 shorts (from 38 candidates)
2026-03-07 16:15:49,112 - INFO - Vol targeting: rolling_vol=0.0529, scale=1.5111
2026-03-07 16:15:49,112 - INFO - PnL Net: 0.0019 | Scaled: 0.0029 | Turnover: 17.83% | Vol Scale: 1.51
2026-03-07 16:15:49,112 - INFO - 
============================================================
2026-03-07 16:15:49,112 - INFO - Running paper trading for 2025-10-31
2026-03-07 16:15:49,112 - INFO - ============================================================
2026-03-07 16:15:49,113 - INFO - Portfolio construction: 38 longs, 38 shorts (from 38 candidates)
2026-03-07 16:15:49,114 - INFO - Vol targeting: rolling_vol=0.0514, scale=1.5577
2026-03-07 16:15:49,114 - INFO - PnL Net: -0.0012 | Scaled: -0.0019 | Turnover: 17.75% | Vol Scale: 1.56
2026-03-07 16:15:49,114 - INFO - 
============================================================
2026-03-07 16:15:49,114 - INFO - Running paper trading for 2025-11-03
2026-03-07 16:15:49,114 - INFO - ============================================================
2026-03-07 16:15:49,115 - INFO - Portfolio construction: 38 longs, 38 shorts (from 38 candidates)
2026-03-07 16:15:49,115 - INFO - Vol targeting: rolling_vol=0.0532, scale=1.5032
2026-03-07 16:15:49,115 - INFO - PnL Net: -0.0044 | Scaled: -0.0065 | Turnover: 18.48% | Vol Scale: 1.50
2026-03-07 16:15:49,115 - INFO - 
============================================================
2026-03-07 16:15:49,115 - INFO - Running paper trading for 2025-11-04
2026-03-07 16:15:49,115 - INFO - ============================================================
2026-03-07 16:15:49,117 - INFO - Portfolio construction: 38 longs, 38 shorts (from 38 candidates)
2026-03-07 16:15:49,117 - INFO - Vol targeting: rolling_vol=0.0532, scale=1.5046
2026-03-07 16:15:49,117 - INFO - PnL Net: 0.0027 | Scaled: 0.0040 | Turnover: 18.50% | Vol Scale: 1.50
2026-03-07 16:15:49,117 - INFO - 
============================================================
2026-03-07 16:15:49,117 - INFO - Running paper trading for 2025-11-05
2026-03-07 16:15:49,117 - INFO - ============================================================
2026-03-07 16:15:49,118 - INFO - Portfolio construction: 38 longs, 38 shorts (from 38 candidates)
2026-03-07 16:15:49,118 - INFO - Vol targeting: rolling_vol=0.0556, scale=1.4381
2026-03-07 16:15:49,119 - WARNING - KS3 TRIGGERED: 60-day Sharpe -0.0205 < 0
2026-03-07 16:15:49,119 - INFO - PnL Net: -0.0050 | Scaled: -0.0071 | Turnover: 18.91% | Vol Scale: 1.44
2026-03-07 16:15:49,119 - INFO - 
============================================================
2026-03-07 16:15:49,119 - INFO - Running paper trading for 2025-11-06
2026-03-07 16:15:49,119 - INFO - ============================================================
2026-03-07 16:15:49,120 - INFO - Portfolio construction: 38 longs, 38 shorts (from 38 candidates)
2026-03-07 16:15:49,120 - INFO - Vol targeting: rolling_vol=0.0450, scale=1.7759
2026-03-07 16:15:49,120 - WARNING - KS3 TRIGGERED: 60-day Sharpe -0.0011 < 0
2026-03-07 16:15:49,120 - INFO - PnL Net: 0.0004 | Scaled: 0.0007 | Turnover: 19.27% | Vol Scale: 1.78
2026-03-07 16:15:49,120 - INFO - 
============================================================
2026-03-07 16:15:49,120 - INFO - Running paper trading for 2025-11-07
2026-03-07 16:15:49,120 - INFO - ============================================================
2026-03-07 16:15:49,121 - WARNING - No negative predictions for shorts - skipping short positions
2026-03-07 16:15:49,121 - INFO - Portfolio construction: 38 longs, 0 shorts (from 38 candidates)
2026-03-07 16:15:49,121 - INFO - Vol targeting: rolling_vol=0.0446, scale=1.7921
2026-03-07 16:15:49,121 - INFO - PnL Net: 0.0019 | Scaled: 0.0034 | Turnover: 13.18% | Vol Scale: 1.79
2026-03-07 16:15:49,121 - INFO - 
============================================================
2026-03-07 16:15:49,122 - INFO - Running paper trading for 2025-11-10
2026-03-07 16:15:49,122 - INFO - ============================================================
2026-03-07 16:15:49,122 - INFO - Portfolio construction: 38 longs, 38 shorts (from 38 candidates)
2026-03-07 16:15:49,123 - INFO - Vol targeting: rolling_vol=0.0454, scale=1.7634
2026-03-07 16:15:49,123 - INFO - PnL Net: 0.0024 | Scaled: 0.0043 | Turnover: 18.16% | Vol Scale: 1.76
2026-03-07 16:15:49,123 - INFO - 
============================================================
2026-03-07 16:15:49,123 - INFO - Running paper trading for 2025-11-11
2026-03-07 16:15:49,123 - INFO - ============================================================
2026-03-07 16:15:49,124 - INFO - Portfolio construction: 38 longs, 38 shorts (from 38 candidates)
2026-03-07 16:15:49,124 - INFO - Vol targeting: rolling_vol=0.0464, scale=1.7224
2026-03-07 16:15:49,124 - INFO - PnL Net: 0.0034 | Scaled: 0.0059 | Turnover: 16.31% | Vol Scale: 1.72
2026-03-07 16:15:49,124 - INFO - 
============================================================
2026-03-07 16:15:49,124 - INFO - Running paper trading for 2025-11-12
2026-03-07 16:15:49,124 - INFO - ============================================================
2026-03-07 16:15:49,125 - INFO - Portfolio construction: 38 longs, 38 shorts (from 38 candidates)
2026-03-07 16:15:49,125 - INFO - Vol targeting: rolling_vol=0.0448, scale=1.7861
2026-03-07 16:15:49,125 - INFO - PnL Net: -0.0022 | Scaled: -0.0039 | Turnover: 15.82% | Vol Scale: 1.79
2026-03-07 16:15:49,125 - INFO - 
============================================================
2026-03-07 16:15:49,125 - INFO - Running paper trading for 2025-11-13
2026-03-07 16:15:49,125 - INFO - ============================================================
2026-03-07 16:15:49,126 - INFO - Portfolio construction: 38 longs, 38 shorts (from 38 candidates)
2026-03-07 16:15:49,127 - INFO - Vol targeting: rolling_vol=0.0464, scale=1.7238
2026-03-07 16:15:49,127 - INFO - PnL Net: -0.0031 | Scaled: -0.0054 | Turnover: 17.53% | Vol Scale: 1.72
2026-03-07 16:15:49,127 - INFO - 
============================================================
2026-03-07 16:15:49,128 - INFO - Running paper trading for 2025-11-14
2026-03-07 16:15:49,128 - INFO - ============================================================
2026-03-07 16:15:49,128 - INFO - Portfolio construction: 38 longs, 38 shorts (from 38 candidates)
2026-03-07 16:15:49,129 - INFO - Vol targeting: rolling_vol=0.0494, scale=1.6195
2026-03-07 16:15:49,129 - WARNING - KS3 TRIGGERED: 60-day Sharpe -1.2139 < 0
2026-03-07 16:15:49,129 - INFO - PnL Net: -0.0071 | Scaled: -0.0114 | Turnover: 18.41% | Vol Scale: 1.62
2026-03-07 16:15:49,129 - INFO - 
============================================================
2026-03-07 16:15:49,129 - INFO - Running paper trading for 2025-11-17
2026-03-07 16:15:49,129 - INFO - ============================================================
2026-03-07 16:15:49,130 - INFO - Portfolio construction: 38 longs, 38 shorts (from 38 candidates)
2026-03-07 16:15:49,130 - INFO - Vol targeting: rolling_vol=0.0481, scale=1.6647
2026-03-07 16:15:49,130 - WARNING - KS3 TRIGGERED: 60-day Sharpe -0.9382 < 0
2026-03-07 16:15:49,130 - INFO - PnL Net: -0.0011 | Scaled: -0.0018 | Turnover: 18.60% | Vol Scale: 1.66
2026-03-07 16:15:49,130 - INFO - 
============================================================
2026-03-07 16:15:49,130 - INFO - Running paper trading for 2025-11-18
2026-03-07 16:15:49,130 - INFO - ============================================================
2026-03-07 16:15:49,131 - INFO - Portfolio construction: 38 longs, 38 shorts (from 38 candidates)
2026-03-07 16:15:49,132 - INFO - Vol targeting: rolling_vol=0.0478, scale=1.6738
2026-03-07 16:15:49,132 - WARNING - KS3 TRIGGERED: 60-day Sharpe -0.9945 < 0
2026-03-07 16:15:49,132 - INFO - PnL Net: -0.0001 | Scaled: -0.0002 | Turnover: 17.82% | Vol Scale: 1.67
2026-03-07 16:15:49,132 - INFO - 
============================================================
2026-03-07 16:15:49,132 - INFO - Running paper trading for 2025-11-19
2026-03-07 16:15:49,132 - INFO - ============================================================
2026-03-07 16:15:49,133 - INFO - Portfolio construction: 38 longs, 10 shorts (from 38 candidates)
2026-03-07 16:15:49,133 - INFO - Vol targeting: rolling_vol=0.0464, scale=1.7231
2026-03-07 16:15:49,133 - WARNING - KS3 TRIGGERED: 60-day Sharpe -1.4547 < 0
2026-03-07 16:15:49,133 - INFO - PnL Net: -0.0049 | Scaled: -0.0085 | Turnover: 20.34% | Vol Scale: 1.72
2026-03-07 16:15:49,133 - INFO - 
============================================================
2026-03-07 16:15:49,133 - INFO - Running paper trading for 2025-11-20
2026-03-07 16:15:49,133 - INFO - ============================================================
2026-03-07 16:15:49,134 - INFO - Portfolio construction: 38 longs, 4 shorts (from 38 candidates)
2026-03-07 16:15:49,134 - INFO - Vol targeting: rolling_vol=0.0537, scale=1.4897
2026-03-07 16:15:49,135 - WARNING - KS3 TRIGGERED: 60-day Sharpe -0.7805 < 0
2026-03-07 16:15:49,135 - INFO - PnL Net: 0.0070 | Scaled: 0.0104 | Turnover: 18.63% | Vol Scale: 1.49
2026-03-07 16:15:49,135 - INFO - 
============================================================
2026-03-07 16:15:49,135 - INFO - Running paper trading for 2025-11-21
2026-03-07 16:15:49,135 - INFO - ============================================================
2026-03-07 16:15:49,136 - WARNING - No negative predictions for shorts - skipping short positions
2026-03-07 16:15:49,136 - INFO - Portfolio construction: 38 longs, 0 shorts (from 38 candidates)
2026-03-07 16:15:49,136 - INFO - Vol targeting: rolling_vol=0.0544, scale=1.4711
2026-03-07 16:15:49,136 - WARNING - KS3 TRIGGERED: 60-day Sharpe -0.5647 < 0
2026-03-07 16:15:49,136 - INFO - PnL Net: 0.0028 | Scaled: 0.0041 | Turnover: 14.74% | Vol Scale: 1.47
2026-03-07 16:15:49,136 - INFO - 
============================================================
2026-03-07 16:15:49,136 - INFO - Running paper trading for 2025-11-24
2026-03-07 16:15:49,136 - INFO - ============================================================
2026-03-07 16:15:49,137 - INFO - Portfolio construction: 38 longs, 38 shorts (from 38 candidates)
2026-03-07 16:15:49,137 - INFO - Vol targeting: rolling_vol=0.0569, scale=1.4057
2026-03-07 16:15:49,137 - WARNING - KS3 TRIGGERED: 60-day Sharpe -0.0606 < 0
2026-03-07 16:15:49,137 - INFO - PnL Net: 0.0042 | Scaled: 0.0060 | Turnover: 18.63% | Vol Scale: 1.41
2026-03-07 16:15:49,138 - INFO - 
============================================================
2026-03-07 16:15:49,138 - INFO - Running paper trading for 2025-11-25
2026-03-07 16:15:49,138 - INFO - ============================================================
2026-03-07 16:15:49,138 - INFO - Portfolio construction: 38 longs, 29 shorts (from 38 candidates)
2026-03-07 16:15:49,138 - INFO - Vol targeting: rolling_vol=0.0582, scale=1.3744
2026-03-07 16:15:49,138 - INFO - PnL Net: 0.0033 | Scaled: 0.0045 | Turnover: 16.83% | Vol Scale: 1.37
2026-03-07 16:15:49,139 - INFO - 
============================================================
2026-03-07 16:15:49,139 - INFO - Running paper trading for 2025-11-26
2026-03-07 16:15:49,139 - INFO - ============================================================
2026-03-07 16:15:49,140 - INFO - Portfolio construction: 38 longs, 38 shorts (from 38 candidates)
2026-03-07 16:15:49,140 - INFO - Vol targeting: rolling_vol=0.0572, scale=1.3978
2026-03-07 16:15:49,140 - INFO - PnL Net: 0.0028 | Scaled: 0.0039 | Turnover: 19.67% | Vol Scale: 1.40
2026-03-07 16:15:49,140 - INFO - 
============================================================
2026-03-07 16:15:49,140 - INFO - Running paper trading for 2025-11-28
2026-03-07 16:15:49,140 - INFO - ============================================================
2026-03-07 16:15:49,141 - INFO - Portfolio construction: 38 longs, 38 shorts (from 38 candidates)
2026-03-07 16:15:49,141 - INFO - Vol targeting: rolling_vol=0.0570, scale=1.4044
2026-03-07 16:15:49,141 - INFO - PnL Net: -0.0008 | Scaled: -0.0011 | Turnover: 18.71% | Vol Scale: 1.40
2026-03-07 16:15:49,141 - INFO - 
============================================================
2026-03-07 16:15:49,141 - INFO - Running paper trading for 2025-12-01
2026-03-07 16:15:49,141 - INFO - ============================================================
2026-03-07 16:15:49,143 - INFO - Portfolio construction: 38 longs, 38 shorts (from 38 candidates)
2026-03-07 16:15:49,143 - INFO - Vol targeting: rolling_vol=0.0577, scale=1.3855
2026-03-07 16:15:49,143 - INFO - PnL Net: 0.0032 | Scaled: 0.0044 | Turnover: 17.87% | Vol Scale: 1.39
2026-03-07 16:15:49,143 - INFO - 
============================================================
2026-03-07 16:15:49,143 - INFO - Running paper trading for 2025-12-02
2026-03-07 16:15:49,143 - INFO - ============================================================
2026-03-07 16:15:49,144 - INFO - Portfolio construction: 38 longs, 38 shorts (from 38 candidates)
2026-03-07 16:15:49,145 - INFO - Vol targeting: rolling_vol=0.0579, scale=1.3813
2026-03-07 16:15:49,145 - INFO - PnL Net: 0.0056 | Scaled: 0.0077 | Turnover: 20.20% | Vol Scale: 1.38
2026-03-07 16:15:49,145 - INFO - 
============================================================
2026-03-07 16:15:49,145 - INFO - Running paper trading for 2025-12-03
2026-03-07 16:15:49,145 - INFO - ============================================================
2026-03-07 16:15:49,146 - INFO - Portfolio construction: 38 longs, 38 shorts (from 38 candidates)
2026-03-07 16:15:49,146 - INFO - Vol targeting: rolling_vol=0.0576, scale=1.3891
2026-03-07 16:15:49,146 - INFO - PnL Net: -0.0002 | Scaled: -0.0003 | Turnover: 19.11% | Vol Scale: 1.39
2026-03-07 16:15:49,146 - INFO - 
============================================================
2026-03-07 16:15:49,146 - INFO - Running paper trading for 2025-12-04
2026-03-07 16:15:49,146 - INFO - ============================================================
2026-03-07 16:15:49,147 - INFO - Portfolio construction: 38 longs, 3 shorts (from 38 candidates)
2026-03-07 16:15:49,147 - INFO - Vol targeting: rolling_vol=0.0539, scale=1.4845
2026-03-07 16:15:49,148 - INFO - PnL Net: 0.0005 | Scaled: 0.0008 | Turnover: 19.09% | Vol Scale: 1.48
2026-03-07 16:15:49,148 - INFO - 
============================================================
2026-03-07 16:15:49,148 - INFO - Running paper trading for 2025-12-05
2026-03-07 16:15:49,148 - INFO - ============================================================
2026-03-07 16:15:49,148 - INFO - Portfolio construction: 38 longs, 2 shorts (from 38 candidates)
2026-03-07 16:15:49,148 - INFO - Vol targeting: rolling_vol=0.0571, scale=1.4018
2026-03-07 16:15:49,149 - INFO - PnL Net: -0.0045 | Scaled: -0.0063 | Turnover: 19.14% | Vol Scale: 1.40
2026-03-07 16:15:49,149 - INFO - 
============================================================
2026-03-07 16:15:49,149 - INFO - Running paper trading for 2025-12-08
2026-03-07 16:15:49,149 - INFO - ============================================================
2026-03-07 16:15:49,150 - WARNING - No negative predictions for shorts - skipping short positions
2026-03-07 16:15:49,150 - INFO - Portfolio construction: 38 longs, 0 shorts (from 38 candidates)
2026-03-07 16:15:49,150 - INFO - Vol targeting: rolling_vol=0.0570, scale=1.4030
2026-03-07 16:15:49,150 - INFO - PnL Net: -0.0005 | Scaled: -0.0008 | Turnover: 15.68% | Vol Scale: 1.40
2026-03-07 16:15:49,150 - INFO - 
============================================================
2026-03-07 16:15:49,150 - INFO - Running paper trading for 2025-12-09
2026-03-07 16:15:49,150 - INFO - ============================================================
2026-03-07 16:15:49,151 - INFO - Portfolio construction: 38 longs, 2 shorts (from 38 candidates)
2026-03-07 16:15:49,151 - INFO - Vol targeting: rolling_vol=0.0607, scale=1.3183
2026-03-07 16:15:49,151 - INFO - PnL Net: 0.0068 | Scaled: 0.0089 | Turnover: 18.84% | Vol Scale: 1.32
2026-03-07 16:15:49,151 - INFO - 
============================================================
2026-03-07 16:15:49,152 - INFO - Running paper trading for 2025-12-10
2026-03-07 16:15:49,152 - INFO - ============================================================
2026-03-07 16:15:49,152 - WARNING - No negative predictions for shorts - skipping short positions
2026-03-07 16:15:49,153 - INFO - Portfolio construction: 38 longs, 0 shorts (from 38 candidates)
2026-03-07 16:15:49,153 - INFO - Vol targeting: rolling_vol=0.0675, scale=1.1847
2026-03-07 16:15:49,153 - INFO - PnL Net: 0.0096 | Scaled: 0.0114 | Turnover: 13.56% | Vol Scale: 1.18
2026-03-07 16:15:49,153 - INFO - 
============================================================
2026-03-07 16:15:49,153 - INFO - Running paper trading for 2025-12-11
2026-03-07 16:15:49,153 - INFO - ============================================================
2026-03-07 16:15:49,154 - INFO - Portfolio construction: 38 longs, 38 shorts (from 38 candidates)
2026-03-07 16:15:49,154 - INFO - Vol targeting: rolling_vol=0.0665, scale=1.2031
2026-03-07 16:15:49,154 - INFO - PnL Net: 0.0011 | Scaled: 0.0013 | Turnover: 17.58% | Vol Scale: 1.20
2026-03-07 16:15:49,154 - INFO - 
============================================================
2026-03-07 16:15:49,154 - INFO - Running paper trading for 2025-12-12
2026-03-07 16:15:49,154 - INFO - ============================================================
2026-03-07 16:15:49,155 - INFO - Portfolio construction: 38 longs, 38 shorts (from 38 candidates)
2026-03-07 16:15:49,156 - INFO - Vol targeting: rolling_vol=0.0646, scale=1.2379
2026-03-07 16:15:49,156 - INFO - PnL Net: 0.0020 | Scaled: 0.0025 | Turnover: 20.65% | Vol Scale: 1.24
2026-03-07 16:15:49,156 - INFO - 
============================================================
2026-03-07 16:15:49,156 - INFO - Running paper trading for 2025-12-15
2026-03-07 16:15:49,156 - INFO - ============================================================
2026-03-07 16:15:49,157 - INFO - Portfolio construction: 38 longs, 38 shorts (from 38 candidates)
2026-03-07 16:15:49,157 - INFO - Vol targeting: rolling_vol=0.0592, scale=1.3522
2026-03-07 16:15:49,157 - INFO - PnL Net: -0.0030 | Scaled: -0.0041 | Turnover: 19.78% | Vol Scale: 1.35
2026-03-07 16:15:49,157 - INFO - 
============================================================
2026-03-07 16:15:49,157 - INFO - Running paper trading for 2025-12-16
2026-03-07 16:15:49,157 - INFO - ============================================================
2026-03-07 16:15:49,159 - INFO - Portfolio construction: 38 longs, 38 shorts (from 38 candidates)
2026-03-07 16:15:49,159 - INFO - Vol targeting: rolling_vol=0.0591, scale=1.3527
2026-03-07 16:15:49,159 - INFO - PnL Net: -0.0011 | Scaled: -0.0014 | Turnover: 18.63% | Vol Scale: 1.35
2026-03-07 16:15:49,159 - INFO - 
============================================================
2026-03-07 16:15:49,159 - INFO - Running paper trading for 2025-12-17
2026-03-07 16:15:49,159 - INFO - ============================================================
2026-03-07 16:15:49,160 - INFO - Portfolio construction: 38 longs, 38 shorts (from 38 candidates)
2026-03-07 16:15:49,161 - INFO - Vol targeting: rolling_vol=0.0590, scale=1.3570
2026-03-07 16:15:49,161 - INFO - PnL Net: 0.0005 | Scaled: 0.0007 | Turnover: 18.11% | Vol Scale: 1.36
2026-03-07 16:15:49,161 - INFO - 
============================================================
2026-03-07 16:15:49,161 - INFO - Running paper trading for 2025-12-18
2026-03-07 16:15:49,161 - INFO - ============================================================
2026-03-07 16:15:49,162 - INFO - Portfolio construction: 38 longs, 38 shorts (from 38 candidates)
2026-03-07 16:15:49,162 - INFO - Vol targeting: rolling_vol=0.0538, scale=1.4865
2026-03-07 16:15:49,162 - INFO - PnL Net: 0.0014 | Scaled: 0.0021 | Turnover: 15.89% | Vol Scale: 1.49
2026-03-07 16:15:49,162 - INFO - 
============================================================
2026-03-07 16:15:49,162 - INFO - Running paper trading for 2025-12-19
2026-03-07 16:15:49,162 - INFO - ============================================================
2026-03-07 16:15:49,163 - INFO - Portfolio construction: 38 longs, 38 shorts (from 38 candidates)
2026-03-07 16:15:49,164 - INFO - Vol targeting: rolling_vol=0.0508, scale=1.5738
2026-03-07 16:15:49,164 - INFO - PnL Net: 0.0029 | Scaled: 0.0046 | Turnover: 15.26% | Vol Scale: 1.57
2026-03-07 16:15:49,164 - INFO - 
============================================================
2026-03-07 16:15:49,164 - INFO - Running paper trading for 2025-12-22
2026-03-07 16:15:49,164 - INFO - ============================================================
2026-03-07 16:15:49,165 - INFO - Portfolio construction: 38 longs, 38 shorts (from 38 candidates)
2026-03-07 16:15:49,165 - INFO - Vol targeting: rolling_vol=0.0516, scale=1.5517
2026-03-07 16:15:49,165 - INFO - PnL Net: -0.0009 | Scaled: -0.0014 | Turnover: 16.20% | Vol Scale: 1.55
2026-03-07 16:15:49,165 - INFO - 
============================================================
2026-03-07 16:15:49,165 - INFO - Running paper trading for 2025-12-23
2026-03-07 16:15:49,165 - INFO - ============================================================
2026-03-07 16:15:49,166 - INFO - Portfolio construction: 38 longs, 38 shorts (from 38 candidates)
2026-03-07 16:15:49,166 - INFO - Vol targeting: rolling_vol=0.0507, scale=1.5785
2026-03-07 16:15:49,166 - INFO - PnL Net: 0.0014 | Scaled: 0.0022 | Turnover: 18.49% | Vol Scale: 1.58
2026-03-07 16:15:49,166 - INFO - 
============================================================
2026-03-07 16:15:49,166 - INFO - Running paper trading for 2025-12-24
2026-03-07 16:15:49,166 - INFO - ============================================================
2026-03-07 16:15:49,167 - INFO - Portfolio construction: 38 longs, 38 shorts (from 38 candidates)
2026-03-07 16:15:49,168 - INFO - Vol targeting: rolling_vol=0.0504, scale=1.5889
2026-03-07 16:15:49,168 - INFO - PnL Net: 0.0005 | Scaled: 0.0008 | Turnover: 17.12% | Vol Scale: 1.59
2026-03-07 16:15:49,168 - INFO - 
============================================================
2026-03-07 16:15:49,168 - INFO - Running paper trading for 2025-12-26
2026-03-07 16:15:49,168 - INFO - ============================================================
2026-03-07 16:15:49,169 - INFO - Portfolio construction: 38 longs, 38 shorts (from 38 candidates)
2026-03-07 16:15:49,169 - INFO - Vol targeting: rolling_vol=0.0515, scale=1.5540
2026-03-07 16:15:49,169 - INFO - PnL Net: -0.0022 | Scaled: -0.0034 | Turnover: 16.78% | Vol Scale: 1.55
2026-03-07 16:15:49,169 - INFO - 
============================================================
2026-03-07 16:15:49,169 - INFO - Running paper trading for 2025-12-29
2026-03-07 16:15:49,169 - INFO - ============================================================
2026-03-07 16:15:49,170 - INFO - Portfolio construction: 38 longs, 38 shorts (from 38 candidates)
2026-03-07 16:15:49,170 - INFO - Vol targeting: rolling_vol=0.0514, scale=1.5572
2026-03-07 16:15:49,170 - INFO - PnL Net: -0.0006 | Scaled: -0.0009 | Turnover: 15.33% | Vol Scale: 1.56
2026-03-07 16:15:49,170 - INFO - 
============================================================
2026-03-07 16:15:49,170 - INFO - Running paper trading for 2026-02-06
2026-03-07 16:15:49,170 - INFO - ============================================================
2026-03-07 16:15:49,171 - INFO - Portfolio construction: 38 longs, 38 shorts (from 38 candidates)
2026-03-07 16:15:49,171 - INFO - Vol targeting: rolling_vol=0.0513, scale=1.5602
2026-03-07 16:15:49,171 - INFO - PnL Net: -0.0009 | Scaled: -0.0014 | Turnover: 21.13% | Vol Scale: 1.56
2026-03-07 16:15:49,172 - INFO - 
============================================================
2026-03-07 16:15:49,172 - INFO - Running paper trading for 2026-02-09
2026-03-07 16:15:49,172 - INFO - ============================================================
2026-03-07 16:15:49,173 - INFO - Portfolio construction: 38 longs, 38 shorts (from 38 candidates)
2026-03-07 16:15:49,173 - INFO - Vol targeting: rolling_vol=0.0485, scale=1.6506
2026-03-07 16:15:49,174 - INFO - PnL Net: -0.0001 | Scaled: -0.0001 | Turnover: 18.54% | Vol Scale: 1.65
2026-03-07 16:15:49,174 - INFO - 
============================================================
2026-03-07 16:15:49,174 - INFO - Running paper trading for 2026-02-10
2026-03-07 16:15:49,174 - INFO - ============================================================
2026-03-07 16:15:49,175 - INFO - Portfolio construction: 38 longs, 38 shorts (from 38 candidates)
2026-03-07 16:15:49,175 - INFO - Vol targeting: rolling_vol=0.0499, scale=1.6039
2026-03-07 16:15:49,175 - INFO - PnL Net: -0.0028 | Scaled: -0.0046 | Turnover: 16.26% | Vol Scale: 1.60
2026-03-07 16:15:49,175 - INFO - 
============================================================
2026-03-07 16:15:49,175 - INFO - Running paper trading for 2026-02-11
2026-03-07 16:15:49,175 - INFO - ============================================================
2026-03-07 16:15:49,176 - INFO - Portfolio construction: 38 longs, 38 shorts (from 38 candidates)
2026-03-07 16:15:49,176 - INFO - Vol targeting: rolling_vol=0.0606, scale=1.3194
2026-03-07 16:15:49,176 - INFO - PnL Net: -0.0095 | Scaled: -0.0125 | Turnover: 14.12% | Vol Scale: 1.32
2026-03-07 16:15:49,176 - INFO - 
============================================================
2026-03-07 16:15:49,176 - INFO - Running paper trading for 2026-02-12
2026-03-07 16:15:49,176 - INFO - ============================================================
2026-03-07 16:15:49,177 - INFO - Portfolio construction: 38 longs, 38 shorts (from 38 candidates)
2026-03-07 16:15:49,177 - INFO - Vol targeting: rolling_vol=0.0586, scale=1.3651
2026-03-07 16:15:49,177 - INFO - PnL Net: 0.0018 | Scaled: 0.0025 | Turnover: 12.15% | Vol Scale: 1.37
2026-03-07 16:15:49,177 - INFO - 
============================================================
2026-03-07 16:15:49,177 - INFO - Running paper trading for 2026-02-13
2026-03-07 16:15:49,177 - INFO - ============================================================
2026-03-07 16:15:49,179 - INFO - Portfolio construction: 38 longs, 38 shorts (from 38 candidates)
2026-03-07 16:15:49,179 - INFO - Vol targeting: rolling_vol=0.0585, scale=1.3670
2026-03-07 16:15:49,179 - INFO - PnL Net: 0.0002 | Scaled: 0.0003 | Turnover: 11.86% | Vol Scale: 1.37
2026-03-07 16:15:49,179 - INFO - 
============================================================
2026-03-07 16:15:49,179 - INFO - Running paper trading for 2026-02-17
2026-03-07 16:15:49,179 - INFO - ============================================================
2026-03-07 16:15:49,180 - INFO - Portfolio construction: 38 longs, 38 shorts (from 38 candidates)
2026-03-07 16:15:49,181 - INFO - Vol targeting: rolling_vol=0.0546, scale=1.4658
2026-03-07 16:15:49,181 - INFO - PnL Net: 0.0029 | Scaled: 0.0042 | Turnover: 10.41% | Vol Scale: 1.47
2026-03-07 16:15:49,181 - INFO - 
============================================================
2026-03-07 16:15:49,181 - INFO - Running paper trading for 2026-02-18
2026-03-07 16:15:49,181 - INFO - ============================================================
2026-03-07 16:15:49,182 - INFO - Portfolio construction: 38 longs, 38 shorts (from 38 candidates)
2026-03-07 16:15:49,182 - INFO - Vol targeting: rolling_vol=0.0428, scale=1.8675
2026-03-07 16:15:49,182 - INFO - PnL Net: -0.0022 | Scaled: -0.0041 | Turnover: 8.78% | Vol Scale: 1.87
2026-03-07 16:15:49,182 - INFO - 
============================================================
2026-03-07 16:15:49,182 - INFO - Running paper trading for 2026-02-19
2026-03-07 16:15:49,182 - INFO - ============================================================
2026-03-07 16:15:49,183 - INFO - Portfolio construction: 38 longs, 38 shorts (from 38 candidates)
2026-03-07 16:15:49,183 - INFO - Vol targeting: rolling_vol=0.0425, scale=1.8807
2026-03-07 16:15:49,184 - INFO - PnL Net: 0.0001 | Scaled: 0.0003 | Turnover: 7.95% | Vol Scale: 1.88
2026-03-07 16:15:49,184 - INFO - 
============================================================
2026-03-07 16:15:49,184 - INFO - Running paper trading for 2026-02-20
2026-03-07 16:15:49,184 - INFO - ============================================================
2026-03-07 16:15:49,185 - INFO - Portfolio construction: 38 longs, 38 shorts (from 38 candidates)
2026-03-07 16:15:49,185 - INFO - Vol targeting: rolling_vol=0.0467, scale=1.7140
2026-03-07 16:15:49,185 - INFO - PnL Net: -0.0068 | Scaled: -0.0116 | Turnover: 7.97% | Vol Scale: 1.71
2026-03-07 16:15:49,185 - INFO - 
============================================================
2026-03-07 16:15:49,185 - INFO - Running paper trading for 2026-02-23
2026-03-07 16:15:49,185 - INFO - ============================================================
2026-03-07 16:15:49,186 - INFO - Portfolio construction: 38 longs, 38 shorts (from 38 candidates)
2026-03-07 16:15:49,186 - INFO - Vol targeting: rolling_vol=0.0518, scale=1.5453
2026-03-07 16:15:49,186 - INFO - PnL Net: 0.0060 | Scaled: 0.0093 | Turnover: 7.07% | Vol Scale: 1.55
2026-03-07 16:15:49,186 - INFO - 
============================================================
2026-03-07 16:15:49,186 - INFO - Running paper trading for 2026-02-24
2026-03-07 16:15:49,186 - INFO - ============================================================
2026-03-07 16:15:49,187 - INFO - Portfolio construction: 38 longs, 38 shorts (from 38 candidates)
2026-03-07 16:15:49,188 - INFO - Vol targeting: rolling_vol=0.0565, scale=1.4169
2026-03-07 16:15:49,188 - INFO - PnL Net: 0.0061 | Scaled: 0.0087 | Turnover: 6.89% | Vol Scale: 1.42
2026-03-07 16:15:49,188 - INFO - 
============================================================
2026-03-07 16:15:49,188 - INFO - Running paper trading for 2026-02-25
2026-03-07 16:15:49,188 - INFO - ============================================================
2026-03-07 16:15:49,189 - INFO - Portfolio construction: 38 longs, 38 shorts (from 38 candidates)
2026-03-07 16:15:49,189 - INFO - Vol targeting: rolling_vol=0.0566, scale=1.4144
2026-03-07 16:15:49,190 - INFO - PnL Net: -0.0013 | Scaled: -0.0018 | Turnover: 6.04% | Vol Scale: 1.41
2026-03-07 16:15:49,190 - INFO - 
============================================================
2026-03-07 16:15:49,190 - INFO - Running paper trading for 2026-02-26
2026-03-07 16:15:49,190 - INFO - ============================================================
2026-03-07 16:15:49,191 - INFO - Portfolio construction: 38 longs, 38 shorts (from 38 candidates)
2026-03-07 16:15:49,191 - INFO - Vol targeting: rolling_vol=0.0588, scale=1.3597
2026-03-07 16:15:49,191 - INFO - PnL Net: -0.0052 | Scaled: -0.0071 | Turnover: 5.70% | Vol Scale: 1.36
2026-03-07 16:15:49,191 - INFO - 
============================================================
2026-03-07 16:15:49,191 - INFO - Running paper trading for 2026-02-27
2026-03-07 16:15:49,191 - INFO - ============================================================
2026-03-07 16:15:49,192 - INFO - Portfolio construction: 38 longs, 38 shorts (from 38 candidates)
2026-03-07 16:15:49,192 - INFO - Vol targeting: rolling_vol=0.0578, scale=1.3844
2026-03-07 16:15:49,192 - INFO - PnL Net: -0.0023 | Scaled: -0.0032 | Turnover: 5.32% | Vol Scale: 1.38
2026-03-07 16:15:49,192 - INFO - 
============================================================
2026-03-07 16:15:49,192 - INFO - Running paper trading for 2026-03-02
2026-03-07 16:15:49,192 - INFO - ============================================================
2026-03-07 16:15:49,193 - INFO - Portfolio construction: 38 longs, 38 shorts (from 38 candidates)
2026-03-07 16:15:49,194 - INFO - Vol targeting: rolling_vol=0.0580, scale=1.3792
2026-03-07 16:15:49,194 - INFO - PnL Net: -0.0022 | Scaled: -0.0031 | Turnover: 5.00% | Vol Scale: 1.38
2026-03-07 16:15:49,194 - INFO - 
============================================================
2026-03-07 16:15:49,194 - INFO - Running paper trading for 2026-03-03
2026-03-07 16:15:49,194 - INFO - ============================================================
2026-03-07 16:15:49,195 - INFO - Portfolio construction: 38 longs, 38 shorts (from 38 candidates)
2026-03-07 16:15:49,195 - INFO - Vol targeting: rolling_vol=0.0602, scale=1.3294
2026-03-07 16:15:49,195 - INFO - PnL Net: 0.0042 | Scaled: 0.0056 | Turnover: 5.60% | Vol Scale: 1.33
2026-03-07 16:15:49,195 - INFO - 
============================================================
2026-03-07 16:15:49,195 - INFO - Running paper trading for 2026-03-04
2026-03-07 16:15:49,195 - INFO - ============================================================
2026-03-07 16:15:49,196 - INFO - Portfolio construction: 38 longs, 38 shorts (from 38 candidates)
2026-03-07 16:15:49,196 - INFO - Vol targeting: rolling_vol=0.0613, scale=1.3057
2026-03-07 16:15:49,197 - INFO - PnL Net: 0.0028 | Scaled: 0.0037 | Turnover: 4.87% | Vol Scale: 1.31
2026-03-07 16:15:49,197 - INFO - 
============================================================
2026-03-07 16:15:49,197 - INFO - Running paper trading for 2026-03-05
2026-03-07 16:15:49,197 - INFO - ============================================================
2026-03-07 16:15:49,198 - INFO - Portfolio construction: 38 longs, 38 shorts (from 38 candidates)
2026-03-07 16:15:49,198 - INFO - Vol targeting: rolling_vol=0.0623, scale=1.2832
2026-03-07 16:15:49,198 - INFO - PnL Net: -0.0042 | Scaled: -0.0054 | Turnover: 4.08% | Vol Scale: 1.28
2026-03-07 16:15:49,200 - INFO - Saved daily results to C:\Users\luixj\AI\stock-data\data\processed\phase4\phase4_paper_trading_daily.parquet
2026-03-07 16:15:49,201 - INFO - Saved summary to C:\Users\luixj\AI\stock-data\data\processed\phase4\phase4_paper_trading_summary.json
2026-03-07 16:15:49,201 - INFO - 
============================================================
2026-03-07 16:15:49,201 - INFO - PAPER TRADING SUMMARY
2026-03-07 16:15:49,201 - INFO - ============================================================
2026-03-07 16:15:49,201 - INFO - Trading Days: 207
2026-03-07 16:15:49,201 - INFO - 
RAW PERFORMANCE (no vol targeting):
2026-03-07 16:15:49,201 - INFO -   Sharpe Ratio: 0.98
2026-03-07 16:15:49,201 - INFO -   Annual Return: 7.07%
2026-03-07 16:15:49,201 - INFO -   Volatility: 7.19%
2026-03-07 16:15:49,201 - INFO - 
VOL-TARGETED PERFORMANCE:
2026-03-07 16:15:49,201 - INFO -   Sharpe Ratio: 0.83
2026-03-07 16:15:49,201 - INFO -   Annual Return: 7.37%
2026-03-07 16:15:49,201 - INFO -   Volatility: 8.93%
2026-03-07 16:15:49,201 - INFO - 
RISK METRICS:
2026-03-07 16:15:49,201 - INFO -   Max Drawdown: -4.72%
2026-03-07 16:15:49,201 - INFO -   Long Sharpe: 0.48
2026-03-07 16:15:49,201 - INFO -   Short Sharpe: 0.76
2026-03-07 16:15:49,201 - INFO - 
EXECUTION:
2026-03-07 16:15:49,201 - INFO -   Avg Turnover: 17.34%
2026-03-07 16:15:49,201 - INFO -   Avg Cost: 0.4 bps
2026-03-07 16:15:49,201 - INFO - 
KILL SWITCHES:
2026-03-07 16:15:49,201 - INFO -   Events: 15 (7.2% of days)
2026-03-07 16:15:49,201 - INFO - ============================================================
2026-03-07 16:15:49,201 - INFO - Simulation complete: 207 days | Sharpe(scaled)=0.83 | MaxDD=-4.7%
2026-03-07 16:15:49,589 - INFO - ============================================================
2026-03-07 16:15:49,589 - INFO - STEP 6: Syncing Qdrant
2026-03-07 16:15:49,589 - INFO - ============================================================
2026-03-07 16:15:50,059 - INFO - HTTP Request: GET http://localhost:6333 "HTTP/1.1 200 OK"
2026-03-07 16:15:50,089 - INFO - HTTP Request: GET http://localhost:6333/collections/stock_recommendations "HTTP/1.1 200 OK"
2026-03-07 16:15:50,090 - INFO - Collection 'stock_recommendations' already exists.
2026-03-07 16:15:50,106 - INFO - HTTP Request: GET http://localhost:6333/collections/trading_results "HTTP/1.1 200 OK"
2026-03-07 16:15:50,106 - INFO - Collection 'trading_results' already exists.
2026-03-07 16:15:50,109 - INFO - HTTP Request: GET http://localhost:6333/collections/performance_metrics "HTTP/1.1 200 OK"
2026-03-07 16:15:50,109 - INFO - Collection 'performance_metrics' already exists.
2026-03-07 16:15:50,111 - INFO - HTTP Request: GET http://localhost:6333/collections/daily_trade_strategies "HTTP/1.1 200 OK"
2026-03-07 16:15:50,111 - INFO - Collection 'daily_trade_strategies' already exists.
2026-03-07 16:15:50,131 - INFO - HTTP Request: POST http://localhost:6333/collections/stock_recommendations/points/delete?wait=true "HTTP/1.1 200 OK"
2026-03-07 16:15:50,132 - INFO - Cleared 'stock_recommendations'.
2026-03-07 16:15:50,154 - INFO - HTTP Request: POST http://localhost:6333/collections/trading_results/points/delete?wait=true "HTTP/1.1 200 OK"
2026-03-07 16:15:50,155 - INFO - Cleared 'trading_results'.
2026-03-07 16:15:50,159 - INFO - HTTP Request: POST http://localhost:6333/collections/performance_metrics/points/delete?wait=true "HTTP/1.1 200 OK"
2026-03-07 16:15:50,159 - INFO - Cleared 'performance_metrics'.
2026-03-07 16:15:50,188 - INFO - HTTP Request: POST http://localhost:6333/collections/daily_trade_strategies/points/delete?wait=true "HTTP/1.1 200 OK"
2026-03-07 16:15:50,189 - INFO - Cleared 'daily_trade_strategies'.
2026-03-07 16:15:50,201 - INFO - HTTP Request: PUT http://localhost:6333/collections/stock_recommendations/points?wait=true "HTTP/1.1 200 OK"
2026-03-07 16:15:50,231 - INFO - HTTP Request: PUT http://localhost:6333/collections/daily_trade_strategies/points?wait=true "HTTP/1.1 200 OK"
2026-03-07 16:15:50,240 - INFO - HTTP Request: PUT http://localhost:6333/collections/trading_results/points?wait=true "HTTP/1.1 200 OK"
2026-03-07 16:15:50,252 - INFO - HTTP Request: PUT http://localhost:6333/collections/stock_recommendations/points?wait=true "HTTP/1.1 200 OK"
2026-03-07 16:15:50,300 - INFO - HTTP Request: PUT http://localhost:6333/collections/daily_trade_strategies/points?wait=true "HTTP/1.1 200 OK"
2026-03-07 16:15:50,304 - INFO - HTTP Request: PUT http://localhost:6333/collections/trading_results/points?wait=true "HTTP/1.1 200 OK"
2026-03-07 16:15:50,317 - INFO - HTTP Request: PUT http://localhost:6333/collections/stock_recommendations/points?wait=true "HTTP/1.1 200 OK"
2026-03-07 16:15:50,345 - INFO - HTTP Request: PUT http://localhost:6333/collections/daily_trade_strategies/points?wait=true "HTTP/1.1 200 OK"
2026-03-07 16:15:50,350 - INFO - HTTP Request: PUT http://localhost:6333/collections/trading_results/points?wait=true "HTTP/1.1 200 OK"
2026-03-07 16:15:50,360 - INFO - HTTP Request: PUT http://localhost:6333/collections/stock_recommendations/points?wait=true "HTTP/1.1 200 OK"
2026-03-07 16:15:50,391 - INFO - HTTP Request: PUT http://localhost:6333/collections/daily_trade_strategies/points?wait=true "HTTP/1.1 200 OK"
2026-03-07 16:15:50,396 - INFO - HTTP Request: PUT http://localhost:6333/collections/trading_results/points?wait=true "HTTP/1.1 200 OK"
2026-03-07 16:15:50,406 - INFO - HTTP Request: PUT http://localhost:6333/collections/stock_recommendations/points?wait=true "HTTP/1.1 200 OK"
2026-03-07 16:15:50,434 - INFO - HTTP Request: PUT http://localhost:6333/collections/daily_trade_strategies/points?wait=true "HTTP/1.1 200 OK"
2026-03-07 16:15:50,441 - INFO - HTTP Request: PUT http://localhost:6333/collections/trading_results/points?wait=true "HTTP/1.1 200 OK"
2026-03-07 16:15:50,450 - INFO - HTTP Request: PUT http://localhost:6333/collections/stock_recommendations/points?wait=true "HTTP/1.1 200 OK"
2026-03-07 16:15:50,594 - INFO - HTTP Request: PUT http://localhost:6333/collections/daily_trade_strategies/points?wait=true "HTTP/1.1 200 OK"
2026-03-07 16:15:50,627 - INFO - HTTP Request: PUT http://localhost:6333/collections/trading_results/points?wait=true "HTTP/1.1 200 OK"
2026-03-07 16:15:50,640 - INFO - HTTP Request: PUT http://localhost:6333/collections/stock_recommendations/points?wait=true "HTTP/1.1 200 OK"
2026-03-07 16:15:50,667 - INFO - HTTP Request: PUT http://localhost:6333/collections/daily_trade_strategies/points?wait=true "HTTP/1.1 200 OK"
2026-03-07 16:15:50,685 - INFO - HTTP Request: PUT http://localhost:6333/collections/trading_results/points?wait=true "HTTP/1.1 200 OK"
2026-03-07 16:15:50,694 - INFO - HTTP Request: PUT http://localhost:6333/collections/stock_recommendations/points?wait=true "HTTP/1.1 200 OK"
2026-03-07 16:15:50,734 - INFO - HTTP Request: PUT http://localhost:6333/collections/daily_trade_strategies/points?wait=true "HTTP/1.1 200 OK"
2026-03-07 16:15:50,739 - INFO - HTTP Request: PUT http://localhost:6333/collections/trading_results/points?wait=true "HTTP/1.1 200 OK"
2026-03-07 16:15:50,747 - INFO - HTTP Request: PUT http://localhost:6333/collections/stock_recommendations/points?wait=true "HTTP/1.1 200 OK"
2026-03-07 16:15:50,773 - INFO - HTTP Request: PUT http://localhost:6333/collections/daily_trade_strategies/points?wait=true "HTTP/1.1 200 OK"
2026-03-07 16:15:50,793 - INFO - HTTP Request: PUT http://localhost:6333/collections/trading_results/points?wait=true "HTTP/1.1 200 OK"
2026-03-07 16:15:50,802 - INFO - HTTP Request: PUT http://localhost:6333/collections/stock_recommendations/points?wait=true "HTTP/1.1 200 OK"
2026-03-07 16:15:50,843 - INFO - HTTP Request: PUT http://localhost:6333/collections/daily_trade_strategies/points?wait=true "HTTP/1.1 200 OK"
2026-03-07 16:15:50,847 - INFO - HTTP Request: PUT http://localhost:6333/collections/trading_results/points?wait=true "HTTP/1.1 200 OK"
2026-03-07 16:15:50,857 - INFO - HTTP Request: PUT http://localhost:6333/collections/stock_recommendations/points?wait=true "HTTP/1.1 200 OK"
2026-03-07 16:15:50,924 - INFO - HTTP Request: PUT http://localhost:6333/collections/daily_trade_strategies/points?wait=true "HTTP/1.1 200 OK"
2026-03-07 16:15:50,933 - INFO - HTTP Request: PUT http://localhost:6333/collections/trading_results/points?wait=true "HTTP/1.1 200 OK"
2026-03-07 16:15:50,972 - INFO - HTTP Request: PUT http://localhost:6333/collections/stock_recommendations/points?wait=true "HTTP/1.1 200 OK"
2026-03-07 16:15:51,012 - INFO - HTTP Request: PUT http://localhost:6333/collections/daily_trade_strategies/points?wait=true "HTTP/1.1 200 OK"
2026-03-07 16:15:51,018 - INFO - HTTP Request: PUT http://localhost:6333/collections/trading_results/points?wait=true "HTTP/1.1 200 OK"
2026-03-07 16:15:51,069 - INFO - HTTP Request: PUT http://localhost:6333/collections/stock_recommendations/points?wait=true "HTTP/1.1 200 OK"
2026-03-07 16:15:51,104 - INFO - HTTP Request: PUT http://localhost:6333/collections/daily_trade_strategies/points?wait=true "HTTP/1.1 200 OK"
2026-03-07 16:15:51,109 - INFO - HTTP Request: PUT http://localhost:6333/collections/trading_results/points?wait=true "HTTP/1.1 200 OK"
2026-03-07 16:15:51,124 - INFO - HTTP Request: PUT http://localhost:6333/collections/stock_recommendations/points?wait=true "HTTP/1.1 200 OK"
2026-03-07 16:15:51,155 - INFO - HTTP Request: PUT http://localhost:6333/collections/daily_trade_strategies/points?wait=true "HTTP/1.1 200 OK"
2026-03-07 16:15:51,161 - INFO - HTTP Request: PUT http://localhost:6333/collections/trading_results/points?wait=true "HTTP/1.1 200 OK"
2026-03-07 16:15:51,176 - INFO - HTTP Request: PUT http://localhost:6333/collections/stock_recommendations/points?wait=true "HTTP/1.1 200 OK"
2026-03-07 16:15:51,207 - INFO - HTTP Request: PUT http://localhost:6333/collections/daily_trade_strategies/points?wait=true "HTTP/1.1 200 OK"
2026-03-07 16:15:51,213 - INFO - HTTP Request: PUT http://localhost:6333/collections/trading_results/points?wait=true "HTTP/1.1 200 OK"
2026-03-07 16:15:51,222 - INFO - HTTP Request: PUT http://localhost:6333/collections/stock_recommendations/points?wait=true "HTTP/1.1 200 OK"
2026-03-07 16:15:51,256 - INFO - HTTP Request: PUT http://localhost:6333/collections/daily_trade_strategies/points?wait=true "HTTP/1.1 200 OK"
2026-03-07 16:15:51,262 - INFO - HTTP Request: PUT http://localhost:6333/collections/trading_results/points?wait=true "HTTP/1.1 200 OK"
2026-03-07 16:15:51,271 - INFO - HTTP Request: PUT http://localhost:6333/collections/stock_recommendations/points?wait=true "HTTP/1.1 200 OK"
2026-03-07 16:15:51,310 - INFO - HTTP Request: PUT http://localhost:6333/collections/daily_trade_strategies/points?wait=true "HTTP/1.1 200 OK"
2026-03-07 16:15:51,318 - INFO - HTTP Request: PUT http://localhost:6333/collections/trading_results/points?wait=true "HTTP/1.1 200 OK"
2026-03-07 16:15:51,347 - INFO - HTTP Request: PUT http://localhost:6333/collections/stock_recommendations/points?wait=true "HTTP/1.1 200 OK"
2026-03-07 16:15:51,384 - INFO - HTTP Request: PUT http://localhost:6333/collections/daily_trade_strategies/points?wait=true "HTTP/1.1 200 OK"
2026-03-07 16:15:51,390 - INFO - HTTP Request: PUT http://localhost:6333/collections/trading_results/points?wait=true "HTTP/1.1 200 OK"
2026-03-07 16:15:51,404 - INFO - HTTP Request: PUT http://localhost:6333/collections/stock_recommendations/points?wait=true "HTTP/1.1 200 OK"
2026-03-07 16:15:51,433 - INFO - HTTP Request: PUT http://localhost:6333/collections/daily_trade_strategies/points?wait=true "HTTP/1.1 200 OK"
2026-03-07 16:15:51,439 - INFO - HTTP Request: PUT http://localhost:6333/collections/trading_results/points?wait=true "HTTP/1.1 200 OK"
2026-03-07 16:15:51,470 - INFO - HTTP Request: PUT http://localhost:6333/collections/stock_recommendations/points?wait=true "HTTP/1.1 200 OK"
2026-03-07 16:15:51,567 - INFO - HTTP Request: PUT http://localhost:6333/collections/daily_trade_strategies/points?wait=true "HTTP/1.1 200 OK"
2026-03-07 16:15:51,575 - INFO - HTTP Request: PUT http://localhost:6333/collections/trading_results/points?wait=true "HTTP/1.1 200 OK"
2026-03-07 16:15:51,609 - INFO - HTTP Request: PUT http://localhost:6333/collections/stock_recommendations/points?wait=true "HTTP/1.1 200 OK"
2026-03-07 16:15:51,666 - INFO - HTTP Request: PUT http://localhost:6333/collections/daily_trade_strategies/points?wait=true "HTTP/1.1 200 OK"
2026-03-07 16:15:51,673 - INFO - HTTP Request: PUT http://localhost:6333/collections/trading_results/points?wait=true "HTTP/1.1 200 OK"
2026-03-07 16:15:51,701 - INFO - HTTP Request: PUT http://localhost:6333/collections/stock_recommendations/points?wait=true "HTTP/1.1 200 OK"
2026-03-07 16:15:51,729 - INFO - HTTP Request: PUT http://localhost:6333/collections/daily_trade_strategies/points?wait=true "HTTP/1.1 200 OK"
2026-03-07 16:15:51,733 - INFO - HTTP Request: PUT http://localhost:6333/collections/trading_results/points?wait=true "HTTP/1.1 200 OK"
2026-03-07 16:15:51,743 - INFO - HTTP Request: PUT http://localhost:6333/collections/stock_recommendations/points?wait=true "HTTP/1.1 200 OK"
2026-03-07 16:15:51,779 - INFO - HTTP Request: PUT http://localhost:6333/collections/daily_trade_strategies/points?wait=true "HTTP/1.1 200 OK"
2026-03-07 16:15:51,784 - INFO - HTTP Request: PUT http://localhost:6333/collections/trading_results/points?wait=true "HTTP/1.1 200 OK"
2026-03-07 16:15:51,792 - INFO - HTTP Request: PUT http://localhost:6333/collections/stock_recommendations/points?wait=true "HTTP/1.1 200 OK"
2026-03-07 16:15:51,818 - INFO - HTTP Request: PUT http://localhost:6333/collections/daily_trade_strategies/points?wait=true "HTTP/1.1 200 OK"
2026-03-07 16:15:51,840 - INFO - HTTP Request: PUT http://localhost:6333/collections/trading_results/points?wait=true "HTTP/1.1 200 OK"
2026-03-07 16:15:51,849 - INFO - HTTP Request: PUT http://localhost:6333/collections/stock_recommendations/points?wait=true "HTTP/1.1 200 OK"
2026-03-07 16:15:51,880 - INFO - HTTP Request: PUT http://localhost:6333/collections/daily_trade_strategies/points?wait=true "HTTP/1.1 200 OK"
2026-03-07 16:15:51,884 - INFO - HTTP Request: PUT http://localhost:6333/collections/trading_results/points?wait=true "HTTP/1.1 200 OK"
2026-03-07 16:15:51,892 - INFO - HTTP Request: PUT http://localhost:6333/collections/stock_recommendations/points?wait=true "HTTP/1.1 200 OK"
2026-03-07 16:15:51,923 - INFO - HTTP Request: PUT http://localhost:6333/collections/daily_trade_strategies/points?wait=true "HTTP/1.1 200 OK"
2026-03-07 16:15:51,928 - INFO - HTTP Request: PUT http://localhost:6333/collections/trading_results/points?wait=true "HTTP/1.1 200 OK"
2026-03-07 16:15:51,937 - INFO - HTTP Request: PUT http://localhost:6333/collections/stock_recommendations/points?wait=true "HTTP/1.1 200 OK"
2026-03-07 16:15:51,963 - INFO - HTTP Request: PUT http://localhost:6333/collections/daily_trade_strategies/points?wait=true "HTTP/1.1 200 OK"
2026-03-07 16:15:51,967 - INFO - HTTP Request: PUT http://localhost:6333/collections/trading_results/points?wait=true "HTTP/1.1 200 OK"
2026-03-07 16:15:51,977 - INFO - HTTP Request: PUT http://localhost:6333/collections/stock_recommendations/points?wait=true "HTTP/1.1 200 OK"
2026-03-07 16:15:52,002 - INFO - HTTP Request: PUT http://localhost:6333/collections/daily_trade_strategies/points?wait=true "HTTP/1.1 200 OK"
2026-03-07 16:15:52,007 - INFO - HTTP Request: PUT http://localhost:6333/collections/trading_results/points?wait=true "HTTP/1.1 200 OK"
2026-03-07 16:15:52,018 - INFO - HTTP Request: PUT http://localhost:6333/collections/stock_recommendations/points?wait=true "HTTP/1.1 200 OK"
2026-03-07 16:15:52,060 - INFO - HTTP Request: PUT http://localhost:6333/collections/daily_trade_strategies/points?wait=true "HTTP/1.1 200 OK"
2026-03-07 16:15:52,064 - INFO - HTTP Request: PUT http://localhost:6333/collections/trading_results/points?wait=true "HTTP/1.1 200 OK"
2026-03-07 16:15:52,074 - INFO - HTTP Request: PUT http://localhost:6333/collections/stock_recommendations/points?wait=true "HTTP/1.1 200 OK"
2026-03-07 16:15:52,101 - INFO - HTTP Request: PUT http://localhost:6333/collections/daily_trade_strategies/points?wait=true "HTTP/1.1 200 OK"
2026-03-07 16:15:52,105 - INFO - HTTP Request: PUT http://localhost:6333/collections/trading_results/points?wait=true "HTTP/1.1 200 OK"
2026-03-07 16:15:52,114 - INFO - HTTP Request: PUT http://localhost:6333/collections/stock_recommendations/points?wait=true "HTTP/1.1 200 OK"
2026-03-07 16:15:52,155 - INFO - HTTP Request: PUT http://localhost:6333/collections/daily_trade_strategies/points?wait=true "HTTP/1.1 200 OK"
2026-03-07 16:15:52,162 - INFO - HTTP Request: PUT http://localhost:6333/collections/trading_results/points?wait=true "HTTP/1.1 200 OK"
2026-03-07 16:15:52,173 - INFO - HTTP Request: PUT http://localhost:6333/collections/stock_recommendations/points?wait=true "HTTP/1.1 200 OK"
2026-03-07 16:15:52,217 - INFO - HTTP Request: PUT http://localhost:6333/collections/daily_trade_strategies/points?wait=true "HTTP/1.1 200 OK"
2026-03-07 16:15:52,222 - INFO - HTTP Request: PUT http://localhost:6333/collections/trading_results/points?wait=true "HTTP/1.1 200 OK"
2026-03-07 16:15:52,247 - INFO - HTTP Request: PUT http://localhost:6333/collections/stock_recommendations/points?wait=true "HTTP/1.1 200 OK"
2026-03-07 16:15:52,294 - INFO - HTTP Request: PUT http://localhost:6333/collections/daily_trade_strategies/points?wait=true "HTTP/1.1 200 OK"
2026-03-07 16:15:52,299 - INFO - HTTP Request: PUT http://localhost:6333/collections/trading_results/points?wait=true "HTTP/1.1 200 OK"
2026-03-07 16:15:52,312 - INFO - HTTP Request: PUT http://localhost:6333/collections/stock_recommendations/points?wait=true "HTTP/1.1 200 OK"
2026-03-07 16:15:52,338 - INFO - HTTP Request: PUT http://localhost:6333/collections/daily_trade_strategies/points?wait=true "HTTP/1.1 200 OK"
2026-03-07 16:15:52,343 - INFO - HTTP Request: PUT http://localhost:6333/collections/trading_results/points?wait=true "HTTP/1.1 200 OK"
2026-03-07 16:15:52,357 - INFO - HTTP Request: PUT http://localhost:6333/collections/stock_recommendations/points?wait=true "HTTP/1.1 200 OK"
2026-03-07 16:15:52,384 - INFO - HTTP Request: PUT http://localhost:6333/collections/daily_trade_strategies/points?wait=true "HTTP/1.1 200 OK"
2026-03-07 16:15:52,389 - INFO - HTTP Request: PUT http://localhost:6333/collections/trading_results/points?wait=true "HTTP/1.1 200 OK"
2026-03-07 16:15:52,401 - INFO - HTTP Request: PUT http://localhost:6333/collections/stock_recommendations/points?wait=true "HTTP/1.1 200 OK"
2026-03-07 16:15:52,452 - INFO - HTTP Request: PUT http://localhost:6333/collections/daily_trade_strategies/points?wait=true "HTTP/1.1 200 OK"
2026-03-07 16:15:52,456 - INFO - HTTP Request: PUT http://localhost:6333/collections/trading_results/points?wait=true "HTTP/1.1 200 OK"
2026-03-07 16:15:52,467 - INFO - HTTP Request: PUT http://localhost:6333/collections/stock_recommendations/points?wait=true "HTTP/1.1 200 OK"
2026-03-07 16:15:52,494 - INFO - HTTP Request: PUT http://localhost:6333/collections/daily_trade_strategies/points?wait=true "HTTP/1.1 200 OK"
2026-03-07 16:15:52,509 - INFO - HTTP Request: PUT http://localhost:6333/collections/trading_results/points?wait=true "HTTP/1.1 200 OK"
2026-03-07 16:15:52,519 - INFO - HTTP Request: PUT http://localhost:6333/collections/stock_recommendations/points?wait=true "HTTP/1.1 200 OK"
2026-03-07 16:15:52,559 - INFO - HTTP Request: PUT http://localhost:6333/collections/daily_trade_strategies/points?wait=true "HTTP/1.1 200 OK"
2026-03-07 16:15:52,564 - INFO - HTTP Request: PUT http://localhost:6333/collections/trading_results/points?wait=true "HTTP/1.1 200 OK"
2026-03-07 16:15:52,573 - INFO - HTTP Request: PUT http://localhost:6333/collections/stock_recommendations/points?wait=true "HTTP/1.1 200 OK"
2026-03-07 16:15:52,621 - INFO - HTTP Request: PUT http://localhost:6333/collections/daily_trade_strategies/points?wait=true "HTTP/1.1 200 OK"
2026-03-07 16:15:52,626 - INFO - HTTP Request: PUT http://localhost:6333/collections/trading_results/points?wait=true "HTTP/1.1 200 OK"
2026-03-07 16:15:52,636 - INFO - HTTP Request: PUT http://localhost:6333/collections/stock_recommendations/points?wait=true "HTTP/1.1 200 OK"
2026-03-07 16:15:52,662 - INFO - HTTP Request: PUT http://localhost:6333/collections/daily_trade_strategies/points?wait=true "HTTP/1.1 200 OK"
2026-03-07 16:15:52,667 - INFO - HTTP Request: PUT http://localhost:6333/collections/trading_results/points?wait=true "HTTP/1.1 200 OK"
2026-03-07 16:15:52,676 - INFO - HTTP Request: PUT http://localhost:6333/collections/stock_recommendations/points?wait=true "HTTP/1.1 200 OK"
2026-03-07 16:15:52,703 - INFO - HTTP Request: PUT http://localhost:6333/collections/daily_trade_strategies/points?wait=true "HTTP/1.1 200 OK"
2026-03-07 16:15:52,710 - INFO - HTTP Request: PUT http://localhost:6333/collections/trading_results/points?wait=true "HTTP/1.1 200 OK"
2026-03-07 16:15:52,719 - INFO - HTTP Request: PUT http://localhost:6333/collections/stock_recommendations/points?wait=true "HTTP/1.1 200 OK"
2026-03-07 16:15:52,764 - INFO - HTTP Request: PUT http://localhost:6333/collections/daily_trade_strategies/points?wait=true "HTTP/1.1 200 OK"
2026-03-07 16:15:52,768 - INFO - HTTP Request: PUT http://localhost:6333/collections/trading_results/points?wait=true "HTTP/1.1 200 OK"
2026-03-07 16:15:52,779 - INFO - HTTP Request: PUT http://localhost:6333/collections/stock_recommendations/points?wait=true "HTTP/1.1 200 OK"
2026-03-07 16:15:52,805 - INFO - HTTP Request: PUT http://localhost:6333/collections/daily_trade_strategies/points?wait=true "HTTP/1.1 200 OK"
2026-03-07 16:15:52,811 - INFO - HTTP Request: PUT http://localhost:6333/collections/trading_results/points?wait=true "HTTP/1.1 200 OK"
2026-03-07 16:15:52,821 - INFO - HTTP Request: PUT http://localhost:6333/collections/stock_recommendations/points?wait=true "HTTP/1.1 200 OK"
2026-03-07 16:15:52,847 - INFO - HTTP Request: PUT http://localhost:6333/collections/daily_trade_strategies/points?wait=true "HTTP/1.1 200 OK"
2026-03-07 16:15:52,851 - INFO - HTTP Request: PUT http://localhost:6333/collections/trading_results/points?wait=true "HTTP/1.1 200 OK"
2026-03-07 16:15:52,860 - INFO - HTTP Request: PUT http://localhost:6333/collections/stock_recommendations/points?wait=true "HTTP/1.1 200 OK"
2026-03-07 16:15:52,907 - INFO - HTTP Request: PUT http://localhost:6333/collections/daily_trade_strategies/points?wait=true "HTTP/1.1 200 OK"
2026-03-07 16:15:52,915 - INFO - HTTP Request: PUT http://localhost:6333/collections/trading_results/points?wait=true "HTTP/1.1 200 OK"
2026-03-07 16:15:52,943 - INFO - HTTP Request: PUT http://localhost:6333/collections/stock_recommendations/points?wait=true "HTTP/1.1 200 OK"
2026-03-07 16:15:52,970 - INFO - HTTP Request: PUT http://localhost:6333/collections/daily_trade_strategies/points?wait=true "HTTP/1.1 200 OK"
2026-03-07 16:15:52,978 - INFO - HTTP Request: PUT http://localhost:6333/collections/trading_results/points?wait=true "HTTP/1.1 200 OK"
2026-03-07 16:15:52,990 - INFO - HTTP Request: PUT http://localhost:6333/collections/stock_recommendations/points?wait=true "HTTP/1.1 200 OK"
2026-03-07 16:15:53,019 - INFO - HTTP Request: PUT http://localhost:6333/collections/daily_trade_strategies/points?wait=true "HTTP/1.1 200 OK"
2026-03-07 16:15:53,025 - INFO - HTTP Request: PUT http://localhost:6333/collections/trading_results/points?wait=true "HTTP/1.1 200 OK"
2026-03-07 16:15:53,035 - INFO - HTTP Request: PUT http://localhost:6333/collections/stock_recommendations/points?wait=true "HTTP/1.1 200 OK"
2026-03-07 16:15:53,063 - INFO - HTTP Request: PUT http://localhost:6333/collections/daily_trade_strategies/points?wait=true "HTTP/1.1 200 OK"
2026-03-07 16:15:53,067 - INFO - HTTP Request: PUT http://localhost:6333/collections/trading_results/points?wait=true "HTTP/1.1 200 OK"
2026-03-07 16:15:53,076 - INFO - HTTP Request: PUT http://localhost:6333/collections/stock_recommendations/points?wait=true "HTTP/1.1 200 OK"
2026-03-07 16:15:53,108 - INFO - HTTP Request: PUT http://localhost:6333/collections/daily_trade_strategies/points?wait=true "HTTP/1.1 200 OK"
2026-03-07 16:15:53,112 - INFO - HTTP Request: PUT http://localhost:6333/collections/trading_results/points?wait=true "HTTP/1.1 200 OK"
2026-03-07 16:15:53,121 - INFO - HTTP Request: PUT http://localhost:6333/collections/stock_recommendations/points?wait=true "HTTP/1.1 200 OK"
2026-03-07 16:15:53,168 - INFO - HTTP Request: PUT http://localhost:6333/collections/daily_trade_strategies/points?wait=true "HTTP/1.1 200 OK"
2026-03-07 16:15:53,173 - INFO - HTTP Request: PUT http://localhost:6333/collections/trading_results/points?wait=true "HTTP/1.1 200 OK"
2026-03-07 16:15:53,182 - INFO - HTTP Request: PUT http://localhost:6333/collections/stock_recommendations/points?wait=true "HTTP/1.1 200 OK"
2026-03-07 16:15:53,208 - INFO - HTTP Request: PUT http://localhost:6333/collections/daily_trade_strategies/points?wait=true "HTTP/1.1 200 OK"
2026-03-07 16:15:53,216 - INFO - HTTP Request: PUT http://localhost:6333/collections/trading_results/points?wait=true "HTTP/1.1 200 OK"
2026-03-07 16:15:53,226 - INFO - HTTP Request: PUT http://localhost:6333/collections/stock_recommendations/points?wait=true "HTTP/1.1 200 OK"
2026-03-07 16:15:53,256 - INFO - HTTP Request: PUT http://localhost:6333/collections/daily_trade_strategies/points?wait=true "HTTP/1.1 200 OK"
2026-03-07 16:15:53,261 - INFO - HTTP Request: PUT http://localhost:6333/collections/trading_results/points?wait=true "HTTP/1.1 200 OK"
2026-03-07 16:15:53,293 - INFO - HTTP Request: PUT http://localhost:6333/collections/stock_recommendations/points?wait=true "HTTP/1.1 200 OK"
2026-03-07 16:15:53,340 - INFO - HTTP Request: PUT http://localhost:6333/collections/daily_trade_strategies/points?wait=true "HTTP/1.1 200 OK"
2026-03-07 16:15:53,345 - INFO - HTTP Request: PUT http://localhost:6333/collections/trading_results/points?wait=true "HTTP/1.1 200 OK"
2026-03-07 16:15:53,355 - INFO - HTTP Request: PUT http://localhost:6333/collections/stock_recommendations/points?wait=true "HTTP/1.1 200 OK"
2026-03-07 16:15:53,407 - INFO - HTTP Request: PUT http://localhost:6333/collections/daily_trade_strategies/points?wait=true "HTTP/1.1 200 OK"
2026-03-07 16:15:53,416 - INFO - HTTP Request: PUT http://localhost:6333/collections/trading_results/points?wait=true "HTTP/1.1 200 OK"
2026-03-07 16:15:53,426 - INFO - HTTP Request: PUT http://localhost:6333/collections/stock_recommendations/points?wait=true "HTTP/1.1 200 OK"
2026-03-07 16:15:53,456 - INFO - HTTP Request: PUT http://localhost:6333/collections/daily_trade_strategies/points?wait=true "HTTP/1.1 200 OK"
2026-03-07 16:15:53,461 - INFO - HTTP Request: PUT http://localhost:6333/collections/trading_results/points?wait=true "HTTP/1.1 200 OK"
2026-03-07 16:15:53,494 - INFO - HTTP Request: PUT http://localhost:6333/collections/stock_recommendations/points?wait=true "HTTP/1.1 200 OK"
2026-03-07 16:15:53,541 - INFO - HTTP Request: PUT http://localhost:6333/collections/daily_trade_strategies/points?wait=true "HTTP/1.1 200 OK"
2026-03-07 16:15:53,546 - INFO - HTTP Request: PUT http://localhost:6333/collections/trading_results/points?wait=true "HTTP/1.1 200 OK"
2026-03-07 16:15:53,571 - INFO - HTTP Request: PUT http://localhost:6333/collections/stock_recommendations/points?wait=true "HTTP/1.1 200 OK"
2026-03-07 16:15:53,598 - INFO - HTTP Request: PUT http://localhost:6333/collections/daily_trade_strategies/points?wait=true "HTTP/1.1 200 OK"
2026-03-07 16:15:53,617 - INFO - HTTP Request: PUT http://localhost:6333/collections/trading_results/points?wait=true "HTTP/1.1 200 OK"
2026-03-07 16:15:53,626 - INFO - HTTP Request: PUT http://localhost:6333/collections/stock_recommendations/points?wait=true "HTTP/1.1 200 OK"
2026-03-07 16:15:53,652 - INFO - HTTP Request: PUT http://localhost:6333/collections/daily_trade_strategies/points?wait=true "HTTP/1.1 200 OK"
2026-03-07 16:15:53,680 - INFO - HTTP Request: PUT http://localhost:6333/collections/trading_results/points?wait=true "HTTP/1.1 200 OK"
2026-03-07 16:15:53,690 - INFO - HTTP Request: PUT http://localhost:6333/collections/stock_recommendations/points?wait=true "HTTP/1.1 200 OK"
2026-03-07 16:15:53,718 - INFO - HTTP Request: PUT http://localhost:6333/collections/daily_trade_strategies/points?wait=true "HTTP/1.1 200 OK"
2026-03-07 16:15:53,723 - INFO - HTTP Request: PUT http://localhost:6333/collections/trading_results/points?wait=true "HTTP/1.1 200 OK"
2026-03-07 16:15:53,731 - INFO - HTTP Request: PUT http://localhost:6333/collections/stock_recommendations/points?wait=true "HTTP/1.1 200 OK"
2026-03-07 16:15:53,759 - INFO - HTTP Request: PUT http://localhost:6333/collections/daily_trade_strategies/points?wait=true "HTTP/1.1 200 OK"
2026-03-07 16:15:53,765 - INFO - HTTP Request: PUT http://localhost:6333/collections/trading_results/points?wait=true "HTTP/1.1 200 OK"
2026-03-07 16:15:53,775 - INFO - HTTP Request: PUT http://localhost:6333/collections/stock_recommendations/points?wait=true "HTTP/1.1 200 OK"
2026-03-07 16:15:53,801 - INFO - HTTP Request: PUT http://localhost:6333/collections/daily_trade_strategies/points?wait=true "HTTP/1.1 200 OK"
2026-03-07 16:15:53,806 - INFO - HTTP Request: PUT http://localhost:6333/collections/trading_results/points?wait=true "HTTP/1.1 200 OK"
2026-03-07 16:15:53,815 - INFO - HTTP Request: PUT http://localhost:6333/collections/stock_recommendations/points?wait=true "HTTP/1.1 200 OK"
2026-03-07 16:15:53,842 - INFO - HTTP Request: PUT http://localhost:6333/collections/daily_trade_strategies/points?wait=true "HTTP/1.1 200 OK"
2026-03-07 16:15:53,848 - INFO - HTTP Request: PUT http://localhost:6333/collections/trading_results/points?wait=true "HTTP/1.1 200 OK"
2026-03-07 16:15:53,869 - INFO - HTTP Request: PUT http://localhost:6333/collections/stock_recommendations/points?wait=true "HTTP/1.1 200 OK"
2026-03-07 16:15:53,924 - INFO - HTTP Request: PUT http://localhost:6333/collections/daily_trade_strategies/points?wait=true "HTTP/1.1 200 OK"
2026-03-07 16:15:53,932 - INFO - HTTP Request: PUT http://localhost:6333/collections/trading_results/points?wait=true "HTTP/1.1 200 OK"
2026-03-07 16:15:53,963 - INFO - HTTP Request: PUT http://localhost:6333/collections/stock_recommendations/points?wait=true "HTTP/1.1 200 OK"
2026-03-07 16:15:53,992 - INFO - HTTP Request: PUT http://localhost:6333/collections/daily_trade_strategies/points?wait=true "HTTP/1.1 200 OK"
2026-03-07 16:15:54,009 - INFO - HTTP Request: PUT http://localhost:6333/collections/trading_results/points?wait=true "HTTP/1.1 200 OK"
2026-03-07 16:15:54,019 - INFO - HTTP Request: PUT http://localhost:6333/collections/stock_recommendations/points?wait=true "HTTP/1.1 200 OK"
2026-03-07 16:15:54,046 - INFO - HTTP Request: PUT http://localhost:6333/collections/daily_trade_strategies/points?wait=true "HTTP/1.1 200 OK"
2026-03-07 16:15:54,050 - INFO - HTTP Request: PUT http://localhost:6333/collections/trading_results/points?wait=true "HTTP/1.1 200 OK"
2026-03-07 16:15:54,060 - INFO - HTTP Request: PUT http://localhost:6333/collections/stock_recommendations/points?wait=true "HTTP/1.1 200 OK"
2026-03-07 16:15:54,105 - INFO - HTTP Request: PUT http://localhost:6333/collections/daily_trade_strategies/points?wait=true "HTTP/1.1 200 OK"
2026-03-07 16:15:54,110 - INFO - HTTP Request: PUT http://localhost:6333/collections/trading_results/points?wait=true "HTTP/1.1 200 OK"
2026-03-07 16:15:54,119 - INFO - HTTP Request: PUT http://localhost:6333/collections/stock_recommendations/points?wait=true "HTTP/1.1 200 OK"
2026-03-07 16:15:54,147 - INFO - HTTP Request: PUT http://localhost:6333/collections/daily_trade_strategies/points?wait=true "HTTP/1.1 200 OK"
2026-03-07 16:15:54,151 - INFO - HTTP Request: PUT http://localhost:6333/collections/trading_results/points?wait=true "HTTP/1.1 200 OK"
2026-03-07 16:15:54,161 - INFO - HTTP Request: PUT http://localhost:6333/collections/stock_recommendations/points?wait=true "HTTP/1.1 200 OK"
2026-03-07 16:15:54,187 - INFO - HTTP Request: PUT http://localhost:6333/collections/daily_trade_strategies/points?wait=true "HTTP/1.1 200 OK"
2026-03-07 16:15:54,192 - INFO - HTTP Request: PUT http://localhost:6333/collections/trading_results/points?wait=true "HTTP/1.1 200 OK"
2026-03-07 16:15:54,200 - INFO - HTTP Request: PUT http://localhost:6333/collections/stock_recommendations/points?wait=true "HTTP/1.1 200 OK"
2026-03-07 16:15:54,228 - INFO - HTTP Request: PUT http://localhost:6333/collections/daily_trade_strategies/points?wait=true "HTTP/1.1 200 OK"
2026-03-07 16:15:54,232 - INFO - HTTP Request: PUT http://localhost:6333/collections/trading_results/points?wait=true "HTTP/1.1 200 OK"
2026-03-07 16:15:54,241 - INFO - HTTP Request: PUT http://localhost:6333/collections/stock_recommendations/points?wait=true "HTTP/1.1 200 OK"
2026-03-07 16:15:54,268 - INFO - HTTP Request: PUT http://localhost:6333/collections/daily_trade_strategies/points?wait=true "HTTP/1.1 200 OK"
2026-03-07 16:15:54,288 - INFO - HTTP Request: PUT http://localhost:6333/collections/trading_results/points?wait=true "HTTP/1.1 200 OK"
2026-03-07 16:15:54,320 - INFO - HTTP Request: PUT http://localhost:6333/collections/stock_recommendations/points?wait=true "HTTP/1.1 200 OK"
2026-03-07 16:15:54,349 - INFO - HTTP Request: PUT http://localhost:6333/collections/daily_trade_strategies/points?wait=true "HTTP/1.1 200 OK"
2026-03-07 16:15:54,353 - INFO - HTTP Request: PUT http://localhost:6333/collections/trading_results/points?wait=true "HTTP/1.1 200 OK"
2026-03-07 16:15:54,363 - INFO - HTTP Request: PUT http://localhost:6333/collections/stock_recommendations/points?wait=true "HTTP/1.1 200 OK"
2026-03-07 16:15:54,390 - INFO - HTTP Request: PUT http://localhost:6333/collections/daily_trade_strategies/points?wait=true "HTTP/1.1 200 OK"
2026-03-07 16:15:54,396 - INFO - HTTP Request: PUT http://localhost:6333/collections/trading_results/points?wait=true "HTTP/1.1 200 OK"
2026-03-07 16:15:54,405 - INFO - HTTP Request: PUT http://localhost:6333/collections/stock_recommendations/points?wait=true "HTTP/1.1 200 OK"
2026-03-07 16:15:54,432 - INFO - HTTP Request: PUT http://localhost:6333/collections/daily_trade_strategies/points?wait=true "HTTP/1.1 200 OK"
2026-03-07 16:15:54,437 - INFO - HTTP Request: PUT http://localhost:6333/collections/trading_results/points?wait=true "HTTP/1.1 200 OK"
2026-03-07 16:15:54,447 - INFO - HTTP Request: PUT http://localhost:6333/collections/stock_recommendations/points?wait=true "HTTP/1.1 200 OK"
2026-03-07 16:15:54,474 - INFO - HTTP Request: PUT http://localhost:6333/collections/daily_trade_strategies/points?wait=true "HTTP/1.1 200 OK"
2026-03-07 16:15:54,479 - INFO - HTTP Request: PUT http://localhost:6333/collections/trading_results/points?wait=true "HTTP/1.1 200 OK"
2026-03-07 16:15:54,488 - INFO - HTTP Request: PUT http://localhost:6333/collections/stock_recommendations/points?wait=true "HTTP/1.1 200 OK"
2026-03-07 16:15:54,515 - INFO - HTTP Request: PUT http://localhost:6333/collections/daily_trade_strategies/points?wait=true "HTTP/1.1 200 OK"
2026-03-07 16:15:54,519 - INFO - HTTP Request: PUT http://localhost:6333/collections/trading_results/points?wait=true "HTTP/1.1 200 OK"
2026-03-07 16:15:54,528 - INFO - HTTP Request: PUT http://localhost:6333/collections/stock_recommendations/points?wait=true "HTTP/1.1 200 OK"
2026-03-07 16:15:54,556 - INFO - HTTP Request: PUT http://localhost:6333/collections/daily_trade_strategies/points?wait=true "HTTP/1.1 200 OK"
2026-03-07 16:15:54,561 - INFO - HTTP Request: PUT http://localhost:6333/collections/trading_results/points?wait=true "HTTP/1.1 200 OK"
2026-03-07 16:15:54,570 - INFO - HTTP Request: PUT http://localhost:6333/collections/stock_recommendations/points?wait=true "HTTP/1.1 200 OK"
2026-03-07 16:15:54,622 - INFO - HTTP Request: PUT http://localhost:6333/collections/daily_trade_strategies/points?wait=true "HTTP/1.1 200 OK"
2026-03-07 16:15:54,626 - INFO - HTTP Request: PUT http://localhost:6333/collections/trading_results/points?wait=true "HTTP/1.1 200 OK"
2026-03-07 16:15:54,635 - INFO - HTTP Request: PUT http://localhost:6333/collections/stock_recommendations/points?wait=true "HTTP/1.1 200 OK"
2026-03-07 16:15:54,661 - INFO - HTTP Request: PUT http://localhost:6333/collections/daily_trade_strategies/points?wait=true "HTTP/1.1 200 OK"
2026-03-07 16:15:54,682 - INFO - HTTP Request: PUT http://localhost:6333/collections/trading_results/points?wait=true "HTTP/1.1 200 OK"
2026-03-07 16:15:54,717 - INFO - HTTP Request: PUT http://localhost:6333/collections/stock_recommendations/points?wait=true "HTTP/1.1 200 OK"
2026-03-07 16:15:54,745 - INFO - HTTP Request: PUT http://localhost:6333/collections/daily_trade_strategies/points?wait=true "HTTP/1.1 200 OK"
2026-03-07 16:15:54,750 - INFO - HTTP Request: PUT http://localhost:6333/collections/trading_results/points?wait=true "HTTP/1.1 200 OK"
2026-03-07 16:15:54,782 - INFO - HTTP Request: PUT http://localhost:6333/collections/stock_recommendations/points?wait=true "HTTP/1.1 200 OK"
2026-03-07 16:15:54,828 - INFO - HTTP Request: PUT http://localhost:6333/collections/daily_trade_strategies/points?wait=true "HTTP/1.1 200 OK"
2026-03-07 16:15:54,833 - INFO - HTTP Request: PUT http://localhost:6333/collections/trading_results/points?wait=true "HTTP/1.1 200 OK"
2026-03-07 16:15:54,842 - INFO - HTTP Request: PUT http://localhost:6333/collections/stock_recommendations/points?wait=true "HTTP/1.1 200 OK"
2026-03-07 16:15:54,870 - INFO - HTTP Request: PUT http://localhost:6333/collections/daily_trade_strategies/points?wait=true "HTTP/1.1 200 OK"
2026-03-07 16:15:54,874 - INFO - HTTP Request: PUT http://localhost:6333/collections/trading_results/points?wait=true "HTTP/1.1 200 OK"
2026-03-07 16:15:54,884 - INFO - HTTP Request: PUT http://localhost:6333/collections/stock_recommendations/points?wait=true "HTTP/1.1 200 OK"
2026-03-07 16:15:54,927 - INFO - HTTP Request: PUT http://localhost:6333/collections/daily_trade_strategies/points?wait=true "HTTP/1.1 200 OK"
2026-03-07 16:15:54,933 - INFO - HTTP Request: PUT http://localhost:6333/collections/trading_results/points?wait=true "HTTP/1.1 200 OK"
2026-03-07 16:15:54,944 - INFO - HTTP Request: PUT http://localhost:6333/collections/stock_recommendations/points?wait=true "HTTP/1.1 200 OK"
2026-03-07 16:15:54,986 - INFO - HTTP Request: PUT http://localhost:6333/collections/daily_trade_strategies/points?wait=true "HTTP/1.1 200 OK"
2026-03-07 16:15:54,992 - INFO - HTTP Request: PUT http://localhost:6333/collections/trading_results/points?wait=true "HTTP/1.1 200 OK"
2026-03-07 16:15:55,001 - INFO - HTTP Request: PUT http://localhost:6333/collections/stock_recommendations/points?wait=true "HTTP/1.1 200 OK"
2026-03-07 16:15:55,049 - INFO - HTTP Request: PUT http://localhost:6333/collections/daily_trade_strategies/points?wait=true "HTTP/1.1 200 OK"
2026-03-07 16:15:55,053 - INFO - HTTP Request: PUT http://localhost:6333/collections/trading_results/points?wait=true "HTTP/1.1 200 OK"
2026-03-07 16:15:55,061 - INFO - HTTP Request: PUT http://localhost:6333/collections/stock_recommendations/points?wait=true "HTTP/1.1 200 OK"
2026-03-07 16:15:55,096 - INFO - HTTP Request: PUT http://localhost:6333/collections/daily_trade_strategies/points?wait=true "HTTP/1.1 200 OK"
2026-03-07 16:15:55,124 - INFO - HTTP Request: PUT http://localhost:6333/collections/trading_results/points?wait=true "HTTP/1.1 200 OK"
2026-03-07 16:15:55,156 - INFO - HTTP Request: PUT http://localhost:6333/collections/stock_recommendations/points?wait=true "HTTP/1.1 200 OK"
2026-03-07 16:15:55,182 - INFO - HTTP Request: PUT http://localhost:6333/collections/daily_trade_strategies/points?wait=true "HTTP/1.1 200 OK"
2026-03-07 16:15:55,187 - INFO - HTTP Request: PUT http://localhost:6333/collections/trading_results/points?wait=true "HTTP/1.1 200 OK"
2026-03-07 16:15:55,220 - INFO - HTTP Request: PUT http://localhost:6333/collections/stock_recommendations/points?wait=true "HTTP/1.1 200 OK"
2026-03-07 16:15:55,267 - INFO - HTTP Request: PUT http://localhost:6333/collections/daily_trade_strategies/points?wait=true "HTTP/1.1 200 OK"
2026-03-07 16:15:55,272 - INFO - HTTP Request: PUT http://localhost:6333/collections/trading_results/points?wait=true "HTTP/1.1 200 OK"
2026-03-07 16:15:55,280 - INFO - HTTP Request: PUT http://localhost:6333/collections/stock_recommendations/points?wait=true "HTTP/1.1 200 OK"
2026-03-07 16:15:55,308 - INFO - HTTP Request: PUT http://localhost:6333/collections/daily_trade_strategies/points?wait=true "HTTP/1.1 200 OK"
2026-03-07 16:15:55,326 - INFO - HTTP Request: PUT http://localhost:6333/collections/trading_results/points?wait=true "HTTP/1.1 200 OK"
2026-03-07 16:15:55,359 - INFO - HTTP Request: PUT http://localhost:6333/collections/stock_recommendations/points?wait=true "HTTP/1.1 200 OK"
2026-03-07 16:15:55,430 - INFO - HTTP Request: PUT http://localhost:6333/collections/daily_trade_strategies/points?wait=true "HTTP/1.1 200 OK"
2026-03-07 16:15:55,435 - INFO - HTTP Request: PUT http://localhost:6333/collections/trading_results/points?wait=true "HTTP/1.1 200 OK"
2026-03-07 16:15:55,444 - INFO - HTTP Request: PUT http://localhost:6333/collections/stock_recommendations/points?wait=true "HTTP/1.1 200 OK"
2026-03-07 16:15:55,484 - INFO - HTTP Request: PUT http://localhost:6333/collections/daily_trade_strategies/points?wait=true "HTTP/1.1 200 OK"
2026-03-07 16:15:55,490 - INFO - HTTP Request: PUT http://localhost:6333/collections/trading_results/points?wait=true "HTTP/1.1 200 OK"
2026-03-07 16:15:55,500 - INFO - HTTP Request: PUT http://localhost:6333/collections/stock_recommendations/points?wait=true "HTTP/1.1 200 OK"
2026-03-07 16:15:55,545 - INFO - HTTP Request: PUT http://localhost:6333/collections/daily_trade_strategies/points?wait=true "HTTP/1.1 200 OK"
2026-03-07 16:15:55,550 - INFO - HTTP Request: PUT http://localhost:6333/collections/trading_results/points?wait=true "HTTP/1.1 200 OK"
2026-03-07 16:15:55,560 - INFO - HTTP Request: PUT http://localhost:6333/collections/stock_recommendations/points?wait=true "HTTP/1.1 200 OK"
2026-03-07 16:15:55,608 - INFO - HTTP Request: PUT http://localhost:6333/collections/daily_trade_strategies/points?wait=true "HTTP/1.1 200 OK"
2026-03-07 16:15:55,614 - INFO - HTTP Request: PUT http://localhost:6333/collections/trading_results/points?wait=true "HTTP/1.1 200 OK"
2026-03-07 16:15:55,639 - INFO - HTTP Request: PUT http://localhost:6333/collections/stock_recommendations/points?wait=true "HTTP/1.1 200 OK"
2026-03-07 16:15:55,667 - INFO - HTTP Request: PUT http://localhost:6333/collections/daily_trade_strategies/points?wait=true "HTTP/1.1 200 OK"
2026-03-07 16:15:55,672 - INFO - HTTP Request: PUT http://localhost:6333/collections/trading_results/points?wait=true "HTTP/1.1 200 OK"
2026-03-07 16:15:55,700 - INFO - HTTP Request: PUT http://localhost:6333/collections/stock_recommendations/points?wait=true "HTTP/1.1 200 OK"
2026-03-07 16:15:55,735 - INFO - HTTP Request: PUT http://localhost:6333/collections/daily_trade_strategies/points?wait=true "HTTP/1.1 200 OK"
2026-03-07 16:15:55,739 - INFO - HTTP Request: PUT http://localhost:6333/collections/trading_results/points?wait=true "HTTP/1.1 200 OK"
2026-03-07 16:15:55,748 - INFO - HTTP Request: PUT http://localhost:6333/collections/stock_recommendations/points?wait=true "HTTP/1.1 200 OK"
2026-03-07 16:15:55,776 - INFO - HTTP Request: PUT http://localhost:6333/collections/daily_trade_strategies/points?wait=true "HTTP/1.1 200 OK"
2026-03-07 16:15:55,781 - INFO - HTTP Request: PUT http://localhost:6333/collections/trading_results/points?wait=true "HTTP/1.1 200 OK"
2026-03-07 16:15:55,790 - INFO - HTTP Request: PUT http://localhost:6333/collections/stock_recommendations/points?wait=true "HTTP/1.1 200 OK"
2026-03-07 16:15:55,818 - INFO - HTTP Request: PUT http://localhost:6333/collections/daily_trade_strategies/points?wait=true "HTTP/1.1 200 OK"
2026-03-07 16:15:55,824 - INFO - HTTP Request: PUT http://localhost:6333/collections/trading_results/points?wait=true "HTTP/1.1 200 OK"
2026-03-07 16:15:55,833 - INFO - HTTP Request: PUT http://localhost:6333/collections/stock_recommendations/points?wait=true "HTTP/1.1 200 OK"
2026-03-07 16:15:55,859 - INFO - HTTP Request: PUT http://localhost:6333/collections/daily_trade_strategies/points?wait=true "HTTP/1.1 200 OK"
2026-03-07 16:15:55,864 - INFO - HTTP Request: PUT http://localhost:6333/collections/trading_results/points?wait=true "HTTP/1.1 200 OK"
2026-03-07 16:15:55,873 - INFO - HTTP Request: PUT http://localhost:6333/collections/stock_recommendations/points?wait=true "HTTP/1.1 200 OK"
2026-03-07 16:15:55,901 - INFO - HTTP Request: PUT http://localhost:6333/collections/daily_trade_strategies/points?wait=true "HTTP/1.1 200 OK"
2026-03-07 16:15:55,906 - INFO - HTTP Request: PUT http://localhost:6333/collections/trading_results/points?wait=true "HTTP/1.1 200 OK"
2026-03-07 16:15:55,915 - INFO - HTTP Request: PUT http://localhost:6333/collections/stock_recommendations/points?wait=true "HTTP/1.1 200 OK"
2026-03-07 16:15:55,968 - INFO - HTTP Request: PUT http://localhost:6333/collections/daily_trade_strategies/points?wait=true "HTTP/1.1 200 OK"
2026-03-07 16:15:55,997 - INFO - HTTP Request: PUT http://localhost:6333/collections/trading_results/points?wait=true "HTTP/1.1 200 OK"
2026-03-07 16:15:56,008 - INFO - HTTP Request: PUT http://localhost:6333/collections/stock_recommendations/points?wait=true "HTTP/1.1 200 OK"
2026-03-07 16:15:56,040 - INFO - HTTP Request: PUT http://localhost:6333/collections/daily_trade_strategies/points?wait=true "HTTP/1.1 200 OK"
2026-03-07 16:15:56,046 - INFO - HTTP Request: PUT http://localhost:6333/collections/trading_results/points?wait=true "HTTP/1.1 200 OK"
2026-03-07 16:15:56,063 - INFO - HTTP Request: PUT http://localhost:6333/collections/stock_recommendations/points?wait=true "HTTP/1.1 200 OK"
2026-03-07 16:15:56,092 - INFO - HTTP Request: PUT http://localhost:6333/collections/daily_trade_strategies/points?wait=true "HTTP/1.1 200 OK"
2026-03-07 16:15:56,109 - INFO - HTTP Request: PUT http://localhost:6333/collections/trading_results/points?wait=true "HTTP/1.1 200 OK"
2026-03-07 16:15:56,179 - INFO - HTTP Request: PUT http://localhost:6333/collections/stock_recommendations/points?wait=true "HTTP/1.1 200 OK"
2026-03-07 16:15:56,216 - INFO - HTTP Request: PUT http://localhost:6333/collections/daily_trade_strategies/points?wait=true "HTTP/1.1 200 OK"
2026-03-07 16:15:56,227 - INFO - HTTP Request: PUT http://localhost:6333/collections/trading_results/points?wait=true "HTTP/1.1 200 OK"
2026-03-07 16:15:56,246 - INFO - HTTP Request: PUT http://localhost:6333/collections/stock_recommendations/points?wait=true "HTTP/1.1 200 OK"
2026-03-07 16:15:56,287 - INFO - HTTP Request: PUT http://localhost:6333/collections/daily_trade_strategies/points?wait=true "HTTP/1.1 200 OK"
2026-03-07 16:15:56,315 - INFO - HTTP Request: PUT http://localhost:6333/collections/trading_results/points?wait=true "HTTP/1.1 200 OK"
2026-03-07 16:15:56,328 - INFO - HTTP Request: PUT http://localhost:6333/collections/stock_recommendations/points?wait=true "HTTP/1.1 200 OK"
2026-03-07 16:15:56,387 - INFO - HTTP Request: PUT http://localhost:6333/collections/daily_trade_strategies/points?wait=true "HTTP/1.1 200 OK"
2026-03-07 16:15:56,398 - INFO - HTTP Request: PUT http://localhost:6333/collections/trading_results/points?wait=true "HTTP/1.1 200 OK"
2026-03-07 16:15:56,413 - INFO - HTTP Request: PUT http://localhost:6333/collections/stock_recommendations/points?wait=true "HTTP/1.1 200 OK"
2026-03-07 16:15:56,457 - INFO - HTTP Request: PUT http://localhost:6333/collections/daily_trade_strategies/points?wait=true "HTTP/1.1 200 OK"
2026-03-07 16:15:56,470 - INFO - HTTP Request: PUT http://localhost:6333/collections/trading_results/points?wait=true "HTTP/1.1 200 OK"
2026-03-07 16:15:56,487 - INFO - HTTP Request: PUT http://localhost:6333/collections/stock_recommendations/points?wait=true "HTTP/1.1 200 OK"
2026-03-07 16:15:56,516 - INFO - HTTP Request: PUT http://localhost:6333/collections/daily_trade_strategies/points?wait=true "HTTP/1.1 200 OK"
2026-03-07 16:15:56,521 - INFO - HTTP Request: PUT http://localhost:6333/collections/trading_results/points?wait=true "HTTP/1.1 200 OK"
2026-03-07 16:15:56,552 - INFO - HTTP Request: PUT http://localhost:6333/collections/stock_recommendations/points?wait=true "HTTP/1.1 200 OK"
2026-03-07 16:15:56,583 - INFO - HTTP Request: PUT http://localhost:6333/collections/daily_trade_strategies/points?wait=true "HTTP/1.1 200 OK"
2026-03-07 16:15:56,587 - INFO - HTTP Request: PUT http://localhost:6333/collections/trading_results/points?wait=true "HTTP/1.1 200 OK"
2026-03-07 16:15:56,603 - INFO - HTTP Request: PUT http://localhost:6333/collections/stock_recommendations/points?wait=true "HTTP/1.1 200 OK"
2026-03-07 16:15:56,635 - INFO - HTTP Request: PUT http://localhost:6333/collections/daily_trade_strategies/points?wait=true "HTTP/1.1 200 OK"
2026-03-07 16:15:56,638 - INFO - HTTP Request: PUT http://localhost:6333/collections/trading_results/points?wait=true "HTTP/1.1 200 OK"
2026-03-07 16:15:56,658 - INFO - HTTP Request: PUT http://localhost:6333/collections/stock_recommendations/points?wait=true "HTTP/1.1 200 OK"
2026-03-07 16:15:56,708 - INFO - HTTP Request: PUT http://localhost:6333/collections/daily_trade_strategies/points?wait=true "HTTP/1.1 200 OK"
2026-03-07 16:15:56,736 - INFO - HTTP Request: PUT http://localhost:6333/collections/trading_results/points?wait=true "HTTP/1.1 200 OK"
2026-03-07 16:15:56,774 - INFO - HTTP Request: PUT http://localhost:6333/collections/stock_recommendations/points?wait=true "HTTP/1.1 200 OK"
2026-03-07 16:15:56,805 - INFO - HTTP Request: PUT http://localhost:6333/collections/daily_trade_strategies/points?wait=true "HTTP/1.1 200 OK"
2026-03-07 16:15:56,810 - INFO - HTTP Request: PUT http://localhost:6333/collections/trading_results/points?wait=true "HTTP/1.1 200 OK"
2026-03-07 16:15:56,819 - INFO - HTTP Request: PUT http://localhost:6333/collections/stock_recommendations/points?wait=true "HTTP/1.1 200 OK"
2026-03-07 16:15:56,856 - INFO - HTTP Request: PUT http://localhost:6333/collections/daily_trade_strategies/points?wait=true "HTTP/1.1 200 OK"
2026-03-07 16:15:56,880 - INFO - HTTP Request: PUT http://localhost:6333/collections/trading_results/points?wait=true "HTTP/1.1 200 OK"
2026-03-07 16:15:56,890 - INFO - HTTP Request: PUT http://localhost:6333/collections/stock_recommendations/points?wait=true "HTTP/1.1 200 OK"
2026-03-07 16:15:56,919 - INFO - HTTP Request: PUT http://localhost:6333/collections/daily_trade_strategies/points?wait=true "HTTP/1.1 200 OK"
2026-03-07 16:15:56,925 - INFO - HTTP Request: PUT http://localhost:6333/collections/trading_results/points?wait=true "HTTP/1.1 200 OK"
2026-03-07 16:15:56,935 - INFO - HTTP Request: PUT http://localhost:6333/collections/stock_recommendations/points?wait=true "HTTP/1.1 200 OK"
2026-03-07 16:15:56,977 - INFO - HTTP Request: PUT http://localhost:6333/collections/daily_trade_strategies/points?wait=true "HTTP/1.1 200 OK"
2026-03-07 16:15:57,005 - INFO - HTTP Request: PUT http://localhost:6333/collections/trading_results/points?wait=true "HTTP/1.1 200 OK"
2026-03-07 16:15:57,016 - INFO - HTTP Request: PUT http://localhost:6333/collections/stock_recommendations/points?wait=true "HTTP/1.1 200 OK"
2026-03-07 16:15:57,044 - INFO - HTTP Request: PUT http://localhost:6333/collections/daily_trade_strategies/points?wait=true "HTTP/1.1 200 OK"
2026-03-07 16:15:57,069 - INFO - HTTP Request: PUT http://localhost:6333/collections/trading_results/points?wait=true "HTTP/1.1 200 OK"
2026-03-07 16:15:57,080 - INFO - HTTP Request: PUT http://localhost:6333/collections/stock_recommendations/points?wait=true "HTTP/1.1 200 OK"
2026-03-07 16:15:57,108 - INFO - HTTP Request: PUT http://localhost:6333/collections/daily_trade_strategies/points?wait=true "HTTP/1.1 200 OK"
2026-03-07 16:15:57,113 - INFO - HTTP Request: PUT http://localhost:6333/collections/trading_results/points?wait=true "HTTP/1.1 200 OK"
2026-03-07 16:15:57,123 - INFO - HTTP Request: PUT http://localhost:6333/collections/stock_recommendations/points?wait=true "HTTP/1.1 200 OK"
2026-03-07 16:15:57,153 - INFO - HTTP Request: PUT http://localhost:6333/collections/daily_trade_strategies/points?wait=true "HTTP/1.1 200 OK"
2026-03-07 16:15:57,157 - INFO - HTTP Request: PUT http://localhost:6333/collections/trading_results/points?wait=true "HTTP/1.1 200 OK"
2026-03-07 16:15:57,183 - INFO - HTTP Request: PUT http://localhost:6333/collections/stock_recommendations/points?wait=true "HTTP/1.1 200 OK"
2026-03-07 16:15:57,209 - INFO - HTTP Request: PUT http://localhost:6333/collections/daily_trade_strategies/points?wait=true "HTTP/1.1 200 OK"
2026-03-07 16:15:57,214 - INFO - HTTP Request: PUT http://localhost:6333/collections/trading_results/points?wait=true "HTTP/1.1 200 OK"
2026-03-07 16:15:57,223 - INFO - HTTP Request: PUT http://localhost:6333/collections/stock_recommendations/points?wait=true "HTTP/1.1 200 OK"
2026-03-07 16:15:57,251 - INFO - HTTP Request: PUT http://localhost:6333/collections/daily_trade_strategies/points?wait=true "HTTP/1.1 200 OK"
2026-03-07 16:15:57,275 - INFO - HTTP Request: PUT http://localhost:6333/collections/trading_results/points?wait=true "HTTP/1.1 200 OK"
2026-03-07 16:15:57,285 - INFO - HTTP Request: PUT http://localhost:6333/collections/stock_recommendations/points?wait=true "HTTP/1.1 200 OK"
2026-03-07 16:15:57,313 - INFO - HTTP Request: PUT http://localhost:6333/collections/daily_trade_strategies/points?wait=true "HTTP/1.1 200 OK"
2026-03-07 16:15:57,318 - INFO - HTTP Request: PUT http://localhost:6333/collections/trading_results/points?wait=true "HTTP/1.1 200 OK"
2026-03-07 16:15:57,328 - INFO - HTTP Request: PUT http://localhost:6333/collections/stock_recommendations/points?wait=true "HTTP/1.1 200 OK"
2026-03-07 16:15:57,356 - INFO - HTTP Request: PUT http://localhost:6333/collections/daily_trade_strategies/points?wait=true "HTTP/1.1 200 OK"
2026-03-07 16:15:57,360 - INFO - HTTP Request: PUT http://localhost:6333/collections/trading_results/points?wait=true "HTTP/1.1 200 OK"
2026-03-07 16:15:57,371 - INFO - HTTP Request: PUT http://localhost:6333/collections/stock_recommendations/points?wait=true "HTTP/1.1 200 OK"
2026-03-07 16:15:57,400 - INFO - HTTP Request: PUT http://localhost:6333/collections/daily_trade_strategies/points?wait=true "HTTP/1.1 200 OK"
2026-03-07 16:15:57,409 - INFO - HTTP Request: PUT http://localhost:6333/collections/trading_results/points?wait=true "HTTP/1.1 200 OK"
2026-03-07 16:15:57,424 - INFO - HTTP Request: PUT http://localhost:6333/collections/stock_recommendations/points?wait=true "HTTP/1.1 200 OK"
2026-03-07 16:15:57,455 - INFO - HTTP Request: PUT http://localhost:6333/collections/daily_trade_strategies/points?wait=true "HTTP/1.1 200 OK"
2026-03-07 16:15:57,462 - INFO - HTTP Request: PUT http://localhost:6333/collections/trading_results/points?wait=true "HTTP/1.1 200 OK"
2026-03-07 16:15:57,472 - INFO - HTTP Request: PUT http://localhost:6333/collections/stock_recommendations/points?wait=true "HTTP/1.1 200 OK"
2026-03-07 16:15:57,541 - INFO - HTTP Request: PUT http://localhost:6333/collections/daily_trade_strategies/points?wait=true "HTTP/1.1 200 OK"
2026-03-07 16:15:57,548 - INFO - HTTP Request: PUT http://localhost:6333/collections/trading_results/points?wait=true "HTTP/1.1 200 OK"
2026-03-07 16:15:57,566 - INFO - HTTP Request: PUT http://localhost:6333/collections/stock_recommendations/points?wait=true "HTTP/1.1 200 OK"
2026-03-07 16:15:57,634 - INFO - HTTP Request: PUT http://localhost:6333/collections/daily_trade_strategies/points?wait=true "HTTP/1.1 200 OK"
2026-03-07 16:15:57,642 - INFO - HTTP Request: PUT http://localhost:6333/collections/trading_results/points?wait=true "HTTP/1.1 200 OK"
2026-03-07 16:15:57,667 - INFO - HTTP Request: PUT http://localhost:6333/collections/stock_recommendations/points?wait=true "HTTP/1.1 200 OK"
2026-03-07 16:15:57,694 - INFO - HTTP Request: PUT http://localhost:6333/collections/daily_trade_strategies/points?wait=true "HTTP/1.1 200 OK"
2026-03-07 16:15:57,699 - INFO - HTTP Request: PUT http://localhost:6333/collections/trading_results/points?wait=true "HTTP/1.1 200 OK"
2026-03-07 16:15:57,708 - INFO - HTTP Request: PUT http://localhost:6333/collections/stock_recommendations/points?wait=true "HTTP/1.1 200 OK"
2026-03-07 16:15:57,761 - INFO - HTTP Request: PUT http://localhost:6333/collections/daily_trade_strategies/points?wait=true "HTTP/1.1 200 OK"
2026-03-07 16:15:57,765 - INFO - HTTP Request: PUT http://localhost:6333/collections/trading_results/points?wait=true "HTTP/1.1 200 OK"
2026-03-07 16:15:57,775 - INFO - HTTP Request: PUT http://localhost:6333/collections/stock_recommendations/points?wait=true "HTTP/1.1 200 OK"
2026-03-07 16:15:57,803 - INFO - HTTP Request: PUT http://localhost:6333/collections/daily_trade_strategies/points?wait=true "HTTP/1.1 200 OK"
2026-03-07 16:15:57,809 - INFO - HTTP Request: PUT http://localhost:6333/collections/trading_results/points?wait=true "HTTP/1.1 200 OK"
2026-03-07 16:15:57,820 - INFO - HTTP Request: PUT http://localhost:6333/collections/stock_recommendations/points?wait=true "HTTP/1.1 200 OK"
2026-03-07 16:15:57,848 - INFO - HTTP Request: PUT http://localhost:6333/collections/daily_trade_strategies/points?wait=true "HTTP/1.1 200 OK"
2026-03-07 16:15:57,853 - INFO - HTTP Request: PUT http://localhost:6333/collections/trading_results/points?wait=true "HTTP/1.1 200 OK"
2026-03-07 16:15:57,862 - INFO - HTTP Request: PUT http://localhost:6333/collections/stock_recommendations/points?wait=true "HTTP/1.1 200 OK"
2026-03-07 16:15:57,889 - INFO - HTTP Request: PUT http://localhost:6333/collections/daily_trade_strategies/points?wait=true "HTTP/1.1 200 OK"
2026-03-07 16:15:57,894 - INFO - HTTP Request: PUT http://localhost:6333/collections/trading_results/points?wait=true "HTTP/1.1 200 OK"
2026-03-07 16:15:57,904 - INFO - HTTP Request: PUT http://localhost:6333/collections/stock_recommendations/points?wait=true "HTTP/1.1 200 OK"
2026-03-07 16:15:57,935 - INFO - HTTP Request: PUT http://localhost:6333/collections/daily_trade_strategies/points?wait=true "HTTP/1.1 200 OK"
2026-03-07 16:15:57,943 - INFO - HTTP Request: PUT http://localhost:6333/collections/trading_results/points?wait=true "HTTP/1.1 200 OK"
2026-03-07 16:15:57,967 - INFO - HTTP Request: PUT http://localhost:6333/collections/stock_recommendations/points?wait=true "HTTP/1.1 200 OK"
2026-03-07 16:15:58,015 - INFO - HTTP Request: PUT http://localhost:6333/collections/daily_trade_strategies/points?wait=true "HTTP/1.1 200 OK"
2026-03-07 16:15:58,020 - INFO - HTTP Request: PUT http://localhost:6333/collections/trading_results/points?wait=true "HTTP/1.1 200 OK"
2026-03-07 16:15:58,049 - INFO - HTTP Request: PUT http://localhost:6333/collections/stock_recommendations/points?wait=true "HTTP/1.1 200 OK"
2026-03-07 16:15:58,078 - INFO - HTTP Request: PUT http://localhost:6333/collections/daily_trade_strategies/points?wait=true "HTTP/1.1 200 OK"
2026-03-07 16:15:58,087 - INFO - HTTP Request: PUT http://localhost:6333/collections/trading_results/points?wait=true "HTTP/1.1 200 OK"
2026-03-07 16:15:58,122 - INFO - HTTP Request: PUT http://localhost:6333/collections/stock_recommendations/points?wait=true "HTTP/1.1 200 OK"
2026-03-07 16:15:58,171 - INFO - HTTP Request: PUT http://localhost:6333/collections/daily_trade_strategies/points?wait=true "HTTP/1.1 200 OK"
2026-03-07 16:15:58,179 - INFO - HTTP Request: PUT http://localhost:6333/collections/trading_results/points?wait=true "HTTP/1.1 200 OK"
2026-03-07 16:15:58,191 - INFO - HTTP Request: PUT http://localhost:6333/collections/stock_recommendations/points?wait=true "HTTP/1.1 200 OK"
2026-03-07 16:15:58,225 - INFO - HTTP Request: PUT http://localhost:6333/collections/daily_trade_strategies/points?wait=true "HTTP/1.1 200 OK"
2026-03-07 16:15:58,231 - INFO - HTTP Request: PUT http://localhost:6333/collections/trading_results/points?wait=true "HTTP/1.1 200 OK"
2026-03-07 16:15:58,243 - INFO - HTTP Request: PUT http://localhost:6333/collections/stock_recommendations/points?wait=true "HTTP/1.1 200 OK"
2026-03-07 16:15:58,273 - INFO - HTTP Request: PUT http://localhost:6333/collections/daily_trade_strategies/points?wait=true "HTTP/1.1 200 OK"
2026-03-07 16:15:58,278 - INFO - HTTP Request: PUT http://localhost:6333/collections/trading_results/points?wait=true "HTTP/1.1 200 OK"
2026-03-07 16:15:58,289 - INFO - HTTP Request: PUT http://localhost:6333/collections/stock_recommendations/points?wait=true "HTTP/1.1 200 OK"
2026-03-07 16:15:58,337 - INFO - HTTP Request: PUT http://localhost:6333/collections/daily_trade_strategies/points?wait=true "HTTP/1.1 200 OK"
2026-03-07 16:15:58,342 - INFO - HTTP Request: PUT http://localhost:6333/collections/trading_results/points?wait=true "HTTP/1.1 200 OK"
2026-03-07 16:15:58,355 - INFO - HTTP Request: PUT http://localhost:6333/collections/stock_recommendations/points?wait=true "HTTP/1.1 200 OK"
2026-03-07 16:15:58,400 - INFO - HTTP Request: PUT http://localhost:6333/collections/daily_trade_strategies/points?wait=true "HTTP/1.1 200 OK"
2026-03-07 16:15:58,429 - INFO - HTTP Request: PUT http://localhost:6333/collections/trading_results/points?wait=true "HTTP/1.1 200 OK"
2026-03-07 16:15:58,446 - INFO - HTTP Request: PUT http://localhost:6333/collections/stock_recommendations/points?wait=true "HTTP/1.1 200 OK"
2026-03-07 16:15:58,478 - INFO - HTTP Request: PUT http://localhost:6333/collections/daily_trade_strategies/points?wait=true "HTTP/1.1 200 OK"
2026-03-07 16:15:58,484 - INFO - HTTP Request: PUT http://localhost:6333/collections/trading_results/points?wait=true "HTTP/1.1 200 OK"
2026-03-07 16:15:58,511 - INFO - HTTP Request: PUT http://localhost:6333/collections/stock_recommendations/points?wait=true "HTTP/1.1 200 OK"
2026-03-07 16:15:58,630 - INFO - HTTP Request: PUT http://localhost:6333/collections/daily_trade_strategies/points?wait=true "HTTP/1.1 200 OK"
2026-03-07 16:15:58,636 - INFO - HTTP Request: PUT http://localhost:6333/collections/trading_results/points?wait=true "HTTP/1.1 200 OK"
2026-03-07 16:15:58,654 - INFO - HTTP Request: PUT http://localhost:6333/collections/stock_recommendations/points?wait=true "HTTP/1.1 200 OK"
2026-03-07 16:15:58,697 - INFO - HTTP Request: PUT http://localhost:6333/collections/daily_trade_strategies/points?wait=true "HTTP/1.1 200 OK"
2026-03-07 16:15:58,703 - INFO - HTTP Request: PUT http://localhost:6333/collections/trading_results/points?wait=true "HTTP/1.1 200 OK"
2026-03-07 16:15:58,717 - INFO - HTTP Request: PUT http://localhost:6333/collections/stock_recommendations/points?wait=true "HTTP/1.1 200 OK"
2026-03-07 16:15:58,762 - INFO - HTTP Request: PUT http://localhost:6333/collections/daily_trade_strategies/points?wait=true "HTTP/1.1 200 OK"
2026-03-07 16:15:58,785 - INFO - HTTP Request: PUT http://localhost:6333/collections/trading_results/points?wait=true "HTTP/1.1 200 OK"
2026-03-07 16:15:58,822 - INFO - HTTP Request: PUT http://localhost:6333/collections/stock_recommendations/points?wait=true "HTTP/1.1 200 OK"
2026-03-07 16:15:58,861 - INFO - HTTP Request: PUT http://localhost:6333/collections/daily_trade_strategies/points?wait=true "HTTP/1.1 200 OK"
2026-03-07 16:15:58,869 - INFO - HTTP Request: PUT http://localhost:6333/collections/trading_results/points?wait=true "HTTP/1.1 200 OK"
2026-03-07 16:15:58,900 - INFO - HTTP Request: PUT http://localhost:6333/collections/stock_recommendations/points?wait=true "HTTP/1.1 200 OK"
2026-03-07 16:15:58,933 - INFO - HTTP Request: PUT http://localhost:6333/collections/daily_trade_strategies/points?wait=true "HTTP/1.1 200 OK"
2026-03-07 16:15:58,941 - INFO - HTTP Request: PUT http://localhost:6333/collections/trading_results/points?wait=true "HTTP/1.1 200 OK"
2026-03-07 16:15:58,981 - INFO - HTTP Request: PUT http://localhost:6333/collections/stock_recommendations/points?wait=true "HTTP/1.1 200 OK"
2026-03-07 16:15:59,023 - INFO - HTTP Request: PUT http://localhost:6333/collections/daily_trade_strategies/points?wait=true "HTTP/1.1 200 OK"
2026-03-07 16:15:59,028 - INFO - HTTP Request: PUT http://localhost:6333/collections/trading_results/points?wait=true "HTTP/1.1 200 OK"
2026-03-07 16:15:59,041 - INFO - HTTP Request: PUT http://localhost:6333/collections/stock_recommendations/points?wait=true "HTTP/1.1 200 OK"
2026-03-07 16:15:59,071 - INFO - HTTP Request: PUT http://localhost:6333/collections/daily_trade_strategies/points?wait=true "HTTP/1.1 200 OK"
2026-03-07 16:15:59,076 - INFO - HTTP Request: PUT http://localhost:6333/collections/trading_results/points?wait=true "HTTP/1.1 200 OK"
2026-03-07 16:15:59,087 - INFO - HTTP Request: PUT http://localhost:6333/collections/stock_recommendations/points?wait=true "HTTP/1.1 200 OK"
2026-03-07 16:15:59,134 - INFO - HTTP Request: PUT http://localhost:6333/collections/daily_trade_strategies/points?wait=true "HTTP/1.1 200 OK"
2026-03-07 16:15:59,139 - INFO - HTTP Request: PUT http://localhost:6333/collections/trading_results/points?wait=true "HTTP/1.1 200 OK"
2026-03-07 16:15:59,154 - INFO - HTTP Request: PUT http://localhost:6333/collections/stock_recommendations/points?wait=true "HTTP/1.1 200 OK"
2026-03-07 16:15:59,184 - INFO - HTTP Request: PUT http://localhost:6333/collections/daily_trade_strategies/points?wait=true "HTTP/1.1 200 OK"
2026-03-07 16:15:59,193 - INFO - HTTP Request: PUT http://localhost:6333/collections/trading_results/points?wait=true "HTTP/1.1 200 OK"
2026-03-07 16:15:59,207 - INFO - HTTP Request: PUT http://localhost:6333/collections/stock_recommendations/points?wait=true "HTTP/1.1 200 OK"
2026-03-07 16:15:59,238 - INFO - HTTP Request: PUT http://localhost:6333/collections/daily_trade_strategies/points?wait=true "HTTP/1.1 200 OK"
2026-03-07 16:15:59,242 - INFO - HTTP Request: PUT http://localhost:6333/collections/trading_results/points?wait=true "HTTP/1.1 200 OK"
2026-03-07 16:15:59,252 - INFO - HTTP Request: PUT http://localhost:6333/collections/stock_recommendations/points?wait=true "HTTP/1.1 200 OK"
2026-03-07 16:15:59,306 - INFO - HTTP Request: PUT http://localhost:6333/collections/daily_trade_strategies/points?wait=true "HTTP/1.1 200 OK"
2026-03-07 16:15:59,311 - INFO - HTTP Request: PUT http://localhost:6333/collections/trading_results/points?wait=true "HTTP/1.1 200 OK"
2026-03-07 16:15:59,321 - INFO - HTTP Request: PUT http://localhost:6333/collections/stock_recommendations/points?wait=true "HTTP/1.1 200 OK"
2026-03-07 16:15:59,351 - INFO - HTTP Request: PUT http://localhost:6333/collections/daily_trade_strategies/points?wait=true "HTTP/1.1 200 OK"
2026-03-07 16:15:59,357 - INFO - HTTP Request: PUT http://localhost:6333/collections/trading_results/points?wait=true "HTTP/1.1 200 OK"
2026-03-07 16:15:59,372 - INFO - HTTP Request: PUT http://localhost:6333/collections/stock_recommendations/points?wait=true "HTTP/1.1 200 OK"
2026-03-07 16:15:59,413 - INFO - HTTP Request: PUT http://localhost:6333/collections/daily_trade_strategies/points?wait=true "HTTP/1.1 200 OK"
2026-03-07 16:15:59,419 - INFO - HTTP Request: PUT http://localhost:6333/collections/trading_results/points?wait=true "HTTP/1.1 200 OK"
2026-03-07 16:15:59,432 - INFO - HTTP Request: PUT http://localhost:6333/collections/stock_recommendations/points?wait=true "HTTP/1.1 200 OK"
2026-03-07 16:15:59,480 - INFO - HTTP Request: PUT http://localhost:6333/collections/daily_trade_strategies/points?wait=true "HTTP/1.1 200 OK"
2026-03-07 16:15:59,489 - INFO - HTTP Request: PUT http://localhost:6333/collections/trading_results/points?wait=true "HTTP/1.1 200 OK"
2026-03-07 16:15:59,524 - INFO - HTTP Request: PUT http://localhost:6333/collections/stock_recommendations/points?wait=true "HTTP/1.1 200 OK"
2026-03-07 16:15:59,588 - INFO - HTTP Request: PUT http://localhost:6333/collections/daily_trade_strategies/points?wait=true "HTTP/1.1 200 OK"
2026-03-07 16:15:59,611 - INFO - HTTP Request: PUT http://localhost:6333/collections/trading_results/points?wait=true "HTTP/1.1 200 OK"
2026-03-07 16:15:59,624 - INFO - HTTP Request: PUT http://localhost:6333/collections/stock_recommendations/points?wait=true "HTTP/1.1 200 OK"
2026-03-07 16:15:59,663 - INFO - HTTP Request: PUT http://localhost:6333/collections/daily_trade_strategies/points?wait=true "HTTP/1.1 200 OK"
2026-03-07 16:15:59,690 - INFO - HTTP Request: PUT http://localhost:6333/collections/trading_results/points?wait=true "HTTP/1.1 200 OK"
2026-03-07 16:15:59,701 - INFO - HTTP Request: PUT http://localhost:6333/collections/stock_recommendations/points?wait=true "HTTP/1.1 200 OK"
2026-03-07 16:15:59,741 - INFO - HTTP Request: PUT http://localhost:6333/collections/daily_trade_strategies/points?wait=true "HTTP/1.1 200 OK"
2026-03-07 16:15:59,745 - INFO - HTTP Request: PUT http://localhost:6333/collections/trading_results/points?wait=true "HTTP/1.1 200 OK"
2026-03-07 16:15:59,757 - INFO - HTTP Request: PUT http://localhost:6333/collections/stock_recommendations/points?wait=true "HTTP/1.1 200 OK"
2026-03-07 16:15:59,804 - INFO - HTTP Request: PUT http://localhost:6333/collections/daily_trade_strategies/points?wait=true "HTTP/1.1 200 OK"
2026-03-07 16:15:59,808 - INFO - HTTP Request: PUT http://localhost:6333/collections/trading_results/points?wait=true "HTTP/1.1 200 OK"
2026-03-07 16:15:59,818 - INFO - HTTP Request: PUT http://localhost:6333/collections/stock_recommendations/points?wait=true "HTTP/1.1 200 OK"
2026-03-07 16:15:59,848 - INFO - HTTP Request: PUT http://localhost:6333/collections/daily_trade_strategies/points?wait=true "HTTP/1.1 200 OK"
2026-03-07 16:15:59,853 - INFO - HTTP Request: PUT http://localhost:6333/collections/trading_results/points?wait=true "HTTP/1.1 200 OK"
2026-03-07 16:15:59,864 - INFO - HTTP Request: PUT http://localhost:6333/collections/stock_recommendations/points?wait=true "HTTP/1.1 200 OK"
2026-03-07 16:15:59,893 - INFO - HTTP Request: PUT http://localhost:6333/collections/daily_trade_strategies/points?wait=true "HTTP/1.1 200 OK"
2026-03-07 16:15:59,899 - INFO - HTTP Request: PUT http://localhost:6333/collections/trading_results/points?wait=true "HTTP/1.1 200 OK"
2026-03-07 16:15:59,911 - INFO - HTTP Request: PUT http://localhost:6333/collections/stock_recommendations/points?wait=true "HTTP/1.1 200 OK"
2026-03-07 16:15:59,940 - INFO - HTTP Request: PUT http://localhost:6333/collections/daily_trade_strategies/points?wait=true "HTTP/1.1 200 OK"
2026-03-07 16:15:59,945 - INFO - HTTP Request: PUT http://localhost:6333/collections/trading_results/points?wait=true "HTTP/1.1 200 OK"
2026-03-07 16:15:59,954 - INFO - HTTP Request: PUT http://localhost:6333/collections/stock_recommendations/points?wait=true "HTTP/1.1 200 OK"
2026-03-07 16:15:59,987 - INFO - HTTP Request: PUT http://localhost:6333/collections/daily_trade_strategies/points?wait=true "HTTP/1.1 200 OK"
2026-03-07 16:15:59,992 - INFO - HTTP Request: PUT http://localhost:6333/collections/trading_results/points?wait=true "HTTP/1.1 200 OK"
2026-03-07 16:16:00,004 - INFO - HTTP Request: PUT http://localhost:6333/collections/stock_recommendations/points?wait=true "HTTP/1.1 200 OK"
2026-03-07 16:16:00,038 - INFO - HTTP Request: PUT http://localhost:6333/collections/daily_trade_strategies/points?wait=true "HTTP/1.1 200 OK"
2026-03-07 16:16:00,043 - INFO - HTTP Request: PUT http://localhost:6333/collections/trading_results/points?wait=true "HTTP/1.1 200 OK"
2026-03-07 16:16:00,054 - INFO - HTTP Request: PUT http://localhost:6333/collections/stock_recommendations/points?wait=true "HTTP/1.1 200 OK"
2026-03-07 16:16:00,082 - INFO - HTTP Request: PUT http://localhost:6333/collections/daily_trade_strategies/points?wait=true "HTTP/1.1 200 OK"
2026-03-07 16:16:00,089 - INFO - HTTP Request: PUT http://localhost:6333/collections/trading_results/points?wait=true "HTTP/1.1 200 OK"
2026-03-07 16:16:00,098 - INFO - HTTP Request: PUT http://localhost:6333/collections/stock_recommendations/points?wait=true "HTTP/1.1 200 OK"
2026-03-07 16:16:00,126 - INFO - HTTP Request: PUT http://localhost:6333/collections/daily_trade_strategies/points?wait=true "HTTP/1.1 200 OK"
2026-03-07 16:16:00,132 - INFO - HTTP Request: PUT http://localhost:6333/collections/trading_results/points?wait=true "HTTP/1.1 200 OK"
2026-03-07 16:16:00,141 - INFO - HTTP Request: PUT http://localhost:6333/collections/stock_recommendations/points?wait=true "HTTP/1.1 200 OK"
2026-03-07 16:16:00,169 - INFO - HTTP Request: PUT http://localhost:6333/collections/daily_trade_strategies/points?wait=true "HTTP/1.1 200 OK"
2026-03-07 16:16:00,175 - INFO - HTTP Request: PUT http://localhost:6333/collections/trading_results/points?wait=true "HTTP/1.1 200 OK"
2026-03-07 16:16:00,185 - INFO - HTTP Request: PUT http://localhost:6333/collections/stock_recommendations/points?wait=true "HTTP/1.1 200 OK"
2026-03-07 16:16:00,215 - INFO - HTTP Request: PUT http://localhost:6333/collections/daily_trade_strategies/points?wait=true "HTTP/1.1 200 OK"
2026-03-07 16:16:00,220 - INFO - HTTP Request: PUT http://localhost:6333/collections/trading_results/points?wait=true "HTTP/1.1 200 OK"
2026-03-07 16:16:00,230 - INFO - HTTP Request: PUT http://localhost:6333/collections/stock_recommendations/points?wait=true "HTTP/1.1 200 OK"
2026-03-07 16:16:00,272 - INFO - HTTP Request: PUT http://localhost:6333/collections/daily_trade_strategies/points?wait=true "HTTP/1.1 200 OK"
2026-03-07 16:16:00,277 - INFO - HTTP Request: PUT http://localhost:6333/collections/trading_results/points?wait=true "HTTP/1.1 200 OK"
2026-03-07 16:16:00,286 - INFO - HTTP Request: PUT http://localhost:6333/collections/stock_recommendations/points?wait=true "HTTP/1.1 200 OK"
2026-03-07 16:16:00,316 - INFO - HTTP Request: PUT http://localhost:6333/collections/daily_trade_strategies/points?wait=true "HTTP/1.1 200 OK"
2026-03-07 16:16:00,321 - INFO - HTTP Request: PUT http://localhost:6333/collections/trading_results/points?wait=true "HTTP/1.1 200 OK"
2026-03-07 16:16:00,331 - INFO - HTTP Request: PUT http://localhost:6333/collections/stock_recommendations/points?wait=true "HTTP/1.1 200 OK"
2026-03-07 16:16:00,359 - INFO - HTTP Request: PUT http://localhost:6333/collections/daily_trade_strategies/points?wait=true "HTTP/1.1 200 OK"
2026-03-07 16:16:00,363 - INFO - HTTP Request: PUT http://localhost:6333/collections/trading_results/points?wait=true "HTTP/1.1 200 OK"
2026-03-07 16:16:00,373 - INFO - HTTP Request: PUT http://localhost:6333/collections/stock_recommendations/points?wait=true "HTTP/1.1 200 OK"
2026-03-07 16:16:00,401 - INFO - HTTP Request: PUT http://localhost:6333/collections/daily_trade_strategies/points?wait=true "HTTP/1.1 200 OK"
2026-03-07 16:16:00,405 - INFO - HTTP Request: PUT http://localhost:6333/collections/trading_results/points?wait=true "HTTP/1.1 200 OK"
2026-03-07 16:16:00,416 - INFO - HTTP Request: PUT http://localhost:6333/collections/stock_recommendations/points?wait=true "HTTP/1.1 200 OK"
2026-03-07 16:16:00,451 - INFO - HTTP Request: PUT http://localhost:6333/collections/daily_trade_strategies/points?wait=true "HTTP/1.1 200 OK"
2026-03-07 16:16:00,458 - INFO - HTTP Request: PUT http://localhost:6333/collections/trading_results/points?wait=true "HTTP/1.1 200 OK"
2026-03-07 16:16:00,489 - INFO - HTTP Request: PUT http://localhost:6333/collections/stock_recommendations/points?wait=true "HTTP/1.1 200 OK"
2026-03-07 16:16:00,521 - INFO - HTTP Request: PUT http://localhost:6333/collections/daily_trade_strategies/points?wait=true "HTTP/1.1 200 OK"
2026-03-07 16:16:00,526 - INFO - HTTP Request: PUT http://localhost:6333/collections/trading_results/points?wait=true "HTTP/1.1 200 OK"
2026-03-07 16:16:00,550 - INFO - HTTP Request: PUT http://localhost:6333/collections/stock_recommendations/points?wait=true "HTTP/1.1 200 OK"
2026-03-07 16:16:00,577 - INFO - HTTP Request: PUT http://localhost:6333/collections/daily_trade_strategies/points?wait=true "HTTP/1.1 200 OK"
2026-03-07 16:16:00,598 - INFO - HTTP Request: PUT http://localhost:6333/collections/trading_results/points?wait=true "HTTP/1.1 200 OK"
2026-03-07 16:16:00,607 - INFO - HTTP Request: PUT http://localhost:6333/collections/stock_recommendations/points?wait=true "HTTP/1.1 200 OK"
2026-03-07 16:16:00,638 - INFO - HTTP Request: PUT http://localhost:6333/collections/daily_trade_strategies/points?wait=true "HTTP/1.1 200 OK"
2026-03-07 16:16:00,647 - INFO - HTTP Request: PUT http://localhost:6333/collections/trading_results/points?wait=true "HTTP/1.1 200 OK"
2026-03-07 16:16:00,656 - INFO - HTTP Request: PUT http://localhost:6333/collections/stock_recommendations/points?wait=true "HTTP/1.1 200 OK"
2026-03-07 16:16:00,682 - INFO - HTTP Request: PUT http://localhost:6333/collections/daily_trade_strategies/points?wait=true "HTTP/1.1 200 OK"
2026-03-07 16:16:00,688 - INFO - HTTP Request: PUT http://localhost:6333/collections/trading_results/points?wait=true "HTTP/1.1 200 OK"
2026-03-07 16:16:00,696 - INFO - HTTP Request: PUT http://localhost:6333/collections/stock_recommendations/points?wait=true "HTTP/1.1 200 OK"
2026-03-07 16:16:00,723 - INFO - HTTP Request: PUT http://localhost:6333/collections/daily_trade_strategies/points?wait=true "HTTP/1.1 200 OK"
2026-03-07 16:16:00,727 - INFO - HTTP Request: PUT http://localhost:6333/collections/trading_results/points?wait=true "HTTP/1.1 200 OK"
2026-03-07 16:16:00,736 - INFO - HTTP Request: PUT http://localhost:6333/collections/stock_recommendations/points?wait=true "HTTP/1.1 200 OK"
2026-03-07 16:16:00,762 - INFO - HTTP Request: PUT http://localhost:6333/collections/daily_trade_strategies/points?wait=true "HTTP/1.1 200 OK"
2026-03-07 16:16:00,769 - INFO - HTTP Request: PUT http://localhost:6333/collections/trading_results/points?wait=true "HTTP/1.1 200 OK"
2026-03-07 16:16:00,778 - INFO - HTTP Request: PUT http://localhost:6333/collections/stock_recommendations/points?wait=true "HTTP/1.1 200 OK"
2026-03-07 16:16:00,820 - INFO - HTTP Request: PUT http://localhost:6333/collections/daily_trade_strategies/points?wait=true "HTTP/1.1 200 OK"
2026-03-07 16:16:00,827 - INFO - HTTP Request: PUT http://localhost:6333/collections/trading_results/points?wait=true "HTTP/1.1 200 OK"
2026-03-07 16:16:00,842 - INFO - HTTP Request: PUT http://localhost:6333/collections/stock_recommendations/points?wait=true "HTTP/1.1 200 OK"
2026-03-07 16:16:00,871 - INFO - HTTP Request: PUT http://localhost:6333/collections/daily_trade_strategies/points?wait=true "HTTP/1.1 200 OK"
2026-03-07 16:16:00,876 - INFO - HTTP Request: PUT http://localhost:6333/collections/trading_results/points?wait=true "HTTP/1.1 200 OK"
2026-03-07 16:16:00,900 - INFO - HTTP Request: PUT http://localhost:6333/collections/stock_recommendations/points?wait=true "HTTP/1.1 200 OK"
2026-03-07 16:16:00,947 - INFO - HTTP Request: PUT http://localhost:6333/collections/daily_trade_strategies/points?wait=true "HTTP/1.1 200 OK"
2026-03-07 16:16:00,975 - INFO - HTTP Request: PUT http://localhost:6333/collections/trading_results/points?wait=true "HTTP/1.1 200 OK"
2026-03-07 16:16:00,985 - INFO - HTTP Request: PUT http://localhost:6333/collections/stock_recommendations/points?wait=true "HTTP/1.1 200 OK"
2026-03-07 16:16:01,014 - INFO - HTTP Request: PUT http://localhost:6333/collections/daily_trade_strategies/points?wait=true "HTTP/1.1 200 OK"
2026-03-07 16:16:01,020 - INFO - HTTP Request: PUT http://localhost:6333/collections/trading_results/points?wait=true "HTTP/1.1 200 OK"
2026-03-07 16:16:01,040 - INFO - HTTP Request: PUT http://localhost:6333/collections/stock_recommendations/points?wait=true "HTTP/1.1 200 OK"
2026-03-07 16:16:01,068 - INFO - HTTP Request: PUT http://localhost:6333/collections/daily_trade_strategies/points?wait=true "HTTP/1.1 200 OK"
2026-03-07 16:16:01,072 - INFO - HTTP Request: PUT http://localhost:6333/collections/trading_results/points?wait=true "HTTP/1.1 200 OK"
2026-03-07 16:16:01,083 - INFO - HTTP Request: PUT http://localhost:6333/collections/stock_recommendations/points?wait=true "HTTP/1.1 200 OK"
2026-03-07 16:16:01,110 - INFO - HTTP Request: PUT http://localhost:6333/collections/daily_trade_strategies/points?wait=true "HTTP/1.1 200 OK"
2026-03-07 16:16:01,117 - INFO - HTTP Request: PUT http://localhost:6333/collections/trading_results/points?wait=true "HTTP/1.1 200 OK"
2026-03-07 16:16:01,128 - INFO - HTTP Request: PUT http://localhost:6333/collections/stock_recommendations/points?wait=true "HTTP/1.1 200 OK"
2026-03-07 16:16:01,167 - INFO - HTTP Request: PUT http://localhost:6333/collections/daily_trade_strategies/points?wait=true "HTTP/1.1 200 OK"
2026-03-07 16:16:01,171 - INFO - HTTP Request: PUT http://localhost:6333/collections/trading_results/points?wait=true "HTTP/1.1 200 OK"
2026-03-07 16:16:01,180 - INFO - HTTP Request: PUT http://localhost:6333/collections/stock_recommendations/points?wait=true "HTTP/1.1 200 OK"
2026-03-07 16:16:01,209 - INFO - HTTP Request: PUT http://localhost:6333/collections/daily_trade_strategies/points?wait=true "HTTP/1.1 200 OK"
2026-03-07 16:16:01,226 - INFO - HTTP Request: PUT http://localhost:6333/collections/trading_results/points?wait=true "HTTP/1.1 200 OK"
2026-03-07 16:16:01,236 - INFO - HTTP Request: PUT http://localhost:6333/collections/stock_recommendations/points?wait=true "HTTP/1.1 200 OK"
2026-03-07 16:16:01,267 - INFO - HTTP Request: PUT http://localhost:6333/collections/daily_trade_strategies/points?wait=true "HTTP/1.1 200 OK"
2026-03-07 16:16:01,272 - INFO - HTTP Request: PUT http://localhost:6333/collections/trading_results/points?wait=true "HTTP/1.1 200 OK"
2026-03-07 16:16:01,282 - INFO - HTTP Request: PUT http://localhost:6333/collections/stock_recommendations/points?wait=true "HTTP/1.1 200 OK"
2026-03-07 16:16:01,309 - INFO - HTTP Request: PUT http://localhost:6333/collections/daily_trade_strategies/points?wait=true "HTTP/1.1 200 OK"
2026-03-07 16:16:01,314 - INFO - HTTP Request: PUT http://localhost:6333/collections/trading_results/points?wait=true "HTTP/1.1 200 OK"
2026-03-07 16:16:01,326 - INFO - HTTP Request: PUT http://localhost:6333/collections/stock_recommendations/points?wait=true "HTTP/1.1 200 OK"
2026-03-07 16:16:01,355 - INFO - HTTP Request: PUT http://localhost:6333/collections/daily_trade_strategies/points?wait=true "HTTP/1.1 200 OK"
2026-03-07 16:16:01,386 - INFO - HTTP Request: PUT http://localhost:6333/collections/trading_results/points?wait=true "HTTP/1.1 200 OK"
2026-03-07 16:16:01,453 - INFO - HTTP Request: PUT http://localhost:6333/collections/stock_recommendations/points?wait=true "HTTP/1.1 200 OK"
2026-03-07 16:16:01,496 - INFO - HTTP Request: PUT http://localhost:6333/collections/daily_trade_strategies/points?wait=true "HTTP/1.1 200 OK"
2026-03-07 16:16:01,502 - INFO - HTTP Request: PUT http://localhost:6333/collections/trading_results/points?wait=true "HTTP/1.1 200 OK"
2026-03-07 16:16:01,513 - INFO - HTTP Request: PUT http://localhost:6333/collections/stock_recommendations/points?wait=true "HTTP/1.1 200 OK"
2026-03-07 16:16:01,552 - INFO - HTTP Request: PUT http://localhost:6333/collections/daily_trade_strategies/points?wait=true "HTTP/1.1 200 OK"
2026-03-07 16:16:01,557 - INFO - HTTP Request: PUT http://localhost:6333/collections/trading_results/points?wait=true "HTTP/1.1 200 OK"
2026-03-07 16:16:01,569 - INFO - HTTP Request: PUT http://localhost:6333/collections/stock_recommendations/points?wait=true "HTTP/1.1 200 OK"
2026-03-07 16:16:01,604 - INFO - HTTP Request: PUT http://localhost:6333/collections/daily_trade_strategies/points?wait=true "HTTP/1.1 200 OK"
2026-03-07 16:16:01,610 - INFO - HTTP Request: PUT http://localhost:6333/collections/trading_results/points?wait=true "HTTP/1.1 200 OK"
2026-03-07 16:16:01,621 - INFO - HTTP Request: PUT http://localhost:6333/collections/stock_recommendations/points?wait=true "HTTP/1.1 200 OK"
2026-03-07 16:16:01,669 - INFO - HTTP Request: PUT http://localhost:6333/collections/daily_trade_strategies/points?wait=true "HTTP/1.1 200 OK"
2026-03-07 16:16:01,678 - INFO - HTTP Request: PUT http://localhost:6333/collections/trading_results/points?wait=true "HTTP/1.1 200 OK"
2026-03-07 16:16:01,695 - INFO - HTTP Request: PUT http://localhost:6333/collections/stock_recommendations/points?wait=true "HTTP/1.1 200 OK"
2026-03-07 16:16:01,750 - INFO - HTTP Request: PUT http://localhost:6333/collections/daily_trade_strategies/points?wait=true "HTTP/1.1 200 OK"
2026-03-07 16:16:01,786 - INFO - HTTP Request: PUT http://localhost:6333/collections/trading_results/points?wait=true "HTTP/1.1 200 OK"
2026-03-07 16:16:01,807 - INFO - HTTP Request: PUT http://localhost:6333/collections/stock_recommendations/points?wait=true "HTTP/1.1 200 OK"
2026-03-07 16:16:01,849 - INFO - HTTP Request: PUT http://localhost:6333/collections/daily_trade_strategies/points?wait=true "HTTP/1.1 200 OK"
2026-03-07 16:16:01,857 - INFO - HTTP Request: PUT http://localhost:6333/collections/trading_results/points?wait=true "HTTP/1.1 200 OK"
2026-03-07 16:16:01,889 - INFO - HTTP Request: PUT http://localhost:6333/collections/stock_recommendations/points?wait=true "HTTP/1.1 200 OK"
2026-03-07 16:16:01,933 - INFO - HTTP Request: PUT http://localhost:6333/collections/daily_trade_strategies/points?wait=true "HTTP/1.1 200 OK"
2026-03-07 16:16:01,943 - INFO - HTTP Request: PUT http://localhost:6333/collections/trading_results/points?wait=true "HTTP/1.1 200 OK"
2026-03-07 16:16:01,979 - INFO - HTTP Request: PUT http://localhost:6333/collections/stock_recommendations/points?wait=true "HTTP/1.1 200 OK"
2026-03-07 16:16:02,008 - INFO - HTTP Request: PUT http://localhost:6333/collections/daily_trade_strategies/points?wait=true "HTTP/1.1 200 OK"
2026-03-07 16:16:02,012 - INFO - HTTP Request: PUT http://localhost:6333/collections/trading_results/points?wait=true "HTTP/1.1 200 OK"
2026-03-07 16:16:02,022 - INFO - HTTP Request: PUT http://localhost:6333/collections/stock_recommendations/points?wait=true "HTTP/1.1 200 OK"
2026-03-07 16:16:02,049 - INFO - HTTP Request: PUT http://localhost:6333/collections/daily_trade_strategies/points?wait=true "HTTP/1.1 200 OK"
2026-03-07 16:16:02,054 - INFO - HTTP Request: PUT http://localhost:6333/collections/trading_results/points?wait=true "HTTP/1.1 200 OK"
2026-03-07 16:16:02,065 - INFO - HTTP Request: PUT http://localhost:6333/collections/stock_recommendations/points?wait=true "HTTP/1.1 200 OK"
2026-03-07 16:16:02,094 - INFO - HTTP Request: PUT http://localhost:6333/collections/daily_trade_strategies/points?wait=true "HTTP/1.1 200 OK"
2026-03-07 16:16:02,100 - INFO - HTTP Request: PUT http://localhost:6333/collections/trading_results/points?wait=true "HTTP/1.1 200 OK"
2026-03-07 16:16:02,116 - INFO - HTTP Request: PUT http://localhost:6333/collections/stock_recommendations/points?wait=true "HTTP/1.1 200 OK"
2026-03-07 16:16:02,148 - INFO - HTTP Request: PUT http://localhost:6333/collections/daily_trade_strategies/points?wait=true "HTTP/1.1 200 OK"
2026-03-07 16:16:02,153 - INFO - HTTP Request: PUT http://localhost:6333/collections/trading_results/points?wait=true "HTTP/1.1 200 OK"
2026-03-07 16:16:02,163 - INFO - HTTP Request: PUT http://localhost:6333/collections/stock_recommendations/points?wait=true "HTTP/1.1 200 OK"
2026-03-07 16:16:02,191 - INFO - HTTP Request: PUT http://localhost:6333/collections/daily_trade_strategies/points?wait=true "HTTP/1.1 200 OK"
2026-03-07 16:16:02,213 - INFO - HTTP Request: PUT http://localhost:6333/collections/trading_results/points?wait=true "HTTP/1.1 200 OK"
2026-03-07 16:16:02,247 - INFO - HTTP Request: PUT http://localhost:6333/collections/stock_recommendations/points?wait=true "HTTP/1.1 200 OK"
2026-03-07 16:16:02,274 - INFO - HTTP Request: PUT http://localhost:6333/collections/daily_trade_strategies/points?wait=true "HTTP/1.1 200 OK"
2026-03-07 16:16:02,278 - INFO - HTTP Request: PUT http://localhost:6333/collections/trading_results/points?wait=true "HTTP/1.1 200 OK"
2026-03-07 16:16:02,307 - INFO - HTTP Request: PUT http://localhost:6333/collections/stock_recommendations/points?wait=true "HTTP/1.1 200 OK"
2026-03-07 16:16:02,335 - INFO - HTTP Request: PUT http://localhost:6333/collections/daily_trade_strategies/points?wait=true "HTTP/1.1 200 OK"
2026-03-07 16:16:02,340 - INFO - HTTP Request: PUT http://localhost:6333/collections/trading_results/points?wait=true "HTTP/1.1 200 OK"
2026-03-07 16:16:02,349 - INFO - HTTP Request: PUT http://localhost:6333/collections/stock_recommendations/points?wait=true "HTTP/1.1 200 OK"
2026-03-07 16:16:02,404 - INFO - HTTP Request: PUT http://localhost:6333/collections/daily_trade_strategies/points?wait=true "HTTP/1.1 200 OK"
2026-03-07 16:16:02,431 - INFO - HTTP Request: PUT http://localhost:6333/collections/trading_results/points?wait=true "HTTP/1.1 200 OK"
2026-03-07 16:16:02,440 - INFO - HTTP Request: PUT http://localhost:6333/collections/stock_recommendations/points?wait=true "HTTP/1.1 200 OK"
2026-03-07 16:16:02,469 - INFO - HTTP Request: PUT http://localhost:6333/collections/daily_trade_strategies/points?wait=true "HTTP/1.1 200 OK"
2026-03-07 16:16:02,475 - INFO - HTTP Request: PUT http://localhost:6333/collections/trading_results/points?wait=true "HTTP/1.1 200 OK"
2026-03-07 16:16:02,508 - INFO - HTTP Request: PUT http://localhost:6333/collections/stock_recommendations/points?wait=true "HTTP/1.1 200 OK"
2026-03-07 16:16:02,561 - INFO - HTTP Request: PUT http://localhost:6333/collections/daily_trade_strategies/points?wait=true "HTTP/1.1 200 OK"
2026-03-07 16:16:02,566 - INFO - HTTP Request: PUT http://localhost:6333/collections/trading_results/points?wait=true "HTTP/1.1 200 OK"
2026-03-07 16:16:02,576 - INFO - HTTP Request: PUT http://localhost:6333/collections/stock_recommendations/points?wait=true "HTTP/1.1 200 OK"
2026-03-07 16:16:02,603 - INFO - HTTP Request: PUT http://localhost:6333/collections/daily_trade_strategies/points?wait=true "HTTP/1.1 200 OK"
2026-03-07 16:16:02,607 - INFO - HTTP Request: PUT http://localhost:6333/collections/trading_results/points?wait=true "HTTP/1.1 200 OK"
2026-03-07 16:16:02,618 - INFO - HTTP Request: PUT http://localhost:6333/collections/stock_recommendations/points?wait=true "HTTP/1.1 200 OK"
2026-03-07 16:16:02,645 - INFO - HTTP Request: PUT http://localhost:6333/collections/daily_trade_strategies/points?wait=true "HTTP/1.1 200 OK"
2026-03-07 16:16:02,650 - INFO - HTTP Request: PUT http://localhost:6333/collections/trading_results/points?wait=true "HTTP/1.1 200 OK"
2026-03-07 16:16:02,659 - INFO - HTTP Request: PUT http://localhost:6333/collections/stock_recommendations/points?wait=true "HTTP/1.1 200 OK"
2026-03-07 16:16:02,687 - INFO - HTTP Request: PUT http://localhost:6333/collections/daily_trade_strategies/points?wait=true "HTTP/1.1 200 OK"
2026-03-07 16:16:02,691 - INFO - HTTP Request: PUT http://localhost:6333/collections/trading_results/points?wait=true "HTTP/1.1 200 OK"
2026-03-07 16:16:02,692 - INFO - Uploaded 14772 recommendation points.
2026-03-07 16:16:02,692 - INFO - Uploaded 207 trading result points.
2026-03-07 16:16:02,692 - INFO - Uploaded 207 strategy points.
2026-03-07 16:16:02,697 - INFO - HTTP Request: PUT http://localhost:6333/collections/performance_metrics/points?wait=true "HTTP/1.1 200 OK"
2026-03-07 16:16:02,697 - INFO - Uploaded performance snapshot.
2026-03-07 16:16:02,699 - INFO - Progress updated: 207 days | last: 2026-03-05
2026-03-07 16:16:02,699 - INFO - ============================================================
2026-03-07 16:16:02,699 - INFO - DONE — 2026 paper trading complete
2026-03-07 16:16:02,699 - INFO -   2026 predictions : C:\Users\luixj\AI\stock-data\data\processed\phase4\predictions_2026.parquet
2026-03-07 16:16:02,699 - INFO -   Combined preds   : C:\Users\luixj\AI\stock-data\data\processed\phase4\predictions_combined.parquet
2026-03-07 16:16:02,699 - INFO -   Daily results    : C:\Users\luixj\AI\stock-data\data\processed\phase4\phase4_paper_trading_daily.parquet
2026-03-07 16:16:02,699 - INFO -   Summary          : C:\Users\luixj\AI\stock-data\data\processed\phase4\phase4_paper_trading_summary.json
2026-03-07 16:16:02,699 - INFO - ============================================================
2026-03-07 16:16:03,247 - INFO - Prediction refresh completed successfully.
2026-03-07 16:16:03,290 - INFO - No new historical dates available. Last processed: 2026-03-05 | Tradable range: 2025-04-01 to 2026-03-05
2026-03-07 16:16:03,290 - WARNING - Predictions look stale. Refresh with:
2026-03-07 16:16:03,290 - WARNING -   python scripts/paper_trading/run_2026_paper_trading.py --sim-start 2026-03-06 --sim-end auto
2026-03-07 16:16:03,290 - INFO - No action taken today because there is no new historical date to process.
2026-03-07 16:16:03,311 - INFO - Scheduler run completed with no trade: no tradable historical date after last_processed=2026-03-05 (stale predictions (max tradable 2026-03-05 < 2026-03-06)).
2026-03-07 16:16:03,311 - INFO - ============================================================
2026-03-07 16:16:03,311 - INFO - DAILY AUTOMATION COMPLETE (NO NEW DATA)
2026-03-07 16:16:03,311 - INFO - ============================================================
2026-03-07 16:16:03,312 - INFO - Automation completed successfully!
