2026-02-17 20:55:45,601 - INFO - Starting automated daily paper trading...
2026-02-17 20:55:46,377 - INFO - HTTP Request: GET http://localhost:6333 "HTTP/1.1 200 OK"
2026-02-17 20:55:46,382 - INFO - Setting up Qdrant collections...
2026-02-17 20:55:46,385 - INFO - HTTP Request: GET http://localhost:6333/collections/stock_recommendations "HTTP/1.1 404 Not Found"
2026-02-17 20:55:46,428 - INFO - HTTP Request: PUT http://localhost:6333/collections/stock_recommendations "HTTP/1.1 200 OK"
2026-02-17 20:55:46,428 - INFO - Created collection 'stock_recommendations'
2026-02-17 20:55:46,434 - INFO - HTTP Request: GET http://localhost:6333/collections/trading_results "HTTP/1.1 404 Not Found"
2026-02-17 20:55:46,472 - INFO - HTTP Request: PUT http://localhost:6333/collections/trading_results "HTTP/1.1 200 OK"
2026-02-17 20:55:46,472 - INFO - Created collection 'trading_results'
2026-02-17 20:55:46,474 - INFO - HTTP Request: GET http://localhost:6333/collections/performance_metrics "HTTP/1.1 404 Not Found"
2026-02-17 20:55:46,514 - INFO - HTTP Request: PUT http://localhost:6333/collections/performance_metrics "HTTP/1.1 200 OK"
2026-02-17 20:55:46,515 - INFO - Created collection 'performance_metrics'
2026-02-17 20:55:46,515 - INFO - ============================================================
2026-02-17 20:55:46,515 - INFO - AUTOMATED DAILY PAPER TRADING
2026-02-17 20:55:46,515 - INFO - ============================================================
2026-02-17 20:55:46,515 - INFO - Calendar Date: 2026-02-17
2026-02-17 20:55:46,517 - INFO - Historical Date (simulation): 2025-04-03
2026-02-17 20:55:46,517 - INFO - Running paper trading for 2025-04-03
2026-02-17 20:55:46,517 - INFO - Loading predictions from data/processed/phase1_predictions.parquet
2026-02-17 20:55:46,799 - INFO - 
============================================================
2026-02-17 20:55:46,799 - INFO - Running paper trading for 2025-04-03
2026-02-17 20:55:46,799 - INFO - ============================================================
2026-02-17 20:55:46,805 - INFO - Portfolio construction: 38 longs, 38 shorts (from 38 candidates)
2026-02-17 20:55:46,805 - INFO - PnL Net: -0.0120 | Scaled: -0.0120 | Turnover: 100.00% | Vol Scale: 1.00
2026-02-17 20:55:46,805 - INFO - Paper trading complete: PnL=-0.0120, Sharpe cumulative ongoing
2026-02-17 20:55:46,805 - INFO - Loading stock recommendations for 2025-04-03
2026-02-17 20:55:46,809 - INFO - Saving recommendations to Qdrant...
2026-02-17 20:55:46,821 - INFO - HTTP Request: PUT http://localhost:6333/collections/stock_recommendations/points?wait=true "HTTP/1.1 200 OK"
2026-02-17 20:55:46,821 - INFO - Saved 76 stock recommendations to Qdrant
2026-02-17 20:55:46,821 - INFO - Saving trading result to Qdrant...
2026-02-17 20:55:46,826 - INFO - HTTP Request: PUT http://localhost:6333/collections/trading_results/points?wait=true "HTTP/1.1 200 OK"
2026-02-17 20:55:46,826 - INFO - Saved trading result to Qdrant
2026-02-17 20:55:46,826 - INFO - Saving performance metrics to Qdrant...
2026-02-17 20:55:46,829 - INFO - HTTP Request: PUT http://localhost:6333/collections/performance_metrics/points?wait=true "HTTP/1.1 200 OK"
2026-02-17 20:55:46,830 - INFO - Saved performance metrics to Qdrant
2026-02-17 20:55:46,830 - INFO - Progress updated: 4 days completed
2026-02-17 20:55:46,831 - INFO - ============================================================
2026-02-17 20:55:46,831 - INFO - DAILY AUTOMATION COMPLETE
2026-02-17 20:55:46,831 - INFO - ============================================================
2026-02-17 20:55:46,831 - INFO - Automation completed successfully!
2026-02-17 20:56:09,894 - INFO - Starting automated daily paper trading...
2026-02-17 20:56:10,394 - INFO - HTTP Request: GET http://localhost:6333 "HTTP/1.1 200 OK"
2026-02-17 20:56:10,398 - INFO - Setting up Qdrant collections...
2026-02-17 20:56:10,424 - INFO - HTTP Request: GET http://localhost:6333/collections/stock_recommendations "HTTP/1.1 200 OK"
2026-02-17 20:56:10,427 - INFO - Collection 'stock_recommendations' already exists
2026-02-17 20:56:10,454 - INFO - HTTP Request: GET http://localhost:6333/collections/trading_results "HTTP/1.1 200 OK"
2026-02-17 20:56:10,456 - INFO - Collection 'trading_results' already exists
2026-02-17 20:56:10,461 - INFO - HTTP Request: GET http://localhost:6333/collections/performance_metrics "HTTP/1.1 200 OK"
2026-02-17 20:56:10,461 - INFO - Collection 'performance_metrics' already exists
2026-02-17 20:56:10,461 - INFO - ============================================================
2026-02-17 20:56:10,461 - INFO - AUTOMATED DAILY PAPER TRADING
2026-02-17 20:56:10,461 - INFO - ============================================================
2026-02-17 20:56:10,461 - INFO - Calendar Date: 2026-02-17
2026-02-17 20:56:10,461 - INFO - Historical Date (simulation): 2025-04-04
2026-02-17 20:56:10,463 - INFO - Running paper trading for 2025-04-04
2026-02-17 20:56:10,463 - INFO - Loading predictions from data/processed/phase1_predictions.parquet
2026-02-17 20:56:10,512 - INFO - 
============================================================
2026-02-17 20:56:10,512 - INFO - Running paper trading for 2025-04-04
2026-02-17 20:56:10,512 - INFO - ============================================================
2026-02-17 20:56:10,514 - INFO - Portfolio construction: 38 longs, 38 shorts (from 38 candidates)
2026-02-17 20:56:10,515 - INFO - PnL Net: 0.0131 | Scaled: 0.0131 | Turnover: 100.00% | Vol Scale: 1.00
2026-02-17 20:56:10,515 - INFO - Paper trading complete: PnL=0.0131, Sharpe cumulative ongoing
2026-02-17 20:56:10,515 - INFO - Loading stock recommendations for 2025-04-04
2026-02-17 20:56:10,519 - INFO - Saving recommendations to Qdrant...
2026-02-17 20:56:10,544 - INFO - HTTP Request: PUT http://localhost:6333/collections/stock_recommendations/points?wait=true "HTTP/1.1 200 OK"
2026-02-17 20:56:10,544 - INFO - Saved 76 stock recommendations to Qdrant
2026-02-17 20:56:10,544 - INFO - Saving trading result to Qdrant...
2026-02-17 20:56:10,548 - INFO - HTTP Request: PUT http://localhost:6333/collections/trading_results/points?wait=true "HTTP/1.1 200 OK"
2026-02-17 20:56:10,548 - INFO - Saved trading result to Qdrant
2026-02-17 20:56:10,550 - INFO - Saving performance metrics to Qdrant...
2026-02-17 20:56:10,552 - INFO - HTTP Request: PUT http://localhost:6333/collections/performance_metrics/points?wait=true "HTTP/1.1 200 OK"
2026-02-17 20:56:10,554 - INFO - Saved performance metrics to Qdrant
2026-02-17 20:56:10,554 - INFO - Progress updated: 5 days completed
2026-02-17 20:56:10,554 - INFO - ============================================================
2026-02-17 20:56:10,554 - INFO - DAILY AUTOMATION COMPLETE
2026-02-17 20:56:10,554 - INFO - ============================================================
2026-02-17 20:56:10,554 - INFO - Automation completed successfully!
2026-02-17 20:56:13,122 - INFO - Starting automated daily paper trading...
2026-02-17 20:56:13,576 - INFO - HTTP Request: GET http://localhost:6333 "HTTP/1.1 200 OK"
2026-02-17 20:56:13,578 - INFO - Setting up Qdrant collections...
2026-02-17 20:56:13,582 - INFO - HTTP Request: GET http://localhost:6333/collections/stock_recommendations "HTTP/1.1 200 OK"
2026-02-17 20:56:13,582 - INFO - Collection 'stock_recommendations' already exists
2026-02-17 20:56:13,601 - INFO - HTTP Request: GET http://localhost:6333/collections/trading_results "HTTP/1.1 200 OK"
2026-02-17 20:56:13,601 - INFO - Collection 'trading_results' already exists
2026-02-17 20:56:13,606 - INFO - HTTP Request: GET http://localhost:6333/collections/performance_metrics "HTTP/1.1 200 OK"
2026-02-17 20:56:13,606 - INFO - Collection 'performance_metrics' already exists
2026-02-17 20:56:13,606 - INFO - ============================================================
2026-02-17 20:56:13,606 - INFO - AUTOMATED DAILY PAPER TRADING
2026-02-17 20:56:13,606 - INFO - ============================================================
2026-02-17 20:56:13,608 - INFO - Calendar Date: 2026-02-17
2026-02-17 20:56:13,608 - INFO - Historical Date (simulation): 2025-04-05
2026-02-17 20:56:13,608 - INFO - Running paper trading for 2025-04-05
2026-02-17 20:56:13,608 - INFO - Loading predictions from data/processed/phase1_predictions.parquet
2026-02-17 20:56:13,659 - INFO - 
============================================================
2026-02-17 20:56:13,659 - INFO - Running paper trading for 2025-04-05
2026-02-17 20:56:13,659 - INFO - ============================================================
2026-02-17 20:56:13,660 - ERROR - No data for date 2025-04-05
2026-02-17 20:56:13,660 - ERROR - Automation failed: Paper trading failed for 2025-04-05
Traceback (most recent call last):
  File "C:\Users\luixj\AI\stock-data\scripts\automation\daily_paper_trading_qdrant.py", line 358, in run_automated_daily
    result = self.run_daily_paper_trading(historical_date)
             ^^^^^^^^^^^^^^^^^^^^^^^^^^^^^^^^^^^^^^^^^^^^^
  File "C:\Users\luixj\AI\stock-data\scripts\automation\daily_paper_trading_qdrant.py", line 136, in run_daily_paper_trading
    raise ValueError(f"Paper trading failed for {historical_date}")
ValueError: Paper trading failed for 2025-04-05
2026-02-17 20:56:13,660 - ERROR - Automation failed: Paper trading failed for 2025-04-05
Traceback (most recent call last):
  File "C:\Users\luixj\AI\stock-data\scripts\automation\daily_paper_trading_qdrant.py", line 430, in main
    automation.run_automated_daily()
  File "C:\Users\luixj\AI\stock-data\scripts\automation\daily_paper_trading_qdrant.py", line 358, in run_automated_daily
    result = self.run_daily_paper_trading(historical_date)
             ^^^^^^^^^^^^^^^^^^^^^^^^^^^^^^^^^^^^^^^^^^^^^
  File "C:\Users\luixj\AI\stock-data\scripts\automation\daily_paper_trading_qdrant.py", line 136, in run_daily_paper_trading
    raise ValueError(f"Paper trading failed for {historical_date}")
ValueError: Paper trading failed for 2025-04-05
2026-02-17 20:56:16,218 - INFO - Starting automated daily paper trading...
2026-02-17 20:56:16,668 - INFO - HTTP Request: GET http://localhost:6333 "HTTP/1.1 200 OK"
2026-02-17 20:56:16,672 - INFO - Setting up Qdrant collections...
2026-02-17 20:56:16,676 - INFO - HTTP Request: GET http://localhost:6333/collections/stock_recommendations "HTTP/1.1 200 OK"
2026-02-17 20:56:16,676 - INFO - Collection 'stock_recommendations' already exists
2026-02-17 20:56:16,694 - INFO - HTTP Request: GET http://localhost:6333/collections/trading_results "HTTP/1.1 200 OK"
2026-02-17 20:56:16,694 - INFO - Collection 'trading_results' already exists
2026-02-17 20:56:16,711 - INFO - HTTP Request: GET http://localhost:6333/collections/performance_metrics "HTTP/1.1 200 OK"
2026-02-17 20:56:16,712 - INFO - Collection 'performance_metrics' already exists
2026-02-17 20:56:16,712 - INFO - ============================================================
2026-02-17 20:56:16,712 - INFO - AUTOMATED DAILY PAPER TRADING
2026-02-17 20:56:16,712 - INFO - ============================================================
2026-02-17 20:56:16,712 - INFO - Calendar Date: 2026-02-17
2026-02-17 20:56:16,713 - INFO - Historical Date (simulation): 2025-04-05
2026-02-17 20:56:16,713 - INFO - Running paper trading for 2025-04-05
2026-02-17 20:56:16,713 - INFO - Loading predictions from data/processed/phase1_predictions.parquet
2026-02-17 20:56:16,764 - INFO - 
============================================================
2026-02-17 20:56:16,764 - INFO - Running paper trading for 2025-04-05
2026-02-17 20:56:16,764 - INFO - ============================================================
2026-02-17 20:56:16,764 - ERROR - No data for date 2025-04-05
2026-02-17 20:56:16,764 - ERROR - Automation failed: Paper trading failed for 2025-04-05
Traceback (most recent call last):
  File "C:\Users\luixj\AI\stock-data\scripts\automation\daily_paper_trading_qdrant.py", line 358, in run_automated_daily
    result = self.run_daily_paper_trading(historical_date)
             ^^^^^^^^^^^^^^^^^^^^^^^^^^^^^^^^^^^^^^^^^^^^^
  File "C:\Users\luixj\AI\stock-data\scripts\automation\daily_paper_trading_qdrant.py", line 136, in run_daily_paper_trading
    raise ValueError(f"Paper trading failed for {historical_date}")
ValueError: Paper trading failed for 2025-04-05
2026-02-17 20:56:16,765 - ERROR - Automation failed: Paper trading failed for 2025-04-05
Traceback (most recent call last):
  File "C:\Users\luixj\AI\stock-data\scripts\automation\daily_paper_trading_qdrant.py", line 430, in main
    automation.run_automated_daily()
  File "C:\Users\luixj\AI\stock-data\scripts\automation\daily_paper_trading_qdrant.py", line 358, in run_automated_daily
    result = self.run_daily_paper_trading(historical_date)
             ^^^^^^^^^^^^^^^^^^^^^^^^^^^^^^^^^^^^^^^^^^^^^
  File "C:\Users\luixj\AI\stock-data\scripts\automation\daily_paper_trading_qdrant.py", line 136, in run_daily_paper_trading
    raise ValueError(f"Paper trading failed for {historical_date}")
ValueError: Paper trading failed for 2025-04-05
2026-02-17 20:56:19,465 - INFO - Starting automated daily paper trading...
2026-02-17 20:56:19,916 - INFO - HTTP Request: GET http://localhost:6333 "HTTP/1.1 200 OK"
2026-02-17 20:56:19,921 - INFO - Setting up Qdrant collections...
2026-02-17 20:56:19,925 - INFO - HTTP Request: GET http://localhost:6333/collections/stock_recommendations "HTTP/1.1 200 OK"
2026-02-17 20:56:19,926 - INFO - Collection 'stock_recommendations' already exists
2026-02-17 20:56:19,930 - INFO - HTTP Request: GET http://localhost:6333/collections/trading_results "HTTP/1.1 200 OK"
2026-02-17 20:56:19,930 - INFO - Collection 'trading_results' already exists
2026-02-17 20:56:19,932 - INFO - HTTP Request: GET http://localhost:6333/collections/performance_metrics "HTTP/1.1 200 OK"
2026-02-17 20:56:19,932 - INFO - Collection 'performance_metrics' already exists
2026-02-17 20:56:19,932 - INFO - ============================================================
2026-02-17 20:56:19,932 - INFO - AUTOMATED DAILY PAPER TRADING
2026-02-17 20:56:19,932 - INFO - ============================================================
2026-02-17 20:56:19,932 - INFO - Calendar Date: 2026-02-17
2026-02-17 20:56:19,933 - INFO - Historical Date (simulation): 2025-04-05
2026-02-17 20:56:19,933 - INFO - Running paper trading for 2025-04-05
2026-02-17 20:56:19,933 - INFO - Loading predictions from data/processed/phase1_predictions.parquet
2026-02-17 20:56:19,985 - INFO - 
============================================================
2026-02-17 20:56:19,985 - INFO - Running paper trading for 2025-04-05
2026-02-17 20:56:19,985 - INFO - ============================================================
2026-02-17 20:56:19,986 - ERROR - No data for date 2025-04-05
2026-02-17 20:56:19,986 - ERROR - Automation failed: Paper trading failed for 2025-04-05
Traceback (most recent call last):
  File "C:\Users\luixj\AI\stock-data\scripts\automation\daily_paper_trading_qdrant.py", line 358, in run_automated_daily
    result = self.run_daily_paper_trading(historical_date)
             ^^^^^^^^^^^^^^^^^^^^^^^^^^^^^^^^^^^^^^^^^^^^^
  File "C:\Users\luixj\AI\stock-data\scripts\automation\daily_paper_trading_qdrant.py", line 136, in run_daily_paper_trading
    raise ValueError(f"Paper trading failed for {historical_date}")
ValueError: Paper trading failed for 2025-04-05
2026-02-17 20:56:19,987 - ERROR - Automation failed: Paper trading failed for 2025-04-05
Traceback (most recent call last):
  File "C:\Users\luixj\AI\stock-data\scripts\automation\daily_paper_trading_qdrant.py", line 430, in main
    automation.run_automated_daily()
  File "C:\Users\luixj\AI\stock-data\scripts\automation\daily_paper_trading_qdrant.py", line 358, in run_automated_daily
    result = self.run_daily_paper_trading(historical_date)
             ^^^^^^^^^^^^^^^^^^^^^^^^^^^^^^^^^^^^^^^^^^^^^
  File "C:\Users\luixj\AI\stock-data\scripts\automation\daily_paper_trading_qdrant.py", line 136, in run_daily_paper_trading
    raise ValueError(f"Paper trading failed for {historical_date}")
ValueError: Paper trading failed for 2025-04-05
2026-02-17 20:56:22,801 - INFO - Starting automated daily paper trading...
2026-02-17 20:56:23,291 - INFO - HTTP Request: GET http://localhost:6333 "HTTP/1.1 200 OK"
2026-02-17 20:56:23,295 - INFO - Setting up Qdrant collections...
2026-02-17 20:56:23,314 - INFO - HTTP Request: GET http://localhost:6333/collections/stock_recommendations "HTTP/1.1 200 OK"
2026-02-17 20:56:23,315 - INFO - Collection 'stock_recommendations' already exists
2026-02-17 20:56:23,318 - INFO - HTTP Request: GET http://localhost:6333/collections/trading_results "HTTP/1.1 200 OK"
2026-02-17 20:56:23,318 - INFO - Collection 'trading_results' already exists
2026-02-17 20:56:23,320 - INFO - HTTP Request: GET http://localhost:6333/collections/performance_metrics "HTTP/1.1 200 OK"
2026-02-17 20:56:23,321 - INFO - Collection 'performance_metrics' already exists
2026-02-17 20:56:23,321 - INFO - ============================================================
2026-02-17 20:56:23,321 - INFO - AUTOMATED DAILY PAPER TRADING
2026-02-17 20:56:23,321 - INFO - ============================================================
2026-02-17 20:56:23,321 - INFO - Calendar Date: 2026-02-17
2026-02-17 20:56:23,321 - INFO - Historical Date (simulation): 2025-04-05
2026-02-17 20:56:23,321 - INFO - Running paper trading for 2025-04-05
2026-02-17 20:56:23,321 - INFO - Loading predictions from data/processed/phase1_predictions.parquet
2026-02-17 20:56:23,371 - INFO - 
============================================================
2026-02-17 20:56:23,371 - INFO - Running paper trading for 2025-04-05
2026-02-17 20:56:23,371 - INFO - ============================================================
2026-02-17 20:56:23,372 - ERROR - No data for date 2025-04-05
2026-02-17 20:56:23,372 - ERROR - Automation failed: Paper trading failed for 2025-04-05
Traceback (most recent call last):
  File "C:\Users\luixj\AI\stock-data\scripts\automation\daily_paper_trading_qdrant.py", line 358, in run_automated_daily
    result = self.run_daily_paper_trading(historical_date)
             ^^^^^^^^^^^^^^^^^^^^^^^^^^^^^^^^^^^^^^^^^^^^^
  File "C:\Users\luixj\AI\stock-data\scripts\automation\daily_paper_trading_qdrant.py", line 136, in run_daily_paper_trading
    raise ValueError(f"Paper trading failed for {historical_date}")
ValueError: Paper trading failed for 2025-04-05
2026-02-17 20:56:23,372 - ERROR - Automation failed: Paper trading failed for 2025-04-05
Traceback (most recent call last):
  File "C:\Users\luixj\AI\stock-data\scripts\automation\daily_paper_trading_qdrant.py", line 430, in main
    automation.run_automated_daily()
  File "C:\Users\luixj\AI\stock-data\scripts\automation\daily_paper_trading_qdrant.py", line 358, in run_automated_daily
    result = self.run_daily_paper_trading(historical_date)
             ^^^^^^^^^^^^^^^^^^^^^^^^^^^^^^^^^^^^^^^^^^^^^
  File "C:\Users\luixj\AI\stock-data\scripts\automation\daily_paper_trading_qdrant.py", line 136, in run_daily_paper_trading
    raise ValueError(f"Paper trading failed for {historical_date}")
ValueError: Paper trading failed for 2025-04-05
2026-02-17 20:56:25,988 - INFO - Starting automated daily paper trading...
2026-02-17 20:56:26,427 - INFO - HTTP Request: GET http://localhost:6333 "HTTP/1.1 200 OK"
2026-02-17 20:56:26,430 - INFO - Setting up Qdrant collections...
2026-02-17 20:56:26,434 - INFO - HTTP Request: GET http://localhost:6333/collections/stock_recommendations "HTTP/1.1 200 OK"
2026-02-17 20:56:26,434 - INFO - Collection 'stock_recommendations' already exists
2026-02-17 20:56:26,437 - INFO - HTTP Request: GET http://localhost:6333/collections/trading_results "HTTP/1.1 200 OK"
2026-02-17 20:56:26,437 - INFO - Collection 'trading_results' already exists
2026-02-17 20:56:26,439 - INFO - HTTP Request: GET http://localhost:6333/collections/performance_metrics "HTTP/1.1 200 OK"
2026-02-17 20:56:26,439 - INFO - Collection 'performance_metrics' already exists
2026-02-17 20:56:26,439 - INFO - ============================================================
2026-02-17 20:56:26,439 - INFO - AUTOMATED DAILY PAPER TRADING
2026-02-17 20:56:26,439 - INFO - ============================================================
2026-02-17 20:56:26,439 - INFO - Calendar Date: 2026-02-17
2026-02-17 20:56:26,441 - INFO - Historical Date (simulation): 2025-04-05
2026-02-17 20:56:26,441 - INFO - Running paper trading for 2025-04-05
2026-02-17 20:56:26,441 - INFO - Loading predictions from data/processed/phase1_predictions.parquet
2026-02-17 20:56:26,492 - INFO - 
============================================================
2026-02-17 20:56:26,492 - INFO - Running paper trading for 2025-04-05
2026-02-17 20:56:26,492 - INFO - ============================================================
2026-02-17 20:56:26,493 - ERROR - No data for date 2025-04-05
2026-02-17 20:56:26,493 - ERROR - Automation failed: Paper trading failed for 2025-04-05
Traceback (most recent call last):
  File "C:\Users\luixj\AI\stock-data\scripts\automation\daily_paper_trading_qdrant.py", line 358, in run_automated_daily
    result = self.run_daily_paper_trading(historical_date)
             ^^^^^^^^^^^^^^^^^^^^^^^^^^^^^^^^^^^^^^^^^^^^^
  File "C:\Users\luixj\AI\stock-data\scripts\automation\daily_paper_trading_qdrant.py", line 136, in run_daily_paper_trading
    raise ValueError(f"Paper trading failed for {historical_date}")
ValueError: Paper trading failed for 2025-04-05
2026-02-17 20:56:26,493 - ERROR - Automation failed: Paper trading failed for 2025-04-05
Traceback (most recent call last):
  File "C:\Users\luixj\AI\stock-data\scripts\automation\daily_paper_trading_qdrant.py", line 430, in main
    automation.run_automated_daily()
  File "C:\Users\luixj\AI\stock-data\scripts\automation\daily_paper_trading_qdrant.py", line 358, in run_automated_daily
    result = self.run_daily_paper_trading(historical_date)
             ^^^^^^^^^^^^^^^^^^^^^^^^^^^^^^^^^^^^^^^^^^^^^
  File "C:\Users\luixj\AI\stock-data\scripts\automation\daily_paper_trading_qdrant.py", line 136, in run_daily_paper_trading
    raise ValueError(f"Paper trading failed for {historical_date}")
ValueError: Paper trading failed for 2025-04-05
2026-02-17 20:56:29,124 - INFO - Starting automated daily paper trading...
2026-02-17 20:56:29,569 - INFO - HTTP Request: GET http://localhost:6333 "HTTP/1.1 200 OK"
2026-02-17 20:56:29,573 - INFO - Setting up Qdrant collections...
2026-02-17 20:56:29,577 - INFO - HTTP Request: GET http://localhost:6333/collections/stock_recommendations "HTTP/1.1 200 OK"
2026-02-17 20:56:29,577 - INFO - Collection 'stock_recommendations' already exists
2026-02-17 20:56:29,581 - INFO - HTTP Request: GET http://localhost:6333/collections/trading_results "HTTP/1.1 200 OK"
2026-02-17 20:56:29,581 - INFO - Collection 'trading_results' already exists
2026-02-17 20:56:29,584 - INFO - HTTP Request: GET http://localhost:6333/collections/performance_metrics "HTTP/1.1 200 OK"
2026-02-17 20:56:29,584 - INFO - Collection 'performance_metrics' already exists
2026-02-17 20:56:29,584 - INFO - ============================================================
2026-02-17 20:56:29,584 - INFO - AUTOMATED DAILY PAPER TRADING
2026-02-17 20:56:29,584 - INFO - ============================================================
2026-02-17 20:56:29,584 - INFO - Calendar Date: 2026-02-17
2026-02-17 20:56:29,586 - INFO - Historical Date (simulation): 2025-04-05
2026-02-17 20:56:29,586 - INFO - Running paper trading for 2025-04-05
2026-02-17 20:56:29,586 - INFO - Loading predictions from data/processed/phase1_predictions.parquet
2026-02-17 20:56:29,639 - INFO - 
============================================================
2026-02-17 20:56:29,639 - INFO - Running paper trading for 2025-04-05
2026-02-17 20:56:29,639 - INFO - ============================================================
2026-02-17 20:56:29,639 - ERROR - No data for date 2025-04-05
2026-02-17 20:56:29,639 - ERROR - Automation failed: Paper trading failed for 2025-04-05
Traceback (most recent call last):
  File "C:\Users\luixj\AI\stock-data\scripts\automation\daily_paper_trading_qdrant.py", line 358, in run_automated_daily
    result = self.run_daily_paper_trading(historical_date)
             ^^^^^^^^^^^^^^^^^^^^^^^^^^^^^^^^^^^^^^^^^^^^^
  File "C:\Users\luixj\AI\stock-data\scripts\automation\daily_paper_trading_qdrant.py", line 136, in run_daily_paper_trading
    raise ValueError(f"Paper trading failed for {historical_date}")
ValueError: Paper trading failed for 2025-04-05
2026-02-17 20:56:29,640 - ERROR - Automation failed: Paper trading failed for 2025-04-05
Traceback (most recent call last):
  File "C:\Users\luixj\AI\stock-data\scripts\automation\daily_paper_trading_qdrant.py", line 430, in main
    automation.run_automated_daily()
  File "C:\Users\luixj\AI\stock-data\scripts\automation\daily_paper_trading_qdrant.py", line 358, in run_automated_daily
    result = self.run_daily_paper_trading(historical_date)
             ^^^^^^^^^^^^^^^^^^^^^^^^^^^^^^^^^^^^^^^^^^^^^
  File "C:\Users\luixj\AI\stock-data\scripts\automation\daily_paper_trading_qdrant.py", line 136, in run_daily_paper_trading
    raise ValueError(f"Paper trading failed for {historical_date}")
ValueError: Paper trading failed for 2025-04-05
2026-02-17 20:56:32,529 - INFO - Starting automated daily paper trading...
2026-02-17 20:56:33,011 - INFO - HTTP Request: GET http://localhost:6333 "HTTP/1.1 200 OK"
2026-02-17 20:56:33,015 - INFO - Setting up Qdrant collections...
2026-02-17 20:56:33,035 - INFO - HTTP Request: GET http://localhost:6333/collections/stock_recommendations "HTTP/1.1 200 OK"
2026-02-17 20:56:33,035 - INFO - Collection 'stock_recommendations' already exists
2026-02-17 20:56:33,038 - INFO - HTTP Request: GET http://localhost:6333/collections/trading_results "HTTP/1.1 200 OK"
2026-02-17 20:56:33,038 - INFO - Collection 'trading_results' already exists
2026-02-17 20:56:33,040 - INFO - HTTP Request: GET http://localhost:6333/collections/performance_metrics "HTTP/1.1 200 OK"
2026-02-17 20:56:33,041 - INFO - Collection 'performance_metrics' already exists
2026-02-17 20:56:33,041 - INFO - ============================================================
2026-02-17 20:56:33,041 - INFO - AUTOMATED DAILY PAPER TRADING
2026-02-17 20:56:33,041 - INFO - ============================================================
2026-02-17 20:56:33,041 - INFO - Calendar Date: 2026-02-17
2026-02-17 20:56:33,042 - INFO - Historical Date (simulation): 2025-04-05
2026-02-17 20:56:33,042 - INFO - Running paper trading for 2025-04-05
2026-02-17 20:56:33,042 - INFO - Loading predictions from data/processed/phase1_predictions.parquet
2026-02-17 20:56:33,090 - INFO - 
============================================================
2026-02-17 20:56:33,090 - INFO - Running paper trading for 2025-04-05
2026-02-17 20:56:33,090 - INFO - ============================================================
2026-02-17 20:56:33,091 - ERROR - No data for date 2025-04-05
2026-02-17 20:56:33,091 - ERROR - Automation failed: Paper trading failed for 2025-04-05
Traceback (most recent call last):
  File "C:\Users\luixj\AI\stock-data\scripts\automation\daily_paper_trading_qdrant.py", line 358, in run_automated_daily
    result = self.run_daily_paper_trading(historical_date)
             ^^^^^^^^^^^^^^^^^^^^^^^^^^^^^^^^^^^^^^^^^^^^^
  File "C:\Users\luixj\AI\stock-data\scripts\automation\daily_paper_trading_qdrant.py", line 136, in run_daily_paper_trading
    raise ValueError(f"Paper trading failed for {historical_date}")
ValueError: Paper trading failed for 2025-04-05
2026-02-17 20:56:33,091 - ERROR - Automation failed: Paper trading failed for 2025-04-05
Traceback (most recent call last):
  File "C:\Users\luixj\AI\stock-data\scripts\automation\daily_paper_trading_qdrant.py", line 430, in main
    automation.run_automated_daily()
  File "C:\Users\luixj\AI\stock-data\scripts\automation\daily_paper_trading_qdrant.py", line 358, in run_automated_daily
    result = self.run_daily_paper_trading(historical_date)
             ^^^^^^^^^^^^^^^^^^^^^^^^^^^^^^^^^^^^^^^^^^^^^
  File "C:\Users\luixj\AI\stock-data\scripts\automation\daily_paper_trading_qdrant.py", line 136, in run_daily_paper_trading
    raise ValueError(f"Paper trading failed for {historical_date}")
ValueError: Paper trading failed for 2025-04-05
2026-02-17 20:56:35,745 - INFO - Starting automated daily paper trading...
2026-02-17 20:56:36,188 - INFO - HTTP Request: GET http://localhost:6333 "HTTP/1.1 200 OK"
2026-02-17 20:56:36,193 - INFO - Setting up Qdrant collections...
2026-02-17 20:56:36,195 - INFO - HTTP Request: GET http://localhost:6333/collections/stock_recommendations "HTTP/1.1 200 OK"
2026-02-17 20:56:36,196 - INFO - Collection 'stock_recommendations' already exists
2026-02-17 20:56:36,198 - INFO - HTTP Request: GET http://localhost:6333/collections/trading_results "HTTP/1.1 200 OK"
2026-02-17 20:56:36,198 - INFO - Collection 'trading_results' already exists
2026-02-17 20:56:36,201 - INFO - HTTP Request: GET http://localhost:6333/collections/performance_metrics "HTTP/1.1 200 OK"
2026-02-17 20:56:36,201 - INFO - Collection 'performance_metrics' already exists
2026-02-17 20:56:36,201 - INFO - ============================================================
2026-02-17 20:56:36,201 - INFO - AUTOMATED DAILY PAPER TRADING
2026-02-17 20:56:36,201 - INFO - ============================================================
2026-02-17 20:56:36,201 - INFO - Calendar Date: 2026-02-17
2026-02-17 20:56:36,202 - INFO - Historical Date (simulation): 2025-04-05
2026-02-17 20:56:36,202 - INFO - Running paper trading for 2025-04-05
2026-02-17 20:56:36,203 - INFO - Loading predictions from data/processed/phase1_predictions.parquet
2026-02-17 20:56:36,250 - INFO - 
============================================================
2026-02-17 20:56:36,250 - INFO - Running paper trading for 2025-04-05
2026-02-17 20:56:36,250 - INFO - ============================================================
2026-02-17 20:56:36,250 - ERROR - No data for date 2025-04-05
2026-02-17 20:56:36,250 - ERROR - Automation failed: Paper trading failed for 2025-04-05
Traceback (most recent call last):
  File "C:\Users\luixj\AI\stock-data\scripts\automation\daily_paper_trading_qdrant.py", line 358, in run_automated_daily
    result = self.run_daily_paper_trading(historical_date)
             ^^^^^^^^^^^^^^^^^^^^^^^^^^^^^^^^^^^^^^^^^^^^^
  File "C:\Users\luixj\AI\stock-data\scripts\automation\daily_paper_trading_qdrant.py", line 136, in run_daily_paper_trading
    raise ValueError(f"Paper trading failed for {historical_date}")
ValueError: Paper trading failed for 2025-04-05
2026-02-17 20:56:36,250 - ERROR - Automation failed: Paper trading failed for 2025-04-05
Traceback (most recent call last):
  File "C:\Users\luixj\AI\stock-data\scripts\automation\daily_paper_trading_qdrant.py", line 430, in main
    automation.run_automated_daily()
  File "C:\Users\luixj\AI\stock-data\scripts\automation\daily_paper_trading_qdrant.py", line 358, in run_automated_daily
    result = self.run_daily_paper_trading(historical_date)
             ^^^^^^^^^^^^^^^^^^^^^^^^^^^^^^^^^^^^^^^^^^^^^
  File "C:\Users\luixj\AI\stock-data\scripts\automation\daily_paper_trading_qdrant.py", line 136, in run_daily_paper_trading
    raise ValueError(f"Paper trading failed for {historical_date}")
ValueError: Paper trading failed for 2025-04-05
2026-02-17 20:56:38,760 - INFO - Starting automated daily paper trading...
2026-02-17 20:56:39,205 - INFO - HTTP Request: GET http://localhost:6333 "HTTP/1.1 200 OK"
2026-02-17 20:56:39,209 - INFO - Setting up Qdrant collections...
2026-02-17 20:56:39,222 - INFO - HTTP Request: GET http://localhost:6333/collections/stock_recommendations "HTTP/1.1 200 OK"
2026-02-17 20:56:39,223 - INFO - Collection 'stock_recommendations' already exists
2026-02-17 20:56:39,226 - INFO - HTTP Request: GET http://localhost:6333/collections/trading_results "HTTP/1.1 200 OK"
2026-02-17 20:56:39,226 - INFO - Collection 'trading_results' already exists
2026-02-17 20:56:39,228 - INFO - HTTP Request: GET http://localhost:6333/collections/performance_metrics "HTTP/1.1 200 OK"
2026-02-17 20:56:39,228 - INFO - Collection 'performance_metrics' already exists
2026-02-17 20:56:39,228 - INFO - ============================================================
2026-02-17 20:56:39,228 - INFO - AUTOMATED DAILY PAPER TRADING
2026-02-17 20:56:39,228 - INFO - ============================================================
2026-02-17 20:56:39,228 - INFO - Calendar Date: 2026-02-17
2026-02-17 20:56:39,229 - INFO - Historical Date (simulation): 2025-04-05
2026-02-17 20:56:39,229 - INFO - Running paper trading for 2025-04-05
2026-02-17 20:56:39,230 - INFO - Loading predictions from data/processed/phase1_predictions.parquet
2026-02-17 20:56:39,277 - INFO - 
============================================================
2026-02-17 20:56:39,277 - INFO - Running paper trading for 2025-04-05
2026-02-17 20:56:39,277 - INFO - ============================================================
2026-02-17 20:56:39,277 - ERROR - No data for date 2025-04-05
2026-02-17 20:56:39,277 - ERROR - Automation failed: Paper trading failed for 2025-04-05
Traceback (most recent call last):
  File "C:\Users\luixj\AI\stock-data\scripts\automation\daily_paper_trading_qdrant.py", line 358, in run_automated_daily
    result = self.run_daily_paper_trading(historical_date)
             ^^^^^^^^^^^^^^^^^^^^^^^^^^^^^^^^^^^^^^^^^^^^^
  File "C:\Users\luixj\AI\stock-data\scripts\automation\daily_paper_trading_qdrant.py", line 136, in run_daily_paper_trading
    raise ValueError(f"Paper trading failed for {historical_date}")
ValueError: Paper trading failed for 2025-04-05
2026-02-17 20:56:39,278 - ERROR - Automation failed: Paper trading failed for 2025-04-05
Traceback (most recent call last):
  File "C:\Users\luixj\AI\stock-data\scripts\automation\daily_paper_trading_qdrant.py", line 430, in main
    automation.run_automated_daily()
  File "C:\Users\luixj\AI\stock-data\scripts\automation\daily_paper_trading_qdrant.py", line 358, in run_automated_daily
    result = self.run_daily_paper_trading(historical_date)
             ^^^^^^^^^^^^^^^^^^^^^^^^^^^^^^^^^^^^^^^^^^^^^
  File "C:\Users\luixj\AI\stock-data\scripts\automation\daily_paper_trading_qdrant.py", line 136, in run_daily_paper_trading
    raise ValueError(f"Paper trading failed for {historical_date}")
ValueError: Paper trading failed for 2025-04-05
2026-02-17 20:56:41,791 - INFO - Starting automated daily paper trading...
2026-02-17 20:56:42,231 - INFO - HTTP Request: GET http://localhost:6333 "HTTP/1.1 200 OK"
2026-02-17 20:56:42,235 - INFO - Setting up Qdrant collections...
2026-02-17 20:56:42,254 - INFO - HTTP Request: GET http://localhost:6333/collections/stock_recommendations "HTTP/1.1 200 OK"
2026-02-17 20:56:42,255 - INFO - Collection 'stock_recommendations' already exists
2026-02-17 20:56:42,270 - INFO - HTTP Request: GET http://localhost:6333/collections/trading_results "HTTP/1.1 200 OK"
2026-02-17 20:56:42,270 - INFO - Collection 'trading_results' already exists
2026-02-17 20:56:42,274 - INFO - HTTP Request: GET http://localhost:6333/collections/performance_metrics "HTTP/1.1 200 OK"
2026-02-17 20:56:42,274 - INFO - Collection 'performance_metrics' already exists
2026-02-17 20:56:42,274 - INFO - ============================================================
2026-02-17 20:56:42,274 - INFO - AUTOMATED DAILY PAPER TRADING
2026-02-17 20:56:42,274 - INFO - ============================================================
2026-02-17 20:56:42,274 - INFO - Calendar Date: 2026-02-17
2026-02-17 20:56:42,274 - INFO - Historical Date (simulation): 2025-04-05
2026-02-17 20:56:42,274 - INFO - Running paper trading for 2025-04-05
2026-02-17 20:56:42,274 - INFO - Loading predictions from data/processed/phase1_predictions.parquet
2026-02-17 20:56:42,328 - INFO - 
============================================================
2026-02-17 20:56:42,328 - INFO - Running paper trading for 2025-04-05
2026-02-17 20:56:42,328 - INFO - ============================================================
2026-02-17 20:56:42,328 - ERROR - No data for date 2025-04-05
2026-02-17 20:56:42,328 - ERROR - Automation failed: Paper trading failed for 2025-04-05
Traceback (most recent call last):
  File "C:\Users\luixj\AI\stock-data\scripts\automation\daily_paper_trading_qdrant.py", line 358, in run_automated_daily
    result = self.run_daily_paper_trading(historical_date)
             ^^^^^^^^^^^^^^^^^^^^^^^^^^^^^^^^^^^^^^^^^^^^^
  File "C:\Users\luixj\AI\stock-data\scripts\automation\daily_paper_trading_qdrant.py", line 136, in run_daily_paper_trading
    raise ValueError(f"Paper trading failed for {historical_date}")
ValueError: Paper trading failed for 2025-04-05
2026-02-17 20:56:42,328 - ERROR - Automation failed: Paper trading failed for 2025-04-05
Traceback (most recent call last):
  File "C:\Users\luixj\AI\stock-data\scripts\automation\daily_paper_trading_qdrant.py", line 430, in main
    automation.run_automated_daily()
  File "C:\Users\luixj\AI\stock-data\scripts\automation\daily_paper_trading_qdrant.py", line 358, in run_automated_daily
    result = self.run_daily_paper_trading(historical_date)
             ^^^^^^^^^^^^^^^^^^^^^^^^^^^^^^^^^^^^^^^^^^^^^
  File "C:\Users\luixj\AI\stock-data\scripts\automation\daily_paper_trading_qdrant.py", line 136, in run_daily_paper_trading
    raise ValueError(f"Paper trading failed for {historical_date}")
ValueError: Paper trading failed for 2025-04-05
2026-02-17 20:56:44,986 - INFO - Starting automated daily paper trading...
2026-02-17 20:56:45,438 - INFO - HTTP Request: GET http://localhost:6333 "HTTP/1.1 200 OK"
2026-02-17 20:56:45,443 - INFO - Setting up Qdrant collections...
2026-02-17 20:56:45,445 - INFO - HTTP Request: GET http://localhost:6333/collections/stock_recommendations "HTTP/1.1 200 OK"
2026-02-17 20:56:45,446 - INFO - Collection 'stock_recommendations' already exists
2026-02-17 20:56:45,448 - INFO - HTTP Request: GET http://localhost:6333/collections/trading_results "HTTP/1.1 200 OK"
2026-02-17 20:56:45,448 - INFO - Collection 'trading_results' already exists
2026-02-17 20:56:45,451 - INFO - HTTP Request: GET http://localhost:6333/collections/performance_metrics "HTTP/1.1 200 OK"
2026-02-17 20:56:45,452 - INFO - Collection 'performance_metrics' already exists
2026-02-17 20:56:45,452 - INFO - ============================================================
2026-02-17 20:56:45,452 - INFO - AUTOMATED DAILY PAPER TRADING
2026-02-17 20:56:45,452 - INFO - ============================================================
2026-02-17 20:56:45,452 - INFO - Calendar Date: 2026-02-17
2026-02-17 20:56:45,453 - INFO - Historical Date (simulation): 2025-04-05
2026-02-17 20:56:45,453 - INFO - Running paper trading for 2025-04-05
2026-02-17 20:56:45,453 - INFO - Loading predictions from data/processed/phase1_predictions.parquet
2026-02-17 20:56:45,501 - INFO - 
============================================================
2026-02-17 20:56:45,501 - INFO - Running paper trading for 2025-04-05
2026-02-17 20:56:45,501 - INFO - ============================================================
2026-02-17 20:56:45,501 - ERROR - No data for date 2025-04-05
2026-02-17 20:56:45,501 - ERROR - Automation failed: Paper trading failed for 2025-04-05
Traceback (most recent call last):
  File "C:\Users\luixj\AI\stock-data\scripts\automation\daily_paper_trading_qdrant.py", line 358, in run_automated_daily
    result = self.run_daily_paper_trading(historical_date)
             ^^^^^^^^^^^^^^^^^^^^^^^^^^^^^^^^^^^^^^^^^^^^^
  File "C:\Users\luixj\AI\stock-data\scripts\automation\daily_paper_trading_qdrant.py", line 136, in run_daily_paper_trading
    raise ValueError(f"Paper trading failed for {historical_date}")
ValueError: Paper trading failed for 2025-04-05
2026-02-17 20:56:45,501 - ERROR - Automation failed: Paper trading failed for 2025-04-05
Traceback (most recent call last):
  File "C:\Users\luixj\AI\stock-data\scripts\automation\daily_paper_trading_qdrant.py", line 430, in main
    automation.run_automated_daily()
  File "C:\Users\luixj\AI\stock-data\scripts\automation\daily_paper_trading_qdrant.py", line 358, in run_automated_daily
    result = self.run_daily_paper_trading(historical_date)
             ^^^^^^^^^^^^^^^^^^^^^^^^^^^^^^^^^^^^^^^^^^^^^
  File "C:\Users\luixj\AI\stock-data\scripts\automation\daily_paper_trading_qdrant.py", line 136, in run_daily_paper_trading
    raise ValueError(f"Paper trading failed for {historical_date}")
ValueError: Paper trading failed for 2025-04-05
2026-02-17 20:56:48,087 - INFO - Starting automated daily paper trading...
2026-02-17 20:56:48,542 - INFO - HTTP Request: GET http://localhost:6333 "HTTP/1.1 200 OK"
2026-02-17 20:56:48,547 - INFO - Setting up Qdrant collections...
2026-02-17 20:56:48,559 - INFO - HTTP Request: GET http://localhost:6333/collections/stock_recommendations "HTTP/1.1 200 OK"
2026-02-17 20:56:48,562 - INFO - Collection 'stock_recommendations' already exists
2026-02-17 20:56:48,562 - INFO - HTTP Request: GET http://localhost:6333/collections/trading_results "HTTP/1.1 200 OK"
2026-02-17 20:56:48,564 - INFO - Collection 'trading_results' already exists
2026-02-17 20:56:48,566 - INFO - HTTP Request: GET http://localhost:6333/collections/performance_metrics "HTTP/1.1 200 OK"
2026-02-17 20:56:48,566 - INFO - Collection 'performance_metrics' already exists
2026-02-17 20:56:48,566 - INFO - ============================================================
2026-02-17 20:56:48,566 - INFO - AUTOMATED DAILY PAPER TRADING
2026-02-17 20:56:48,566 - INFO - ============================================================
2026-02-17 20:56:48,566 - INFO - Calendar Date: 2026-02-17
2026-02-17 20:56:48,568 - INFO - Historical Date (simulation): 2025-04-05
2026-02-17 20:56:48,568 - INFO - Running paper trading for 2025-04-05
2026-02-17 20:56:48,568 - INFO - Loading predictions from data/processed/phase1_predictions.parquet
2026-02-17 20:56:48,618 - INFO - 
============================================================
2026-02-17 20:56:48,618 - INFO - Running paper trading for 2025-04-05
2026-02-17 20:56:48,618 - INFO - ============================================================
2026-02-17 20:56:48,618 - ERROR - No data for date 2025-04-05
2026-02-17 20:56:48,618 - ERROR - Automation failed: Paper trading failed for 2025-04-05
Traceback (most recent call last):
  File "C:\Users\luixj\AI\stock-data\scripts\automation\daily_paper_trading_qdrant.py", line 358, in run_automated_daily
    result = self.run_daily_paper_trading(historical_date)
             ^^^^^^^^^^^^^^^^^^^^^^^^^^^^^^^^^^^^^^^^^^^^^
  File "C:\Users\luixj\AI\stock-data\scripts\automation\daily_paper_trading_qdrant.py", line 136, in run_daily_paper_trading
    raise ValueError(f"Paper trading failed for {historical_date}")
ValueError: Paper trading failed for 2025-04-05
2026-02-17 20:56:48,618 - ERROR - Automation failed: Paper trading failed for 2025-04-05
Traceback (most recent call last):
  File "C:\Users\luixj\AI\stock-data\scripts\automation\daily_paper_trading_qdrant.py", line 430, in main
    automation.run_automated_daily()
  File "C:\Users\luixj\AI\stock-data\scripts\automation\daily_paper_trading_qdrant.py", line 358, in run_automated_daily
    result = self.run_daily_paper_trading(historical_date)
             ^^^^^^^^^^^^^^^^^^^^^^^^^^^^^^^^^^^^^^^^^^^^^
  File "C:\Users\luixj\AI\stock-data\scripts\automation\daily_paper_trading_qdrant.py", line 136, in run_daily_paper_trading
    raise ValueError(f"Paper trading failed for {historical_date}")
ValueError: Paper trading failed for 2025-04-05
2026-02-17 20:56:51,272 - INFO - Starting automated daily paper trading...
2026-02-17 20:56:51,722 - INFO - HTTP Request: GET http://localhost:6333 "HTTP/1.1 200 OK"
2026-02-17 20:56:51,726 - INFO - Setting up Qdrant collections...
2026-02-17 20:56:51,728 - INFO - HTTP Request: GET http://localhost:6333/collections/stock_recommendations "HTTP/1.1 200 OK"
2026-02-17 20:56:51,730 - INFO - Collection 'stock_recommendations' already exists
2026-02-17 20:56:51,732 - INFO - HTTP Request: GET http://localhost:6333/collections/trading_results "HTTP/1.1 200 OK"
2026-02-17 20:56:51,732 - INFO - Collection 'trading_results' already exists
2026-02-17 20:56:51,734 - INFO - HTTP Request: GET http://localhost:6333/collections/performance_metrics "HTTP/1.1 200 OK"
2026-02-17 20:56:51,734 - INFO - Collection 'performance_metrics' already exists
2026-02-17 20:56:51,734 - INFO - ============================================================
2026-02-17 20:56:51,734 - INFO - AUTOMATED DAILY PAPER TRADING
2026-02-17 20:56:51,734 - INFO - ============================================================
2026-02-17 20:56:51,736 - INFO - Calendar Date: 2026-02-17
2026-02-17 20:56:51,736 - INFO - Historical Date (simulation): 2025-04-05
2026-02-17 20:56:51,736 - INFO - Running paper trading for 2025-04-05
2026-02-17 20:56:51,736 - INFO - Loading predictions from data/processed/phase1_predictions.parquet
2026-02-17 20:56:51,787 - INFO - 
============================================================
2026-02-17 20:56:51,787 - INFO - Running paper trading for 2025-04-05
2026-02-17 20:56:51,787 - INFO - ============================================================
2026-02-17 20:56:51,787 - ERROR - No data for date 2025-04-05
2026-02-17 20:56:51,787 - ERROR - Automation failed: Paper trading failed for 2025-04-05
Traceback (most recent call last):
  File "C:\Users\luixj\AI\stock-data\scripts\automation\daily_paper_trading_qdrant.py", line 358, in run_automated_daily
    result = self.run_daily_paper_trading(historical_date)
             ^^^^^^^^^^^^^^^^^^^^^^^^^^^^^^^^^^^^^^^^^^^^^
  File "C:\Users\luixj\AI\stock-data\scripts\automation\daily_paper_trading_qdrant.py", line 136, in run_daily_paper_trading
    raise ValueError(f"Paper trading failed for {historical_date}")
ValueError: Paper trading failed for 2025-04-05
2026-02-17 20:56:51,787 - ERROR - Automation failed: Paper trading failed for 2025-04-05
Traceback (most recent call last):
  File "C:\Users\luixj\AI\stock-data\scripts\automation\daily_paper_trading_qdrant.py", line 430, in main
    automation.run_automated_daily()
  File "C:\Users\luixj\AI\stock-data\scripts\automation\daily_paper_trading_qdrant.py", line 358, in run_automated_daily
    result = self.run_daily_paper_trading(historical_date)
             ^^^^^^^^^^^^^^^^^^^^^^^^^^^^^^^^^^^^^^^^^^^^^
  File "C:\Users\luixj\AI\stock-data\scripts\automation\daily_paper_trading_qdrant.py", line 136, in run_daily_paper_trading
    raise ValueError(f"Paper trading failed for {historical_date}")
ValueError: Paper trading failed for 2025-04-05
2026-02-17 20:56:54,422 - INFO - Starting automated daily paper trading...
2026-02-17 20:56:54,856 - INFO - HTTP Request: GET http://localhost:6333 "HTTP/1.1 200 OK"
2026-02-17 20:56:54,860 - INFO - Setting up Qdrant collections...
2026-02-17 20:56:54,865 - INFO - HTTP Request: GET http://localhost:6333/collections/stock_recommendations "HTTP/1.1 200 OK"
2026-02-17 20:56:54,865 - INFO - Collection 'stock_recommendations' already exists
2026-02-17 20:56:54,869 - INFO - HTTP Request: GET http://localhost:6333/collections/trading_results "HTTP/1.1 200 OK"
2026-02-17 20:56:54,869 - INFO - Collection 'trading_results' already exists
2026-02-17 20:56:54,870 - INFO - HTTP Request: GET http://localhost:6333/collections/performance_metrics "HTTP/1.1 200 OK"
2026-02-17 20:56:54,872 - INFO - Collection 'performance_metrics' already exists
2026-02-17 20:56:54,872 - INFO - ============================================================
2026-02-17 20:56:54,872 - INFO - AUTOMATED DAILY PAPER TRADING
2026-02-17 20:56:54,872 - INFO - ============================================================
2026-02-17 20:56:54,872 - INFO - Calendar Date: 2026-02-17
2026-02-17 20:56:54,872 - INFO - Historical Date (simulation): 2025-04-05
2026-02-17 20:56:54,872 - INFO - Running paper trading for 2025-04-05
2026-02-17 20:56:54,872 - INFO - Loading predictions from data/processed/phase1_predictions.parquet
2026-02-17 20:56:54,920 - INFO - 
============================================================
2026-02-17 20:56:54,920 - INFO - Running paper trading for 2025-04-05
2026-02-17 20:56:54,920 - INFO - ============================================================
2026-02-17 20:56:54,920 - ERROR - No data for date 2025-04-05
2026-02-17 20:56:54,920 - ERROR - Automation failed: Paper trading failed for 2025-04-05
Traceback (most recent call last):
  File "C:\Users\luixj\AI\stock-data\scripts\automation\daily_paper_trading_qdrant.py", line 358, in run_automated_daily
    result = self.run_daily_paper_trading(historical_date)
             ^^^^^^^^^^^^^^^^^^^^^^^^^^^^^^^^^^^^^^^^^^^^^
  File "C:\Users\luixj\AI\stock-data\scripts\automation\daily_paper_trading_qdrant.py", line 136, in run_daily_paper_trading
    raise ValueError(f"Paper trading failed for {historical_date}")
ValueError: Paper trading failed for 2025-04-05
2026-02-17 20:56:54,920 - ERROR - Automation failed: Paper trading failed for 2025-04-05
Traceback (most recent call last):
  File "C:\Users\luixj\AI\stock-data\scripts\automation\daily_paper_trading_qdrant.py", line 430, in main
    automation.run_automated_daily()
  File "C:\Users\luixj\AI\stock-data\scripts\automation\daily_paper_trading_qdrant.py", line 358, in run_automated_daily
    result = self.run_daily_paper_trading(historical_date)
             ^^^^^^^^^^^^^^^^^^^^^^^^^^^^^^^^^^^^^^^^^^^^^
  File "C:\Users\luixj\AI\stock-data\scripts\automation\daily_paper_trading_qdrant.py", line 136, in run_daily_paper_trading
    raise ValueError(f"Paper trading failed for {historical_date}")
ValueError: Paper trading failed for 2025-04-05
2026-02-17 20:56:57,575 - INFO - Starting automated daily paper trading...
2026-02-17 20:56:58,039 - INFO - HTTP Request: GET http://localhost:6333 "HTTP/1.1 200 OK"
2026-02-17 20:56:58,042 - INFO - Setting up Qdrant collections...
2026-02-17 20:56:58,046 - INFO - HTTP Request: GET http://localhost:6333/collections/stock_recommendations "HTTP/1.1 200 OK"
2026-02-17 20:56:58,047 - INFO - Collection 'stock_recommendations' already exists
2026-02-17 20:56:58,050 - INFO - HTTP Request: GET http://localhost:6333/collections/trading_results "HTTP/1.1 200 OK"
2026-02-17 20:56:58,051 - INFO - Collection 'trading_results' already exists
2026-02-17 20:56:58,054 - INFO - HTTP Request: GET http://localhost:6333/collections/performance_metrics "HTTP/1.1 200 OK"
2026-02-17 20:56:58,054 - INFO - Collection 'performance_metrics' already exists
2026-02-17 20:56:58,054 - INFO - ============================================================
2026-02-17 20:56:58,054 - INFO - AUTOMATED DAILY PAPER TRADING
2026-02-17 20:56:58,054 - INFO - ============================================================
2026-02-17 20:56:58,054 - INFO - Calendar Date: 2026-02-17
2026-02-17 20:56:58,055 - INFO - Historical Date (simulation): 2025-04-05
2026-02-17 20:56:58,056 - INFO - Running paper trading for 2025-04-05
2026-02-17 20:56:58,056 - INFO - Loading predictions from data/processed/phase1_predictions.parquet
2026-02-17 20:56:58,101 - INFO - 
============================================================
2026-02-17 20:56:58,101 - INFO - Running paper trading for 2025-04-05
2026-02-17 20:56:58,101 - INFO - ============================================================
2026-02-17 20:56:58,102 - ERROR - No data for date 2025-04-05
2026-02-17 20:56:58,102 - ERROR - Automation failed: Paper trading failed for 2025-04-05
Traceback (most recent call last):
  File "C:\Users\luixj\AI\stock-data\scripts\automation\daily_paper_trading_qdrant.py", line 358, in run_automated_daily
    result = self.run_daily_paper_trading(historical_date)
             ^^^^^^^^^^^^^^^^^^^^^^^^^^^^^^^^^^^^^^^^^^^^^
  File "C:\Users\luixj\AI\stock-data\scripts\automation\daily_paper_trading_qdrant.py", line 136, in run_daily_paper_trading
    raise ValueError(f"Paper trading failed for {historical_date}")
ValueError: Paper trading failed for 2025-04-05
2026-02-17 20:56:58,102 - ERROR - Automation failed: Paper trading failed for 2025-04-05
Traceback (most recent call last):
  File "C:\Users\luixj\AI\stock-data\scripts\automation\daily_paper_trading_qdrant.py", line 430, in main
    automation.run_automated_daily()
  File "C:\Users\luixj\AI\stock-data\scripts\automation\daily_paper_trading_qdrant.py", line 358, in run_automated_daily
    result = self.run_daily_paper_trading(historical_date)
             ^^^^^^^^^^^^^^^^^^^^^^^^^^^^^^^^^^^^^^^^^^^^^
  File "C:\Users\luixj\AI\stock-data\scripts\automation\daily_paper_trading_qdrant.py", line 136, in run_daily_paper_trading
    raise ValueError(f"Paper trading failed for {historical_date}")
ValueError: Paper trading failed for 2025-04-05
2026-02-17 20:57:00,678 - INFO - Starting automated daily paper trading...
2026-02-17 20:57:01,118 - INFO - HTTP Request: GET http://localhost:6333 "HTTP/1.1 200 OK"
2026-02-17 20:57:01,123 - INFO - Setting up Qdrant collections...
2026-02-17 20:57:01,124 - INFO - HTTP Request: GET http://localhost:6333/collections/stock_recommendations "HTTP/1.1 200 OK"
2026-02-17 20:57:01,126 - INFO - Collection 'stock_recommendations' already exists
2026-02-17 20:57:01,128 - INFO - HTTP Request: GET http://localhost:6333/collections/trading_results "HTTP/1.1 200 OK"
2026-02-17 20:57:01,128 - INFO - Collection 'trading_results' already exists
2026-02-17 20:57:01,131 - INFO - HTTP Request: GET http://localhost:6333/collections/performance_metrics "HTTP/1.1 200 OK"
2026-02-17 20:57:01,131 - INFO - Collection 'performance_metrics' already exists
2026-02-17 20:57:01,131 - INFO - ============================================================
2026-02-17 20:57:01,131 - INFO - AUTOMATED DAILY PAPER TRADING
2026-02-17 20:57:01,131 - INFO - ============================================================
2026-02-17 20:57:01,132 - INFO - Calendar Date: 2026-02-17
2026-02-17 20:57:01,134 - INFO - Historical Date (simulation): 2025-04-05
2026-02-17 20:57:01,134 - INFO - Running paper trading for 2025-04-05
2026-02-17 20:57:01,134 - INFO - Loading predictions from data/processed/phase1_predictions.parquet
2026-02-17 20:57:01,179 - INFO - 
============================================================
2026-02-17 20:57:01,179 - INFO - Running paper trading for 2025-04-05
2026-02-17 20:57:01,179 - INFO - ============================================================
2026-02-17 20:57:01,179 - ERROR - No data for date 2025-04-05
2026-02-17 20:57:01,179 - ERROR - Automation failed: Paper trading failed for 2025-04-05
Traceback (most recent call last):
  File "C:\Users\luixj\AI\stock-data\scripts\automation\daily_paper_trading_qdrant.py", line 358, in run_automated_daily
    result = self.run_daily_paper_trading(historical_date)
             ^^^^^^^^^^^^^^^^^^^^^^^^^^^^^^^^^^^^^^^^^^^^^
  File "C:\Users\luixj\AI\stock-data\scripts\automation\daily_paper_trading_qdrant.py", line 136, in run_daily_paper_trading
    raise ValueError(f"Paper trading failed for {historical_date}")
ValueError: Paper trading failed for 2025-04-05
2026-02-17 20:57:01,179 - ERROR - Automation failed: Paper trading failed for 2025-04-05
Traceback (most recent call last):
  File "C:\Users\luixj\AI\stock-data\scripts\automation\daily_paper_trading_qdrant.py", line 430, in main
    automation.run_automated_daily()
  File "C:\Users\luixj\AI\stock-data\scripts\automation\daily_paper_trading_qdrant.py", line 358, in run_automated_daily
    result = self.run_daily_paper_trading(historical_date)
             ^^^^^^^^^^^^^^^^^^^^^^^^^^^^^^^^^^^^^^^^^^^^^
  File "C:\Users\luixj\AI\stock-data\scripts\automation\daily_paper_trading_qdrant.py", line 136, in run_daily_paper_trading
    raise ValueError(f"Paper trading failed for {historical_date}")
ValueError: Paper trading failed for 2025-04-05
2026-02-17 20:57:03,701 - INFO - Starting automated daily paper trading...
2026-02-17 20:57:04,158 - INFO - HTTP Request: GET http://localhost:6333 "HTTP/1.1 200 OK"
2026-02-17 20:57:04,163 - INFO - Setting up Qdrant collections...
2026-02-17 20:57:04,167 - INFO - HTTP Request: GET http://localhost:6333/collections/stock_recommendations "HTTP/1.1 200 OK"
2026-02-17 20:57:04,168 - INFO - Collection 'stock_recommendations' already exists
2026-02-17 20:57:04,170 - INFO - HTTP Request: GET http://localhost:6333/collections/trading_results "HTTP/1.1 200 OK"
2026-02-17 20:57:04,170 - INFO - Collection 'trading_results' already exists
2026-02-17 20:57:04,172 - INFO - HTTP Request: GET http://localhost:6333/collections/performance_metrics "HTTP/1.1 200 OK"
2026-02-17 20:57:04,172 - INFO - Collection 'performance_metrics' already exists
2026-02-17 20:57:04,172 - INFO - ============================================================
2026-02-17 20:57:04,173 - INFO - AUTOMATED DAILY PAPER TRADING
2026-02-17 20:57:04,173 - INFO - ============================================================
2026-02-17 20:57:04,173 - INFO - Calendar Date: 2026-02-17
2026-02-17 20:57:04,174 - INFO - Historical Date (simulation): 2025-04-05
2026-02-17 20:57:04,174 - INFO - Running paper trading for 2025-04-05
2026-02-17 20:57:04,174 - INFO - Loading predictions from data/processed/phase1_predictions.parquet
2026-02-17 20:57:04,224 - INFO - 
============================================================
2026-02-17 20:57:04,224 - INFO - Running paper trading for 2025-04-05
2026-02-17 20:57:04,224 - INFO - ============================================================
2026-02-17 20:57:04,224 - ERROR - No data for date 2025-04-05
2026-02-17 20:57:04,224 - ERROR - Automation failed: Paper trading failed for 2025-04-05
Traceback (most recent call last):
  File "C:\Users\luixj\AI\stock-data\scripts\automation\daily_paper_trading_qdrant.py", line 358, in run_automated_daily
    result = self.run_daily_paper_trading(historical_date)
             ^^^^^^^^^^^^^^^^^^^^^^^^^^^^^^^^^^^^^^^^^^^^^
  File "C:\Users\luixj\AI\stock-data\scripts\automation\daily_paper_trading_qdrant.py", line 136, in run_daily_paper_trading
    raise ValueError(f"Paper trading failed for {historical_date}")
ValueError: Paper trading failed for 2025-04-05
2026-02-17 20:57:04,224 - ERROR - Automation failed: Paper trading failed for 2025-04-05
Traceback (most recent call last):
  File "C:\Users\luixj\AI\stock-data\scripts\automation\daily_paper_trading_qdrant.py", line 430, in main
    automation.run_automated_daily()
  File "C:\Users\luixj\AI\stock-data\scripts\automation\daily_paper_trading_qdrant.py", line 358, in run_automated_daily
    result = self.run_daily_paper_trading(historical_date)
             ^^^^^^^^^^^^^^^^^^^^^^^^^^^^^^^^^^^^^^^^^^^^^
  File "C:\Users\luixj\AI\stock-data\scripts\automation\daily_paper_trading_qdrant.py", line 136, in run_daily_paper_trading
    raise ValueError(f"Paper trading failed for {historical_date}")
ValueError: Paper trading failed for 2025-04-05
2026-02-17 20:57:06,833 - INFO - Starting automated daily paper trading...
2026-02-17 20:57:07,262 - INFO - HTTP Request: GET http://localhost:6333 "HTTP/1.1 200 OK"
2026-02-17 20:57:07,266 - INFO - Setting up Qdrant collections...
2026-02-17 20:57:07,270 - INFO - HTTP Request: GET http://localhost:6333/collections/stock_recommendations "HTTP/1.1 200 OK"
2026-02-17 20:57:07,271 - INFO - Collection 'stock_recommendations' already exists
2026-02-17 20:57:07,272 - INFO - HTTP Request: GET http://localhost:6333/collections/trading_results "HTTP/1.1 200 OK"
2026-02-17 20:57:07,274 - INFO - Collection 'trading_results' already exists
2026-02-17 20:57:07,275 - INFO - HTTP Request: GET http://localhost:6333/collections/performance_metrics "HTTP/1.1 200 OK"
2026-02-17 20:57:07,276 - INFO - Collection 'performance_metrics' already exists
2026-02-17 20:57:07,276 - INFO - ============================================================
2026-02-17 20:57:07,276 - INFO - AUTOMATED DAILY PAPER TRADING
2026-02-17 20:57:07,276 - INFO - ============================================================
2026-02-17 20:57:07,276 - INFO - Calendar Date: 2026-02-17
2026-02-17 20:57:07,277 - INFO - Historical Date (simulation): 2025-04-05
2026-02-17 20:57:07,277 - INFO - Running paper trading for 2025-04-05
2026-02-17 20:57:07,277 - INFO - Loading predictions from data/processed/phase1_predictions.parquet
2026-02-17 20:57:07,325 - INFO - 
============================================================
2026-02-17 20:57:07,325 - INFO - Running paper trading for 2025-04-05
2026-02-17 20:57:07,325 - INFO - ============================================================
2026-02-17 20:57:07,326 - ERROR - No data for date 2025-04-05
2026-02-17 20:57:07,326 - ERROR - Automation failed: Paper trading failed for 2025-04-05
Traceback (most recent call last):
  File "C:\Users\luixj\AI\stock-data\scripts\automation\daily_paper_trading_qdrant.py", line 358, in run_automated_daily
    result = self.run_daily_paper_trading(historical_date)
             ^^^^^^^^^^^^^^^^^^^^^^^^^^^^^^^^^^^^^^^^^^^^^
  File "C:\Users\luixj\AI\stock-data\scripts\automation\daily_paper_trading_qdrant.py", line 136, in run_daily_paper_trading
    raise ValueError(f"Paper trading failed for {historical_date}")
ValueError: Paper trading failed for 2025-04-05
2026-02-17 20:57:07,326 - ERROR - Automation failed: Paper trading failed for 2025-04-05
Traceback (most recent call last):
  File "C:\Users\luixj\AI\stock-data\scripts\automation\daily_paper_trading_qdrant.py", line 430, in main
    automation.run_automated_daily()
  File "C:\Users\luixj\AI\stock-data\scripts\automation\daily_paper_trading_qdrant.py", line 358, in run_automated_daily
    result = self.run_daily_paper_trading(historical_date)
             ^^^^^^^^^^^^^^^^^^^^^^^^^^^^^^^^^^^^^^^^^^^^^
  File "C:\Users\luixj\AI\stock-data\scripts\automation\daily_paper_trading_qdrant.py", line 136, in run_daily_paper_trading
    raise ValueError(f"Paper trading failed for {historical_date}")
ValueError: Paper trading failed for 2025-04-05
2026-02-17 20:57:09,826 - INFO - Starting automated daily paper trading...
2026-02-17 20:57:10,265 - INFO - HTTP Request: GET http://localhost:6333 "HTTP/1.1 200 OK"
2026-02-17 20:57:10,270 - INFO - Setting up Qdrant collections...
2026-02-17 20:57:10,294 - INFO - HTTP Request: GET http://localhost:6333/collections/stock_recommendations "HTTP/1.1 200 OK"
2026-02-17 20:57:10,294 - INFO - Collection 'stock_recommendations' already exists
2026-02-17 20:57:10,296 - INFO - HTTP Request: GET http://localhost:6333/collections/trading_results "HTTP/1.1 200 OK"
2026-02-17 20:57:10,298 - INFO - Collection 'trading_results' already exists
2026-02-17 20:57:10,300 - INFO - HTTP Request: GET http://localhost:6333/collections/performance_metrics "HTTP/1.1 200 OK"
2026-02-17 20:57:10,300 - INFO - Collection 'performance_metrics' already exists
2026-02-17 20:57:10,300 - INFO - ============================================================
2026-02-17 20:57:10,301 - INFO - AUTOMATED DAILY PAPER TRADING
2026-02-17 20:57:10,301 - INFO - ============================================================
2026-02-17 20:57:10,301 - INFO - Calendar Date: 2026-02-17
2026-02-17 20:57:10,301 - INFO - Historical Date (simulation): 2025-04-05
2026-02-17 20:57:10,301 - INFO - Running paper trading for 2025-04-05
2026-02-17 20:57:10,301 - INFO - Loading predictions from data/processed/phase1_predictions.parquet
2026-02-17 20:57:10,349 - INFO - 
============================================================
2026-02-17 20:57:10,349 - INFO - Running paper trading for 2025-04-05
2026-02-17 20:57:10,349 - INFO - ============================================================
2026-02-17 20:57:10,349 - ERROR - No data for date 2025-04-05
2026-02-17 20:57:10,349 - ERROR - Automation failed: Paper trading failed for 2025-04-05
Traceback (most recent call last):
  File "C:\Users\luixj\AI\stock-data\scripts\automation\daily_paper_trading_qdrant.py", line 358, in run_automated_daily
    result = self.run_daily_paper_trading(historical_date)
             ^^^^^^^^^^^^^^^^^^^^^^^^^^^^^^^^^^^^^^^^^^^^^
  File "C:\Users\luixj\AI\stock-data\scripts\automation\daily_paper_trading_qdrant.py", line 136, in run_daily_paper_trading
    raise ValueError(f"Paper trading failed for {historical_date}")
ValueError: Paper trading failed for 2025-04-05
2026-02-17 20:57:10,349 - ERROR - Automation failed: Paper trading failed for 2025-04-05
Traceback (most recent call last):
  File "C:\Users\luixj\AI\stock-data\scripts\automation\daily_paper_trading_qdrant.py", line 430, in main
    automation.run_automated_daily()
  File "C:\Users\luixj\AI\stock-data\scripts\automation\daily_paper_trading_qdrant.py", line 358, in run_automated_daily
    result = self.run_daily_paper_trading(historical_date)
             ^^^^^^^^^^^^^^^^^^^^^^^^^^^^^^^^^^^^^^^^^^^^^
  File "C:\Users\luixj\AI\stock-data\scripts\automation\daily_paper_trading_qdrant.py", line 136, in run_daily_paper_trading
    raise ValueError(f"Paper trading failed for {historical_date}")
ValueError: Paper trading failed for 2025-04-05
2026-02-17 20:58:09,667 - INFO - Starting automated daily paper trading...
2026-02-17 20:58:10,118 - INFO - HTTP Request: GET http://localhost:6333 "HTTP/1.1 200 OK"
2026-02-17 20:58:10,122 - INFO - Setting up Qdrant collections...
2026-02-17 20:58:10,125 - INFO - HTTP Request: GET http://localhost:6333/collections/stock_recommendations "HTTP/1.1 200 OK"
2026-02-17 20:58:10,127 - INFO - Collection 'stock_recommendations' already exists
2026-02-17 20:58:10,131 - INFO - HTTP Request: GET http://localhost:6333/collections/trading_results "HTTP/1.1 200 OK"
2026-02-17 20:58:10,131 - INFO - Collection 'trading_results' already exists
2026-02-17 20:58:10,146 - INFO - HTTP Request: GET http://localhost:6333/collections/performance_metrics "HTTP/1.1 200 OK"
2026-02-17 20:58:10,146 - INFO - Collection 'performance_metrics' already exists
2026-02-17 20:58:10,146 - INFO - ============================================================
2026-02-17 20:58:10,146 - INFO - AUTOMATED DAILY PAPER TRADING
2026-02-17 20:58:10,146 - INFO - ============================================================
2026-02-17 20:58:10,146 - INFO - Calendar Date: 2026-02-17
2026-02-17 20:58:10,198 - ERROR - Automation failed: Cannot compare tz-naive and tz-aware timestamps
Traceback (most recent call last):
  File "C:\Users\luixj\AI\stock-data\scripts\automation\daily_paper_trading_qdrant.py", line 359, in run_automated_daily
    historical_date = self.get_next_historical_date()
                      ^^^^^^^^^^^^^^^^^^^^^^^^^^^^^^^
  File "C:\Users\luixj\AI\stock-data\scripts\automation\daily_paper_trading_qdrant.py", line 124, in get_next_historical_date
    if pd.to_datetime(d) > last_dt:
       ^^^^^^^^^^^^^^^^^^^^^^^^^^^
  File "pandas/_libs/tslibs/timestamps.pyx", line 387, in pandas._libs.tslibs.timestamps._Timestamp.__richcmp__
TypeError: Cannot compare tz-naive and tz-aware timestamps
2026-02-17 20:58:10,199 - ERROR - Automation failed: Cannot compare tz-naive and tz-aware timestamps
Traceback (most recent call last):
  File "C:\Users\luixj\AI\stock-data\scripts\automation\daily_paper_trading_qdrant.py", line 435, in main
    automation.run_automated_daily()
  File "C:\Users\luixj\AI\stock-data\scripts\automation\daily_paper_trading_qdrant.py", line 359, in run_automated_daily
    historical_date = self.get_next_historical_date()
                      ^^^^^^^^^^^^^^^^^^^^^^^^^^^^^^^
  File "C:\Users\luixj\AI\stock-data\scripts\automation\daily_paper_trading_qdrant.py", line 124, in get_next_historical_date
    if pd.to_datetime(d) > last_dt:
       ^^^^^^^^^^^^^^^^^^^^^^^^^^^
  File "pandas/_libs/tslibs/timestamps.pyx", line 387, in pandas._libs.tslibs.timestamps._Timestamp.__richcmp__
TypeError: Cannot compare tz-naive and tz-aware timestamps
2026-02-17 20:58:12,729 - INFO - Starting automated daily paper trading...
2026-02-17 20:58:13,182 - INFO - HTTP Request: GET http://localhost:6333 "HTTP/1.1 200 OK"
2026-02-17 20:58:13,187 - INFO - Setting up Qdrant collections...
2026-02-17 20:58:13,189 - INFO - HTTP Request: GET http://localhost:6333/collections/stock_recommendations "HTTP/1.1 200 OK"
2026-02-17 20:58:13,190 - INFO - Collection 'stock_recommendations' already exists
2026-02-17 20:58:13,194 - INFO - HTTP Request: GET http://localhost:6333/collections/trading_results "HTTP/1.1 200 OK"
2026-02-17 20:58:13,194 - INFO - Collection 'trading_results' already exists
2026-02-17 20:58:13,196 - INFO - HTTP Request: GET http://localhost:6333/collections/performance_metrics "HTTP/1.1 200 OK"
2026-02-17 20:58:13,196 - INFO - Collection 'performance_metrics' already exists
2026-02-17 20:58:13,196 - INFO - ============================================================
2026-02-17 20:58:13,196 - INFO - AUTOMATED DAILY PAPER TRADING
2026-02-17 20:58:13,196 - INFO - ============================================================
2026-02-17 20:58:13,196 - INFO - Calendar Date: 2026-02-17
2026-02-17 20:58:13,246 - ERROR - Automation failed: Cannot compare tz-naive and tz-aware timestamps
Traceback (most recent call last):
  File "C:\Users\luixj\AI\stock-data\scripts\automation\daily_paper_trading_qdrant.py", line 359, in run_automated_daily
    historical_date = self.get_next_historical_date()
                      ^^^^^^^^^^^^^^^^^^^^^^^^^^^^^^^
  File "C:\Users\luixj\AI\stock-data\scripts\automation\daily_paper_trading_qdrant.py", line 124, in get_next_historical_date
    if pd.to_datetime(d) > last_dt:
       ^^^^^^^^^^^^^^^^^^^^^^^^^^^
  File "pandas/_libs/tslibs/timestamps.pyx", line 387, in pandas._libs.tslibs.timestamps._Timestamp.__richcmp__
TypeError: Cannot compare tz-naive and tz-aware timestamps
2026-02-17 20:58:13,246 - ERROR - Automation failed: Cannot compare tz-naive and tz-aware timestamps
Traceback (most recent call last):
  File "C:\Users\luixj\AI\stock-data\scripts\automation\daily_paper_trading_qdrant.py", line 435, in main
    automation.run_automated_daily()
  File "C:\Users\luixj\AI\stock-data\scripts\automation\daily_paper_trading_qdrant.py", line 359, in run_automated_daily
    historical_date = self.get_next_historical_date()
                      ^^^^^^^^^^^^^^^^^^^^^^^^^^^^^^^
  File "C:\Users\luixj\AI\stock-data\scripts\automation\daily_paper_trading_qdrant.py", line 124, in get_next_historical_date
    if pd.to_datetime(d) > last_dt:
       ^^^^^^^^^^^^^^^^^^^^^^^^^^^
  File "pandas/_libs/tslibs/timestamps.pyx", line 387, in pandas._libs.tslibs.timestamps._Timestamp.__richcmp__
TypeError: Cannot compare tz-naive and tz-aware timestamps
2026-02-17 20:58:15,834 - INFO - Starting automated daily paper trading...
2026-02-17 20:58:16,280 - INFO - HTTP Request: GET http://localhost:6333 "HTTP/1.1 200 OK"
2026-02-17 20:58:16,284 - INFO - Setting up Qdrant collections...
2026-02-17 20:58:16,286 - INFO - HTTP Request: GET http://localhost:6333/collections/stock_recommendations "HTTP/1.1 200 OK"
2026-02-17 20:58:16,288 - INFO - Collection 'stock_recommendations' already exists
2026-02-17 20:58:16,290 - INFO - HTTP Request: GET http://localhost:6333/collections/trading_results "HTTP/1.1 200 OK"
2026-02-17 20:58:16,291 - INFO - Collection 'trading_results' already exists
2026-02-17 20:58:16,293 - INFO - HTTP Request: GET http://localhost:6333/collections/performance_metrics "HTTP/1.1 200 OK"
2026-02-17 20:58:16,293 - INFO - Collection 'performance_metrics' already exists
2026-02-17 20:58:16,294 - INFO - ============================================================
2026-02-17 20:58:16,294 - INFO - AUTOMATED DAILY PAPER TRADING
2026-02-17 20:58:16,294 - INFO - ============================================================
2026-02-17 20:58:16,294 - INFO - Calendar Date: 2026-02-17
2026-02-17 20:58:16,344 - ERROR - Automation failed: Cannot compare tz-naive and tz-aware timestamps
Traceback (most recent call last):
  File "C:\Users\luixj\AI\stock-data\scripts\automation\daily_paper_trading_qdrant.py", line 359, in run_automated_daily
    historical_date = self.get_next_historical_date()
                      ^^^^^^^^^^^^^^^^^^^^^^^^^^^^^^^
  File "C:\Users\luixj\AI\stock-data\scripts\automation\daily_paper_trading_qdrant.py", line 124, in get_next_historical_date
    if pd.to_datetime(d) > last_dt:
       ^^^^^^^^^^^^^^^^^^^^^^^^^^^
  File "pandas/_libs/tslibs/timestamps.pyx", line 387, in pandas._libs.tslibs.timestamps._Timestamp.__richcmp__
TypeError: Cannot compare tz-naive and tz-aware timestamps
2026-02-17 20:58:16,344 - ERROR - Automation failed: Cannot compare tz-naive and tz-aware timestamps
Traceback (most recent call last):
  File "C:\Users\luixj\AI\stock-data\scripts\automation\daily_paper_trading_qdrant.py", line 435, in main
    automation.run_automated_daily()
  File "C:\Users\luixj\AI\stock-data\scripts\automation\daily_paper_trading_qdrant.py", line 359, in run_automated_daily
    historical_date = self.get_next_historical_date()
                      ^^^^^^^^^^^^^^^^^^^^^^^^^^^^^^^
  File "C:\Users\luixj\AI\stock-data\scripts\automation\daily_paper_trading_qdrant.py", line 124, in get_next_historical_date
    if pd.to_datetime(d) > last_dt:
       ^^^^^^^^^^^^^^^^^^^^^^^^^^^
  File "pandas/_libs/tslibs/timestamps.pyx", line 387, in pandas._libs.tslibs.timestamps._Timestamp.__richcmp__
TypeError: Cannot compare tz-naive and tz-aware timestamps
2026-02-17 20:58:18,970 - INFO - Starting automated daily paper trading...
2026-02-17 20:58:19,429 - INFO - HTTP Request: GET http://localhost:6333 "HTTP/1.1 200 OK"
2026-02-17 20:58:19,433 - INFO - Setting up Qdrant collections...
2026-02-17 20:58:19,435 - INFO - HTTP Request: GET http://localhost:6333/collections/stock_recommendations "HTTP/1.1 200 OK"
2026-02-17 20:58:19,436 - INFO - Collection 'stock_recommendations' already exists
2026-02-17 20:58:19,464 - INFO - HTTP Request: GET http://localhost:6333/collections/trading_results "HTTP/1.1 200 OK"
2026-02-17 20:58:19,465 - INFO - Collection 'trading_results' already exists
2026-02-17 20:58:19,468 - INFO - HTTP Request: GET http://localhost:6333/collections/performance_metrics "HTTP/1.1 200 OK"
2026-02-17 20:58:19,468 - INFO - Collection 'performance_metrics' already exists
2026-02-17 20:58:19,468 - INFO - ============================================================
2026-02-17 20:58:19,468 - INFO - AUTOMATED DAILY PAPER TRADING
2026-02-17 20:58:19,468 - INFO - ============================================================
2026-02-17 20:58:19,468 - INFO - Calendar Date: 2026-02-17
2026-02-17 20:58:19,516 - ERROR - Automation failed: Cannot compare tz-naive and tz-aware timestamps
Traceback (most recent call last):
  File "C:\Users\luixj\AI\stock-data\scripts\automation\daily_paper_trading_qdrant.py", line 359, in run_automated_daily
    historical_date = self.get_next_historical_date()
                      ^^^^^^^^^^^^^^^^^^^^^^^^^^^^^^^
  File "C:\Users\luixj\AI\stock-data\scripts\automation\daily_paper_trading_qdrant.py", line 124, in get_next_historical_date
    if pd.to_datetime(d) > last_dt:
       ^^^^^^^^^^^^^^^^^^^^^^^^^^^
  File "pandas/_libs/tslibs/timestamps.pyx", line 387, in pandas._libs.tslibs.timestamps._Timestamp.__richcmp__
TypeError: Cannot compare tz-naive and tz-aware timestamps
2026-02-17 20:58:19,516 - ERROR - Automation failed: Cannot compare tz-naive and tz-aware timestamps
Traceback (most recent call last):
  File "C:\Users\luixj\AI\stock-data\scripts\automation\daily_paper_trading_qdrant.py", line 435, in main
    automation.run_automated_daily()
  File "C:\Users\luixj\AI\stock-data\scripts\automation\daily_paper_trading_qdrant.py", line 359, in run_automated_daily
    historical_date = self.get_next_historical_date()
                      ^^^^^^^^^^^^^^^^^^^^^^^^^^^^^^^
  File "C:\Users\luixj\AI\stock-data\scripts\automation\daily_paper_trading_qdrant.py", line 124, in get_next_historical_date
    if pd.to_datetime(d) > last_dt:
       ^^^^^^^^^^^^^^^^^^^^^^^^^^^
  File "pandas/_libs/tslibs/timestamps.pyx", line 387, in pandas._libs.tslibs.timestamps._Timestamp.__richcmp__
TypeError: Cannot compare tz-naive and tz-aware timestamps
2026-02-17 20:58:22,054 - INFO - Starting automated daily paper trading...
2026-02-17 20:58:22,495 - INFO - HTTP Request: GET http://localhost:6333 "HTTP/1.1 200 OK"
2026-02-17 20:58:22,500 - INFO - Setting up Qdrant collections...
2026-02-17 20:58:22,505 - INFO - HTTP Request: GET http://localhost:6333/collections/stock_recommendations "HTTP/1.1 200 OK"
2026-02-17 20:58:22,506 - INFO - Collection 'stock_recommendations' already exists
2026-02-17 20:58:22,508 - INFO - HTTP Request: GET http://localhost:6333/collections/trading_results "HTTP/1.1 200 OK"
2026-02-17 20:58:22,508 - INFO - Collection 'trading_results' already exists
2026-02-17 20:58:22,510 - INFO - HTTP Request: GET http://localhost:6333/collections/performance_metrics "HTTP/1.1 200 OK"
2026-02-17 20:58:22,510 - INFO - Collection 'performance_metrics' already exists
2026-02-17 20:58:22,510 - INFO - ============================================================
2026-02-17 20:58:22,511 - INFO - AUTOMATED DAILY PAPER TRADING
2026-02-17 20:58:22,511 - INFO - ============================================================
2026-02-17 20:58:22,511 - INFO - Calendar Date: 2026-02-17
2026-02-17 20:58:22,562 - ERROR - Automation failed: Cannot compare tz-naive and tz-aware timestamps
Traceback (most recent call last):
  File "C:\Users\luixj\AI\stock-data\scripts\automation\daily_paper_trading_qdrant.py", line 359, in run_automated_daily
    historical_date = self.get_next_historical_date()
                      ^^^^^^^^^^^^^^^^^^^^^^^^^^^^^^^
  File "C:\Users\luixj\AI\stock-data\scripts\automation\daily_paper_trading_qdrant.py", line 124, in get_next_historical_date
    if pd.to_datetime(d) > last_dt:
       ^^^^^^^^^^^^^^^^^^^^^^^^^^^
  File "pandas/_libs/tslibs/timestamps.pyx", line 387, in pandas._libs.tslibs.timestamps._Timestamp.__richcmp__
TypeError: Cannot compare tz-naive and tz-aware timestamps
2026-02-17 20:58:22,562 - ERROR - Automation failed: Cannot compare tz-naive and tz-aware timestamps
Traceback (most recent call last):
  File "C:\Users\luixj\AI\stock-data\scripts\automation\daily_paper_trading_qdrant.py", line 435, in main
    automation.run_automated_daily()
  File "C:\Users\luixj\AI\stock-data\scripts\automation\daily_paper_trading_qdrant.py", line 359, in run_automated_daily
    historical_date = self.get_next_historical_date()
                      ^^^^^^^^^^^^^^^^^^^^^^^^^^^^^^^
  File "C:\Users\luixj\AI\stock-data\scripts\automation\daily_paper_trading_qdrant.py", line 124, in get_next_historical_date
    if pd.to_datetime(d) > last_dt:
       ^^^^^^^^^^^^^^^^^^^^^^^^^^^
  File "pandas/_libs/tslibs/timestamps.pyx", line 387, in pandas._libs.tslibs.timestamps._Timestamp.__richcmp__
TypeError: Cannot compare tz-naive and tz-aware timestamps
2026-02-17 20:58:25,193 - INFO - Starting automated daily paper trading...
2026-02-17 20:58:25,628 - INFO - HTTP Request: GET http://localhost:6333 "HTTP/1.1 200 OK"
2026-02-17 20:58:25,632 - INFO - Setting up Qdrant collections...
2026-02-17 20:58:25,649 - INFO - HTTP Request: GET http://localhost:6333/collections/stock_recommendations "HTTP/1.1 200 OK"
2026-02-17 20:58:25,650 - INFO - Collection 'stock_recommendations' already exists
2026-02-17 20:58:25,652 - INFO - HTTP Request: GET http://localhost:6333/collections/trading_results "HTTP/1.1 200 OK"
2026-02-17 20:58:25,652 - INFO - Collection 'trading_results' already exists
2026-02-17 20:58:25,653 - INFO - HTTP Request: GET http://localhost:6333/collections/performance_metrics "HTTP/1.1 200 OK"
2026-02-17 20:58:25,653 - INFO - Collection 'performance_metrics' already exists
2026-02-17 20:58:25,653 - INFO - ============================================================
2026-02-17 20:58:25,655 - INFO - AUTOMATED DAILY PAPER TRADING
2026-02-17 20:58:25,655 - INFO - ============================================================
2026-02-17 20:58:25,655 - INFO - Calendar Date: 2026-02-17
2026-02-17 20:58:25,701 - ERROR - Automation failed: Cannot compare tz-naive and tz-aware timestamps
Traceback (most recent call last):
  File "C:\Users\luixj\AI\stock-data\scripts\automation\daily_paper_trading_qdrant.py", line 359, in run_automated_daily
    historical_date = self.get_next_historical_date()
                      ^^^^^^^^^^^^^^^^^^^^^^^^^^^^^^^
  File "C:\Users\luixj\AI\stock-data\scripts\automation\daily_paper_trading_qdrant.py", line 124, in get_next_historical_date
    if pd.to_datetime(d) > last_dt:
       ^^^^^^^^^^^^^^^^^^^^^^^^^^^
  File "pandas/_libs/tslibs/timestamps.pyx", line 387, in pandas._libs.tslibs.timestamps._Timestamp.__richcmp__
TypeError: Cannot compare tz-naive and tz-aware timestamps
2026-02-17 20:58:25,701 - ERROR - Automation failed: Cannot compare tz-naive and tz-aware timestamps
Traceback (most recent call last):
  File "C:\Users\luixj\AI\stock-data\scripts\automation\daily_paper_trading_qdrant.py", line 435, in main
    automation.run_automated_daily()
  File "C:\Users\luixj\AI\stock-data\scripts\automation\daily_paper_trading_qdrant.py", line 359, in run_automated_daily
    historical_date = self.get_next_historical_date()
                      ^^^^^^^^^^^^^^^^^^^^^^^^^^^^^^^
  File "C:\Users\luixj\AI\stock-data\scripts\automation\daily_paper_trading_qdrant.py", line 124, in get_next_historical_date
    if pd.to_datetime(d) > last_dt:
       ^^^^^^^^^^^^^^^^^^^^^^^^^^^
  File "pandas/_libs/tslibs/timestamps.pyx", line 387, in pandas._libs.tslibs.timestamps._Timestamp.__richcmp__
TypeError: Cannot compare tz-naive and tz-aware timestamps
2026-02-17 20:58:28,350 - INFO - Starting automated daily paper trading...
2026-02-17 20:58:28,806 - INFO - HTTP Request: GET http://localhost:6333 "HTTP/1.1 200 OK"
2026-02-17 20:58:28,810 - INFO - Setting up Qdrant collections...
2026-02-17 20:58:28,813 - INFO - HTTP Request: GET http://localhost:6333/collections/stock_recommendations "HTTP/1.1 200 OK"
2026-02-17 20:58:28,815 - INFO - Collection 'stock_recommendations' already exists
2026-02-17 20:58:28,835 - INFO - HTTP Request: GET http://localhost:6333/collections/trading_results "HTTP/1.1 200 OK"
2026-02-17 20:58:28,835 - INFO - Collection 'trading_results' already exists
2026-02-17 20:58:28,838 - INFO - HTTP Request: GET http://localhost:6333/collections/performance_metrics "HTTP/1.1 200 OK"
2026-02-17 20:58:28,839 - INFO - Collection 'performance_metrics' already exists
2026-02-17 20:58:28,839 - INFO - ============================================================
2026-02-17 20:58:28,839 - INFO - AUTOMATED DAILY PAPER TRADING
2026-02-17 20:58:28,839 - INFO - ============================================================
2026-02-17 20:58:28,839 - INFO - Calendar Date: 2026-02-17
2026-02-17 20:58:28,889 - ERROR - Automation failed: Cannot compare tz-naive and tz-aware timestamps
Traceback (most recent call last):
  File "C:\Users\luixj\AI\stock-data\scripts\automation\daily_paper_trading_qdrant.py", line 359, in run_automated_daily
    historical_date = self.get_next_historical_date()
                      ^^^^^^^^^^^^^^^^^^^^^^^^^^^^^^^
  File "C:\Users\luixj\AI\stock-data\scripts\automation\daily_paper_trading_qdrant.py", line 124, in get_next_historical_date
    if pd.to_datetime(d) > last_dt:
       ^^^^^^^^^^^^^^^^^^^^^^^^^^^
  File "pandas/_libs/tslibs/timestamps.pyx", line 387, in pandas._libs.tslibs.timestamps._Timestamp.__richcmp__
TypeError: Cannot compare tz-naive and tz-aware timestamps
2026-02-17 20:58:28,890 - ERROR - Automation failed: Cannot compare tz-naive and tz-aware timestamps
Traceback (most recent call last):
  File "C:\Users\luixj\AI\stock-data\scripts\automation\daily_paper_trading_qdrant.py", line 435, in main
    automation.run_automated_daily()
  File "C:\Users\luixj\AI\stock-data\scripts\automation\daily_paper_trading_qdrant.py", line 359, in run_automated_daily
    historical_date = self.get_next_historical_date()
                      ^^^^^^^^^^^^^^^^^^^^^^^^^^^^^^^
  File "C:\Users\luixj\AI\stock-data\scripts\automation\daily_paper_trading_qdrant.py", line 124, in get_next_historical_date
    if pd.to_datetime(d) > last_dt:
       ^^^^^^^^^^^^^^^^^^^^^^^^^^^
  File "pandas/_libs/tslibs/timestamps.pyx", line 387, in pandas._libs.tslibs.timestamps._Timestamp.__richcmp__
TypeError: Cannot compare tz-naive and tz-aware timestamps
2026-02-17 20:58:31,526 - INFO - Starting automated daily paper trading...
2026-02-17 20:58:31,964 - INFO - HTTP Request: GET http://localhost:6333 "HTTP/1.1 200 OK"
2026-02-17 20:58:31,969 - INFO - Setting up Qdrant collections...
2026-02-17 20:58:31,971 - INFO - HTTP Request: GET http://localhost:6333/collections/stock_recommendations "HTTP/1.1 200 OK"
2026-02-17 20:58:31,973 - INFO - Collection 'stock_recommendations' already exists
2026-02-17 20:58:31,974 - INFO - HTTP Request: GET http://localhost:6333/collections/trading_results "HTTP/1.1 200 OK"
2026-02-17 20:58:31,974 - INFO - Collection 'trading_results' already exists
2026-02-17 20:58:31,993 - INFO - HTTP Request: GET http://localhost:6333/collections/performance_metrics "HTTP/1.1 200 OK"
2026-02-17 20:58:31,993 - INFO - Collection 'performance_metrics' already exists
2026-02-17 20:58:31,993 - INFO - ============================================================
2026-02-17 20:58:31,993 - INFO - AUTOMATED DAILY PAPER TRADING
2026-02-17 20:58:31,993 - INFO - ============================================================
2026-02-17 20:58:31,993 - INFO - Calendar Date: 2026-02-17
2026-02-17 20:58:32,040 - ERROR - Automation failed: Cannot compare tz-naive and tz-aware timestamps
Traceback (most recent call last):
  File "C:\Users\luixj\AI\stock-data\scripts\automation\daily_paper_trading_qdrant.py", line 359, in run_automated_daily
    historical_date = self.get_next_historical_date()
                      ^^^^^^^^^^^^^^^^^^^^^^^^^^^^^^^
  File "C:\Users\luixj\AI\stock-data\scripts\automation\daily_paper_trading_qdrant.py", line 124, in get_next_historical_date
    if pd.to_datetime(d) > last_dt:
       ^^^^^^^^^^^^^^^^^^^^^^^^^^^
  File "pandas/_libs/tslibs/timestamps.pyx", line 387, in pandas._libs.tslibs.timestamps._Timestamp.__richcmp__
TypeError: Cannot compare tz-naive and tz-aware timestamps
2026-02-17 20:58:32,040 - ERROR - Automation failed: Cannot compare tz-naive and tz-aware timestamps
Traceback (most recent call last):
  File "C:\Users\luixj\AI\stock-data\scripts\automation\daily_paper_trading_qdrant.py", line 435, in main
    automation.run_automated_daily()
  File "C:\Users\luixj\AI\stock-data\scripts\automation\daily_paper_trading_qdrant.py", line 359, in run_automated_daily
    historical_date = self.get_next_historical_date()
                      ^^^^^^^^^^^^^^^^^^^^^^^^^^^^^^^
  File "C:\Users\luixj\AI\stock-data\scripts\automation\daily_paper_trading_qdrant.py", line 124, in get_next_historical_date
    if pd.to_datetime(d) > last_dt:
       ^^^^^^^^^^^^^^^^^^^^^^^^^^^
  File "pandas/_libs/tslibs/timestamps.pyx", line 387, in pandas._libs.tslibs.timestamps._Timestamp.__richcmp__
TypeError: Cannot compare tz-naive and tz-aware timestamps
2026-02-17 20:58:34,592 - INFO - Starting automated daily paper trading...
2026-02-17 20:58:35,028 - INFO - HTTP Request: GET http://localhost:6333 "HTTP/1.1 200 OK"
2026-02-17 20:58:35,032 - INFO - Setting up Qdrant collections...
2026-02-17 20:58:35,035 - INFO - HTTP Request: GET http://localhost:6333/collections/stock_recommendations "HTTP/1.1 200 OK"
2026-02-17 20:58:35,035 - INFO - Collection 'stock_recommendations' already exists
2026-02-17 20:58:35,037 - INFO - HTTP Request: GET http://localhost:6333/collections/trading_results "HTTP/1.1 200 OK"
2026-02-17 20:58:35,039 - INFO - Collection 'trading_results' already exists
2026-02-17 20:58:35,041 - INFO - HTTP Request: GET http://localhost:6333/collections/performance_metrics "HTTP/1.1 200 OK"
2026-02-17 20:58:35,041 - INFO - Collection 'performance_metrics' already exists
2026-02-17 20:58:35,041 - INFO - ============================================================
2026-02-17 20:58:35,041 - INFO - AUTOMATED DAILY PAPER TRADING
2026-02-17 20:58:35,041 - INFO - ============================================================
2026-02-17 20:58:35,041 - INFO - Calendar Date: 2026-02-17
2026-02-17 20:58:35,088 - ERROR - Automation failed: Cannot compare tz-naive and tz-aware timestamps
Traceback (most recent call last):
  File "C:\Users\luixj\AI\stock-data\scripts\automation\daily_paper_trading_qdrant.py", line 359, in run_automated_daily
    historical_date = self.get_next_historical_date()
                      ^^^^^^^^^^^^^^^^^^^^^^^^^^^^^^^
  File "C:\Users\luixj\AI\stock-data\scripts\automation\daily_paper_trading_qdrant.py", line 124, in get_next_historical_date
    if pd.to_datetime(d) > last_dt:
       ^^^^^^^^^^^^^^^^^^^^^^^^^^^
  File "pandas/_libs/tslibs/timestamps.pyx", line 387, in pandas._libs.tslibs.timestamps._Timestamp.__richcmp__
TypeError: Cannot compare tz-naive and tz-aware timestamps
2026-02-17 20:58:35,089 - ERROR - Automation failed: Cannot compare tz-naive and tz-aware timestamps
Traceback (most recent call last):
  File "C:\Users\luixj\AI\stock-data\scripts\automation\daily_paper_trading_qdrant.py", line 435, in main
    automation.run_automated_daily()
  File "C:\Users\luixj\AI\stock-data\scripts\automation\daily_paper_trading_qdrant.py", line 359, in run_automated_daily
    historical_date = self.get_next_historical_date()
                      ^^^^^^^^^^^^^^^^^^^^^^^^^^^^^^^
  File "C:\Users\luixj\AI\stock-data\scripts\automation\daily_paper_trading_qdrant.py", line 124, in get_next_historical_date
    if pd.to_datetime(d) > last_dt:
       ^^^^^^^^^^^^^^^^^^^^^^^^^^^
  File "pandas/_libs/tslibs/timestamps.pyx", line 387, in pandas._libs.tslibs.timestamps._Timestamp.__richcmp__
TypeError: Cannot compare tz-naive and tz-aware timestamps
2026-02-17 20:58:37,717 - INFO - Starting automated daily paper trading...
2026-02-17 20:58:38,147 - INFO - HTTP Request: GET http://localhost:6333 "HTTP/1.1 200 OK"
2026-02-17 20:58:38,150 - INFO - Setting up Qdrant collections...
2026-02-17 20:58:38,153 - INFO - HTTP Request: GET http://localhost:6333/collections/stock_recommendations "HTTP/1.1 200 OK"
2026-02-17 20:58:38,154 - INFO - Collection 'stock_recommendations' already exists
2026-02-17 20:58:38,156 - INFO - HTTP Request: GET http://localhost:6333/collections/trading_results "HTTP/1.1 200 OK"
2026-02-17 20:58:38,157 - INFO - Collection 'trading_results' already exists
2026-02-17 20:58:38,159 - INFO - HTTP Request: GET http://localhost:6333/collections/performance_metrics "HTTP/1.1 200 OK"
2026-02-17 20:58:38,159 - INFO - Collection 'performance_metrics' already exists
2026-02-17 20:58:38,159 - INFO - ============================================================
2026-02-17 20:58:38,159 - INFO - AUTOMATED DAILY PAPER TRADING
2026-02-17 20:58:38,159 - INFO - ============================================================
2026-02-17 20:58:38,159 - INFO - Calendar Date: 2026-02-17
2026-02-17 20:58:38,207 - ERROR - Automation failed: Cannot compare tz-naive and tz-aware timestamps
Traceback (most recent call last):
  File "C:\Users\luixj\AI\stock-data\scripts\automation\daily_paper_trading_qdrant.py", line 359, in run_automated_daily
    historical_date = self.get_next_historical_date()
                      ^^^^^^^^^^^^^^^^^^^^^^^^^^^^^^^
  File "C:\Users\luixj\AI\stock-data\scripts\automation\daily_paper_trading_qdrant.py", line 124, in get_next_historical_date
    if pd.to_datetime(d) > last_dt:
       ^^^^^^^^^^^^^^^^^^^^^^^^^^^
  File "pandas/_libs/tslibs/timestamps.pyx", line 387, in pandas._libs.tslibs.timestamps._Timestamp.__richcmp__
TypeError: Cannot compare tz-naive and tz-aware timestamps
2026-02-17 20:58:38,207 - ERROR - Automation failed: Cannot compare tz-naive and tz-aware timestamps
Traceback (most recent call last):
  File "C:\Users\luixj\AI\stock-data\scripts\automation\daily_paper_trading_qdrant.py", line 435, in main
    automation.run_automated_daily()
  File "C:\Users\luixj\AI\stock-data\scripts\automation\daily_paper_trading_qdrant.py", line 359, in run_automated_daily
    historical_date = self.get_next_historical_date()
                      ^^^^^^^^^^^^^^^^^^^^^^^^^^^^^^^
  File "C:\Users\luixj\AI\stock-data\scripts\automation\daily_paper_trading_qdrant.py", line 124, in get_next_historical_date
    if pd.to_datetime(d) > last_dt:
       ^^^^^^^^^^^^^^^^^^^^^^^^^^^
  File "pandas/_libs/tslibs/timestamps.pyx", line 387, in pandas._libs.tslibs.timestamps._Timestamp.__richcmp__
TypeError: Cannot compare tz-naive and tz-aware timestamps
2026-02-17 20:58:40,718 - INFO - Starting automated daily paper trading...
2026-02-17 20:58:41,163 - INFO - HTTP Request: GET http://localhost:6333 "HTTP/1.1 200 OK"
2026-02-17 20:58:41,167 - INFO - Setting up Qdrant collections...
2026-02-17 20:58:41,187 - INFO - HTTP Request: GET http://localhost:6333/collections/stock_recommendations "HTTP/1.1 200 OK"
2026-02-17 20:58:41,189 - INFO - Collection 'stock_recommendations' already exists
2026-02-17 20:58:41,191 - INFO - HTTP Request: GET http://localhost:6333/collections/trading_results "HTTP/1.1 200 OK"
2026-02-17 20:58:41,191 - INFO - Collection 'trading_results' already exists
2026-02-17 20:58:41,219 - INFO - HTTP Request: GET http://localhost:6333/collections/performance_metrics "HTTP/1.1 200 OK"
2026-02-17 20:58:41,219 - INFO - Collection 'performance_metrics' already exists
2026-02-17 20:58:41,219 - INFO - ============================================================
2026-02-17 20:58:41,219 - INFO - AUTOMATED DAILY PAPER TRADING
2026-02-17 20:58:41,219 - INFO - ============================================================
2026-02-17 20:58:41,219 - INFO - Calendar Date: 2026-02-17
2026-02-17 20:58:41,271 - ERROR - Automation failed: Cannot compare tz-naive and tz-aware timestamps
Traceback (most recent call last):
  File "C:\Users\luixj\AI\stock-data\scripts\automation\daily_paper_trading_qdrant.py", line 359, in run_automated_daily
    historical_date = self.get_next_historical_date()
                      ^^^^^^^^^^^^^^^^^^^^^^^^^^^^^^^
  File "C:\Users\luixj\AI\stock-data\scripts\automation\daily_paper_trading_qdrant.py", line 124, in get_next_historical_date
    if pd.to_datetime(d) > last_dt:
       ^^^^^^^^^^^^^^^^^^^^^^^^^^^
  File "pandas/_libs/tslibs/timestamps.pyx", line 387, in pandas._libs.tslibs.timestamps._Timestamp.__richcmp__
TypeError: Cannot compare tz-naive and tz-aware timestamps
2026-02-17 20:58:41,272 - ERROR - Automation failed: Cannot compare tz-naive and tz-aware timestamps
Traceback (most recent call last):
  File "C:\Users\luixj\AI\stock-data\scripts\automation\daily_paper_trading_qdrant.py", line 435, in main
    automation.run_automated_daily()
  File "C:\Users\luixj\AI\stock-data\scripts\automation\daily_paper_trading_qdrant.py", line 359, in run_automated_daily
    historical_date = self.get_next_historical_date()
                      ^^^^^^^^^^^^^^^^^^^^^^^^^^^^^^^
  File "C:\Users\luixj\AI\stock-data\scripts\automation\daily_paper_trading_qdrant.py", line 124, in get_next_historical_date
    if pd.to_datetime(d) > last_dt:
       ^^^^^^^^^^^^^^^^^^^^^^^^^^^
  File "pandas/_libs/tslibs/timestamps.pyx", line 387, in pandas._libs.tslibs.timestamps._Timestamp.__richcmp__
TypeError: Cannot compare tz-naive and tz-aware timestamps
2026-02-17 20:58:43,937 - INFO - Starting automated daily paper trading...
2026-02-17 20:58:44,383 - INFO - HTTP Request: GET http://localhost:6333 "HTTP/1.1 200 OK"
2026-02-17 20:58:44,387 - INFO - Setting up Qdrant collections...
2026-02-17 20:58:44,390 - INFO - HTTP Request: GET http://localhost:6333/collections/stock_recommendations "HTTP/1.1 200 OK"
2026-02-17 20:58:44,390 - INFO - Collection 'stock_recommendations' already exists
2026-02-17 20:58:44,395 - INFO - HTTP Request: GET http://localhost:6333/collections/trading_results "HTTP/1.1 200 OK"
2026-02-17 20:58:44,395 - INFO - Collection 'trading_results' already exists
2026-02-17 20:58:44,397 - INFO - HTTP Request: GET http://localhost:6333/collections/performance_metrics "HTTP/1.1 200 OK"
2026-02-17 20:58:44,397 - INFO - Collection 'performance_metrics' already exists
2026-02-17 20:58:44,397 - INFO - ============================================================
2026-02-17 20:58:44,397 - INFO - AUTOMATED DAILY PAPER TRADING
2026-02-17 20:58:44,397 - INFO - ============================================================
2026-02-17 20:58:44,397 - INFO - Calendar Date: 2026-02-17
2026-02-17 20:58:44,446 - ERROR - Automation failed: Cannot compare tz-naive and tz-aware timestamps
Traceback (most recent call last):
  File "C:\Users\luixj\AI\stock-data\scripts\automation\daily_paper_trading_qdrant.py", line 359, in run_automated_daily
    historical_date = self.get_next_historical_date()
                      ^^^^^^^^^^^^^^^^^^^^^^^^^^^^^^^
  File "C:\Users\luixj\AI\stock-data\scripts\automation\daily_paper_trading_qdrant.py", line 124, in get_next_historical_date
    if pd.to_datetime(d) > last_dt:
       ^^^^^^^^^^^^^^^^^^^^^^^^^^^
  File "pandas/_libs/tslibs/timestamps.pyx", line 387, in pandas._libs.tslibs.timestamps._Timestamp.__richcmp__
TypeError: Cannot compare tz-naive and tz-aware timestamps
2026-02-17 20:58:44,446 - ERROR - Automation failed: Cannot compare tz-naive and tz-aware timestamps
Traceback (most recent call last):
  File "C:\Users\luixj\AI\stock-data\scripts\automation\daily_paper_trading_qdrant.py", line 435, in main
    automation.run_automated_daily()
  File "C:\Users\luixj\AI\stock-data\scripts\automation\daily_paper_trading_qdrant.py", line 359, in run_automated_daily
    historical_date = self.get_next_historical_date()
                      ^^^^^^^^^^^^^^^^^^^^^^^^^^^^^^^
  File "C:\Users\luixj\AI\stock-data\scripts\automation\daily_paper_trading_qdrant.py", line 124, in get_next_historical_date
    if pd.to_datetime(d) > last_dt:
       ^^^^^^^^^^^^^^^^^^^^^^^^^^^
  File "pandas/_libs/tslibs/timestamps.pyx", line 387, in pandas._libs.tslibs.timestamps._Timestamp.__richcmp__
TypeError: Cannot compare tz-naive and tz-aware timestamps
2026-02-17 20:58:46,911 - INFO - Starting automated daily paper trading...
2026-02-17 20:58:47,357 - INFO - HTTP Request: GET http://localhost:6333 "HTTP/1.1 200 OK"
2026-02-17 20:58:47,361 - INFO - Setting up Qdrant collections...
2026-02-17 20:58:47,364 - INFO - HTTP Request: GET http://localhost:6333/collections/stock_recommendations "HTTP/1.1 200 OK"
2026-02-17 20:58:47,364 - INFO - Collection 'stock_recommendations' already exists
2026-02-17 20:58:47,369 - INFO - HTTP Request: GET http://localhost:6333/collections/trading_results "HTTP/1.1 200 OK"
2026-02-17 20:58:47,369 - INFO - Collection 'trading_results' already exists
2026-02-17 20:58:47,384 - INFO - HTTP Request: GET http://localhost:6333/collections/performance_metrics "HTTP/1.1 200 OK"
2026-02-17 20:58:47,384 - INFO - Collection 'performance_metrics' already exists
2026-02-17 20:58:47,384 - INFO - ============================================================
2026-02-17 20:58:47,384 - INFO - AUTOMATED DAILY PAPER TRADING
2026-02-17 20:58:47,384 - INFO - ============================================================
2026-02-17 20:58:47,384 - INFO - Calendar Date: 2026-02-17
2026-02-17 20:58:47,437 - ERROR - Automation failed: Cannot compare tz-naive and tz-aware timestamps
Traceback (most recent call last):
  File "C:\Users\luixj\AI\stock-data\scripts\automation\daily_paper_trading_qdrant.py", line 359, in run_automated_daily
    historical_date = self.get_next_historical_date()
                      ^^^^^^^^^^^^^^^^^^^^^^^^^^^^^^^
  File "C:\Users\luixj\AI\stock-data\scripts\automation\daily_paper_trading_qdrant.py", line 124, in get_next_historical_date
    if pd.to_datetime(d) > last_dt:
       ^^^^^^^^^^^^^^^^^^^^^^^^^^^
  File "pandas/_libs/tslibs/timestamps.pyx", line 387, in pandas._libs.tslibs.timestamps._Timestamp.__richcmp__
TypeError: Cannot compare tz-naive and tz-aware timestamps
2026-02-17 20:58:47,438 - ERROR - Automation failed: Cannot compare tz-naive and tz-aware timestamps
Traceback (most recent call last):
  File "C:\Users\luixj\AI\stock-data\scripts\automation\daily_paper_trading_qdrant.py", line 435, in main
    automation.run_automated_daily()
  File "C:\Users\luixj\AI\stock-data\scripts\automation\daily_paper_trading_qdrant.py", line 359, in run_automated_daily
    historical_date = self.get_next_historical_date()
                      ^^^^^^^^^^^^^^^^^^^^^^^^^^^^^^^
  File "C:\Users\luixj\AI\stock-data\scripts\automation\daily_paper_trading_qdrant.py", line 124, in get_next_historical_date
    if pd.to_datetime(d) > last_dt:
       ^^^^^^^^^^^^^^^^^^^^^^^^^^^
  File "pandas/_libs/tslibs/timestamps.pyx", line 387, in pandas._libs.tslibs.timestamps._Timestamp.__richcmp__
TypeError: Cannot compare tz-naive and tz-aware timestamps
2026-02-17 20:58:50,127 - INFO - Starting automated daily paper trading...
2026-02-17 20:58:50,565 - INFO - HTTP Request: GET http://localhost:6333 "HTTP/1.1 200 OK"
2026-02-17 20:58:50,569 - INFO - Setting up Qdrant collections...
2026-02-17 20:58:50,593 - INFO - HTTP Request: GET http://localhost:6333/collections/stock_recommendations "HTTP/1.1 200 OK"
2026-02-17 20:58:50,595 - INFO - Collection 'stock_recommendations' already exists
2026-02-17 20:58:50,597 - INFO - HTTP Request: GET http://localhost:6333/collections/trading_results "HTTP/1.1 200 OK"
2026-02-17 20:58:50,597 - INFO - Collection 'trading_results' already exists
2026-02-17 20:58:50,599 - INFO - HTTP Request: GET http://localhost:6333/collections/performance_metrics "HTTP/1.1 200 OK"
2026-02-17 20:58:50,599 - INFO - Collection 'performance_metrics' already exists
2026-02-17 20:58:50,599 - INFO - ============================================================
2026-02-17 20:58:50,599 - INFO - AUTOMATED DAILY PAPER TRADING
2026-02-17 20:58:50,599 - INFO - ============================================================
2026-02-17 20:58:50,599 - INFO - Calendar Date: 2026-02-17
2026-02-17 20:58:50,651 - ERROR - Automation failed: Cannot compare tz-naive and tz-aware timestamps
Traceback (most recent call last):
  File "C:\Users\luixj\AI\stock-data\scripts\automation\daily_paper_trading_qdrant.py", line 359, in run_automated_daily
    historical_date = self.get_next_historical_date()
                      ^^^^^^^^^^^^^^^^^^^^^^^^^^^^^^^
  File "C:\Users\luixj\AI\stock-data\scripts\automation\daily_paper_trading_qdrant.py", line 124, in get_next_historical_date
    if pd.to_datetime(d) > last_dt:
       ^^^^^^^^^^^^^^^^^^^^^^^^^^^
  File "pandas/_libs/tslibs/timestamps.pyx", line 387, in pandas._libs.tslibs.timestamps._Timestamp.__richcmp__
TypeError: Cannot compare tz-naive and tz-aware timestamps
2026-02-17 20:58:50,651 - ERROR - Automation failed: Cannot compare tz-naive and tz-aware timestamps
Traceback (most recent call last):
  File "C:\Users\luixj\AI\stock-data\scripts\automation\daily_paper_trading_qdrant.py", line 435, in main
    automation.run_automated_daily()
  File "C:\Users\luixj\AI\stock-data\scripts\automation\daily_paper_trading_qdrant.py", line 359, in run_automated_daily
    historical_date = self.get_next_historical_date()
                      ^^^^^^^^^^^^^^^^^^^^^^^^^^^^^^^
  File "C:\Users\luixj\AI\stock-data\scripts\automation\daily_paper_trading_qdrant.py", line 124, in get_next_historical_date
    if pd.to_datetime(d) > last_dt:
       ^^^^^^^^^^^^^^^^^^^^^^^^^^^
  File "pandas/_libs/tslibs/timestamps.pyx", line 387, in pandas._libs.tslibs.timestamps._Timestamp.__richcmp__
TypeError: Cannot compare tz-naive and tz-aware timestamps
2026-02-17 20:58:53,214 - INFO - Starting automated daily paper trading...
2026-02-17 20:58:53,643 - INFO - HTTP Request: GET http://localhost:6333 "HTTP/1.1 200 OK"
2026-02-17 20:58:53,647 - INFO - Setting up Qdrant collections...
2026-02-17 20:58:53,650 - INFO - HTTP Request: GET http://localhost:6333/collections/stock_recommendations "HTTP/1.1 200 OK"
2026-02-17 20:58:53,651 - INFO - Collection 'stock_recommendations' already exists
2026-02-17 20:58:53,654 - INFO - HTTP Request: GET http://localhost:6333/collections/trading_results "HTTP/1.1 200 OK"
2026-02-17 20:58:53,654 - INFO - Collection 'trading_results' already exists
2026-02-17 20:58:53,656 - INFO - HTTP Request: GET http://localhost:6333/collections/performance_metrics "HTTP/1.1 200 OK"
2026-02-17 20:58:53,657 - INFO - Collection 'performance_metrics' already exists
2026-02-17 20:58:53,657 - INFO - ============================================================
2026-02-17 20:58:53,657 - INFO - AUTOMATED DAILY PAPER TRADING
2026-02-17 20:58:53,657 - INFO - ============================================================
2026-02-17 20:58:53,657 - INFO - Calendar Date: 2026-02-17
2026-02-17 20:58:53,705 - ERROR - Automation failed: Cannot compare tz-naive and tz-aware timestamps
Traceback (most recent call last):
  File "C:\Users\luixj\AI\stock-data\scripts\automation\daily_paper_trading_qdrant.py", line 359, in run_automated_daily
    historical_date = self.get_next_historical_date()
                      ^^^^^^^^^^^^^^^^^^^^^^^^^^^^^^^
  File "C:\Users\luixj\AI\stock-data\scripts\automation\daily_paper_trading_qdrant.py", line 124, in get_next_historical_date
    if pd.to_datetime(d) > last_dt:
       ^^^^^^^^^^^^^^^^^^^^^^^^^^^
  File "pandas/_libs/tslibs/timestamps.pyx", line 387, in pandas._libs.tslibs.timestamps._Timestamp.__richcmp__
TypeError: Cannot compare tz-naive and tz-aware timestamps
2026-02-17 20:58:53,705 - ERROR - Automation failed: Cannot compare tz-naive and tz-aware timestamps
Traceback (most recent call last):
  File "C:\Users\luixj\AI\stock-data\scripts\automation\daily_paper_trading_qdrant.py", line 435, in main
    automation.run_automated_daily()
  File "C:\Users\luixj\AI\stock-data\scripts\automation\daily_paper_trading_qdrant.py", line 359, in run_automated_daily
    historical_date = self.get_next_historical_date()
                      ^^^^^^^^^^^^^^^^^^^^^^^^^^^^^^^
  File "C:\Users\luixj\AI\stock-data\scripts\automation\daily_paper_trading_qdrant.py", line 124, in get_next_historical_date
    if pd.to_datetime(d) > last_dt:
       ^^^^^^^^^^^^^^^^^^^^^^^^^^^
  File "pandas/_libs/tslibs/timestamps.pyx", line 387, in pandas._libs.tslibs.timestamps._Timestamp.__richcmp__
TypeError: Cannot compare tz-naive and tz-aware timestamps
2026-02-17 20:58:56,272 - INFO - Starting automated daily paper trading...
2026-02-17 20:58:56,711 - INFO - HTTP Request: GET http://localhost:6333 "HTTP/1.1 200 OK"
2026-02-17 20:58:56,715 - INFO - Setting up Qdrant collections...
2026-02-17 20:58:56,742 - INFO - HTTP Request: GET http://localhost:6333/collections/stock_recommendations "HTTP/1.1 200 OK"
2026-02-17 20:58:56,743 - INFO - Collection 'stock_recommendations' already exists
2026-02-17 20:58:56,758 - INFO - HTTP Request: GET http://localhost:6333/collections/trading_results "HTTP/1.1 200 OK"
2026-02-17 20:58:56,758 - INFO - Collection 'trading_results' already exists
2026-02-17 20:58:56,760 - INFO - HTTP Request: GET http://localhost:6333/collections/performance_metrics "HTTP/1.1 200 OK"
2026-02-17 20:58:56,760 - INFO - Collection 'performance_metrics' already exists
2026-02-17 20:58:56,760 - INFO - ============================================================
2026-02-17 20:58:56,760 - INFO - AUTOMATED DAILY PAPER TRADING
2026-02-17 20:58:56,760 - INFO - ============================================================
2026-02-17 20:58:56,760 - INFO - Calendar Date: 2026-02-17
2026-02-17 20:58:56,808 - ERROR - Automation failed: Cannot compare tz-naive and tz-aware timestamps
Traceback (most recent call last):
  File "C:\Users\luixj\AI\stock-data\scripts\automation\daily_paper_trading_qdrant.py", line 359, in run_automated_daily
    historical_date = self.get_next_historical_date()
                      ^^^^^^^^^^^^^^^^^^^^^^^^^^^^^^^
  File "C:\Users\luixj\AI\stock-data\scripts\automation\daily_paper_trading_qdrant.py", line 124, in get_next_historical_date
    if pd.to_datetime(d) > last_dt:
       ^^^^^^^^^^^^^^^^^^^^^^^^^^^
  File "pandas/_libs/tslibs/timestamps.pyx", line 387, in pandas._libs.tslibs.timestamps._Timestamp.__richcmp__
TypeError: Cannot compare tz-naive and tz-aware timestamps
2026-02-17 20:58:56,808 - ERROR - Automation failed: Cannot compare tz-naive and tz-aware timestamps
Traceback (most recent call last):
  File "C:\Users\luixj\AI\stock-data\scripts\automation\daily_paper_trading_qdrant.py", line 435, in main
    automation.run_automated_daily()
  File "C:\Users\luixj\AI\stock-data\scripts\automation\daily_paper_trading_qdrant.py", line 359, in run_automated_daily
    historical_date = self.get_next_historical_date()
                      ^^^^^^^^^^^^^^^^^^^^^^^^^^^^^^^
  File "C:\Users\luixj\AI\stock-data\scripts\automation\daily_paper_trading_qdrant.py", line 124, in get_next_historical_date
    if pd.to_datetime(d) > last_dt:
       ^^^^^^^^^^^^^^^^^^^^^^^^^^^
  File "pandas/_libs/tslibs/timestamps.pyx", line 387, in pandas._libs.tslibs.timestamps._Timestamp.__richcmp__
TypeError: Cannot compare tz-naive and tz-aware timestamps
2026-02-17 20:58:59,369 - INFO - Starting automated daily paper trading...
2026-02-17 20:58:59,811 - INFO - HTTP Request: GET http://localhost:6333 "HTTP/1.1 200 OK"
2026-02-17 20:58:59,816 - INFO - Setting up Qdrant collections...
2026-02-17 20:58:59,834 - INFO - HTTP Request: GET http://localhost:6333/collections/stock_recommendations "HTTP/1.1 200 OK"
2026-02-17 20:58:59,836 - INFO - Collection 'stock_recommendations' already exists
2026-02-17 20:58:59,838 - INFO - HTTP Request: GET http://localhost:6333/collections/trading_results "HTTP/1.1 200 OK"
2026-02-17 20:58:59,838 - INFO - Collection 'trading_results' already exists
2026-02-17 20:58:59,866 - INFO - HTTP Request: GET http://localhost:6333/collections/performance_metrics "HTTP/1.1 200 OK"
2026-02-17 20:58:59,866 - INFO - Collection 'performance_metrics' already exists
2026-02-17 20:58:59,866 - INFO - ============================================================
2026-02-17 20:58:59,866 - INFO - AUTOMATED DAILY PAPER TRADING
2026-02-17 20:58:59,866 - INFO - ============================================================
2026-02-17 20:58:59,866 - INFO - Calendar Date: 2026-02-17
2026-02-17 20:58:59,912 - ERROR - Automation failed: Cannot compare tz-naive and tz-aware timestamps
Traceback (most recent call last):
  File "C:\Users\luixj\AI\stock-data\scripts\automation\daily_paper_trading_qdrant.py", line 359, in run_automated_daily
    historical_date = self.get_next_historical_date()
                      ^^^^^^^^^^^^^^^^^^^^^^^^^^^^^^^
  File "C:\Users\luixj\AI\stock-data\scripts\automation\daily_paper_trading_qdrant.py", line 124, in get_next_historical_date
    if pd.to_datetime(d) > last_dt:
       ^^^^^^^^^^^^^^^^^^^^^^^^^^^
  File "pandas/_libs/tslibs/timestamps.pyx", line 387, in pandas._libs.tslibs.timestamps._Timestamp.__richcmp__
TypeError: Cannot compare tz-naive and tz-aware timestamps
2026-02-17 20:58:59,913 - ERROR - Automation failed: Cannot compare tz-naive and tz-aware timestamps
Traceback (most recent call last):
  File "C:\Users\luixj\AI\stock-data\scripts\automation\daily_paper_trading_qdrant.py", line 435, in main
    automation.run_automated_daily()
  File "C:\Users\luixj\AI\stock-data\scripts\automation\daily_paper_trading_qdrant.py", line 359, in run_automated_daily
    historical_date = self.get_next_historical_date()
                      ^^^^^^^^^^^^^^^^^^^^^^^^^^^^^^^
  File "C:\Users\luixj\AI\stock-data\scripts\automation\daily_paper_trading_qdrant.py", line 124, in get_next_historical_date
    if pd.to_datetime(d) > last_dt:
       ^^^^^^^^^^^^^^^^^^^^^^^^^^^
  File "pandas/_libs/tslibs/timestamps.pyx", line 387, in pandas._libs.tslibs.timestamps._Timestamp.__richcmp__
TypeError: Cannot compare tz-naive and tz-aware timestamps
2026-02-17 20:59:02,493 - INFO - Starting automated daily paper trading...
2026-02-17 20:59:02,937 - INFO - HTTP Request: GET http://localhost:6333 "HTTP/1.1 200 OK"
2026-02-17 20:59:02,941 - INFO - Setting up Qdrant collections...
2026-02-17 20:59:02,943 - INFO - HTTP Request: GET http://localhost:6333/collections/stock_recommendations "HTTP/1.1 200 OK"
2026-02-17 20:59:02,944 - INFO - Collection 'stock_recommendations' already exists
2026-02-17 20:59:02,946 - INFO - HTTP Request: GET http://localhost:6333/collections/trading_results "HTTP/1.1 200 OK"
2026-02-17 20:59:02,948 - INFO - Collection 'trading_results' already exists
2026-02-17 20:59:02,963 - INFO - HTTP Request: GET http://localhost:6333/collections/performance_metrics "HTTP/1.1 200 OK"
2026-02-17 20:59:02,963 - INFO - Collection 'performance_metrics' already exists
2026-02-17 20:59:02,963 - INFO - ============================================================
2026-02-17 20:59:02,963 - INFO - AUTOMATED DAILY PAPER TRADING
2026-02-17 20:59:02,963 - INFO - ============================================================
2026-02-17 20:59:02,963 - INFO - Calendar Date: 2026-02-17
2026-02-17 20:59:03,012 - ERROR - Automation failed: Cannot compare tz-naive and tz-aware timestamps
Traceback (most recent call last):
  File "C:\Users\luixj\AI\stock-data\scripts\automation\daily_paper_trading_qdrant.py", line 359, in run_automated_daily
    historical_date = self.get_next_historical_date()
                      ^^^^^^^^^^^^^^^^^^^^^^^^^^^^^^^
  File "C:\Users\luixj\AI\stock-data\scripts\automation\daily_paper_trading_qdrant.py", line 124, in get_next_historical_date
    if pd.to_datetime(d) > last_dt:
       ^^^^^^^^^^^^^^^^^^^^^^^^^^^
  File "pandas/_libs/tslibs/timestamps.pyx", line 387, in pandas._libs.tslibs.timestamps._Timestamp.__richcmp__
TypeError: Cannot compare tz-naive and tz-aware timestamps
2026-02-17 20:59:03,013 - ERROR - Automation failed: Cannot compare tz-naive and tz-aware timestamps
Traceback (most recent call last):
  File "C:\Users\luixj\AI\stock-data\scripts\automation\daily_paper_trading_qdrant.py", line 435, in main
    automation.run_automated_daily()
  File "C:\Users\luixj\AI\stock-data\scripts\automation\daily_paper_trading_qdrant.py", line 359, in run_automated_daily
    historical_date = self.get_next_historical_date()
                      ^^^^^^^^^^^^^^^^^^^^^^^^^^^^^^^
  File "C:\Users\luixj\AI\stock-data\scripts\automation\daily_paper_trading_qdrant.py", line 124, in get_next_historical_date
    if pd.to_datetime(d) > last_dt:
       ^^^^^^^^^^^^^^^^^^^^^^^^^^^
  File "pandas/_libs/tslibs/timestamps.pyx", line 387, in pandas._libs.tslibs.timestamps._Timestamp.__richcmp__
TypeError: Cannot compare tz-naive and tz-aware timestamps
2026-02-17 20:59:05,505 - INFO - Starting automated daily paper trading...
2026-02-17 20:59:05,939 - INFO - HTTP Request: GET http://localhost:6333 "HTTP/1.1 200 OK"
2026-02-17 20:59:05,944 - INFO - Setting up Qdrant collections...
2026-02-17 20:59:05,946 - INFO - HTTP Request: GET http://localhost:6333/collections/stock_recommendations "HTTP/1.1 200 OK"
2026-02-17 20:59:05,947 - INFO - Collection 'stock_recommendations' already exists
2026-02-17 20:59:05,950 - INFO - HTTP Request: GET http://localhost:6333/collections/trading_results "HTTP/1.1 200 OK"
2026-02-17 20:59:05,950 - INFO - Collection 'trading_results' already exists
2026-02-17 20:59:05,953 - INFO - HTTP Request: GET http://localhost:6333/collections/performance_metrics "HTTP/1.1 200 OK"
2026-02-17 20:59:05,953 - INFO - Collection 'performance_metrics' already exists
2026-02-17 20:59:05,953 - INFO - ============================================================
2026-02-17 20:59:05,953 - INFO - AUTOMATED DAILY PAPER TRADING
2026-02-17 20:59:05,953 - INFO - ============================================================
2026-02-17 20:59:05,953 - INFO - Calendar Date: 2026-02-17
2026-02-17 20:59:06,003 - ERROR - Automation failed: Cannot compare tz-naive and tz-aware timestamps
Traceback (most recent call last):
  File "C:\Users\luixj\AI\stock-data\scripts\automation\daily_paper_trading_qdrant.py", line 359, in run_automated_daily
    historical_date = self.get_next_historical_date()
                      ^^^^^^^^^^^^^^^^^^^^^^^^^^^^^^^
  File "C:\Users\luixj\AI\stock-data\scripts\automation\daily_paper_trading_qdrant.py", line 124, in get_next_historical_date
    if pd.to_datetime(d) > last_dt:
       ^^^^^^^^^^^^^^^^^^^^^^^^^^^
  File "pandas/_libs/tslibs/timestamps.pyx", line 387, in pandas._libs.tslibs.timestamps._Timestamp.__richcmp__
TypeError: Cannot compare tz-naive and tz-aware timestamps
2026-02-17 20:59:06,003 - ERROR - Automation failed: Cannot compare tz-naive and tz-aware timestamps
Traceback (most recent call last):
  File "C:\Users\luixj\AI\stock-data\scripts\automation\daily_paper_trading_qdrant.py", line 435, in main
    automation.run_automated_daily()
  File "C:\Users\luixj\AI\stock-data\scripts\automation\daily_paper_trading_qdrant.py", line 359, in run_automated_daily
    historical_date = self.get_next_historical_date()
                      ^^^^^^^^^^^^^^^^^^^^^^^^^^^^^^^
  File "C:\Users\luixj\AI\stock-data\scripts\automation\daily_paper_trading_qdrant.py", line 124, in get_next_historical_date
    if pd.to_datetime(d) > last_dt:
       ^^^^^^^^^^^^^^^^^^^^^^^^^^^
  File "pandas/_libs/tslibs/timestamps.pyx", line 387, in pandas._libs.tslibs.timestamps._Timestamp.__richcmp__
TypeError: Cannot compare tz-naive and tz-aware timestamps
2026-02-17 20:59:08,716 - INFO - Starting automated daily paper trading...
2026-02-17 20:59:09,182 - INFO - HTTP Request: GET http://localhost:6333 "HTTP/1.1 200 OK"
2026-02-17 20:59:09,186 - INFO - Setting up Qdrant collections...
2026-02-17 20:59:09,203 - INFO - HTTP Request: GET http://localhost:6333/collections/stock_recommendations "HTTP/1.1 200 OK"
2026-02-17 20:59:09,203 - INFO - Collection 'stock_recommendations' already exists
2026-02-17 20:59:09,219 - INFO - HTTP Request: GET http://localhost:6333/collections/trading_results "HTTP/1.1 200 OK"
2026-02-17 20:59:09,219 - INFO - Collection 'trading_results' already exists
2026-02-17 20:59:09,234 - INFO - HTTP Request: GET http://localhost:6333/collections/performance_metrics "HTTP/1.1 200 OK"
2026-02-17 20:59:09,234 - INFO - Collection 'performance_metrics' already exists
2026-02-17 20:59:09,234 - INFO - ============================================================
2026-02-17 20:59:09,234 - INFO - AUTOMATED DAILY PAPER TRADING
2026-02-17 20:59:09,234 - INFO - ============================================================
2026-02-17 20:59:09,234 - INFO - Calendar Date: 2026-02-17
2026-02-17 20:59:09,286 - ERROR - Automation failed: Cannot compare tz-naive and tz-aware timestamps
Traceback (most recent call last):
  File "C:\Users\luixj\AI\stock-data\scripts\automation\daily_paper_trading_qdrant.py", line 359, in run_automated_daily
    historical_date = self.get_next_historical_date()
                      ^^^^^^^^^^^^^^^^^^^^^^^^^^^^^^^
  File "C:\Users\luixj\AI\stock-data\scripts\automation\daily_paper_trading_qdrant.py", line 124, in get_next_historical_date
    if pd.to_datetime(d) > last_dt:
       ^^^^^^^^^^^^^^^^^^^^^^^^^^^
  File "pandas/_libs/tslibs/timestamps.pyx", line 387, in pandas._libs.tslibs.timestamps._Timestamp.__richcmp__
TypeError: Cannot compare tz-naive and tz-aware timestamps
2026-02-17 20:59:09,287 - ERROR - Automation failed: Cannot compare tz-naive and tz-aware timestamps
Traceback (most recent call last):
  File "C:\Users\luixj\AI\stock-data\scripts\automation\daily_paper_trading_qdrant.py", line 435, in main
    automation.run_automated_daily()
  File "C:\Users\luixj\AI\stock-data\scripts\automation\daily_paper_trading_qdrant.py", line 359, in run_automated_daily
    historical_date = self.get_next_historical_date()
                      ^^^^^^^^^^^^^^^^^^^^^^^^^^^^^^^
  File "C:\Users\luixj\AI\stock-data\scripts\automation\daily_paper_trading_qdrant.py", line 124, in get_next_historical_date
    if pd.to_datetime(d) > last_dt:
       ^^^^^^^^^^^^^^^^^^^^^^^^^^^
  File "pandas/_libs/tslibs/timestamps.pyx", line 387, in pandas._libs.tslibs.timestamps._Timestamp.__richcmp__
TypeError: Cannot compare tz-naive and tz-aware timestamps
2026-02-17 20:59:11,870 - INFO - Starting automated daily paper trading...
2026-02-17 20:59:12,322 - INFO - HTTP Request: GET http://localhost:6333 "HTTP/1.1 200 OK"
2026-02-17 20:59:12,326 - INFO - Setting up Qdrant collections...
2026-02-17 20:59:12,351 - INFO - HTTP Request: GET http://localhost:6333/collections/stock_recommendations "HTTP/1.1 200 OK"
2026-02-17 20:59:12,352 - INFO - Collection 'stock_recommendations' already exists
2026-02-17 20:59:12,354 - INFO - HTTP Request: GET http://localhost:6333/collections/trading_results "HTTP/1.1 200 OK"
2026-02-17 20:59:12,355 - INFO - Collection 'trading_results' already exists
2026-02-17 20:59:12,357 - INFO - HTTP Request: GET http://localhost:6333/collections/performance_metrics "HTTP/1.1 200 OK"
2026-02-17 20:59:12,357 - INFO - Collection 'performance_metrics' already exists
2026-02-17 20:59:12,357 - INFO - ============================================================
2026-02-17 20:59:12,357 - INFO - AUTOMATED DAILY PAPER TRADING
2026-02-17 20:59:12,357 - INFO - ============================================================
2026-02-17 20:59:12,357 - INFO - Calendar Date: 2026-02-17
2026-02-17 20:59:12,407 - ERROR - Automation failed: Cannot compare tz-naive and tz-aware timestamps
Traceback (most recent call last):
  File "C:\Users\luixj\AI\stock-data\scripts\automation\daily_paper_trading_qdrant.py", line 359, in run_automated_daily
    historical_date = self.get_next_historical_date()
                      ^^^^^^^^^^^^^^^^^^^^^^^^^^^^^^^
  File "C:\Users\luixj\AI\stock-data\scripts\automation\daily_paper_trading_qdrant.py", line 124, in get_next_historical_date
    if pd.to_datetime(d) > last_dt:
       ^^^^^^^^^^^^^^^^^^^^^^^^^^^
  File "pandas/_libs/tslibs/timestamps.pyx", line 387, in pandas._libs.tslibs.timestamps._Timestamp.__richcmp__
TypeError: Cannot compare tz-naive and tz-aware timestamps
2026-02-17 20:59:12,408 - ERROR - Automation failed: Cannot compare tz-naive and tz-aware timestamps
Traceback (most recent call last):
  File "C:\Users\luixj\AI\stock-data\scripts\automation\daily_paper_trading_qdrant.py", line 435, in main
    automation.run_automated_daily()
  File "C:\Users\luixj\AI\stock-data\scripts\automation\daily_paper_trading_qdrant.py", line 359, in run_automated_daily
    historical_date = self.get_next_historical_date()
                      ^^^^^^^^^^^^^^^^^^^^^^^^^^^^^^^
  File "C:\Users\luixj\AI\stock-data\scripts\automation\daily_paper_trading_qdrant.py", line 124, in get_next_historical_date
    if pd.to_datetime(d) > last_dt:
       ^^^^^^^^^^^^^^^^^^^^^^^^^^^
  File "pandas/_libs/tslibs/timestamps.pyx", line 387, in pandas._libs.tslibs.timestamps._Timestamp.__richcmp__
TypeError: Cannot compare tz-naive and tz-aware timestamps
2026-02-17 20:59:40,349 - INFO - Starting automated daily paper trading...
2026-02-17 20:59:41,111 - INFO - HTTP Request: GET http://localhost:6333 "HTTP/1.1 200 OK"
2026-02-17 20:59:41,115 - INFO - Setting up Qdrant collections...
2026-02-17 20:59:41,118 - INFO - HTTP Request: GET http://localhost:6333/collections/stock_recommendations "HTTP/1.1 200 OK"
2026-02-17 20:59:41,118 - INFO - Collection 'stock_recommendations' already exists
2026-02-17 20:59:41,121 - INFO - HTTP Request: GET http://localhost:6333/collections/trading_results "HTTP/1.1 200 OK"
2026-02-17 20:59:41,122 - INFO - Collection 'trading_results' already exists
2026-02-17 20:59:41,123 - INFO - HTTP Request: GET http://localhost:6333/collections/performance_metrics "HTTP/1.1 200 OK"
2026-02-17 20:59:41,123 - INFO - Collection 'performance_metrics' already exists
2026-02-17 20:59:41,124 - INFO - ============================================================
2026-02-17 20:59:41,124 - INFO - AUTOMATED DAILY PAPER TRADING
2026-02-17 20:59:41,124 - INFO - ============================================================
2026-02-17 20:59:41,124 - INFO - Calendar Date: 2026-02-17
2026-02-17 20:59:41,173 - INFO - Historical Date (simulation): 2025-04-01
2026-02-17 20:59:41,173 - INFO - Running paper trading for 2025-04-01
2026-02-17 20:59:41,175 - INFO - Loading predictions from data/processed/phase1_predictions.parquet
2026-02-17 20:59:41,177 - INFO - 
============================================================
2026-02-17 20:59:41,177 - INFO - Running paper trading for 2025-04-01
2026-02-17 20:59:41,177 - INFO - ============================================================
2026-02-17 20:59:41,181 - INFO - Portfolio construction: 38 longs, 15 shorts (from 38 candidates)
2026-02-17 20:59:41,181 - INFO - PnL Net: 0.0027 | Scaled: 0.0027 | Turnover: 100.00% | Vol Scale: 1.00
2026-02-17 20:59:41,181 - INFO - Paper trading complete: PnL=0.0027, Sharpe cumulative ongoing
2026-02-17 20:59:41,181 - INFO - Loading stock recommendations for 2025-04-01
2026-02-17 20:59:41,186 - INFO - Saving recommendations to Qdrant...
2026-02-17 20:59:41,192 - INFO - HTTP Request: PUT http://localhost:6333/collections/stock_recommendations/points?wait=true "HTTP/1.1 200 OK"
2026-02-17 20:59:41,194 - INFO - Saved 53 stock recommendations to Qdrant
2026-02-17 20:59:41,194 - INFO - Saving trading result to Qdrant...
2026-02-17 20:59:41,198 - INFO - HTTP Request: PUT http://localhost:6333/collections/trading_results/points?wait=true "HTTP/1.1 200 OK"
2026-02-17 20:59:41,198 - INFO - Saved trading result to Qdrant
2026-02-17 20:59:41,198 - INFO - Saving performance metrics to Qdrant...
2026-02-17 20:59:41,201 - INFO - HTTP Request: PUT http://localhost:6333/collections/performance_metrics/points?wait=true "HTTP/1.1 200 OK"
2026-02-17 20:59:41,201 - INFO - Saved performance metrics to Qdrant
2026-02-17 20:59:41,202 - INFO - Progress updated: 1 days completed
2026-02-17 20:59:41,202 - INFO - ============================================================
2026-02-17 20:59:41,202 - INFO - DAILY AUTOMATION COMPLETE
2026-02-17 20:59:41,203 - INFO - ============================================================
2026-02-17 20:59:41,203 - INFO - Automation completed successfully!
2026-02-17 20:59:43,792 - INFO - Starting automated daily paper trading...
2026-02-17 20:59:44,240 - INFO - HTTP Request: GET http://localhost:6333 "HTTP/1.1 200 OK"
2026-02-17 20:59:44,244 - INFO - Setting up Qdrant collections...
2026-02-17 20:59:44,268 - INFO - HTTP Request: GET http://localhost:6333/collections/stock_recommendations "HTTP/1.1 200 OK"
2026-02-17 20:59:44,270 - INFO - Collection 'stock_recommendations' already exists
2026-02-17 20:59:44,282 - INFO - HTTP Request: GET http://localhost:6333/collections/trading_results "HTTP/1.1 200 OK"
2026-02-17 20:59:44,282 - INFO - Collection 'trading_results' already exists
2026-02-17 20:59:44,298 - INFO - HTTP Request: GET http://localhost:6333/collections/performance_metrics "HTTP/1.1 200 OK"
2026-02-17 20:59:44,299 - INFO - Collection 'performance_metrics' already exists
2026-02-17 20:59:44,299 - INFO - ============================================================
2026-02-17 20:59:44,299 - INFO - AUTOMATED DAILY PAPER TRADING
2026-02-17 20:59:44,299 - INFO - ============================================================
2026-02-17 20:59:44,299 - INFO - Calendar Date: 2026-02-17
2026-02-17 20:59:44,346 - INFO - Historical Date (simulation): 2025-04-02
2026-02-17 20:59:44,346 - INFO - Running paper trading for 2025-04-02
2026-02-17 20:59:44,346 - INFO - Loading predictions from data/processed/phase1_predictions.parquet
2026-02-17 20:59:44,352 - INFO - 
============================================================
2026-02-17 20:59:44,352 - INFO - Running paper trading for 2025-04-02
2026-02-17 20:59:44,352 - INFO - ============================================================
2026-02-17 20:59:44,352 - INFO - Portfolio construction: 38 longs, 38 shorts (from 38 candidates)
2026-02-17 20:59:44,352 - INFO - PnL Net: -0.0007 | Scaled: -0.0007 | Turnover: 100.00% | Vol Scale: 1.00
2026-02-17 20:59:44,354 - INFO - Paper trading complete: PnL=-0.0007, Sharpe cumulative ongoing
2026-02-17 20:59:44,354 - INFO - Loading stock recommendations for 2025-04-02
2026-02-17 20:59:44,357 - INFO - Saving recommendations to Qdrant...
2026-02-17 20:59:44,366 - INFO - HTTP Request: PUT http://localhost:6333/collections/stock_recommendations/points?wait=true "HTTP/1.1 200 OK"
2026-02-17 20:59:44,369 - INFO - Saved 76 stock recommendations to Qdrant
2026-02-17 20:59:44,369 - INFO - Saving trading result to Qdrant...
2026-02-17 20:59:44,373 - INFO - HTTP Request: PUT http://localhost:6333/collections/trading_results/points?wait=true "HTTP/1.1 200 OK"
2026-02-17 20:59:44,373 - INFO - Saved trading result to Qdrant
2026-02-17 20:59:44,373 - INFO - Saving performance metrics to Qdrant...
2026-02-17 20:59:44,375 - INFO - HTTP Request: PUT http://localhost:6333/collections/performance_metrics/points?wait=true "HTTP/1.1 200 OK"
2026-02-17 20:59:44,377 - INFO - Saved performance metrics to Qdrant
2026-02-17 20:59:44,377 - INFO - Progress updated: 2 days completed
2026-02-17 20:59:44,377 - INFO - ============================================================
2026-02-17 20:59:44,377 - INFO - DAILY AUTOMATION COMPLETE
2026-02-17 20:59:44,377 - INFO - ============================================================
2026-02-17 20:59:44,377 - INFO - Automation completed successfully!
2026-02-17 20:59:47,104 - INFO - Starting automated daily paper trading...
2026-02-17 20:59:47,595 - INFO - HTTP Request: GET http://localhost:6333 "HTTP/1.1 200 OK"
2026-02-17 20:59:47,599 - INFO - Setting up Qdrant collections...
2026-02-17 20:59:47,602 - INFO - HTTP Request: GET http://localhost:6333/collections/stock_recommendations "HTTP/1.1 200 OK"
2026-02-17 20:59:47,604 - INFO - Collection 'stock_recommendations' already exists
2026-02-17 20:59:47,606 - INFO - HTTP Request: GET http://localhost:6333/collections/trading_results "HTTP/1.1 200 OK"
2026-02-17 20:59:47,606 - INFO - Collection 'trading_results' already exists
2026-02-17 20:59:47,608 - INFO - HTTP Request: GET http://localhost:6333/collections/performance_metrics "HTTP/1.1 200 OK"
2026-02-17 20:59:47,608 - INFO - Collection 'performance_metrics' already exists
2026-02-17 20:59:47,608 - INFO - ============================================================
2026-02-17 20:59:47,608 - INFO - AUTOMATED DAILY PAPER TRADING
2026-02-17 20:59:47,608 - INFO - ============================================================
2026-02-17 20:59:47,608 - INFO - Calendar Date: 2026-02-17
2026-02-17 20:59:47,660 - INFO - Historical Date (simulation): 2025-04-03
2026-02-17 20:59:47,660 - INFO - Running paper trading for 2025-04-03
2026-02-17 20:59:47,660 - INFO - Loading predictions from data/processed/phase1_predictions.parquet
2026-02-17 20:59:47,664 - INFO - 
============================================================
2026-02-17 20:59:47,664 - INFO - Running paper trading for 2025-04-03
2026-02-17 20:59:47,664 - INFO - ============================================================
2026-02-17 20:59:47,666 - INFO - Portfolio construction: 38 longs, 38 shorts (from 38 candidates)
2026-02-17 20:59:47,666 - INFO - PnL Net: -0.0120 | Scaled: -0.0120 | Turnover: 100.00% | Vol Scale: 1.00
2026-02-17 20:59:47,666 - INFO - Paper trading complete: PnL=-0.0120, Sharpe cumulative ongoing
2026-02-17 20:59:47,666 - INFO - Loading stock recommendations for 2025-04-03
2026-02-17 20:59:47,671 - INFO - Saving recommendations to Qdrant...
2026-02-17 20:59:47,678 - INFO - HTTP Request: PUT http://localhost:6333/collections/stock_recommendations/points?wait=true "HTTP/1.1 200 OK"
2026-02-17 20:59:47,679 - INFO - Saved 76 stock recommendations to Qdrant
2026-02-17 20:59:47,679 - INFO - Saving trading result to Qdrant...
2026-02-17 20:59:47,683 - INFO - HTTP Request: PUT http://localhost:6333/collections/trading_results/points?wait=true "HTTP/1.1 200 OK"
2026-02-17 20:59:47,683 - INFO - Saved trading result to Qdrant
2026-02-17 20:59:47,683 - INFO - Saving performance metrics to Qdrant...
2026-02-17 20:59:47,687 - INFO - HTTP Request: PUT http://localhost:6333/collections/performance_metrics/points?wait=true "HTTP/1.1 200 OK"
2026-02-17 20:59:47,687 - INFO - Saved performance metrics to Qdrant
2026-02-17 20:59:47,688 - INFO - Progress updated: 3 days completed
2026-02-17 20:59:47,688 - INFO - ============================================================
2026-02-17 20:59:47,688 - INFO - DAILY AUTOMATION COMPLETE
2026-02-17 20:59:47,688 - INFO - ============================================================
2026-02-17 20:59:47,688 - INFO - Automation completed successfully!
2026-02-17 20:59:50,263 - INFO - Starting automated daily paper trading...
2026-02-17 20:59:50,696 - INFO - HTTP Request: GET http://localhost:6333 "HTTP/1.1 200 OK"
2026-02-17 20:59:50,700 - INFO - Setting up Qdrant collections...
2026-02-17 20:59:50,720 - INFO - HTTP Request: GET http://localhost:6333/collections/stock_recommendations "HTTP/1.1 200 OK"
2026-02-17 20:59:50,722 - INFO - Collection 'stock_recommendations' already exists
2026-02-17 20:59:50,724 - INFO - HTTP Request: GET http://localhost:6333/collections/trading_results "HTTP/1.1 200 OK"
2026-02-17 20:59:50,724 - INFO - Collection 'trading_results' already exists
2026-02-17 20:59:50,727 - INFO - HTTP Request: GET http://localhost:6333/collections/performance_metrics "HTTP/1.1 200 OK"
2026-02-17 20:59:50,727 - INFO - Collection 'performance_metrics' already exists
2026-02-17 20:59:50,727 - INFO - ============================================================
2026-02-17 20:59:50,727 - INFO - AUTOMATED DAILY PAPER TRADING
2026-02-17 20:59:50,727 - INFO - ============================================================
2026-02-17 20:59:50,727 - INFO - Calendar Date: 2026-02-17
2026-02-17 20:59:50,775 - INFO - Historical Date (simulation): 2025-04-04
2026-02-17 20:59:50,775 - INFO - Running paper trading for 2025-04-04
2026-02-17 20:59:50,775 - INFO - Loading predictions from data/processed/phase1_predictions.parquet
2026-02-17 20:59:50,779 - INFO - 
============================================================
2026-02-17 20:59:50,779 - INFO - Running paper trading for 2025-04-04
2026-02-17 20:59:50,779 - INFO - ============================================================
2026-02-17 20:59:50,780 - INFO - Portfolio construction: 38 longs, 38 shorts (from 38 candidates)
2026-02-17 20:59:50,780 - INFO - PnL Net: 0.0131 | Scaled: 0.0131 | Turnover: 100.00% | Vol Scale: 1.00
2026-02-17 20:59:50,780 - INFO - Paper trading complete: PnL=0.0131, Sharpe cumulative ongoing
2026-02-17 20:59:50,780 - INFO - Loading stock recommendations for 2025-04-04
2026-02-17 20:59:50,786 - INFO - Saving recommendations to Qdrant...
2026-02-17 20:59:50,817 - INFO - HTTP Request: PUT http://localhost:6333/collections/stock_recommendations/points?wait=true "HTTP/1.1 200 OK"
2026-02-17 20:59:50,818 - INFO - Saved 76 stock recommendations to Qdrant
2026-02-17 20:59:50,818 - INFO - Saving trading result to Qdrant...
2026-02-17 20:59:50,845 - INFO - HTTP Request: PUT http://localhost:6333/collections/trading_results/points?wait=true "HTTP/1.1 200 OK"
2026-02-17 20:59:50,845 - INFO - Saved trading result to Qdrant
2026-02-17 20:59:50,845 - INFO - Saving performance metrics to Qdrant...
2026-02-17 20:59:50,849 - INFO - HTTP Request: PUT http://localhost:6333/collections/performance_metrics/points?wait=true "HTTP/1.1 200 OK"
2026-02-17 20:59:50,849 - INFO - Saved performance metrics to Qdrant
2026-02-17 20:59:50,850 - INFO - Progress updated: 4 days completed
2026-02-17 20:59:50,850 - INFO - ============================================================
2026-02-17 20:59:50,850 - INFO - DAILY AUTOMATION COMPLETE
2026-02-17 20:59:50,850 - INFO - ============================================================
2026-02-17 20:59:50,850 - INFO - Automation completed successfully!
2026-02-17 20:59:53,443 - INFO - Starting automated daily paper trading...
2026-02-17 20:59:53,874 - INFO - HTTP Request: GET http://localhost:6333 "HTTP/1.1 200 OK"
2026-02-17 20:59:53,879 - INFO - Setting up Qdrant collections...
2026-02-17 20:59:53,881 - INFO - HTTP Request: GET http://localhost:6333/collections/stock_recommendations "HTTP/1.1 200 OK"
2026-02-17 20:59:53,882 - INFO - Collection 'stock_recommendations' already exists
2026-02-17 20:59:53,884 - INFO - HTTP Request: GET http://localhost:6333/collections/trading_results "HTTP/1.1 200 OK"
2026-02-17 20:59:53,885 - INFO - Collection 'trading_results' already exists
2026-02-17 20:59:53,887 - INFO - HTTP Request: GET http://localhost:6333/collections/performance_metrics "HTTP/1.1 200 OK"
2026-02-17 20:59:53,887 - INFO - Collection 'performance_metrics' already exists
2026-02-17 20:59:53,887 - INFO - ============================================================
2026-02-17 20:59:53,887 - INFO - AUTOMATED DAILY PAPER TRADING
2026-02-17 20:59:53,887 - INFO - ============================================================
2026-02-17 20:59:53,887 - INFO - Calendar Date: 2026-02-17
2026-02-17 20:59:53,935 - INFO - Historical Date (simulation): 2025-04-07
2026-02-17 20:59:53,935 - INFO - Running paper trading for 2025-04-07
2026-02-17 20:59:53,936 - INFO - Loading predictions from data/processed/phase1_predictions.parquet
2026-02-17 20:59:53,939 - INFO - 
============================================================
2026-02-17 20:59:53,939 - INFO - Running paper trading for 2025-04-07
2026-02-17 20:59:53,939 - INFO - ============================================================
2026-02-17 20:59:53,941 - INFO - Portfolio construction: 38 longs, 38 shorts (from 38 candidates)
2026-02-17 20:59:53,941 - INFO - PnL Net: -0.0027 | Scaled: -0.0027 | Turnover: 100.00% | Vol Scale: 1.00
2026-02-17 20:59:53,941 - INFO - Paper trading complete: PnL=-0.0027, Sharpe cumulative ongoing
2026-02-17 20:59:53,941 - INFO - Loading stock recommendations for 2025-04-07
2026-02-17 20:59:53,946 - INFO - Saving recommendations to Qdrant...
2026-02-17 20:59:53,955 - INFO - HTTP Request: PUT http://localhost:6333/collections/stock_recommendations/points?wait=true "HTTP/1.1 200 OK"
2026-02-17 20:59:53,956 - INFO - Saved 76 stock recommendations to Qdrant
2026-02-17 20:59:53,956 - INFO - Saving trading result to Qdrant...
2026-02-17 20:59:53,961 - INFO - HTTP Request: PUT http://localhost:6333/collections/trading_results/points?wait=true "HTTP/1.1 200 OK"
2026-02-17 20:59:53,961 - INFO - Saved trading result to Qdrant
2026-02-17 20:59:53,961 - INFO - Saving performance metrics to Qdrant...
2026-02-17 20:59:53,964 - INFO - HTTP Request: PUT http://localhost:6333/collections/performance_metrics/points?wait=true "HTTP/1.1 200 OK"
2026-02-17 20:59:53,964 - INFO - Saved performance metrics to Qdrant
2026-02-17 20:59:53,965 - INFO - Progress updated: 5 days completed
2026-02-17 20:59:53,965 - INFO - ============================================================
2026-02-17 20:59:53,965 - INFO - DAILY AUTOMATION COMPLETE
2026-02-17 20:59:53,965 - INFO - ============================================================
2026-02-17 20:59:53,965 - INFO - Automation completed successfully!
2026-02-17 20:59:56,494 - INFO - Starting automated daily paper trading...
2026-02-17 20:59:57,146 - INFO - HTTP Request: GET http://localhost:6333 "HTTP/1.1 200 OK"
2026-02-17 20:59:57,151 - INFO - Setting up Qdrant collections...
2026-02-17 20:59:57,153 - INFO - HTTP Request: GET http://localhost:6333/collections/stock_recommendations "HTTP/1.1 200 OK"
2026-02-17 20:59:57,154 - INFO - Collection 'stock_recommendations' already exists
2026-02-17 20:59:57,156 - INFO - HTTP Request: GET http://localhost:6333/collections/trading_results "HTTP/1.1 200 OK"
2026-02-17 20:59:57,156 - INFO - Collection 'trading_results' already exists
2026-02-17 20:59:57,158 - INFO - HTTP Request: GET http://localhost:6333/collections/performance_metrics "HTTP/1.1 200 OK"
2026-02-17 20:59:57,159 - INFO - Collection 'performance_metrics' already exists
2026-02-17 20:59:57,159 - INFO - ============================================================
2026-02-17 20:59:57,159 - INFO - AUTOMATED DAILY PAPER TRADING
2026-02-17 20:59:57,159 - INFO - ============================================================
2026-02-17 20:59:57,159 - INFO - Calendar Date: 2026-02-17
2026-02-17 20:59:57,210 - INFO - Historical Date (simulation): 2025-04-08
2026-02-17 20:59:57,210 - INFO - Running paper trading for 2025-04-08
2026-02-17 20:59:57,210 - INFO - Loading predictions from data/processed/phase1_predictions.parquet
2026-02-17 20:59:57,214 - INFO - 
============================================================
2026-02-17 20:59:57,214 - INFO - Running paper trading for 2025-04-08
2026-02-17 20:59:57,214 - INFO - ============================================================
2026-02-17 20:59:57,216 - INFO - Portfolio construction: 38 longs, 38 shorts (from 38 candidates)
2026-02-17 20:59:57,216 - INFO - PnL Net: -0.0041 | Scaled: -0.0041 | Turnover: 100.00% | Vol Scale: 1.00
2026-02-17 20:59:57,216 - INFO - Paper trading complete: PnL=-0.0041, Sharpe cumulative ongoing
2026-02-17 20:59:57,216 - INFO - Loading stock recommendations for 2025-04-08
2026-02-17 20:59:57,222 - INFO - Saving recommendations to Qdrant...
2026-02-17 20:59:57,227 - INFO - HTTP Request: PUT http://localhost:6333/collections/stock_recommendations/points?wait=true "HTTP/1.1 200 OK"
2026-02-17 20:59:57,229 - INFO - Saved 76 stock recommendations to Qdrant
2026-02-17 20:59:57,229 - INFO - Saving trading result to Qdrant...
2026-02-17 20:59:57,234 - INFO - HTTP Request: PUT http://localhost:6333/collections/trading_results/points?wait=true "HTTP/1.1 200 OK"
2026-02-17 20:59:57,234 - INFO - Saved trading result to Qdrant
2026-02-17 20:59:57,234 - INFO - Saving performance metrics to Qdrant...
2026-02-17 20:59:57,238 - INFO - HTTP Request: PUT http://localhost:6333/collections/performance_metrics/points?wait=true "HTTP/1.1 200 OK"
2026-02-17 20:59:57,239 - INFO - Saved performance metrics to Qdrant
2026-02-17 20:59:57,240 - INFO - Progress updated: 6 days completed
2026-02-17 20:59:57,240 - INFO - ============================================================
2026-02-17 20:59:57,240 - INFO - DAILY AUTOMATION COMPLETE
2026-02-17 20:59:57,240 - INFO - ============================================================
2026-02-17 20:59:57,240 - INFO - Automation completed successfully!
2026-02-17 20:59:59,947 - INFO - Starting automated daily paper trading...
2026-02-17 21:00:00,391 - INFO - HTTP Request: GET http://localhost:6333 "HTTP/1.1 200 OK"
2026-02-17 21:00:00,395 - INFO - Setting up Qdrant collections...
2026-02-17 21:00:00,398 - INFO - HTTP Request: GET http://localhost:6333/collections/stock_recommendations "HTTP/1.1 200 OK"
2026-02-17 21:00:00,399 - INFO - Collection 'stock_recommendations' already exists
2026-02-17 21:00:00,400 - INFO - HTTP Request: GET http://localhost:6333/collections/trading_results "HTTP/1.1 200 OK"
2026-02-17 21:00:00,401 - INFO - Collection 'trading_results' already exists
2026-02-17 21:00:00,405 - INFO - HTTP Request: GET http://localhost:6333/collections/performance_metrics "HTTP/1.1 200 OK"
2026-02-17 21:00:00,406 - INFO - Collection 'performance_metrics' already exists
2026-02-17 21:00:00,406 - INFO - ============================================================
2026-02-17 21:00:00,406 - INFO - AUTOMATED DAILY PAPER TRADING
2026-02-17 21:00:00,406 - INFO - ============================================================
2026-02-17 21:00:00,406 - INFO - Calendar Date: 2026-02-17
2026-02-17 21:00:00,452 - INFO - Historical Date (simulation): 2025-04-09
2026-02-17 21:00:00,452 - INFO - Running paper trading for 2025-04-09
2026-02-17 21:00:00,452 - INFO - Loading predictions from data/processed/phase1_predictions.parquet
2026-02-17 21:00:00,456 - INFO - 
============================================================
2026-02-17 21:00:00,456 - INFO - Running paper trading for 2025-04-09
2026-02-17 21:00:00,456 - INFO - ============================================================
2026-02-17 21:00:00,458 - INFO - Portfolio construction: 38 longs, 1 shorts (from 38 candidates)
2026-02-17 21:00:00,458 - INFO - PnL Net: -0.0162 | Scaled: -0.0162 | Turnover: 100.00% | Vol Scale: 1.00
2026-02-17 21:00:00,458 - INFO - Paper trading complete: PnL=-0.0162, Sharpe cumulative ongoing
2026-02-17 21:00:00,458 - INFO - Loading stock recommendations for 2025-04-09
2026-02-17 21:00:00,463 - INFO - Saving recommendations to Qdrant...
2026-02-17 21:00:00,469 - INFO - HTTP Request: PUT http://localhost:6333/collections/stock_recommendations/points?wait=true "HTTP/1.1 200 OK"
2026-02-17 21:00:00,469 - INFO - Saved 39 stock recommendations to Qdrant
2026-02-17 21:00:00,469 - INFO - Saving trading result to Qdrant...
2026-02-17 21:00:00,473 - INFO - HTTP Request: PUT http://localhost:6333/collections/trading_results/points?wait=true "HTTP/1.1 200 OK"
2026-02-17 21:00:00,473 - INFO - Saved trading result to Qdrant
2026-02-17 21:00:00,473 - INFO - Saving performance metrics to Qdrant...
2026-02-17 21:00:00,476 - INFO - HTTP Request: PUT http://localhost:6333/collections/performance_metrics/points?wait=true "HTTP/1.1 200 OK"
2026-02-17 21:00:00,476 - INFO - Saved performance metrics to Qdrant
2026-02-17 21:00:00,476 - INFO - Progress updated: 7 days completed
2026-02-17 21:00:00,476 - INFO - ============================================================
2026-02-17 21:00:00,476 - INFO - DAILY AUTOMATION COMPLETE
2026-02-17 21:00:00,476 - INFO - ============================================================
2026-02-17 21:00:00,477 - INFO - Automation completed successfully!
2026-02-17 21:00:03,095 - INFO - Starting automated daily paper trading...
2026-02-17 21:00:03,550 - INFO - HTTP Request: GET http://localhost:6333 "HTTP/1.1 200 OK"
2026-02-17 21:00:03,554 - INFO - Setting up Qdrant collections...
2026-02-17 21:00:03,557 - INFO - HTTP Request: GET http://localhost:6333/collections/stock_recommendations "HTTP/1.1 200 OK"
2026-02-17 21:00:03,558 - INFO - Collection 'stock_recommendations' already exists
2026-02-17 21:00:03,561 - INFO - HTTP Request: GET http://localhost:6333/collections/trading_results "HTTP/1.1 200 OK"
2026-02-17 21:00:03,561 - INFO - Collection 'trading_results' already exists
2026-02-17 21:00:03,563 - INFO - HTTP Request: GET http://localhost:6333/collections/performance_metrics "HTTP/1.1 200 OK"
2026-02-17 21:00:03,563 - INFO - Collection 'performance_metrics' already exists
2026-02-17 21:00:03,563 - INFO - ============================================================
2026-02-17 21:00:03,563 - INFO - AUTOMATED DAILY PAPER TRADING
2026-02-17 21:00:03,563 - INFO - ============================================================
2026-02-17 21:00:03,564 - INFO - Calendar Date: 2026-02-17
2026-02-17 21:00:03,615 - INFO - Historical Date (simulation): 2025-04-10
2026-02-17 21:00:03,615 - INFO - Running paper trading for 2025-04-10
2026-02-17 21:00:03,615 - INFO - Loading predictions from data/processed/phase1_predictions.parquet
2026-02-17 21:00:03,619 - INFO - 
============================================================
2026-02-17 21:00:03,619 - INFO - Running paper trading for 2025-04-10
2026-02-17 21:00:03,619 - INFO - ============================================================
2026-02-17 21:00:03,621 - INFO - Portfolio construction: 38 longs, 38 shorts (from 38 candidates)
2026-02-17 21:00:03,621 - INFO - PnL Net: 0.0049 | Scaled: 0.0049 | Turnover: 100.00% | Vol Scale: 1.00
2026-02-17 21:00:03,621 - INFO - Paper trading complete: PnL=0.0049, Sharpe cumulative ongoing
2026-02-17 21:00:03,622 - INFO - Loading stock recommendations for 2025-04-10
2026-02-17 21:00:03,626 - INFO - Saving recommendations to Qdrant...
2026-02-17 21:00:03,634 - INFO - HTTP Request: PUT http://localhost:6333/collections/stock_recommendations/points?wait=true "HTTP/1.1 200 OK"
2026-02-17 21:00:03,635 - INFO - Saved 76 stock recommendations to Qdrant
2026-02-17 21:00:03,635 - INFO - Saving trading result to Qdrant...
2026-02-17 21:00:03,638 - INFO - HTTP Request: PUT http://localhost:6333/collections/trading_results/points?wait=true "HTTP/1.1 200 OK"
2026-02-17 21:00:03,639 - INFO - Saved trading result to Qdrant
2026-02-17 21:00:03,639 - INFO - Saving performance metrics to Qdrant...
2026-02-17 21:00:03,663 - INFO - HTTP Request: PUT http://localhost:6333/collections/performance_metrics/points?wait=true "HTTP/1.1 200 OK"
2026-02-17 21:00:03,664 - INFO - Saved performance metrics to Qdrant
2026-02-17 21:00:03,664 - INFO - Progress updated: 8 days completed
2026-02-17 21:00:03,664 - INFO - ============================================================
2026-02-17 21:00:03,664 - INFO - DAILY AUTOMATION COMPLETE
2026-02-17 21:00:03,664 - INFO - ============================================================
2026-02-17 21:00:03,664 - INFO - Automation completed successfully!
2026-02-17 21:00:06,353 - INFO - Starting automated daily paper trading...
2026-02-17 21:00:07,005 - INFO - HTTP Request: GET http://localhost:6333 "HTTP/1.1 200 OK"
2026-02-17 21:00:07,009 - INFO - Setting up Qdrant collections...
2026-02-17 21:00:07,033 - INFO - HTTP Request: GET http://localhost:6333/collections/stock_recommendations "HTTP/1.1 200 OK"
2026-02-17 21:00:07,035 - INFO - Collection 'stock_recommendations' already exists
2026-02-17 21:00:07,037 - INFO - HTTP Request: GET http://localhost:6333/collections/trading_results "HTTP/1.1 200 OK"
2026-02-17 21:00:07,038 - INFO - Collection 'trading_results' already exists
2026-02-17 21:00:07,040 - INFO - HTTP Request: GET http://localhost:6333/collections/performance_metrics "HTTP/1.1 200 OK"
2026-02-17 21:00:07,040 - INFO - Collection 'performance_metrics' already exists
2026-02-17 21:00:07,040 - INFO - ============================================================
2026-02-17 21:00:07,040 - INFO - AUTOMATED DAILY PAPER TRADING
2026-02-17 21:00:07,040 - INFO - ============================================================
2026-02-17 21:00:07,040 - INFO - Calendar Date: 2026-02-17
2026-02-17 21:00:07,089 - INFO - Historical Date (simulation): 2025-04-11
2026-02-17 21:00:07,089 - INFO - Running paper trading for 2025-04-11
2026-02-17 21:00:07,089 - INFO - Loading predictions from data/processed/phase1_predictions.parquet
2026-02-17 21:00:07,093 - INFO - 
============================================================
2026-02-17 21:00:07,093 - INFO - Running paper trading for 2025-04-11
2026-02-17 21:00:07,093 - INFO - ============================================================
2026-02-17 21:00:07,094 - INFO - Portfolio construction: 38 longs, 1 shorts (from 38 candidates)
2026-02-17 21:00:07,094 - INFO - PnL Net: 0.0066 | Scaled: 0.0066 | Turnover: 100.00% | Vol Scale: 1.00
2026-02-17 21:00:07,094 - INFO - Paper trading complete: PnL=0.0066, Sharpe cumulative ongoing
2026-02-17 21:00:07,095 - INFO - Loading stock recommendations for 2025-04-11
2026-02-17 21:00:07,099 - INFO - Saving recommendations to Qdrant...
2026-02-17 21:00:07,104 - INFO - HTTP Request: PUT http://localhost:6333/collections/stock_recommendations/points?wait=true "HTTP/1.1 200 OK"
2026-02-17 21:00:07,104 - INFO - Saved 39 stock recommendations to Qdrant
2026-02-17 21:00:07,106 - INFO - Saving trading result to Qdrant...
2026-02-17 21:00:07,110 - INFO - HTTP Request: PUT http://localhost:6333/collections/trading_results/points?wait=true "HTTP/1.1 200 OK"
2026-02-17 21:00:07,110 - INFO - Saved trading result to Qdrant
2026-02-17 21:00:07,110 - INFO - Saving performance metrics to Qdrant...
2026-02-17 21:00:07,114 - INFO - HTTP Request: PUT http://localhost:6333/collections/performance_metrics/points?wait=true "HTTP/1.1 200 OK"
2026-02-17 21:00:07,114 - INFO - Saved performance metrics to Qdrant
2026-02-17 21:00:07,115 - INFO - Progress updated: 9 days completed
2026-02-17 21:00:07,115 - INFO - ============================================================
2026-02-17 21:00:07,115 - INFO - DAILY AUTOMATION COMPLETE
2026-02-17 21:00:07,115 - INFO - ============================================================
2026-02-17 21:00:07,115 - INFO - Automation completed successfully!
2026-02-17 21:00:09,676 - INFO - Starting automated daily paper trading...
2026-02-17 21:00:10,131 - INFO - HTTP Request: GET http://localhost:6333 "HTTP/1.1 200 OK"
2026-02-17 21:00:10,135 - INFO - Setting up Qdrant collections...
2026-02-17 21:00:10,160 - INFO - HTTP Request: GET http://localhost:6333/collections/stock_recommendations "HTTP/1.1 200 OK"
2026-02-17 21:00:10,161 - INFO - Collection 'stock_recommendations' already exists
2026-02-17 21:00:10,164 - INFO - HTTP Request: GET http://localhost:6333/collections/trading_results "HTTP/1.1 200 OK"
2026-02-17 21:00:10,164 - INFO - Collection 'trading_results' already exists
2026-02-17 21:00:10,166 - INFO - HTTP Request: GET http://localhost:6333/collections/performance_metrics "HTTP/1.1 200 OK"
2026-02-17 21:00:10,166 - INFO - Collection 'performance_metrics' already exists
2026-02-17 21:00:10,166 - INFO - ============================================================
2026-02-17 21:00:10,166 - INFO - AUTOMATED DAILY PAPER TRADING
2026-02-17 21:00:10,166 - INFO - ============================================================
2026-02-17 21:00:10,166 - INFO - Calendar Date: 2026-02-17
2026-02-17 21:00:10,216 - INFO - Historical Date (simulation): 2025-04-14
2026-02-17 21:00:10,216 - INFO - Running paper trading for 2025-04-14
2026-02-17 21:00:10,217 - INFO - Loading predictions from data/processed/phase1_predictions.parquet
2026-02-17 21:00:10,220 - INFO - 
============================================================
2026-02-17 21:00:10,221 - INFO - Running paper trading for 2025-04-14
2026-02-17 21:00:10,221 - INFO - ============================================================
2026-02-17 21:00:10,222 - INFO - Portfolio construction: 38 longs, 38 shorts (from 38 candidates)
2026-02-17 21:00:10,222 - INFO - PnL Net: -0.0033 | Scaled: -0.0033 | Turnover: 100.00% | Vol Scale: 1.00
2026-02-17 21:00:10,222 - INFO - Paper trading complete: PnL=-0.0033, Sharpe cumulative ongoing
2026-02-17 21:00:10,223 - INFO - Loading stock recommendations for 2025-04-14
2026-02-17 21:00:10,227 - INFO - Saving recommendations to Qdrant...
2026-02-17 21:00:10,234 - INFO - HTTP Request: PUT http://localhost:6333/collections/stock_recommendations/points?wait=true "HTTP/1.1 200 OK"
2026-02-17 21:00:10,237 - INFO - Saved 76 stock recommendations to Qdrant
2026-02-17 21:00:10,237 - INFO - Saving trading result to Qdrant...
2026-02-17 21:00:10,243 - INFO - HTTP Request: PUT http://localhost:6333/collections/trading_results/points?wait=true "HTTP/1.1 200 OK"
2026-02-17 21:00:10,244 - INFO - Saved trading result to Qdrant
2026-02-17 21:00:10,244 - INFO - Saving performance metrics to Qdrant...
2026-02-17 21:00:10,250 - INFO - HTTP Request: PUT http://localhost:6333/collections/performance_metrics/points?wait=true "HTTP/1.1 200 OK"
2026-02-17 21:00:10,250 - INFO - Saved performance metrics to Qdrant
2026-02-17 21:00:10,250 - INFO - Progress updated: 10 days completed
2026-02-17 21:00:10,251 - INFO - ============================================================
2026-02-17 21:00:10,251 - INFO - DAILY AUTOMATION COMPLETE
2026-02-17 21:00:10,251 - INFO - ============================================================
2026-02-17 21:00:10,251 - INFO - Automation completed successfully!
2026-02-17 21:00:12,791 - INFO - Starting automated daily paper trading...
2026-02-17 21:00:13,249 - INFO - HTTP Request: GET http://localhost:6333 "HTTP/1.1 200 OK"
2026-02-17 21:00:13,253 - INFO - Setting up Qdrant collections...
2026-02-17 21:00:13,256 - INFO - HTTP Request: GET http://localhost:6333/collections/stock_recommendations "HTTP/1.1 200 OK"
2026-02-17 21:00:13,257 - INFO - Collection 'stock_recommendations' already exists
2026-02-17 21:00:13,260 - INFO - HTTP Request: GET http://localhost:6333/collections/trading_results "HTTP/1.1 200 OK"
2026-02-17 21:00:13,260 - INFO - Collection 'trading_results' already exists
2026-02-17 21:00:13,262 - INFO - HTTP Request: GET http://localhost:6333/collections/performance_metrics "HTTP/1.1 200 OK"
2026-02-17 21:00:13,262 - INFO - Collection 'performance_metrics' already exists
2026-02-17 21:00:13,262 - INFO - ============================================================
2026-02-17 21:00:13,262 - INFO - AUTOMATED DAILY PAPER TRADING
2026-02-17 21:00:13,262 - INFO - ============================================================
2026-02-17 21:00:13,262 - INFO - Calendar Date: 2026-02-17
2026-02-17 21:00:13,313 - INFO - Historical Date (simulation): 2025-04-15
2026-02-17 21:00:13,313 - INFO - Running paper trading for 2025-04-15
2026-02-17 21:00:13,313 - INFO - Loading predictions from data/processed/phase1_predictions.parquet
2026-02-17 21:00:13,316 - INFO - 
============================================================
2026-02-17 21:00:13,316 - INFO - Running paper trading for 2025-04-15
2026-02-17 21:00:13,316 - INFO - ============================================================
2026-02-17 21:00:13,319 - INFO - Portfolio construction: 38 longs, 38 shorts (from 38 candidates)
2026-02-17 21:00:13,319 - INFO - PnL Net: -0.0107 | Scaled: -0.0107 | Turnover: 100.00% | Vol Scale: 1.00
2026-02-17 21:00:13,319 - INFO - Paper trading complete: PnL=-0.0107, Sharpe cumulative ongoing
2026-02-17 21:00:13,319 - INFO - Loading stock recommendations for 2025-04-15
2026-02-17 21:00:13,324 - INFO - Saving recommendations to Qdrant...
2026-02-17 21:00:13,342 - INFO - HTTP Request: PUT http://localhost:6333/collections/stock_recommendations/points?wait=true "HTTP/1.1 200 OK"
2026-02-17 21:00:13,344 - INFO - Saved 76 stock recommendations to Qdrant
2026-02-17 21:00:13,344 - INFO - Saving trading result to Qdrant...
2026-02-17 21:00:13,372 - INFO - HTTP Request: PUT http://localhost:6333/collections/trading_results/points?wait=true "HTTP/1.1 200 OK"
2026-02-17 21:00:13,373 - INFO - Saved trading result to Qdrant
2026-02-17 21:00:13,373 - INFO - Saving performance metrics to Qdrant...
2026-02-17 21:00:13,376 - INFO - HTTP Request: PUT http://localhost:6333/collections/performance_metrics/points?wait=true "HTTP/1.1 200 OK"
2026-02-17 21:00:13,376 - INFO - Saved performance metrics to Qdrant
2026-02-17 21:00:13,377 - INFO - Progress updated: 11 days completed
2026-02-17 21:00:13,377 - INFO - ============================================================
2026-02-17 21:00:13,377 - INFO - DAILY AUTOMATION COMPLETE
2026-02-17 21:00:13,377 - INFO - ============================================================
2026-02-17 21:00:13,377 - INFO - Automation completed successfully!
2026-02-17 21:00:15,953 - INFO - Starting automated daily paper trading...
2026-02-17 21:00:16,390 - INFO - HTTP Request: GET http://localhost:6333 "HTTP/1.1 200 OK"
2026-02-17 21:00:16,393 - INFO - Setting up Qdrant collections...
2026-02-17 21:00:16,417 - INFO - HTTP Request: GET http://localhost:6333/collections/stock_recommendations "HTTP/1.1 200 OK"
2026-02-17 21:00:16,418 - INFO - Collection 'stock_recommendations' already exists
2026-02-17 21:00:16,420 - INFO - HTTP Request: GET http://localhost:6333/collections/trading_results "HTTP/1.1 200 OK"
2026-02-17 21:00:16,420 - INFO - Collection 'trading_results' already exists
2026-02-17 21:00:16,422 - INFO - HTTP Request: GET http://localhost:6333/collections/performance_metrics "HTTP/1.1 200 OK"
2026-02-17 21:00:16,422 - INFO - Collection 'performance_metrics' already exists
2026-02-17 21:00:16,422 - INFO - ============================================================
2026-02-17 21:00:16,422 - INFO - AUTOMATED DAILY PAPER TRADING
2026-02-17 21:00:16,422 - INFO - ============================================================
2026-02-17 21:00:16,422 - INFO - Calendar Date: 2026-02-17
2026-02-17 21:00:16,472 - INFO - Historical Date (simulation): 2025-04-16
2026-02-17 21:00:16,472 - INFO - Running paper trading for 2025-04-16
2026-02-17 21:00:16,472 - INFO - Loading predictions from data/processed/phase1_predictions.parquet
2026-02-17 21:00:16,477 - INFO - 
============================================================
2026-02-17 21:00:16,477 - INFO - Running paper trading for 2025-04-16
2026-02-17 21:00:16,477 - INFO - ============================================================
2026-02-17 21:00:16,478 - INFO - Portfolio construction: 38 longs, 38 shorts (from 38 candidates)
2026-02-17 21:00:16,478 - INFO - PnL Net: 0.0019 | Scaled: 0.0019 | Turnover: 100.00% | Vol Scale: 1.00
2026-02-17 21:00:16,478 - INFO - Paper trading complete: PnL=0.0019, Sharpe cumulative ongoing
2026-02-17 21:00:16,479 - INFO - Loading stock recommendations for 2025-04-16
2026-02-17 21:00:16,483 - INFO - Saving recommendations to Qdrant...
2026-02-17 21:00:16,491 - INFO - HTTP Request: PUT http://localhost:6333/collections/stock_recommendations/points?wait=true "HTTP/1.1 200 OK"
2026-02-17 21:00:16,493 - INFO - Saved 76 stock recommendations to Qdrant
2026-02-17 21:00:16,493 - INFO - Saving trading result to Qdrant...
2026-02-17 21:00:16,497 - INFO - HTTP Request: PUT http://localhost:6333/collections/trading_results/points?wait=true "HTTP/1.1 200 OK"
2026-02-17 21:00:16,497 - INFO - Saved trading result to Qdrant
2026-02-17 21:00:16,497 - INFO - Saving performance metrics to Qdrant...
2026-02-17 21:00:16,500 - INFO - HTTP Request: PUT http://localhost:6333/collections/performance_metrics/points?wait=true "HTTP/1.1 200 OK"
2026-02-17 21:00:16,501 - INFO - Saved performance metrics to Qdrant
2026-02-17 21:00:16,501 - INFO - Progress updated: 12 days completed
2026-02-17 21:00:16,501 - INFO - ============================================================
2026-02-17 21:00:16,501 - INFO - DAILY AUTOMATION COMPLETE
2026-02-17 21:00:16,501 - INFO - ============================================================
2026-02-17 21:00:16,501 - INFO - Automation completed successfully!
2026-02-17 21:00:19,110 - INFO - Starting automated daily paper trading...
2026-02-17 21:00:19,540 - INFO - HTTP Request: GET http://localhost:6333 "HTTP/1.1 200 OK"
2026-02-17 21:00:19,544 - INFO - Setting up Qdrant collections...
2026-02-17 21:00:19,548 - INFO - HTTP Request: GET http://localhost:6333/collections/stock_recommendations "HTTP/1.1 200 OK"
2026-02-17 21:00:19,549 - INFO - Collection 'stock_recommendations' already exists
2026-02-17 21:00:19,566 - INFO - HTTP Request: GET http://localhost:6333/collections/trading_results "HTTP/1.1 200 OK"
2026-02-17 21:00:19,567 - INFO - Collection 'trading_results' already exists
2026-02-17 21:00:19,568 - INFO - HTTP Request: GET http://localhost:6333/collections/performance_metrics "HTTP/1.1 200 OK"
2026-02-17 21:00:19,569 - INFO - Collection 'performance_metrics' already exists
2026-02-17 21:00:19,569 - INFO - ============================================================
2026-02-17 21:00:19,569 - INFO - AUTOMATED DAILY PAPER TRADING
2026-02-17 21:00:19,569 - INFO - ============================================================
2026-02-17 21:00:19,569 - INFO - Calendar Date: 2026-02-17
2026-02-17 21:00:19,617 - INFO - Historical Date (simulation): 2025-04-17
2026-02-17 21:00:19,617 - INFO - Running paper trading for 2025-04-17
2026-02-17 21:00:19,618 - INFO - Loading predictions from data/processed/phase1_predictions.parquet
2026-02-17 21:00:19,621 - INFO - 
============================================================
2026-02-17 21:00:19,621 - INFO - Running paper trading for 2025-04-17
2026-02-17 21:00:19,621 - INFO - ============================================================
2026-02-17 21:00:19,623 - INFO - Portfolio construction: 38 longs, 38 shorts (from 38 candidates)
2026-02-17 21:00:19,623 - INFO - PnL Net: -0.0124 | Scaled: -0.0124 | Turnover: 100.00% | Vol Scale: 1.00
2026-02-17 21:00:19,623 - INFO - Paper trading complete: PnL=-0.0124, Sharpe cumulative ongoing
2026-02-17 21:00:19,623 - INFO - Loading stock recommendations for 2025-04-17
2026-02-17 21:00:19,628 - INFO - Saving recommendations to Qdrant...
2026-02-17 21:00:19,635 - INFO - HTTP Request: PUT http://localhost:6333/collections/stock_recommendations/points?wait=true "HTTP/1.1 200 OK"
2026-02-17 21:00:19,636 - INFO - Saved 76 stock recommendations to Qdrant
2026-02-17 21:00:19,636 - INFO - Saving trading result to Qdrant...
2026-02-17 21:00:19,639 - INFO - HTTP Request: PUT http://localhost:6333/collections/trading_results/points?wait=true "HTTP/1.1 200 OK"
2026-02-17 21:00:19,640 - INFO - Saved trading result to Qdrant
2026-02-17 21:00:19,640 - INFO - Saving performance metrics to Qdrant...
2026-02-17 21:00:19,644 - INFO - HTTP Request: PUT http://localhost:6333/collections/performance_metrics/points?wait=true "HTTP/1.1 200 OK"
2026-02-17 21:00:19,644 - INFO - Saved performance metrics to Qdrant
2026-02-17 21:00:19,645 - INFO - Progress updated: 13 days completed
2026-02-17 21:00:19,645 - INFO - ============================================================
2026-02-17 21:00:19,645 - INFO - DAILY AUTOMATION COMPLETE
2026-02-17 21:00:19,645 - INFO - ============================================================
2026-02-17 21:00:19,645 - INFO - Automation completed successfully!
2026-02-17 21:00:22,227 - INFO - Starting automated daily paper trading...
2026-02-17 21:00:22,669 - INFO - HTTP Request: GET http://localhost:6333 "HTTP/1.1 200 OK"
2026-02-17 21:00:22,674 - INFO - Setting up Qdrant collections...
2026-02-17 21:00:22,678 - INFO - HTTP Request: GET http://localhost:6333/collections/stock_recommendations "HTTP/1.1 200 OK"
2026-02-17 21:00:22,679 - INFO - Collection 'stock_recommendations' already exists
2026-02-17 21:00:22,682 - INFO - HTTP Request: GET http://localhost:6333/collections/trading_results "HTTP/1.1 200 OK"
2026-02-17 21:00:22,682 - INFO - Collection 'trading_results' already exists
2026-02-17 21:00:22,685 - INFO - HTTP Request: GET http://localhost:6333/collections/performance_metrics "HTTP/1.1 200 OK"
2026-02-17 21:00:22,685 - INFO - Collection 'performance_metrics' already exists
2026-02-17 21:00:22,685 - INFO - ============================================================
2026-02-17 21:00:22,685 - INFO - AUTOMATED DAILY PAPER TRADING
2026-02-17 21:00:22,685 - INFO - ============================================================
2026-02-17 21:00:22,685 - INFO - Calendar Date: 2026-02-17
2026-02-17 21:00:22,735 - INFO - Historical Date (simulation): 2025-04-21
2026-02-17 21:00:22,735 - INFO - Running paper trading for 2025-04-21
2026-02-17 21:00:22,736 - INFO - Loading predictions from data/processed/phase1_predictions.parquet
2026-02-17 21:00:22,740 - INFO - 
============================================================
2026-02-17 21:00:22,740 - INFO - Running paper trading for 2025-04-21
2026-02-17 21:00:22,740 - INFO - ============================================================
2026-02-17 21:00:22,741 - INFO - Portfolio construction: 38 longs, 6 shorts (from 38 candidates)
2026-02-17 21:00:22,742 - INFO - PnL Net: 0.0135 | Scaled: 0.0135 | Turnover: 100.00% | Vol Scale: 1.00
2026-02-17 21:00:22,742 - INFO - Paper trading complete: PnL=0.0135, Sharpe cumulative ongoing
2026-02-17 21:00:22,742 - INFO - Loading stock recommendations for 2025-04-21
2026-02-17 21:00:22,746 - INFO - Saving recommendations to Qdrant...
2026-02-17 21:00:22,752 - INFO - HTTP Request: PUT http://localhost:6333/collections/stock_recommendations/points?wait=true "HTTP/1.1 200 OK"
2026-02-17 21:00:22,753 - INFO - Saved 44 stock recommendations to Qdrant
2026-02-17 21:00:22,753 - INFO - Saving trading result to Qdrant...
2026-02-17 21:00:22,756 - INFO - HTTP Request: PUT http://localhost:6333/collections/trading_results/points?wait=true "HTTP/1.1 200 OK"
2026-02-17 21:00:22,756 - INFO - Saved trading result to Qdrant
2026-02-17 21:00:22,756 - INFO - Saving performance metrics to Qdrant...
2026-02-17 21:00:22,759 - INFO - HTTP Request: PUT http://localhost:6333/collections/performance_metrics/points?wait=true "HTTP/1.1 200 OK"
2026-02-17 21:00:22,759 - INFO - Saved performance metrics to Qdrant
2026-02-17 21:00:22,759 - INFO - Progress updated: 14 days completed
2026-02-17 21:00:22,760 - INFO - ============================================================
2026-02-17 21:00:22,760 - INFO - DAILY AUTOMATION COMPLETE
2026-02-17 21:00:22,760 - INFO - ============================================================
2026-02-17 21:00:22,760 - INFO - Automation completed successfully!
2026-02-17 21:00:25,429 - INFO - Starting automated daily paper trading...
2026-02-17 21:00:25,863 - INFO - HTTP Request: GET http://localhost:6333 "HTTP/1.1 200 OK"
2026-02-17 21:00:25,868 - INFO - Setting up Qdrant collections...
2026-02-17 21:00:25,891 - INFO - HTTP Request: GET http://localhost:6333/collections/stock_recommendations "HTTP/1.1 200 OK"
2026-02-17 21:00:25,892 - INFO - Collection 'stock_recommendations' already exists
2026-02-17 21:00:25,895 - INFO - HTTP Request: GET http://localhost:6333/collections/trading_results "HTTP/1.1 200 OK"
2026-02-17 21:00:25,895 - INFO - Collection 'trading_results' already exists
2026-02-17 21:00:25,896 - INFO - HTTP Request: GET http://localhost:6333/collections/performance_metrics "HTTP/1.1 200 OK"
2026-02-17 21:00:25,897 - INFO - Collection 'performance_metrics' already exists
2026-02-17 21:00:25,897 - INFO - ============================================================
2026-02-17 21:00:25,897 - INFO - AUTOMATED DAILY PAPER TRADING
2026-02-17 21:00:25,897 - INFO - ============================================================
2026-02-17 21:00:25,897 - INFO - Calendar Date: 2026-02-17
2026-02-17 21:00:25,945 - INFO - Historical Date (simulation): 2025-04-22
2026-02-17 21:00:25,946 - INFO - Running paper trading for 2025-04-22
2026-02-17 21:00:25,946 - INFO - Loading predictions from data/processed/phase1_predictions.parquet
2026-02-17 21:00:25,948 - INFO - 
============================================================
2026-02-17 21:00:25,948 - INFO - Running paper trading for 2025-04-22
2026-02-17 21:00:25,948 - INFO - ============================================================
2026-02-17 21:00:25,950 - INFO - Portfolio construction: 38 longs, 38 shorts (from 38 candidates)
2026-02-17 21:00:25,950 - INFO - PnL Net: 0.0073 | Scaled: 0.0073 | Turnover: 100.00% | Vol Scale: 1.00
2026-02-17 21:00:25,950 - INFO - Paper trading complete: PnL=0.0073, Sharpe cumulative ongoing
2026-02-17 21:00:25,950 - INFO - Loading stock recommendations for 2025-04-22
2026-02-17 21:00:25,956 - INFO - Saving recommendations to Qdrant...
2026-02-17 21:00:25,986 - INFO - HTTP Request: PUT http://localhost:6333/collections/stock_recommendations/points?wait=true "HTTP/1.1 200 OK"
2026-02-17 21:00:25,988 - INFO - Saved 76 stock recommendations to Qdrant
2026-02-17 21:00:25,988 - INFO - Saving trading result to Qdrant...
2026-02-17 21:00:25,991 - INFO - HTTP Request: PUT http://localhost:6333/collections/trading_results/points?wait=true "HTTP/1.1 200 OK"
2026-02-17 21:00:25,991 - INFO - Saved trading result to Qdrant
2026-02-17 21:00:25,991 - INFO - Saving performance metrics to Qdrant...
2026-02-17 21:00:25,994 - INFO - HTTP Request: PUT http://localhost:6333/collections/performance_metrics/points?wait=true "HTTP/1.1 200 OK"
2026-02-17 21:00:25,995 - INFO - Saved performance metrics to Qdrant
2026-02-17 21:00:25,995 - INFO - Progress updated: 15 days completed
2026-02-17 21:00:25,995 - INFO - ============================================================
2026-02-17 21:00:25,995 - INFO - DAILY AUTOMATION COMPLETE
2026-02-17 21:00:25,995 - INFO - ============================================================
2026-02-17 21:00:25,996 - INFO - Automation completed successfully!
2026-02-17 21:00:28,526 - INFO - Starting automated daily paper trading...
2026-02-17 21:00:29,002 - INFO - HTTP Request: GET http://localhost:6333 "HTTP/1.1 200 OK"
2026-02-17 21:00:29,006 - INFO - Setting up Qdrant collections...
2026-02-17 21:00:29,030 - INFO - HTTP Request: GET http://localhost:6333/collections/stock_recommendations "HTTP/1.1 200 OK"
2026-02-17 21:00:29,031 - INFO - Collection 'stock_recommendations' already exists
2026-02-17 21:00:29,033 - INFO - HTTP Request: GET http://localhost:6333/collections/trading_results "HTTP/1.1 200 OK"
2026-02-17 21:00:29,033 - INFO - Collection 'trading_results' already exists
2026-02-17 21:00:29,036 - INFO - HTTP Request: GET http://localhost:6333/collections/performance_metrics "HTTP/1.1 200 OK"
2026-02-17 21:00:29,037 - INFO - Collection 'performance_metrics' already exists
2026-02-17 21:00:29,037 - INFO - ============================================================
2026-02-17 21:00:29,037 - INFO - AUTOMATED DAILY PAPER TRADING
2026-02-17 21:00:29,037 - INFO - ============================================================
2026-02-17 21:00:29,037 - INFO - Calendar Date: 2026-02-17
2026-02-17 21:00:29,088 - INFO - Historical Date (simulation): 2025-04-23
2026-02-17 21:00:29,088 - INFO - Running paper trading for 2025-04-23
2026-02-17 21:00:29,088 - INFO - Loading predictions from data/processed/phase1_predictions.parquet
2026-02-17 21:00:29,091 - INFO - 
============================================================
2026-02-17 21:00:29,091 - INFO - Running paper trading for 2025-04-23
2026-02-17 21:00:29,091 - INFO - ============================================================
2026-02-17 21:00:29,092 - INFO - Portfolio construction: 38 longs, 5 shorts (from 38 candidates)
2026-02-17 21:00:29,092 - INFO - PnL Net: 0.0201 | Scaled: 0.0201 | Turnover: 100.00% | Vol Scale: 1.00
2026-02-17 21:00:29,093 - INFO - Paper trading complete: PnL=0.0201, Sharpe cumulative ongoing
2026-02-17 21:00:29,093 - INFO - Loading stock recommendations for 2025-04-23
2026-02-17 21:00:29,097 - INFO - Saving recommendations to Qdrant...
2026-02-17 21:00:29,104 - INFO - HTTP Request: PUT http://localhost:6333/collections/stock_recommendations/points?wait=true "HTTP/1.1 200 OK"
2026-02-17 21:00:29,104 - INFO - Saved 43 stock recommendations to Qdrant
2026-02-17 21:00:29,104 - INFO - Saving trading result to Qdrant...
2026-02-17 21:00:29,108 - INFO - HTTP Request: PUT http://localhost:6333/collections/trading_results/points?wait=true "HTTP/1.1 200 OK"
2026-02-17 21:00:29,108 - INFO - Saved trading result to Qdrant
2026-02-17 21:00:29,108 - INFO - Saving performance metrics to Qdrant...
2026-02-17 21:00:29,112 - INFO - HTTP Request: PUT http://localhost:6333/collections/performance_metrics/points?wait=true "HTTP/1.1 200 OK"
2026-02-17 21:00:29,112 - INFO - Saved performance metrics to Qdrant
2026-02-17 21:00:29,113 - INFO - Progress updated: 16 days completed
2026-02-17 21:00:29,113 - INFO - ============================================================
2026-02-17 21:00:29,113 - INFO - DAILY AUTOMATION COMPLETE
2026-02-17 21:00:29,113 - INFO - ============================================================
2026-02-17 21:00:29,113 - INFO - Automation completed successfully!
2026-02-17 21:00:31,677 - INFO - Starting automated daily paper trading...
2026-02-17 21:00:32,130 - INFO - HTTP Request: GET http://localhost:6333 "HTTP/1.1 200 OK"
2026-02-17 21:00:32,135 - INFO - Setting up Qdrant collections...
2026-02-17 21:00:32,158 - INFO - HTTP Request: GET http://localhost:6333/collections/stock_recommendations "HTTP/1.1 200 OK"
2026-02-17 21:00:32,160 - INFO - Collection 'stock_recommendations' already exists
2026-02-17 21:00:32,162 - INFO - HTTP Request: GET http://localhost:6333/collections/trading_results "HTTP/1.1 200 OK"
2026-02-17 21:00:32,163 - INFO - Collection 'trading_results' already exists
2026-02-17 21:00:32,165 - INFO - HTTP Request: GET http://localhost:6333/collections/performance_metrics "HTTP/1.1 200 OK"
2026-02-17 21:00:32,165 - INFO - Collection 'performance_metrics' already exists
2026-02-17 21:00:32,165 - INFO - ============================================================
2026-02-17 21:00:32,165 - INFO - AUTOMATED DAILY PAPER TRADING
2026-02-17 21:00:32,165 - INFO - ============================================================
2026-02-17 21:00:32,165 - INFO - Calendar Date: 2026-02-17
2026-02-17 21:00:32,215 - INFO - Historical Date (simulation): 2025-04-24
2026-02-17 21:00:32,215 - INFO - Running paper trading for 2025-04-24
2026-02-17 21:00:32,216 - INFO - Loading predictions from data/processed/phase1_predictions.parquet
2026-02-17 21:00:32,220 - INFO - 
============================================================
2026-02-17 21:00:32,220 - INFO - Running paper trading for 2025-04-24
2026-02-17 21:00:32,220 - INFO - ============================================================
2026-02-17 21:00:32,222 - INFO - Portfolio construction: 38 longs, 38 shorts (from 38 candidates)
2026-02-17 21:00:32,222 - INFO - PnL Net: 0.0056 | Scaled: 0.0056 | Turnover: 100.00% | Vol Scale: 1.00
2026-02-17 21:00:32,222 - INFO - Paper trading complete: PnL=0.0056, Sharpe cumulative ongoing
2026-02-17 21:00:32,222 - INFO - Loading stock recommendations for 2025-04-24
2026-02-17 21:00:32,227 - INFO - Saving recommendations to Qdrant...
2026-02-17 21:00:32,233 - INFO - HTTP Request: PUT http://localhost:6333/collections/stock_recommendations/points?wait=true "HTTP/1.1 200 OK"
2026-02-17 21:00:32,235 - INFO - Saved 76 stock recommendations to Qdrant
2026-02-17 21:00:32,235 - INFO - Saving trading result to Qdrant...
2026-02-17 21:00:32,238 - INFO - HTTP Request: PUT http://localhost:6333/collections/trading_results/points?wait=true "HTTP/1.1 200 OK"
2026-02-17 21:00:32,238 - INFO - Saved trading result to Qdrant
2026-02-17 21:00:32,238 - INFO - Saving performance metrics to Qdrant...
2026-02-17 21:00:32,243 - INFO - HTTP Request: PUT http://localhost:6333/collections/performance_metrics/points?wait=true "HTTP/1.1 200 OK"
2026-02-17 21:00:32,244 - INFO - Saved performance metrics to Qdrant
2026-02-17 21:00:32,244 - INFO - Progress updated: 17 days completed
2026-02-17 21:00:32,244 - INFO - ============================================================
2026-02-17 21:00:32,244 - INFO - DAILY AUTOMATION COMPLETE
2026-02-17 21:00:32,244 - INFO - ============================================================
2026-02-17 21:00:32,244 - INFO - Automation completed successfully!
2026-02-17 21:00:34,878 - INFO - Starting automated daily paper trading...
2026-02-17 21:00:35,351 - INFO - HTTP Request: GET http://localhost:6333 "HTTP/1.1 200 OK"
2026-02-17 21:00:35,355 - INFO - Setting up Qdrant collections...
2026-02-17 21:00:35,358 - INFO - HTTP Request: GET http://localhost:6333/collections/stock_recommendations "HTTP/1.1 200 OK"
2026-02-17 21:00:35,359 - INFO - Collection 'stock_recommendations' already exists
2026-02-17 21:00:35,362 - INFO - HTTP Request: GET http://localhost:6333/collections/trading_results "HTTP/1.1 200 OK"
2026-02-17 21:00:35,362 - INFO - Collection 'trading_results' already exists
2026-02-17 21:00:35,366 - INFO - HTTP Request: GET http://localhost:6333/collections/performance_metrics "HTTP/1.1 200 OK"
2026-02-17 21:00:35,366 - INFO - Collection 'performance_metrics' already exists
2026-02-17 21:00:35,366 - INFO - ============================================================
2026-02-17 21:00:35,366 - INFO - AUTOMATED DAILY PAPER TRADING
2026-02-17 21:00:35,366 - INFO - ============================================================
2026-02-17 21:00:35,366 - INFO - Calendar Date: 2026-02-17
2026-02-17 21:00:35,417 - INFO - Historical Date (simulation): 2025-04-25
2026-02-17 21:00:35,417 - INFO - Running paper trading for 2025-04-25
2026-02-17 21:00:35,418 - INFO - Loading predictions from data/processed/phase1_predictions.parquet
2026-02-17 21:00:35,422 - INFO - 
============================================================
2026-02-17 21:00:35,422 - INFO - Running paper trading for 2025-04-25
2026-02-17 21:00:35,422 - INFO - ============================================================
2026-02-17 21:00:35,423 - INFO - Portfolio construction: 38 longs, 38 shorts (from 38 candidates)
2026-02-17 21:00:35,423 - INFO - PnL Net: 0.0026 | Scaled: 0.0026 | Turnover: 100.00% | Vol Scale: 1.00
2026-02-17 21:00:35,424 - INFO - Paper trading complete: PnL=0.0026, Sharpe cumulative ongoing
2026-02-17 21:00:35,424 - INFO - Loading stock recommendations for 2025-04-25
2026-02-17 21:00:35,428 - INFO - Saving recommendations to Qdrant...
2026-02-17 21:00:35,436 - INFO - HTTP Request: PUT http://localhost:6333/collections/stock_recommendations/points?wait=true "HTTP/1.1 200 OK"
2026-02-17 21:00:35,438 - INFO - Saved 76 stock recommendations to Qdrant
2026-02-17 21:00:35,438 - INFO - Saving trading result to Qdrant...
2026-02-17 21:00:35,443 - INFO - HTTP Request: PUT http://localhost:6333/collections/trading_results/points?wait=true "HTTP/1.1 200 OK"
2026-02-17 21:00:35,443 - INFO - Saved trading result to Qdrant
2026-02-17 21:00:35,443 - INFO - Saving performance metrics to Qdrant...
2026-02-17 21:00:35,446 - INFO - HTTP Request: PUT http://localhost:6333/collections/performance_metrics/points?wait=true "HTTP/1.1 200 OK"
2026-02-17 21:00:35,446 - INFO - Saved performance metrics to Qdrant
2026-02-17 21:00:35,447 - INFO - Progress updated: 18 days completed
2026-02-17 21:00:35,447 - INFO - ============================================================
2026-02-17 21:00:35,447 - INFO - DAILY AUTOMATION COMPLETE
2026-02-17 21:00:35,447 - INFO - ============================================================
2026-02-17 21:00:35,447 - INFO - Automation completed successfully!
2026-02-17 21:00:38,220 - INFO - Starting automated daily paper trading...
2026-02-17 21:00:38,684 - INFO - HTTP Request: GET http://localhost:6333 "HTTP/1.1 200 OK"
2026-02-17 21:00:38,688 - INFO - Setting up Qdrant collections...
2026-02-17 21:00:38,713 - INFO - HTTP Request: GET http://localhost:6333/collections/stock_recommendations "HTTP/1.1 200 OK"
2026-02-17 21:00:38,714 - INFO - Collection 'stock_recommendations' already exists
2026-02-17 21:00:38,717 - INFO - HTTP Request: GET http://localhost:6333/collections/trading_results "HTTP/1.1 200 OK"
2026-02-17 21:00:38,718 - INFO - Collection 'trading_results' already exists
2026-02-17 21:00:38,719 - INFO - HTTP Request: GET http://localhost:6333/collections/performance_metrics "HTTP/1.1 200 OK"
2026-02-17 21:00:38,720 - INFO - Collection 'performance_metrics' already exists
2026-02-17 21:00:38,720 - INFO - ============================================================
2026-02-17 21:00:38,720 - INFO - AUTOMATED DAILY PAPER TRADING
2026-02-17 21:00:38,720 - INFO - ============================================================
2026-02-17 21:00:38,720 - INFO - Calendar Date: 2026-02-17
2026-02-17 21:00:38,776 - INFO - Historical Date (simulation): 2025-04-28
2026-02-17 21:00:38,776 - INFO - Running paper trading for 2025-04-28
2026-02-17 21:00:38,776 - INFO - Loading predictions from data/processed/phase1_predictions.parquet
2026-02-17 21:00:38,779 - INFO - 
============================================================
2026-02-17 21:00:38,779 - INFO - Running paper trading for 2025-04-28
2026-02-17 21:00:38,779 - INFO - ============================================================
2026-02-17 21:00:38,781 - INFO - Portfolio construction: 38 longs, 38 shorts (from 38 candidates)
2026-02-17 21:00:38,781 - INFO - PnL Net: 0.0026 | Scaled: 0.0026 | Turnover: 100.00% | Vol Scale: 1.00
2026-02-17 21:00:38,781 - INFO - Paper trading complete: PnL=0.0026, Sharpe cumulative ongoing
2026-02-17 21:00:38,781 - INFO - Loading stock recommendations for 2025-04-28
2026-02-17 21:00:38,786 - INFO - Saving recommendations to Qdrant...
2026-02-17 21:00:38,794 - INFO - HTTP Request: PUT http://localhost:6333/collections/stock_recommendations/points?wait=true "HTTP/1.1 200 OK"
2026-02-17 21:00:38,796 - INFO - Saved 76 stock recommendations to Qdrant
2026-02-17 21:00:38,796 - INFO - Saving trading result to Qdrant...
2026-02-17 21:00:38,799 - INFO - HTTP Request: PUT http://localhost:6333/collections/trading_results/points?wait=true "HTTP/1.1 200 OK"
2026-02-17 21:00:38,800 - INFO - Saved trading result to Qdrant
2026-02-17 21:00:38,800 - INFO - Saving performance metrics to Qdrant...
2026-02-17 21:00:38,803 - INFO - HTTP Request: PUT http://localhost:6333/collections/performance_metrics/points?wait=true "HTTP/1.1 200 OK"
2026-02-17 21:00:38,804 - INFO - Saved performance metrics to Qdrant
2026-02-17 21:00:38,804 - INFO - Progress updated: 19 days completed
2026-02-17 21:00:38,804 - INFO - ============================================================
2026-02-17 21:00:38,804 - INFO - DAILY AUTOMATION COMPLETE
2026-02-17 21:00:38,804 - INFO - ============================================================
2026-02-17 21:00:38,804 - INFO - Automation completed successfully!
2026-02-17 21:00:41,462 - INFO - Starting automated daily paper trading...
2026-02-17 21:00:41,930 - INFO - HTTP Request: GET http://localhost:6333 "HTTP/1.1 200 OK"
2026-02-17 21:00:41,934 - INFO - Setting up Qdrant collections...
2026-02-17 21:00:41,939 - INFO - HTTP Request: GET http://localhost:6333/collections/stock_recommendations "HTTP/1.1 200 OK"
2026-02-17 21:00:41,940 - INFO - Collection 'stock_recommendations' already exists
2026-02-17 21:00:41,942 - INFO - HTTP Request: GET http://localhost:6333/collections/trading_results "HTTP/1.1 200 OK"
2026-02-17 21:00:41,942 - INFO - Collection 'trading_results' already exists
2026-02-17 21:00:41,945 - INFO - HTTP Request: GET http://localhost:6333/collections/performance_metrics "HTTP/1.1 200 OK"
2026-02-17 21:00:41,945 - INFO - Collection 'performance_metrics' already exists
2026-02-17 21:00:41,945 - INFO - ============================================================
2026-02-17 21:00:41,945 - INFO - AUTOMATED DAILY PAPER TRADING
2026-02-17 21:00:41,945 - INFO - ============================================================
2026-02-17 21:00:41,945 - INFO - Calendar Date: 2026-02-17
2026-02-17 21:00:41,996 - INFO - Historical Date (simulation): 2025-04-29
2026-02-17 21:00:41,996 - INFO - Running paper trading for 2025-04-29
2026-02-17 21:00:41,996 - INFO - Loading predictions from data/processed/phase1_predictions.parquet
2026-02-17 21:00:42,000 - INFO - 
============================================================
2026-02-17 21:00:42,000 - INFO - Running paper trading for 2025-04-29
2026-02-17 21:00:42,000 - INFO - ============================================================
2026-02-17 21:00:42,002 - INFO - Portfolio construction: 38 longs, 30 shorts (from 38 candidates)
2026-02-17 21:00:42,002 - INFO - PnL Net: -0.0002 | Scaled: -0.0002 | Turnover: 100.00% | Vol Scale: 1.00
2026-02-17 21:00:42,002 - INFO - Paper trading complete: PnL=-0.0002, Sharpe cumulative ongoing
2026-02-17 21:00:42,002 - INFO - Loading stock recommendations for 2025-04-29
2026-02-17 21:00:42,007 - INFO - Saving recommendations to Qdrant...
2026-02-17 21:00:42,012 - INFO - HTTP Request: PUT http://localhost:6333/collections/stock_recommendations/points?wait=true "HTTP/1.1 200 OK"
2026-02-17 21:00:42,014 - INFO - Saved 68 stock recommendations to Qdrant
2026-02-17 21:00:42,014 - INFO - Saving trading result to Qdrant...
2026-02-17 21:00:42,017 - INFO - HTTP Request: PUT http://localhost:6333/collections/trading_results/points?wait=true "HTTP/1.1 200 OK"
2026-02-17 21:00:42,017 - INFO - Saved trading result to Qdrant
2026-02-17 21:00:42,017 - INFO - Saving performance metrics to Qdrant...
2026-02-17 21:00:42,020 - INFO - HTTP Request: PUT http://localhost:6333/collections/performance_metrics/points?wait=true "HTTP/1.1 200 OK"
2026-02-17 21:00:42,020 - INFO - Saved performance metrics to Qdrant
2026-02-17 21:00:42,021 - INFO - Progress updated: 20 days completed
2026-02-17 21:00:42,021 - INFO - ============================================================
2026-02-17 21:00:42,021 - INFO - DAILY AUTOMATION COMPLETE
2026-02-17 21:00:42,021 - INFO - ============================================================
2026-02-17 21:00:42,021 - INFO - Automation completed successfully!
2026-02-17 21:00:44,625 - INFO - Starting automated daily paper trading...
2026-02-17 21:00:45,070 - INFO - HTTP Request: GET http://localhost:6333 "HTTP/1.1 200 OK"
2026-02-17 21:00:45,074 - INFO - Setting up Qdrant collections...
2026-02-17 21:00:45,101 - INFO - HTTP Request: GET http://localhost:6333/collections/stock_recommendations "HTTP/1.1 200 OK"
2026-02-17 21:00:45,102 - INFO - Collection 'stock_recommendations' already exists
2026-02-17 21:00:45,105 - INFO - HTTP Request: GET http://localhost:6333/collections/trading_results "HTTP/1.1 200 OK"
2026-02-17 21:00:45,105 - INFO - Collection 'trading_results' already exists
2026-02-17 21:00:45,107 - INFO - HTTP Request: GET http://localhost:6333/collections/performance_metrics "HTTP/1.1 200 OK"
2026-02-17 21:00:45,108 - INFO - Collection 'performance_metrics' already exists
2026-02-17 21:00:45,108 - INFO - ============================================================
2026-02-17 21:00:45,108 - INFO - AUTOMATED DAILY PAPER TRADING
2026-02-17 21:00:45,108 - INFO - ============================================================
2026-02-17 21:00:45,108 - INFO - Calendar Date: 2026-02-17
2026-02-17 21:00:45,157 - INFO - Historical Date (simulation): 2025-04-30
2026-02-17 21:00:45,157 - INFO - Running paper trading for 2025-04-30
2026-02-17 21:00:45,158 - INFO - Loading predictions from data/processed/phase1_predictions.parquet
2026-02-17 21:00:45,161 - INFO - 
============================================================
2026-02-17 21:00:45,161 - INFO - Running paper trading for 2025-04-30
2026-02-17 21:00:45,161 - INFO - ============================================================
2026-02-17 21:00:45,163 - INFO - Portfolio construction: 38 longs, 38 shorts (from 38 candidates)
2026-02-17 21:00:45,163 - INFO - PnL Net: -0.0017 | Scaled: -0.0017 | Turnover: 100.00% | Vol Scale: 1.00
2026-02-17 21:00:45,163 - INFO - Paper trading complete: PnL=-0.0017, Sharpe cumulative ongoing
2026-02-17 21:00:45,163 - INFO - Loading stock recommendations for 2025-04-30
2026-02-17 21:00:45,168 - INFO - Saving recommendations to Qdrant...
2026-02-17 21:00:45,177 - INFO - HTTP Request: PUT http://localhost:6333/collections/stock_recommendations/points?wait=true "HTTP/1.1 200 OK"
2026-02-17 21:00:45,178 - INFO - Saved 76 stock recommendations to Qdrant
2026-02-17 21:00:45,178 - INFO - Saving trading result to Qdrant...
2026-02-17 21:00:45,203 - INFO - HTTP Request: PUT http://localhost:6333/collections/trading_results/points?wait=true "HTTP/1.1 200 OK"
2026-02-17 21:00:45,203 - INFO - Saved trading result to Qdrant
2026-02-17 21:00:45,203 - INFO - Saving performance metrics to Qdrant...
2026-02-17 21:00:45,210 - INFO - HTTP Request: PUT http://localhost:6333/collections/performance_metrics/points?wait=true "HTTP/1.1 200 OK"
2026-02-17 21:00:45,210 - INFO - Saved performance metrics to Qdrant
2026-02-17 21:00:45,211 - INFO - Progress updated: 21 days completed
2026-02-17 21:00:45,211 - INFO - ============================================================
2026-02-17 21:00:45,211 - INFO - DAILY AUTOMATION COMPLETE
2026-02-17 21:00:45,211 - INFO - ============================================================
2026-02-17 21:00:45,211 - INFO - Automation completed successfully!
2026-02-17 21:02:42,588 - INFO - Starting automated daily paper trading...
2026-02-17 21:02:43,027 - INFO - HTTP Request: GET http://localhost:6333 "HTTP/1.1 200 OK"
2026-02-17 21:02:43,031 - INFO - Setting up Qdrant collections...
2026-02-17 21:02:43,033 - INFO - HTTP Request: GET http://localhost:6333/collections/stock_recommendations "HTTP/1.1 200 OK"
2026-02-17 21:02:43,035 - INFO - Collection 'stock_recommendations' already exists
2026-02-17 21:02:43,038 - INFO - HTTP Request: GET http://localhost:6333/collections/trading_results "HTTP/1.1 200 OK"
2026-02-17 21:02:43,038 - INFO - Collection 'trading_results' already exists
2026-02-17 21:02:43,059 - INFO - HTTP Request: GET http://localhost:6333/collections/performance_metrics "HTTP/1.1 200 OK"
2026-02-17 21:02:43,059 - INFO - Collection 'performance_metrics' already exists
2026-02-17 21:02:43,059 - INFO - ============================================================
2026-02-17 21:02:43,059 - INFO - AUTOMATED DAILY PAPER TRADING
2026-02-17 21:02:43,060 - INFO - ============================================================
2026-02-17 21:02:43,060 - INFO - Calendar Date: 2026-02-17
2026-02-17 21:02:43,108 - INFO - Historical Date (simulation): 2025-05-01
2026-02-17 21:02:43,108 - INFO - Running paper trading for 2025-05-01
2026-02-17 21:02:43,108 - INFO - Loading predictions from data/processed/phase1_predictions.parquet
2026-02-17 21:02:43,112 - INFO - 
============================================================
2026-02-17 21:02:43,113 - INFO - Running paper trading for 2025-05-01
2026-02-17 21:02:43,113 - INFO - ============================================================
2026-02-17 21:02:43,114 - INFO - Portfolio construction: 38 longs, 38 shorts (from 38 candidates)
2026-02-17 21:02:43,115 - INFO - PnL Net: 0.0062 | Scaled: 0.0062 | Turnover: 100.00% | Vol Scale: 1.00
2026-02-17 21:02:43,115 - INFO - Paper trading complete: PnL=0.0062, Sharpe cumulative ongoing
2026-02-17 21:02:43,115 - INFO - Loading stock recommendations for 2025-05-01
2026-02-17 21:02:43,119 - INFO - Saving recommendations to Qdrant...
2026-02-17 21:02:43,126 - INFO - HTTP Request: PUT http://localhost:6333/collections/stock_recommendations/points?wait=true "HTTP/1.1 200 OK"
2026-02-17 21:02:43,127 - INFO - Saved 76 stock recommendations to Qdrant
2026-02-17 21:02:43,129 - INFO - Saving trading result to Qdrant...
2026-02-17 21:02:43,141 - INFO - HTTP Request: PUT http://localhost:6333/collections/trading_results/points?wait=true "HTTP/1.1 200 OK"
2026-02-17 21:02:43,141 - INFO - Saved trading result to Qdrant
2026-02-17 21:02:43,141 - INFO - Saving performance metrics to Qdrant...
2026-02-17 21:02:43,145 - INFO - HTTP Request: PUT http://localhost:6333/collections/performance_metrics/points?wait=true "HTTP/1.1 200 OK"
2026-02-17 21:02:43,145 - INFO - Saved performance metrics to Qdrant
2026-02-17 21:02:43,146 - INFO - Progress updated: 22 days completed
2026-02-17 21:02:43,146 - INFO - ============================================================
2026-02-17 21:02:43,147 - INFO - DAILY AUTOMATION COMPLETE
2026-02-17 21:02:43,147 - INFO - ============================================================
2026-02-17 21:02:43,147 - INFO - Automation completed successfully!
2026-02-17 21:06:10,617 - INFO - Starting automated daily paper trading...
2026-02-17 21:06:10,822 - INFO - Docker is running
2026-02-17 21:06:10,834 - INFO - Qdrant is already running
2026-02-17 21:06:11,213 - INFO - HTTP Request: GET http://localhost:6333 "HTTP/1.1 200 OK"
2026-02-17 21:06:11,218 - INFO - Setting up Qdrant collections...
2026-02-17 21:06:11,246 - INFO - HTTP Request: GET http://localhost:6333/collections/stock_recommendations "HTTP/1.1 200 OK"
2026-02-17 21:06:11,248 - INFO - Collection 'stock_recommendations' already exists
2026-02-17 21:06:11,250 - INFO - HTTP Request: GET http://localhost:6333/collections/trading_results "HTTP/1.1 200 OK"
2026-02-17 21:06:11,251 - INFO - Collection 'trading_results' already exists
2026-02-17 21:06:11,252 - INFO - HTTP Request: GET http://localhost:6333/collections/performance_metrics "HTTP/1.1 200 OK"
2026-02-17 21:06:11,252 - INFO - Collection 'performance_metrics' already exists
2026-02-17 21:06:11,252 - INFO - ============================================================
2026-02-17 21:06:11,252 - INFO - AUTOMATED DAILY PAPER TRADING
2026-02-17 21:06:11,252 - INFO - ============================================================
2026-02-17 21:06:11,254 - INFO - Calendar Date: 2026-02-17
2026-02-17 21:06:11,304 - INFO - Historical Date (simulation): 2025-05-02
2026-02-17 21:06:11,304 - INFO - Running paper trading for 2025-05-02
2026-02-17 21:06:11,304 - INFO - Loading predictions from data/processed/phase1_predictions.parquet
2026-02-17 21:06:11,309 - INFO - 
============================================================
2026-02-17 21:06:11,309 - INFO - Running paper trading for 2025-05-02
2026-02-17 21:06:11,309 - INFO - ============================================================
2026-02-17 21:06:11,310 - INFO - Portfolio construction: 38 longs, 13 shorts (from 38 candidates)
2026-02-17 21:06:11,310 - INFO - PnL Net: -0.0005 | Scaled: -0.0005 | Turnover: 100.00% | Vol Scale: 1.00
2026-02-17 21:06:11,310 - INFO - Paper trading complete: PnL=-0.0005, Sharpe cumulative ongoing
2026-02-17 21:06:11,310 - INFO - Loading stock recommendations for 2025-05-02
2026-02-17 21:06:11,313 - INFO - Saving recommendations to Qdrant...
2026-02-17 21:06:11,322 - INFO - HTTP Request: PUT http://localhost:6333/collections/stock_recommendations/points?wait=true "HTTP/1.1 200 OK"
2026-02-17 21:06:11,322 - INFO - Saved 51 stock recommendations to Qdrant
2026-02-17 21:06:11,322 - INFO - Saving trading result to Qdrant...
2026-02-17 21:06:11,326 - INFO - HTTP Request: PUT http://localhost:6333/collections/trading_results/points?wait=true "HTTP/1.1 200 OK"
2026-02-17 21:06:11,326 - INFO - Saved trading result to Qdrant
2026-02-17 21:06:11,326 - INFO - Saving performance metrics to Qdrant...
2026-02-17 21:06:11,347 - INFO - HTTP Request: PUT http://localhost:6333/collections/performance_metrics/points?wait=true "HTTP/1.1 200 OK"
2026-02-17 21:06:11,347 - INFO - Saved performance metrics to Qdrant
2026-02-17 21:06:11,348 - INFO - Progress updated: 23 days completed
2026-02-17 21:06:11,348 - INFO - ============================================================
2026-02-17 21:06:11,348 - INFO - DAILY AUTOMATION COMPLETE
2026-02-17 21:06:11,348 - INFO - ============================================================
2026-02-17 21:06:11,348 - INFO - Automation completed successfully!
2026-02-17 21:06:24,007 - INFO - Starting automated daily paper trading...
2026-02-17 21:06:24,174 - INFO - Docker is running
2026-02-17 21:06:28,285 - WARNING - Qdrant is not reachable, checking Docker container...
2026-02-17 21:06:28,444 - INFO - Found existing Qdrant container 'elegant_borg' (Exited (143) 8 seconds ago)
2026-02-17 21:06:28,445 - INFO - Starting container 'elegant_borg'...
2026-02-17 21:06:31,701 - INFO - Qdrant ready after 3 seconds
2026-02-17 21:06:32,069 - INFO - HTTP Request: GET http://localhost:6333 "HTTP/1.1 200 OK"
2026-02-17 21:06:32,073 - INFO - Setting up Qdrant collections...
2026-02-17 21:06:32,077 - INFO - HTTP Request: GET http://localhost:6333/collections/stock_recommendations "HTTP/1.1 200 OK"
2026-02-17 21:06:32,077 - INFO - Collection 'stock_recommendations' already exists
2026-02-17 21:06:32,079 - INFO - HTTP Request: GET http://localhost:6333/collections/trading_results "HTTP/1.1 200 OK"
2026-02-17 21:06:32,079 - INFO - Collection 'trading_results' already exists
2026-02-17 21:06:32,081 - INFO - HTTP Request: GET http://localhost:6333/collections/performance_metrics "HTTP/1.1 200 OK"
2026-02-17 21:06:32,081 - INFO - Collection 'performance_metrics' already exists
2026-02-17 21:06:32,081 - INFO - ============================================================
2026-02-17 21:06:32,081 - INFO - AUTOMATED DAILY PAPER TRADING
2026-02-17 21:06:32,081 - INFO - ============================================================
2026-02-17 21:06:32,084 - INFO - Calendar Date: 2026-02-17
2026-02-17 21:06:32,135 - INFO - Historical Date (simulation): 2025-05-05
2026-02-17 21:06:32,135 - INFO - Running paper trading for 2025-05-05
2026-02-17 21:06:32,135 - INFO - Loading predictions from data/processed/phase1_predictions.parquet
2026-02-17 21:06:32,139 - INFO - 
============================================================
2026-02-17 21:06:32,139 - INFO - Running paper trading for 2025-05-05
2026-02-17 21:06:32,139 - INFO - ============================================================
2026-02-17 21:06:32,141 - INFO - Portfolio construction: 38 longs, 2 shorts (from 38 candidates)
2026-02-17 21:06:32,141 - INFO - PnL Net: -0.0042 | Scaled: -0.0042 | Turnover: 100.00% | Vol Scale: 1.00
2026-02-17 21:06:32,141 - INFO - Paper trading complete: PnL=-0.0042, Sharpe cumulative ongoing
2026-02-17 21:06:32,141 - INFO - Loading stock recommendations for 2025-05-05
2026-02-17 21:06:32,146 - INFO - Saving recommendations to Qdrant...
2026-02-17 21:06:32,152 - INFO - HTTP Request: PUT http://localhost:6333/collections/stock_recommendations/points?wait=true "HTTP/1.1 200 OK"
2026-02-17 21:06:32,153 - INFO - Saved 40 stock recommendations to Qdrant
2026-02-17 21:06:32,153 - INFO - Saving trading result to Qdrant...
2026-02-17 21:06:32,158 - INFO - HTTP Request: PUT http://localhost:6333/collections/trading_results/points?wait=true "HTTP/1.1 200 OK"
2026-02-17 21:06:32,159 - INFO - Saved trading result to Qdrant
2026-02-17 21:06:32,159 - INFO - Saving performance metrics to Qdrant...
2026-02-17 21:06:32,163 - INFO - HTTP Request: PUT http://localhost:6333/collections/performance_metrics/points?wait=true "HTTP/1.1 200 OK"
2026-02-17 21:06:32,163 - INFO - Saved performance metrics to Qdrant
2026-02-17 21:06:32,164 - INFO - Progress updated: 24 days completed
2026-02-17 21:06:32,164 - INFO - ============================================================
2026-02-17 21:06:32,164 - INFO - DAILY AUTOMATION COMPLETE
2026-02-17 21:06:32,164 - INFO - ============================================================
2026-02-17 21:06:32,164 - INFO - Automation completed successfully!
2026-02-17 21:09:50,548 - INFO - Starting automated daily paper trading...
2026-02-17 21:09:50,690 - INFO - Docker Desktop is running, daemon is ready
2026-02-17 21:09:50,696 - INFO - Qdrant is already running
2026-02-17 21:09:51,070 - INFO - HTTP Request: GET http://localhost:6333 "HTTP/1.1 200 OK"
2026-02-17 21:09:51,075 - INFO - Setting up Qdrant collections...
2026-02-17 21:09:51,089 - INFO - HTTP Request: GET http://localhost:6333/collections/stock_recommendations "HTTP/1.1 200 OK"
2026-02-17 21:09:51,091 - INFO - Collection 'stock_recommendations' already exists
2026-02-17 21:09:51,094 - INFO - HTTP Request: GET http://localhost:6333/collections/trading_results "HTTP/1.1 200 OK"
2026-02-17 21:09:51,094 - INFO - Collection 'trading_results' already exists
2026-02-17 21:09:51,096 - INFO - HTTP Request: GET http://localhost:6333/collections/performance_metrics "HTTP/1.1 200 OK"
2026-02-17 21:09:51,096 - INFO - Collection 'performance_metrics' already exists
2026-02-17 21:09:51,096 - INFO - ============================================================
2026-02-17 21:09:51,096 - INFO - AUTOMATED DAILY PAPER TRADING
2026-02-17 21:09:51,096 - INFO - ============================================================
2026-02-17 21:09:51,097 - INFO - Calendar Date: 2026-02-17
2026-02-17 21:09:51,150 - INFO - Historical Date (simulation): 2025-05-06
2026-02-17 21:09:51,150 - INFO - Running paper trading for 2025-05-06
2026-02-17 21:09:51,150 - INFO - Loading predictions from data/processed/phase1_predictions.parquet
2026-02-17 21:09:51,154 - INFO - 
============================================================
2026-02-17 21:09:51,154 - INFO - Running paper trading for 2025-05-06
2026-02-17 21:09:51,154 - INFO - ============================================================
2026-02-17 21:09:51,157 - INFO - Portfolio construction: 38 longs, 33 shorts (from 38 candidates)
2026-02-17 21:09:51,157 - INFO - PnL Net: -0.0008 | Scaled: -0.0008 | Turnover: 100.00% | Vol Scale: 1.00
2026-02-17 21:09:51,158 - INFO - Paper trading complete: PnL=-0.0008, Sharpe cumulative ongoing
2026-02-17 21:09:51,158 - INFO - Loading stock recommendations for 2025-05-06
2026-02-17 21:09:51,162 - INFO - Saving recommendations to Qdrant...
2026-02-17 21:09:51,169 - INFO - HTTP Request: PUT http://localhost:6333/collections/stock_recommendations/points?wait=true "HTTP/1.1 200 OK"
2026-02-17 21:09:51,170 - INFO - Saved 71 stock recommendations to Qdrant
2026-02-17 21:09:51,170 - INFO - Saving trading result to Qdrant...
2026-02-17 21:09:51,174 - INFO - HTTP Request: PUT http://localhost:6333/collections/trading_results/points?wait=true "HTTP/1.1 200 OK"
2026-02-17 21:09:51,174 - INFO - Saved trading result to Qdrant
2026-02-17 21:09:51,175 - INFO - Saving performance metrics to Qdrant...
2026-02-17 21:09:51,178 - INFO - HTTP Request: PUT http://localhost:6333/collections/performance_metrics/points?wait=true "HTTP/1.1 200 OK"
2026-02-17 21:09:51,178 - INFO - Saved performance metrics to Qdrant
2026-02-17 21:09:51,179 - INFO - Progress updated: 25 days completed
2026-02-17 21:09:51,190 - INFO - Backing up Qdrant data to data\backups\qdrant\20260217...
2026-02-17 21:09:51,192 - INFO - HTTP Request: GET http://localhost:6333/collections/stock_recommendations "HTTP/1.1 200 OK"
2026-02-17 21:09:51,198 - INFO - HTTP Request: POST http://localhost:6333/collections/stock_recommendations/points/scroll "HTTP/1.1 200 OK"
2026-02-17 21:09:51,204 - INFO - HTTP Request: POST http://localhost:6333/collections/stock_recommendations/points/scroll "HTTP/1.1 200 OK"
2026-02-17 21:09:51,209 - INFO - HTTP Request: POST http://localhost:6333/collections/stock_recommendations/points/scroll "HTTP/1.1 200 OK"
2026-02-17 21:09:51,225 - INFO - HTTP Request: POST http://localhost:6333/collections/stock_recommendations/points/scroll "HTTP/1.1 200 OK"
2026-02-17 21:09:51,231 - INFO - HTTP Request: POST http://localhost:6333/collections/stock_recommendations/points/scroll "HTTP/1.1 200 OK"
2026-02-17 21:09:51,236 - INFO - HTTP Request: POST http://localhost:6333/collections/stock_recommendations/points/scroll "HTTP/1.1 200 OK"
2026-02-17 21:09:51,241 - INFO - HTTP Request: POST http://localhost:6333/collections/stock_recommendations/points/scroll "HTTP/1.1 200 OK"
2026-02-17 21:09:51,245 - INFO - HTTP Request: POST http://localhost:6333/collections/stock_recommendations/points/scroll "HTTP/1.1 200 OK"
2026-02-17 21:09:51,249 - INFO - HTTP Request: POST http://localhost:6333/collections/stock_recommendations/points/scroll "HTTP/1.1 200 OK"
2026-02-17 21:09:51,273 - INFO - HTTP Request: POST http://localhost:6333/collections/stock_recommendations/points/scroll "HTTP/1.1 200 OK"
2026-02-17 21:09:51,279 - INFO - HTTP Request: POST http://localhost:6333/collections/stock_recommendations/points/scroll "HTTP/1.1 200 OK"
2026-02-17 21:09:51,283 - INFO - HTTP Request: POST http://localhost:6333/collections/stock_recommendations/points/scroll "HTTP/1.1 200 OK"
2026-02-17 21:09:51,289 - INFO - HTTP Request: POST http://localhost:6333/collections/stock_recommendations/points/scroll "HTTP/1.1 200 OK"
2026-02-17 21:09:51,294 - INFO - HTTP Request: POST http://localhost:6333/collections/stock_recommendations/points/scroll "HTTP/1.1 200 OK"
2026-02-17 21:09:51,298 - INFO - HTTP Request: POST http://localhost:6333/collections/stock_recommendations/points/scroll "HTTP/1.1 200 OK"
2026-02-17 21:09:51,303 - INFO - HTTP Request: POST http://localhost:6333/collections/stock_recommendations/points/scroll "HTTP/1.1 200 OK"
2026-02-17 21:09:51,307 - INFO - HTTP Request: POST http://localhost:6333/collections/stock_recommendations/points/scroll "HTTP/1.1 200 OK"
2026-02-17 21:09:51,312 - INFO - HTTP Request: POST http://localhost:6333/collections/stock_recommendations/points/scroll "HTTP/1.1 200 OK"
2026-02-17 21:09:51,315 - INFO - HTTP Request: POST http://localhost:6333/collections/stock_recommendations/points/scroll "HTTP/1.1 200 OK"
2026-02-17 21:09:51,341 - INFO -   Backed up 1816 points from 'stock_recommendations'
2026-02-17 21:09:51,345 - INFO - HTTP Request: GET http://localhost:6333/collections/trading_results "HTTP/1.1 200 OK"
2026-02-17 21:09:51,371 - INFO - HTTP Request: POST http://localhost:6333/collections/trading_results/points/scroll "HTTP/1.1 200 OK"
2026-02-17 21:09:51,373 - INFO -   Backed up 27 points from 'trading_results'
2026-02-17 21:09:51,377 - INFO - HTTP Request: GET http://localhost:6333/collections/performance_metrics "HTTP/1.1 200 OK"
2026-02-17 21:09:51,381 - INFO - HTTP Request: POST http://localhost:6333/collections/performance_metrics/points/scroll "HTTP/1.1 200 OK"
2026-02-17 21:09:51,383 - INFO -   Backed up 27 points from 'performance_metrics'
2026-02-17 21:09:51,391 - INFO - Backup complete: data\backups\qdrant\20260217\manifest.json
2026-02-17 21:09:51,391 - INFO - ============================================================
2026-02-17 21:09:51,391 - INFO - DAILY AUTOMATION COMPLETE
2026-02-17 21:09:51,391 - INFO - ============================================================
2026-02-17 21:09:51,391 - INFO - Automation completed successfully!
2026-02-17 21:14:49,391 - INFO - HTTP Request: GET http://localhost:6333 "HTTP/1.1 200 OK"
2026-02-17 21:14:49,395 - INFO - Setting up Qdrant collections...
2026-02-17 21:14:49,415 - INFO - HTTP Request: GET http://localhost:6333/collections/stock_recommendations "HTTP/1.1 404 Not Found"
2026-02-17 21:14:49,460 - INFO - HTTP Request: PUT http://localhost:6333/collections/stock_recommendations "HTTP/1.1 200 OK"
2026-02-17 21:14:49,461 - INFO - Created collection 'stock_recommendations'
2026-02-17 21:14:49,465 - INFO - HTTP Request: GET http://localhost:6333/collections/trading_results "HTTP/1.1 404 Not Found"
2026-02-17 21:14:49,503 - INFO - HTTP Request: PUT http://localhost:6333/collections/trading_results "HTTP/1.1 200 OK"
2026-02-17 21:14:49,504 - INFO - Created collection 'trading_results'
2026-02-17 21:14:49,531 - INFO - HTTP Request: GET http://localhost:6333/collections/performance_metrics "HTTP/1.1 404 Not Found"
2026-02-17 21:14:49,571 - INFO - HTTP Request: PUT http://localhost:6333/collections/performance_metrics "HTTP/1.1 200 OK"
2026-02-17 21:14:49,571 - INFO - Created collection 'performance_metrics'
2026-02-17 21:14:49,622 - INFO - Running paper trading for 2025-04-01
2026-02-17 21:14:49,622 - INFO - Loading predictions from data/processed/phase1_predictions.parquet
2026-02-17 21:14:49,626 - INFO - 
============================================================
2026-02-17 21:14:49,626 - INFO - Running paper trading for 2025-04-01
2026-02-17 21:14:49,626 - INFO - ============================================================
2026-02-17 21:14:49,627 - INFO - Portfolio construction: 38 longs, 15 shorts (from 38 candidates)
2026-02-17 21:14:49,627 - INFO - PnL Net: 0.0027 | Scaled: 0.0027 | Turnover: 100.00% | Vol Scale: 1.00
2026-02-17 21:14:49,627 - INFO - Paper trading complete: PnL=0.0027, Sharpe cumulative ongoing
2026-02-17 21:14:49,627 - INFO - Loading stock recommendations for 2025-04-01
2026-02-17 21:14:49,632 - INFO - Saving recommendations to Qdrant...
2026-02-17 21:14:49,638 - INFO - HTTP Request: PUT http://localhost:6333/collections/stock_recommendations/points?wait=true "HTTP/1.1 200 OK"
2026-02-17 21:14:49,638 - INFO - Saved 53 stock recommendations to Qdrant
2026-02-17 21:14:49,638 - INFO - Saving trading result to Qdrant...
2026-02-17 21:14:49,641 - INFO - HTTP Request: PUT http://localhost:6333/collections/trading_results/points?wait=true "HTTP/1.1 200 OK"
2026-02-17 21:14:49,641 - INFO - Saved trading result to Qdrant
2026-02-17 21:14:49,641 - INFO - Saving performance metrics to Qdrant...
2026-02-17 21:14:49,641 - WARNING - Summary file not found, skipping performance metrics
2026-02-17 21:14:49,643 - INFO - Progress updated: 1 days completed
2026-02-17 21:14:49,648 - INFO - Running paper trading for 2025-04-02
2026-02-17 21:14:49,648 - INFO - Loading predictions from data/processed/phase1_predictions.parquet
2026-02-17 21:14:49,651 - INFO - 
============================================================
2026-02-17 21:14:49,651 - INFO - Running paper trading for 2025-04-02
2026-02-17 21:14:49,651 - INFO - ============================================================
2026-02-17 21:14:49,652 - INFO - Portfolio construction: 38 longs, 38 shorts (from 38 candidates)
2026-02-17 21:14:49,652 - INFO - PnL Net: -0.0007 | Scaled: -0.0007 | Turnover: 100.00% | Vol Scale: 1.00
2026-02-17 21:14:49,652 - INFO - Paper trading complete: PnL=-0.0007, Sharpe cumulative ongoing
2026-02-17 21:14:49,652 - INFO - Loading stock recommendations for 2025-04-02
2026-02-17 21:14:49,659 - INFO - Saving recommendations to Qdrant...
2026-02-17 21:14:49,666 - INFO - HTTP Request: PUT http://localhost:6333/collections/stock_recommendations/points?wait=true "HTTP/1.1 200 OK"
2026-02-17 21:14:49,666 - INFO - Saved 76 stock recommendations to Qdrant
2026-02-17 21:14:49,666 - INFO - Saving trading result to Qdrant...
2026-02-17 21:14:49,683 - INFO - HTTP Request: PUT http://localhost:6333/collections/trading_results/points?wait=true "HTTP/1.1 200 OK"
2026-02-17 21:14:49,684 - INFO - Saved trading result to Qdrant
2026-02-17 21:14:49,684 - INFO - Saving performance metrics to Qdrant...
2026-02-17 21:14:49,684 - WARNING - Summary file not found, skipping performance metrics
2026-02-17 21:14:49,684 - INFO - Progress updated: 2 days completed
2026-02-17 21:14:49,688 - INFO - Running paper trading for 2025-04-03
2026-02-17 21:14:49,688 - INFO - Loading predictions from data/processed/phase1_predictions.parquet
2026-02-17 21:14:49,692 - INFO - 
============================================================
2026-02-17 21:14:49,692 - INFO - Running paper trading for 2025-04-03
2026-02-17 21:14:49,692 - INFO - ============================================================
2026-02-17 21:14:49,692 - INFO - Portfolio construction: 38 longs, 38 shorts (from 38 candidates)
2026-02-17 21:14:49,692 - INFO - PnL Net: -0.0120 | Scaled: -0.0120 | Turnover: 100.00% | Vol Scale: 1.00
2026-02-17 21:14:49,692 - INFO - Paper trading complete: PnL=-0.0120, Sharpe cumulative ongoing
2026-02-17 21:14:49,692 - INFO - Loading stock recommendations for 2025-04-03
2026-02-17 21:14:49,697 - INFO - Saving recommendations to Qdrant...
2026-02-17 21:14:49,704 - INFO - HTTP Request: PUT http://localhost:6333/collections/stock_recommendations/points?wait=true "HTTP/1.1 200 OK"
2026-02-17 21:14:49,704 - INFO - Saved 76 stock recommendations to Qdrant
2026-02-17 21:14:49,704 - INFO - Saving trading result to Qdrant...
2026-02-17 21:14:49,706 - INFO - HTTP Request: PUT http://localhost:6333/collections/trading_results/points?wait=true "HTTP/1.1 200 OK"
2026-02-17 21:14:49,706 - INFO - Saved trading result to Qdrant
2026-02-17 21:14:49,706 - INFO - Saving performance metrics to Qdrant...
2026-02-17 21:14:49,706 - WARNING - Summary file not found, skipping performance metrics
2026-02-17 21:14:49,708 - INFO - Progress updated: 3 days completed
2026-02-17 21:14:49,712 - INFO - Running paper trading for 2025-04-04
2026-02-17 21:14:49,712 - INFO - Loading predictions from data/processed/phase1_predictions.parquet
2026-02-17 21:14:49,716 - INFO - 
============================================================
2026-02-17 21:14:49,716 - INFO - Running paper trading for 2025-04-04
2026-02-17 21:14:49,716 - INFO - ============================================================
2026-02-17 21:14:49,717 - INFO - Portfolio construction: 38 longs, 38 shorts (from 38 candidates)
2026-02-17 21:14:49,717 - INFO - PnL Net: 0.0131 | Scaled: 0.0131 | Turnover: 100.00% | Vol Scale: 1.00
2026-02-17 21:14:49,717 - INFO - Paper trading complete: PnL=0.0131, Sharpe cumulative ongoing
2026-02-17 21:14:49,717 - INFO - Loading stock recommendations for 2025-04-04
2026-02-17 21:14:49,722 - INFO - Saving recommendations to Qdrant...
2026-02-17 21:14:49,731 - INFO - HTTP Request: PUT http://localhost:6333/collections/stock_recommendations/points?wait=true "HTTP/1.1 200 OK"
2026-02-17 21:14:49,731 - INFO - Saved 76 stock recommendations to Qdrant
2026-02-17 21:14:49,731 - INFO - Saving trading result to Qdrant...
2026-02-17 21:14:49,733 - INFO - HTTP Request: PUT http://localhost:6333/collections/trading_results/points?wait=true "HTTP/1.1 200 OK"
2026-02-17 21:14:49,735 - INFO - Saved trading result to Qdrant
2026-02-17 21:14:49,735 - INFO - Saving performance metrics to Qdrant...
2026-02-17 21:14:49,735 - WARNING - Summary file not found, skipping performance metrics
2026-02-17 21:14:49,736 - INFO - Progress updated: 4 days completed
2026-02-17 21:14:49,740 - INFO - Running paper trading for 2025-04-07
2026-02-17 21:14:49,740 - INFO - Loading predictions from data/processed/phase1_predictions.parquet
2026-02-17 21:14:49,744 - INFO - 
============================================================
2026-02-17 21:14:49,744 - INFO - Running paper trading for 2025-04-07
2026-02-17 21:14:49,744 - INFO - ============================================================
2026-02-17 21:14:49,745 - INFO - Portfolio construction: 38 longs, 38 shorts (from 38 candidates)
2026-02-17 21:14:49,745 - INFO - PnL Net: -0.0027 | Scaled: -0.0027 | Turnover: 100.00% | Vol Scale: 1.00
2026-02-17 21:14:49,745 - INFO - Paper trading complete: PnL=-0.0027, Sharpe cumulative ongoing
2026-02-17 21:14:49,745 - INFO - Loading stock recommendations for 2025-04-07
2026-02-17 21:14:49,750 - INFO - Saving recommendations to Qdrant...
2026-02-17 21:14:49,756 - INFO - HTTP Request: PUT http://localhost:6333/collections/stock_recommendations/points?wait=true "HTTP/1.1 200 OK"
2026-02-17 21:14:49,756 - INFO - Saved 76 stock recommendations to Qdrant
2026-02-17 21:14:49,756 - INFO - Saving trading result to Qdrant...
2026-02-17 21:14:49,760 - INFO - HTTP Request: PUT http://localhost:6333/collections/trading_results/points?wait=true "HTTP/1.1 200 OK"
2026-02-17 21:14:49,760 - INFO - Saved trading result to Qdrant
2026-02-17 21:14:49,760 - INFO - Saving performance metrics to Qdrant...
2026-02-17 21:14:49,760 - WARNING - Summary file not found, skipping performance metrics
2026-02-17 21:14:49,762 - INFO - Progress updated: 5 days completed
2026-02-17 21:14:49,766 - INFO - Running paper trading for 2025-04-08
2026-02-17 21:14:49,766 - INFO - Loading predictions from data/processed/phase1_predictions.parquet
2026-02-17 21:14:49,769 - INFO - 
============================================================
2026-02-17 21:14:49,769 - INFO - Running paper trading for 2025-04-08
2026-02-17 21:14:49,769 - INFO - ============================================================
2026-02-17 21:14:49,769 - INFO - Portfolio construction: 38 longs, 38 shorts (from 38 candidates)
2026-02-17 21:14:49,769 - INFO - PnL Net: -0.0041 | Scaled: -0.0041 | Turnover: 100.00% | Vol Scale: 1.00
2026-02-17 21:14:49,769 - INFO - Paper trading complete: PnL=-0.0041, Sharpe cumulative ongoing
2026-02-17 21:14:49,769 - INFO - Loading stock recommendations for 2025-04-08
2026-02-17 21:14:49,775 - INFO - Saving recommendations to Qdrant...
2026-02-17 21:14:49,800 - INFO - HTTP Request: PUT http://localhost:6333/collections/stock_recommendations/points?wait=true "HTTP/1.1 200 OK"
2026-02-17 21:14:49,800 - INFO - Saved 76 stock recommendations to Qdrant
2026-02-17 21:14:49,800 - INFO - Saving trading result to Qdrant...
2026-02-17 21:14:49,804 - INFO - HTTP Request: PUT http://localhost:6333/collections/trading_results/points?wait=true "HTTP/1.1 200 OK"
2026-02-17 21:14:49,804 - INFO - Saved trading result to Qdrant
2026-02-17 21:14:49,804 - INFO - Saving performance metrics to Qdrant...
2026-02-17 21:14:49,804 - WARNING - Summary file not found, skipping performance metrics
2026-02-17 21:14:49,806 - INFO - Progress updated: 6 days completed
2026-02-17 21:14:49,810 - INFO - Running paper trading for 2025-04-09
2026-02-17 21:14:49,810 - INFO - Loading predictions from data/processed/phase1_predictions.parquet
2026-02-17 21:14:49,814 - INFO - 
============================================================
2026-02-17 21:14:49,814 - INFO - Running paper trading for 2025-04-09
2026-02-17 21:14:49,814 - INFO - ============================================================
2026-02-17 21:14:49,816 - INFO - Portfolio construction: 38 longs, 1 shorts (from 38 candidates)
2026-02-17 21:14:49,816 - INFO - PnL Net: -0.0162 | Scaled: -0.0162 | Turnover: 100.00% | Vol Scale: 1.00
2026-02-17 21:14:49,816 - INFO - Paper trading complete: PnL=-0.0162, Sharpe cumulative ongoing
2026-02-17 21:14:49,816 - INFO - Loading stock recommendations for 2025-04-09
2026-02-17 21:14:49,821 - INFO - Saving recommendations to Qdrant...
2026-02-17 21:14:49,835 - INFO - HTTP Request: PUT http://localhost:6333/collections/stock_recommendations/points?wait=true "HTTP/1.1 200 OK"
2026-02-17 21:14:49,836 - INFO - Saved 39 stock recommendations to Qdrant
2026-02-17 21:14:49,836 - INFO - Saving trading result to Qdrant...
2026-02-17 21:14:49,849 - INFO - HTTP Request: PUT http://localhost:6333/collections/trading_results/points?wait=true "HTTP/1.1 200 OK"
2026-02-17 21:14:49,850 - INFO - Saved trading result to Qdrant
2026-02-17 21:14:49,850 - INFO - Saving performance metrics to Qdrant...
2026-02-17 21:14:49,850 - WARNING - Summary file not found, skipping performance metrics
2026-02-17 21:14:49,851 - INFO - Progress updated: 7 days completed
2026-02-17 21:14:49,855 - INFO - Running paper trading for 2025-04-10
2026-02-17 21:14:49,855 - INFO - Loading predictions from data/processed/phase1_predictions.parquet
2026-02-17 21:14:49,859 - INFO - 
============================================================
2026-02-17 21:14:49,859 - INFO - Running paper trading for 2025-04-10
2026-02-17 21:14:49,859 - INFO - ============================================================
2026-02-17 21:14:49,859 - INFO - Portfolio construction: 38 longs, 38 shorts (from 38 candidates)
2026-02-17 21:14:49,859 - INFO - PnL Net: 0.0049 | Scaled: 0.0049 | Turnover: 100.00% | Vol Scale: 1.00
2026-02-17 21:14:49,860 - INFO - Paper trading complete: PnL=0.0049, Sharpe cumulative ongoing
2026-02-17 21:14:49,860 - INFO - Loading stock recommendations for 2025-04-10
2026-02-17 21:14:49,864 - INFO - Saving recommendations to Qdrant...
2026-02-17 21:14:49,881 - INFO - HTTP Request: PUT http://localhost:6333/collections/stock_recommendations/points?wait=true "HTTP/1.1 200 OK"
2026-02-17 21:14:49,881 - INFO - Saved 76 stock recommendations to Qdrant
2026-02-17 21:14:49,881 - INFO - Saving trading result to Qdrant...
2026-02-17 21:14:49,885 - INFO - HTTP Request: PUT http://localhost:6333/collections/trading_results/points?wait=true "HTTP/1.1 200 OK"
2026-02-17 21:14:49,887 - INFO - Saved trading result to Qdrant
2026-02-17 21:14:49,887 - INFO - Saving performance metrics to Qdrant...
2026-02-17 21:14:49,887 - WARNING - Summary file not found, skipping performance metrics
2026-02-17 21:14:49,887 - INFO - Progress updated: 8 days completed
2026-02-17 21:14:49,891 - INFO - Running paper trading for 2025-04-11
2026-02-17 21:14:49,891 - INFO - Loading predictions from data/processed/phase1_predictions.parquet
2026-02-17 21:14:49,895 - INFO - 
============================================================
2026-02-17 21:14:49,895 - INFO - Running paper trading for 2025-04-11
2026-02-17 21:14:49,895 - INFO - ============================================================
2026-02-17 21:14:49,897 - INFO - Portfolio construction: 38 longs, 1 shorts (from 38 candidates)
2026-02-17 21:14:49,897 - INFO - PnL Net: 0.0066 | Scaled: 0.0066 | Turnover: 100.00% | Vol Scale: 1.00
2026-02-17 21:14:49,897 - INFO - Paper trading complete: PnL=0.0066, Sharpe cumulative ongoing
2026-02-17 21:14:49,897 - INFO - Loading stock recommendations for 2025-04-11
2026-02-17 21:14:49,902 - INFO - Saving recommendations to Qdrant...
2026-02-17 21:14:49,918 - INFO - HTTP Request: PUT http://localhost:6333/collections/stock_recommendations/points?wait=true "HTTP/1.1 200 OK"
2026-02-17 21:14:49,918 - INFO - Saved 39 stock recommendations to Qdrant
2026-02-17 21:14:49,918 - INFO - Saving trading result to Qdrant...
2026-02-17 21:14:49,933 - INFO - HTTP Request: PUT http://localhost:6333/collections/trading_results/points?wait=true "HTTP/1.1 200 OK"
2026-02-17 21:14:49,933 - INFO - Saved trading result to Qdrant
2026-02-17 21:14:49,933 - INFO - Saving performance metrics to Qdrant...
2026-02-17 21:14:49,933 - WARNING - Summary file not found, skipping performance metrics
2026-02-17 21:14:49,935 - INFO - Progress updated: 9 days completed
2026-02-17 21:14:49,939 - INFO - Running paper trading for 2025-04-14
2026-02-17 21:14:49,939 - INFO - Loading predictions from data/processed/phase1_predictions.parquet
2026-02-17 21:14:49,941 - INFO - 
============================================================
2026-02-17 21:14:49,941 - INFO - Running paper trading for 2025-04-14
2026-02-17 21:14:49,941 - INFO - ============================================================
2026-02-17 21:14:49,943 - INFO - Portfolio construction: 38 longs, 38 shorts (from 38 candidates)
2026-02-17 21:14:49,943 - INFO - PnL Net: -0.0033 | Scaled: -0.0033 | Turnover: 100.00% | Vol Scale: 1.00
2026-02-17 21:14:49,943 - INFO - Paper trading complete: PnL=-0.0033, Sharpe cumulative ongoing
2026-02-17 21:14:49,943 - INFO - Loading stock recommendations for 2025-04-14
2026-02-17 21:14:49,947 - INFO - Saving recommendations to Qdrant...
2026-02-17 21:14:49,969 - INFO - HTTP Request: PUT http://localhost:6333/collections/stock_recommendations/points?wait=true "HTTP/1.1 200 OK"
2026-02-17 21:14:49,970 - INFO - Saved 76 stock recommendations to Qdrant
2026-02-17 21:14:49,970 - INFO - Saving trading result to Qdrant...
2026-02-17 21:14:49,982 - INFO - HTTP Request: PUT http://localhost:6333/collections/trading_results/points?wait=true "HTTP/1.1 200 OK"
2026-02-17 21:14:49,982 - INFO - Saved trading result to Qdrant
2026-02-17 21:14:49,982 - INFO - Saving performance metrics to Qdrant...
2026-02-17 21:14:49,982 - WARNING - Summary file not found, skipping performance metrics
2026-02-17 21:14:49,982 - INFO - Progress updated: 10 days completed
2026-02-17 21:14:49,988 - INFO - Running paper trading for 2025-04-15
2026-02-17 21:14:49,988 - INFO - Loading predictions from data/processed/phase1_predictions.parquet
2026-02-17 21:14:49,990 - INFO - 
============================================================
2026-02-17 21:14:49,990 - INFO - Running paper trading for 2025-04-15
2026-02-17 21:14:49,990 - INFO - ============================================================
2026-02-17 21:14:49,992 - INFO - Portfolio construction: 38 longs, 38 shorts (from 38 candidates)
2026-02-17 21:14:49,992 - INFO - PnL Net: -0.0107 | Scaled: -0.0107 | Turnover: 100.00% | Vol Scale: 1.00
2026-02-17 21:14:49,992 - INFO - Paper trading complete: PnL=-0.0107, Sharpe cumulative ongoing
2026-02-17 21:14:49,992 - INFO - Loading stock recommendations for 2025-04-15
2026-02-17 21:14:49,996 - INFO - Saving recommendations to Qdrant...
2026-02-17 21:14:50,007 - INFO - HTTP Request: PUT http://localhost:6333/collections/stock_recommendations/points?wait=true "HTTP/1.1 200 OK"
2026-02-17 21:14:50,007 - INFO - Saved 76 stock recommendations to Qdrant
2026-02-17 21:14:50,007 - INFO - Saving trading result to Qdrant...
2026-02-17 21:14:50,008 - INFO - HTTP Request: PUT http://localhost:6333/collections/trading_results/points?wait=true "HTTP/1.1 200 OK"
2026-02-17 21:14:50,010 - INFO - Saved trading result to Qdrant
2026-02-17 21:14:50,010 - INFO - Saving performance metrics to Qdrant...
2026-02-17 21:14:50,010 - WARNING - Summary file not found, skipping performance metrics
2026-02-17 21:14:50,010 - INFO - Progress updated: 11 days completed
2026-02-17 21:14:50,015 - INFO - Running paper trading for 2025-04-16
2026-02-17 21:14:50,015 - INFO - Loading predictions from data/processed/phase1_predictions.parquet
2026-02-17 21:14:50,017 - INFO - 
============================================================
2026-02-17 21:14:50,017 - INFO - Running paper trading for 2025-04-16
2026-02-17 21:14:50,017 - INFO - ============================================================
2026-02-17 21:14:50,019 - INFO - Portfolio construction: 38 longs, 38 shorts (from 38 candidates)
2026-02-17 21:14:50,019 - INFO - PnL Net: 0.0019 | Scaled: 0.0019 | Turnover: 100.00% | Vol Scale: 1.00
2026-02-17 21:14:50,019 - INFO - Paper trading complete: PnL=0.0019, Sharpe cumulative ongoing
2026-02-17 21:14:50,019 - INFO - Loading stock recommendations for 2025-04-16
2026-02-17 21:14:50,023 - INFO - Saving recommendations to Qdrant...
2026-02-17 21:14:50,029 - INFO - HTTP Request: PUT http://localhost:6333/collections/stock_recommendations/points?wait=true "HTTP/1.1 200 OK"
2026-02-17 21:14:50,030 - INFO - Saved 76 stock recommendations to Qdrant
2026-02-17 21:14:50,030 - INFO - Saving trading result to Qdrant...
2026-02-17 21:14:50,035 - INFO - HTTP Request: PUT http://localhost:6333/collections/trading_results/points?wait=true "HTTP/1.1 200 OK"
2026-02-17 21:14:50,035 - INFO - Saved trading result to Qdrant
2026-02-17 21:14:50,035 - INFO - Saving performance metrics to Qdrant...
2026-02-17 21:14:50,035 - WARNING - Summary file not found, skipping performance metrics
2026-02-17 21:14:50,035 - INFO - Progress updated: 12 days completed
2026-02-17 21:14:50,039 - INFO - Running paper trading for 2025-04-17
2026-02-17 21:14:50,039 - INFO - Loading predictions from data/processed/phase1_predictions.parquet
2026-02-17 21:14:50,043 - INFO - 
============================================================
2026-02-17 21:14:50,043 - INFO - Running paper trading for 2025-04-17
2026-02-17 21:14:50,043 - INFO - ============================================================
2026-02-17 21:14:50,043 - INFO - Portfolio construction: 38 longs, 38 shorts (from 38 candidates)
2026-02-17 21:14:50,043 - INFO - PnL Net: -0.0124 | Scaled: -0.0124 | Turnover: 100.00% | Vol Scale: 1.00
2026-02-17 21:14:50,043 - INFO - Paper trading complete: PnL=-0.0124, Sharpe cumulative ongoing
2026-02-17 21:14:50,043 - INFO - Loading stock recommendations for 2025-04-17
2026-02-17 21:14:50,050 - INFO - Saving recommendations to Qdrant...
2026-02-17 21:14:50,068 - INFO - HTTP Request: PUT http://localhost:6333/collections/stock_recommendations/points?wait=true "HTTP/1.1 200 OK"
2026-02-17 21:14:50,068 - INFO - Saved 76 stock recommendations to Qdrant
2026-02-17 21:14:50,068 - INFO - Saving trading result to Qdrant...
2026-02-17 21:14:50,073 - INFO - HTTP Request: PUT http://localhost:6333/collections/trading_results/points?wait=true "HTTP/1.1 200 OK"
2026-02-17 21:14:50,073 - INFO - Saved trading result to Qdrant
2026-02-17 21:14:50,073 - INFO - Saving performance metrics to Qdrant...
2026-02-17 21:14:50,073 - WARNING - Summary file not found, skipping performance metrics
2026-02-17 21:14:50,073 - INFO - Progress updated: 13 days completed
2026-02-17 21:14:50,077 - INFO - Running paper trading for 2025-04-21
2026-02-17 21:14:50,077 - INFO - Loading predictions from data/processed/phase1_predictions.parquet
2026-02-17 21:14:50,081 - INFO - 
============================================================
2026-02-17 21:14:50,081 - INFO - Running paper trading for 2025-04-21
2026-02-17 21:14:50,081 - INFO - ============================================================
2026-02-17 21:14:50,082 - INFO - Portfolio construction: 38 longs, 6 shorts (from 38 candidates)
2026-02-17 21:14:50,082 - INFO - PnL Net: 0.0135 | Scaled: 0.0135 | Turnover: 100.00% | Vol Scale: 1.00
2026-02-17 21:14:50,082 - INFO - Paper trading complete: PnL=0.0135, Sharpe cumulative ongoing
2026-02-17 21:14:50,082 - INFO - Loading stock recommendations for 2025-04-21
2026-02-17 21:14:50,087 - INFO - Saving recommendations to Qdrant...
2026-02-17 21:14:50,117 - INFO - HTTP Request: PUT http://localhost:6333/collections/stock_recommendations/points?wait=true "HTTP/1.1 200 OK"
2026-02-17 21:14:50,117 - INFO - Saved 44 stock recommendations to Qdrant
2026-02-17 21:14:50,117 - INFO - Saving trading result to Qdrant...
2026-02-17 21:14:50,119 - INFO - HTTP Request: PUT http://localhost:6333/collections/trading_results/points?wait=true "HTTP/1.1 200 OK"
2026-02-17 21:14:50,121 - INFO - Saved trading result to Qdrant
2026-02-17 21:14:50,121 - INFO - Saving performance metrics to Qdrant...
2026-02-17 21:14:50,121 - WARNING - Summary file not found, skipping performance metrics
2026-02-17 21:14:50,121 - INFO - Progress updated: 14 days completed
2026-02-17 21:14:50,124 - INFO - Running paper trading for 2025-04-22
2026-02-17 21:14:50,126 - INFO - Loading predictions from data/processed/phase1_predictions.parquet
2026-02-17 21:14:50,129 - INFO - 
============================================================
2026-02-17 21:14:50,129 - INFO - Running paper trading for 2025-04-22
2026-02-17 21:14:50,129 - INFO - ============================================================
2026-02-17 21:14:50,130 - INFO - Portfolio construction: 38 longs, 38 shorts (from 38 candidates)
2026-02-17 21:14:50,130 - INFO - PnL Net: 0.0073 | Scaled: 0.0073 | Turnover: 100.00% | Vol Scale: 1.00
2026-02-17 21:14:50,130 - INFO - Paper trading complete: PnL=0.0073, Sharpe cumulative ongoing
2026-02-17 21:14:50,130 - INFO - Loading stock recommendations for 2025-04-22
2026-02-17 21:14:50,136 - INFO - Saving recommendations to Qdrant...
2026-02-17 21:14:50,151 - INFO - HTTP Request: PUT http://localhost:6333/collections/stock_recommendations/points?wait=true "HTTP/1.1 200 OK"
2026-02-17 21:14:50,151 - INFO - Saved 76 stock recommendations to Qdrant
2026-02-17 21:14:50,151 - INFO - Saving trading result to Qdrant...
2026-02-17 21:14:50,153 - INFO - HTTP Request: PUT http://localhost:6333/collections/trading_results/points?wait=true "HTTP/1.1 200 OK"
2026-02-17 21:14:50,153 - INFO - Saved trading result to Qdrant
2026-02-17 21:14:50,155 - INFO - Saving performance metrics to Qdrant...
2026-02-17 21:14:50,155 - WARNING - Summary file not found, skipping performance metrics
2026-02-17 21:14:50,155 - INFO - Progress updated: 15 days completed
2026-02-17 21:14:50,159 - INFO - Running paper trading for 2025-04-23
2026-02-17 21:14:50,159 - INFO - Loading predictions from data/processed/phase1_predictions.parquet
2026-02-17 21:14:50,164 - INFO - 
============================================================
2026-02-17 21:14:50,164 - INFO - Running paper trading for 2025-04-23
2026-02-17 21:14:50,164 - INFO - ============================================================
2026-02-17 21:14:50,164 - INFO - Portfolio construction: 38 longs, 5 shorts (from 38 candidates)
2026-02-17 21:14:50,164 - INFO - PnL Net: 0.0201 | Scaled: 0.0201 | Turnover: 100.00% | Vol Scale: 1.00
2026-02-17 21:14:50,164 - INFO - Paper trading complete: PnL=0.0201, Sharpe cumulative ongoing
2026-02-17 21:14:50,164 - INFO - Loading stock recommendations for 2025-04-23
2026-02-17 21:14:50,170 - INFO - Saving recommendations to Qdrant...
2026-02-17 21:14:50,174 - INFO - HTTP Request: PUT http://localhost:6333/collections/stock_recommendations/points?wait=true "HTTP/1.1 200 OK"
2026-02-17 21:14:50,176 - INFO - Saved 43 stock recommendations to Qdrant
2026-02-17 21:14:50,176 - INFO - Saving trading result to Qdrant...
2026-02-17 21:14:50,178 - INFO - HTTP Request: PUT http://localhost:6333/collections/trading_results/points?wait=true "HTTP/1.1 200 OK"
2026-02-17 21:14:50,178 - INFO - Saved trading result to Qdrant
2026-02-17 21:14:50,178 - INFO - Saving performance metrics to Qdrant...
2026-02-17 21:14:50,178 - WARNING - Summary file not found, skipping performance metrics
2026-02-17 21:14:50,178 - INFO - Progress updated: 16 days completed
2026-02-17 21:14:50,182 - INFO - Running paper trading for 2025-04-24
2026-02-17 21:14:50,182 - INFO - Loading predictions from data/processed/phase1_predictions.parquet
2026-02-17 21:14:50,187 - INFO - 
============================================================
2026-02-17 21:14:50,187 - INFO - Running paper trading for 2025-04-24
2026-02-17 21:14:50,187 - INFO - ============================================================
2026-02-17 21:14:50,187 - INFO - Portfolio construction: 38 longs, 38 shorts (from 38 candidates)
2026-02-17 21:14:50,187 - INFO - PnL Net: 0.0056 | Scaled: 0.0056 | Turnover: 100.00% | Vol Scale: 1.00
2026-02-17 21:14:50,187 - INFO - Paper trading complete: PnL=0.0056, Sharpe cumulative ongoing
2026-02-17 21:14:50,187 - INFO - Loading stock recommendations for 2025-04-24
2026-02-17 21:14:50,193 - INFO - Saving recommendations to Qdrant...
2026-02-17 21:14:50,218 - INFO - HTTP Request: PUT http://localhost:6333/collections/stock_recommendations/points?wait=true "HTTP/1.1 200 OK"
2026-02-17 21:14:50,218 - INFO - Saved 76 stock recommendations to Qdrant
2026-02-17 21:14:50,218 - INFO - Saving trading result to Qdrant...
2026-02-17 21:14:50,223 - INFO - HTTP Request: PUT http://localhost:6333/collections/trading_results/points?wait=true "HTTP/1.1 200 OK"
2026-02-17 21:14:50,223 - INFO - Saved trading result to Qdrant
2026-02-17 21:14:50,223 - INFO - Saving performance metrics to Qdrant...
2026-02-17 21:14:50,223 - WARNING - Summary file not found, skipping performance metrics
2026-02-17 21:14:50,224 - INFO - Progress updated: 17 days completed
2026-02-17 21:14:50,228 - INFO - Running paper trading for 2025-04-25
2026-02-17 21:14:50,229 - INFO - Loading predictions from data/processed/phase1_predictions.parquet
2026-02-17 21:14:50,232 - INFO - 
============================================================
2026-02-17 21:14:50,232 - INFO - Running paper trading for 2025-04-25
2026-02-17 21:14:50,232 - INFO - ============================================================
2026-02-17 21:14:50,233 - INFO - Portfolio construction: 38 longs, 38 shorts (from 38 candidates)
2026-02-17 21:14:50,233 - INFO - PnL Net: 0.0026 | Scaled: 0.0026 | Turnover: 100.00% | Vol Scale: 1.00
2026-02-17 21:14:50,233 - INFO - Paper trading complete: PnL=0.0026, Sharpe cumulative ongoing
2026-02-17 21:14:50,233 - INFO - Loading stock recommendations for 2025-04-25
2026-02-17 21:14:50,238 - INFO - Saving recommendations to Qdrant...
2026-02-17 21:14:50,245 - INFO - HTTP Request: PUT http://localhost:6333/collections/stock_recommendations/points?wait=true "HTTP/1.1 200 OK"
2026-02-17 21:14:50,245 - INFO - Saved 76 stock recommendations to Qdrant
2026-02-17 21:14:50,245 - INFO - Saving trading result to Qdrant...
2026-02-17 21:14:50,263 - INFO - HTTP Request: PUT http://localhost:6333/collections/trading_results/points?wait=true "HTTP/1.1 200 OK"
2026-02-17 21:14:50,264 - INFO - Saved trading result to Qdrant
2026-02-17 21:14:50,264 - INFO - Saving performance metrics to Qdrant...
2026-02-17 21:14:50,264 - WARNING - Summary file not found, skipping performance metrics
2026-02-17 21:14:50,265 - INFO - Progress updated: 18 days completed
2026-02-17 21:14:50,268 - INFO - Running paper trading for 2025-04-28
2026-02-17 21:14:50,268 - INFO - Loading predictions from data/processed/phase1_predictions.parquet
2026-02-17 21:14:50,272 - INFO - 
============================================================
2026-02-17 21:14:50,272 - INFO - Running paper trading for 2025-04-28
2026-02-17 21:14:50,272 - INFO - ============================================================
2026-02-17 21:14:50,274 - INFO - Portfolio construction: 38 longs, 38 shorts (from 38 candidates)
2026-02-17 21:14:50,274 - INFO - PnL Net: 0.0026 | Scaled: 0.0026 | Turnover: 100.00% | Vol Scale: 1.00
2026-02-17 21:14:50,274 - INFO - Paper trading complete: PnL=0.0026, Sharpe cumulative ongoing
2026-02-17 21:14:50,274 - INFO - Loading stock recommendations for 2025-04-28
2026-02-17 21:14:50,278 - INFO - Saving recommendations to Qdrant...
2026-02-17 21:14:50,284 - INFO - HTTP Request: PUT http://localhost:6333/collections/stock_recommendations/points?wait=true "HTTP/1.1 200 OK"
2026-02-17 21:14:50,284 - INFO - Saved 76 stock recommendations to Qdrant
2026-02-17 21:14:50,284 - INFO - Saving trading result to Qdrant...
2026-02-17 21:14:50,286 - INFO - HTTP Request: PUT http://localhost:6333/collections/trading_results/points?wait=true "HTTP/1.1 200 OK"
2026-02-17 21:14:50,286 - INFO - Saved trading result to Qdrant
2026-02-17 21:14:50,288 - INFO - Saving performance metrics to Qdrant...
2026-02-17 21:14:50,288 - WARNING - Summary file not found, skipping performance metrics
2026-02-17 21:14:50,288 - INFO - Progress updated: 19 days completed
2026-02-17 21:14:50,292 - INFO - Running paper trading for 2025-04-29
2026-02-17 21:14:50,292 - INFO - Loading predictions from data/processed/phase1_predictions.parquet
2026-02-17 21:14:50,294 - INFO - 
============================================================
2026-02-17 21:14:50,294 - INFO - Running paper trading for 2025-04-29
2026-02-17 21:14:50,294 - INFO - ============================================================
2026-02-17 21:14:50,296 - INFO - Portfolio construction: 38 longs, 30 shorts (from 38 candidates)
2026-02-17 21:14:50,296 - INFO - PnL Net: -0.0002 | Scaled: -0.0002 | Turnover: 100.00% | Vol Scale: 1.00
2026-02-17 21:14:50,296 - INFO - Paper trading complete: PnL=-0.0002, Sharpe cumulative ongoing
2026-02-17 21:14:50,296 - INFO - Loading stock recommendations for 2025-04-29
2026-02-17 21:14:50,300 - INFO - Saving recommendations to Qdrant...
2026-02-17 21:14:50,318 - INFO - HTTP Request: PUT http://localhost:6333/collections/stock_recommendations/points?wait=true "HTTP/1.1 200 OK"
2026-02-17 21:14:50,318 - INFO - Saved 68 stock recommendations to Qdrant
2026-02-17 21:14:50,318 - INFO - Saving trading result to Qdrant...
2026-02-17 21:14:50,321 - INFO - HTTP Request: PUT http://localhost:6333/collections/trading_results/points?wait=true "HTTP/1.1 200 OK"
2026-02-17 21:14:50,322 - INFO - Saved trading result to Qdrant
2026-02-17 21:14:50,322 - INFO - Saving performance metrics to Qdrant...
2026-02-17 21:14:50,322 - WARNING - Summary file not found, skipping performance metrics
2026-02-17 21:14:50,322 - INFO - Progress updated: 20 days completed
2026-02-17 21:14:50,326 - INFO - Running paper trading for 2025-04-30
2026-02-17 21:14:50,327 - INFO - Loading predictions from data/processed/phase1_predictions.parquet
2026-02-17 21:14:50,330 - INFO - 
============================================================
2026-02-17 21:14:50,330 - INFO - Running paper trading for 2025-04-30
2026-02-17 21:14:50,330 - INFO - ============================================================
2026-02-17 21:14:50,330 - INFO - Portfolio construction: 38 longs, 38 shorts (from 38 candidates)
2026-02-17 21:14:50,331 - INFO - PnL Net: -0.0017 | Scaled: -0.0017 | Turnover: 100.00% | Vol Scale: 1.00
2026-02-17 21:14:50,331 - INFO - Paper trading complete: PnL=-0.0017, Sharpe cumulative ongoing
2026-02-17 21:14:50,331 - INFO - Loading stock recommendations for 2025-04-30
2026-02-17 21:14:50,335 - INFO - Saving recommendations to Qdrant...
2026-02-17 21:14:50,352 - INFO - HTTP Request: PUT http://localhost:6333/collections/stock_recommendations/points?wait=true "HTTP/1.1 200 OK"
2026-02-17 21:14:50,352 - INFO - Saved 76 stock recommendations to Qdrant
2026-02-17 21:14:50,352 - INFO - Saving trading result to Qdrant...
2026-02-17 21:14:50,354 - INFO - HTTP Request: PUT http://localhost:6333/collections/trading_results/points?wait=true "HTTP/1.1 200 OK"
2026-02-17 21:14:50,354 - INFO - Saved trading result to Qdrant
2026-02-17 21:14:50,356 - INFO - Saving performance metrics to Qdrant...
2026-02-17 21:14:50,356 - WARNING - Summary file not found, skipping performance metrics
2026-02-17 21:14:50,356 - INFO - Progress updated: 21 days completed
2026-02-17 21:14:50,360 - INFO - Running paper trading for 2025-05-01
2026-02-17 21:14:50,360 - INFO - Loading predictions from data/processed/phase1_predictions.parquet
2026-02-17 21:14:50,362 - INFO - 
============================================================
2026-02-17 21:14:50,362 - INFO - Running paper trading for 2025-05-01
2026-02-17 21:14:50,362 - INFO - ============================================================
2026-02-17 21:14:50,365 - INFO - Portfolio construction: 38 longs, 38 shorts (from 38 candidates)
2026-02-17 21:14:50,365 - INFO - PnL Net: 0.0062 | Scaled: 0.0062 | Turnover: 100.00% | Vol Scale: 1.00
2026-02-17 21:14:50,365 - INFO - Paper trading complete: PnL=0.0062, Sharpe cumulative ongoing
2026-02-17 21:14:50,365 - INFO - Loading stock recommendations for 2025-05-01
2026-02-17 21:14:50,369 - INFO - Saving recommendations to Qdrant...
2026-02-17 21:14:50,375 - INFO - HTTP Request: PUT http://localhost:6333/collections/stock_recommendations/points?wait=true "HTTP/1.1 200 OK"
2026-02-17 21:14:50,377 - INFO - Saved 76 stock recommendations to Qdrant
2026-02-17 21:14:50,377 - INFO - Saving trading result to Qdrant...
2026-02-17 21:14:50,379 - INFO - HTTP Request: PUT http://localhost:6333/collections/trading_results/points?wait=true "HTTP/1.1 200 OK"
2026-02-17 21:14:50,379 - INFO - Saved trading result to Qdrant
2026-02-17 21:14:50,379 - INFO - Saving performance metrics to Qdrant...
2026-02-17 21:14:50,379 - WARNING - Summary file not found, skipping performance metrics
2026-02-17 21:14:50,379 - INFO - Progress updated: 22 days completed
2026-02-17 21:14:50,384 - INFO - Running paper trading for 2025-05-02
2026-02-17 21:14:50,384 - INFO - Loading predictions from data/processed/phase1_predictions.parquet
2026-02-17 21:14:50,388 - INFO - 
============================================================
2026-02-17 21:14:50,388 - INFO - Running paper trading for 2025-05-02
2026-02-17 21:14:50,388 - INFO - ============================================================
2026-02-17 21:14:50,388 - INFO - Portfolio construction: 38 longs, 13 shorts (from 38 candidates)
2026-02-17 21:14:50,388 - INFO - PnL Net: -0.0005 | Scaled: -0.0005 | Turnover: 100.00% | Vol Scale: 1.00
2026-02-17 21:14:50,388 - INFO - Paper trading complete: PnL=-0.0005, Sharpe cumulative ongoing
2026-02-17 21:14:50,390 - INFO - Loading stock recommendations for 2025-05-02
2026-02-17 21:14:50,393 - INFO - Saving recommendations to Qdrant...
2026-02-17 21:14:50,416 - INFO - HTTP Request: PUT http://localhost:6333/collections/stock_recommendations/points?wait=true "HTTP/1.1 200 OK"
2026-02-17 21:14:50,416 - INFO - Saved 51 stock recommendations to Qdrant
2026-02-17 21:14:50,416 - INFO - Saving trading result to Qdrant...
2026-02-17 21:14:50,434 - INFO - HTTP Request: PUT http://localhost:6333/collections/trading_results/points?wait=true "HTTP/1.1 200 OK"
2026-02-17 21:14:50,434 - INFO - Saved trading result to Qdrant
2026-02-17 21:14:50,434 - INFO - Saving performance metrics to Qdrant...
2026-02-17 21:14:50,434 - WARNING - Summary file not found, skipping performance metrics
2026-02-17 21:14:50,435 - INFO - Progress updated: 23 days completed
2026-02-17 21:14:50,438 - INFO - Running paper trading for 2025-05-05
2026-02-17 21:14:50,439 - INFO - Loading predictions from data/processed/phase1_predictions.parquet
2026-02-17 21:14:50,442 - INFO - 
============================================================
2026-02-17 21:14:50,442 - INFO - Running paper trading for 2025-05-05
2026-02-17 21:14:50,442 - INFO - ============================================================
2026-02-17 21:14:50,443 - INFO - Portfolio construction: 38 longs, 2 shorts (from 38 candidates)
2026-02-17 21:14:50,443 - INFO - PnL Net: -0.0042 | Scaled: -0.0042 | Turnover: 100.00% | Vol Scale: 1.00
2026-02-17 21:14:50,443 - INFO - Paper trading complete: PnL=-0.0042, Sharpe cumulative ongoing
2026-02-17 21:14:50,443 - INFO - Loading stock recommendations for 2025-05-05
2026-02-17 21:14:50,447 - INFO - Saving recommendations to Qdrant...
2026-02-17 21:14:50,453 - INFO - HTTP Request: PUT http://localhost:6333/collections/stock_recommendations/points?wait=true "HTTP/1.1 200 OK"
2026-02-17 21:14:50,453 - INFO - Saved 40 stock recommendations to Qdrant
2026-02-17 21:14:50,453 - INFO - Saving trading result to Qdrant...
2026-02-17 21:14:50,456 - INFO - HTTP Request: PUT http://localhost:6333/collections/trading_results/points?wait=true "HTTP/1.1 200 OK"
2026-02-17 21:14:50,457 - INFO - Saved trading result to Qdrant
2026-02-17 21:14:50,457 - INFO - Saving performance metrics to Qdrant...
2026-02-17 21:14:50,457 - WARNING - Summary file not found, skipping performance metrics
2026-02-17 21:14:50,457 - INFO - Progress updated: 24 days completed
2026-02-17 21:14:50,461 - INFO - Running paper trading for 2025-05-06
2026-02-17 21:14:50,462 - INFO - Loading predictions from data/processed/phase1_predictions.parquet
2026-02-17 21:14:50,464 - INFO - 
============================================================
2026-02-17 21:14:50,465 - INFO - Running paper trading for 2025-05-06
2026-02-17 21:14:50,465 - INFO - ============================================================
2026-02-17 21:14:50,466 - INFO - Portfolio construction: 38 longs, 33 shorts (from 38 candidates)
2026-02-17 21:14:50,466 - INFO - PnL Net: -0.0008 | Scaled: -0.0008 | Turnover: 100.00% | Vol Scale: 1.00
2026-02-17 21:14:50,466 - INFO - Paper trading complete: PnL=-0.0008, Sharpe cumulative ongoing
2026-02-17 21:14:50,466 - INFO - Loading stock recommendations for 2025-05-06
2026-02-17 21:14:50,470 - INFO - Saving recommendations to Qdrant...
2026-02-17 21:14:50,477 - INFO - HTTP Request: PUT http://localhost:6333/collections/stock_recommendations/points?wait=true "HTTP/1.1 200 OK"
2026-02-17 21:14:50,477 - INFO - Saved 71 stock recommendations to Qdrant
2026-02-17 21:14:50,477 - INFO - Saving trading result to Qdrant...
2026-02-17 21:14:50,505 - INFO - HTTP Request: PUT http://localhost:6333/collections/trading_results/points?wait=true "HTTP/1.1 200 OK"
2026-02-17 21:14:50,505 - INFO - Saved trading result to Qdrant
2026-02-17 21:14:50,505 - INFO - Saving performance metrics to Qdrant...
2026-02-17 21:14:50,506 - WARNING - Summary file not found, skipping performance metrics
2026-02-17 21:14:50,506 - INFO - Progress updated: 25 days completed
2026-02-17 21:14:50,510 - INFO - Running paper trading for 2025-05-07
2026-02-17 21:14:50,510 - INFO - Loading predictions from data/processed/phase1_predictions.parquet
2026-02-17 21:14:50,512 - INFO - 
============================================================
2026-02-17 21:14:50,513 - INFO - Running paper trading for 2025-05-07
2026-02-17 21:14:50,513 - INFO - ============================================================
2026-02-17 21:14:50,514 - INFO - Portfolio construction: 38 longs, 9 shorts (from 38 candidates)
2026-02-17 21:14:50,514 - INFO - PnL Net: 0.0092 | Scaled: 0.0092 | Turnover: 100.00% | Vol Scale: 1.00
2026-02-17 21:14:50,514 - INFO - Paper trading complete: PnL=0.0092, Sharpe cumulative ongoing
2026-02-17 21:14:50,514 - INFO - Loading stock recommendations for 2025-05-07
2026-02-17 21:14:50,519 - INFO - Saving recommendations to Qdrant...
2026-02-17 21:14:50,525 - INFO - HTTP Request: PUT http://localhost:6333/collections/stock_recommendations/points?wait=true "HTTP/1.1 200 OK"
2026-02-17 21:14:50,526 - INFO - Saved 47 stock recommendations to Qdrant
2026-02-17 21:14:50,526 - INFO - Saving trading result to Qdrant...
2026-02-17 21:14:50,529 - INFO - HTTP Request: PUT http://localhost:6333/collections/trading_results/points?wait=true "HTTP/1.1 200 OK"
2026-02-17 21:14:50,529 - INFO - Saved trading result to Qdrant
2026-02-17 21:14:50,529 - INFO - Saving performance metrics to Qdrant...
2026-02-17 21:14:50,529 - WARNING - Summary file not found, skipping performance metrics
2026-02-17 21:14:50,530 - INFO - Progress updated: 26 days completed
2026-02-17 21:14:50,534 - INFO - Running paper trading for 2025-05-08
2026-02-17 21:14:50,534 - INFO - Loading predictions from data/processed/phase1_predictions.parquet
2026-02-17 21:14:50,537 - INFO - 
============================================================
2026-02-17 21:14:50,538 - INFO - Running paper trading for 2025-05-08
2026-02-17 21:14:50,538 - INFO - ============================================================
2026-02-17 21:14:50,538 - INFO - Portfolio construction: 38 longs, 10 shorts (from 38 candidates)
2026-02-17 21:14:50,539 - INFO - PnL Net: -0.0043 | Scaled: -0.0043 | Turnover: 100.00% | Vol Scale: 1.00
2026-02-17 21:14:50,539 - INFO - Paper trading complete: PnL=-0.0043, Sharpe cumulative ongoing
2026-02-17 21:14:50,539 - INFO - Loading stock recommendations for 2025-05-08
2026-02-17 21:14:50,543 - INFO - Saving recommendations to Qdrant...
2026-02-17 21:14:50,550 - INFO - HTTP Request: PUT http://localhost:6333/collections/stock_recommendations/points?wait=true "HTTP/1.1 200 OK"
2026-02-17 21:14:50,550 - INFO - Saved 48 stock recommendations to Qdrant
2026-02-17 21:14:50,551 - INFO - Saving trading result to Qdrant...
2026-02-17 21:14:50,553 - INFO - HTTP Request: PUT http://localhost:6333/collections/trading_results/points?wait=true "HTTP/1.1 200 OK"
2026-02-17 21:14:50,554 - INFO - Saved trading result to Qdrant
2026-02-17 21:14:50,554 - INFO - Saving performance metrics to Qdrant...
2026-02-17 21:14:50,554 - WARNING - Summary file not found, skipping performance metrics
2026-02-17 21:14:50,555 - INFO - Progress updated: 27 days completed
2026-02-17 21:14:50,559 - INFO - Running paper trading for 2025-05-09
2026-02-17 21:14:50,560 - INFO - Loading predictions from data/processed/phase1_predictions.parquet
2026-02-17 21:14:50,563 - INFO - 
============================================================
2026-02-17 21:14:50,563 - INFO - Running paper trading for 2025-05-09
2026-02-17 21:14:50,563 - INFO - ============================================================
2026-02-17 21:14:50,564 - INFO - Portfolio construction: 38 longs, 37 shorts (from 38 candidates)
2026-02-17 21:14:50,564 - INFO - PnL Net: 0.0157 | Scaled: 0.0157 | Turnover: 100.00% | Vol Scale: 1.00
2026-02-17 21:14:50,564 - INFO - Paper trading complete: PnL=0.0157, Sharpe cumulative ongoing
2026-02-17 21:14:50,564 - INFO - Loading stock recommendations for 2025-05-09
2026-02-17 21:14:50,569 - INFO - Saving recommendations to Qdrant...
2026-02-17 21:14:50,576 - INFO - HTTP Request: PUT http://localhost:6333/collections/stock_recommendations/points?wait=true "HTTP/1.1 200 OK"
2026-02-17 21:14:50,577 - INFO - Saved 75 stock recommendations to Qdrant
2026-02-17 21:14:50,577 - INFO - Saving trading result to Qdrant...
2026-02-17 21:14:50,579 - INFO - HTTP Request: PUT http://localhost:6333/collections/trading_results/points?wait=true "HTTP/1.1 200 OK"
2026-02-17 21:14:50,579 - INFO - Saved trading result to Qdrant
2026-02-17 21:14:50,579 - INFO - Saving performance metrics to Qdrant...
2026-02-17 21:14:50,580 - WARNING - Summary file not found, skipping performance metrics
2026-02-17 21:14:50,580 - INFO - Progress updated: 28 days completed
2026-02-17 21:14:50,585 - INFO - Running paper trading for 2025-05-12
2026-02-17 21:14:50,585 - INFO - Loading predictions from data/processed/phase1_predictions.parquet
2026-02-17 21:14:50,589 - INFO - 
============================================================
2026-02-17 21:14:50,589 - INFO - Running paper trading for 2025-05-12
2026-02-17 21:14:50,589 - INFO - ============================================================
2026-02-17 21:14:50,589 - INFO - Portfolio construction: 38 longs, 38 shorts (from 38 candidates)
2026-02-17 21:14:50,589 - INFO - PnL Net: 0.0016 | Scaled: 0.0016 | Turnover: 100.00% | Vol Scale: 1.00
2026-02-17 21:14:50,589 - INFO - Paper trading complete: PnL=0.0016, Sharpe cumulative ongoing
2026-02-17 21:14:50,589 - INFO - Loading stock recommendations for 2025-05-12
2026-02-17 21:14:50,594 - INFO - Saving recommendations to Qdrant...
2026-02-17 21:14:50,601 - INFO - HTTP Request: PUT http://localhost:6333/collections/stock_recommendations/points?wait=true "HTTP/1.1 200 OK"
2026-02-17 21:14:50,601 - INFO - Saved 76 stock recommendations to Qdrant
2026-02-17 21:14:50,601 - INFO - Saving trading result to Qdrant...
2026-02-17 21:14:50,606 - INFO - HTTP Request: PUT http://localhost:6333/collections/trading_results/points?wait=true "HTTP/1.1 200 OK"
2026-02-17 21:14:50,606 - INFO - Saved trading result to Qdrant
2026-02-17 21:14:50,606 - INFO - Saving performance metrics to Qdrant...
2026-02-17 21:14:50,607 - WARNING - Summary file not found, skipping performance metrics
2026-02-17 21:14:50,607 - INFO - Progress updated: 29 days completed
2026-02-17 21:14:50,612 - INFO - Running paper trading for 2025-05-13
2026-02-17 21:14:50,612 - INFO - Loading predictions from data/processed/phase1_predictions.parquet
2026-02-17 21:14:50,616 - INFO - 
============================================================
2026-02-17 21:14:50,616 - INFO - Running paper trading for 2025-05-13
2026-02-17 21:14:50,616 - INFO - ============================================================
2026-02-17 21:14:50,616 - INFO - Portfolio construction: 38 longs, 38 shorts (from 38 candidates)
2026-02-17 21:14:50,617 - INFO - PnL Net: -0.0031 | Scaled: -0.0031 | Turnover: 100.00% | Vol Scale: 1.00
2026-02-17 21:14:50,617 - INFO - Paper trading complete: PnL=-0.0031, Sharpe cumulative ongoing
2026-02-17 21:14:50,617 - INFO - Loading stock recommendations for 2025-05-13
2026-02-17 21:14:50,623 - INFO - Saving recommendations to Qdrant...
2026-02-17 21:14:50,636 - INFO - HTTP Request: PUT http://localhost:6333/collections/stock_recommendations/points?wait=true "HTTP/1.1 200 OK"
2026-02-17 21:14:50,639 - INFO - Saved 76 stock recommendations to Qdrant
2026-02-17 21:14:50,639 - INFO - Saving trading result to Qdrant...
2026-02-17 21:14:50,644 - INFO - HTTP Request: PUT http://localhost:6333/collections/trading_results/points?wait=true "HTTP/1.1 200 OK"
2026-02-17 21:14:50,644 - INFO - Saved trading result to Qdrant
2026-02-17 21:14:50,644 - INFO - Saving performance metrics to Qdrant...
2026-02-17 21:14:50,644 - WARNING - Summary file not found, skipping performance metrics
2026-02-17 21:14:50,644 - INFO - Progress updated: 30 days completed
2026-02-17 21:14:50,648 - INFO - Running paper trading for 2025-05-14
2026-02-17 21:14:50,648 - INFO - Loading predictions from data/processed/phase1_predictions.parquet
2026-02-17 21:14:50,652 - INFO - 
============================================================
2026-02-17 21:14:50,652 - INFO - Running paper trading for 2025-05-14
2026-02-17 21:14:50,652 - INFO - ============================================================
2026-02-17 21:14:50,653 - INFO - Portfolio construction: 38 longs, 38 shorts (from 38 candidates)
2026-02-17 21:14:50,653 - INFO - PnL Net: 0.0075 | Scaled: 0.0075 | Turnover: 100.00% | Vol Scale: 1.00
2026-02-17 21:14:50,653 - INFO - Paper trading complete: PnL=0.0075, Sharpe cumulative ongoing
2026-02-17 21:14:50,653 - INFO - Loading stock recommendations for 2025-05-14
2026-02-17 21:14:50,659 - INFO - Saving recommendations to Qdrant...
2026-02-17 21:14:50,668 - INFO - HTTP Request: PUT http://localhost:6333/collections/stock_recommendations/points?wait=true "HTTP/1.1 200 OK"
2026-02-17 21:14:50,668 - INFO - Saved 76 stock recommendations to Qdrant
2026-02-17 21:14:50,668 - INFO - Saving trading result to Qdrant...
2026-02-17 21:14:50,672 - INFO - HTTP Request: PUT http://localhost:6333/collections/trading_results/points?wait=true "HTTP/1.1 200 OK"
2026-02-17 21:14:50,672 - INFO - Saved trading result to Qdrant
2026-02-17 21:14:50,672 - INFO - Saving performance metrics to Qdrant...
2026-02-17 21:14:50,672 - WARNING - Summary file not found, skipping performance metrics
2026-02-17 21:14:50,672 - INFO - Progress updated: 31 days completed
2026-02-17 21:14:50,676 - INFO - Running paper trading for 2025-05-15
2026-02-17 21:14:50,677 - INFO - Loading predictions from data/processed/phase1_predictions.parquet
2026-02-17 21:14:50,680 - INFO - 
============================================================
2026-02-17 21:14:50,680 - INFO - Running paper trading for 2025-05-15
2026-02-17 21:14:50,680 - INFO - ============================================================
2026-02-17 21:14:50,681 - INFO - Portfolio construction: 38 longs, 38 shorts (from 38 candidates)
2026-02-17 21:14:50,681 - INFO - PnL Net: 0.0002 | Scaled: 0.0002 | Turnover: 100.00% | Vol Scale: 1.00
2026-02-17 21:14:50,681 - INFO - Paper trading complete: PnL=0.0002, Sharpe cumulative ongoing
2026-02-17 21:14:50,681 - INFO - Loading stock recommendations for 2025-05-15
2026-02-17 21:14:50,686 - INFO - Saving recommendations to Qdrant...
2026-02-17 21:14:50,693 - INFO - HTTP Request: PUT http://localhost:6333/collections/stock_recommendations/points?wait=true "HTTP/1.1 200 OK"
2026-02-17 21:14:50,693 - INFO - Saved 76 stock recommendations to Qdrant
2026-02-17 21:14:50,693 - INFO - Saving trading result to Qdrant...
2026-02-17 21:14:50,696 - INFO - HTTP Request: PUT http://localhost:6333/collections/trading_results/points?wait=true "HTTP/1.1 200 OK"
2026-02-17 21:14:50,696 - INFO - Saved trading result to Qdrant
2026-02-17 21:14:50,696 - INFO - Saving performance metrics to Qdrant...
2026-02-17 21:14:50,696 - WARNING - Summary file not found, skipping performance metrics
2026-02-17 21:14:50,697 - INFO - Progress updated: 32 days completed
2026-02-17 21:14:50,701 - INFO - Running paper trading for 2025-05-16
2026-02-17 21:14:50,701 - INFO - Loading predictions from data/processed/phase1_predictions.parquet
2026-02-17 21:14:50,704 - INFO - 
============================================================
2026-02-17 21:14:50,704 - INFO - Running paper trading for 2025-05-16
2026-02-17 21:14:50,704 - INFO - ============================================================
2026-02-17 21:14:50,705 - INFO - Portfolio construction: 38 longs, 38 shorts (from 38 candidates)
2026-02-17 21:14:50,706 - INFO - PnL Net: -0.0039 | Scaled: -0.0039 | Turnover: 100.00% | Vol Scale: 1.00
2026-02-17 21:14:50,706 - INFO - Paper trading complete: PnL=-0.0039, Sharpe cumulative ongoing
2026-02-17 21:14:50,706 - INFO - Loading stock recommendations for 2025-05-16
2026-02-17 21:14:50,710 - INFO - Saving recommendations to Qdrant...
2026-02-17 21:14:50,717 - INFO - HTTP Request: PUT http://localhost:6333/collections/stock_recommendations/points?wait=true "HTTP/1.1 200 OK"
2026-02-17 21:14:50,717 - INFO - Saved 76 stock recommendations to Qdrant
2026-02-17 21:14:50,717 - INFO - Saving trading result to Qdrant...
2026-02-17 21:14:50,720 - INFO - HTTP Request: PUT http://localhost:6333/collections/trading_results/points?wait=true "HTTP/1.1 200 OK"
2026-02-17 21:14:50,720 - INFO - Saved trading result to Qdrant
2026-02-17 21:14:50,720 - INFO - Saving performance metrics to Qdrant...
2026-02-17 21:14:50,720 - WARNING - Summary file not found, skipping performance metrics
2026-02-17 21:14:50,721 - INFO - Progress updated: 33 days completed
2026-02-17 21:14:50,721 - INFO - Backing up Qdrant data to data\backups\qdrant\20260217...
2026-02-17 21:14:50,723 - INFO - HTTP Request: GET http://localhost:6333/collections/stock_recommendations "HTTP/1.1 200 OK"
2026-02-17 21:14:50,727 - INFO - HTTP Request: POST http://localhost:6333/collections/stock_recommendations/points/scroll "HTTP/1.1 200 OK"
2026-02-17 21:14:50,731 - INFO - HTTP Request: POST http://localhost:6333/collections/stock_recommendations/points/scroll "HTTP/1.1 200 OK"
2026-02-17 21:14:50,735 - INFO - HTTP Request: POST http://localhost:6333/collections/stock_recommendations/points/scroll "HTTP/1.1 200 OK"
2026-02-17 21:14:50,739 - INFO - HTTP Request: POST http://localhost:6333/collections/stock_recommendations/points/scroll "HTTP/1.1 200 OK"
2026-02-17 21:14:50,742 - INFO - HTTP Request: POST http://localhost:6333/collections/stock_recommendations/points/scroll "HTTP/1.1 200 OK"
2026-02-17 21:14:50,746 - INFO - HTTP Request: POST http://localhost:6333/collections/stock_recommendations/points/scroll "HTTP/1.1 200 OK"
2026-02-17 21:14:50,766 - INFO - HTTP Request: POST http://localhost:6333/collections/stock_recommendations/points/scroll "HTTP/1.1 200 OK"
2026-02-17 21:14:50,769 - INFO - HTTP Request: POST http://localhost:6333/collections/stock_recommendations/points/scroll "HTTP/1.1 200 OK"
2026-02-17 21:14:50,773 - INFO - HTTP Request: POST http://localhost:6333/collections/stock_recommendations/points/scroll "HTTP/1.1 200 OK"
2026-02-17 21:14:50,776 - INFO - HTTP Request: POST http://localhost:6333/collections/stock_recommendations/points/scroll "HTTP/1.1 200 OK"
2026-02-17 21:14:50,780 - INFO - HTTP Request: POST http://localhost:6333/collections/stock_recommendations/points/scroll "HTTP/1.1 200 OK"
2026-02-17 21:14:50,783 - INFO - HTTP Request: POST http://localhost:6333/collections/stock_recommendations/points/scroll "HTTP/1.1 200 OK"
2026-02-17 21:14:50,800 - INFO -   Backed up 1136 points from 'stock_recommendations'
2026-02-17 21:14:50,817 - INFO - HTTP Request: GET http://localhost:6333/collections/trading_results "HTTP/1.1 200 OK"
2026-02-17 21:14:50,821 - INFO - HTTP Request: POST http://localhost:6333/collections/trading_results/points/scroll "HTTP/1.1 200 OK"
2026-02-17 21:14:50,823 - INFO -   Backed up 33 points from 'trading_results'
2026-02-17 21:14:50,825 - INFO - HTTP Request: GET http://localhost:6333/collections/performance_metrics "HTTP/1.1 200 OK"
2026-02-17 21:14:50,827 - INFO - HTTP Request: POST http://localhost:6333/collections/performance_metrics/points/scroll "HTTP/1.1 200 OK"
2026-02-17 21:14:50,828 - INFO -   Backed up 0 points from 'performance_metrics'
2026-02-17 21:14:50,833 - INFO - Backup complete: data\backups\qdrant\20260217\manifest.json
2026-02-17 21:15:24,861 - INFO - Loading predictions from data/processed/phase1_predictions.parquet
2026-02-17 21:16:29,542 - INFO - Loading predictions from data/processed/phase1_predictions.parquet
2026-02-17 21:16:29,595 - INFO - 
============================================================
2026-02-17 21:16:29,595 - INFO - Running paper trading for 2025-04-01
2026-02-17 21:16:29,595 - INFO - ============================================================
2026-02-17 21:16:29,597 - INFO - Portfolio construction: 38 longs, 15 shorts (from 38 candidates)
2026-02-17 21:16:29,597 - INFO - PnL Net: 0.0027 | Scaled: 0.0027 | Turnover: 100.00% | Vol Scale: 1.00
2026-02-17 21:16:29,597 - INFO - 
============================================================
2026-02-17 21:16:29,597 - INFO - Running paper trading for 2025-04-02
2026-02-17 21:16:29,597 - INFO - ============================================================
2026-02-17 21:16:29,597 - INFO - Portfolio construction: 38 longs, 38 shorts (from 38 candidates)
2026-02-17 21:16:29,599 - INFO - PnL Net: -0.0234 | Scaled: -0.0234 | Turnover: 16.46% | Vol Scale: 1.00
2026-02-17 21:16:29,599 - INFO - 
============================================================
2026-02-17 21:16:29,599 - INFO - Running paper trading for 2025-04-03
2026-02-17 21:16:29,599 - INFO - ============================================================
2026-02-17 21:16:29,599 - INFO - Portfolio construction: 38 longs, 38 shorts (from 38 candidates)
2026-02-17 21:16:29,599 - INFO - PnL Net: -0.0208 | Scaled: -0.0208 | Turnover: 20.14% | Vol Scale: 1.00
2026-02-17 21:16:29,599 - INFO - 
============================================================
2026-02-17 21:16:29,599 - INFO - Running paper trading for 2025-04-04
2026-02-17 21:16:29,599 - INFO - ============================================================
2026-02-17 21:16:29,599 - INFO - Portfolio construction: 38 longs, 38 shorts (from 38 candidates)
2026-02-17 21:16:29,599 - INFO - PnL Net: -0.0002 | Scaled: -0.0002 | Turnover: 27.43% | Vol Scale: 1.00
2026-02-17 21:16:29,599 - INFO - 
============================================================
2026-02-17 21:16:29,599 - INFO - Running paper trading for 2025-04-07
2026-02-17 21:16:29,599 - INFO - ============================================================
2026-02-17 21:16:29,601 - INFO - Portfolio construction: 38 longs, 38 shorts (from 38 candidates)
2026-02-17 21:16:29,601 - INFO - PnL Net: -0.0028 | Scaled: -0.0028 | Turnover: 21.14% | Vol Scale: 1.00
2026-02-17 21:16:29,601 - INFO - 
============================================================
2026-02-17 21:16:29,601 - INFO - Running paper trading for 2025-04-08
2026-02-17 21:16:29,601 - INFO - ============================================================
2026-02-17 21:16:29,601 - INFO - Portfolio construction: 38 longs, 38 shorts (from 38 candidates)
2026-02-17 21:16:29,601 - INFO - PnL Net: 0.0243 | Scaled: 0.0243 | Turnover: 21.60% | Vol Scale: 1.00
2026-02-17 21:16:29,601 - INFO - 
============================================================
2026-02-17 21:16:29,601 - INFO - Running paper trading for 2025-04-09
2026-02-17 21:16:29,601 - INFO - ============================================================
2026-02-17 21:16:29,601 - INFO - Portfolio construction: 38 longs, 1 shorts (from 38 candidates)
2026-02-17 21:16:29,601 - INFO - PnL Net: -0.0107 | Scaled: -0.0107 | Turnover: 20.86% | Vol Scale: 1.00
2026-02-17 21:16:29,601 - INFO - 
============================================================
2026-02-17 21:16:29,601 - INFO - Running paper trading for 2025-04-10
2026-02-17 21:16:29,601 - INFO - ============================================================
2026-02-17 21:16:29,603 - INFO - Portfolio construction: 38 longs, 38 shorts (from 38 candidates)
2026-02-17 21:16:29,603 - INFO - PnL Net: 0.0049 | Scaled: 0.0049 | Turnover: 22.53% | Vol Scale: 1.00
2026-02-17 21:16:29,603 - INFO - 
============================================================
2026-02-17 21:16:29,603 - INFO - Running paper trading for 2025-04-11
2026-02-17 21:16:29,603 - INFO - ============================================================
2026-02-17 21:16:29,603 - INFO - Portfolio construction: 38 longs, 1 shorts (from 38 candidates)
2026-02-17 21:16:29,603 - INFO - PnL Net: 0.0038 | Scaled: 0.0038 | Turnover: 20.79% | Vol Scale: 1.00
2026-02-17 21:16:29,603 - INFO - 
============================================================
2026-02-17 21:16:29,603 - INFO - Running paper trading for 2025-04-14
2026-02-17 21:16:29,603 - INFO - ============================================================
2026-02-17 21:16:29,603 - INFO - Portfolio construction: 38 longs, 38 shorts (from 38 candidates)
2026-02-17 21:16:29,605 - INFO - Vol targeting: rolling_vol=0.2061, scale=0.5000
2026-02-17 21:16:29,605 - INFO - PnL Net: -0.0018 | Scaled: -0.0009 | Turnover: 21.69% | Vol Scale: 0.50
2026-02-17 21:16:29,605 - INFO - 
============================================================
2026-02-17 21:16:29,605 - INFO - Running paper trading for 2025-04-15
2026-02-17 21:16:29,605 - INFO - ============================================================
2026-02-17 21:16:29,605 - INFO - Portfolio construction: 38 longs, 38 shorts (from 38 candidates)
2026-02-17 21:16:29,605 - INFO - Vol targeting: rolling_vol=0.1968, scale=0.5000
2026-02-17 21:16:29,605 - INFO - PnL Net: -0.0047 | Scaled: -0.0023 | Turnover: 21.09% | Vol Scale: 0.50
2026-02-17 21:16:29,607 - INFO - 
============================================================
2026-02-17 21:16:29,607 - INFO - Running paper trading for 2025-04-16
2026-02-17 21:16:29,607 - INFO - ============================================================
2026-02-17 21:16:29,608 - INFO - Portfolio construction: 38 longs, 38 shorts (from 38 candidates)
2026-02-17 21:16:29,608 - INFO - Vol targeting: rolling_vol=0.1890, scale=0.5000
2026-02-17 21:16:29,608 - INFO - PnL Net: 0.0008 | Scaled: 0.0004 | Turnover: 21.09% | Vol Scale: 0.50
2026-02-17 21:16:29,608 - INFO - 
============================================================
2026-02-17 21:16:29,608 - INFO - Running paper trading for 2025-04-17
2026-02-17 21:16:29,608 - INFO - ============================================================
2026-02-17 21:16:29,609 - INFO - Portfolio construction: 38 longs, 38 shorts (from 38 candidates)
2026-02-17 21:16:29,609 - INFO - Vol targeting: rolling_vol=0.1826, scale=0.5000
2026-02-17 21:16:29,609 - INFO - PnL Net: -0.0068 | Scaled: -0.0034 | Turnover: 18.47% | Vol Scale: 0.50
2026-02-17 21:16:29,609 - INFO - 
============================================================
2026-02-17 21:16:29,609 - INFO - Running paper trading for 2025-04-21
2026-02-17 21:16:29,609 - INFO - ============================================================
2026-02-17 21:16:29,610 - INFO - Portfolio construction: 38 longs, 6 shorts (from 38 candidates)
2026-02-17 21:16:29,610 - INFO - Vol targeting: rolling_vol=0.1822, scale=0.5000
2026-02-17 21:16:29,610 - INFO - PnL Net: 0.0089 | Scaled: 0.0045 | Turnover: 17.46% | Vol Scale: 0.50
2026-02-17 21:16:29,610 - INFO - 
============================================================
2026-02-17 21:16:29,610 - INFO - Running paper trading for 2025-04-22
2026-02-17 21:16:29,610 - INFO - ============================================================
2026-02-17 21:16:29,612 - INFO - Portfolio construction: 38 longs, 38 shorts (from 38 candidates)
2026-02-17 21:16:29,612 - INFO - Vol targeting: rolling_vol=0.1783, scale=0.5000
2026-02-17 21:16:29,612 - INFO - PnL Net: 0.0053 | Scaled: 0.0027 | Turnover: 18.72% | Vol Scale: 0.50
2026-02-17 21:16:29,612 - INFO - 
============================================================
2026-02-17 21:16:29,612 - INFO - Running paper trading for 2025-04-23
2026-02-17 21:16:29,612 - INFO - ============================================================
2026-02-17 21:16:29,613 - INFO - Portfolio construction: 38 longs, 5 shorts (from 38 candidates)
2026-02-17 21:16:29,613 - INFO - Vol targeting: rolling_vol=0.1782, scale=0.5000
2026-02-17 21:16:29,613 - INFO - PnL Net: 0.0102 | Scaled: 0.0051 | Turnover: 20.73% | Vol Scale: 0.50
2026-02-17 21:16:29,613 - INFO - 
============================================================
2026-02-17 21:16:29,613 - INFO - Running paper trading for 2025-04-24
2026-02-17 21:16:29,613 - INFO - ============================================================
2026-02-17 21:16:29,613 - INFO - Portfolio construction: 38 longs, 38 shorts (from 38 candidates)
2026-02-17 21:16:29,614 - INFO - Vol targeting: rolling_vol=0.1730, scale=0.5000
2026-02-17 21:16:29,614 - INFO - PnL Net: 0.0011 | Scaled: 0.0006 | Turnover: 18.37% | Vol Scale: 0.50
2026-02-17 21:16:29,614 - INFO - 
============================================================
2026-02-17 21:16:29,614 - INFO - Running paper trading for 2025-04-25
2026-02-17 21:16:29,614 - INFO - ============================================================
2026-02-17 21:16:29,614 - INFO - Portfolio construction: 38 longs, 38 shorts (from 38 candidates)
2026-02-17 21:16:29,615 - INFO - Vol targeting: rolling_vol=0.1682, scale=0.5000
2026-02-17 21:16:29,615 - INFO - PnL Net: 0.0007 | Scaled: 0.0004 | Turnover: 23.46% | Vol Scale: 0.50
2026-02-17 21:16:29,615 - INFO - 
============================================================
2026-02-17 21:16:29,615 - INFO - Running paper trading for 2025-04-28
2026-02-17 21:16:29,615 - INFO - ============================================================
2026-02-17 21:16:29,615 - INFO - Portfolio construction: 38 longs, 38 shorts (from 38 candidates)
2026-02-17 21:16:29,615 - INFO - Vol targeting: rolling_vol=0.1639, scale=0.5000
2026-02-17 21:16:29,616 - INFO - PnL Net: 0.0018 | Scaled: 0.0009 | Turnover: 19.52% | Vol Scale: 0.50
2026-02-17 21:16:29,616 - INFO - 
============================================================
2026-02-17 21:16:29,616 - INFO - Running paper trading for 2025-04-29
2026-02-17 21:16:29,616 - INFO - ============================================================
2026-02-17 21:16:29,616 - INFO - Portfolio construction: 38 longs, 30 shorts (from 38 candidates)
2026-02-17 21:16:29,617 - INFO - Vol targeting: rolling_vol=0.1599, scale=0.5004
2026-02-17 21:16:29,617 - INFO - PnL Net: 0.0011 | Scaled: 0.0005 | Turnover: 16.79% | Vol Scale: 0.50
2026-02-17 21:16:29,617 - INFO - 
============================================================
2026-02-17 21:16:29,617 - INFO - Running paper trading for 2025-04-30
2026-02-17 21:16:29,617 - INFO - ============================================================
2026-02-17 21:16:29,617 - INFO - Portfolio construction: 38 longs, 38 shorts (from 38 candidates)
2026-02-17 21:16:29,618 - INFO - Vol targeting: rolling_vol=0.1596, scale=0.5012
2026-02-17 21:16:29,618 - INFO - PnL Net: 0.0014 | Scaled: 0.0007 | Turnover: 20.09% | Vol Scale: 0.50
2026-02-17 21:16:29,618 - INFO - 
============================================================
2026-02-17 21:16:29,618 - INFO - Running paper trading for 2025-05-01
2026-02-17 21:16:29,618 - INFO - ============================================================
2026-02-17 21:16:29,618 - INFO - Portfolio construction: 38 longs, 38 shorts (from 38 candidates)
2026-02-17 21:16:29,618 - INFO - Vol targeting: rolling_vol=0.1370, scale=0.5840
2026-02-17 21:16:29,618 - INFO - PnL Net: 0.0062 | Scaled: 0.0036 | Turnover: 17.98% | Vol Scale: 0.58
2026-02-17 21:16:29,619 - INFO - 
============================================================
2026-02-17 21:16:29,619 - INFO - Running paper trading for 2025-05-02
2026-02-17 21:16:29,619 - INFO - ============================================================
2026-02-17 21:16:29,619 - INFO - Portfolio construction: 38 longs, 13 shorts (from 38 candidates)
2026-02-17 21:16:29,619 - INFO - Vol targeting: rolling_vol=0.1119, scale=0.7149
2026-02-17 21:16:29,619 - INFO - PnL Net: -0.0011 | Scaled: -0.0008 | Turnover: 17.52% | Vol Scale: 0.71
2026-02-17 21:16:29,619 - INFO - 
============================================================
2026-02-17 21:16:29,619 - INFO - Running paper trading for 2025-05-05
2026-02-17 21:16:29,619 - INFO - ============================================================
2026-02-17 21:16:29,620 - INFO - Portfolio construction: 38 longs, 2 shorts (from 38 candidates)
2026-02-17 21:16:29,620 - INFO - Vol targeting: rolling_vol=0.1128, scale=0.7091
2026-02-17 21:16:29,620 - INFO - PnL Net: -0.0026 | Scaled: -0.0018 | Turnover: 19.38% | Vol Scale: 0.71
2026-02-17 21:16:29,620 - INFO - 
============================================================
2026-02-17 21:16:29,620 - INFO - Running paper trading for 2025-05-06
2026-02-17 21:16:29,620 - INFO - ============================================================
2026-02-17 21:16:29,621 - INFO - Portfolio construction: 38 longs, 33 shorts (from 38 candidates)
2026-02-17 21:16:29,621 - INFO - Vol targeting: rolling_vol=0.1115, scale=0.7177
2026-02-17 21:16:29,621 - INFO - PnL Net: 0.0026 | Scaled: 0.0019 | Turnover: 19.06% | Vol Scale: 0.72
2026-02-17 21:16:29,621 - INFO - 
============================================================
2026-02-17 21:16:29,621 - INFO - Running paper trading for 2025-05-07
2026-02-17 21:16:29,621 - INFO - ============================================================
2026-02-17 21:16:29,622 - INFO - Portfolio construction: 38 longs, 9 shorts (from 38 candidates)
2026-02-17 21:16:29,622 - INFO - Vol targeting: rolling_vol=0.0781, scale=1.0243
2026-02-17 21:16:29,622 - INFO - PnL Net: 0.0043 | Scaled: 0.0045 | Turnover: 18.97% | Vol Scale: 1.02
2026-02-17 21:16:29,623 - INFO - 
============================================================
2026-02-17 21:16:29,623 - INFO - Running paper trading for 2025-05-08
2026-02-17 21:16:29,623 - INFO - ============================================================
2026-02-17 21:16:29,624 - INFO - Portfolio construction: 38 longs, 10 shorts (from 38 candidates)
2026-02-17 21:16:29,624 - INFO - Vol targeting: rolling_vol=0.0656, scale=1.2200
2026-02-17 21:16:29,624 - INFO - PnL Net: -0.0009 | Scaled: -0.0012 | Turnover: 19.75% | Vol Scale: 1.22
2026-02-17 21:16:29,624 - INFO - 
============================================================
2026-02-17 21:16:29,624 - INFO - Running paper trading for 2025-05-09
2026-02-17 21:16:29,624 - INFO - ============================================================
2026-02-17 21:16:29,625 - INFO - Portfolio construction: 38 longs, 37 shorts (from 38 candidates)
2026-02-17 21:16:29,625 - INFO - Vol targeting: rolling_vol=0.0785, scale=1.0196
2026-02-17 21:16:29,625 - INFO - PnL Net: 0.0145 | Scaled: 0.0148 | Turnover: 18.03% | Vol Scale: 1.02
2026-02-17 21:16:29,625 - INFO - 
============================================================
2026-02-17 21:16:29,625 - INFO - Running paper trading for 2025-05-12
2026-02-17 21:16:29,625 - INFO - ============================================================
2026-02-17 21:16:29,626 - INFO - Portfolio construction: 38 longs, 38 shorts (from 38 candidates)
2026-02-17 21:16:29,626 - INFO - Vol targeting: rolling_vol=0.0804, scale=0.9956
2026-02-17 21:16:29,626 - INFO - PnL Net: 0.0074 | Scaled: 0.0074 | Turnover: 18.12% | Vol Scale: 1.00
2026-02-17 21:16:29,626 - INFO - 
============================================================
2026-02-17 21:16:29,626 - INFO - Running paper trading for 2025-05-13
2026-02-17 21:16:29,626 - INFO - ============================================================
2026-02-17 21:16:29,627 - INFO - Portfolio construction: 38 longs, 38 shorts (from 38 candidates)
2026-02-17 21:16:29,627 - INFO - Vol targeting: rolling_vol=0.0797, scale=1.0044
2026-02-17 21:16:29,627 - INFO - PnL Net: -0.0006 | Scaled: -0.0006 | Turnover: 21.90% | Vol Scale: 1.00
2026-02-17 21:16:29,627 - INFO - 
============================================================
2026-02-17 21:16:29,627 - INFO - Running paper trading for 2025-05-14
2026-02-17 21:16:29,627 - INFO - ============================================================
2026-02-17 21:16:29,628 - INFO - Portfolio construction: 38 longs, 38 shorts (from 38 candidates)
2026-02-17 21:16:29,628 - INFO - Vol targeting: rolling_vol=0.0757, scale=1.0562
2026-02-17 21:16:29,628 - INFO - PnL Net: 0.0052 | Scaled: 0.0055 | Turnover: 20.59% | Vol Scale: 1.06
2026-02-17 21:16:29,628 - INFO - 
============================================================
2026-02-17 21:16:29,628 - INFO - Running paper trading for 2025-05-15
2026-02-17 21:16:29,628 - INFO - ============================================================
2026-02-17 21:16:29,629 - INFO - Portfolio construction: 38 longs, 38 shorts (from 38 candidates)
2026-02-17 21:16:29,629 - INFO - Vol targeting: rolling_vol=0.0754, scale=1.0608
2026-02-17 21:16:29,629 - INFO - PnL Net: 0.0020 | Scaled: 0.0021 | Turnover: 19.63% | Vol Scale: 1.06
2026-02-17 21:16:29,629 - INFO - 
============================================================
2026-02-17 21:16:29,629 - INFO - Running paper trading for 2025-05-16
2026-02-17 21:16:29,629 - INFO - ============================================================
2026-02-17 21:16:29,629 - INFO - Portfolio construction: 38 longs, 38 shorts (from 38 candidates)
2026-02-17 21:16:29,630 - INFO - Vol targeting: rolling_vol=0.0684, scale=1.1703
2026-02-17 21:16:29,630 - INFO - PnL Net: -0.0013 | Scaled: -0.0015 | Turnover: 18.38% | Vol Scale: 1.17
2026-02-17 21:16:39,054 - INFO - HTTP Request: GET http://localhost:6333 "HTTP/1.1 200 OK"
2026-02-17 21:16:39,059 - INFO - Setting up Qdrant collections...
2026-02-17 21:16:39,064 - INFO - HTTP Request: GET http://localhost:6333/collections/stock_recommendations "HTTP/1.1 200 OK"
2026-02-17 21:16:39,064 - INFO - Collection 'stock_recommendations' already exists
2026-02-17 21:16:39,066 - INFO - HTTP Request: GET http://localhost:6333/collections/trading_results "HTTP/1.1 200 OK"
2026-02-17 21:16:39,068 - INFO - Collection 'trading_results' already exists
2026-02-17 21:16:39,068 - INFO - HTTP Request: GET http://localhost:6333/collections/performance_metrics "HTTP/1.1 200 OK"
2026-02-17 21:16:39,070 - INFO - Collection 'performance_metrics' already exists
2026-02-17 21:16:39,070 - INFO - Saving performance metrics to Qdrant...
2026-02-17 21:16:39,074 - INFO - HTTP Request: PUT http://localhost:6333/collections/performance_metrics/points?wait=true "HTTP/1.1 200 OK"
2026-02-17 21:16:39,075 - INFO - Saved performance metrics to Qdrant
