2026-03-16 15:59:01,414 - INFO - Starting automated daily paper trading...
2026-03-16 15:59:01,614 - INFO - Docker Desktop is running, daemon is ready
2026-03-16 15:59:01,623 - INFO - Qdrant is already running
2026-03-16 15:59:02,187 - INFO - HTTP Request: GET http://localhost:6333 "HTTP/1.1 200 OK"
2026-03-16 15:59:02,191 - INFO - Setting up Qdrant collections...
2026-03-16 15:59:02,195 - INFO - HTTP Request: GET http://localhost:6333/collections/stock_recommendations "HTTP/1.1 200 OK"
2026-03-16 15:59:02,195 - INFO - Collection 'stock_recommendations' already exists
2026-03-16 15:59:02,198 - INFO - HTTP Request: GET http://localhost:6333/collections/trading_results "HTTP/1.1 200 OK"
2026-03-16 15:59:02,198 - INFO - Collection 'trading_results' already exists
2026-03-16 15:59:02,204 - INFO - HTTP Request: GET http://localhost:6333/collections/performance_metrics "HTTP/1.1 200 OK"
2026-03-16 15:59:02,204 - INFO - Collection 'performance_metrics' already exists
2026-03-16 15:59:02,204 - INFO - ============================================================
2026-03-16 15:59:02,204 - INFO - AUTOMATED DAILY PAPER TRADING
2026-03-16 15:59:02,204 - INFO - ============================================================
2026-03-16 15:59:02,204 - INFO - Calendar Date: 2026-03-16
2026-03-16 15:59:02,204 - INFO - Predictions source: data\processed\phase4\predictions_combined.parquet
2026-03-16 15:59:02,396 - INFO - No new historical dates available. Last processed: 2026-03-05 | Tradable range: 2025-04-01 to 2026-03-05
2026-03-16 15:59:02,397 - WARNING - Predictions look stale. Refresh with:
2026-03-16 15:59:02,397 - WARNING -   python scripts/paper_trading/run_2026_paper_trading.py --sim-start 2026-03-06 --sim-end auto
2026-03-16 15:59:02,419 - WARNING - Predictions are stale (max tradable 2026-03-05, expected >= 2026-03-15). Auto-refreshing...
2026-03-16 15:59:02,419 - INFO - Refresh command: C:\Users\luixj\AppData\Local\Programs\Python\Python312\python.exe scripts/paper_trading/run_2026_paper_trading.py --sim-start 2026-03-06 --sim-end auto
2026-03-16 15:59:06,780 - INFO - ============================================================
2026-03-16 15:59:06,780 - INFO - 2026 PAPER TRADING — LIVE DATA
2026-03-16 15:59:06,781 - INFO -   2026 sim range : 2026-03-06 -> 2026-03-15
2026-03-16 15:59:06,781 - INFO -   Full range     : 2025-04-01 -> 2026-03-15
2026-03-16 15:59:06,781 - INFO -   YF download    : 2025-09-01 -> 2026-03-17
2026-03-16 15:59:06,781 - INFO -   Device         : cpu
2026-03-16 15:59:06,781 - INFO - ============================================================
2026-03-16 15:59:06,781 - INFO - Loading ticker universe from phase1_predictions.parquet
2026-03-16 15:59:06,843 - INFO - Ticker universe: 189 stocks
2026-03-16 15:59:06,849 - INFO - OHLCV cache is stale (max date 2026-03-06 < SIM_END 2026-03-15) — re-downloading
2026-03-16 15:59:06,849 - INFO - ============================================================
2026-03-16 15:59:06,849 - INFO - STEP 1: Downloading OHLCV data
2026-03-16 15:59:06,849 - INFO -   Range  : 2025-09-01 -> 2026-03-17
2026-03-16 15:59:06,849 - INFO -   Tickers: 189
2026-03-16 15:59:06,849 - INFO - ============================================================
2026-03-16 15:59:11,858 - INFO -   Progress: 20/189 tickers downloaded
2026-03-16 15:59:15,605 - INFO -   Progress: 40/189 tickers downloaded
2026-03-16 15:59:19,487 - INFO -   Progress: 60/189 tickers downloaded
2026-03-16 15:59:23,654 - INFO -   Progress: 80/189 tickers downloaded
2026-03-16 15:59:27,380 - INFO -   Progress: 100/189 tickers downloaded
2026-03-16 15:59:30,896 - INFO -   Progress: 120/189 tickers downloaded
2026-03-16 15:59:34,821 - INFO -   Progress: 140/189 tickers downloaded
2026-03-16 15:59:38,375 - INFO -   Progress: 160/189 tickers downloaded
2026-03-16 15:59:42,565 - INFO -   Progress: 180/189 tickers downloaded
2026-03-16 15:59:44,705 - INFO - Downloaded 25514 rows | 189 tickers | 2025-09-02 -> 2026-03-16
2026-03-16 15:59:44,717 - INFO - OHLCV data cached to C:\Users\luixj\AI\stock-data\data\processed\phase4\ohlcv_2026_cache.parquet
2026-03-16 15:59:44,718 - INFO - ============================================================
2026-03-16 15:59:44,718 - INFO - STEP 2: Computing 14 core features
2026-03-16 15:59:44,718 - INFO - ============================================================
2026-03-16 15:59:44,726 - INFO - Calculating 14 core features (leakage-safe)...
2026-03-16 15:59:44,914 - INFO - Core features calculated:
2026-03-16 15:59:44,914 - INFO -   Returns: ret_1d, ret_5d, ret_20d
2026-03-16 15:59:44,914 - INFO -   Volatility: vol_10d, vol_20d
2026-03-16 15:59:44,914 - INFO -   Price: hl_range, oc_gap
2026-03-16 15:59:44,914 - INFO -   Trend: sma_10_dist, sma_20_dist
2026-03-16 15:59:44,914 - INFO -   Volume: log_volume, volume_change
2026-03-16 15:59:44,914 - INFO -   Market: market_return, vs_market, market_correlation
2026-03-16 15:59:44,914 - INFO -   Total: 14 features
2026-03-16 15:59:44,915 - INFO - Features: 25514 rows, 189 tickers
2026-03-16 15:59:44,915 - INFO - ============================================================
2026-03-16 15:59:44,915 - INFO - STEP 3: Loading model from C:\Users\luixj\AI\stock-data\models\checkpoints\lstm_phase2a_temp0.05_best.pth
2026-03-16 15:59:44,915 - INFO - ============================================================
2026-03-16 15:59:44,936 - INFO - Model loaded (strict=True)
2026-03-16 15:59:44,936 - INFO - Model ready on cpu
2026-03-16 15:59:44,936 - INFO - ============================================================
2026-03-16 15:59:44,936 - INFO - STEP 4: Generating predictions 2026-03-06 -> 2026-03-15
2026-03-16 15:59:44,936 - INFO - ============================================================
2026-03-16 15:59:44,942 - INFO - Trading days in simulation range: 6
2026-03-16 15:59:45,299 - INFO -   2026-03-06: 189 predictions generated
2026-03-16 15:59:45,643 - INFO -   2026-03-09: 189 predictions generated
2026-03-16 15:59:46,030 - INFO -   2026-03-10: 189 predictions generated
2026-03-16 15:59:46,429 - INFO -   2026-03-11: 189 predictions generated
2026-03-16 15:59:46,878 - INFO -   2026-03-12: 189 predictions generated
2026-03-16 15:59:47,242 - INFO -   2026-03-13: 189 predictions generated
2026-03-16 15:59:47,244 - INFO - Total: 1134 predictions | 6 days | 189 tickers
2026-03-16 15:59:47,247 - INFO - Loaded existing 2026 predictions for merge: 3591 rows | 19 dates
2026-03-16 15:59:47,257 - INFO - Saved 2026 predictions: C:\Users\luixj\AI\stock-data\data\processed\phase4\predictions_2026.parquet (4725 rows | 25 dates | 2026-02-06 -> 2026-03-13)
2026-03-16 15:59:47,257 - INFO - ============================================================
2026-03-16 15:59:47,257 - INFO - STEP 5: Combining 2025 + 2026 predictions and simulating
2026-03-16 15:59:47,257 - INFO - ============================================================
2026-03-16 15:59:47,407 - INFO - Combined: 40257 rows | 213 dates | 189 tickers
2026-03-16 15:59:47,409 - INFO -   Date range: 2025-04-01 -> 2026-03-13
2026-03-16 15:59:47,409 - INFO -   Saved to: C:\Users\luixj\AI\stock-data\data\processed\phase4\predictions_combined.parquet
2026-03-16 15:59:47,409 - INFO - Running simulation 2025-04-01 -> 2026-03-15 ...
2026-03-16 15:59:47,409 - INFO - Loading predictions from C:\Users\luixj\AI\stock-data\data\processed\phase4\predictions_combined.parquet
2026-03-16 15:59:47,423 - INFO - Running paper trading simulation for 213 days
2026-03-16 15:59:47,424 - INFO - Date range: 2025-04-01 to 2026-03-13
2026-03-16 15:59:47,424 - INFO - 
============================================================
2026-03-16 15:59:47,424 - INFO - Running paper trading for 2025-04-01
2026-03-16 15:59:47,424 - INFO - ============================================================
2026-03-16 15:59:47,425 - INFO - Portfolio construction: 38 longs, 15 shorts (from 38 candidates)
2026-03-16 15:59:47,425 - INFO - PnL Net: 0.0027 | Scaled: 0.0027 | Turnover: 100.00% | Vol Scale: 1.00
2026-03-16 15:59:47,425 - INFO - 
============================================================
2026-03-16 15:59:47,425 - INFO - Running paper trading for 2025-04-02
2026-03-16 15:59:47,425 - INFO - ============================================================
2026-03-16 15:59:47,426 - INFO - Portfolio construction: 38 longs, 38 shorts (from 38 candidates)
2026-03-16 15:59:47,426 - INFO - PnL Net: -0.0234 | Scaled: -0.0234 | Turnover: 16.46% | Vol Scale: 1.00
2026-03-16 15:59:47,426 - INFO - 
============================================================
2026-03-16 15:59:47,426 - INFO - Running paper trading for 2025-04-03
2026-03-16 15:59:47,426 - INFO - ============================================================
2026-03-16 15:59:47,428 - INFO - Portfolio construction: 38 longs, 38 shorts (from 38 candidates)
2026-03-16 15:59:47,428 - INFO - PnL Net: -0.0208 | Scaled: -0.0208 | Turnover: 20.14% | Vol Scale: 1.00
2026-03-16 15:59:47,428 - INFO - 
============================================================
2026-03-16 15:59:47,428 - INFO - Running paper trading for 2025-04-04
2026-03-16 15:59:47,428 - INFO - ============================================================
2026-03-16 15:59:47,428 - INFO - Portfolio construction: 38 longs, 38 shorts (from 38 candidates)
2026-03-16 15:59:47,429 - INFO - PnL Net: -0.0002 | Scaled: -0.0002 | Turnover: 27.43% | Vol Scale: 1.00
2026-03-16 15:59:47,429 - INFO - 
============================================================
2026-03-16 15:59:47,429 - INFO - Running paper trading for 2025-04-07
2026-03-16 15:59:47,429 - INFO - ============================================================
2026-03-16 15:59:47,429 - INFO - Portfolio construction: 38 longs, 38 shorts (from 38 candidates)
2026-03-16 15:59:47,429 - INFO - PnL Net: -0.0028 | Scaled: -0.0028 | Turnover: 21.14% | Vol Scale: 1.00
2026-03-16 15:59:47,429 - INFO - 
============================================================
2026-03-16 15:59:47,429 - INFO - Running paper trading for 2025-04-08
2026-03-16 15:59:47,431 - INFO - ============================================================
2026-03-16 15:59:47,431 - INFO - Portfolio construction: 38 longs, 38 shorts (from 38 candidates)
2026-03-16 15:59:47,432 - INFO - PnL Net: 0.0243 | Scaled: 0.0243 | Turnover: 21.60% | Vol Scale: 1.00
2026-03-16 15:59:47,432 - INFO - 
============================================================
2026-03-16 15:59:47,432 - INFO - Running paper trading for 2025-04-09
2026-03-16 15:59:47,432 - INFO - ============================================================
2026-03-16 15:59:47,433 - INFO - Portfolio construction: 38 longs, 1 shorts (from 38 candidates)
2026-03-16 15:59:47,433 - INFO - PnL Net: -0.0107 | Scaled: -0.0107 | Turnover: 20.86% | Vol Scale: 1.00
2026-03-16 15:59:47,433 - INFO - 
============================================================
2026-03-16 15:59:47,433 - INFO - Running paper trading for 2025-04-10
2026-03-16 15:59:47,433 - INFO - ============================================================
2026-03-16 15:59:47,434 - INFO - Portfolio construction: 38 longs, 38 shorts (from 38 candidates)
2026-03-16 15:59:47,434 - INFO - PnL Net: 0.0049 | Scaled: 0.0049 | Turnover: 22.53% | Vol Scale: 1.00
2026-03-16 15:59:47,434 - INFO - 
============================================================
2026-03-16 15:59:47,434 - INFO - Running paper trading for 2025-04-11
2026-03-16 15:59:47,434 - INFO - ============================================================
2026-03-16 15:59:47,435 - INFO - Portfolio construction: 38 longs, 1 shorts (from 38 candidates)
2026-03-16 15:59:47,435 - INFO - PnL Net: 0.0038 | Scaled: 0.0038 | Turnover: 20.79% | Vol Scale: 1.00
2026-03-16 15:59:47,435 - INFO - 
============================================================
2026-03-16 15:59:47,435 - INFO - Running paper trading for 2025-04-14
2026-03-16 15:59:47,436 - INFO - ============================================================
2026-03-16 15:59:47,436 - INFO - Portfolio construction: 38 longs, 38 shorts (from 38 candidates)
2026-03-16 15:59:47,437 - INFO - Vol targeting: rolling_vol=0.2061, scale=0.5000
2026-03-16 15:59:47,437 - INFO - PnL Net: -0.0018 | Scaled: -0.0009 | Turnover: 21.69% | Vol Scale: 0.50
2026-03-16 15:59:47,437 - INFO - 
============================================================
2026-03-16 15:59:47,437 - INFO - Running paper trading for 2025-04-15
2026-03-16 15:59:47,437 - INFO - ============================================================
2026-03-16 15:59:47,438 - INFO - Portfolio construction: 38 longs, 38 shorts (from 38 candidates)
2026-03-16 15:59:47,438 - INFO - Vol targeting: rolling_vol=0.1968, scale=0.5000
2026-03-16 15:59:47,438 - INFO - PnL Net: -0.0047 | Scaled: -0.0023 | Turnover: 21.09% | Vol Scale: 0.50
2026-03-16 15:59:47,438 - INFO - 
============================================================
2026-03-16 15:59:47,438 - INFO - Running paper trading for 2025-04-16
2026-03-16 15:59:47,438 - INFO - ============================================================
2026-03-16 15:59:47,439 - INFO - Portfolio construction: 38 longs, 38 shorts (from 38 candidates)
2026-03-16 15:59:47,439 - INFO - Vol targeting: rolling_vol=0.1890, scale=0.5000
2026-03-16 15:59:47,440 - INFO - PnL Net: 0.0008 | Scaled: 0.0004 | Turnover: 21.09% | Vol Scale: 0.50
2026-03-16 15:59:47,440 - INFO - 
============================================================
2026-03-16 15:59:47,440 - INFO - Running paper trading for 2025-04-17
2026-03-16 15:59:47,440 - INFO - ============================================================
2026-03-16 15:59:47,441 - INFO - Portfolio construction: 38 longs, 38 shorts (from 38 candidates)
2026-03-16 15:59:47,441 - INFO - Vol targeting: rolling_vol=0.1826, scale=0.5000
2026-03-16 15:59:47,441 - INFO - PnL Net: -0.0068 | Scaled: -0.0034 | Turnover: 18.47% | Vol Scale: 0.50
2026-03-16 15:59:47,441 - INFO - 
============================================================
2026-03-16 15:59:47,441 - INFO - Running paper trading for 2025-04-21
2026-03-16 15:59:47,441 - INFO - ============================================================
2026-03-16 15:59:47,441 - INFO - Portfolio construction: 38 longs, 6 shorts (from 38 candidates)
2026-03-16 15:59:47,442 - INFO - Vol targeting: rolling_vol=0.1822, scale=0.5000
2026-03-16 15:59:47,442 - INFO - PnL Net: 0.0089 | Scaled: 0.0045 | Turnover: 17.46% | Vol Scale: 0.50
2026-03-16 15:59:47,442 - INFO - 
============================================================
2026-03-16 15:59:47,442 - INFO - Running paper trading for 2025-04-22
2026-03-16 15:59:47,442 - INFO - ============================================================
2026-03-16 15:59:47,444 - INFO - Portfolio construction: 38 longs, 38 shorts (from 38 candidates)
2026-03-16 15:59:47,444 - INFO - Vol targeting: rolling_vol=0.1783, scale=0.5000
2026-03-16 15:59:47,444 - INFO - PnL Net: 0.0053 | Scaled: 0.0027 | Turnover: 18.72% | Vol Scale: 0.50
2026-03-16 15:59:47,444 - INFO - 
============================================================
2026-03-16 15:59:47,444 - INFO - Running paper trading for 2025-04-23
2026-03-16 15:59:47,444 - INFO - ============================================================
2026-03-16 15:59:47,445 - INFO - Portfolio construction: 38 longs, 5 shorts (from 38 candidates)
2026-03-16 15:59:47,445 - INFO - Vol targeting: rolling_vol=0.1782, scale=0.5000
2026-03-16 15:59:47,445 - INFO - PnL Net: 0.0102 | Scaled: 0.0051 | Turnover: 20.73% | Vol Scale: 0.50
2026-03-16 15:59:47,446 - INFO - 
============================================================
2026-03-16 15:59:47,446 - INFO - Running paper trading for 2025-04-24
2026-03-16 15:59:47,446 - INFO - ============================================================
2026-03-16 15:59:47,447 - INFO - Portfolio construction: 38 longs, 38 shorts (from 38 candidates)
2026-03-16 15:59:47,447 - INFO - Vol targeting: rolling_vol=0.1730, scale=0.5000
2026-03-16 15:59:47,447 - INFO - PnL Net: 0.0011 | Scaled: 0.0006 | Turnover: 18.37% | Vol Scale: 0.50
2026-03-16 15:59:47,447 - INFO - 
============================================================
2026-03-16 15:59:47,447 - INFO - Running paper trading for 2025-04-25
2026-03-16 15:59:47,447 - INFO - ============================================================
2026-03-16 15:59:47,448 - INFO - Portfolio construction: 38 longs, 38 shorts (from 38 candidates)
2026-03-16 15:59:47,448 - INFO - Vol targeting: rolling_vol=0.1682, scale=0.5000
2026-03-16 15:59:47,448 - INFO - PnL Net: 0.0007 | Scaled: 0.0004 | Turnover: 23.46% | Vol Scale: 0.50
2026-03-16 15:59:47,448 - INFO - 
============================================================
2026-03-16 15:59:47,448 - INFO - Running paper trading for 2025-04-28
2026-03-16 15:59:47,448 - INFO - ============================================================
2026-03-16 15:59:47,449 - INFO - Portfolio construction: 38 longs, 38 shorts (from 38 candidates)
2026-03-16 15:59:47,449 - INFO - Vol targeting: rolling_vol=0.1639, scale=0.5000
2026-03-16 15:59:47,449 - INFO - PnL Net: 0.0018 | Scaled: 0.0009 | Turnover: 19.52% | Vol Scale: 0.50
2026-03-16 15:59:47,449 - INFO - 
============================================================
2026-03-16 15:59:47,449 - INFO - Running paper trading for 2025-04-29
2026-03-16 15:59:47,449 - INFO - ============================================================
2026-03-16 15:59:47,451 - INFO - Portfolio construction: 38 longs, 30 shorts (from 38 candidates)
2026-03-16 15:59:47,451 - INFO - Vol targeting: rolling_vol=0.1599, scale=0.5004
2026-03-16 15:59:47,451 - INFO - PnL Net: 0.0011 | Scaled: 0.0005 | Turnover: 16.79% | Vol Scale: 0.50
2026-03-16 15:59:47,451 - INFO - 
============================================================
2026-03-16 15:59:47,451 - INFO - Running paper trading for 2025-04-30
2026-03-16 15:59:47,451 - INFO - ============================================================
2026-03-16 15:59:47,452 - INFO - Portfolio construction: 38 longs, 38 shorts (from 38 candidates)
2026-03-16 15:59:47,453 - INFO - Vol targeting: rolling_vol=0.1596, scale=0.5012
2026-03-16 15:59:47,453 - INFO - PnL Net: 0.0014 | Scaled: 0.0007 | Turnover: 20.09% | Vol Scale: 0.50
2026-03-16 15:59:47,453 - INFO - 
============================================================
2026-03-16 15:59:47,453 - INFO - Running paper trading for 2025-05-01
2026-03-16 15:59:47,453 - INFO - ============================================================
2026-03-16 15:59:47,454 - INFO - Portfolio construction: 38 longs, 38 shorts (from 38 candidates)
2026-03-16 15:59:47,454 - INFO - Vol targeting: rolling_vol=0.1370, scale=0.5840
2026-03-16 15:59:47,454 - INFO - PnL Net: 0.0062 | Scaled: 0.0036 | Turnover: 17.98% | Vol Scale: 0.58
2026-03-16 15:59:47,454 - INFO - 
============================================================
2026-03-16 15:59:47,454 - INFO - Running paper trading for 2025-05-02
2026-03-16 15:59:47,454 - INFO - ============================================================
2026-03-16 15:59:47,455 - INFO - Portfolio construction: 38 longs, 13 shorts (from 38 candidates)
2026-03-16 15:59:47,455 - INFO - Vol targeting: rolling_vol=0.1119, scale=0.7149
2026-03-16 15:59:47,455 - INFO - PnL Net: -0.0011 | Scaled: -0.0008 | Turnover: 17.52% | Vol Scale: 0.71
2026-03-16 15:59:47,456 - INFO - 
============================================================
2026-03-16 15:59:47,456 - INFO - Running paper trading for 2025-05-05
2026-03-16 15:59:47,456 - INFO - ============================================================
2026-03-16 15:59:47,457 - INFO - Portfolio construction: 38 longs, 2 shorts (from 38 candidates)
2026-03-16 15:59:47,457 - INFO - Vol targeting: rolling_vol=0.1128, scale=0.7091
2026-03-16 15:59:47,457 - INFO - PnL Net: -0.0026 | Scaled: -0.0018 | Turnover: 19.38% | Vol Scale: 0.71
2026-03-16 15:59:47,457 - INFO - 
============================================================
2026-03-16 15:59:47,457 - INFO - Running paper trading for 2025-05-06
2026-03-16 15:59:47,457 - INFO - ============================================================
2026-03-16 15:59:47,458 - INFO - Portfolio construction: 38 longs, 33 shorts (from 38 candidates)
2026-03-16 15:59:47,458 - INFO - Vol targeting: rolling_vol=0.1115, scale=0.7177
2026-03-16 15:59:47,458 - INFO - PnL Net: 0.0026 | Scaled: 0.0019 | Turnover: 19.06% | Vol Scale: 0.72
2026-03-16 15:59:47,458 - INFO - 
============================================================
2026-03-16 15:59:47,458 - INFO - Running paper trading for 2025-05-07
2026-03-16 15:59:47,458 - INFO - ============================================================
2026-03-16 15:59:47,460 - INFO - Portfolio construction: 38 longs, 9 shorts (from 38 candidates)
2026-03-16 15:59:47,460 - INFO - Vol targeting: rolling_vol=0.0781, scale=1.0243
2026-03-16 15:59:47,460 - INFO - PnL Net: 0.0043 | Scaled: 0.0045 | Turnover: 18.97% | Vol Scale: 1.02
2026-03-16 15:59:47,460 - INFO - 
============================================================
2026-03-16 15:59:47,460 - INFO - Running paper trading for 2025-05-08
2026-03-16 15:59:47,460 - INFO - ============================================================
2026-03-16 15:59:47,461 - INFO - Portfolio construction: 38 longs, 10 shorts (from 38 candidates)
2026-03-16 15:59:47,461 - INFO - Vol targeting: rolling_vol=0.0656, scale=1.2200
2026-03-16 15:59:47,461 - INFO - PnL Net: -0.0009 | Scaled: -0.0012 | Turnover: 19.75% | Vol Scale: 1.22
2026-03-16 15:59:47,461 - INFO - 
============================================================
2026-03-16 15:59:47,461 - INFO - Running paper trading for 2025-05-09
2026-03-16 15:59:47,461 - INFO - ============================================================
2026-03-16 15:59:47,462 - INFO - Portfolio construction: 38 longs, 37 shorts (from 38 candidates)
2026-03-16 15:59:47,463 - INFO - Vol targeting: rolling_vol=0.0785, scale=1.0196
2026-03-16 15:59:47,463 - INFO - PnL Net: 0.0145 | Scaled: 0.0148 | Turnover: 18.03% | Vol Scale: 1.02
2026-03-16 15:59:47,463 - INFO - 
============================================================
2026-03-16 15:59:47,463 - INFO - Running paper trading for 2025-05-12
2026-03-16 15:59:47,463 - INFO - ============================================================
2026-03-16 15:59:47,464 - INFO - Portfolio construction: 38 longs, 38 shorts (from 38 candidates)
2026-03-16 15:59:47,464 - INFO - Vol targeting: rolling_vol=0.0804, scale=0.9956
2026-03-16 15:59:47,464 - INFO - PnL Net: 0.0074 | Scaled: 0.0074 | Turnover: 18.12% | Vol Scale: 1.00
2026-03-16 15:59:47,464 - INFO - 
============================================================
2026-03-16 15:59:47,464 - INFO - Running paper trading for 2025-05-13
2026-03-16 15:59:47,464 - INFO - ============================================================
2026-03-16 15:59:47,465 - INFO - Portfolio construction: 38 longs, 38 shorts (from 38 candidates)
2026-03-16 15:59:47,465 - INFO - Vol targeting: rolling_vol=0.0797, scale=1.0044
2026-03-16 15:59:47,465 - INFO - PnL Net: -0.0006 | Scaled: -0.0006 | Turnover: 21.90% | Vol Scale: 1.00
2026-03-16 15:59:47,465 - INFO - 
============================================================
2026-03-16 15:59:47,466 - INFO - Running paper trading for 2025-05-14
2026-03-16 15:59:47,466 - INFO - ============================================================
2026-03-16 15:59:47,467 - INFO - Portfolio construction: 38 longs, 38 shorts (from 38 candidates)
2026-03-16 15:59:47,467 - INFO - Vol targeting: rolling_vol=0.0757, scale=1.0562
2026-03-16 15:59:47,467 - INFO - PnL Net: 0.0052 | Scaled: 0.0055 | Turnover: 20.59% | Vol Scale: 1.06
2026-03-16 15:59:47,467 - INFO - 
============================================================
2026-03-16 15:59:47,467 - INFO - Running paper trading for 2025-05-15
2026-03-16 15:59:47,467 - INFO - ============================================================
2026-03-16 15:59:47,468 - INFO - Portfolio construction: 38 longs, 38 shorts (from 38 candidates)
2026-03-16 15:59:47,469 - INFO - Vol targeting: rolling_vol=0.0754, scale=1.0608
2026-03-16 15:59:47,469 - INFO - PnL Net: 0.0020 | Scaled: 0.0021 | Turnover: 19.63% | Vol Scale: 1.06
2026-03-16 15:59:47,469 - INFO - 
============================================================
2026-03-16 15:59:47,469 - INFO - Running paper trading for 2025-05-16
2026-03-16 15:59:47,469 - INFO - ============================================================
2026-03-16 15:59:47,470 - INFO - Portfolio construction: 38 longs, 38 shorts (from 38 candidates)
2026-03-16 15:59:47,470 - INFO - Vol targeting: rolling_vol=0.0684, scale=1.1703
2026-03-16 15:59:47,470 - INFO - PnL Net: -0.0013 | Scaled: -0.0015 | Turnover: 18.38% | Vol Scale: 1.17
2026-03-16 15:59:47,470 - INFO - 
============================================================
2026-03-16 15:59:47,470 - INFO - Running paper trading for 2025-05-19
2026-03-16 15:59:47,470 - INFO - ============================================================
2026-03-16 15:59:47,471 - INFO - Portfolio construction: 38 longs, 38 shorts (from 38 candidates)
2026-03-16 15:59:47,471 - INFO - Vol targeting: rolling_vol=0.0676, scale=1.1828
2026-03-16 15:59:47,472 - INFO - PnL Net: -0.0021 | Scaled: -0.0025 | Turnover: 16.36% | Vol Scale: 1.18
2026-03-16 15:59:47,472 - INFO - 
============================================================
2026-03-16 15:59:47,472 - INFO - Running paper trading for 2025-05-20
2026-03-16 15:59:47,472 - INFO - ============================================================
2026-03-16 15:59:47,473 - INFO - Portfolio construction: 38 longs, 38 shorts (from 38 candidates)
2026-03-16 15:59:47,473 - INFO - Vol targeting: rolling_vol=0.0748, scale=1.0691
2026-03-16 15:59:47,473 - INFO - PnL Net: -0.0070 | Scaled: -0.0075 | Turnover: 15.81% | Vol Scale: 1.07
2026-03-16 15:59:47,473 - INFO - 
============================================================
2026-03-16 15:59:47,473 - INFO - Running paper trading for 2025-05-21
2026-03-16 15:59:47,473 - INFO - ============================================================
2026-03-16 15:59:47,474 - INFO - Portfolio construction: 38 longs, 38 shorts (from 38 candidates)
2026-03-16 15:59:47,475 - INFO - Vol targeting: rolling_vol=0.0690, scale=1.1591
2026-03-16 15:59:47,475 - INFO - PnL Net: 0.0004 | Scaled: 0.0004 | Turnover: 19.34% | Vol Scale: 1.16
2026-03-16 15:59:47,475 - INFO - 
============================================================
2026-03-16 15:59:47,475 - INFO - Running paper trading for 2025-05-22
2026-03-16 15:59:47,475 - INFO - ============================================================
2026-03-16 15:59:47,476 - INFO - Portfolio construction: 38 longs, 32 shorts (from 38 candidates)
2026-03-16 15:59:47,476 - INFO - Vol targeting: rolling_vol=0.0706, scale=1.1324
2026-03-16 15:59:47,476 - INFO - PnL Net: -0.0027 | Scaled: -0.0031 | Turnover: 19.64% | Vol Scale: 1.13
2026-03-16 15:59:47,476 - INFO - 
============================================================
2026-03-16 15:59:47,476 - INFO - Running paper trading for 2025-05-23
2026-03-16 15:59:47,476 - INFO - ============================================================
2026-03-16 15:59:47,477 - INFO - Portfolio construction: 38 longs, 38 shorts (from 38 candidates)
2026-03-16 15:59:47,477 - INFO - Vol targeting: rolling_vol=0.0743, scale=1.0767
2026-03-16 15:59:47,478 - INFO - PnL Net: 0.0082 | Scaled: 0.0088 | Turnover: 19.52% | Vol Scale: 1.08
2026-03-16 15:59:47,478 - INFO - 
============================================================
2026-03-16 15:59:47,478 - INFO - Running paper trading for 2025-05-27
2026-03-16 15:59:47,478 - INFO - ============================================================
2026-03-16 15:59:47,478 - INFO - Portfolio construction: 38 longs, 38 shorts (from 38 candidates)
2026-03-16 15:59:47,478 - INFO - Vol targeting: rolling_vol=0.0756, scale=1.0588
2026-03-16 15:59:47,478 - INFO - PnL Net: -0.0021 | Scaled: -0.0022 | Turnover: 18.56% | Vol Scale: 1.06
2026-03-16 15:59:47,478 - INFO - 
============================================================
2026-03-16 15:59:47,478 - INFO - Running paper trading for 2025-05-28
2026-03-16 15:59:47,478 - INFO - ============================================================
2026-03-16 15:59:47,479 - INFO - Portfolio construction: 38 longs, 38 shorts (from 38 candidates)
2026-03-16 15:59:47,480 - INFO - Vol targeting: rolling_vol=0.0756, scale=1.0575
2026-03-16 15:59:47,480 - INFO - PnL Net: 0.0004 | Scaled: 0.0005 | Turnover: 16.29% | Vol Scale: 1.06
2026-03-16 15:59:47,480 - INFO - 
============================================================
2026-03-16 15:59:47,480 - INFO - Running paper trading for 2025-05-29
2026-03-16 15:59:47,480 - INFO - ============================================================
2026-03-16 15:59:47,482 - INFO - Portfolio construction: 38 longs, 38 shorts (from 38 candidates)
2026-03-16 15:59:47,482 - INFO - Vol targeting: rolling_vol=0.0762, scale=1.0504
2026-03-16 15:59:47,482 - INFO - PnL Net: -0.0009 | Scaled: -0.0010 | Turnover: 19.51% | Vol Scale: 1.05
2026-03-16 15:59:47,482 - INFO - 
============================================================
2026-03-16 15:59:47,482 - INFO - Running paper trading for 2025-05-30
2026-03-16 15:59:47,482 - INFO - ============================================================
2026-03-16 15:59:47,483 - INFO - Portfolio construction: 38 longs, 38 shorts (from 38 candidates)
2026-03-16 15:59:47,483 - INFO - Vol targeting: rolling_vol=0.0742, scale=1.0777
2026-03-16 15:59:47,484 - INFO - PnL Net: 0.0008 | Scaled: 0.0009 | Turnover: 21.02% | Vol Scale: 1.08
2026-03-16 15:59:47,484 - INFO - 
============================================================
2026-03-16 15:59:47,484 - INFO - Running paper trading for 2025-06-02
2026-03-16 15:59:47,484 - INFO - ============================================================
2026-03-16 15:59:47,485 - INFO - Portfolio construction: 38 longs, 38 shorts (from 38 candidates)
2026-03-16 15:59:47,485 - INFO - Vol targeting: rolling_vol=0.0737, scale=1.0849
2026-03-16 15:59:47,485 - INFO - PnL Net: 0.0011 | Scaled: 0.0012 | Turnover: 20.37% | Vol Scale: 1.08
2026-03-16 15:59:47,485 - INFO - 
============================================================
2026-03-16 15:59:47,485 - INFO - Running paper trading for 2025-06-03
2026-03-16 15:59:47,485 - INFO - ============================================================
2026-03-16 15:59:47,487 - INFO - Portfolio construction: 38 longs, 38 shorts (from 38 candidates)
2026-03-16 15:59:47,488 - INFO - Vol targeting: rolling_vol=0.0730, scale=1.0965
2026-03-16 15:59:47,488 - INFO - PnL Net: -0.0012 | Scaled: -0.0013 | Turnover: 18.45% | Vol Scale: 1.10
2026-03-16 15:59:47,488 - INFO - 
============================================================
2026-03-16 15:59:47,488 - INFO - Running paper trading for 2025-06-04
2026-03-16 15:59:47,488 - INFO - ============================================================
2026-03-16 15:59:47,489 - INFO - Portfolio construction: 38 longs, 38 shorts (from 38 candidates)
2026-03-16 15:59:47,489 - INFO - Vol targeting: rolling_vol=0.0730, scale=1.0962
2026-03-16 15:59:47,489 - INFO - PnL Net: -0.0000 | Scaled: -0.0000 | Turnover: 16.06% | Vol Scale: 1.10
2026-03-16 15:59:47,490 - INFO - 
============================================================
2026-03-16 15:59:47,490 - INFO - Running paper trading for 2025-06-05
2026-03-16 15:59:47,490 - INFO - ============================================================
2026-03-16 15:59:47,491 - INFO - Portfolio construction: 38 longs, 38 shorts (from 38 candidates)
2026-03-16 15:59:47,491 - INFO - Vol targeting: rolling_vol=0.0721, scale=1.1092
2026-03-16 15:59:47,491 - INFO - PnL Net: 0.0008 | Scaled: 0.0009 | Turnover: 17.46% | Vol Scale: 1.11
2026-03-16 15:59:47,491 - INFO - 
============================================================
2026-03-16 15:59:47,491 - INFO - Running paper trading for 2025-06-06
2026-03-16 15:59:47,491 - INFO - ============================================================
2026-03-16 15:59:47,492 - INFO - Portfolio construction: 38 longs, 38 shorts (from 38 candidates)
2026-03-16 15:59:47,492 - INFO - Vol targeting: rolling_vol=0.0728, scale=1.0986
2026-03-16 15:59:47,492 - INFO - PnL Net: -0.0024 | Scaled: -0.0026 | Turnover: 18.52% | Vol Scale: 1.10
2026-03-16 15:59:47,492 - INFO - 
============================================================
2026-03-16 15:59:47,492 - INFO - Running paper trading for 2025-06-09
2026-03-16 15:59:47,492 - INFO - ============================================================
2026-03-16 15:59:47,494 - INFO - Portfolio construction: 38 longs, 13 shorts (from 38 candidates)
2026-03-16 15:59:47,494 - INFO - Vol targeting: rolling_vol=0.0539, scale=1.4831
2026-03-16 15:59:47,494 - INFO - PnL Net: 0.0012 | Scaled: 0.0018 | Turnover: 20.04% | Vol Scale: 1.48
2026-03-16 15:59:47,494 - INFO - 
============================================================
2026-03-16 15:59:47,494 - INFO - Running paper trading for 2025-06-10
2026-03-16 15:59:47,494 - INFO - ============================================================
2026-03-16 15:59:47,495 - INFO - Portfolio construction: 38 longs, 6 shorts (from 38 candidates)
2026-03-16 15:59:47,495 - INFO - Vol targeting: rolling_vol=0.0476, scale=1.6799
2026-03-16 15:59:47,495 - INFO - PnL Net: -0.0013 | Scaled: -0.0021 | Turnover: 17.79% | Vol Scale: 1.68
2026-03-16 15:59:47,495 - INFO - 
============================================================
2026-03-16 15:59:47,495 - INFO - Running paper trading for 2025-06-11
2026-03-16 15:59:47,495 - INFO - ============================================================
2026-03-16 15:59:47,497 - INFO - Portfolio construction: 38 longs, 16 shorts (from 38 candidates)
2026-03-16 15:59:47,497 - INFO - Vol targeting: rolling_vol=0.0477, scale=1.6785
2026-03-16 15:59:47,497 - INFO - PnL Net: 0.0007 | Scaled: 0.0012 | Turnover: 18.77% | Vol Scale: 1.68
2026-03-16 15:59:47,497 - INFO - 
============================================================
2026-03-16 15:59:47,497 - INFO - Running paper trading for 2025-06-12
2026-03-16 15:59:47,497 - INFO - ============================================================
2026-03-16 15:59:47,498 - INFO - Portfolio construction: 38 longs, 38 shorts (from 38 candidates)
2026-03-16 15:59:47,498 - INFO - Vol targeting: rolling_vol=0.0449, scale=1.7832
2026-03-16 15:59:47,498 - INFO - PnL Net: -0.0033 | Scaled: -0.0058 | Turnover: 21.75% | Vol Scale: 1.78
2026-03-16 15:59:47,498 - INFO - 
============================================================
2026-03-16 15:59:47,499 - INFO - Running paper trading for 2025-06-13
2026-03-16 15:59:47,499 - INFO - ============================================================
2026-03-16 15:59:47,500 - INFO - Portfolio construction: 38 longs, 38 shorts (from 38 candidates)
2026-03-16 15:59:47,500 - INFO - Vol targeting: rolling_vol=0.0444, scale=1.8031
2026-03-16 15:59:47,500 - INFO - PnL Net: 0.0011 | Scaled: 0.0020 | Turnover: 18.70% | Vol Scale: 1.80
2026-03-16 15:59:47,500 - INFO - 
============================================================
2026-03-16 15:59:47,500 - INFO - Running paper trading for 2025-06-16
2026-03-16 15:59:47,500 - INFO - ============================================================
2026-03-16 15:59:47,501 - INFO - Portfolio construction: 38 longs, 38 shorts (from 38 candidates)
2026-03-16 15:59:47,502 - INFO - Vol targeting: rolling_vol=0.0455, scale=1.7575
2026-03-16 15:59:47,502 - INFO - PnL Net: -0.0035 | Scaled: -0.0061 | Turnover: 16.38% | Vol Scale: 1.76
2026-03-16 15:59:47,502 - INFO - 
============================================================
2026-03-16 15:59:47,502 - INFO - Running paper trading for 2025-06-17
2026-03-16 15:59:47,502 - INFO - ============================================================
2026-03-16 15:59:47,503 - INFO - Portfolio construction: 38 longs, 38 shorts (from 38 candidates)
2026-03-16 15:59:47,503 - INFO - Vol targeting: rolling_vol=0.0452, scale=1.7708
2026-03-16 15:59:47,504 - INFO - PnL Net: -0.0005 | Scaled: -0.0009 | Turnover: 17.30% | Vol Scale: 1.77
2026-03-16 15:59:47,504 - INFO - 
============================================================
2026-03-16 15:59:47,504 - INFO - Running paper trading for 2025-06-18
2026-03-16 15:59:47,504 - INFO - ============================================================
2026-03-16 15:59:47,504 - INFO - Portfolio construction: 38 longs, 38 shorts (from 38 candidates)
2026-03-16 15:59:47,505 - INFO - Vol targeting: rolling_vol=0.0385, scale=2.0000
2026-03-16 15:59:47,505 - INFO - PnL Net: 0.0001 | Scaled: 0.0003 | Turnover: 18.66% | Vol Scale: 2.00
2026-03-16 15:59:47,505 - INFO - 
============================================================
2026-03-16 15:59:47,505 - INFO - Running paper trading for 2025-06-20
2026-03-16 15:59:47,505 - INFO - ============================================================
2026-03-16 15:59:47,506 - INFO - Portfolio construction: 38 longs, 38 shorts (from 38 candidates)
2026-03-16 15:59:47,507 - INFO - Vol targeting: rolling_vol=0.0397, scale=2.0000
2026-03-16 15:59:47,507 - INFO - PnL Net: 0.0027 | Scaled: 0.0053 | Turnover: 20.03% | Vol Scale: 2.00
2026-03-16 15:59:47,507 - INFO - 
============================================================
2026-03-16 15:59:47,507 - INFO - Running paper trading for 2025-06-23
2026-03-16 15:59:47,507 - INFO - ============================================================
2026-03-16 15:59:47,508 - INFO - Portfolio construction: 38 longs, 38 shorts (from 38 candidates)
2026-03-16 15:59:47,508 - INFO - Vol targeting: rolling_vol=0.0406, scale=1.9706
2026-03-16 15:59:47,508 - INFO - PnL Net: 0.0039 | Scaled: 0.0076 | Turnover: 17.48% | Vol Scale: 1.97
2026-03-16 15:59:47,508 - INFO - 
============================================================
2026-03-16 15:59:47,508 - INFO - Running paper trading for 2025-06-24
2026-03-16 15:59:47,508 - INFO - ============================================================
2026-03-16 15:59:47,509 - INFO - Portfolio construction: 38 longs, 38 shorts (from 38 candidates)
2026-03-16 15:59:47,510 - INFO - Vol targeting: rolling_vol=0.0294, scale=2.0000
2026-03-16 15:59:47,510 - INFO - PnL Net: -0.0021 | Scaled: -0.0042 | Turnover: 18.08% | Vol Scale: 2.00
2026-03-16 15:59:47,510 - INFO - 
============================================================
2026-03-16 15:59:47,510 - INFO - Running paper trading for 2025-06-25
2026-03-16 15:59:47,510 - INFO - ============================================================
2026-03-16 15:59:47,510 - INFO - Portfolio construction: 38 longs, 38 shorts (from 38 candidates)
2026-03-16 15:59:47,510 - INFO - Vol targeting: rolling_vol=0.0295, scale=2.0000
2026-03-16 15:59:47,510 - INFO - PnL Net: 0.0019 | Scaled: 0.0038 | Turnover: 17.90% | Vol Scale: 2.00
2026-03-16 15:59:47,512 - INFO - 
============================================================
2026-03-16 15:59:47,512 - INFO - Running paper trading for 2025-06-26
2026-03-16 15:59:47,512 - INFO - ============================================================
2026-03-16 15:59:47,512 - INFO - Portfolio construction: 38 longs, 38 shorts (from 38 candidates)
2026-03-16 15:59:47,512 - INFO - Vol targeting: rolling_vol=0.0299, scale=2.0000
2026-03-16 15:59:47,512 - INFO - PnL Net: 0.0015 | Scaled: 0.0029 | Turnover: 17.70% | Vol Scale: 2.00
2026-03-16 15:59:47,512 - INFO - 
============================================================
2026-03-16 15:59:47,512 - INFO - Running paper trading for 2025-06-27
2026-03-16 15:59:47,512 - INFO - ============================================================
2026-03-16 15:59:47,514 - INFO - Portfolio construction: 38 longs, 38 shorts (from 38 candidates)
2026-03-16 15:59:47,514 - INFO - Vol targeting: rolling_vol=0.0300, scale=2.0000
2026-03-16 15:59:47,514 - INFO - PnL Net: 0.0013 | Scaled: 0.0025 | Turnover: 16.45% | Vol Scale: 2.00
2026-03-16 15:59:47,514 - INFO - 
============================================================
2026-03-16 15:59:47,514 - INFO - Running paper trading for 2025-06-30
2026-03-16 15:59:47,514 - INFO - ============================================================
2026-03-16 15:59:47,515 - INFO - Portfolio construction: 38 longs, 38 shorts (from 38 candidates)
2026-03-16 15:59:47,515 - INFO - Vol targeting: rolling_vol=0.0351, scale=2.0000
2026-03-16 15:59:47,515 - INFO - PnL Net: 0.0055 | Scaled: 0.0109 | Turnover: 17.10% | Vol Scale: 2.00
2026-03-16 15:59:47,515 - INFO - 
============================================================
2026-03-16 15:59:47,515 - INFO - Running paper trading for 2025-07-01
2026-03-16 15:59:47,515 - INFO - ============================================================
2026-03-16 15:59:47,516 - INFO - Portfolio construction: 38 longs, 38 shorts (from 38 candidates)
2026-03-16 15:59:47,517 - INFO - Vol targeting: rolling_vol=0.0352, scale=2.0000
2026-03-16 15:59:47,517 - INFO - PnL Net: 0.0013 | Scaled: 0.0026 | Turnover: 15.04% | Vol Scale: 2.00
2026-03-16 15:59:47,517 - INFO - 
============================================================
2026-03-16 15:59:47,517 - INFO - Running paper trading for 2025-07-02
2026-03-16 15:59:47,517 - INFO - ============================================================
2026-03-16 15:59:47,518 - INFO - Portfolio construction: 38 longs, 38 shorts (from 38 candidates)
2026-03-16 15:59:47,518 - INFO - Vol targeting: rolling_vol=0.0349, scale=2.0000
2026-03-16 15:59:47,518 - INFO - PnL Net: 0.0014 | Scaled: 0.0028 | Turnover: 12.74% | Vol Scale: 2.00
2026-03-16 15:59:47,518 - INFO - 
============================================================
2026-03-16 15:59:47,518 - INFO - Running paper trading for 2025-07-03
2026-03-16 15:59:47,518 - INFO - ============================================================
2026-03-16 15:59:47,519 - INFO - Portfolio construction: 38 longs, 38 shorts (from 38 candidates)
2026-03-16 15:59:47,520 - INFO - Vol targeting: rolling_vol=0.0371, scale=2.0000
2026-03-16 15:59:47,520 - INFO - PnL Net: -0.0032 | Scaled: -0.0063 | Turnover: 11.38% | Vol Scale: 2.00
2026-03-16 15:59:47,520 - INFO - 
============================================================
2026-03-16 15:59:47,520 - INFO - Running paper trading for 2025-07-07
2026-03-16 15:59:47,520 - INFO - ============================================================
2026-03-16 15:59:47,522 - INFO - Portfolio construction: 38 longs, 38 shorts (from 38 candidates)
2026-03-16 15:59:47,522 - INFO - Vol targeting: rolling_vol=0.0371, scale=2.0000
2026-03-16 15:59:47,522 - INFO - PnL Net: 0.0005 | Scaled: 0.0010 | Turnover: 10.84% | Vol Scale: 2.00
2026-03-16 15:59:47,522 - INFO - 
============================================================
2026-03-16 15:59:47,522 - INFO - Running paper trading for 2025-07-08
2026-03-16 15:59:47,522 - INFO - ============================================================
2026-03-16 15:59:47,523 - INFO - Portfolio construction: 38 longs, 38 shorts (from 38 candidates)
2026-03-16 15:59:47,523 - INFO - Vol targeting: rolling_vol=0.0357, scale=2.0000
2026-03-16 15:59:47,523 - INFO - PnL Net: 0.0009 | Scaled: 0.0019 | Turnover: 18.35% | Vol Scale: 2.00
2026-03-16 15:59:47,523 - INFO - 
============================================================
2026-03-16 15:59:47,523 - INFO - Running paper trading for 2025-07-09
2026-03-16 15:59:47,523 - INFO - ============================================================
2026-03-16 15:59:47,524 - INFO - Portfolio construction: 38 longs, 38 shorts (from 38 candidates)
2026-03-16 15:59:47,524 - INFO - Vol targeting: rolling_vol=0.0364, scale=2.0000
2026-03-16 15:59:47,525 - INFO - PnL Net: 0.0026 | Scaled: 0.0053 | Turnover: 19.70% | Vol Scale: 2.00
2026-03-16 15:59:47,525 - INFO - 
============================================================
2026-03-16 15:59:47,525 - INFO - Running paper trading for 2025-07-10
2026-03-16 15:59:47,525 - INFO - ============================================================
2026-03-16 15:59:47,526 - INFO - Portfolio construction: 38 longs, 12 shorts (from 38 candidates)
2026-03-16 15:59:47,526 - INFO - Vol targeting: rolling_vol=0.0379, scale=2.0000
2026-03-16 15:59:47,526 - INFO - PnL Net: -0.0029 | Scaled: -0.0058 | Turnover: 19.47% | Vol Scale: 2.00
2026-03-16 15:59:47,526 - INFO - 
============================================================
2026-03-16 15:59:47,526 - INFO - Running paper trading for 2025-07-11
2026-03-16 15:59:47,526 - INFO - ============================================================
2026-03-16 15:59:47,528 - INFO - Portfolio construction: 38 longs, 26 shorts (from 38 candidates)
2026-03-16 15:59:47,528 - INFO - Vol targeting: rolling_vol=0.0382, scale=2.0000
2026-03-16 15:59:47,528 - INFO - PnL Net: -0.0008 | Scaled: -0.0016 | Turnover: 19.00% | Vol Scale: 2.00
2026-03-16 15:59:47,528 - INFO - 
============================================================
2026-03-16 15:59:47,528 - INFO - Running paper trading for 2025-07-14
2026-03-16 15:59:47,528 - INFO - ============================================================
2026-03-16 15:59:47,529 - INFO - Portfolio construction: 38 longs, 38 shorts (from 38 candidates)
2026-03-16 15:59:47,529 - INFO - Vol targeting: rolling_vol=0.0411, scale=1.9456
2026-03-16 15:59:47,530 - INFO - PnL Net: -0.0053 | Scaled: -0.0103 | Turnover: 18.01% | Vol Scale: 1.95
2026-03-16 15:59:47,530 - INFO - 
============================================================
2026-03-16 15:59:47,530 - INFO - Running paper trading for 2025-07-15
2026-03-16 15:59:47,530 - INFO - ============================================================
2026-03-16 15:59:47,531 - INFO - Portfolio construction: 38 longs, 24 shorts (from 38 candidates)
2026-03-16 15:59:47,531 - INFO - Vol targeting: rolling_vol=0.0411, scale=1.9452
2026-03-16 15:59:47,531 - INFO - PnL Net: 0.0011 | Scaled: 0.0022 | Turnover: 17.80% | Vol Scale: 1.95
2026-03-16 15:59:47,531 - INFO - 
============================================================
2026-03-16 15:59:47,531 - INFO - Running paper trading for 2025-07-16
2026-03-16 15:59:47,531 - INFO - ============================================================
2026-03-16 15:59:47,532 - INFO - Portfolio construction: 38 longs, 4 shorts (from 38 candidates)
2026-03-16 15:59:47,532 - INFO - Vol targeting: rolling_vol=0.0400, scale=1.9977
2026-03-16 15:59:47,532 - INFO - PnL Net: 0.0035 | Scaled: 0.0070 | Turnover: 18.83% | Vol Scale: 2.00
2026-03-16 15:59:47,532 - INFO - 
============================================================
2026-03-16 15:59:47,532 - INFO - Running paper trading for 2025-07-17
2026-03-16 15:59:47,532 - INFO - ============================================================
2026-03-16 15:59:47,533 - INFO - Portfolio construction: 38 longs, 38 shorts (from 38 candidates)
2026-03-16 15:59:47,534 - INFO - Vol targeting: rolling_vol=0.0400, scale=2.0000
2026-03-16 15:59:47,534 - INFO - PnL Net: -0.0003 | Scaled: -0.0006 | Turnover: 20.65% | Vol Scale: 2.00
2026-03-16 15:59:47,534 - INFO - 
============================================================
2026-03-16 15:59:47,534 - INFO - Running paper trading for 2025-07-18
2026-03-16 15:59:47,534 - INFO - ============================================================
2026-03-16 15:59:47,535 - INFO - Portfolio construction: 38 longs, 38 shorts (from 38 candidates)
2026-03-16 15:59:47,535 - INFO - Vol targeting: rolling_vol=0.0407, scale=1.9646
2026-03-16 15:59:47,535 - INFO - PnL Net: -0.0016 | Scaled: -0.0032 | Turnover: 22.59% | Vol Scale: 1.96
2026-03-16 15:59:47,535 - INFO - 
============================================================
2026-03-16 15:59:47,535 - INFO - Running paper trading for 2025-07-21
2026-03-16 15:59:47,535 - INFO - ============================================================
2026-03-16 15:59:47,538 - INFO - Portfolio construction: 38 longs, 38 shorts (from 38 candidates)
2026-03-16 15:59:47,538 - INFO - Vol targeting: rolling_vol=0.0456, scale=1.7529
2026-03-16 15:59:47,538 - INFO - PnL Net: 0.0068 | Scaled: 0.0120 | Turnover: 18.81% | Vol Scale: 1.75
2026-03-16 15:59:47,538 - INFO - 
============================================================
2026-03-16 15:59:47,538 - INFO - Running paper trading for 2025-07-22
2026-03-16 15:59:47,538 - INFO - ============================================================
2026-03-16 15:59:47,539 - INFO - Portfolio construction: 38 longs, 38 shorts (from 38 candidates)
2026-03-16 15:59:47,539 - INFO - Vol targeting: rolling_vol=0.0446, scale=1.7927
2026-03-16 15:59:47,539 - INFO - PnL Net: 0.0023 | Scaled: 0.0041 | Turnover: 18.89% | Vol Scale: 1.79
2026-03-16 15:59:47,540 - INFO - 
============================================================
2026-03-16 15:59:47,540 - INFO - Running paper trading for 2025-07-23
2026-03-16 15:59:47,540 - INFO - ============================================================
2026-03-16 15:59:47,541 - INFO - Portfolio construction: 38 longs, 38 shorts (from 38 candidates)
2026-03-16 15:59:47,541 - INFO - Vol targeting: rolling_vol=0.0451, scale=1.7756
2026-03-16 15:59:47,541 - INFO - PnL Net: -0.0026 | Scaled: -0.0046 | Turnover: 15.52% | Vol Scale: 1.78
2026-03-16 15:59:47,541 - INFO - 
============================================================
2026-03-16 15:59:47,541 - INFO - Running paper trading for 2025-07-24
2026-03-16 15:59:47,541 - INFO - ============================================================
2026-03-16 15:59:47,542 - INFO - Portfolio construction: 38 longs, 38 shorts (from 38 candidates)
2026-03-16 15:59:47,543 - INFO - Vol targeting: rolling_vol=0.0449, scale=1.7834
2026-03-16 15:59:47,543 - INFO - PnL Net: 0.0011 | Scaled: 0.0019 | Turnover: 15.70% | Vol Scale: 1.78
2026-03-16 15:59:47,543 - INFO - 
============================================================
2026-03-16 15:59:47,543 - INFO - Running paper trading for 2025-07-25
2026-03-16 15:59:47,543 - INFO - ============================================================
2026-03-16 15:59:47,544 - INFO - Portfolio construction: 38 longs, 38 shorts (from 38 candidates)
2026-03-16 15:59:47,544 - INFO - Vol targeting: rolling_vol=0.0465, scale=1.7198
2026-03-16 15:59:47,544 - INFO - PnL Net: -0.0031 | Scaled: -0.0052 | Turnover: 16.41% | Vol Scale: 1.72
2026-03-16 15:59:47,544 - INFO - 
============================================================
2026-03-16 15:59:47,544 - INFO - Running paper trading for 2025-07-28
2026-03-16 15:59:47,544 - INFO - ============================================================
2026-03-16 15:59:47,545 - INFO - Portfolio construction: 38 longs, 38 shorts (from 38 candidates)
2026-03-16 15:59:47,545 - INFO - Vol targeting: rolling_vol=0.0474, scale=1.6862
2026-03-16 15:59:47,546 - INFO - PnL Net: -0.0025 | Scaled: -0.0041 | Turnover: 18.54% | Vol Scale: 1.69
2026-03-16 15:59:47,546 - INFO - 
============================================================
2026-03-16 15:59:47,546 - INFO - Running paper trading for 2025-07-29
2026-03-16 15:59:47,546 - INFO - ============================================================
2026-03-16 15:59:47,547 - INFO - Portfolio construction: 38 longs, 38 shorts (from 38 candidates)
2026-03-16 15:59:47,547 - INFO - Vol targeting: rolling_vol=0.0445, scale=1.7974
2026-03-16 15:59:47,547 - INFO - PnL Net: -0.0028 | Scaled: -0.0050 | Turnover: 17.07% | Vol Scale: 1.80
2026-03-16 15:59:47,547 - INFO - 
============================================================
2026-03-16 15:59:47,547 - INFO - Running paper trading for 2025-07-30
2026-03-16 15:59:47,547 - INFO - ============================================================
2026-03-16 15:59:47,548 - INFO - Portfolio construction: 38 longs, 38 shorts (from 38 candidates)
2026-03-16 15:59:47,548 - INFO - Vol targeting: rolling_vol=0.0463, scale=1.7283
2026-03-16 15:59:47,548 - INFO - PnL Net: -0.0042 | Scaled: -0.0073 | Turnover: 18.97% | Vol Scale: 1.73
2026-03-16 15:59:47,548 - INFO - 
============================================================
2026-03-16 15:59:47,548 - INFO - Running paper trading for 2025-07-31
2026-03-16 15:59:47,548 - INFO - ============================================================
2026-03-16 15:59:47,549 - INFO - Portfolio construction: 38 longs, 38 shorts (from 38 candidates)
2026-03-16 15:59:47,549 - INFO - Vol targeting: rolling_vol=0.0470, scale=1.7007
2026-03-16 15:59:47,549 - INFO - PnL Net: -0.0036 | Scaled: -0.0062 | Turnover: 19.57% | Vol Scale: 1.70
2026-03-16 15:59:47,549 - INFO - 
============================================================
2026-03-16 15:59:47,549 - INFO - Running paper trading for 2025-08-01
2026-03-16 15:59:47,549 - INFO - ============================================================
2026-03-16 15:59:47,550 - INFO - Portfolio construction: 38 longs, 6 shorts (from 38 candidates)
2026-03-16 15:59:47,551 - INFO - Vol targeting: rolling_vol=0.0468, scale=1.7092
2026-03-16 15:59:47,551 - INFO - PnL Net: 0.0016 | Scaled: 0.0028 | Turnover: 18.75% | Vol Scale: 1.71
2026-03-16 15:59:47,551 - INFO - 
============================================================
2026-03-16 15:59:47,551 - INFO - Running paper trading for 2025-08-04
2026-03-16 15:59:47,551 - INFO - ============================================================
2026-03-16 15:59:47,551 - INFO - Portfolio construction: 38 longs, 5 shorts (from 38 candidates)
2026-03-16 15:59:47,554 - INFO - Vol targeting: rolling_vol=0.0486, scale=1.6467
2026-03-16 15:59:47,554 - INFO - PnL Net: 0.0034 | Scaled: 0.0056 | Turnover: 20.03% | Vol Scale: 1.65
2026-03-16 15:59:47,554 - INFO - 
============================================================
2026-03-16 15:59:47,554 - INFO - Running paper trading for 2025-08-05
2026-03-16 15:59:47,554 - INFO - ============================================================
2026-03-16 15:59:47,560 - INFO - Portfolio construction: 38 longs, 37 shorts (from 38 candidates)
2026-03-16 15:59:47,560 - INFO - Vol targeting: rolling_vol=0.0485, scale=1.6507
2026-03-16 15:59:47,560 - INFO - PnL Net: -0.0013 | Scaled: -0.0021 | Turnover: 19.43% | Vol Scale: 1.65
2026-03-16 15:59:47,561 - INFO - 
============================================================
2026-03-16 15:59:47,561 - INFO - Running paper trading for 2025-08-06
2026-03-16 15:59:47,561 - INFO - ============================================================
2026-03-16 15:59:47,570 - INFO - Portfolio construction: 38 longs, 38 shorts (from 38 candidates)
2026-03-16 15:59:47,570 - INFO - Vol targeting: rolling_vol=0.0472, scale=1.6961
2026-03-16 15:59:47,571 - INFO - PnL Net: -0.0009 | Scaled: -0.0016 | Turnover: 18.13% | Vol Scale: 1.70
2026-03-16 15:59:47,571 - INFO - 
============================================================
2026-03-16 15:59:47,571 - INFO - Running paper trading for 2025-08-07
2026-03-16 15:59:47,571 - INFO - ============================================================
2026-03-16 15:59:47,573 - INFO - Portfolio construction: 38 longs, 7 shorts (from 38 candidates)
2026-03-16 15:59:47,574 - INFO - Vol targeting: rolling_vol=0.0466, scale=1.7164
2026-03-16 15:59:47,574 - INFO - PnL Net: 0.0008 | Scaled: 0.0013 | Turnover: 20.31% | Vol Scale: 1.72
2026-03-16 15:59:47,574 - INFO - 
============================================================
2026-03-16 15:59:47,574 - INFO - Running paper trading for 2025-08-08
2026-03-16 15:59:47,574 - INFO - ============================================================
2026-03-16 15:59:47,576 - INFO - Portfolio construction: 38 longs, 8 shorts (from 38 candidates)
2026-03-16 15:59:47,576 - INFO - Vol targeting: rolling_vol=0.0467, scale=1.7135
2026-03-16 15:59:47,576 - WARNING - KS3 TRIGGERED: 60-day Sharpe -0.0651 < 0
2026-03-16 15:59:47,576 - INFO - PnL Net: -0.0013 | Scaled: -0.0022 | Turnover: 18.30% | Vol Scale: 1.71
2026-03-16 15:59:47,577 - INFO - 
============================================================
2026-03-16 15:59:47,577 - INFO - Running paper trading for 2025-08-11
2026-03-16 15:59:47,577 - INFO - ============================================================
2026-03-16 15:59:47,578 - INFO - Portfolio construction: 38 longs, 38 shorts (from 38 candidates)
2026-03-16 15:59:47,579 - INFO - Vol targeting: rolling_vol=0.0479, scale=1.6690
2026-03-16 15:59:47,579 - WARNING - KS3 TRIGGERED: 60-day Sharpe -0.0144 < 0
2026-03-16 15:59:47,579 - INFO - PnL Net: 0.0058 | Scaled: 0.0096 | Turnover: 15.45% | Vol Scale: 1.67
2026-03-16 15:59:47,579 - INFO - 
============================================================
2026-03-16 15:59:47,579 - INFO - Running paper trading for 2025-08-12
2026-03-16 15:59:47,579 - INFO - ============================================================
2026-03-16 15:59:47,580 - INFO - Portfolio construction: 38 longs, 38 shorts (from 38 candidates)
2026-03-16 15:59:47,580 - INFO - Vol targeting: rolling_vol=0.0574, scale=1.3933
2026-03-16 15:59:47,580 - INFO - PnL Net: 0.0093 | Scaled: 0.0129 | Turnover: 15.64% | Vol Scale: 1.39
2026-03-16 15:59:47,580 - INFO - 
============================================================
2026-03-16 15:59:47,580 - INFO - Running paper trading for 2025-08-13
2026-03-16 15:59:47,580 - INFO - ============================================================
2026-03-16 15:59:47,581 - INFO - Portfolio construction: 38 longs, 38 shorts (from 38 candidates)
2026-03-16 15:59:47,581 - INFO - Vol targeting: rolling_vol=0.0564, scale=1.4186
2026-03-16 15:59:47,582 - INFO - PnL Net: 0.0002 | Scaled: 0.0003 | Turnover: 20.87% | Vol Scale: 1.42
2026-03-16 15:59:47,582 - INFO - 
============================================================
2026-03-16 15:59:47,582 - INFO - Running paper trading for 2025-08-14
2026-03-16 15:59:47,582 - INFO - ============================================================
2026-03-16 15:59:47,582 - INFO - Portfolio construction: 38 longs, 38 shorts (from 38 candidates)
2026-03-16 15:59:47,582 - INFO - Vol targeting: rolling_vol=0.0564, scale=1.4190
2026-03-16 15:59:47,582 - INFO - PnL Net: 0.0010 | Scaled: 0.0014 | Turnover: 18.05% | Vol Scale: 1.42
2026-03-16 15:59:47,582 - INFO - 
============================================================
2026-03-16 15:59:47,582 - INFO - Running paper trading for 2025-08-15
2026-03-16 15:59:47,582 - INFO - ============================================================
2026-03-16 15:59:47,583 - INFO - Portfolio construction: 38 longs, 38 shorts (from 38 candidates)
2026-03-16 15:59:47,584 - INFO - Vol targeting: rolling_vol=0.0559, scale=1.4310
2026-03-16 15:59:47,584 - INFO - PnL Net: 0.0002 | Scaled: 0.0003 | Turnover: 19.70% | Vol Scale: 1.43
2026-03-16 15:59:47,584 - INFO - 
============================================================
2026-03-16 15:59:47,585 - INFO - Running paper trading for 2025-08-18
2026-03-16 15:59:47,585 - INFO - ============================================================
2026-03-16 15:59:47,585 - INFO - Portfolio construction: 38 longs, 38 shorts (from 38 candidates)
2026-03-16 15:59:47,586 - INFO - Vol targeting: rolling_vol=0.0515, scale=1.5525
2026-03-16 15:59:47,586 - INFO - PnL Net: 0.0024 | Scaled: 0.0038 | Turnover: 18.09% | Vol Scale: 1.55
2026-03-16 15:59:47,586 - INFO - 
============================================================
2026-03-16 15:59:47,586 - INFO - Running paper trading for 2025-08-19
2026-03-16 15:59:47,586 - INFO - ============================================================
2026-03-16 15:59:47,589 - INFO - Portfolio construction: 38 longs, 38 shorts (from 38 candidates)
2026-03-16 15:59:47,589 - INFO - Vol targeting: rolling_vol=0.0516, scale=1.5515
2026-03-16 15:59:47,590 - INFO - PnL Net: -0.0020 | Scaled: -0.0031 | Turnover: 16.60% | Vol Scale: 1.55
2026-03-16 15:59:47,590 - INFO - 
============================================================
2026-03-16 15:59:47,590 - INFO - Running paper trading for 2025-08-20
2026-03-16 15:59:47,590 - INFO - ============================================================
2026-03-16 15:59:47,591 - INFO - Portfolio construction: 38 longs, 38 shorts (from 38 candidates)
2026-03-16 15:59:47,591 - INFO - Vol targeting: rolling_vol=0.0510, scale=1.5694
2026-03-16 15:59:47,591 - INFO - PnL Net: -0.0015 | Scaled: -0.0024 | Turnover: 15.21% | Vol Scale: 1.57
2026-03-16 15:59:47,591 - INFO - 
============================================================
2026-03-16 15:59:47,591 - INFO - Running paper trading for 2025-08-21
2026-03-16 15:59:47,592 - INFO - ============================================================
2026-03-16 15:59:47,593 - INFO - Portfolio construction: 38 longs, 38 shorts (from 38 candidates)
2026-03-16 15:59:47,593 - INFO - Vol targeting: rolling_vol=0.0594, scale=1.3476
2026-03-16 15:59:47,593 - INFO - PnL Net: 0.0089 | Scaled: 0.0120 | Turnover: 16.82% | Vol Scale: 1.35
2026-03-16 15:59:47,593 - INFO - 
============================================================
2026-03-16 15:59:47,593 - INFO - Running paper trading for 2025-08-22
2026-03-16 15:59:47,593 - INFO - ============================================================
2026-03-16 15:59:47,593 - INFO - Portfolio construction: 38 longs, 38 shorts (from 38 candidates)
2026-03-16 15:59:47,594 - INFO - Vol targeting: rolling_vol=0.0605, scale=1.3221
2026-03-16 15:59:47,594 - INFO - PnL Net: -0.0044 | Scaled: -0.0058 | Turnover: 15.55% | Vol Scale: 1.32
2026-03-16 15:59:47,594 - INFO - 
============================================================
2026-03-16 15:59:47,594 - INFO - Running paper trading for 2025-08-25
2026-03-16 15:59:47,594 - INFO - ============================================================
2026-03-16 15:59:47,595 - INFO - Portfolio construction: 38 longs, 38 shorts (from 38 candidates)
2026-03-16 15:59:47,595 - INFO - Vol targeting: rolling_vol=0.0596, scale=1.3428
2026-03-16 15:59:47,595 - INFO - PnL Net: 0.0005 | Scaled: 0.0007 | Turnover: 15.86% | Vol Scale: 1.34
2026-03-16 15:59:47,595 - INFO - 
============================================================
2026-03-16 15:59:47,595 - INFO - Running paper trading for 2025-08-26
2026-03-16 15:59:47,595 - INFO - ============================================================
2026-03-16 15:59:47,597 - INFO - Portfolio construction: 38 longs, 38 shorts (from 38 candidates)
2026-03-16 15:59:47,597 - INFO - Vol targeting: rolling_vol=0.0583, scale=1.3725
2026-03-16 15:59:47,597 - INFO - PnL Net: 0.0005 | Scaled: 0.0007 | Turnover: 17.06% | Vol Scale: 1.37
2026-03-16 15:59:47,597 - INFO - 
============================================================
2026-03-16 15:59:47,597 - INFO - Running paper trading for 2025-08-27
2026-03-16 15:59:47,597 - INFO - ============================================================
2026-03-16 15:59:47,598 - INFO - Portfolio construction: 38 longs, 38 shorts (from 38 candidates)
2026-03-16 15:59:47,598 - INFO - Vol targeting: rolling_vol=0.0555, scale=1.4411
2026-03-16 15:59:47,598 - INFO - PnL Net: -0.0002 | Scaled: -0.0002 | Turnover: 17.80% | Vol Scale: 1.44
2026-03-16 15:59:47,599 - INFO - 
============================================================
2026-03-16 15:59:47,599 - INFO - Running paper trading for 2025-08-28
2026-03-16 15:59:47,599 - INFO - ============================================================
2026-03-16 15:59:47,600 - INFO - Portfolio construction: 38 longs, 38 shorts (from 38 candidates)
2026-03-16 15:59:47,600 - INFO - Vol targeting: rolling_vol=0.0530, scale=1.5091
2026-03-16 15:59:47,600 - INFO - PnL Net: 0.0003 | Scaled: 0.0004 | Turnover: 19.25% | Vol Scale: 1.51
2026-03-16 15:59:47,600 - INFO - 
============================================================
2026-03-16 15:59:47,600 - INFO - Running paper trading for 2025-08-29
2026-03-16 15:59:47,600 - INFO - ============================================================
2026-03-16 15:59:47,601 - INFO - Portfolio construction: 38 longs, 38 shorts (from 38 candidates)
2026-03-16 15:59:47,601 - INFO - Vol targeting: rolling_vol=0.0539, scale=1.4841
2026-03-16 15:59:47,601 - INFO - PnL Net: -0.0017 | Scaled: -0.0026 | Turnover: 15.06% | Vol Scale: 1.48
2026-03-16 15:59:47,601 - INFO - 
============================================================
2026-03-16 15:59:47,601 - INFO - Running paper trading for 2025-09-02
2026-03-16 15:59:47,601 - INFO - ============================================================
2026-03-16 15:59:47,603 - INFO - Portfolio construction: 38 longs, 38 shorts (from 38 candidates)
2026-03-16 15:59:47,603 - INFO - Vol targeting: rolling_vol=0.0542, scale=1.4760
2026-03-16 15:59:47,603 - INFO - PnL Net: -0.0021 | Scaled: -0.0031 | Turnover: 18.16% | Vol Scale: 1.48
2026-03-16 15:59:47,603 - INFO - 
============================================================
2026-03-16 15:59:47,603 - INFO - Running paper trading for 2025-09-03
2026-03-16 15:59:47,603 - INFO - ============================================================
2026-03-16 15:59:47,604 - INFO - Portfolio construction: 38 longs, 38 shorts (from 38 candidates)
2026-03-16 15:59:47,604 - INFO - Vol targeting: rolling_vol=0.0537, scale=1.4886
2026-03-16 15:59:47,605 - INFO - PnL Net: 0.0013 | Scaled: 0.0020 | Turnover: 17.78% | Vol Scale: 1.49
2026-03-16 15:59:47,605 - INFO - 
============================================================
2026-03-16 15:59:47,605 - INFO - Running paper trading for 2025-09-04
2026-03-16 15:59:47,605 - INFO - ============================================================
2026-03-16 15:59:47,605 - INFO - Portfolio construction: 38 longs, 38 shorts (from 38 candidates)
2026-03-16 15:59:47,607 - INFO - Vol targeting: rolling_vol=0.0534, scale=1.4994
2026-03-16 15:59:47,607 - INFO - PnL Net: 0.0012 | Scaled: 0.0019 | Turnover: 17.33% | Vol Scale: 1.50
2026-03-16 15:59:47,607 - INFO - 
============================================================
2026-03-16 15:59:47,607 - INFO - Running paper trading for 2025-09-05
2026-03-16 15:59:47,607 - INFO - ============================================================
2026-03-16 15:59:47,608 - INFO - Portfolio construction: 38 longs, 38 shorts (from 38 candidates)
2026-03-16 15:59:47,608 - INFO - Vol targeting: rolling_vol=0.0539, scale=1.4842
2026-03-16 15:59:47,608 - INFO - PnL Net: -0.0013 | Scaled: -0.0019 | Turnover: 20.00% | Vol Scale: 1.48
2026-03-16 15:59:47,608 - INFO - 
============================================================
2026-03-16 15:59:47,608 - INFO - Running paper trading for 2025-09-08
2026-03-16 15:59:47,608 - INFO - ============================================================
2026-03-16 15:59:47,609 - INFO - Portfolio construction: 38 longs, 38 shorts (from 38 candidates)
2026-03-16 15:59:47,609 - INFO - Vol targeting: rolling_vol=0.0535, scale=1.4949
2026-03-16 15:59:47,609 - INFO - PnL Net: -0.0003 | Scaled: -0.0004 | Turnover: 16.66% | Vol Scale: 1.49
2026-03-16 15:59:47,610 - INFO - 
============================================================
2026-03-16 15:59:47,610 - INFO - Running paper trading for 2025-09-09
2026-03-16 15:59:47,610 - INFO - ============================================================
2026-03-16 15:59:47,610 - INFO - Portfolio construction: 38 longs, 38 shorts (from 38 candidates)
2026-03-16 15:59:47,610 - INFO - Vol targeting: rolling_vol=0.0534, scale=1.4986
2026-03-16 15:59:47,610 - INFO - PnL Net: -0.0044 | Scaled: -0.0065 | Turnover: 17.19% | Vol Scale: 1.50
2026-03-16 15:59:47,610 - INFO - 
============================================================
2026-03-16 15:59:47,610 - INFO - Running paper trading for 2025-09-10
2026-03-16 15:59:47,610 - INFO - ============================================================
2026-03-16 15:59:47,611 - INFO - Portfolio construction: 38 longs, 38 shorts (from 38 candidates)
2026-03-16 15:59:47,612 - INFO - Vol targeting: rolling_vol=0.0448, scale=1.7844
2026-03-16 15:59:47,612 - INFO - PnL Net: 0.0040 | Scaled: 0.0072 | Turnover: 16.96% | Vol Scale: 1.78
2026-03-16 15:59:47,612 - INFO - 
============================================================
2026-03-16 15:59:47,612 - INFO - Running paper trading for 2025-09-11
2026-03-16 15:59:47,612 - INFO - ============================================================
2026-03-16 15:59:47,613 - INFO - Portfolio construction: 38 longs, 38 shorts (from 38 candidates)
2026-03-16 15:59:47,613 - INFO - Vol targeting: rolling_vol=0.0472, scale=1.6944
2026-03-16 15:59:47,613 - INFO - PnL Net: -0.0041 | Scaled: -0.0070 | Turnover: 17.39% | Vol Scale: 1.69
2026-03-16 15:59:47,613 - INFO - 
============================================================
2026-03-16 15:59:47,613 - INFO - Running paper trading for 2025-09-12
2026-03-16 15:59:47,613 - INFO - ============================================================
2026-03-16 15:59:47,614 - INFO - Portfolio construction: 38 longs, 38 shorts (from 38 candidates)
2026-03-16 15:59:47,614 - INFO - Vol targeting: rolling_vol=0.0475, scale=1.6830
2026-03-16 15:59:47,615 - INFO - PnL Net: -0.0021 | Scaled: -0.0035 | Turnover: 15.81% | Vol Scale: 1.68
2026-03-16 15:59:47,615 - INFO - 
============================================================
2026-03-16 15:59:47,615 - INFO - Running paper trading for 2025-09-15
2026-03-16 15:59:47,615 - INFO - ============================================================
2026-03-16 15:59:47,616 - INFO - Portfolio construction: 38 longs, 38 shorts (from 38 candidates)
2026-03-16 15:59:47,616 - INFO - Vol targeting: rolling_vol=0.0477, scale=1.6773
2026-03-16 15:59:47,616 - INFO - PnL Net: 0.0010 | Scaled: 0.0016 | Turnover: 18.17% | Vol Scale: 1.68
2026-03-16 15:59:47,616 - INFO - 
============================================================
2026-03-16 15:59:47,617 - INFO - Running paper trading for 2025-09-16
2026-03-16 15:59:47,617 - INFO - ============================================================
2026-03-16 15:59:47,617 - INFO - Portfolio construction: 38 longs, 38 shorts (from 38 candidates)
2026-03-16 15:59:47,617 - INFO - Vol targeting: rolling_vol=0.0469, scale=1.7072
2026-03-16 15:59:47,617 - INFO - PnL Net: 0.0006 | Scaled: 0.0011 | Turnover: 16.81% | Vol Scale: 1.71
2026-03-16 15:59:47,617 - INFO - 
============================================================
2026-03-16 15:59:47,617 - INFO - Running paper trading for 2025-09-17
2026-03-16 15:59:47,617 - INFO - ============================================================
2026-03-16 15:59:47,618 - INFO - Portfolio construction: 38 longs, 38 shorts (from 38 candidates)
2026-03-16 15:59:47,619 - INFO - Vol targeting: rolling_vol=0.0483, scale=1.6553
2026-03-16 15:59:47,619 - INFO - PnL Net: 0.0037 | Scaled: 0.0061 | Turnover: 15.39% | Vol Scale: 1.66
2026-03-16 15:59:47,619 - INFO - 
============================================================
2026-03-16 15:59:47,619 - INFO - Running paper trading for 2025-09-18
2026-03-16 15:59:47,619 - INFO - ============================================================
2026-03-16 15:59:47,620 - INFO - Portfolio construction: 38 longs, 38 shorts (from 38 candidates)
2026-03-16 15:59:47,620 - INFO - Vol targeting: rolling_vol=0.0490, scale=1.6323
2026-03-16 15:59:47,620 - INFO - PnL Net: -0.0028 | Scaled: -0.0045 | Turnover: 13.88% | Vol Scale: 1.63
2026-03-16 15:59:47,621 - INFO - 
============================================================
2026-03-16 15:59:47,621 - INFO - Running paper trading for 2025-09-19
2026-03-16 15:59:47,621 - INFO - ============================================================
2026-03-16 15:59:47,622 - INFO - Portfolio construction: 38 longs, 38 shorts (from 38 candidates)
2026-03-16 15:59:47,622 - INFO - Vol targeting: rolling_vol=0.0368, scale=2.0000
2026-03-16 15:59:47,622 - INFO - PnL Net: -0.0018 | Scaled: -0.0037 | Turnover: 14.15% | Vol Scale: 2.00
2026-03-16 15:59:47,622 - INFO - 
============================================================
2026-03-16 15:59:47,622 - INFO - Running paper trading for 2025-09-22
2026-03-16 15:59:47,622 - INFO - ============================================================
2026-03-16 15:59:47,623 - INFO - Portfolio construction: 38 longs, 38 shorts (from 38 candidates)
2026-03-16 15:59:47,623 - INFO - Vol targeting: rolling_vol=0.0347, scale=2.0000
2026-03-16 15:59:47,623 - INFO - PnL Net: -0.0022 | Scaled: -0.0044 | Turnover: 12.25% | Vol Scale: 2.00
2026-03-16 15:59:47,623 - INFO - 
============================================================
2026-03-16 15:59:47,623 - INFO - Running paper trading for 2025-09-23
2026-03-16 15:59:47,624 - INFO - ============================================================
2026-03-16 15:59:47,624 - INFO - Portfolio construction: 38 longs, 38 shorts (from 38 candidates)
2026-03-16 15:59:47,625 - INFO - Vol targeting: rolling_vol=0.0347, scale=2.0000
2026-03-16 15:59:47,625 - INFO - PnL Net: 0.0006 | Scaled: 0.0012 | Turnover: 11.55% | Vol Scale: 2.00
2026-03-16 15:59:47,625 - INFO - 
============================================================
2026-03-16 15:59:47,625 - INFO - Running paper trading for 2025-09-24
2026-03-16 15:59:47,625 - INFO - ============================================================
2026-03-16 15:59:47,626 - INFO - Portfolio construction: 38 longs, 38 shorts (from 38 candidates)
2026-03-16 15:59:47,627 - INFO - Vol targeting: rolling_vol=0.0370, scale=2.0000
2026-03-16 15:59:47,627 - WARNING - KS3 TRIGGERED: 60-day Sharpe -0.2339 < 0
2026-03-16 15:59:47,627 - INFO - PnL Net: -0.0044 | Scaled: -0.0087 | Turnover: 10.82% | Vol Scale: 2.00
2026-03-16 15:59:47,627 - INFO - 
============================================================
2026-03-16 15:59:47,627 - INFO - Running paper trading for 2025-09-25
2026-03-16 15:59:47,627 - INFO - ============================================================
2026-03-16 15:59:47,627 - INFO - Portfolio construction: 38 longs, 38 shorts (from 38 candidates)
2026-03-16 15:59:47,628 - INFO - Vol targeting: rolling_vol=0.0394, scale=2.0000
2026-03-16 15:59:47,628 - WARNING - KS3 TRIGGERED: 60-day Sharpe -0.0747 < 0
2026-03-16 15:59:47,628 - INFO - PnL Net: 0.0031 | Scaled: 0.0063 | Turnover: 11.32% | Vol Scale: 2.00
2026-03-16 15:59:47,628 - INFO - 
============================================================
2026-03-16 15:59:47,628 - INFO - Running paper trading for 2025-09-26
2026-03-16 15:59:47,628 - INFO - ============================================================
2026-03-16 15:59:47,629 - INFO - Portfolio construction: 38 longs, 38 shorts (from 38 candidates)
2026-03-16 15:59:47,630 - INFO - Vol targeting: rolling_vol=0.0396, scale=2.0000
2026-03-16 15:59:47,630 - WARNING - KS3 TRIGGERED: 60-day Sharpe -0.1133 < 0
2026-03-16 15:59:47,630 - INFO - PnL Net: 0.0009 | Scaled: 0.0019 | Turnover: 10.79% | Vol Scale: 2.00
2026-03-16 15:59:47,630 - INFO - 
============================================================
2026-03-16 15:59:47,630 - INFO - Running paper trading for 2025-09-29
2026-03-16 15:59:47,630 - INFO - ============================================================
2026-03-16 15:59:47,631 - INFO - Portfolio construction: 38 longs, 38 shorts (from 38 candidates)
2026-03-16 15:59:47,632 - INFO - Vol targeting: rolling_vol=0.0395, scale=2.0000
2026-03-16 15:59:47,632 - INFO - PnL Net: 0.0006 | Scaled: 0.0013 | Turnover: 18.78% | Vol Scale: 2.00
2026-03-16 15:59:47,632 - INFO - 
============================================================
2026-03-16 15:59:47,632 - INFO - Running paper trading for 2025-09-30
2026-03-16 15:59:47,632 - INFO - ============================================================
2026-03-16 15:59:47,632 - INFO - Portfolio construction: 38 longs, 38 shorts (from 38 candidates)
2026-03-16 15:59:47,632 - INFO - Vol targeting: rolling_vol=0.0394, scale=2.0000
2026-03-16 15:59:47,632 - INFO - PnL Net: 0.0013 | Scaled: 0.0026 | Turnover: 16.32% | Vol Scale: 2.00
2026-03-16 15:59:47,632 - INFO - 
============================================================
2026-03-16 15:59:47,632 - INFO - Running paper trading for 2025-10-01
2026-03-16 15:59:47,632 - INFO - ============================================================
2026-03-16 15:59:47,633 - INFO - Portfolio construction: 38 longs, 38 shorts (from 38 candidates)
2026-03-16 15:59:47,634 - INFO - Vol targeting: rolling_vol=0.0406, scale=1.9724
2026-03-16 15:59:47,634 - INFO - PnL Net: 0.0029 | Scaled: 0.0057 | Turnover: 13.62% | Vol Scale: 1.97
2026-03-16 15:59:47,634 - INFO - 
============================================================
2026-03-16 15:59:47,634 - INFO - Running paper trading for 2025-10-02
2026-03-16 15:59:47,634 - INFO - ============================================================
2026-03-16 15:59:47,635 - INFO - Portfolio construction: 38 longs, 38 shorts (from 38 candidates)
2026-03-16 15:59:47,635 - INFO - Vol targeting: rolling_vol=0.0415, scale=1.9257
2026-03-16 15:59:47,635 - INFO - PnL Net: 0.0028 | Scaled: 0.0053 | Turnover: 12.21% | Vol Scale: 1.93
2026-03-16 15:59:47,635 - INFO - 
============================================================
2026-03-16 15:59:47,635 - INFO - Running paper trading for 2025-10-03
2026-03-16 15:59:47,635 - INFO - ============================================================
2026-03-16 15:59:47,636 - INFO - Portfolio construction: 38 longs, 38 shorts (from 38 candidates)
2026-03-16 15:59:47,636 - INFO - Vol targeting: rolling_vol=0.0436, scale=1.8365
2026-03-16 15:59:47,636 - INFO - PnL Net: 0.0040 | Scaled: 0.0073 | Turnover: 10.49% | Vol Scale: 1.84
2026-03-16 15:59:47,636 - INFO - 
============================================================
2026-03-16 15:59:47,636 - INFO - Running paper trading for 2025-10-06
2026-03-16 15:59:47,636 - INFO - ============================================================
2026-03-16 15:59:47,639 - INFO - Portfolio construction: 38 longs, 38 shorts (from 38 candidates)
2026-03-16 15:59:47,639 - INFO - Vol targeting: rolling_vol=0.0440, scale=1.8163
2026-03-16 15:59:47,639 - INFO - PnL Net: -0.0017 | Scaled: -0.0032 | Turnover: 8.91% | Vol Scale: 1.82
2026-03-16 15:59:47,639 - INFO - 
============================================================
2026-03-16 15:59:47,639 - INFO - Running paper trading for 2025-10-07
2026-03-16 15:59:47,639 - INFO - ============================================================
2026-03-16 15:59:47,640 - INFO - Portfolio construction: 38 longs, 38 shorts (from 38 candidates)
2026-03-16 15:59:47,641 - INFO - Vol targeting: rolling_vol=0.0418, scale=1.9150
2026-03-16 15:59:47,641 - INFO - PnL Net: 0.0027 | Scaled: 0.0053 | Turnover: 7.62% | Vol Scale: 1.91
2026-03-16 15:59:47,641 - INFO - 
============================================================
2026-03-16 15:59:47,641 - INFO - Running paper trading for 2025-10-08
2026-03-16 15:59:47,641 - INFO - ============================================================
2026-03-16 15:59:47,642 - INFO - Portfolio construction: 38 longs, 38 shorts (from 38 candidates)
2026-03-16 15:59:47,642 - INFO - Vol targeting: rolling_vol=0.0400, scale=1.9984
2026-03-16 15:59:47,642 - INFO - PnL Net: -0.0012 | Scaled: -0.0024 | Turnover: 6.47% | Vol Scale: 2.00
2026-03-16 15:59:47,642 - INFO - 
============================================================
2026-03-16 15:59:47,642 - INFO - Running paper trading for 2025-10-09
2026-03-16 15:59:47,642 - INFO - ============================================================
2026-03-16 15:59:47,643 - INFO - Portfolio construction: 38 longs, 38 shorts (from 38 candidates)
2026-03-16 15:59:47,643 - INFO - Vol targeting: rolling_vol=0.0499, scale=1.6037
2026-03-16 15:59:47,644 - INFO - PnL Net: -0.0093 | Scaled: -0.0149 | Turnover: 6.11% | Vol Scale: 1.60
2026-03-16 15:59:47,644 - INFO - 
============================================================
2026-03-16 15:59:47,644 - INFO - Running paper trading for 2025-10-10
2026-03-16 15:59:47,644 - INFO - ============================================================
2026-03-16 15:59:47,644 - INFO - Portfolio construction: 38 longs, 38 shorts (from 38 candidates)
2026-03-16 15:59:47,644 - INFO - Vol targeting: rolling_vol=0.0501, scale=1.5958
2026-03-16 15:59:47,644 - INFO - PnL Net: 0.0026 | Scaled: 0.0041 | Turnover: 16.58% | Vol Scale: 1.60
2026-03-16 15:59:47,644 - INFO - 
============================================================
2026-03-16 15:59:47,644 - INFO - Running paper trading for 2025-10-13
2026-03-16 15:59:47,644 - INFO - ============================================================
2026-03-16 15:59:47,645 - INFO - Portfolio construction: 38 longs, 36 shorts (from 38 candidates)
2026-03-16 15:59:47,646 - INFO - Vol targeting: rolling_vol=0.0500, scale=1.5985
2026-03-16 15:59:47,646 - INFO - PnL Net: 0.0001 | Scaled: 0.0001 | Turnover: 21.87% | Vol Scale: 1.60
2026-03-16 15:59:47,646 - INFO - 
============================================================
2026-03-16 15:59:47,646 - INFO - Running paper trading for 2025-10-14
2026-03-16 15:59:47,646 - INFO - ============================================================
2026-03-16 15:59:47,647 - INFO - Portfolio construction: 38 longs, 38 shorts (from 38 candidates)
2026-03-16 15:59:47,648 - INFO - Vol targeting: rolling_vol=0.0503, scale=1.5894
2026-03-16 15:59:47,648 - INFO - PnL Net: 0.0017 | Scaled: 0.0028 | Turnover: 19.87% | Vol Scale: 1.59
2026-03-16 15:59:47,648 - INFO - 
============================================================
2026-03-16 15:59:47,648 - INFO - Running paper trading for 2025-10-15
2026-03-16 15:59:47,648 - INFO - ============================================================
2026-03-16 15:59:47,649 - INFO - Portfolio construction: 38 longs, 38 shorts (from 38 candidates)
2026-03-16 15:59:47,649 - INFO - Vol targeting: rolling_vol=0.0506, scale=1.5825
2026-03-16 15:59:47,650 - WARNING - KS3 TRIGGERED: 60-day Sharpe -0.2138 < 0
2026-03-16 15:59:47,650 - INFO - PnL Net: -0.0039 | Scaled: -0.0062 | Turnover: 19.76% | Vol Scale: 1.58
2026-03-16 15:59:47,650 - INFO - 
============================================================
2026-03-16 15:59:47,650 - INFO - Running paper trading for 2025-10-16
2026-03-16 15:59:47,650 - INFO - ============================================================
2026-03-16 15:59:47,651 - INFO - Portfolio construction: 38 longs, 38 shorts (from 38 candidates)
2026-03-16 15:59:47,651 - INFO - Vol targeting: rolling_vol=0.0497, scale=1.6093
2026-03-16 15:59:47,651 - INFO - PnL Net: 0.0004 | Scaled: 0.0006 | Turnover: 19.81% | Vol Scale: 1.61
2026-03-16 15:59:47,651 - INFO - 
============================================================
2026-03-16 15:59:47,651 - INFO - Running paper trading for 2025-10-17
2026-03-16 15:59:47,651 - INFO - ============================================================
2026-03-16 15:59:47,652 - INFO - Portfolio construction: 38 longs, 2 shorts (from 38 candidates)
2026-03-16 15:59:47,652 - INFO - Vol targeting: rolling_vol=0.0522, scale=1.5325
2026-03-16 15:59:47,652 - INFO - PnL Net: 0.0050 | Scaled: 0.0077 | Turnover: 21.18% | Vol Scale: 1.53
2026-03-16 15:59:47,652 - INFO - 
============================================================
2026-03-16 15:59:47,652 - INFO - Running paper trading for 2025-10-20
2026-03-16 15:59:47,652 - INFO - ============================================================
2026-03-16 15:59:47,654 - INFO - Portfolio construction: 38 longs, 38 shorts (from 38 candidates)
2026-03-16 15:59:47,654 - INFO - Vol targeting: rolling_vol=0.0521, scale=1.5369
2026-03-16 15:59:47,654 - INFO - PnL Net: 0.0028 | Scaled: 0.0043 | Turnover: 19.97% | Vol Scale: 1.54
2026-03-16 15:59:47,654 - INFO - 
============================================================
2026-03-16 15:59:47,654 - INFO - Running paper trading for 2025-10-21
2026-03-16 15:59:47,654 - INFO - ============================================================
2026-03-16 15:59:47,655 - INFO - Portfolio construction: 38 longs, 38 shorts (from 38 candidates)
2026-03-16 15:59:47,656 - INFO - Vol targeting: rolling_vol=0.0528, scale=1.5154
2026-03-16 15:59:47,656 - INFO - PnL Net: -0.0020 | Scaled: -0.0030 | Turnover: 17.75% | Vol Scale: 1.52
2026-03-16 15:59:47,656 - INFO - 
============================================================
2026-03-16 15:59:47,656 - INFO - Running paper trading for 2025-10-22
2026-03-16 15:59:47,656 - INFO - ============================================================
2026-03-16 15:59:47,657 - INFO - Portfolio construction: 38 longs, 38 shorts (from 38 candidates)
2026-03-16 15:59:47,657 - INFO - Vol targeting: rolling_vol=0.0516, scale=1.5499
2026-03-16 15:59:47,657 - INFO - PnL Net: 0.0046 | Scaled: 0.0071 | Turnover: 16.55% | Vol Scale: 1.55
2026-03-16 15:59:47,657 - INFO - 
============================================================
2026-03-16 15:59:47,657 - INFO - Running paper trading for 2025-10-23
2026-03-16 15:59:47,657 - INFO - ============================================================
2026-03-16 15:59:47,658 - INFO - Portfolio construction: 38 longs, 38 shorts (from 38 candidates)
2026-03-16 15:59:47,659 - INFO - Vol targeting: rolling_vol=0.0510, scale=1.5701
2026-03-16 15:59:47,659 - INFO - PnL Net: 0.0010 | Scaled: 0.0015 | Turnover: 18.04% | Vol Scale: 1.57
2026-03-16 15:59:47,659 - INFO - 
============================================================
2026-03-16 15:59:47,659 - INFO - Running paper trading for 2025-10-24
2026-03-16 15:59:47,659 - INFO - ============================================================
2026-03-16 15:59:47,659 - INFO - Portfolio construction: 38 longs, 38 shorts (from 38 candidates)
2026-03-16 15:59:47,660 - INFO - Vol targeting: rolling_vol=0.0511, scale=1.5665
2026-03-16 15:59:47,660 - INFO - PnL Net: 0.0018 | Scaled: 0.0028 | Turnover: 20.07% | Vol Scale: 1.57
2026-03-16 15:59:47,660 - INFO - 
============================================================
2026-03-16 15:59:47,660 - INFO - Running paper trading for 2025-10-27
2026-03-16 15:59:47,660 - INFO - ============================================================
2026-03-16 15:59:47,661 - INFO - Portfolio construction: 38 longs, 38 shorts (from 38 candidates)
2026-03-16 15:59:47,662 - INFO - Vol targeting: rolling_vol=0.0513, scale=1.5609
2026-03-16 15:59:47,662 - INFO - PnL Net: -0.0005 | Scaled: -0.0007 | Turnover: 20.20% | Vol Scale: 1.56
2026-03-16 15:59:47,662 - INFO - 
============================================================
2026-03-16 15:59:47,662 - INFO - Running paper trading for 2025-10-28
2026-03-16 15:59:47,662 - INFO - ============================================================
2026-03-16 15:59:47,662 - INFO - Portfolio construction: 38 longs, 38 shorts (from 38 candidates)
2026-03-16 15:59:47,663 - INFO - Vol targeting: rolling_vol=0.0516, scale=1.5503
2026-03-16 15:59:47,663 - INFO - PnL Net: -0.0011 | Scaled: -0.0017 | Turnover: 17.57% | Vol Scale: 1.55
2026-03-16 15:59:47,663 - INFO - 
============================================================
2026-03-16 15:59:47,663 - INFO - Running paper trading for 2025-10-29
2026-03-16 15:59:47,663 - INFO - ============================================================
2026-03-16 15:59:47,664 - INFO - Portfolio construction: 38 longs, 38 shorts (from 38 candidates)
2026-03-16 15:59:47,664 - INFO - Vol targeting: rolling_vol=0.0533, scale=1.4997
2026-03-16 15:59:47,664 - INFO - PnL Net: -0.0041 | Scaled: -0.0061 | Turnover: 16.24% | Vol Scale: 1.50
2026-03-16 15:59:47,664 - INFO - 
============================================================
2026-03-16 15:59:47,664 - INFO - Running paper trading for 2025-10-30
2026-03-16 15:59:47,664 - INFO - ============================================================
2026-03-16 15:59:47,665 - INFO - Portfolio construction: 38 longs, 38 shorts (from 38 candidates)
2026-03-16 15:59:47,666 - INFO - Vol targeting: rolling_vol=0.0529, scale=1.5111
2026-03-16 15:59:47,666 - INFO - PnL Net: 0.0019 | Scaled: 0.0029 | Turnover: 17.83% | Vol Scale: 1.51
2026-03-16 15:59:47,666 - INFO - 
============================================================
2026-03-16 15:59:47,666 - INFO - Running paper trading for 2025-10-31
2026-03-16 15:59:47,666 - INFO - ============================================================
2026-03-16 15:59:47,667 - INFO - Portfolio construction: 38 longs, 38 shorts (from 38 candidates)
2026-03-16 15:59:47,667 - INFO - Vol targeting: rolling_vol=0.0514, scale=1.5577
2026-03-16 15:59:47,667 - INFO - PnL Net: -0.0012 | Scaled: -0.0019 | Turnover: 17.75% | Vol Scale: 1.56
2026-03-16 15:59:47,667 - INFO - 
============================================================
2026-03-16 15:59:47,667 - INFO - Running paper trading for 2025-11-03
2026-03-16 15:59:47,667 - INFO - ============================================================
2026-03-16 15:59:47,668 - INFO - Portfolio construction: 38 longs, 38 shorts (from 38 candidates)
2026-03-16 15:59:47,668 - INFO - Vol targeting: rolling_vol=0.0532, scale=1.5032
2026-03-16 15:59:47,669 - INFO - PnL Net: -0.0044 | Scaled: -0.0065 | Turnover: 18.48% | Vol Scale: 1.50
2026-03-16 15:59:47,669 - INFO - 
============================================================
2026-03-16 15:59:47,669 - INFO - Running paper trading for 2025-11-04
2026-03-16 15:59:47,669 - INFO - ============================================================
2026-03-16 15:59:47,671 - INFO - Portfolio construction: 38 longs, 38 shorts (from 38 candidates)
2026-03-16 15:59:47,672 - INFO - Vol targeting: rolling_vol=0.0532, scale=1.5046
2026-03-16 15:59:47,672 - INFO - PnL Net: 0.0027 | Scaled: 0.0040 | Turnover: 18.50% | Vol Scale: 1.50
2026-03-16 15:59:47,672 - INFO - 
============================================================
2026-03-16 15:59:47,672 - INFO - Running paper trading for 2025-11-05
2026-03-16 15:59:47,672 - INFO - ============================================================
2026-03-16 15:59:47,673 - INFO - Portfolio construction: 38 longs, 38 shorts (from 38 candidates)
2026-03-16 15:59:47,673 - INFO - Vol targeting: rolling_vol=0.0556, scale=1.4381
2026-03-16 15:59:47,673 - WARNING - KS3 TRIGGERED: 60-day Sharpe -0.0205 < 0
2026-03-16 15:59:47,673 - INFO - PnL Net: -0.0050 | Scaled: -0.0071 | Turnover: 18.91% | Vol Scale: 1.44
2026-03-16 15:59:47,673 - INFO - 
============================================================
2026-03-16 15:59:47,673 - INFO - Running paper trading for 2025-11-06
2026-03-16 15:59:47,673 - INFO - ============================================================
2026-03-16 15:59:47,674 - INFO - Portfolio construction: 38 longs, 38 shorts (from 38 candidates)
2026-03-16 15:59:47,675 - INFO - Vol targeting: rolling_vol=0.0450, scale=1.7759
2026-03-16 15:59:47,675 - WARNING - KS3 TRIGGERED: 60-day Sharpe -0.0011 < 0
2026-03-16 15:59:47,675 - INFO - PnL Net: 0.0004 | Scaled: 0.0007 | Turnover: 19.27% | Vol Scale: 1.78
2026-03-16 15:59:47,675 - INFO - 
============================================================
2026-03-16 15:59:47,675 - INFO - Running paper trading for 2025-11-07
2026-03-16 15:59:47,675 - INFO - ============================================================
2026-03-16 15:59:47,676 - WARNING - No negative predictions for shorts - skipping short positions
2026-03-16 15:59:47,676 - INFO - Portfolio construction: 38 longs, 0 shorts (from 38 candidates)
2026-03-16 15:59:47,676 - INFO - Vol targeting: rolling_vol=0.0446, scale=1.7921
2026-03-16 15:59:47,676 - INFO - PnL Net: 0.0019 | Scaled: 0.0034 | Turnover: 13.18% | Vol Scale: 1.79
2026-03-16 15:59:47,676 - INFO - 
============================================================
2026-03-16 15:59:47,676 - INFO - Running paper trading for 2025-11-10
2026-03-16 15:59:47,676 - INFO - ============================================================
2026-03-16 15:59:47,677 - INFO - Portfolio construction: 38 longs, 38 shorts (from 38 candidates)
2026-03-16 15:59:47,678 - INFO - Vol targeting: rolling_vol=0.0454, scale=1.7634
2026-03-16 15:59:47,679 - INFO - PnL Net: 0.0024 | Scaled: 0.0043 | Turnover: 18.16% | Vol Scale: 1.76
2026-03-16 15:59:47,679 - INFO - 
============================================================
2026-03-16 15:59:47,679 - INFO - Running paper trading for 2025-11-11
2026-03-16 15:59:47,679 - INFO - ============================================================
2026-03-16 15:59:47,680 - INFO - Portfolio construction: 38 longs, 38 shorts (from 38 candidates)
2026-03-16 15:59:47,680 - INFO - Vol targeting: rolling_vol=0.0464, scale=1.7224
2026-03-16 15:59:47,680 - INFO - PnL Net: 0.0034 | Scaled: 0.0059 | Turnover: 16.31% | Vol Scale: 1.72
2026-03-16 15:59:47,680 - INFO - 
============================================================
2026-03-16 15:59:47,680 - INFO - Running paper trading for 2025-11-12
2026-03-16 15:59:47,680 - INFO - ============================================================
2026-03-16 15:59:47,681 - INFO - Portfolio construction: 38 longs, 38 shorts (from 38 candidates)
2026-03-16 15:59:47,682 - INFO - Vol targeting: rolling_vol=0.0448, scale=1.7861
2026-03-16 15:59:47,682 - INFO - PnL Net: -0.0022 | Scaled: -0.0039 | Turnover: 15.82% | Vol Scale: 1.79
2026-03-16 15:59:47,682 - INFO - 
============================================================
2026-03-16 15:59:47,682 - INFO - Running paper trading for 2025-11-13
2026-03-16 15:59:47,682 - INFO - ============================================================
2026-03-16 15:59:47,683 - INFO - Portfolio construction: 38 longs, 38 shorts (from 38 candidates)
2026-03-16 15:59:47,683 - INFO - Vol targeting: rolling_vol=0.0464, scale=1.7238
2026-03-16 15:59:47,683 - INFO - PnL Net: -0.0031 | Scaled: -0.0054 | Turnover: 17.53% | Vol Scale: 1.72
2026-03-16 15:59:47,683 - INFO - 
============================================================
2026-03-16 15:59:47,683 - INFO - Running paper trading for 2025-11-14
2026-03-16 15:59:47,683 - INFO - ============================================================
2026-03-16 15:59:47,684 - INFO - Portfolio construction: 38 longs, 38 shorts (from 38 candidates)
2026-03-16 15:59:47,685 - INFO - Vol targeting: rolling_vol=0.0494, scale=1.6195
2026-03-16 15:59:47,685 - WARNING - KS3 TRIGGERED: 60-day Sharpe -1.2139 < 0
2026-03-16 15:59:47,685 - INFO - PnL Net: -0.0071 | Scaled: -0.0114 | Turnover: 18.41% | Vol Scale: 1.62
2026-03-16 15:59:47,685 - INFO - 
============================================================
2026-03-16 15:59:47,685 - INFO - Running paper trading for 2025-11-17
2026-03-16 15:59:47,685 - INFO - ============================================================
2026-03-16 15:59:47,686 - INFO - Portfolio construction: 38 longs, 38 shorts (from 38 candidates)
2026-03-16 15:59:47,686 - INFO - Vol targeting: rolling_vol=0.0481, scale=1.6647
2026-03-16 15:59:47,686 - WARNING - KS3 TRIGGERED: 60-day Sharpe -0.9382 < 0
2026-03-16 15:59:47,687 - INFO - PnL Net: -0.0011 | Scaled: -0.0018 | Turnover: 18.60% | Vol Scale: 1.66
2026-03-16 15:59:47,687 - INFO - 
============================================================
2026-03-16 15:59:47,687 - INFO - Running paper trading for 2025-11-18
2026-03-16 15:59:47,687 - INFO - ============================================================
2026-03-16 15:59:47,688 - INFO - Portfolio construction: 38 longs, 38 shorts (from 38 candidates)
2026-03-16 15:59:47,688 - INFO - Vol targeting: rolling_vol=0.0478, scale=1.6738
2026-03-16 15:59:47,688 - WARNING - KS3 TRIGGERED: 60-day Sharpe -0.9945 < 0
2026-03-16 15:59:47,689 - INFO - PnL Net: -0.0001 | Scaled: -0.0002 | Turnover: 17.82% | Vol Scale: 1.67
2026-03-16 15:59:47,689 - INFO - 
============================================================
2026-03-16 15:59:47,689 - INFO - Running paper trading for 2025-11-19
2026-03-16 15:59:47,689 - INFO - ============================================================
2026-03-16 15:59:47,690 - INFO - Portfolio construction: 38 longs, 10 shorts (from 38 candidates)
2026-03-16 15:59:47,690 - INFO - Vol targeting: rolling_vol=0.0464, scale=1.7231
2026-03-16 15:59:47,690 - WARNING - KS3 TRIGGERED: 60-day Sharpe -1.4547 < 0
2026-03-16 15:59:47,690 - INFO - PnL Net: -0.0049 | Scaled: -0.0085 | Turnover: 20.34% | Vol Scale: 1.72
2026-03-16 15:59:47,690 - INFO - 
============================================================
2026-03-16 15:59:47,690 - INFO - Running paper trading for 2025-11-20
2026-03-16 15:59:47,690 - INFO - ============================================================
2026-03-16 15:59:47,691 - INFO - Portfolio construction: 38 longs, 4 shorts (from 38 candidates)
2026-03-16 15:59:47,691 - INFO - Vol targeting: rolling_vol=0.0537, scale=1.4897
2026-03-16 15:59:47,691 - WARNING - KS3 TRIGGERED: 60-day Sharpe -0.7805 < 0
2026-03-16 15:59:47,691 - INFO - PnL Net: 0.0070 | Scaled: 0.0104 | Turnover: 18.63% | Vol Scale: 1.49
2026-03-16 15:59:47,691 - INFO - 
============================================================
2026-03-16 15:59:47,691 - INFO - Running paper trading for 2025-11-21
2026-03-16 15:59:47,691 - INFO - ============================================================
2026-03-16 15:59:47,692 - WARNING - No negative predictions for shorts - skipping short positions
2026-03-16 15:59:47,692 - INFO - Portfolio construction: 38 longs, 0 shorts (from 38 candidates)
2026-03-16 15:59:47,693 - INFO - Vol targeting: rolling_vol=0.0544, scale=1.4711
2026-03-16 15:59:47,693 - WARNING - KS3 TRIGGERED: 60-day Sharpe -0.5647 < 0
2026-03-16 15:59:47,693 - INFO - PnL Net: 0.0028 | Scaled: 0.0041 | Turnover: 14.74% | Vol Scale: 1.47
2026-03-16 15:59:47,693 - INFO - 
============================================================
2026-03-16 15:59:47,693 - INFO - Running paper trading for 2025-11-24
2026-03-16 15:59:47,693 - INFO - ============================================================
2026-03-16 15:59:47,695 - INFO - Portfolio construction: 38 longs, 38 shorts (from 38 candidates)
2026-03-16 15:59:47,695 - INFO - Vol targeting: rolling_vol=0.0569, scale=1.4057
2026-03-16 15:59:47,695 - WARNING - KS3 TRIGGERED: 60-day Sharpe -0.0606 < 0
2026-03-16 15:59:47,695 - INFO - PnL Net: 0.0042 | Scaled: 0.0060 | Turnover: 18.63% | Vol Scale: 1.41
2026-03-16 15:59:47,695 - INFO - 
============================================================
2026-03-16 15:59:47,695 - INFO - Running paper trading for 2025-11-25
2026-03-16 15:59:47,695 - INFO - ============================================================
2026-03-16 15:59:47,696 - INFO - Portfolio construction: 38 longs, 29 shorts (from 38 candidates)
2026-03-16 15:59:47,697 - INFO - Vol targeting: rolling_vol=0.0582, scale=1.3744
2026-03-16 15:59:47,697 - INFO - PnL Net: 0.0033 | Scaled: 0.0045 | Turnover: 16.83% | Vol Scale: 1.37
2026-03-16 15:59:47,697 - INFO - 
============================================================
2026-03-16 15:59:47,697 - INFO - Running paper trading for 2025-11-26
2026-03-16 15:59:47,697 - INFO - ============================================================
2026-03-16 15:59:47,698 - INFO - Portfolio construction: 38 longs, 38 shorts (from 38 candidates)
2026-03-16 15:59:47,698 - INFO - Vol targeting: rolling_vol=0.0572, scale=1.3978
2026-03-16 15:59:47,698 - INFO - PnL Net: 0.0028 | Scaled: 0.0039 | Turnover: 19.67% | Vol Scale: 1.40
2026-03-16 15:59:47,698 - INFO - 
============================================================
2026-03-16 15:59:47,699 - INFO - Running paper trading for 2025-11-28
2026-03-16 15:59:47,699 - INFO - ============================================================
2026-03-16 15:59:47,700 - INFO - Portfolio construction: 38 longs, 38 shorts (from 38 candidates)
2026-03-16 15:59:47,700 - INFO - Vol targeting: rolling_vol=0.0570, scale=1.4044
2026-03-16 15:59:47,700 - INFO - PnL Net: -0.0008 | Scaled: -0.0011 | Turnover: 18.71% | Vol Scale: 1.40
2026-03-16 15:59:47,700 - INFO - 
============================================================
2026-03-16 15:59:47,700 - INFO - Running paper trading for 2025-12-01
2026-03-16 15:59:47,700 - INFO - ============================================================
2026-03-16 15:59:47,701 - INFO - Portfolio construction: 38 longs, 38 shorts (from 38 candidates)
2026-03-16 15:59:47,701 - INFO - Vol targeting: rolling_vol=0.0577, scale=1.3855
2026-03-16 15:59:47,701 - INFO - PnL Net: 0.0032 | Scaled: 0.0044 | Turnover: 17.87% | Vol Scale: 1.39
2026-03-16 15:59:47,701 - INFO - 
============================================================
2026-03-16 15:59:47,701 - INFO - Running paper trading for 2025-12-02
2026-03-16 15:59:47,701 - INFO - ============================================================
2026-03-16 15:59:47,703 - INFO - Portfolio construction: 38 longs, 38 shorts (from 38 candidates)
2026-03-16 15:59:47,703 - INFO - Vol targeting: rolling_vol=0.0579, scale=1.3813
2026-03-16 15:59:47,703 - INFO - PnL Net: 0.0056 | Scaled: 0.0077 | Turnover: 20.20% | Vol Scale: 1.38
2026-03-16 15:59:47,703 - INFO - 
============================================================
2026-03-16 15:59:47,703 - INFO - Running paper trading for 2025-12-03
2026-03-16 15:59:47,703 - INFO - ============================================================
2026-03-16 15:59:47,705 - INFO - Portfolio construction: 38 longs, 38 shorts (from 38 candidates)
2026-03-16 15:59:47,705 - INFO - Vol targeting: rolling_vol=0.0576, scale=1.3891
2026-03-16 15:59:47,705 - INFO - PnL Net: -0.0002 | Scaled: -0.0003 | Turnover: 19.11% | Vol Scale: 1.39
2026-03-16 15:59:47,705 - INFO - 
============================================================
2026-03-16 15:59:47,705 - INFO - Running paper trading for 2025-12-04
2026-03-16 15:59:47,705 - INFO - ============================================================
2026-03-16 15:59:47,706 - INFO - Portfolio construction: 38 longs, 3 shorts (from 38 candidates)
2026-03-16 15:59:47,706 - INFO - Vol targeting: rolling_vol=0.0539, scale=1.4845
2026-03-16 15:59:47,706 - INFO - PnL Net: 0.0005 | Scaled: 0.0008 | Turnover: 19.09% | Vol Scale: 1.48
2026-03-16 15:59:47,706 - INFO - 
============================================================
2026-03-16 15:59:47,706 - INFO - Running paper trading for 2025-12-05
2026-03-16 15:59:47,706 - INFO - ============================================================
2026-03-16 15:59:47,707 - INFO - Portfolio construction: 38 longs, 2 shorts (from 38 candidates)
2026-03-16 15:59:47,708 - INFO - Vol targeting: rolling_vol=0.0571, scale=1.4018
2026-03-16 15:59:47,708 - INFO - PnL Net: -0.0045 | Scaled: -0.0063 | Turnover: 19.14% | Vol Scale: 1.40
2026-03-16 15:59:47,708 - INFO - 
============================================================
2026-03-16 15:59:47,708 - INFO - Running paper trading for 2025-12-08
2026-03-16 15:59:47,708 - INFO - ============================================================
2026-03-16 15:59:47,709 - WARNING - No negative predictions for shorts - skipping short positions
2026-03-16 15:59:47,710 - INFO - Portfolio construction: 38 longs, 0 shorts (from 38 candidates)
2026-03-16 15:59:47,710 - INFO - Vol targeting: rolling_vol=0.0570, scale=1.4030
2026-03-16 15:59:47,710 - INFO - PnL Net: -0.0005 | Scaled: -0.0008 | Turnover: 15.68% | Vol Scale: 1.40
2026-03-16 15:59:47,710 - INFO - 
============================================================
2026-03-16 15:59:47,710 - INFO - Running paper trading for 2025-12-09
2026-03-16 15:59:47,710 - INFO - ============================================================
2026-03-16 15:59:47,711 - INFO - Portfolio construction: 38 longs, 2 shorts (from 38 candidates)
2026-03-16 15:59:47,711 - INFO - Vol targeting: rolling_vol=0.0607, scale=1.3183
2026-03-16 15:59:47,711 - INFO - PnL Net: 0.0068 | Scaled: 0.0089 | Turnover: 18.84% | Vol Scale: 1.32
2026-03-16 15:59:47,711 - INFO - 
============================================================
2026-03-16 15:59:47,711 - INFO - Running paper trading for 2025-12-10
2026-03-16 15:59:47,711 - INFO - ============================================================
2026-03-16 15:59:47,712 - WARNING - No negative predictions for shorts - skipping short positions
2026-03-16 15:59:47,712 - INFO - Portfolio construction: 38 longs, 0 shorts (from 38 candidates)
2026-03-16 15:59:47,712 - INFO - Vol targeting: rolling_vol=0.0675, scale=1.1847
2026-03-16 15:59:47,712 - INFO - PnL Net: 0.0096 | Scaled: 0.0114 | Turnover: 13.56% | Vol Scale: 1.18
2026-03-16 15:59:47,713 - INFO - 
============================================================
2026-03-16 15:59:47,713 - INFO - Running paper trading for 2025-12-11
2026-03-16 15:59:47,713 - INFO - ============================================================
2026-03-16 15:59:47,714 - INFO - Portfolio construction: 38 longs, 38 shorts (from 38 candidates)
2026-03-16 15:59:47,714 - INFO - Vol targeting: rolling_vol=0.0665, scale=1.2031
2026-03-16 15:59:47,714 - INFO - PnL Net: 0.0011 | Scaled: 0.0013 | Turnover: 17.58% | Vol Scale: 1.20
2026-03-16 15:59:47,715 - INFO - 
============================================================
2026-03-16 15:59:47,715 - INFO - Running paper trading for 2025-12-12
2026-03-16 15:59:47,715 - INFO - ============================================================
2026-03-16 15:59:47,716 - INFO - Portfolio construction: 38 longs, 38 shorts (from 38 candidates)
2026-03-16 15:59:47,716 - INFO - Vol targeting: rolling_vol=0.0646, scale=1.2379
2026-03-16 15:59:47,716 - INFO - PnL Net: 0.0020 | Scaled: 0.0025 | Turnover: 20.65% | Vol Scale: 1.24
2026-03-16 15:59:47,716 - INFO - 
============================================================
2026-03-16 15:59:47,716 - INFO - Running paper trading for 2025-12-15
2026-03-16 15:59:47,716 - INFO - ============================================================
2026-03-16 15:59:47,717 - INFO - Portfolio construction: 38 longs, 38 shorts (from 38 candidates)
2026-03-16 15:59:47,717 - INFO - Vol targeting: rolling_vol=0.0592, scale=1.3522
2026-03-16 15:59:47,717 - INFO - PnL Net: -0.0030 | Scaled: -0.0041 | Turnover: 19.78% | Vol Scale: 1.35
2026-03-16 15:59:47,717 - INFO - 
============================================================
2026-03-16 15:59:47,717 - INFO - Running paper trading for 2025-12-16
2026-03-16 15:59:47,717 - INFO - ============================================================
2026-03-16 15:59:47,718 - INFO - Portfolio construction: 38 longs, 38 shorts (from 38 candidates)
2026-03-16 15:59:47,719 - INFO - Vol targeting: rolling_vol=0.0591, scale=1.3527
2026-03-16 15:59:47,719 - INFO - PnL Net: -0.0011 | Scaled: -0.0014 | Turnover: 18.63% | Vol Scale: 1.35
2026-03-16 15:59:47,719 - INFO - 
============================================================
2026-03-16 15:59:47,719 - INFO - Running paper trading for 2025-12-17
2026-03-16 15:59:47,719 - INFO - ============================================================
2026-03-16 15:59:47,720 - INFO - Portfolio construction: 38 longs, 38 shorts (from 38 candidates)
2026-03-16 15:59:47,720 - INFO - Vol targeting: rolling_vol=0.0590, scale=1.3570
2026-03-16 15:59:47,720 - INFO - PnL Net: 0.0005 | Scaled: 0.0007 | Turnover: 18.11% | Vol Scale: 1.36
2026-03-16 15:59:47,720 - INFO - 
============================================================
2026-03-16 15:59:47,720 - INFO - Running paper trading for 2025-12-18
2026-03-16 15:59:47,720 - INFO - ============================================================
2026-03-16 15:59:47,721 - INFO - Portfolio construction: 38 longs, 38 shorts (from 38 candidates)
2026-03-16 15:59:47,722 - INFO - Vol targeting: rolling_vol=0.0538, scale=1.4865
2026-03-16 15:59:47,722 - INFO - PnL Net: 0.0014 | Scaled: 0.0021 | Turnover: 15.89% | Vol Scale: 1.49
2026-03-16 15:59:47,722 - INFO - 
============================================================
2026-03-16 15:59:47,722 - INFO - Running paper trading for 2025-12-19
2026-03-16 15:59:47,722 - INFO - ============================================================
2026-03-16 15:59:47,723 - INFO - Portfolio construction: 38 longs, 38 shorts (from 38 candidates)
2026-03-16 15:59:47,723 - INFO - Vol targeting: rolling_vol=0.0508, scale=1.5738
2026-03-16 15:59:47,723 - INFO - PnL Net: 0.0029 | Scaled: 0.0046 | Turnover: 15.26% | Vol Scale: 1.57
2026-03-16 15:59:47,723 - INFO - 
============================================================
2026-03-16 15:59:47,723 - INFO - Running paper trading for 2025-12-22
2026-03-16 15:59:47,723 - INFO - ============================================================
2026-03-16 15:59:47,725 - INFO - Portfolio construction: 38 longs, 38 shorts (from 38 candidates)
2026-03-16 15:59:47,725 - INFO - Vol targeting: rolling_vol=0.0516, scale=1.5517
2026-03-16 15:59:47,725 - INFO - PnL Net: -0.0009 | Scaled: -0.0014 | Turnover: 16.20% | Vol Scale: 1.55
2026-03-16 15:59:47,725 - INFO - 
============================================================
2026-03-16 15:59:47,725 - INFO - Running paper trading for 2025-12-23
2026-03-16 15:59:47,726 - INFO - ============================================================
2026-03-16 15:59:47,727 - INFO - Portfolio construction: 38 longs, 38 shorts (from 38 candidates)
2026-03-16 15:59:47,727 - INFO - Vol targeting: rolling_vol=0.0507, scale=1.5785
2026-03-16 15:59:47,727 - INFO - PnL Net: 0.0014 | Scaled: 0.0022 | Turnover: 18.49% | Vol Scale: 1.58
2026-03-16 15:59:47,727 - INFO - 
============================================================
2026-03-16 15:59:47,727 - INFO - Running paper trading for 2025-12-24
2026-03-16 15:59:47,727 - INFO - ============================================================
2026-03-16 15:59:47,728 - INFO - Portfolio construction: 38 longs, 38 shorts (from 38 candidates)
2026-03-16 15:59:47,728 - INFO - Vol targeting: rolling_vol=0.0504, scale=1.5889
2026-03-16 15:59:47,728 - INFO - PnL Net: 0.0005 | Scaled: 0.0008 | Turnover: 17.12% | Vol Scale: 1.59
2026-03-16 15:59:47,728 - INFO - 
============================================================
2026-03-16 15:59:47,728 - INFO - Running paper trading for 2025-12-26
2026-03-16 15:59:47,728 - INFO - ============================================================
2026-03-16 15:59:47,729 - INFO - Portfolio construction: 38 longs, 38 shorts (from 38 candidates)
2026-03-16 15:59:47,729 - INFO - Vol targeting: rolling_vol=0.0515, scale=1.5540
2026-03-16 15:59:47,729 - INFO - PnL Net: -0.0022 | Scaled: -0.0034 | Turnover: 16.78% | Vol Scale: 1.55
2026-03-16 15:59:47,730 - INFO - 
============================================================
2026-03-16 15:59:47,730 - INFO - Running paper trading for 2025-12-29
2026-03-16 15:59:47,730 - INFO - ============================================================
2026-03-16 15:59:47,731 - INFO - Portfolio construction: 38 longs, 38 shorts (from 38 candidates)
2026-03-16 15:59:47,731 - INFO - Vol targeting: rolling_vol=0.0514, scale=1.5572
2026-03-16 15:59:47,731 - INFO - PnL Net: -0.0006 | Scaled: -0.0009 | Turnover: 15.33% | Vol Scale: 1.56
2026-03-16 15:59:47,731 - INFO - 
============================================================
2026-03-16 15:59:47,731 - INFO - Running paper trading for 2026-02-06
2026-03-16 15:59:47,731 - INFO - ============================================================
2026-03-16 15:59:47,732 - INFO - Portfolio construction: 38 longs, 38 shorts (from 38 candidates)
2026-03-16 15:59:47,732 - INFO - Vol targeting: rolling_vol=0.0513, scale=1.5602
2026-03-16 15:59:47,732 - INFO - PnL Net: -0.0009 | Scaled: -0.0014 | Turnover: 21.13% | Vol Scale: 1.56
2026-03-16 15:59:47,732 - INFO - 
============================================================
2026-03-16 15:59:47,732 - INFO - Running paper trading for 2026-02-09
2026-03-16 15:59:47,732 - INFO - ============================================================
2026-03-16 15:59:47,733 - INFO - Portfolio construction: 38 longs, 38 shorts (from 38 candidates)
2026-03-16 15:59:47,734 - INFO - Vol targeting: rolling_vol=0.0485, scale=1.6506
2026-03-16 15:59:47,734 - INFO - PnL Net: -0.0001 | Scaled: -0.0001 | Turnover: 18.54% | Vol Scale: 1.65
2026-03-16 15:59:47,734 - INFO - 
============================================================
2026-03-16 15:59:47,734 - INFO - Running paper trading for 2026-02-10
2026-03-16 15:59:47,734 - INFO - ============================================================
2026-03-16 15:59:47,735 - INFO - Portfolio construction: 38 longs, 38 shorts (from 38 candidates)
2026-03-16 15:59:47,735 - INFO - Vol targeting: rolling_vol=0.0499, scale=1.6039
2026-03-16 15:59:47,735 - INFO - PnL Net: -0.0028 | Scaled: -0.0046 | Turnover: 16.26% | Vol Scale: 1.60
2026-03-16 15:59:47,735 - INFO - 
============================================================
2026-03-16 15:59:47,735 - INFO - Running paper trading for 2026-02-11
2026-03-16 15:59:47,735 - INFO - ============================================================
2026-03-16 15:59:47,737 - INFO - Portfolio construction: 38 longs, 38 shorts (from 38 candidates)
2026-03-16 15:59:47,737 - INFO - Vol targeting: rolling_vol=0.0606, scale=1.3194
2026-03-16 15:59:47,737 - INFO - PnL Net: -0.0095 | Scaled: -0.0125 | Turnover: 14.12% | Vol Scale: 1.32
2026-03-16 15:59:47,737 - INFO - 
============================================================
2026-03-16 15:59:47,737 - INFO - Running paper trading for 2026-02-12
2026-03-16 15:59:47,737 - INFO - ============================================================
2026-03-16 15:59:47,738 - INFO - Portfolio construction: 38 longs, 38 shorts (from 38 candidates)
2026-03-16 15:59:47,739 - INFO - Vol targeting: rolling_vol=0.0586, scale=1.3651
2026-03-16 15:59:47,739 - INFO - PnL Net: 0.0018 | Scaled: 0.0025 | Turnover: 12.15% | Vol Scale: 1.37
2026-03-16 15:59:47,739 - INFO - 
============================================================
2026-03-16 15:59:47,739 - INFO - Running paper trading for 2026-02-13
2026-03-16 15:59:47,739 - INFO - ============================================================
2026-03-16 15:59:47,739 - INFO - Portfolio construction: 38 longs, 38 shorts (from 38 candidates)
2026-03-16 15:59:47,739 - INFO - Vol targeting: rolling_vol=0.0585, scale=1.3670
2026-03-16 15:59:47,741 - INFO - PnL Net: 0.0002 | Scaled: 0.0003 | Turnover: 11.86% | Vol Scale: 1.37
2026-03-16 15:59:47,741 - INFO - 
============================================================
2026-03-16 15:59:47,741 - INFO - Running paper trading for 2026-02-17
2026-03-16 15:59:47,741 - INFO - ============================================================
2026-03-16 15:59:47,741 - INFO - Portfolio construction: 38 longs, 38 shorts (from 38 candidates)
2026-03-16 15:59:47,741 - INFO - Vol targeting: rolling_vol=0.0546, scale=1.4658
2026-03-16 15:59:47,742 - INFO - PnL Net: 0.0029 | Scaled: 0.0042 | Turnover: 10.41% | Vol Scale: 1.47
2026-03-16 15:59:47,742 - INFO - 
============================================================
2026-03-16 15:59:47,742 - INFO - Running paper trading for 2026-02-18
2026-03-16 15:59:47,742 - INFO - ============================================================
2026-03-16 15:59:47,743 - INFO - Portfolio construction: 38 longs, 38 shorts (from 38 candidates)
2026-03-16 15:59:47,743 - INFO - Vol targeting: rolling_vol=0.0428, scale=1.8675
2026-03-16 15:59:47,743 - INFO - PnL Net: -0.0022 | Scaled: -0.0041 | Turnover: 8.78% | Vol Scale: 1.87
2026-03-16 15:59:47,743 - INFO - 
============================================================
2026-03-16 15:59:47,743 - INFO - Running paper trading for 2026-02-19
2026-03-16 15:59:47,743 - INFO - ============================================================
2026-03-16 15:59:47,744 - INFO - Portfolio construction: 38 longs, 38 shorts (from 38 candidates)
2026-03-16 15:59:47,744 - INFO - Vol targeting: rolling_vol=0.0425, scale=1.8807
2026-03-16 15:59:47,745 - INFO - PnL Net: 0.0001 | Scaled: 0.0003 | Turnover: 7.95% | Vol Scale: 1.88
2026-03-16 15:59:47,745 - INFO - 
============================================================
2026-03-16 15:59:47,745 - INFO - Running paper trading for 2026-02-20
2026-03-16 15:59:47,745 - INFO - ============================================================
2026-03-16 15:59:47,746 - INFO - Portfolio construction: 38 longs, 38 shorts (from 38 candidates)
2026-03-16 15:59:47,746 - INFO - Vol targeting: rolling_vol=0.0467, scale=1.7140
2026-03-16 15:59:47,746 - INFO - PnL Net: -0.0068 | Scaled: -0.0116 | Turnover: 7.97% | Vol Scale: 1.71
2026-03-16 15:59:47,746 - INFO - 
============================================================
2026-03-16 15:59:47,746 - INFO - Running paper trading for 2026-02-23
2026-03-16 15:59:47,746 - INFO - ============================================================
2026-03-16 15:59:47,747 - INFO - Portfolio construction: 38 longs, 38 shorts (from 38 candidates)
2026-03-16 15:59:47,748 - INFO - Vol targeting: rolling_vol=0.0518, scale=1.5453
2026-03-16 15:59:47,748 - INFO - PnL Net: 0.0060 | Scaled: 0.0093 | Turnover: 7.07% | Vol Scale: 1.55
2026-03-16 15:59:47,748 - INFO - 
============================================================
2026-03-16 15:59:47,748 - INFO - Running paper trading for 2026-02-24
2026-03-16 15:59:47,748 - INFO - ============================================================
2026-03-16 15:59:47,749 - INFO - Portfolio construction: 38 longs, 38 shorts (from 38 candidates)
2026-03-16 15:59:47,749 - INFO - Vol targeting: rolling_vol=0.0565, scale=1.4169
2026-03-16 15:59:47,749 - INFO - PnL Net: 0.0061 | Scaled: 0.0087 | Turnover: 6.89% | Vol Scale: 1.42
2026-03-16 15:59:47,749 - INFO - 
============================================================
2026-03-16 15:59:47,749 - INFO - Running paper trading for 2026-02-25
2026-03-16 15:59:47,749 - INFO - ============================================================
2026-03-16 15:59:47,750 - INFO - Portfolio construction: 38 longs, 38 shorts (from 38 candidates)
2026-03-16 15:59:47,751 - INFO - Vol targeting: rolling_vol=0.0566, scale=1.4144
2026-03-16 15:59:47,751 - INFO - PnL Net: -0.0013 | Scaled: -0.0018 | Turnover: 6.04% | Vol Scale: 1.41
2026-03-16 15:59:47,751 - INFO - 
============================================================
2026-03-16 15:59:47,751 - INFO - Running paper trading for 2026-02-26
2026-03-16 15:59:47,751 - INFO - ============================================================
2026-03-16 15:59:47,751 - INFO - Portfolio construction: 38 longs, 38 shorts (from 38 candidates)
2026-03-16 15:59:47,752 - INFO - Vol targeting: rolling_vol=0.0588, scale=1.3597
2026-03-16 15:59:47,752 - INFO - PnL Net: -0.0052 | Scaled: -0.0071 | Turnover: 5.70% | Vol Scale: 1.36
2026-03-16 15:59:47,752 - INFO - 
============================================================
2026-03-16 15:59:47,752 - INFO - Running paper trading for 2026-02-27
2026-03-16 15:59:47,752 - INFO - ============================================================
2026-03-16 15:59:47,753 - INFO - Portfolio construction: 38 longs, 38 shorts (from 38 candidates)
2026-03-16 15:59:47,753 - INFO - Vol targeting: rolling_vol=0.0578, scale=1.3844
2026-03-16 15:59:47,754 - INFO - PnL Net: -0.0023 | Scaled: -0.0032 | Turnover: 5.32% | Vol Scale: 1.38
2026-03-16 15:59:47,754 - INFO - 
============================================================
2026-03-16 15:59:47,754 - INFO - Running paper trading for 2026-03-02
2026-03-16 15:59:47,754 - INFO - ============================================================
2026-03-16 15:59:47,755 - INFO - Portfolio construction: 38 longs, 38 shorts (from 38 candidates)
2026-03-16 15:59:47,755 - INFO - Vol targeting: rolling_vol=0.0580, scale=1.3792
2026-03-16 15:59:47,755 - INFO - PnL Net: -0.0022 | Scaled: -0.0031 | Turnover: 5.00% | Vol Scale: 1.38
2026-03-16 15:59:47,755 - INFO - 
============================================================
2026-03-16 15:59:47,755 - INFO - Running paper trading for 2026-03-03
2026-03-16 15:59:47,755 - INFO - ============================================================
2026-03-16 15:59:47,757 - INFO - Portfolio construction: 38 longs, 38 shorts (from 38 candidates)
2026-03-16 15:59:47,757 - INFO - Vol targeting: rolling_vol=0.0602, scale=1.3294
2026-03-16 15:59:47,757 - INFO - PnL Net: 0.0042 | Scaled: 0.0056 | Turnover: 5.60% | Vol Scale: 1.33
2026-03-16 15:59:47,757 - INFO - 
============================================================
2026-03-16 15:59:47,757 - INFO - Running paper trading for 2026-03-04
2026-03-16 15:59:47,757 - INFO - ============================================================
2026-03-16 15:59:47,758 - INFO - Portfolio construction: 38 longs, 38 shorts (from 38 candidates)
2026-03-16 15:59:47,759 - INFO - Vol targeting: rolling_vol=0.0613, scale=1.3057
2026-03-16 15:59:47,759 - INFO - PnL Net: 0.0028 | Scaled: 0.0037 | Turnover: 4.87% | Vol Scale: 1.31
2026-03-16 15:59:47,759 - INFO - 
============================================================
2026-03-16 15:59:47,759 - INFO - Running paper trading for 2026-03-05
2026-03-16 15:59:47,759 - INFO - ============================================================
2026-03-16 15:59:47,760 - INFO - Portfolio construction: 38 longs, 38 shorts (from 38 candidates)
2026-03-16 15:59:47,760 - INFO - Vol targeting: rolling_vol=0.0623, scale=1.2832
2026-03-16 15:59:47,760 - INFO - PnL Net: -0.0042 | Scaled: -0.0054 | Turnover: 4.08% | Vol Scale: 1.28
2026-03-16 15:59:47,760 - INFO - 
============================================================
2026-03-16 15:59:47,760 - INFO - Running paper trading for 2026-03-06
2026-03-16 15:59:47,760 - INFO - ============================================================
2026-03-16 15:59:47,761 - INFO - Portfolio construction: 38 longs, 38 shorts (from 38 candidates)
2026-03-16 15:59:47,761 - INFO - Vol targeting: rolling_vol=0.0625, scale=1.2798
2026-03-16 15:59:47,761 - INFO - PnL Net: 0.0006 | Scaled: 0.0008 | Turnover: 4.68% | Vol Scale: 1.28
2026-03-16 15:59:47,761 - INFO - 
============================================================
2026-03-16 15:59:47,761 - INFO - Running paper trading for 2026-03-09
2026-03-16 15:59:47,761 - INFO - ============================================================
2026-03-16 15:59:47,762 - INFO - Portfolio construction: 38 longs, 38 shorts (from 38 candidates)
2026-03-16 15:59:47,763 - INFO - Vol targeting: rolling_vol=0.0625, scale=1.2793
2026-03-16 15:59:47,763 - INFO - PnL Net: -0.0000 | Scaled: -0.0001 | Turnover: 5.24% | Vol Scale: 1.28
2026-03-16 15:59:47,763 - INFO - 
============================================================
2026-03-16 15:59:47,763 - INFO - Running paper trading for 2026-03-10
2026-03-16 15:59:47,763 - INFO - ============================================================
2026-03-16 15:59:47,764 - INFO - Portfolio construction: 38 longs, 38 shorts (from 38 candidates)
2026-03-16 15:59:47,764 - INFO - Vol targeting: rolling_vol=0.0630, scale=1.2696
2026-03-16 15:59:47,765 - INFO - PnL Net: 0.0017 | Scaled: 0.0021 | Turnover: 5.32% | Vol Scale: 1.27
2026-03-16 15:59:47,765 - INFO - 
============================================================
2026-03-16 15:59:47,765 - INFO - Running paper trading for 2026-03-11
2026-03-16 15:59:47,765 - INFO - ============================================================
2026-03-16 15:59:47,766 - INFO - Portfolio construction: 38 longs, 38 shorts (from 38 candidates)
2026-03-16 15:59:47,766 - INFO - Vol targeting: rolling_vol=0.0673, scale=1.1884
2026-03-16 15:59:47,766 - INFO - PnL Net: -0.0077 | Scaled: -0.0091 | Turnover: 5.08% | Vol Scale: 1.19
2026-03-16 15:59:47,766 - INFO - 
============================================================
2026-03-16 15:59:47,766 - INFO - Running paper trading for 2026-03-12
2026-03-16 15:59:47,766 - INFO - ============================================================
2026-03-16 15:59:47,767 - INFO - Portfolio construction: 38 longs, 38 shorts (from 38 candidates)
2026-03-16 15:59:47,767 - INFO - Vol targeting: rolling_vol=0.0614, scale=1.3024
2026-03-16 15:59:47,767 - INFO - PnL Net: -0.0048 | Scaled: -0.0063 | Turnover: 5.04% | Vol Scale: 1.30
2026-03-16 15:59:47,767 - INFO - 
============================================================
2026-03-16 15:59:47,767 - INFO - Running paper trading for 2026-03-13
2026-03-16 15:59:47,767 - INFO - ============================================================
2026-03-16 15:59:47,768 - INFO - Portfolio construction: 38 longs, 38 shorts (from 38 candidates)
2026-03-16 15:59:47,769 - INFO - Vol targeting: rolling_vol=0.0634, scale=1.2617
2026-03-16 15:59:47,769 - INFO - PnL Net: 0.0045 | Scaled: 0.0057 | Turnover: 4.73% | Vol Scale: 1.26
2026-03-16 15:59:47,772 - INFO - Saved daily results to C:\Users\luixj\AI\stock-data\data\processed\phase4\phase4_paper_trading_daily.parquet
2026-03-16 15:59:47,772 - INFO - Saved summary to C:\Users\luixj\AI\stock-data\data\processed\phase4\phase4_paper_trading_summary.json
2026-03-16 15:59:47,773 - INFO - 
============================================================
2026-03-16 15:59:47,773 - INFO - PAPER TRADING SUMMARY
2026-03-16 15:59:47,773 - INFO - ============================================================
2026-03-16 15:59:47,773 - INFO - Trading Days: 213
2026-03-16 15:59:47,773 - INFO - 
RAW PERFORMANCE (no vol targeting):
2026-03-16 15:59:47,773 - INFO -   Sharpe Ratio: 0.86
2026-03-16 15:59:47,773 - INFO -   Annual Return: 6.19%
2026-03-16 15:59:47,773 - INFO -   Volatility: 7.18%
2026-03-16 15:59:47,773 - INFO - 
VOL-TARGETED PERFORMANCE:
2026-03-16 15:59:47,773 - INFO -   Sharpe Ratio: 0.71
2026-03-16 15:59:47,773 - INFO -   Annual Return: 6.36%
2026-03-16 15:59:47,773 - INFO -   Volatility: 8.92%
2026-03-16 15:59:47,773 - INFO - 
RISK METRICS:
2026-03-16 15:59:47,773 - INFO -   Max Drawdown: -4.72%
2026-03-16 15:59:47,773 - INFO -   Long Sharpe: 0.36
2026-03-16 15:59:47,773 - INFO -   Short Sharpe: 0.86
2026-03-16 15:59:47,773 - INFO - 
EXECUTION:
2026-03-16 15:59:47,773 - INFO -   Avg Turnover: 17.00%
2026-03-16 15:59:47,773 - INFO -   Avg Cost: 0.4 bps
2026-03-16 15:59:47,773 - INFO - 
KILL SWITCHES:
2026-03-16 15:59:47,773 - INFO -   Events: 15 (7.0% of days)
2026-03-16 15:59:47,773 - INFO - ============================================================
2026-03-16 15:59:47,773 - INFO - Simulation complete: 213 days | Sharpe(scaled)=0.71 | MaxDD=-4.7%
2026-03-16 15:59:48,306 - INFO - ============================================================
2026-03-16 15:59:48,306 - INFO - STEP 6: Syncing Qdrant
2026-03-16 15:59:48,306 - INFO - ============================================================
2026-03-16 15:59:48,676 - INFO - HTTP Request: GET http://localhost:6333 "HTTP/1.1 200 OK"
2026-03-16 15:59:48,683 - INFO - HTTP Request: GET http://localhost:6333/collections/stock_recommendations "HTTP/1.1 200 OK"
2026-03-16 15:59:48,684 - INFO - Collection 'stock_recommendations' already exists.
2026-03-16 15:59:48,686 - INFO - HTTP Request: GET http://localhost:6333/collections/trading_results "HTTP/1.1 200 OK"
2026-03-16 15:59:48,687 - INFO - Collection 'trading_results' already exists.
2026-03-16 15:59:48,690 - INFO - HTTP Request: GET http://localhost:6333/collections/performance_metrics "HTTP/1.1 200 OK"
2026-03-16 15:59:48,690 - INFO - Collection 'performance_metrics' already exists.
2026-03-16 15:59:48,692 - INFO - HTTP Request: GET http://localhost:6333/collections/daily_trade_strategies "HTTP/1.1 200 OK"
2026-03-16 15:59:48,693 - INFO - Collection 'daily_trade_strategies' already exists.
2026-03-16 15:59:48,711 - INFO - HTTP Request: POST http://localhost:6333/collections/stock_recommendations/points/delete?wait=true "HTTP/1.1 200 OK"
2026-03-16 15:59:48,713 - INFO - Cleared 'stock_recommendations'.
2026-03-16 15:59:48,716 - INFO - HTTP Request: POST http://localhost:6333/collections/trading_results/points/delete?wait=true "HTTP/1.1 200 OK"
2026-03-16 15:59:48,716 - INFO - Cleared 'trading_results'.
2026-03-16 15:59:48,719 - INFO - HTTP Request: POST http://localhost:6333/collections/performance_metrics/points/delete?wait=true "HTTP/1.1 200 OK"
2026-03-16 15:59:48,719 - INFO - Cleared 'performance_metrics'.
2026-03-16 15:59:48,746 - INFO - HTTP Request: POST http://localhost:6333/collections/daily_trade_strategies/points/delete?wait=true "HTTP/1.1 200 OK"
2026-03-16 15:59:48,746 - INFO - Cleared 'daily_trade_strategies'.
2026-03-16 15:59:48,755 - INFO - HTTP Request: PUT http://localhost:6333/collections/stock_recommendations/points?wait=true "HTTP/1.1 200 OK"
2026-03-16 15:59:48,783 - INFO - HTTP Request: PUT http://localhost:6333/collections/daily_trade_strategies/points?wait=true "HTTP/1.1 200 OK"
2026-03-16 15:59:48,790 - INFO - HTTP Request: PUT http://localhost:6333/collections/trading_results/points?wait=true "HTTP/1.1 200 OK"
2026-03-16 15:59:48,798 - INFO - HTTP Request: PUT http://localhost:6333/collections/stock_recommendations/points?wait=true "HTTP/1.1 200 OK"
2026-03-16 15:59:48,848 - INFO - HTTP Request: PUT http://localhost:6333/collections/daily_trade_strategies/points?wait=true "HTTP/1.1 200 OK"
2026-03-16 15:59:48,851 - INFO - HTTP Request: PUT http://localhost:6333/collections/trading_results/points?wait=true "HTTP/1.1 200 OK"
2026-03-16 15:59:48,859 - INFO - HTTP Request: PUT http://localhost:6333/collections/stock_recommendations/points?wait=true "HTTP/1.1 200 OK"
2026-03-16 15:59:48,884 - INFO - HTTP Request: PUT http://localhost:6333/collections/daily_trade_strategies/points?wait=true "HTTP/1.1 200 OK"
2026-03-16 15:59:48,909 - INFO - HTTP Request: PUT http://localhost:6333/collections/trading_results/points?wait=true "HTTP/1.1 200 OK"
2026-03-16 15:59:48,922 - INFO - HTTP Request: PUT http://localhost:6333/collections/stock_recommendations/points?wait=true "HTTP/1.1 200 OK"
2026-03-16 15:59:48,973 - INFO - HTTP Request: PUT http://localhost:6333/collections/daily_trade_strategies/points?wait=true "HTTP/1.1 200 OK"
2026-03-16 15:59:49,000 - INFO - HTTP Request: PUT http://localhost:6333/collections/trading_results/points?wait=true "HTTP/1.1 200 OK"
2026-03-16 15:59:49,008 - INFO - HTTP Request: PUT http://localhost:6333/collections/stock_recommendations/points?wait=true "HTTP/1.1 200 OK"
2026-03-16 15:59:49,034 - INFO - HTTP Request: PUT http://localhost:6333/collections/daily_trade_strategies/points?wait=true "HTTP/1.1 200 OK"
2026-03-16 15:59:49,049 - INFO - HTTP Request: PUT http://localhost:6333/collections/trading_results/points?wait=true "HTTP/1.1 200 OK"
2026-03-16 15:59:49,059 - INFO - HTTP Request: PUT http://localhost:6333/collections/stock_recommendations/points?wait=true "HTTP/1.1 200 OK"
2026-03-16 15:59:49,095 - INFO - HTTP Request: PUT http://localhost:6333/collections/daily_trade_strategies/points?wait=true "HTTP/1.1 200 OK"
2026-03-16 15:59:49,109 - INFO - HTTP Request: PUT http://localhost:6333/collections/trading_results/points?wait=true "HTTP/1.1 200 OK"
2026-03-16 15:59:49,126 - INFO - HTTP Request: PUT http://localhost:6333/collections/stock_recommendations/points?wait=true "HTTP/1.1 200 OK"
2026-03-16 15:59:49,172 - INFO - HTTP Request: PUT http://localhost:6333/collections/daily_trade_strategies/points?wait=true "HTTP/1.1 200 OK"
2026-03-16 15:59:49,176 - INFO - HTTP Request: PUT http://localhost:6333/collections/trading_results/points?wait=true "HTTP/1.1 200 OK"
2026-03-16 15:59:49,183 - INFO - HTTP Request: PUT http://localhost:6333/collections/stock_recommendations/points?wait=true "HTTP/1.1 200 OK"
2026-03-16 15:59:49,209 - INFO - HTTP Request: PUT http://localhost:6333/collections/daily_trade_strategies/points?wait=true "HTTP/1.1 200 OK"
2026-03-16 15:59:49,212 - INFO - HTTP Request: PUT http://localhost:6333/collections/trading_results/points?wait=true "HTTP/1.1 200 OK"
2026-03-16 15:59:49,219 - INFO - HTTP Request: PUT http://localhost:6333/collections/stock_recommendations/points?wait=true "HTTP/1.1 200 OK"
2026-03-16 15:59:49,246 - INFO - HTTP Request: PUT http://localhost:6333/collections/daily_trade_strategies/points?wait=true "HTTP/1.1 200 OK"
2026-03-16 15:59:49,249 - INFO - HTTP Request: PUT http://localhost:6333/collections/trading_results/points?wait=true "HTTP/1.1 200 OK"
2026-03-16 15:59:49,257 - INFO - HTTP Request: PUT http://localhost:6333/collections/stock_recommendations/points?wait=true "HTTP/1.1 200 OK"
2026-03-16 15:59:49,284 - INFO - HTTP Request: PUT http://localhost:6333/collections/daily_trade_strategies/points?wait=true "HTTP/1.1 200 OK"
2026-03-16 15:59:49,287 - INFO - HTTP Request: PUT http://localhost:6333/collections/trading_results/points?wait=true "HTTP/1.1 200 OK"
2026-03-16 15:59:49,311 - INFO - HTTP Request: PUT http://localhost:6333/collections/stock_recommendations/points?wait=true "HTTP/1.1 200 OK"
2026-03-16 15:59:49,357 - INFO - HTTP Request: PUT http://localhost:6333/collections/daily_trade_strategies/points?wait=true "HTTP/1.1 200 OK"
2026-03-16 15:59:49,361 - INFO - HTTP Request: PUT http://localhost:6333/collections/trading_results/points?wait=true "HTTP/1.1 200 OK"
2026-03-16 15:59:49,369 - INFO - HTTP Request: PUT http://localhost:6333/collections/stock_recommendations/points?wait=true "HTTP/1.1 200 OK"
2026-03-16 15:59:49,397 - INFO - HTTP Request: PUT http://localhost:6333/collections/daily_trade_strategies/points?wait=true "HTTP/1.1 200 OK"
2026-03-16 15:59:49,402 - INFO - HTTP Request: PUT http://localhost:6333/collections/trading_results/points?wait=true "HTTP/1.1 200 OK"
2026-03-16 15:59:49,420 - INFO - HTTP Request: PUT http://localhost:6333/collections/stock_recommendations/points?wait=true "HTTP/1.1 200 OK"
2026-03-16 15:59:49,446 - INFO - HTTP Request: PUT http://localhost:6333/collections/daily_trade_strategies/points?wait=true "HTTP/1.1 200 OK"
2026-03-16 15:59:49,449 - INFO - HTTP Request: PUT http://localhost:6333/collections/trading_results/points?wait=true "HTTP/1.1 200 OK"
2026-03-16 15:59:49,455 - INFO - HTTP Request: PUT http://localhost:6333/collections/stock_recommendations/points?wait=true "HTTP/1.1 200 OK"
2026-03-16 15:59:49,479 - INFO - HTTP Request: PUT http://localhost:6333/collections/daily_trade_strategies/points?wait=true "HTTP/1.1 200 OK"
2026-03-16 15:59:49,484 - INFO - HTTP Request: PUT http://localhost:6333/collections/trading_results/points?wait=true "HTTP/1.1 200 OK"
2026-03-16 15:59:49,490 - INFO - HTTP Request: PUT http://localhost:6333/collections/stock_recommendations/points?wait=true "HTTP/1.1 200 OK"
2026-03-16 15:59:49,517 - INFO - HTTP Request: PUT http://localhost:6333/collections/daily_trade_strategies/points?wait=true "HTTP/1.1 200 OK"
2026-03-16 15:59:49,520 - INFO - HTTP Request: PUT http://localhost:6333/collections/trading_results/points?wait=true "HTTP/1.1 200 OK"
2026-03-16 15:59:49,526 - INFO - HTTP Request: PUT http://localhost:6333/collections/stock_recommendations/points?wait=true "HTTP/1.1 200 OK"
2026-03-16 15:59:49,550 - INFO - HTTP Request: PUT http://localhost:6333/collections/daily_trade_strategies/points?wait=true "HTTP/1.1 200 OK"
2026-03-16 15:59:49,556 - INFO - HTTP Request: PUT http://localhost:6333/collections/trading_results/points?wait=true "HTTP/1.1 200 OK"
2026-03-16 15:59:49,563 - INFO - HTTP Request: PUT http://localhost:6333/collections/stock_recommendations/points?wait=true "HTTP/1.1 200 OK"
2026-03-16 15:59:49,590 - INFO - HTTP Request: PUT http://localhost:6333/collections/daily_trade_strategies/points?wait=true "HTTP/1.1 200 OK"
2026-03-16 15:59:49,595 - INFO - HTTP Request: PUT http://localhost:6333/collections/trading_results/points?wait=true "HTTP/1.1 200 OK"
2026-03-16 15:59:49,601 - INFO - HTTP Request: PUT http://localhost:6333/collections/stock_recommendations/points?wait=true "HTTP/1.1 200 OK"
2026-03-16 15:59:49,629 - INFO - HTTP Request: PUT http://localhost:6333/collections/daily_trade_strategies/points?wait=true "HTTP/1.1 200 OK"
2026-03-16 15:59:49,632 - INFO - HTTP Request: PUT http://localhost:6333/collections/trading_results/points?wait=true "HTTP/1.1 200 OK"
2026-03-16 15:59:49,654 - INFO - HTTP Request: PUT http://localhost:6333/collections/stock_recommendations/points?wait=true "HTTP/1.1 200 OK"
2026-03-16 15:59:49,682 - INFO - HTTP Request: PUT http://localhost:6333/collections/daily_trade_strategies/points?wait=true "HTTP/1.1 200 OK"
2026-03-16 15:59:49,685 - INFO - HTTP Request: PUT http://localhost:6333/collections/trading_results/points?wait=true "HTTP/1.1 200 OK"
2026-03-16 15:59:49,693 - INFO - HTTP Request: PUT http://localhost:6333/collections/stock_recommendations/points?wait=true "HTTP/1.1 200 OK"
2026-03-16 15:59:49,718 - INFO - HTTP Request: PUT http://localhost:6333/collections/daily_trade_strategies/points?wait=true "HTTP/1.1 200 OK"
2026-03-16 15:59:49,725 - INFO - HTTP Request: PUT http://localhost:6333/collections/trading_results/points?wait=true "HTTP/1.1 200 OK"
2026-03-16 15:59:49,747 - INFO - HTTP Request: PUT http://localhost:6333/collections/stock_recommendations/points?wait=true "HTTP/1.1 200 OK"
2026-03-16 15:59:49,774 - INFO - HTTP Request: PUT http://localhost:6333/collections/daily_trade_strategies/points?wait=true "HTTP/1.1 200 OK"
2026-03-16 15:59:49,777 - INFO - HTTP Request: PUT http://localhost:6333/collections/trading_results/points?wait=true "HTTP/1.1 200 OK"
2026-03-16 15:59:49,785 - INFO - HTTP Request: PUT http://localhost:6333/collections/stock_recommendations/points?wait=true "HTTP/1.1 200 OK"
2026-03-16 15:59:49,813 - INFO - HTTP Request: PUT http://localhost:6333/collections/daily_trade_strategies/points?wait=true "HTTP/1.1 200 OK"
2026-03-16 15:59:49,817 - INFO - HTTP Request: PUT http://localhost:6333/collections/trading_results/points?wait=true "HTTP/1.1 200 OK"
2026-03-16 15:59:49,827 - INFO - HTTP Request: PUT http://localhost:6333/collections/stock_recommendations/points?wait=true "HTTP/1.1 200 OK"
2026-03-16 15:59:49,861 - INFO - HTTP Request: PUT http://localhost:6333/collections/daily_trade_strategies/points?wait=true "HTTP/1.1 200 OK"
2026-03-16 15:59:49,865 - INFO - HTTP Request: PUT http://localhost:6333/collections/trading_results/points?wait=true "HTTP/1.1 200 OK"
2026-03-16 15:59:49,875 - INFO - HTTP Request: PUT http://localhost:6333/collections/stock_recommendations/points?wait=true "HTTP/1.1 200 OK"
2026-03-16 15:59:49,901 - INFO - HTTP Request: PUT http://localhost:6333/collections/daily_trade_strategies/points?wait=true "HTTP/1.1 200 OK"
2026-03-16 15:59:49,905 - INFO - HTTP Request: PUT http://localhost:6333/collections/trading_results/points?wait=true "HTTP/1.1 200 OK"
2026-03-16 15:59:49,934 - INFO - HTTP Request: PUT http://localhost:6333/collections/stock_recommendations/points?wait=true "HTTP/1.1 200 OK"
2026-03-16 15:59:49,980 - INFO - HTTP Request: PUT http://localhost:6333/collections/daily_trade_strategies/points?wait=true "HTTP/1.1 200 OK"
2026-03-16 15:59:49,985 - INFO - HTTP Request: PUT http://localhost:6333/collections/trading_results/points?wait=true "HTTP/1.1 200 OK"
2026-03-16 15:59:50,012 - INFO - HTTP Request: PUT http://localhost:6333/collections/stock_recommendations/points?wait=true "HTTP/1.1 200 OK"
2026-03-16 15:59:50,060 - INFO - HTTP Request: PUT http://localhost:6333/collections/daily_trade_strategies/points?wait=true "HTTP/1.1 200 OK"
2026-03-16 15:59:50,065 - INFO - HTTP Request: PUT http://localhost:6333/collections/trading_results/points?wait=true "HTTP/1.1 200 OK"
2026-03-16 15:59:50,091 - INFO - HTTP Request: PUT http://localhost:6333/collections/stock_recommendations/points?wait=true "HTTP/1.1 200 OK"
2026-03-16 15:59:50,116 - INFO - HTTP Request: PUT http://localhost:6333/collections/daily_trade_strategies/points?wait=true "HTTP/1.1 200 OK"
2026-03-16 15:59:50,120 - INFO - HTTP Request: PUT http://localhost:6333/collections/trading_results/points?wait=true "HTTP/1.1 200 OK"
2026-03-16 15:59:50,138 - INFO - HTTP Request: PUT http://localhost:6333/collections/stock_recommendations/points?wait=true "HTTP/1.1 200 OK"
2026-03-16 15:59:50,185 - INFO - HTTP Request: PUT http://localhost:6333/collections/daily_trade_strategies/points?wait=true "HTTP/1.1 200 OK"
2026-03-16 15:59:50,190 - INFO - HTTP Request: PUT http://localhost:6333/collections/trading_results/points?wait=true "HTTP/1.1 200 OK"
2026-03-16 15:59:50,198 - INFO - HTTP Request: PUT http://localhost:6333/collections/stock_recommendations/points?wait=true "HTTP/1.1 200 OK"
2026-03-16 15:59:50,248 - INFO - HTTP Request: PUT http://localhost:6333/collections/daily_trade_strategies/points?wait=true "HTTP/1.1 200 OK"
2026-03-16 15:59:50,253 - INFO - HTTP Request: PUT http://localhost:6333/collections/trading_results/points?wait=true "HTTP/1.1 200 OK"
2026-03-16 15:59:50,262 - INFO - HTTP Request: PUT http://localhost:6333/collections/stock_recommendations/points?wait=true "HTTP/1.1 200 OK"
2026-03-16 15:59:50,287 - INFO - HTTP Request: PUT http://localhost:6333/collections/daily_trade_strategies/points?wait=true "HTTP/1.1 200 OK"
2026-03-16 15:59:50,293 - INFO - HTTP Request: PUT http://localhost:6333/collections/trading_results/points?wait=true "HTTP/1.1 200 OK"
2026-03-16 15:59:50,300 - INFO - HTTP Request: PUT http://localhost:6333/collections/stock_recommendations/points?wait=true "HTTP/1.1 200 OK"
2026-03-16 15:59:50,340 - INFO - HTTP Request: PUT http://localhost:6333/collections/daily_trade_strategies/points?wait=true "HTTP/1.1 200 OK"
2026-03-16 15:59:50,355 - INFO - HTTP Request: PUT http://localhost:6333/collections/trading_results/points?wait=true "HTTP/1.1 200 OK"
2026-03-16 15:59:50,387 - INFO - HTTP Request: PUT http://localhost:6333/collections/stock_recommendations/points?wait=true "HTTP/1.1 200 OK"
2026-03-16 15:59:50,413 - INFO - HTTP Request: PUT http://localhost:6333/collections/daily_trade_strategies/points?wait=true "HTTP/1.1 200 OK"
2026-03-16 15:59:50,433 - INFO - HTTP Request: PUT http://localhost:6333/collections/trading_results/points?wait=true "HTTP/1.1 200 OK"
2026-03-16 15:59:50,465 - INFO - HTTP Request: PUT http://localhost:6333/collections/stock_recommendations/points?wait=true "HTTP/1.1 200 OK"
2026-03-16 15:59:50,511 - INFO - HTTP Request: PUT http://localhost:6333/collections/daily_trade_strategies/points?wait=true "HTTP/1.1 200 OK"
2026-03-16 15:59:50,514 - INFO - HTTP Request: PUT http://localhost:6333/collections/trading_results/points?wait=true "HTTP/1.1 200 OK"
2026-03-16 15:59:50,522 - INFO - HTTP Request: PUT http://localhost:6333/collections/stock_recommendations/points?wait=true "HTTP/1.1 200 OK"
2026-03-16 15:59:50,573 - INFO - HTTP Request: PUT http://localhost:6333/collections/daily_trade_strategies/points?wait=true "HTTP/1.1 200 OK"
2026-03-16 15:59:50,577 - INFO - HTTP Request: PUT http://localhost:6333/collections/trading_results/points?wait=true "HTTP/1.1 200 OK"
2026-03-16 15:59:50,585 - INFO - HTTP Request: PUT http://localhost:6333/collections/stock_recommendations/points?wait=true "HTTP/1.1 200 OK"
2026-03-16 15:59:50,612 - INFO - HTTP Request: PUT http://localhost:6333/collections/daily_trade_strategies/points?wait=true "HTTP/1.1 200 OK"
2026-03-16 15:59:50,615 - INFO - HTTP Request: PUT http://localhost:6333/collections/trading_results/points?wait=true "HTTP/1.1 200 OK"
2026-03-16 15:59:50,623 - INFO - HTTP Request: PUT http://localhost:6333/collections/stock_recommendations/points?wait=true "HTTP/1.1 200 OK"
2026-03-16 15:59:50,648 - INFO - HTTP Request: PUT http://localhost:6333/collections/daily_trade_strategies/points?wait=true "HTTP/1.1 200 OK"
2026-03-16 15:59:50,652 - INFO - HTTP Request: PUT http://localhost:6333/collections/trading_results/points?wait=true "HTTP/1.1 200 OK"
2026-03-16 15:59:50,680 - INFO - HTTP Request: PUT http://localhost:6333/collections/stock_recommendations/points?wait=true "HTTP/1.1 200 OK"
2026-03-16 15:59:50,707 - INFO - HTTP Request: PUT http://localhost:6333/collections/daily_trade_strategies/points?wait=true "HTTP/1.1 200 OK"
2026-03-16 15:59:50,709 - INFO - HTTP Request: PUT http://localhost:6333/collections/trading_results/points?wait=true "HTTP/1.1 200 OK"
2026-03-16 15:59:50,718 - INFO - HTTP Request: PUT http://localhost:6333/collections/stock_recommendations/points?wait=true "HTTP/1.1 200 OK"
2026-03-16 15:59:50,744 - INFO - HTTP Request: PUT http://localhost:6333/collections/daily_trade_strategies/points?wait=true "HTTP/1.1 200 OK"
2026-03-16 15:59:50,747 - INFO - HTTP Request: PUT http://localhost:6333/collections/trading_results/points?wait=true "HTTP/1.1 200 OK"
2026-03-16 15:59:50,772 - INFO - HTTP Request: PUT http://localhost:6333/collections/stock_recommendations/points?wait=true "HTTP/1.1 200 OK"
2026-03-16 15:59:50,820 - INFO - HTTP Request: PUT http://localhost:6333/collections/daily_trade_strategies/points?wait=true "HTTP/1.1 200 OK"
2026-03-16 15:59:50,824 - INFO - HTTP Request: PUT http://localhost:6333/collections/trading_results/points?wait=true "HTTP/1.1 200 OK"
2026-03-16 15:59:50,831 - INFO - HTTP Request: PUT http://localhost:6333/collections/stock_recommendations/points?wait=true "HTTP/1.1 200 OK"
2026-03-16 15:59:50,857 - INFO - HTTP Request: PUT http://localhost:6333/collections/daily_trade_strategies/points?wait=true "HTTP/1.1 200 OK"
2026-03-16 15:59:50,880 - INFO - HTTP Request: PUT http://localhost:6333/collections/trading_results/points?wait=true "HTTP/1.1 200 OK"
2026-03-16 15:59:50,897 - INFO - HTTP Request: PUT http://localhost:6333/collections/stock_recommendations/points?wait=true "HTTP/1.1 200 OK"
2026-03-16 15:59:50,923 - INFO - HTTP Request: PUT http://localhost:6333/collections/daily_trade_strategies/points?wait=true "HTTP/1.1 200 OK"
2026-03-16 15:59:50,928 - INFO - HTTP Request: PUT http://localhost:6333/collections/trading_results/points?wait=true "HTTP/1.1 200 OK"
2026-03-16 15:59:50,934 - INFO - HTTP Request: PUT http://localhost:6333/collections/stock_recommendations/points?wait=true "HTTP/1.1 200 OK"
2026-03-16 15:59:50,960 - INFO - HTTP Request: PUT http://localhost:6333/collections/daily_trade_strategies/points?wait=true "HTTP/1.1 200 OK"
2026-03-16 15:59:50,963 - INFO - HTTP Request: PUT http://localhost:6333/collections/trading_results/points?wait=true "HTTP/1.1 200 OK"
2026-03-16 15:59:50,971 - INFO - HTTP Request: PUT http://localhost:6333/collections/stock_recommendations/points?wait=true "HTTP/1.1 200 OK"
2026-03-16 15:59:51,082 - INFO - HTTP Request: PUT http://localhost:6333/collections/daily_trade_strategies/points?wait=true "HTTP/1.1 200 OK"
2026-03-16 15:59:51,086 - INFO - HTTP Request: PUT http://localhost:6333/collections/trading_results/points?wait=true "HTTP/1.1 200 OK"
2026-03-16 15:59:51,094 - INFO - HTTP Request: PUT http://localhost:6333/collections/stock_recommendations/points?wait=true "HTTP/1.1 200 OK"
2026-03-16 15:59:51,120 - INFO - HTTP Request: PUT http://localhost:6333/collections/daily_trade_strategies/points?wait=true "HTTP/1.1 200 OK"
2026-03-16 15:59:51,144 - INFO - HTTP Request: PUT http://localhost:6333/collections/trading_results/points?wait=true "HTTP/1.1 200 OK"
2026-03-16 15:59:51,151 - INFO - HTTP Request: PUT http://localhost:6333/collections/stock_recommendations/points?wait=true "HTTP/1.1 200 OK"
2026-03-16 15:59:51,179 - INFO - HTTP Request: PUT http://localhost:6333/collections/daily_trade_strategies/points?wait=true "HTTP/1.1 200 OK"
2026-03-16 15:59:51,182 - INFO - HTTP Request: PUT http://localhost:6333/collections/trading_results/points?wait=true "HTTP/1.1 200 OK"
2026-03-16 15:59:51,189 - INFO - HTTP Request: PUT http://localhost:6333/collections/stock_recommendations/points?wait=true "HTTP/1.1 200 OK"
2026-03-16 15:59:51,215 - INFO - HTTP Request: PUT http://localhost:6333/collections/daily_trade_strategies/points?wait=true "HTTP/1.1 200 OK"
2026-03-16 15:59:51,218 - INFO - HTTP Request: PUT http://localhost:6333/collections/trading_results/points?wait=true "HTTP/1.1 200 OK"
2026-03-16 15:59:51,226 - INFO - HTTP Request: PUT http://localhost:6333/collections/stock_recommendations/points?wait=true "HTTP/1.1 200 OK"
2026-03-16 15:59:51,253 - INFO - HTTP Request: PUT http://localhost:6333/collections/daily_trade_strategies/points?wait=true "HTTP/1.1 200 OK"
2026-03-16 15:59:51,257 - INFO - HTTP Request: PUT http://localhost:6333/collections/trading_results/points?wait=true "HTTP/1.1 200 OK"
2026-03-16 15:59:51,264 - INFO - HTTP Request: PUT http://localhost:6333/collections/stock_recommendations/points?wait=true "HTTP/1.1 200 OK"
2026-03-16 15:59:51,288 - INFO - HTTP Request: PUT http://localhost:6333/collections/daily_trade_strategies/points?wait=true "HTTP/1.1 200 OK"
2026-03-16 15:59:51,293 - INFO - HTTP Request: PUT http://localhost:6333/collections/trading_results/points?wait=true "HTTP/1.1 200 OK"
2026-03-16 15:59:51,318 - INFO - HTTP Request: PUT http://localhost:6333/collections/stock_recommendations/points?wait=true "HTTP/1.1 200 OK"
2026-03-16 15:59:51,345 - INFO - HTTP Request: PUT http://localhost:6333/collections/daily_trade_strategies/points?wait=true "HTTP/1.1 200 OK"
2026-03-16 15:59:51,350 - INFO - HTTP Request: PUT http://localhost:6333/collections/trading_results/points?wait=true "HTTP/1.1 200 OK"
2026-03-16 15:59:51,380 - INFO - HTTP Request: PUT http://localhost:6333/collections/stock_recommendations/points?wait=true "HTTP/1.1 200 OK"
2026-03-16 15:59:51,426 - INFO - HTTP Request: PUT http://localhost:6333/collections/daily_trade_strategies/points?wait=true "HTTP/1.1 200 OK"
2026-03-16 15:59:51,441 - INFO - HTTP Request: PUT http://localhost:6333/collections/trading_results/points?wait=true "HTTP/1.1 200 OK"
2026-03-16 15:59:51,448 - INFO - HTTP Request: PUT http://localhost:6333/collections/stock_recommendations/points?wait=true "HTTP/1.1 200 OK"
2026-03-16 15:59:51,473 - INFO - HTTP Request: PUT http://localhost:6333/collections/daily_trade_strategies/points?wait=true "HTTP/1.1 200 OK"
2026-03-16 15:59:51,476 - INFO - HTTP Request: PUT http://localhost:6333/collections/trading_results/points?wait=true "HTTP/1.1 200 OK"
2026-03-16 15:59:51,483 - INFO - HTTP Request: PUT http://localhost:6333/collections/stock_recommendations/points?wait=true "HTTP/1.1 200 OK"
2026-03-16 15:59:51,513 - INFO - HTTP Request: PUT http://localhost:6333/collections/daily_trade_strategies/points?wait=true "HTTP/1.1 200 OK"
2026-03-16 15:59:51,535 - INFO - HTTP Request: PUT http://localhost:6333/collections/trading_results/points?wait=true "HTTP/1.1 200 OK"
2026-03-16 15:59:51,542 - INFO - HTTP Request: PUT http://localhost:6333/collections/stock_recommendations/points?wait=true "HTTP/1.1 200 OK"
2026-03-16 15:59:51,568 - INFO - HTTP Request: PUT http://localhost:6333/collections/daily_trade_strategies/points?wait=true "HTTP/1.1 200 OK"
2026-03-16 15:59:51,572 - INFO - HTTP Request: PUT http://localhost:6333/collections/trading_results/points?wait=true "HTTP/1.1 200 OK"
2026-03-16 15:59:51,579 - INFO - HTTP Request: PUT http://localhost:6333/collections/stock_recommendations/points?wait=true "HTTP/1.1 200 OK"
2026-03-16 15:59:51,606 - INFO - HTTP Request: PUT http://localhost:6333/collections/daily_trade_strategies/points?wait=true "HTTP/1.1 200 OK"
2026-03-16 15:59:51,609 - INFO - HTTP Request: PUT http://localhost:6333/collections/trading_results/points?wait=true "HTTP/1.1 200 OK"
2026-03-16 15:59:51,617 - INFO - HTTP Request: PUT http://localhost:6333/collections/stock_recommendations/points?wait=true "HTTP/1.1 200 OK"
2026-03-16 15:59:51,646 - INFO - HTTP Request: PUT http://localhost:6333/collections/daily_trade_strategies/points?wait=true "HTTP/1.1 200 OK"
2026-03-16 15:59:51,661 - INFO - HTTP Request: PUT http://localhost:6333/collections/trading_results/points?wait=true "HTTP/1.1 200 OK"
2026-03-16 15:59:51,668 - INFO - HTTP Request: PUT http://localhost:6333/collections/stock_recommendations/points?wait=true "HTTP/1.1 200 OK"
2026-03-16 15:59:51,694 - INFO - HTTP Request: PUT http://localhost:6333/collections/daily_trade_strategies/points?wait=true "HTTP/1.1 200 OK"
2026-03-16 15:59:51,698 - INFO - HTTP Request: PUT http://localhost:6333/collections/trading_results/points?wait=true "HTTP/1.1 200 OK"
2026-03-16 15:59:51,704 - INFO - HTTP Request: PUT http://localhost:6333/collections/stock_recommendations/points?wait=true "HTTP/1.1 200 OK"
2026-03-16 15:59:51,731 - INFO - HTTP Request: PUT http://localhost:6333/collections/daily_trade_strategies/points?wait=true "HTTP/1.1 200 OK"
2026-03-16 15:59:51,734 - INFO - HTTP Request: PUT http://localhost:6333/collections/trading_results/points?wait=true "HTTP/1.1 200 OK"
2026-03-16 15:59:51,741 - INFO - HTTP Request: PUT http://localhost:6333/collections/stock_recommendations/points?wait=true "HTTP/1.1 200 OK"
2026-03-16 15:59:51,766 - INFO - HTTP Request: PUT http://localhost:6333/collections/daily_trade_strategies/points?wait=true "HTTP/1.1 200 OK"
2026-03-16 15:59:51,770 - INFO - HTTP Request: PUT http://localhost:6333/collections/trading_results/points?wait=true "HTTP/1.1 200 OK"
2026-03-16 15:59:51,778 - INFO - HTTP Request: PUT http://localhost:6333/collections/stock_recommendations/points?wait=true "HTTP/1.1 200 OK"
2026-03-16 15:59:51,803 - INFO - HTTP Request: PUT http://localhost:6333/collections/daily_trade_strategies/points?wait=true "HTTP/1.1 200 OK"
2026-03-16 15:59:51,807 - INFO - HTTP Request: PUT http://localhost:6333/collections/trading_results/points?wait=true "HTTP/1.1 200 OK"
2026-03-16 15:59:51,814 - INFO - HTTP Request: PUT http://localhost:6333/collections/stock_recommendations/points?wait=true "HTTP/1.1 200 OK"
2026-03-16 15:59:51,842 - INFO - HTTP Request: PUT http://localhost:6333/collections/daily_trade_strategies/points?wait=true "HTTP/1.1 200 OK"
2026-03-16 15:59:51,845 - INFO - HTTP Request: PUT http://localhost:6333/collections/trading_results/points?wait=true "HTTP/1.1 200 OK"
2026-03-16 15:59:51,853 - INFO - HTTP Request: PUT http://localhost:6333/collections/stock_recommendations/points?wait=true "HTTP/1.1 200 OK"
2026-03-16 15:59:51,895 - INFO - HTTP Request: PUT http://localhost:6333/collections/daily_trade_strategies/points?wait=true "HTTP/1.1 200 OK"
2026-03-16 15:59:51,899 - INFO - HTTP Request: PUT http://localhost:6333/collections/trading_results/points?wait=true "HTTP/1.1 200 OK"
2026-03-16 15:59:51,927 - INFO - HTTP Request: PUT http://localhost:6333/collections/stock_recommendations/points?wait=true "HTTP/1.1 200 OK"
2026-03-16 15:59:51,974 - INFO - HTTP Request: PUT http://localhost:6333/collections/daily_trade_strategies/points?wait=true "HTTP/1.1 200 OK"
2026-03-16 15:59:51,978 - INFO - HTTP Request: PUT http://localhost:6333/collections/trading_results/points?wait=true "HTTP/1.1 200 OK"
2026-03-16 15:59:51,984 - INFO - HTTP Request: PUT http://localhost:6333/collections/stock_recommendations/points?wait=true "HTTP/1.1 200 OK"
2026-03-16 15:59:52,011 - INFO - HTTP Request: PUT http://localhost:6333/collections/daily_trade_strategies/points?wait=true "HTTP/1.1 200 OK"
2026-03-16 15:59:52,014 - INFO - HTTP Request: PUT http://localhost:6333/collections/trading_results/points?wait=true "HTTP/1.1 200 OK"
2026-03-16 15:59:52,024 - INFO - HTTP Request: PUT http://localhost:6333/collections/stock_recommendations/points?wait=true "HTTP/1.1 200 OK"
2026-03-16 15:59:52,050 - INFO - HTTP Request: PUT http://localhost:6333/collections/daily_trade_strategies/points?wait=true "HTTP/1.1 200 OK"
2026-03-16 15:59:52,055 - INFO - HTTP Request: PUT http://localhost:6333/collections/trading_results/points?wait=true "HTTP/1.1 200 OK"
2026-03-16 15:59:52,063 - INFO - HTTP Request: PUT http://localhost:6333/collections/stock_recommendations/points?wait=true "HTTP/1.1 200 OK"
2026-03-16 15:59:52,099 - INFO - HTTP Request: PUT http://localhost:6333/collections/daily_trade_strategies/points?wait=true "HTTP/1.1 200 OK"
2026-03-16 15:59:52,113 - INFO - HTTP Request: PUT http://localhost:6333/collections/trading_results/points?wait=true "HTTP/1.1 200 OK"
2026-03-16 15:59:52,119 - INFO - HTTP Request: PUT http://localhost:6333/collections/stock_recommendations/points?wait=true "HTTP/1.1 200 OK"
2026-03-16 15:59:52,147 - INFO - HTTP Request: PUT http://localhost:6333/collections/daily_trade_strategies/points?wait=true "HTTP/1.1 200 OK"
2026-03-16 15:59:52,154 - INFO - HTTP Request: PUT http://localhost:6333/collections/trading_results/points?wait=true "HTTP/1.1 200 OK"
2026-03-16 15:59:52,176 - INFO - HTTP Request: PUT http://localhost:6333/collections/stock_recommendations/points?wait=true "HTTP/1.1 200 OK"
2026-03-16 15:59:52,222 - INFO - HTTP Request: PUT http://localhost:6333/collections/daily_trade_strategies/points?wait=true "HTTP/1.1 200 OK"
2026-03-16 15:59:52,226 - INFO - HTTP Request: PUT http://localhost:6333/collections/trading_results/points?wait=true "HTTP/1.1 200 OK"
2026-03-16 15:59:52,233 - INFO - HTTP Request: PUT http://localhost:6333/collections/stock_recommendations/points?wait=true "HTTP/1.1 200 OK"
2026-03-16 15:59:52,260 - INFO - HTTP Request: PUT http://localhost:6333/collections/daily_trade_strategies/points?wait=true "HTTP/1.1 200 OK"
2026-03-16 15:59:52,264 - INFO - HTTP Request: PUT http://localhost:6333/collections/trading_results/points?wait=true "HTTP/1.1 200 OK"
2026-03-16 15:59:52,269 - INFO - HTTP Request: PUT http://localhost:6333/collections/stock_recommendations/points?wait=true "HTTP/1.1 200 OK"
2026-03-16 15:59:52,316 - INFO - HTTP Request: PUT http://localhost:6333/collections/daily_trade_strategies/points?wait=true "HTTP/1.1 200 OK"
2026-03-16 15:59:52,320 - INFO - HTTP Request: PUT http://localhost:6333/collections/trading_results/points?wait=true "HTTP/1.1 200 OK"
2026-03-16 15:59:52,327 - INFO - HTTP Request: PUT http://localhost:6333/collections/stock_recommendations/points?wait=true "HTTP/1.1 200 OK"
2026-03-16 15:59:52,353 - INFO - HTTP Request: PUT http://localhost:6333/collections/daily_trade_strategies/points?wait=true "HTTP/1.1 200 OK"
2026-03-16 15:59:52,356 - INFO - HTTP Request: PUT http://localhost:6333/collections/trading_results/points?wait=true "HTTP/1.1 200 OK"
2026-03-16 15:59:52,363 - INFO - HTTP Request: PUT http://localhost:6333/collections/stock_recommendations/points?wait=true "HTTP/1.1 200 OK"
2026-03-16 15:59:52,389 - INFO - HTTP Request: PUT http://localhost:6333/collections/daily_trade_strategies/points?wait=true "HTTP/1.1 200 OK"
2026-03-16 15:59:52,393 - INFO - HTTP Request: PUT http://localhost:6333/collections/trading_results/points?wait=true "HTTP/1.1 200 OK"
2026-03-16 15:59:52,400 - INFO - HTTP Request: PUT http://localhost:6333/collections/stock_recommendations/points?wait=true "HTTP/1.1 200 OK"
2026-03-16 15:59:52,426 - INFO - HTTP Request: PUT http://localhost:6333/collections/daily_trade_strategies/points?wait=true "HTTP/1.1 200 OK"
2026-03-16 15:59:52,429 - INFO - HTTP Request: PUT http://localhost:6333/collections/trading_results/points?wait=true "HTTP/1.1 200 OK"
2026-03-16 15:59:52,435 - INFO - HTTP Request: PUT http://localhost:6333/collections/stock_recommendations/points?wait=true "HTTP/1.1 200 OK"
2026-03-16 15:59:52,460 - INFO - HTTP Request: PUT http://localhost:6333/collections/daily_trade_strategies/points?wait=true "HTTP/1.1 200 OK"
2026-03-16 15:59:52,464 - INFO - HTTP Request: PUT http://localhost:6333/collections/trading_results/points?wait=true "HTTP/1.1 200 OK"
2026-03-16 15:59:52,473 - INFO - HTTP Request: PUT http://localhost:6333/collections/stock_recommendations/points?wait=true "HTTP/1.1 200 OK"
2026-03-16 15:59:52,498 - INFO - HTTP Request: PUT http://localhost:6333/collections/daily_trade_strategies/points?wait=true "HTTP/1.1 200 OK"
2026-03-16 15:59:52,501 - INFO - HTTP Request: PUT http://localhost:6333/collections/trading_results/points?wait=true "HTTP/1.1 200 OK"
2026-03-16 15:59:52,508 - INFO - HTTP Request: PUT http://localhost:6333/collections/stock_recommendations/points?wait=true "HTTP/1.1 200 OK"
2026-03-16 15:59:52,538 - INFO - HTTP Request: PUT http://localhost:6333/collections/daily_trade_strategies/points?wait=true "HTTP/1.1 200 OK"
2026-03-16 15:59:52,541 - INFO - HTTP Request: PUT http://localhost:6333/collections/trading_results/points?wait=true "HTTP/1.1 200 OK"
2026-03-16 15:59:52,548 - INFO - HTTP Request: PUT http://localhost:6333/collections/stock_recommendations/points?wait=true "HTTP/1.1 200 OK"
2026-03-16 15:59:52,574 - INFO - HTTP Request: PUT http://localhost:6333/collections/daily_trade_strategies/points?wait=true "HTTP/1.1 200 OK"
2026-03-16 15:59:52,596 - INFO - HTTP Request: PUT http://localhost:6333/collections/trading_results/points?wait=true "HTTP/1.1 200 OK"
2026-03-16 15:59:52,604 - INFO - HTTP Request: PUT http://localhost:6333/collections/stock_recommendations/points?wait=true "HTTP/1.1 200 OK"
2026-03-16 15:59:52,630 - INFO - HTTP Request: PUT http://localhost:6333/collections/daily_trade_strategies/points?wait=true "HTTP/1.1 200 OK"
2026-03-16 15:59:52,634 - INFO - HTTP Request: PUT http://localhost:6333/collections/trading_results/points?wait=true "HTTP/1.1 200 OK"
2026-03-16 15:59:52,641 - INFO - HTTP Request: PUT http://localhost:6333/collections/stock_recommendations/points?wait=true "HTTP/1.1 200 OK"
2026-03-16 15:59:52,668 - INFO - HTTP Request: PUT http://localhost:6333/collections/daily_trade_strategies/points?wait=true "HTTP/1.1 200 OK"
2026-03-16 15:59:52,671 - INFO - HTTP Request: PUT http://localhost:6333/collections/trading_results/points?wait=true "HTTP/1.1 200 OK"
2026-03-16 15:59:52,678 - INFO - HTTP Request: PUT http://localhost:6333/collections/stock_recommendations/points?wait=true "HTTP/1.1 200 OK"
2026-03-16 15:59:52,705 - INFO - HTTP Request: PUT http://localhost:6333/collections/daily_trade_strategies/points?wait=true "HTTP/1.1 200 OK"
2026-03-16 15:59:52,710 - INFO - HTTP Request: PUT http://localhost:6333/collections/trading_results/points?wait=true "HTTP/1.1 200 OK"
2026-03-16 15:59:52,717 - INFO - HTTP Request: PUT http://localhost:6333/collections/stock_recommendations/points?wait=true "HTTP/1.1 200 OK"
2026-03-16 15:59:52,744 - INFO - HTTP Request: PUT http://localhost:6333/collections/daily_trade_strategies/points?wait=true "HTTP/1.1 200 OK"
2026-03-16 15:59:52,747 - INFO - HTTP Request: PUT http://localhost:6333/collections/trading_results/points?wait=true "HTTP/1.1 200 OK"
2026-03-16 15:59:52,755 - INFO - HTTP Request: PUT http://localhost:6333/collections/stock_recommendations/points?wait=true "HTTP/1.1 200 OK"
2026-03-16 15:59:52,781 - INFO - HTTP Request: PUT http://localhost:6333/collections/daily_trade_strategies/points?wait=true "HTTP/1.1 200 OK"
2026-03-16 15:59:52,798 - INFO - HTTP Request: PUT http://localhost:6333/collections/trading_results/points?wait=true "HTTP/1.1 200 OK"
2026-03-16 15:59:52,804 - INFO - HTTP Request: PUT http://localhost:6333/collections/stock_recommendations/points?wait=true "HTTP/1.1 200 OK"
2026-03-16 15:59:52,832 - INFO - HTTP Request: PUT http://localhost:6333/collections/daily_trade_strategies/points?wait=true "HTTP/1.1 200 OK"
2026-03-16 15:59:52,835 - INFO - HTTP Request: PUT http://localhost:6333/collections/trading_results/points?wait=true "HTTP/1.1 200 OK"
2026-03-16 15:59:52,843 - INFO - HTTP Request: PUT http://localhost:6333/collections/stock_recommendations/points?wait=true "HTTP/1.1 200 OK"
2026-03-16 15:59:52,869 - INFO - HTTP Request: PUT http://localhost:6333/collections/daily_trade_strategies/points?wait=true "HTTP/1.1 200 OK"
2026-03-16 15:59:52,892 - INFO - HTTP Request: PUT http://localhost:6333/collections/trading_results/points?wait=true "HTTP/1.1 200 OK"
2026-03-16 15:59:52,899 - INFO - HTTP Request: PUT http://localhost:6333/collections/stock_recommendations/points?wait=true "HTTP/1.1 200 OK"
2026-03-16 15:59:52,925 - INFO - HTTP Request: PUT http://localhost:6333/collections/daily_trade_strategies/points?wait=true "HTTP/1.1 200 OK"
2026-03-16 15:59:52,928 - INFO - HTTP Request: PUT http://localhost:6333/collections/trading_results/points?wait=true "HTTP/1.1 200 OK"
2026-03-16 15:59:52,934 - INFO - HTTP Request: PUT http://localhost:6333/collections/stock_recommendations/points?wait=true "HTTP/1.1 200 OK"
2026-03-16 15:59:52,960 - INFO - HTTP Request: PUT http://localhost:6333/collections/daily_trade_strategies/points?wait=true "HTTP/1.1 200 OK"
2026-03-16 15:59:52,963 - INFO - HTTP Request: PUT http://localhost:6333/collections/trading_results/points?wait=true "HTTP/1.1 200 OK"
2026-03-16 15:59:52,969 - INFO - HTTP Request: PUT http://localhost:6333/collections/stock_recommendations/points?wait=true "HTTP/1.1 200 OK"
2026-03-16 15:59:52,994 - INFO - HTTP Request: PUT http://localhost:6333/collections/daily_trade_strategies/points?wait=true "HTTP/1.1 200 OK"
2026-03-16 15:59:52,998 - INFO - HTTP Request: PUT http://localhost:6333/collections/trading_results/points?wait=true "HTTP/1.1 200 OK"
2026-03-16 15:59:53,017 - INFO - HTTP Request: PUT http://localhost:6333/collections/stock_recommendations/points?wait=true "HTTP/1.1 200 OK"
2026-03-16 15:59:53,046 - INFO - HTTP Request: PUT http://localhost:6333/collections/daily_trade_strategies/points?wait=true "HTTP/1.1 200 OK"
2026-03-16 15:59:53,052 - INFO - HTTP Request: PUT http://localhost:6333/collections/trading_results/points?wait=true "HTTP/1.1 200 OK"
2026-03-16 15:59:53,061 - INFO - HTTP Request: PUT http://localhost:6333/collections/stock_recommendations/points?wait=true "HTTP/1.1 200 OK"
2026-03-16 15:59:53,096 - INFO - HTTP Request: PUT http://localhost:6333/collections/daily_trade_strategies/points?wait=true "HTTP/1.1 200 OK"
2026-03-16 15:59:53,100 - INFO - HTTP Request: PUT http://localhost:6333/collections/trading_results/points?wait=true "HTTP/1.1 200 OK"
2026-03-16 15:59:53,128 - INFO - HTTP Request: PUT http://localhost:6333/collections/stock_recommendations/points?wait=true "HTTP/1.1 200 OK"
2026-03-16 15:59:53,175 - INFO - HTTP Request: PUT http://localhost:6333/collections/daily_trade_strategies/points?wait=true "HTTP/1.1 200 OK"
2026-03-16 15:59:53,179 - INFO - HTTP Request: PUT http://localhost:6333/collections/trading_results/points?wait=true "HTTP/1.1 200 OK"
2026-03-16 15:59:53,205 - INFO - HTTP Request: PUT http://localhost:6333/collections/stock_recommendations/points?wait=true "HTTP/1.1 200 OK"
2026-03-16 15:59:53,232 - INFO - HTTP Request: PUT http://localhost:6333/collections/daily_trade_strategies/points?wait=true "HTTP/1.1 200 OK"
2026-03-16 15:59:53,235 - INFO - HTTP Request: PUT http://localhost:6333/collections/trading_results/points?wait=true "HTTP/1.1 200 OK"
2026-03-16 15:59:53,242 - INFO - HTTP Request: PUT http://localhost:6333/collections/stock_recommendations/points?wait=true "HTTP/1.1 200 OK"
2026-03-16 15:59:53,269 - INFO - HTTP Request: PUT http://localhost:6333/collections/daily_trade_strategies/points?wait=true "HTTP/1.1 200 OK"
2026-03-16 15:59:53,273 - INFO - HTTP Request: PUT http://localhost:6333/collections/trading_results/points?wait=true "HTTP/1.1 200 OK"
2026-03-16 15:59:53,279 - INFO - HTTP Request: PUT http://localhost:6333/collections/stock_recommendations/points?wait=true "HTTP/1.1 200 OK"
2026-03-16 15:59:53,314 - INFO - HTTP Request: PUT http://localhost:6333/collections/daily_trade_strategies/points?wait=true "HTTP/1.1 200 OK"
2026-03-16 15:59:53,318 - INFO - HTTP Request: PUT http://localhost:6333/collections/trading_results/points?wait=true "HTTP/1.1 200 OK"
2026-03-16 15:59:53,326 - INFO - HTTP Request: PUT http://localhost:6333/collections/stock_recommendations/points?wait=true "HTTP/1.1 200 OK"
2026-03-16 15:59:53,362 - INFO - HTTP Request: PUT http://localhost:6333/collections/daily_trade_strategies/points?wait=true "HTTP/1.1 200 OK"
2026-03-16 15:59:53,375 - INFO - HTTP Request: PUT http://localhost:6333/collections/trading_results/points?wait=true "HTTP/1.1 200 OK"
2026-03-16 15:59:53,384 - INFO - HTTP Request: PUT http://localhost:6333/collections/stock_recommendations/points?wait=true "HTTP/1.1 200 OK"
2026-03-16 15:59:53,410 - INFO - HTTP Request: PUT http://localhost:6333/collections/daily_trade_strategies/points?wait=true "HTTP/1.1 200 OK"
2026-03-16 15:59:53,413 - INFO - HTTP Request: PUT http://localhost:6333/collections/trading_results/points?wait=true "HTTP/1.1 200 OK"
2026-03-16 15:59:53,439 - INFO - HTTP Request: PUT http://localhost:6333/collections/stock_recommendations/points?wait=true "HTTP/1.1 200 OK"
2026-03-16 15:59:53,466 - INFO - HTTP Request: PUT http://localhost:6333/collections/daily_trade_strategies/points?wait=true "HTTP/1.1 200 OK"
2026-03-16 15:59:53,470 - INFO - HTTP Request: PUT http://localhost:6333/collections/trading_results/points?wait=true "HTTP/1.1 200 OK"
2026-03-16 15:59:53,476 - INFO - HTTP Request: PUT http://localhost:6333/collections/stock_recommendations/points?wait=true "HTTP/1.1 200 OK"
2026-03-16 15:59:53,517 - INFO - HTTP Request: PUT http://localhost:6333/collections/daily_trade_strategies/points?wait=true "HTTP/1.1 200 OK"
2026-03-16 15:59:53,521 - INFO - HTTP Request: PUT http://localhost:6333/collections/trading_results/points?wait=true "HTTP/1.1 200 OK"
2026-03-16 15:59:53,529 - INFO - HTTP Request: PUT http://localhost:6333/collections/stock_recommendations/points?wait=true "HTTP/1.1 200 OK"
2026-03-16 15:59:53,554 - INFO - HTTP Request: PUT http://localhost:6333/collections/daily_trade_strategies/points?wait=true "HTTP/1.1 200 OK"
2026-03-16 15:59:53,558 - INFO - HTTP Request: PUT http://localhost:6333/collections/trading_results/points?wait=true "HTTP/1.1 200 OK"
2026-03-16 15:59:53,566 - INFO - HTTP Request: PUT http://localhost:6333/collections/stock_recommendations/points?wait=true "HTTP/1.1 200 OK"
2026-03-16 15:59:53,595 - INFO - HTTP Request: PUT http://localhost:6333/collections/daily_trade_strategies/points?wait=true "HTTP/1.1 200 OK"
2026-03-16 15:59:53,598 - INFO - HTTP Request: PUT http://localhost:6333/collections/trading_results/points?wait=true "HTTP/1.1 200 OK"
2026-03-16 15:59:53,605 - INFO - HTTP Request: PUT http://localhost:6333/collections/stock_recommendations/points?wait=true "HTTP/1.1 200 OK"
2026-03-16 15:59:53,631 - INFO - HTTP Request: PUT http://localhost:6333/collections/daily_trade_strategies/points?wait=true "HTTP/1.1 200 OK"
2026-03-16 15:59:53,634 - INFO - HTTP Request: PUT http://localhost:6333/collections/trading_results/points?wait=true "HTTP/1.1 200 OK"
2026-03-16 15:59:53,643 - INFO - HTTP Request: PUT http://localhost:6333/collections/stock_recommendations/points?wait=true "HTTP/1.1 200 OK"
2026-03-16 15:59:53,669 - INFO - HTTP Request: PUT http://localhost:6333/collections/daily_trade_strategies/points?wait=true "HTTP/1.1 200 OK"
2026-03-16 15:59:53,688 - INFO - HTTP Request: PUT http://localhost:6333/collections/trading_results/points?wait=true "HTTP/1.1 200 OK"
2026-03-16 15:59:53,695 - INFO - HTTP Request: PUT http://localhost:6333/collections/stock_recommendations/points?wait=true "HTTP/1.1 200 OK"
2026-03-16 15:59:53,721 - INFO - HTTP Request: PUT http://localhost:6333/collections/daily_trade_strategies/points?wait=true "HTTP/1.1 200 OK"
2026-03-16 15:59:53,728 - INFO - HTTP Request: PUT http://localhost:6333/collections/trading_results/points?wait=true "HTTP/1.1 200 OK"
2026-03-16 15:59:53,752 - INFO - HTTP Request: PUT http://localhost:6333/collections/stock_recommendations/points?wait=true "HTTP/1.1 200 OK"
2026-03-16 15:59:53,779 - INFO - HTTP Request: PUT http://localhost:6333/collections/daily_trade_strategies/points?wait=true "HTTP/1.1 200 OK"
2026-03-16 15:59:53,781 - INFO - HTTP Request: PUT http://localhost:6333/collections/trading_results/points?wait=true "HTTP/1.1 200 OK"
2026-03-16 15:59:53,788 - INFO - HTTP Request: PUT http://localhost:6333/collections/stock_recommendations/points?wait=true "HTTP/1.1 200 OK"
2026-03-16 15:59:53,815 - INFO - HTTP Request: PUT http://localhost:6333/collections/daily_trade_strategies/points?wait=true "HTTP/1.1 200 OK"
2026-03-16 15:59:53,821 - INFO - HTTP Request: PUT http://localhost:6333/collections/trading_results/points?wait=true "HTTP/1.1 200 OK"
2026-03-16 15:59:53,847 - INFO - HTTP Request: PUT http://localhost:6333/collections/stock_recommendations/points?wait=true "HTTP/1.1 200 OK"
2026-03-16 15:59:53,875 - INFO - HTTP Request: PUT http://localhost:6333/collections/daily_trade_strategies/points?wait=true "HTTP/1.1 200 OK"
2026-03-16 15:59:53,878 - INFO - HTTP Request: PUT http://localhost:6333/collections/trading_results/points?wait=true "HTTP/1.1 200 OK"
2026-03-16 15:59:53,886 - INFO - HTTP Request: PUT http://localhost:6333/collections/stock_recommendations/points?wait=true "HTTP/1.1 200 OK"
2026-03-16 15:59:53,915 - INFO - HTTP Request: PUT http://localhost:6333/collections/daily_trade_strategies/points?wait=true "HTTP/1.1 200 OK"
2026-03-16 15:59:53,919 - INFO - HTTP Request: PUT http://localhost:6333/collections/trading_results/points?wait=true "HTTP/1.1 200 OK"
2026-03-16 15:59:53,929 - INFO - HTTP Request: PUT http://localhost:6333/collections/stock_recommendations/points?wait=true "HTTP/1.1 200 OK"
2026-03-16 15:59:53,956 - INFO - HTTP Request: PUT http://localhost:6333/collections/daily_trade_strategies/points?wait=true "HTTP/1.1 200 OK"
2026-03-16 15:59:53,960 - INFO - HTTP Request: PUT http://localhost:6333/collections/trading_results/points?wait=true "HTTP/1.1 200 OK"
2026-03-16 15:59:53,967 - INFO - HTTP Request: PUT http://localhost:6333/collections/stock_recommendations/points?wait=true "HTTP/1.1 200 OK"
2026-03-16 15:59:53,996 - INFO - HTTP Request: PUT http://localhost:6333/collections/daily_trade_strategies/points?wait=true "HTTP/1.1 200 OK"
2026-03-16 15:59:54,000 - INFO - HTTP Request: PUT http://localhost:6333/collections/trading_results/points?wait=true "HTTP/1.1 200 OK"
2026-03-16 15:59:54,006 - INFO - HTTP Request: PUT http://localhost:6333/collections/stock_recommendations/points?wait=true "HTTP/1.1 200 OK"
2026-03-16 15:59:54,033 - INFO - HTTP Request: PUT http://localhost:6333/collections/daily_trade_strategies/points?wait=true "HTTP/1.1 200 OK"
2026-03-16 15:59:54,037 - INFO - HTTP Request: PUT http://localhost:6333/collections/trading_results/points?wait=true "HTTP/1.1 200 OK"
2026-03-16 15:59:54,045 - INFO - HTTP Request: PUT http://localhost:6333/collections/stock_recommendations/points?wait=true "HTTP/1.1 200 OK"
2026-03-16 15:59:54,071 - INFO - HTTP Request: PUT http://localhost:6333/collections/daily_trade_strategies/points?wait=true "HTTP/1.1 200 OK"
2026-03-16 15:59:54,076 - INFO - HTTP Request: PUT http://localhost:6333/collections/trading_results/points?wait=true "HTTP/1.1 200 OK"
2026-03-16 15:59:54,096 - INFO - HTTP Request: PUT http://localhost:6333/collections/stock_recommendations/points?wait=true "HTTP/1.1 200 OK"
2026-03-16 15:59:54,124 - INFO - HTTP Request: PUT http://localhost:6333/collections/daily_trade_strategies/points?wait=true "HTTP/1.1 200 OK"
2026-03-16 15:59:54,128 - INFO - HTTP Request: PUT http://localhost:6333/collections/trading_results/points?wait=true "HTTP/1.1 200 OK"
2026-03-16 15:59:54,157 - INFO - HTTP Request: PUT http://localhost:6333/collections/stock_recommendations/points?wait=true "HTTP/1.1 200 OK"
2026-03-16 15:59:54,185 - INFO - HTTP Request: PUT http://localhost:6333/collections/daily_trade_strategies/points?wait=true "HTTP/1.1 200 OK"
2026-03-16 15:59:54,188 - INFO - HTTP Request: PUT http://localhost:6333/collections/trading_results/points?wait=true "HTTP/1.1 200 OK"
2026-03-16 15:59:54,197 - INFO - HTTP Request: PUT http://localhost:6333/collections/stock_recommendations/points?wait=true "HTTP/1.1 200 OK"
2026-03-16 15:59:54,225 - INFO - HTTP Request: PUT http://localhost:6333/collections/daily_trade_strategies/points?wait=true "HTTP/1.1 200 OK"
2026-03-16 15:59:54,229 - INFO - HTTP Request: PUT http://localhost:6333/collections/trading_results/points?wait=true "HTTP/1.1 200 OK"
2026-03-16 15:59:54,251 - INFO - HTTP Request: PUT http://localhost:6333/collections/stock_recommendations/points?wait=true "HTTP/1.1 200 OK"
2026-03-16 15:59:54,297 - INFO - HTTP Request: PUT http://localhost:6333/collections/daily_trade_strategies/points?wait=true "HTTP/1.1 200 OK"
2026-03-16 15:59:54,301 - INFO - HTTP Request: PUT http://localhost:6333/collections/trading_results/points?wait=true "HTTP/1.1 200 OK"
2026-03-16 15:59:54,311 - INFO - HTTP Request: PUT http://localhost:6333/collections/stock_recommendations/points?wait=true "HTTP/1.1 200 OK"
2026-03-16 15:59:54,339 - INFO - HTTP Request: PUT http://localhost:6333/collections/daily_trade_strategies/points?wait=true "HTTP/1.1 200 OK"
2026-03-16 15:59:54,358 - INFO - HTTP Request: PUT http://localhost:6333/collections/trading_results/points?wait=true "HTTP/1.1 200 OK"
2026-03-16 15:59:54,366 - INFO - HTTP Request: PUT http://localhost:6333/collections/stock_recommendations/points?wait=true "HTTP/1.1 200 OK"
2026-03-16 15:59:54,394 - INFO - HTTP Request: PUT http://localhost:6333/collections/daily_trade_strategies/points?wait=true "HTTP/1.1 200 OK"
2026-03-16 15:59:54,400 - INFO - HTTP Request: PUT http://localhost:6333/collections/trading_results/points?wait=true "HTTP/1.1 200 OK"
2026-03-16 15:59:54,407 - INFO - HTTP Request: PUT http://localhost:6333/collections/stock_recommendations/points?wait=true "HTTP/1.1 200 OK"
2026-03-16 15:59:54,453 - INFO - HTTP Request: PUT http://localhost:6333/collections/daily_trade_strategies/points?wait=true "HTTP/1.1 200 OK"
2026-03-16 15:59:54,458 - INFO - HTTP Request: PUT http://localhost:6333/collections/trading_results/points?wait=true "HTTP/1.1 200 OK"
2026-03-16 15:59:54,484 - INFO - HTTP Request: PUT http://localhost:6333/collections/stock_recommendations/points?wait=true "HTTP/1.1 200 OK"
2026-03-16 15:59:54,513 - INFO - HTTP Request: PUT http://localhost:6333/collections/daily_trade_strategies/points?wait=true "HTTP/1.1 200 OK"
2026-03-16 15:59:54,517 - INFO - HTTP Request: PUT http://localhost:6333/collections/trading_results/points?wait=true "HTTP/1.1 200 OK"
2026-03-16 15:59:54,524 - INFO - HTTP Request: PUT http://localhost:6333/collections/stock_recommendations/points?wait=true "HTTP/1.1 200 OK"
2026-03-16 15:59:54,553 - INFO - HTTP Request: PUT http://localhost:6333/collections/daily_trade_strategies/points?wait=true "HTTP/1.1 200 OK"
2026-03-16 15:59:54,556 - INFO - HTTP Request: PUT http://localhost:6333/collections/trading_results/points?wait=true "HTTP/1.1 200 OK"
2026-03-16 15:59:54,577 - INFO - HTTP Request: PUT http://localhost:6333/collections/stock_recommendations/points?wait=true "HTTP/1.1 200 OK"
2026-03-16 15:59:54,605 - INFO - HTTP Request: PUT http://localhost:6333/collections/daily_trade_strategies/points?wait=true "HTTP/1.1 200 OK"
2026-03-16 15:59:54,609 - INFO - HTTP Request: PUT http://localhost:6333/collections/trading_results/points?wait=true "HTTP/1.1 200 OK"
2026-03-16 15:59:54,641 - INFO - HTTP Request: PUT http://localhost:6333/collections/stock_recommendations/points?wait=true "HTTP/1.1 200 OK"
2026-03-16 15:59:54,670 - INFO - HTTP Request: PUT http://localhost:6333/collections/daily_trade_strategies/points?wait=true "HTTP/1.1 200 OK"
2026-03-16 15:59:54,675 - INFO - HTTP Request: PUT http://localhost:6333/collections/trading_results/points?wait=true "HTTP/1.1 200 OK"
2026-03-16 15:59:54,701 - INFO - HTTP Request: PUT http://localhost:6333/collections/stock_recommendations/points?wait=true "HTTP/1.1 200 OK"
2026-03-16 15:59:54,729 - INFO - HTTP Request: PUT http://localhost:6333/collections/daily_trade_strategies/points?wait=true "HTTP/1.1 200 OK"
2026-03-16 15:59:54,732 - INFO - HTTP Request: PUT http://localhost:6333/collections/trading_results/points?wait=true "HTTP/1.1 200 OK"
2026-03-16 15:59:54,762 - INFO - HTTP Request: PUT http://localhost:6333/collections/stock_recommendations/points?wait=true "HTTP/1.1 200 OK"
2026-03-16 15:59:54,789 - INFO - HTTP Request: PUT http://localhost:6333/collections/daily_trade_strategies/points?wait=true "HTTP/1.1 200 OK"
2026-03-16 15:59:54,795 - INFO - HTTP Request: PUT http://localhost:6333/collections/trading_results/points?wait=true "HTTP/1.1 200 OK"
2026-03-16 15:59:54,801 - INFO - HTTP Request: PUT http://localhost:6333/collections/stock_recommendations/points?wait=true "HTTP/1.1 200 OK"
2026-03-16 15:59:54,830 - INFO - HTTP Request: PUT http://localhost:6333/collections/daily_trade_strategies/points?wait=true "HTTP/1.1 200 OK"
2026-03-16 15:59:54,833 - INFO - HTTP Request: PUT http://localhost:6333/collections/trading_results/points?wait=true "HTTP/1.1 200 OK"
2026-03-16 15:59:54,842 - INFO - HTTP Request: PUT http://localhost:6333/collections/stock_recommendations/points?wait=true "HTTP/1.1 200 OK"
2026-03-16 15:59:54,870 - INFO - HTTP Request: PUT http://localhost:6333/collections/daily_trade_strategies/points?wait=true "HTTP/1.1 200 OK"
2026-03-16 15:59:54,873 - INFO - HTTP Request: PUT http://localhost:6333/collections/trading_results/points?wait=true "HTTP/1.1 200 OK"
2026-03-16 15:59:54,880 - INFO - HTTP Request: PUT http://localhost:6333/collections/stock_recommendations/points?wait=true "HTTP/1.1 200 OK"
2026-03-16 15:59:54,907 - INFO - HTTP Request: PUT http://localhost:6333/collections/daily_trade_strategies/points?wait=true "HTTP/1.1 200 OK"
2026-03-16 15:59:54,931 - INFO - HTTP Request: PUT http://localhost:6333/collections/trading_results/points?wait=true "HTTP/1.1 200 OK"
2026-03-16 15:59:54,939 - INFO - HTTP Request: PUT http://localhost:6333/collections/stock_recommendations/points?wait=true "HTTP/1.1 200 OK"
2026-03-16 15:59:54,966 - INFO - HTTP Request: PUT http://localhost:6333/collections/daily_trade_strategies/points?wait=true "HTTP/1.1 200 OK"
2026-03-16 15:59:54,969 - INFO - HTTP Request: PUT http://localhost:6333/collections/trading_results/points?wait=true "HTTP/1.1 200 OK"
2026-03-16 15:59:54,994 - INFO - HTTP Request: PUT http://localhost:6333/collections/stock_recommendations/points?wait=true "HTTP/1.1 200 OK"
2026-03-16 15:59:55,020 - INFO - HTTP Request: PUT http://localhost:6333/collections/daily_trade_strategies/points?wait=true "HTTP/1.1 200 OK"
2026-03-16 15:59:55,024 - INFO - HTTP Request: PUT http://localhost:6333/collections/trading_results/points?wait=true "HTTP/1.1 200 OK"
2026-03-16 15:59:55,032 - INFO - HTTP Request: PUT http://localhost:6333/collections/stock_recommendations/points?wait=true "HTTP/1.1 200 OK"
2026-03-16 15:59:55,060 - INFO - HTTP Request: PUT http://localhost:6333/collections/daily_trade_strategies/points?wait=true "HTTP/1.1 200 OK"
2026-03-16 15:59:55,064 - INFO - HTTP Request: PUT http://localhost:6333/collections/trading_results/points?wait=true "HTTP/1.1 200 OK"
2026-03-16 15:59:55,072 - INFO - HTTP Request: PUT http://localhost:6333/collections/stock_recommendations/points?wait=true "HTTP/1.1 200 OK"
2026-03-16 15:59:55,100 - INFO - HTTP Request: PUT http://localhost:6333/collections/daily_trade_strategies/points?wait=true "HTTP/1.1 200 OK"
2026-03-16 15:59:55,102 - INFO - HTTP Request: PUT http://localhost:6333/collections/trading_results/points?wait=true "HTTP/1.1 200 OK"
2026-03-16 15:59:55,114 - INFO - HTTP Request: PUT http://localhost:6333/collections/stock_recommendations/points?wait=true "HTTP/1.1 200 OK"
2026-03-16 15:59:55,150 - INFO - HTTP Request: PUT http://localhost:6333/collections/daily_trade_strategies/points?wait=true "HTTP/1.1 200 OK"
2026-03-16 15:59:55,157 - INFO - HTTP Request: PUT http://localhost:6333/collections/trading_results/points?wait=true "HTTP/1.1 200 OK"
2026-03-16 15:59:55,164 - INFO - HTTP Request: PUT http://localhost:6333/collections/stock_recommendations/points?wait=true "HTTP/1.1 200 OK"
2026-03-16 15:59:55,191 - INFO - HTTP Request: PUT http://localhost:6333/collections/daily_trade_strategies/points?wait=true "HTTP/1.1 200 OK"
2026-03-16 15:59:55,194 - INFO - HTTP Request: PUT http://localhost:6333/collections/trading_results/points?wait=true "HTTP/1.1 200 OK"
2026-03-16 15:59:55,200 - INFO - HTTP Request: PUT http://localhost:6333/collections/stock_recommendations/points?wait=true "HTTP/1.1 200 OK"
2026-03-16 15:59:55,228 - INFO - HTTP Request: PUT http://localhost:6333/collections/daily_trade_strategies/points?wait=true "HTTP/1.1 200 OK"
2026-03-16 15:59:55,231 - INFO - HTTP Request: PUT http://localhost:6333/collections/trading_results/points?wait=true "HTTP/1.1 200 OK"
2026-03-16 15:59:55,238 - INFO - HTTP Request: PUT http://localhost:6333/collections/stock_recommendations/points?wait=true "HTTP/1.1 200 OK"
2026-03-16 15:59:55,264 - INFO - HTTP Request: PUT http://localhost:6333/collections/daily_trade_strategies/points?wait=true "HTTP/1.1 200 OK"
2026-03-16 15:59:55,267 - INFO - HTTP Request: PUT http://localhost:6333/collections/trading_results/points?wait=true "HTTP/1.1 200 OK"
2026-03-16 15:59:55,276 - INFO - HTTP Request: PUT http://localhost:6333/collections/stock_recommendations/points?wait=true "HTTP/1.1 200 OK"
2026-03-16 15:59:55,303 - INFO - HTTP Request: PUT http://localhost:6333/collections/daily_trade_strategies/points?wait=true "HTTP/1.1 200 OK"
2026-03-16 15:59:55,312 - INFO - HTTP Request: PUT http://localhost:6333/collections/trading_results/points?wait=true "HTTP/1.1 200 OK"
2026-03-16 15:59:55,323 - INFO - HTTP Request: PUT http://localhost:6333/collections/stock_recommendations/points?wait=true "HTTP/1.1 200 OK"
2026-03-16 15:59:55,351 - INFO - HTTP Request: PUT http://localhost:6333/collections/daily_trade_strategies/points?wait=true "HTTP/1.1 200 OK"
2026-03-16 15:59:55,355 - INFO - HTTP Request: PUT http://localhost:6333/collections/trading_results/points?wait=true "HTTP/1.1 200 OK"
2026-03-16 15:59:55,364 - INFO - HTTP Request: PUT http://localhost:6333/collections/stock_recommendations/points?wait=true "HTTP/1.1 200 OK"
2026-03-16 15:59:55,392 - INFO - HTTP Request: PUT http://localhost:6333/collections/daily_trade_strategies/points?wait=true "HTTP/1.1 200 OK"
2026-03-16 15:59:55,416 - INFO - HTTP Request: PUT http://localhost:6333/collections/trading_results/points?wait=true "HTTP/1.1 200 OK"
2026-03-16 15:59:55,448 - INFO - HTTP Request: PUT http://localhost:6333/collections/stock_recommendations/points?wait=true "HTTP/1.1 200 OK"
2026-03-16 15:59:55,483 - INFO - HTTP Request: PUT http://localhost:6333/collections/daily_trade_strategies/points?wait=true "HTTP/1.1 200 OK"
2026-03-16 15:59:55,488 - INFO - HTTP Request: PUT http://localhost:6333/collections/trading_results/points?wait=true "HTTP/1.1 200 OK"
2026-03-16 15:59:55,496 - INFO - HTTP Request: PUT http://localhost:6333/collections/stock_recommendations/points?wait=true "HTTP/1.1 200 OK"
2026-03-16 15:59:55,524 - INFO - HTTP Request: PUT http://localhost:6333/collections/daily_trade_strategies/points?wait=true "HTTP/1.1 200 OK"
2026-03-16 15:59:55,527 - INFO - HTTP Request: PUT http://localhost:6333/collections/trading_results/points?wait=true "HTTP/1.1 200 OK"
2026-03-16 15:59:55,533 - INFO - HTTP Request: PUT http://localhost:6333/collections/stock_recommendations/points?wait=true "HTTP/1.1 200 OK"
2026-03-16 15:59:55,571 - INFO - HTTP Request: PUT http://localhost:6333/collections/daily_trade_strategies/points?wait=true "HTTP/1.1 200 OK"
2026-03-16 15:59:55,574 - INFO - HTTP Request: PUT http://localhost:6333/collections/trading_results/points?wait=true "HTTP/1.1 200 OK"
2026-03-16 15:59:55,602 - INFO - HTTP Request: PUT http://localhost:6333/collections/stock_recommendations/points?wait=true "HTTP/1.1 200 OK"
2026-03-16 15:59:55,627 - INFO - HTTP Request: PUT http://localhost:6333/collections/daily_trade_strategies/points?wait=true "HTTP/1.1 200 OK"
2026-03-16 15:59:55,632 - INFO - HTTP Request: PUT http://localhost:6333/collections/trading_results/points?wait=true "HTTP/1.1 200 OK"
2026-03-16 15:59:55,641 - INFO - HTTP Request: PUT http://localhost:6333/collections/stock_recommendations/points?wait=true "HTTP/1.1 200 OK"
2026-03-16 15:59:55,668 - INFO - HTTP Request: PUT http://localhost:6333/collections/daily_trade_strategies/points?wait=true "HTTP/1.1 200 OK"
2026-03-16 15:59:55,671 - INFO - HTTP Request: PUT http://localhost:6333/collections/trading_results/points?wait=true "HTTP/1.1 200 OK"
2026-03-16 15:59:55,679 - INFO - HTTP Request: PUT http://localhost:6333/collections/stock_recommendations/points?wait=true "HTTP/1.1 200 OK"
2026-03-16 15:59:55,706 - INFO - HTTP Request: PUT http://localhost:6333/collections/daily_trade_strategies/points?wait=true "HTTP/1.1 200 OK"
2026-03-16 15:59:55,727 - INFO - HTTP Request: PUT http://localhost:6333/collections/trading_results/points?wait=true "HTTP/1.1 200 OK"
2026-03-16 15:59:55,760 - INFO - HTTP Request: PUT http://localhost:6333/collections/stock_recommendations/points?wait=true "HTTP/1.1 200 OK"
2026-03-16 15:59:55,787 - INFO - HTTP Request: PUT http://localhost:6333/collections/daily_trade_strategies/points?wait=true "HTTP/1.1 200 OK"
2026-03-16 15:59:55,791 - INFO - HTTP Request: PUT http://localhost:6333/collections/trading_results/points?wait=true "HTTP/1.1 200 OK"
2026-03-16 15:59:55,798 - INFO - HTTP Request: PUT http://localhost:6333/collections/stock_recommendations/points?wait=true "HTTP/1.1 200 OK"
2026-03-16 15:59:55,825 - INFO - HTTP Request: PUT http://localhost:6333/collections/daily_trade_strategies/points?wait=true "HTTP/1.1 200 OK"
2026-03-16 15:59:55,828 - INFO - HTTP Request: PUT http://localhost:6333/collections/trading_results/points?wait=true "HTTP/1.1 200 OK"
2026-03-16 15:59:55,835 - INFO - HTTP Request: PUT http://localhost:6333/collections/stock_recommendations/points?wait=true "HTTP/1.1 200 OK"
2026-03-16 15:59:55,863 - INFO - HTTP Request: PUT http://localhost:6333/collections/daily_trade_strategies/points?wait=true "HTTP/1.1 200 OK"
2026-03-16 15:59:55,867 - INFO - HTTP Request: PUT http://localhost:6333/collections/trading_results/points?wait=true "HTTP/1.1 200 OK"
2026-03-16 15:59:55,874 - INFO - HTTP Request: PUT http://localhost:6333/collections/stock_recommendations/points?wait=true "HTTP/1.1 200 OK"
2026-03-16 15:59:55,900 - INFO - HTTP Request: PUT http://localhost:6333/collections/daily_trade_strategies/points?wait=true "HTTP/1.1 200 OK"
2026-03-16 15:59:55,903 - INFO - HTTP Request: PUT http://localhost:6333/collections/trading_results/points?wait=true "HTTP/1.1 200 OK"
2026-03-16 15:59:55,910 - INFO - HTTP Request: PUT http://localhost:6333/collections/stock_recommendations/points?wait=true "HTTP/1.1 200 OK"
2026-03-16 15:59:55,937 - INFO - HTTP Request: PUT http://localhost:6333/collections/daily_trade_strategies/points?wait=true "HTTP/1.1 200 OK"
2026-03-16 15:59:55,941 - INFO - HTTP Request: PUT http://localhost:6333/collections/trading_results/points?wait=true "HTTP/1.1 200 OK"
2026-03-16 15:59:55,947 - INFO - HTTP Request: PUT http://localhost:6333/collections/stock_recommendations/points?wait=true "HTTP/1.1 200 OK"
2026-03-16 15:59:55,975 - INFO - HTTP Request: PUT http://localhost:6333/collections/daily_trade_strategies/points?wait=true "HTTP/1.1 200 OK"
2026-03-16 15:59:55,980 - INFO - HTTP Request: PUT http://localhost:6333/collections/trading_results/points?wait=true "HTTP/1.1 200 OK"
2026-03-16 15:59:55,987 - INFO - HTTP Request: PUT http://localhost:6333/collections/stock_recommendations/points?wait=true "HTTP/1.1 200 OK"
2026-03-16 15:59:56,012 - INFO - HTTP Request: PUT http://localhost:6333/collections/daily_trade_strategies/points?wait=true "HTTP/1.1 200 OK"
2026-03-16 15:59:56,016 - INFO - HTTP Request: PUT http://localhost:6333/collections/trading_results/points?wait=true "HTTP/1.1 200 OK"
2026-03-16 15:59:56,023 - INFO - HTTP Request: PUT http://localhost:6333/collections/stock_recommendations/points?wait=true "HTTP/1.1 200 OK"
2026-03-16 15:59:56,049 - INFO - HTTP Request: PUT http://localhost:6333/collections/daily_trade_strategies/points?wait=true "HTTP/1.1 200 OK"
2026-03-16 15:59:56,054 - INFO - HTTP Request: PUT http://localhost:6333/collections/trading_results/points?wait=true "HTTP/1.1 200 OK"
2026-03-16 15:59:56,063 - INFO - HTTP Request: PUT http://localhost:6333/collections/stock_recommendations/points?wait=true "HTTP/1.1 200 OK"
2026-03-16 15:59:56,090 - INFO - HTTP Request: PUT http://localhost:6333/collections/daily_trade_strategies/points?wait=true "HTTP/1.1 200 OK"
2026-03-16 15:59:56,094 - INFO - HTTP Request: PUT http://localhost:6333/collections/trading_results/points?wait=true "HTTP/1.1 200 OK"
2026-03-16 15:59:56,102 - INFO - HTTP Request: PUT http://localhost:6333/collections/stock_recommendations/points?wait=true "HTTP/1.1 200 OK"
2026-03-16 15:59:56,129 - INFO - HTTP Request: PUT http://localhost:6333/collections/daily_trade_strategies/points?wait=true "HTTP/1.1 200 OK"
2026-03-16 15:59:56,131 - INFO - HTTP Request: PUT http://localhost:6333/collections/trading_results/points?wait=true "HTTP/1.1 200 OK"
2026-03-16 15:59:56,139 - INFO - HTTP Request: PUT http://localhost:6333/collections/stock_recommendations/points?wait=true "HTTP/1.1 200 OK"
2026-03-16 15:59:56,166 - INFO - HTTP Request: PUT http://localhost:6333/collections/daily_trade_strategies/points?wait=true "HTTP/1.1 200 OK"
2026-03-16 15:59:56,169 - INFO - HTTP Request: PUT http://localhost:6333/collections/trading_results/points?wait=true "HTTP/1.1 200 OK"
2026-03-16 15:59:56,175 - INFO - HTTP Request: PUT http://localhost:6333/collections/stock_recommendations/points?wait=true "HTTP/1.1 200 OK"
2026-03-16 15:59:56,201 - INFO - HTTP Request: PUT http://localhost:6333/collections/daily_trade_strategies/points?wait=true "HTTP/1.1 200 OK"
2026-03-16 15:59:56,204 - INFO - HTTP Request: PUT http://localhost:6333/collections/trading_results/points?wait=true "HTTP/1.1 200 OK"
2026-03-16 15:59:56,213 - INFO - HTTP Request: PUT http://localhost:6333/collections/stock_recommendations/points?wait=true "HTTP/1.1 200 OK"
2026-03-16 15:59:56,259 - INFO - HTTP Request: PUT http://localhost:6333/collections/daily_trade_strategies/points?wait=true "HTTP/1.1 200 OK"
2026-03-16 15:59:56,268 - INFO - HTTP Request: PUT http://localhost:6333/collections/trading_results/points?wait=true "HTTP/1.1 200 OK"
2026-03-16 15:59:56,289 - INFO - HTTP Request: PUT http://localhost:6333/collections/stock_recommendations/points?wait=true "HTTP/1.1 200 OK"
2026-03-16 15:59:56,316 - INFO - HTTP Request: PUT http://localhost:6333/collections/daily_trade_strategies/points?wait=true "HTTP/1.1 200 OK"
2026-03-16 15:59:56,334 - INFO - HTTP Request: PUT http://localhost:6333/collections/trading_results/points?wait=true "HTTP/1.1 200 OK"
2026-03-16 15:59:56,365 - INFO - HTTP Request: PUT http://localhost:6333/collections/stock_recommendations/points?wait=true "HTTP/1.1 200 OK"
2026-03-16 15:59:56,395 - INFO - HTTP Request: PUT http://localhost:6333/collections/daily_trade_strategies/points?wait=true "HTTP/1.1 200 OK"
2026-03-16 15:59:56,411 - INFO - HTTP Request: PUT http://localhost:6333/collections/trading_results/points?wait=true "HTTP/1.1 200 OK"
2026-03-16 15:59:56,418 - INFO - HTTP Request: PUT http://localhost:6333/collections/stock_recommendations/points?wait=true "HTTP/1.1 200 OK"
2026-03-16 15:59:56,445 - INFO - HTTP Request: PUT http://localhost:6333/collections/daily_trade_strategies/points?wait=true "HTTP/1.1 200 OK"
2026-03-16 15:59:56,449 - INFO - HTTP Request: PUT http://localhost:6333/collections/trading_results/points?wait=true "HTTP/1.1 200 OK"
2026-03-16 15:59:56,473 - INFO - HTTP Request: PUT http://localhost:6333/collections/stock_recommendations/points?wait=true "HTTP/1.1 200 OK"
2026-03-16 15:59:56,518 - INFO - HTTP Request: PUT http://localhost:6333/collections/daily_trade_strategies/points?wait=true "HTTP/1.1 200 OK"
2026-03-16 15:59:56,523 - INFO - HTTP Request: PUT http://localhost:6333/collections/trading_results/points?wait=true "HTTP/1.1 200 OK"
2026-03-16 15:59:56,530 - INFO - HTTP Request: PUT http://localhost:6333/collections/stock_recommendations/points?wait=true "HTTP/1.1 200 OK"
2026-03-16 15:59:56,557 - INFO - HTTP Request: PUT http://localhost:6333/collections/daily_trade_strategies/points?wait=true "HTTP/1.1 200 OK"
2026-03-16 15:59:56,561 - INFO - HTTP Request: PUT http://localhost:6333/collections/trading_results/points?wait=true "HTTP/1.1 200 OK"
2026-03-16 15:59:56,568 - INFO - HTTP Request: PUT http://localhost:6333/collections/stock_recommendations/points?wait=true "HTTP/1.1 200 OK"
2026-03-16 15:59:56,596 - INFO - HTTP Request: PUT http://localhost:6333/collections/daily_trade_strategies/points?wait=true "HTTP/1.1 200 OK"
2026-03-16 15:59:56,600 - INFO - HTTP Request: PUT http://localhost:6333/collections/trading_results/points?wait=true "HTTP/1.1 200 OK"
2026-03-16 15:59:56,606 - INFO - HTTP Request: PUT http://localhost:6333/collections/stock_recommendations/points?wait=true "HTTP/1.1 200 OK"
2026-03-16 15:59:56,631 - INFO - HTTP Request: PUT http://localhost:6333/collections/daily_trade_strategies/points?wait=true "HTTP/1.1 200 OK"
2026-03-16 15:59:56,634 - INFO - HTTP Request: PUT http://localhost:6333/collections/trading_results/points?wait=true "HTTP/1.1 200 OK"
2026-03-16 15:59:56,641 - INFO - HTTP Request: PUT http://localhost:6333/collections/stock_recommendations/points?wait=true "HTTP/1.1 200 OK"
2026-03-16 15:59:56,667 - INFO - HTTP Request: PUT http://localhost:6333/collections/daily_trade_strategies/points?wait=true "HTTP/1.1 200 OK"
2026-03-16 15:59:56,671 - INFO - HTTP Request: PUT http://localhost:6333/collections/trading_results/points?wait=true "HTTP/1.1 200 OK"
2026-03-16 15:59:56,679 - INFO - HTTP Request: PUT http://localhost:6333/collections/stock_recommendations/points?wait=true "HTTP/1.1 200 OK"
2026-03-16 15:59:56,703 - INFO - HTTP Request: PUT http://localhost:6333/collections/daily_trade_strategies/points?wait=true "HTTP/1.1 200 OK"
2026-03-16 15:59:56,707 - INFO - HTTP Request: PUT http://localhost:6333/collections/trading_results/points?wait=true "HTTP/1.1 200 OK"
2026-03-16 15:59:56,715 - INFO - HTTP Request: PUT http://localhost:6333/collections/stock_recommendations/points?wait=true "HTTP/1.1 200 OK"
2026-03-16 15:59:56,742 - INFO - HTTP Request: PUT http://localhost:6333/collections/daily_trade_strategies/points?wait=true "HTTP/1.1 200 OK"
2026-03-16 15:59:56,749 - INFO - HTTP Request: PUT http://localhost:6333/collections/trading_results/points?wait=true "HTTP/1.1 200 OK"
2026-03-16 15:59:56,766 - INFO - HTTP Request: PUT http://localhost:6333/collections/stock_recommendations/points?wait=true "HTTP/1.1 200 OK"
2026-03-16 15:59:56,795 - INFO - HTTP Request: PUT http://localhost:6333/collections/daily_trade_strategies/points?wait=true "HTTP/1.1 200 OK"
2026-03-16 15:59:56,810 - INFO - HTTP Request: PUT http://localhost:6333/collections/trading_results/points?wait=true "HTTP/1.1 200 OK"
2026-03-16 15:59:56,842 - INFO - HTTP Request: PUT http://localhost:6333/collections/stock_recommendations/points?wait=true "HTTP/1.1 200 OK"
2026-03-16 15:59:56,889 - INFO - HTTP Request: PUT http://localhost:6333/collections/daily_trade_strategies/points?wait=true "HTTP/1.1 200 OK"
2026-03-16 15:59:56,896 - INFO - HTTP Request: PUT http://localhost:6333/collections/trading_results/points?wait=true "HTTP/1.1 200 OK"
2026-03-16 15:59:56,903 - INFO - HTTP Request: PUT http://localhost:6333/collections/stock_recommendations/points?wait=true "HTTP/1.1 200 OK"
2026-03-16 15:59:56,932 - INFO - HTTP Request: PUT http://localhost:6333/collections/daily_trade_strategies/points?wait=true "HTTP/1.1 200 OK"
2026-03-16 15:59:56,936 - INFO - HTTP Request: PUT http://localhost:6333/collections/trading_results/points?wait=true "HTTP/1.1 200 OK"
2026-03-16 15:59:56,967 - INFO - HTTP Request: PUT http://localhost:6333/collections/stock_recommendations/points?wait=true "HTTP/1.1 200 OK"
2026-03-16 15:59:56,994 - INFO - HTTP Request: PUT http://localhost:6333/collections/daily_trade_strategies/points?wait=true "HTTP/1.1 200 OK"
2026-03-16 15:59:56,997 - INFO - HTTP Request: PUT http://localhost:6333/collections/trading_results/points?wait=true "HTTP/1.1 200 OK"
2026-03-16 15:59:57,007 - INFO - HTTP Request: PUT http://localhost:6333/collections/stock_recommendations/points?wait=true "HTTP/1.1 200 OK"
2026-03-16 15:59:57,035 - INFO - HTTP Request: PUT http://localhost:6333/collections/daily_trade_strategies/points?wait=true "HTTP/1.1 200 OK"
2026-03-16 15:59:57,039 - INFO - HTTP Request: PUT http://localhost:6333/collections/trading_results/points?wait=true "HTTP/1.1 200 OK"
2026-03-16 15:59:57,046 - INFO - HTTP Request: PUT http://localhost:6333/collections/stock_recommendations/points?wait=true "HTTP/1.1 200 OK"
2026-03-16 15:59:57,075 - INFO - HTTP Request: PUT http://localhost:6333/collections/daily_trade_strategies/points?wait=true "HTTP/1.1 200 OK"
2026-03-16 15:59:57,079 - INFO - HTTP Request: PUT http://localhost:6333/collections/trading_results/points?wait=true "HTTP/1.1 200 OK"
2026-03-16 15:59:57,084 - INFO - HTTP Request: PUT http://localhost:6333/collections/stock_recommendations/points?wait=true "HTTP/1.1 200 OK"
2026-03-16 15:59:57,111 - INFO - HTTP Request: PUT http://localhost:6333/collections/daily_trade_strategies/points?wait=true "HTTP/1.1 200 OK"
2026-03-16 15:59:57,114 - INFO - HTTP Request: PUT http://localhost:6333/collections/trading_results/points?wait=true "HTTP/1.1 200 OK"
2026-03-16 15:59:57,120 - INFO - HTTP Request: PUT http://localhost:6333/collections/stock_recommendations/points?wait=true "HTTP/1.1 200 OK"
2026-03-16 15:59:57,146 - INFO - HTTP Request: PUT http://localhost:6333/collections/daily_trade_strategies/points?wait=true "HTTP/1.1 200 OK"
2026-03-16 15:59:57,150 - INFO - HTTP Request: PUT http://localhost:6333/collections/trading_results/points?wait=true "HTTP/1.1 200 OK"
2026-03-16 15:59:57,155 - INFO - HTTP Request: PUT http://localhost:6333/collections/stock_recommendations/points?wait=true "HTTP/1.1 200 OK"
2026-03-16 15:59:57,184 - INFO - HTTP Request: PUT http://localhost:6333/collections/daily_trade_strategies/points?wait=true "HTTP/1.1 200 OK"
2026-03-16 15:59:57,188 - INFO - HTTP Request: PUT http://localhost:6333/collections/trading_results/points?wait=true "HTTP/1.1 200 OK"
2026-03-16 15:59:57,196 - INFO - HTTP Request: PUT http://localhost:6333/collections/stock_recommendations/points?wait=true "HTTP/1.1 200 OK"
2026-03-16 15:59:57,222 - INFO - HTTP Request: PUT http://localhost:6333/collections/daily_trade_strategies/points?wait=true "HTTP/1.1 200 OK"
2026-03-16 15:59:57,243 - INFO - HTTP Request: PUT http://localhost:6333/collections/trading_results/points?wait=true "HTTP/1.1 200 OK"
2026-03-16 15:59:57,261 - INFO - HTTP Request: PUT http://localhost:6333/collections/stock_recommendations/points?wait=true "HTTP/1.1 200 OK"
2026-03-16 15:59:57,306 - INFO - HTTP Request: PUT http://localhost:6333/collections/daily_trade_strategies/points?wait=true "HTTP/1.1 200 OK"
2026-03-16 15:59:57,312 - INFO - HTTP Request: PUT http://localhost:6333/collections/trading_results/points?wait=true "HTTP/1.1 200 OK"
2026-03-16 15:59:57,319 - INFO - HTTP Request: PUT http://localhost:6333/collections/stock_recommendations/points?wait=true "HTTP/1.1 200 OK"
2026-03-16 15:59:57,347 - INFO - HTTP Request: PUT http://localhost:6333/collections/daily_trade_strategies/points?wait=true "HTTP/1.1 200 OK"
2026-03-16 15:59:57,354 - INFO - HTTP Request: PUT http://localhost:6333/collections/trading_results/points?wait=true "HTTP/1.1 200 OK"
2026-03-16 15:59:57,364 - INFO - HTTP Request: PUT http://localhost:6333/collections/stock_recommendations/points?wait=true "HTTP/1.1 200 OK"
2026-03-16 15:59:57,414 - INFO - HTTP Request: PUT http://localhost:6333/collections/daily_trade_strategies/points?wait=true "HTTP/1.1 200 OK"
2026-03-16 15:59:57,418 - INFO - HTTP Request: PUT http://localhost:6333/collections/trading_results/points?wait=true "HTTP/1.1 200 OK"
2026-03-16 15:59:57,445 - INFO - HTTP Request: PUT http://localhost:6333/collections/stock_recommendations/points?wait=true "HTTP/1.1 200 OK"
2026-03-16 15:59:57,478 - INFO - HTTP Request: PUT http://localhost:6333/collections/daily_trade_strategies/points?wait=true "HTTP/1.1 200 OK"
2026-03-16 15:59:57,482 - INFO - HTTP Request: PUT http://localhost:6333/collections/trading_results/points?wait=true "HTTP/1.1 200 OK"
2026-03-16 15:59:57,488 - INFO - HTTP Request: PUT http://localhost:6333/collections/stock_recommendations/points?wait=true "HTTP/1.1 200 OK"
2026-03-16 15:59:57,516 - INFO - HTTP Request: PUT http://localhost:6333/collections/daily_trade_strategies/points?wait=true "HTTP/1.1 200 OK"
2026-03-16 15:59:57,519 - INFO - HTTP Request: PUT http://localhost:6333/collections/trading_results/points?wait=true "HTTP/1.1 200 OK"
2026-03-16 15:59:57,526 - INFO - HTTP Request: PUT http://localhost:6333/collections/stock_recommendations/points?wait=true "HTTP/1.1 200 OK"
2026-03-16 15:59:57,555 - INFO - HTTP Request: PUT http://localhost:6333/collections/daily_trade_strategies/points?wait=true "HTTP/1.1 200 OK"
2026-03-16 15:59:57,558 - INFO - HTTP Request: PUT http://localhost:6333/collections/trading_results/points?wait=true "HTTP/1.1 200 OK"
2026-03-16 15:59:57,565 - INFO - HTTP Request: PUT http://localhost:6333/collections/stock_recommendations/points?wait=true "HTTP/1.1 200 OK"
2026-03-16 15:59:57,593 - INFO - HTTP Request: PUT http://localhost:6333/collections/daily_trade_strategies/points?wait=true "HTTP/1.1 200 OK"
2026-03-16 15:59:57,597 - INFO - HTTP Request: PUT http://localhost:6333/collections/trading_results/points?wait=true "HTTP/1.1 200 OK"
2026-03-16 15:59:57,604 - INFO - HTTP Request: PUT http://localhost:6333/collections/stock_recommendations/points?wait=true "HTTP/1.1 200 OK"
2026-03-16 15:59:57,630 - INFO - HTTP Request: PUT http://localhost:6333/collections/daily_trade_strategies/points?wait=true "HTTP/1.1 200 OK"
2026-03-16 15:59:57,633 - INFO - HTTP Request: PUT http://localhost:6333/collections/trading_results/points?wait=true "HTTP/1.1 200 OK"
2026-03-16 15:59:57,640 - INFO - HTTP Request: PUT http://localhost:6333/collections/stock_recommendations/points?wait=true "HTTP/1.1 200 OK"
2026-03-16 15:59:57,668 - INFO - HTTP Request: PUT http://localhost:6333/collections/daily_trade_strategies/points?wait=true "HTTP/1.1 200 OK"
2026-03-16 15:59:57,671 - INFO - HTTP Request: PUT http://localhost:6333/collections/trading_results/points?wait=true "HTTP/1.1 200 OK"
2026-03-16 15:59:57,678 - INFO - HTTP Request: PUT http://localhost:6333/collections/stock_recommendations/points?wait=true "HTTP/1.1 200 OK"
2026-03-16 15:59:57,727 - INFO - HTTP Request: PUT http://localhost:6333/collections/daily_trade_strategies/points?wait=true "HTTP/1.1 200 OK"
2026-03-16 15:59:57,733 - INFO - HTTP Request: PUT http://localhost:6333/collections/trading_results/points?wait=true "HTTP/1.1 200 OK"
2026-03-16 15:59:57,756 - INFO - HTTP Request: PUT http://localhost:6333/collections/stock_recommendations/points?wait=true "HTTP/1.1 200 OK"
2026-03-16 15:59:57,784 - INFO - HTTP Request: PUT http://localhost:6333/collections/daily_trade_strategies/points?wait=true "HTTP/1.1 200 OK"
2026-03-16 15:59:57,787 - INFO - HTTP Request: PUT http://localhost:6333/collections/trading_results/points?wait=true "HTTP/1.1 200 OK"
2026-03-16 15:59:57,795 - INFO - HTTP Request: PUT http://localhost:6333/collections/stock_recommendations/points?wait=true "HTTP/1.1 200 OK"
2026-03-16 15:59:57,822 - INFO - HTTP Request: PUT http://localhost:6333/collections/daily_trade_strategies/points?wait=true "HTTP/1.1 200 OK"
2026-03-16 15:59:57,826 - INFO - HTTP Request: PUT http://localhost:6333/collections/trading_results/points?wait=true "HTTP/1.1 200 OK"
2026-03-16 15:59:57,833 - INFO - HTTP Request: PUT http://localhost:6333/collections/stock_recommendations/points?wait=true "HTTP/1.1 200 OK"
2026-03-16 15:59:57,860 - INFO - HTTP Request: PUT http://localhost:6333/collections/daily_trade_strategies/points?wait=true "HTTP/1.1 200 OK"
2026-03-16 15:59:57,864 - INFO - HTTP Request: PUT http://localhost:6333/collections/trading_results/points?wait=true "HTTP/1.1 200 OK"
2026-03-16 15:59:57,896 - INFO - HTTP Request: PUT http://localhost:6333/collections/stock_recommendations/points?wait=true "HTTP/1.1 200 OK"
2026-03-16 15:59:57,923 - INFO - HTTP Request: PUT http://localhost:6333/collections/daily_trade_strategies/points?wait=true "HTTP/1.1 200 OK"
2026-03-16 15:59:57,929 - INFO - HTTP Request: PUT http://localhost:6333/collections/trading_results/points?wait=true "HTTP/1.1 200 OK"
2026-03-16 15:59:57,958 - INFO - HTTP Request: PUT http://localhost:6333/collections/stock_recommendations/points?wait=true "HTTP/1.1 200 OK"
2026-03-16 15:59:57,984 - INFO - HTTP Request: PUT http://localhost:6333/collections/daily_trade_strategies/points?wait=true "HTTP/1.1 200 OK"
2026-03-16 15:59:57,989 - INFO - HTTP Request: PUT http://localhost:6333/collections/trading_results/points?wait=true "HTTP/1.1 200 OK"
2026-03-16 15:59:58,020 - INFO - HTTP Request: PUT http://localhost:6333/collections/stock_recommendations/points?wait=true "HTTP/1.1 200 OK"
2026-03-16 15:59:58,048 - INFO - HTTP Request: PUT http://localhost:6333/collections/daily_trade_strategies/points?wait=true "HTTP/1.1 200 OK"
2026-03-16 15:59:58,051 - INFO - HTTP Request: PUT http://localhost:6333/collections/trading_results/points?wait=true "HTTP/1.1 200 OK"
2026-03-16 15:59:58,059 - INFO - HTTP Request: PUT http://localhost:6333/collections/stock_recommendations/points?wait=true "HTTP/1.1 200 OK"
2026-03-16 15:59:58,087 - INFO - HTTP Request: PUT http://localhost:6333/collections/daily_trade_strategies/points?wait=true "HTTP/1.1 200 OK"
2026-03-16 15:59:58,090 - INFO - HTTP Request: PUT http://localhost:6333/collections/trading_results/points?wait=true "HTTP/1.1 200 OK"
2026-03-16 15:59:58,099 - INFO - HTTP Request: PUT http://localhost:6333/collections/stock_recommendations/points?wait=true "HTTP/1.1 200 OK"
2026-03-16 15:59:58,126 - INFO - HTTP Request: PUT http://localhost:6333/collections/daily_trade_strategies/points?wait=true "HTTP/1.1 200 OK"
2026-03-16 15:59:58,129 - INFO - HTTP Request: PUT http://localhost:6333/collections/trading_results/points?wait=true "HTTP/1.1 200 OK"
2026-03-16 15:59:58,137 - INFO - HTTP Request: PUT http://localhost:6333/collections/stock_recommendations/points?wait=true "HTTP/1.1 200 OK"
2026-03-16 15:59:58,175 - INFO - HTTP Request: PUT http://localhost:6333/collections/daily_trade_strategies/points?wait=true "HTTP/1.1 200 OK"
2026-03-16 15:59:58,179 - INFO - HTTP Request: PUT http://localhost:6333/collections/trading_results/points?wait=true "HTTP/1.1 200 OK"
2026-03-16 15:59:58,187 - INFO - HTTP Request: PUT http://localhost:6333/collections/stock_recommendations/points?wait=true "HTTP/1.1 200 OK"
2026-03-16 15:59:58,213 - INFO - HTTP Request: PUT http://localhost:6333/collections/daily_trade_strategies/points?wait=true "HTTP/1.1 200 OK"
2026-03-16 15:59:58,217 - INFO - HTTP Request: PUT http://localhost:6333/collections/trading_results/points?wait=true "HTTP/1.1 200 OK"
2026-03-16 15:59:58,224 - INFO - HTTP Request: PUT http://localhost:6333/collections/stock_recommendations/points?wait=true "HTTP/1.1 200 OK"
2026-03-16 15:59:58,251 - INFO - HTTP Request: PUT http://localhost:6333/collections/daily_trade_strategies/points?wait=true "HTTP/1.1 200 OK"
2026-03-16 15:59:58,255 - INFO - HTTP Request: PUT http://localhost:6333/collections/trading_results/points?wait=true "HTTP/1.1 200 OK"
2026-03-16 15:59:58,263 - INFO - HTTP Request: PUT http://localhost:6333/collections/stock_recommendations/points?wait=true "HTTP/1.1 200 OK"
2026-03-16 15:59:58,291 - INFO - HTTP Request: PUT http://localhost:6333/collections/daily_trade_strategies/points?wait=true "HTTP/1.1 200 OK"
2026-03-16 15:59:58,295 - INFO - HTTP Request: PUT http://localhost:6333/collections/trading_results/points?wait=true "HTTP/1.1 200 OK"
2026-03-16 15:59:58,302 - INFO - HTTP Request: PUT http://localhost:6333/collections/stock_recommendations/points?wait=true "HTTP/1.1 200 OK"
2026-03-16 15:59:58,330 - INFO - HTTP Request: PUT http://localhost:6333/collections/daily_trade_strategies/points?wait=true "HTTP/1.1 200 OK"
2026-03-16 15:59:58,335 - INFO - HTTP Request: PUT http://localhost:6333/collections/trading_results/points?wait=true "HTTP/1.1 200 OK"
2026-03-16 15:59:58,345 - INFO - HTTP Request: PUT http://localhost:6333/collections/stock_recommendations/points?wait=true "HTTP/1.1 200 OK"
2026-03-16 15:59:58,372 - INFO - HTTP Request: PUT http://localhost:6333/collections/daily_trade_strategies/points?wait=true "HTTP/1.1 200 OK"
2026-03-16 15:59:58,377 - INFO - HTTP Request: PUT http://localhost:6333/collections/trading_results/points?wait=true "HTTP/1.1 200 OK"
2026-03-16 15:59:58,385 - INFO - HTTP Request: PUT http://localhost:6333/collections/stock_recommendations/points?wait=true "HTTP/1.1 200 OK"
2026-03-16 15:59:58,416 - INFO - HTTP Request: PUT http://localhost:6333/collections/daily_trade_strategies/points?wait=true "HTTP/1.1 200 OK"
2026-03-16 15:59:58,422 - INFO - HTTP Request: PUT http://localhost:6333/collections/trading_results/points?wait=true "HTTP/1.1 200 OK"
2026-03-16 15:59:58,433 - INFO - HTTP Request: PUT http://localhost:6333/collections/stock_recommendations/points?wait=true "HTTP/1.1 200 OK"
2026-03-16 15:59:58,468 - INFO - HTTP Request: PUT http://localhost:6333/collections/daily_trade_strategies/points?wait=true "HTTP/1.1 200 OK"
2026-03-16 15:59:58,475 - INFO - HTTP Request: PUT http://localhost:6333/collections/trading_results/points?wait=true "HTTP/1.1 200 OK"
2026-03-16 15:59:58,486 - INFO - HTTP Request: PUT http://localhost:6333/collections/stock_recommendations/points?wait=true "HTTP/1.1 200 OK"
2026-03-16 15:59:58,514 - INFO - HTTP Request: PUT http://localhost:6333/collections/daily_trade_strategies/points?wait=true "HTTP/1.1 200 OK"
2026-03-16 15:59:58,518 - INFO - HTTP Request: PUT http://localhost:6333/collections/trading_results/points?wait=true "HTTP/1.1 200 OK"
2026-03-16 15:59:58,530 - INFO - HTTP Request: PUT http://localhost:6333/collections/stock_recommendations/points?wait=true "HTTP/1.1 200 OK"
2026-03-16 15:59:58,566 - INFO - HTTP Request: PUT http://localhost:6333/collections/daily_trade_strategies/points?wait=true "HTTP/1.1 200 OK"
2026-03-16 15:59:58,570 - INFO - HTTP Request: PUT http://localhost:6333/collections/trading_results/points?wait=true "HTTP/1.1 200 OK"
2026-03-16 15:59:58,581 - INFO - HTTP Request: PUT http://localhost:6333/collections/stock_recommendations/points?wait=true "HTTP/1.1 200 OK"
2026-03-16 15:59:58,642 - INFO - HTTP Request: PUT http://localhost:6333/collections/daily_trade_strategies/points?wait=true "HTTP/1.1 200 OK"
2026-03-16 15:59:58,646 - INFO - HTTP Request: PUT http://localhost:6333/collections/trading_results/points?wait=true "HTTP/1.1 200 OK"
2026-03-16 15:59:58,671 - INFO - HTTP Request: PUT http://localhost:6333/collections/stock_recommendations/points?wait=true "HTTP/1.1 200 OK"
2026-03-16 15:59:58,700 - INFO - HTTP Request: PUT http://localhost:6333/collections/daily_trade_strategies/points?wait=true "HTTP/1.1 200 OK"
2026-03-16 15:59:58,703 - INFO - HTTP Request: PUT http://localhost:6333/collections/trading_results/points?wait=true "HTTP/1.1 200 OK"
2026-03-16 15:59:58,711 - INFO - HTTP Request: PUT http://localhost:6333/collections/stock_recommendations/points?wait=true "HTTP/1.1 200 OK"
2026-03-16 15:59:58,738 - INFO - HTTP Request: PUT http://localhost:6333/collections/daily_trade_strategies/points?wait=true "HTTP/1.1 200 OK"
2026-03-16 15:59:58,763 - INFO - HTTP Request: PUT http://localhost:6333/collections/trading_results/points?wait=true "HTTP/1.1 200 OK"
2026-03-16 15:59:58,796 - INFO - HTTP Request: PUT http://localhost:6333/collections/stock_recommendations/points?wait=true "HTTP/1.1 200 OK"
2026-03-16 15:59:58,836 - INFO - HTTP Request: PUT http://localhost:6333/collections/daily_trade_strategies/points?wait=true "HTTP/1.1 200 OK"
2026-03-16 15:59:58,841 - INFO - HTTP Request: PUT http://localhost:6333/collections/trading_results/points?wait=true "HTTP/1.1 200 OK"
2026-03-16 15:59:58,851 - INFO - HTTP Request: PUT http://localhost:6333/collections/stock_recommendations/points?wait=true "HTTP/1.1 200 OK"
2026-03-16 15:59:58,878 - INFO - HTTP Request: PUT http://localhost:6333/collections/daily_trade_strategies/points?wait=true "HTTP/1.1 200 OK"
2026-03-16 15:59:58,882 - INFO - HTTP Request: PUT http://localhost:6333/collections/trading_results/points?wait=true "HTTP/1.1 200 OK"
2026-03-16 15:59:58,890 - INFO - HTTP Request: PUT http://localhost:6333/collections/stock_recommendations/points?wait=true "HTTP/1.1 200 OK"
2026-03-16 15:59:58,917 - INFO - HTTP Request: PUT http://localhost:6333/collections/daily_trade_strategies/points?wait=true "HTTP/1.1 200 OK"
2026-03-16 15:59:58,922 - INFO - HTTP Request: PUT http://localhost:6333/collections/trading_results/points?wait=true "HTTP/1.1 200 OK"
2026-03-16 15:59:58,931 - INFO - HTTP Request: PUT http://localhost:6333/collections/stock_recommendations/points?wait=true "HTTP/1.1 200 OK"
2026-03-16 15:59:58,980 - INFO - HTTP Request: PUT http://localhost:6333/collections/daily_trade_strategies/points?wait=true "HTTP/1.1 200 OK"
2026-03-16 15:59:58,984 - INFO - HTTP Request: PUT http://localhost:6333/collections/trading_results/points?wait=true "HTTP/1.1 200 OK"
2026-03-16 15:59:58,992 - INFO - HTTP Request: PUT http://localhost:6333/collections/stock_recommendations/points?wait=true "HTTP/1.1 200 OK"
2026-03-16 15:59:59,026 - INFO - HTTP Request: PUT http://localhost:6333/collections/daily_trade_strategies/points?wait=true "HTTP/1.1 200 OK"
2026-03-16 15:59:59,030 - INFO - HTTP Request: PUT http://localhost:6333/collections/trading_results/points?wait=true "HTTP/1.1 200 OK"
2026-03-16 15:59:59,040 - INFO - HTTP Request: PUT http://localhost:6333/collections/stock_recommendations/points?wait=true "HTTP/1.1 200 OK"
2026-03-16 15:59:59,071 - INFO - HTTP Request: PUT http://localhost:6333/collections/daily_trade_strategies/points?wait=true "HTTP/1.1 200 OK"
2026-03-16 15:59:59,074 - INFO - HTTP Request: PUT http://localhost:6333/collections/trading_results/points?wait=true "HTTP/1.1 200 OK"
2026-03-16 15:59:59,105 - INFO - HTTP Request: PUT http://localhost:6333/collections/stock_recommendations/points?wait=true "HTTP/1.1 200 OK"
2026-03-16 15:59:59,133 - INFO - HTTP Request: PUT http://localhost:6333/collections/daily_trade_strategies/points?wait=true "HTTP/1.1 200 OK"
2026-03-16 15:59:59,137 - INFO - HTTP Request: PUT http://localhost:6333/collections/trading_results/points?wait=true "HTTP/1.1 200 OK"
2026-03-16 15:59:59,137 - INFO - Uploaded 15228 recommendation points.
2026-03-16 15:59:59,137 - INFO - Uploaded 213 trading result points.
2026-03-16 15:59:59,138 - INFO - Uploaded 213 strategy points.
2026-03-16 15:59:59,140 - INFO - HTTP Request: PUT http://localhost:6333/collections/performance_metrics/points?wait=true "HTTP/1.1 200 OK"
2026-03-16 15:59:59,140 - INFO - Uploaded performance snapshot.
2026-03-16 15:59:59,141 - INFO - Progress updated: 213 days | last: 2026-03-13
2026-03-16 15:59:59,141 - INFO - ============================================================
2026-03-16 15:59:59,141 - INFO - DONE — 2026 paper trading complete
2026-03-16 15:59:59,141 - INFO -   2026 predictions : C:\Users\luixj\AI\stock-data\data\processed\phase4\predictions_2026.parquet
2026-03-16 15:59:59,141 - INFO -   Combined preds   : C:\Users\luixj\AI\stock-data\data\processed\phase4\predictions_combined.parquet
2026-03-16 15:59:59,141 - INFO -   Daily results    : C:\Users\luixj\AI\stock-data\data\processed\phase4\phase4_paper_trading_daily.parquet
2026-03-16 15:59:59,142 - INFO -   Summary          : C:\Users\luixj\AI\stock-data\data\processed\phase4\phase4_paper_trading_summary.json
2026-03-16 15:59:59,142 - INFO - ============================================================
2026-03-16 15:59:59,647 - INFO - Prediction refresh completed successfully.
2026-03-16 15:59:59,694 - INFO - No new historical dates available. Last processed: 2026-03-13 | Tradable range: 2025-04-01 to 2026-03-13
2026-03-16 15:59:59,695 - WARNING - Predictions look stale. Refresh with:
2026-03-16 15:59:59,695 - WARNING -   python scripts/paper_trading/run_2026_paper_trading.py --sim-start 2026-03-14 --sim-end auto
2026-03-16 15:59:59,695 - INFO - No action taken today because there is no new historical date to process.
2026-03-16 15:59:59,717 - INFO - Scheduler run completed with no trade: no tradable historical date after last_processed=2026-03-13 (stale predictions (max tradable 2026-03-13 < 2026-03-15)).
2026-03-16 15:59:59,717 - INFO - ============================================================
2026-03-16 15:59:59,717 - INFO - DAILY AUTOMATION COMPLETE (NO NEW DATA)
2026-03-16 15:59:59,717 - INFO - ============================================================
2026-03-16 15:59:59,717 - INFO - Automation completed successfully!
2026-03-16 16:15:07,653 - INFO - Starting automated daily paper trading...
2026-03-16 16:15:07,790 - INFO - Docker Desktop is running, daemon is ready
2026-03-16 16:15:07,797 - INFO - Qdrant is already running
2026-03-16 16:15:08,366 - INFO - HTTP Request: GET http://localhost:6333 "HTTP/1.1 200 OK"
2026-03-16 16:15:08,372 - INFO - Setting up Qdrant collections...
2026-03-16 16:15:08,401 - INFO - HTTP Request: GET http://localhost:6333/collections/stock_recommendations "HTTP/1.1 200 OK"
2026-03-16 16:15:08,404 - INFO - Collection 'stock_recommendations' already exists
2026-03-16 16:15:08,432 - INFO - HTTP Request: GET http://localhost:6333/collections/trading_results "HTTP/1.1 200 OK"
2026-03-16 16:15:08,435 - INFO - Collection 'trading_results' already exists
2026-03-16 16:15:08,438 - INFO - HTTP Request: GET http://localhost:6333/collections/performance_metrics "HTTP/1.1 200 OK"
2026-03-16 16:15:08,439 - INFO - Collection 'performance_metrics' already exists
2026-03-16 16:15:08,439 - INFO - ============================================================
2026-03-16 16:15:08,439 - INFO - AUTOMATED DAILY PAPER TRADING
2026-03-16 16:15:08,443 - INFO - ============================================================
2026-03-16 16:15:08,444 - INFO - Calendar Date: 2026-03-16
2026-03-16 16:15:08,444 - INFO - Predictions source: data\processed\phase4\predictions_combined.parquet
2026-03-16 16:15:08,633 - INFO - No new historical dates available. Last processed: 2026-03-13 | Tradable range: 2025-04-01 to 2026-03-13
2026-03-16 16:15:08,633 - WARNING - Predictions look stale. Refresh with:
2026-03-16 16:15:08,634 - WARNING -   python scripts/paper_trading/run_2026_paper_trading.py --sim-start 2026-03-14 --sim-end auto
2026-03-16 16:15:08,656 - WARNING - Predictions are stale (max tradable 2026-03-13, expected >= 2026-03-15). Auto-refreshing...
2026-03-16 16:15:08,656 - INFO - Refresh command: C:\Users\luixj\AI\stock-data\venv\Scripts\python.exe scripts/paper_trading/run_2026_paper_trading.py --sim-start 2026-03-14 --sim-end auto
2026-03-16 16:15:13,278 - INFO - ============================================================
2026-03-16 16:15:13,278 - INFO - 2026 PAPER TRADING — LIVE DATA
2026-03-16 16:15:13,278 - INFO -   2026 sim range : 2026-03-14 -> 2026-03-15
2026-03-16 16:15:13,278 - INFO -   Full range     : 2025-04-01 -> 2026-03-15
2026-03-16 16:15:13,278 - INFO -   YF download    : 2025-09-01 -> 2026-03-17
2026-03-16 16:15:13,278 - INFO -   Device         : cuda
2026-03-16 16:15:13,278 - INFO - ============================================================
2026-03-16 16:15:13,278 - INFO - Loading ticker universe from phase1_predictions.parquet
2026-03-16 16:15:13,357 - INFO - Ticker universe: 189 stocks
2026-03-16 16:15:13,365 - INFO - ============================================================
2026-03-16 16:15:13,365 - INFO - STEP 1: Using cached OHLCV data (up to 2026-03-16)
2026-03-16 16:15:13,365 - INFO -   Cache : C:\Users\luixj\AI\stock-data\data\processed\phase4\ohlcv_2026_cache.parquet
2026-03-16 16:15:13,365 - INFO -   Tip   : use --force-download to refresh
2026-03-16 16:15:13,365 - INFO - ============================================================
2026-03-16 16:15:13,365 - INFO - ============================================================
2026-03-16 16:15:13,365 - INFO - STEP 2: Computing 14 core features
2026-03-16 16:15:13,365 - INFO - ============================================================
2026-03-16 16:15:13,372 - INFO - Calculating 14 core features (leakage-safe)...
2026-03-16 16:15:13,552 - INFO - Core features calculated:
2026-03-16 16:15:13,552 - INFO -   Returns: ret_1d, ret_5d, ret_20d
2026-03-16 16:15:13,552 - INFO -   Volatility: vol_10d, vol_20d
2026-03-16 16:15:13,553 - INFO -   Price: hl_range, oc_gap
2026-03-16 16:15:13,553 - INFO -   Trend: sma_10_dist, sma_20_dist
2026-03-16 16:15:13,553 - INFO -   Volume: log_volume, volume_change
2026-03-16 16:15:13,553 - INFO -   Market: market_return, vs_market, market_correlation
2026-03-16 16:15:13,553 - INFO -   Total: 14 features
2026-03-16 16:15:13,553 - INFO - Features: 25514 rows, 189 tickers
2026-03-16 16:15:13,553 - INFO - ============================================================
2026-03-16 16:15:13,553 - INFO - STEP 3: Loading model from C:\Users\luixj\AI\stock-data\models\checkpoints\lstm_phase2a_temp0.05_best.pth
2026-03-16 16:15:13,553 - INFO - ============================================================
2026-03-16 16:15:13,649 - INFO - Model loaded (strict=True)
2026-03-16 16:15:13,668 - INFO - Model ready on cuda
2026-03-16 16:15:13,668 - INFO - ============================================================
2026-03-16 16:15:13,668 - INFO - STEP 4: Generating predictions 2026-03-14 -> 2026-03-15
2026-03-16 16:15:13,668 - INFO - ============================================================
2026-03-16 16:15:13,677 - INFO - Trading days in simulation range: 0
2026-03-16 16:15:14,105 - ERROR - Prediction refresh failed (exit=1)
2026-03-16 16:15:14,109 - ERROR - Refresh stderr:
2026-03-16 16:15:13,278 - INFO - ============================================================
2026-03-16 16:15:13,278 - INFO - 2026 PAPER TRADING — LIVE DATA
2026-03-16 16:15:13,278 - INFO -   2026 sim range : 2026-03-14 -> 2026-03-15
2026-03-16 16:15:13,278 - INFO -   Full range     : 2025-04-01 -> 2026-03-15
2026-03-16 16:15:13,278 - INFO -   YF download    : 2025-09-01 -> 2026-03-17
2026-03-16 16:15:13,278 - INFO -   Device         : cuda
2026-03-16 16:15:13,278 - INFO - ============================================================
2026-03-16 16:15:13,278 - INFO - Loading ticker universe from phase1_predictions.parquet
2026-03-16 16:15:13,357 - INFO - Ticker universe: 189 stocks
2026-03-16 16:15:13,365 - INFO - ============================================================
2026-03-16 16:15:13,365 - INFO - STEP 1: Using cached OHLCV data (up to 2026-03-16)
2026-03-16 16:15:13,365 - INFO -   Cache : C:\Users\luixj\AI\stock-data\data\processed\phase4\ohlcv_2026_cache.parquet
2026-03-16 16:15:13,365 - INFO -   Tip   : use --force-download to refresh
2026-03-16 16:15:13,365 - INFO - ============================================================
2026-03-16 16:15:13,365 - INFO - ============================================================
2026-03-16 16:15:13,365 - INFO - STEP 2: Computing 14 core features
2026-03-16 16:15:13,365 - INFO - ============================================================
2026-03-16 16:15:13,372 - INFO - Calculating 14 core features (leakage-safe)...
2026-03-16 16:15:13,552 - INFO - Core features calculated:
2026-03-16 16:15:13,552 - INFO -   Returns: ret_1d, ret_5d, ret_20d
2026-03-16 16:15:13,552 - INFO -   Volatility: vol_10d, vol_20d
2026-03-16 16:15:13,553 - INFO -   Price: hl_range, oc_gap
2026-03-16 16:15:13,553 - INFO -   Trend: sma_10_dist, sma_20_dist
2026-03-16 16:15:13,553 - INFO -   Volume: log_volume, volume_change
2026-03-16 16:15:13,553 - INFO -   Market: market_return, vs_market, market_correlation
2026-03-16 16:15:13,553 - INFO -   Total: 14 features
2026-03-16 16:15:13,553 - INFO - Features: 25514 rows, 189 tickers
2026-03-16 16:15:13,553 - INFO - ============================================================
2026-03-16 16:15:13,553 - INFO - STEP 3: Loading model from C:\Users\luixj\AI\stock-data\models\checkpoints\lstm_phase2a_temp0.05_best.pth
2026-03-16 16:15:13,553 - INFO - ============================================================
2026-03-16 16:15:13,649 - INFO - Model loaded (strict=True)
2026-03-16 16:15:13,668 - INFO - Model ready on cuda
2026-03-16 16:15:13,668 - INFO - ============================================================
2026-03-16 16:15:13,668 - INFO - STEP 4: Generating predictions 2026-03-14 -> 2026-03-15
2026-03-16 16:15:13,668 - INFO - ============================================================
2026-03-16 16:15:13,677 - INFO - Trading days in simulation range: 0
Traceback (most recent call last):
  File "C:\Users\luixj\AI\stock-data\scripts\paper_trading\run_2026_paper_trading.py", line 841, in <module>
    main()
  File "C:\Users\luixj\AI\stock-data\scripts\paper_trading\run_2026_paper_trading.py", line 785, in main
    new_pred_2026_df = generate_predictions(features_df, model, args.sim_start, sim_end)
                       ^^^^^^^^^^^^^^^^^^^^^^^^^^^^^^^^^^^^^^^^^^^^^^^^^^^^^^^^^^^^^^^^^
  File "C:\Users\luixj\AI\stock-data\scripts\paper_trading\run_2026_paper_trading.py", line 331, in generate_predictions
    raise ValueError(f"No trading days found between {sim_start} and {sim_end}")
ValueError: No trading days found between 2026-03-14 and 2026-03-15

2026-03-16 16:15:14,111 - INFO - No action taken today because there is no new historical date to process.
2026-03-16 16:15:14,137 - INFO - Scheduler run completed with no trade: no tradable historical date after last_processed=2026-03-13 (stale predictions (max tradable 2026-03-13 < 2026-03-15)).
2026-03-16 16:15:14,140 - INFO - ============================================================
2026-03-16 16:15:14,140 - INFO - DAILY AUTOMATION COMPLETE (NO NEW DATA)
2026-03-16 16:15:14,140 - INFO - ============================================================
2026-03-16 16:15:14,140 - INFO - Automation completed successfully!
