2026-03-23 16:15:06,815 - INFO - Starting automated daily paper trading...
2026-03-23 16:15:07,567 - INFO - Docker Desktop is running, daemon is ready
2026-03-23 16:15:07,576 - INFO - Qdrant is already running
2026-03-23 16:15:08,097 - INFO - HTTP Request: GET http://localhost:6333 "HTTP/1.1 200 OK"
2026-03-23 16:15:08,103 - INFO - Setting up Qdrant collections...
2026-03-23 16:15:08,138 - INFO - HTTP Request: GET http://localhost:6333/collections/stock_recommendations "HTTP/1.1 200 OK"
2026-03-23 16:15:08,140 - INFO - Collection 'stock_recommendations' already exists
2026-03-23 16:15:08,193 - INFO - HTTP Request: GET http://localhost:6333/collections/trading_results "HTTP/1.1 200 OK"
2026-03-23 16:15:08,197 - INFO - Collection 'trading_results' already exists
2026-03-23 16:15:08,200 - INFO - HTTP Request: GET http://localhost:6333/collections/performance_metrics "HTTP/1.1 200 OK"
2026-03-23 16:15:08,201 - INFO - Collection 'performance_metrics' already exists
2026-03-23 16:15:08,201 - INFO - ============================================================
2026-03-23 16:15:08,201 - INFO - AUTOMATED DAILY PAPER TRADING
2026-03-23 16:15:08,201 - INFO - ============================================================
2026-03-23 16:15:08,201 - INFO - Calendar Date: 2026-03-23
2026-03-23 16:15:08,201 - INFO - Predictions source: data\processed\phase4\predictions_combined.parquet
2026-03-23 16:15:08,376 - INFO - No new historical dates available. Last processed: 2026-03-19 | Tradable range: 2025-04-01 to 2026-03-19
2026-03-23 16:15:08,376 - WARNING - Predictions look stale. Refresh with:
2026-03-23 16:15:08,376 - WARNING -   python scripts/paper_trading/run_2026_paper_trading.py --sim-start 2026-03-20 --sim-end auto
2026-03-23 16:15:08,398 - WARNING - Predictions are stale (max tradable 2026-03-19, expected >= 2026-03-22). Auto-refreshing...
2026-03-23 16:15:08,398 - INFO - Refresh command: C:\Users\luixj\AI\stock-data\venv\Scripts\python.exe scripts/paper_trading/run_2026_paper_trading.py --sim-start 2026-03-20 --sim-end auto
2026-03-23 16:15:12,371 - INFO - ============================================================
2026-03-23 16:15:12,371 - INFO - 2026 PAPER TRADING — LIVE DATA
2026-03-23 16:15:12,371 - INFO -   2026 sim range : 2026-03-20 -> 2026-03-22
2026-03-23 16:15:12,371 - INFO -   Full range     : 2025-04-01 -> 2026-03-22
2026-03-23 16:15:12,371 - INFO -   YF download    : 2025-09-01 -> 2026-03-24
2026-03-23 16:15:12,371 - INFO -   Device         : cuda
2026-03-23 16:15:12,371 - INFO - ============================================================
2026-03-23 16:15:12,371 - INFO - Loading ticker universe from phase1_predictions.parquet
2026-03-23 16:15:12,426 - INFO - Ticker universe: 189 stocks
2026-03-23 16:15:12,435 - INFO - OHLCV cache is stale (max date 2026-03-20 < SIM_END 2026-03-22) — re-downloading
2026-03-23 16:15:12,435 - INFO - ============================================================
2026-03-23 16:15:12,435 - INFO - STEP 1: Downloading OHLCV data
2026-03-23 16:15:12,435 - INFO -   Range  : 2025-09-01 -> 2026-03-24
2026-03-23 16:15:12,435 - INFO -   Tickers: 189
2026-03-23 16:15:12,435 - INFO - ============================================================
2026-03-23 16:15:17,124 - INFO -   Progress: 20/189 tickers downloaded
2026-03-23 16:15:21,074 - INFO -   Progress: 40/189 tickers downloaded
2026-03-23 16:15:26,174 - INFO -   Progress: 60/189 tickers downloaded
2026-03-23 16:15:30,157 - INFO -   Progress: 80/189 tickers downloaded
2026-03-23 16:15:33,427 - INFO -   Progress: 100/189 tickers downloaded
2026-03-23 16:15:36,902 - ERROR - $MMC: possibly delisted; no price data found  (1d 2025-09-01 -> 2026-03-24) (Yahoo error = "No data found, symbol may be delisted")
2026-03-23 16:15:36,906 - ERROR - 
1 Failed download:
2026-03-23 16:15:36,906 - ERROR - ['MMC']: possibly delisted; no price data found  (1d 2025-09-01 -> 2026-03-24) (Yahoo error = "No data found, symbol may be delisted")
2026-03-23 16:15:36,910 - WARNING -   No data for MMC
2026-03-23 16:15:37,125 - INFO -   Progress: 120/189 tickers downloaded
2026-03-23 16:15:41,095 - INFO -   Progress: 140/189 tickers downloaded
2026-03-23 16:15:44,876 - INFO -   Progress: 160/189 tickers downloaded
2026-03-23 16:15:48,685 - INFO -   Progress: 180/189 tickers downloaded
2026-03-23 16:15:50,387 - WARNING - Failed tickers (1): ['MMC']...
2026-03-23 16:15:50,395 - INFO - Downloaded 26320 rows | 188 tickers | 2025-09-02 -> 2026-03-23
2026-03-23 16:15:50,407 - INFO - OHLCV data cached to C:\Users\luixj\AI\stock-data\data\processed\phase4\ohlcv_2026_cache.parquet
2026-03-23 16:15:50,408 - INFO - ============================================================
2026-03-23 16:15:50,408 - INFO - STEP 2: Computing 14 core features
2026-03-23 16:15:50,408 - INFO - ============================================================
2026-03-23 16:15:50,416 - INFO - Calculating 14 core features (leakage-safe)...
2026-03-23 16:15:50,598 - INFO - Core features calculated:
2026-03-23 16:15:50,598 - INFO -   Returns: ret_1d, ret_5d, ret_20d
2026-03-23 16:15:50,598 - INFO -   Volatility: vol_10d, vol_20d
2026-03-23 16:15:50,598 - INFO -   Price: hl_range, oc_gap
2026-03-23 16:15:50,598 - INFO -   Trend: sma_10_dist, sma_20_dist
2026-03-23 16:15:50,598 - INFO -   Volume: log_volume, volume_change
2026-03-23 16:15:50,598 - INFO -   Market: market_return, vs_market, market_correlation
2026-03-23 16:15:50,598 - INFO -   Total: 14 features
2026-03-23 16:15:50,599 - INFO - Features: 26320 rows, 188 tickers
2026-03-23 16:15:50,599 - INFO - ============================================================
2026-03-23 16:15:50,599 - INFO - STEP 3: Loading model from C:\Users\luixj\AI\stock-data\models\checkpoints\lstm_phase2a_temp0.05_best.pth
2026-03-23 16:15:50,599 - INFO - ============================================================
2026-03-23 16:15:50,708 - INFO - Model loaded (strict=True)
2026-03-23 16:15:50,723 - INFO - Model ready on cuda
2026-03-23 16:15:50,723 - INFO - ============================================================
2026-03-23 16:15:50,723 - INFO - STEP 4: Generating predictions 2026-03-20 -> 2026-03-22
2026-03-23 16:15:50,723 - INFO - ============================================================
2026-03-23 16:15:50,729 - INFO - Trading days in simulation range: 1
2026-03-23 16:15:51,383 - INFO -   2026-03-20: 188 predictions generated
2026-03-23 16:15:51,384 - INFO - Total: 188 predictions | 1 days | 188 tickers
2026-03-23 16:15:51,388 - INFO - Loaded existing 2026 predictions for merge: 5477 rows | 29 dates
2026-03-23 16:15:51,399 - INFO - Saved 2026 predictions: C:\Users\luixj\AI\stock-data\data\processed\phase4\predictions_2026.parquet (5665 rows | 30 dates | 2026-02-06 -> 2026-03-20)
2026-03-23 16:15:51,399 - INFO - ============================================================
2026-03-23 16:15:51,399 - INFO - STEP 5: Combining 2025 + 2026 predictions and simulating
2026-03-23 16:15:51,399 - INFO - ============================================================
2026-03-23 16:15:51,554 - INFO - Combined: 41197 rows | 218 dates | 189 tickers
2026-03-23 16:15:51,555 - INFO -   Date range: 2025-04-01 -> 2026-03-20
2026-03-23 16:15:51,555 - INFO -   Saved to: C:\Users\luixj\AI\stock-data\data\processed\phase4\predictions_combined.parquet
2026-03-23 16:15:51,555 - INFO - Running simulation 2025-04-01 -> 2026-03-22 ...
2026-03-23 16:15:51,555 - INFO - Loading predictions from C:\Users\luixj\AI\stock-data\data\processed\phase4\predictions_combined.parquet
2026-03-23 16:15:51,571 - INFO - Running paper trading simulation for 218 days
2026-03-23 16:15:51,571 - INFO - Date range: 2025-04-01 to 2026-03-20
2026-03-23 16:15:51,571 - INFO - 
============================================================
2026-03-23 16:15:51,571 - INFO - Running paper trading for 2025-04-01
2026-03-23 16:15:51,571 - INFO - ============================================================
2026-03-23 16:15:51,573 - INFO - Portfolio construction: 38 longs, 15 shorts (from 38 candidates)
2026-03-23 16:15:51,573 - INFO - PnL Net: 0.0027 | Scaled: 0.0027 | Turnover: 100.00% | Vol Scale: 1.00
2026-03-23 16:15:51,573 - INFO - 
============================================================
2026-03-23 16:15:51,573 - INFO - Running paper trading for 2025-04-02
2026-03-23 16:15:51,573 - INFO - ============================================================
2026-03-23 16:15:51,574 - INFO - Portfolio construction: 38 longs, 38 shorts (from 38 candidates)
2026-03-23 16:15:51,574 - INFO - PnL Net: -0.0234 | Scaled: -0.0234 | Turnover: 16.46% | Vol Scale: 1.00
2026-03-23 16:15:51,574 - INFO - 
============================================================
2026-03-23 16:15:51,574 - INFO - Running paper trading for 2025-04-03
2026-03-23 16:15:51,574 - INFO - ============================================================
2026-03-23 16:15:51,576 - INFO - Portfolio construction: 38 longs, 38 shorts (from 38 candidates)
2026-03-23 16:15:51,576 - INFO - PnL Net: -0.0208 | Scaled: -0.0208 | Turnover: 20.14% | Vol Scale: 1.00
2026-03-23 16:15:51,576 - INFO - 
============================================================
2026-03-23 16:15:51,576 - INFO - Running paper trading for 2025-04-04
2026-03-23 16:15:51,576 - INFO - ============================================================
2026-03-23 16:15:51,577 - INFO - Portfolio construction: 38 longs, 38 shorts (from 38 candidates)
2026-03-23 16:15:51,577 - INFO - PnL Net: -0.0002 | Scaled: -0.0002 | Turnover: 27.43% | Vol Scale: 1.00
2026-03-23 16:15:51,577 - INFO - 
============================================================
2026-03-23 16:15:51,577 - INFO - Running paper trading for 2025-04-07
2026-03-23 16:15:51,577 - INFO - ============================================================
2026-03-23 16:15:51,578 - INFO - Portfolio construction: 38 longs, 38 shorts (from 38 candidates)
2026-03-23 16:15:51,578 - INFO - PnL Net: -0.0028 | Scaled: -0.0028 | Turnover: 21.14% | Vol Scale: 1.00
2026-03-23 16:15:51,578 - INFO - 
============================================================
2026-03-23 16:15:51,578 - INFO - Running paper trading for 2025-04-08
2026-03-23 16:15:51,578 - INFO - ============================================================
2026-03-23 16:15:51,580 - INFO - Portfolio construction: 38 longs, 38 shorts (from 38 candidates)
2026-03-23 16:15:51,580 - INFO - PnL Net: 0.0243 | Scaled: 0.0243 | Turnover: 21.60% | Vol Scale: 1.00
2026-03-23 16:15:51,580 - INFO - 
============================================================
2026-03-23 16:15:51,580 - INFO - Running paper trading for 2025-04-09
2026-03-23 16:15:51,580 - INFO - ============================================================
2026-03-23 16:15:51,581 - INFO - Portfolio construction: 38 longs, 1 shorts (from 38 candidates)
2026-03-23 16:15:51,582 - INFO - PnL Net: -0.0107 | Scaled: -0.0107 | Turnover: 20.86% | Vol Scale: 1.00
2026-03-23 16:15:51,582 - INFO - 
============================================================
2026-03-23 16:15:51,582 - INFO - Running paper trading for 2025-04-10
2026-03-23 16:15:51,582 - INFO - ============================================================
2026-03-23 16:15:51,583 - INFO - Portfolio construction: 38 longs, 38 shorts (from 38 candidates)
2026-03-23 16:15:51,583 - INFO - PnL Net: 0.0049 | Scaled: 0.0049 | Turnover: 22.53% | Vol Scale: 1.00
2026-03-23 16:15:51,583 - INFO - 
============================================================
2026-03-23 16:15:51,583 - INFO - Running paper trading for 2025-04-11
2026-03-23 16:15:51,583 - INFO - ============================================================
2026-03-23 16:15:51,584 - INFO - Portfolio construction: 38 longs, 1 shorts (from 38 candidates)
2026-03-23 16:15:51,584 - INFO - PnL Net: 0.0038 | Scaled: 0.0038 | Turnover: 20.79% | Vol Scale: 1.00
2026-03-23 16:15:51,584 - INFO - 
============================================================
2026-03-23 16:15:51,585 - INFO - Running paper trading for 2025-04-14
2026-03-23 16:15:51,585 - INFO - ============================================================
2026-03-23 16:15:51,586 - INFO - Portfolio construction: 38 longs, 38 shorts (from 38 candidates)
2026-03-23 16:15:51,586 - INFO - Vol targeting: rolling_vol=0.2061, scale=0.5000
2026-03-23 16:15:51,586 - INFO - PnL Net: -0.0018 | Scaled: -0.0009 | Turnover: 21.69% | Vol Scale: 0.50
2026-03-23 16:15:51,586 - INFO - 
============================================================
2026-03-23 16:15:51,586 - INFO - Running paper trading for 2025-04-15
2026-03-23 16:15:51,586 - INFO - ============================================================
2026-03-23 16:15:51,587 - INFO - Portfolio construction: 38 longs, 38 shorts (from 38 candidates)
2026-03-23 16:15:51,587 - INFO - Vol targeting: rolling_vol=0.1968, scale=0.5000
2026-03-23 16:15:51,587 - INFO - PnL Net: -0.0047 | Scaled: -0.0023 | Turnover: 21.09% | Vol Scale: 0.50
2026-03-23 16:15:51,587 - INFO - 
============================================================
2026-03-23 16:15:51,587 - INFO - Running paper trading for 2025-04-16
2026-03-23 16:15:51,587 - INFO - ============================================================
2026-03-23 16:15:51,589 - INFO - Portfolio construction: 38 longs, 38 shorts (from 38 candidates)
2026-03-23 16:15:51,589 - INFO - Vol targeting: rolling_vol=0.1890, scale=0.5000
2026-03-23 16:15:51,589 - INFO - PnL Net: 0.0008 | Scaled: 0.0004 | Turnover: 21.09% | Vol Scale: 0.50
2026-03-23 16:15:51,589 - INFO - 
============================================================
2026-03-23 16:15:51,589 - INFO - Running paper trading for 2025-04-17
2026-03-23 16:15:51,589 - INFO - ============================================================
2026-03-23 16:15:51,589 - INFO - Portfolio construction: 38 longs, 38 shorts (from 38 candidates)
2026-03-23 16:15:51,590 - INFO - Vol targeting: rolling_vol=0.1826, scale=0.5000
2026-03-23 16:15:51,590 - INFO - PnL Net: -0.0068 | Scaled: -0.0034 | Turnover: 18.47% | Vol Scale: 0.50
2026-03-23 16:15:51,590 - INFO - 
============================================================
2026-03-23 16:15:51,590 - INFO - Running paper trading for 2025-04-21
2026-03-23 16:15:51,590 - INFO - ============================================================
2026-03-23 16:15:51,592 - INFO - Portfolio construction: 38 longs, 6 shorts (from 38 candidates)
2026-03-23 16:15:51,592 - INFO - Vol targeting: rolling_vol=0.1822, scale=0.5000
2026-03-23 16:15:51,592 - INFO - PnL Net: 0.0089 | Scaled: 0.0045 | Turnover: 17.46% | Vol Scale: 0.50
2026-03-23 16:15:51,592 - INFO - 
============================================================
2026-03-23 16:15:51,592 - INFO - Running paper trading for 2025-04-22
2026-03-23 16:15:51,592 - INFO - ============================================================
2026-03-23 16:15:51,593 - INFO - Portfolio construction: 38 longs, 38 shorts (from 38 candidates)
2026-03-23 16:15:51,594 - INFO - Vol targeting: rolling_vol=0.1783, scale=0.5000
2026-03-23 16:15:51,594 - INFO - PnL Net: 0.0053 | Scaled: 0.0027 | Turnover: 18.72% | Vol Scale: 0.50
2026-03-23 16:15:51,594 - INFO - 
============================================================
2026-03-23 16:15:51,594 - INFO - Running paper trading for 2025-04-23
2026-03-23 16:15:51,594 - INFO - ============================================================
2026-03-23 16:15:51,595 - INFO - Portfolio construction: 38 longs, 5 shorts (from 38 candidates)
2026-03-23 16:15:51,595 - INFO - Vol targeting: rolling_vol=0.1782, scale=0.5000
2026-03-23 16:15:51,595 - INFO - PnL Net: 0.0102 | Scaled: 0.0051 | Turnover: 20.73% | Vol Scale: 0.50
2026-03-23 16:15:51,595 - INFO - 
============================================================
2026-03-23 16:15:51,595 - INFO - Running paper trading for 2025-04-24
2026-03-23 16:15:51,595 - INFO - ============================================================
2026-03-23 16:15:51,596 - INFO - Portfolio construction: 38 longs, 38 shorts (from 38 candidates)
2026-03-23 16:15:51,597 - INFO - Vol targeting: rolling_vol=0.1730, scale=0.5000
2026-03-23 16:15:51,597 - INFO - PnL Net: 0.0011 | Scaled: 0.0006 | Turnover: 18.37% | Vol Scale: 0.50
2026-03-23 16:15:51,597 - INFO - 
============================================================
2026-03-23 16:15:51,597 - INFO - Running paper trading for 2025-04-25
2026-03-23 16:15:51,597 - INFO - ============================================================
2026-03-23 16:15:51,598 - INFO - Portfolio construction: 38 longs, 38 shorts (from 38 candidates)
2026-03-23 16:15:51,598 - INFO - Vol targeting: rolling_vol=0.1682, scale=0.5000
2026-03-23 16:15:51,598 - INFO - PnL Net: 0.0007 | Scaled: 0.0004 | Turnover: 23.46% | Vol Scale: 0.50
2026-03-23 16:15:51,598 - INFO - 
============================================================
2026-03-23 16:15:51,598 - INFO - Running paper trading for 2025-04-28
2026-03-23 16:15:51,598 - INFO - ============================================================
2026-03-23 16:15:51,599 - INFO - Portfolio construction: 38 longs, 38 shorts (from 38 candidates)
2026-03-23 16:15:51,599 - INFO - Vol targeting: rolling_vol=0.1639, scale=0.5000
2026-03-23 16:15:51,599 - INFO - PnL Net: 0.0018 | Scaled: 0.0009 | Turnover: 19.52% | Vol Scale: 0.50
2026-03-23 16:15:51,599 - INFO - 
============================================================
2026-03-23 16:15:51,599 - INFO - Running paper trading for 2025-04-29
2026-03-23 16:15:51,599 - INFO - ============================================================
2026-03-23 16:15:51,600 - INFO - Portfolio construction: 38 longs, 30 shorts (from 38 candidates)
2026-03-23 16:15:51,600 - INFO - Vol targeting: rolling_vol=0.1599, scale=0.5004
2026-03-23 16:15:51,600 - INFO - PnL Net: 0.0011 | Scaled: 0.0005 | Turnover: 16.79% | Vol Scale: 0.50
2026-03-23 16:15:51,601 - INFO - 
============================================================
2026-03-23 16:15:51,601 - INFO - Running paper trading for 2025-04-30
2026-03-23 16:15:51,601 - INFO - ============================================================
2026-03-23 16:15:51,602 - INFO - Portfolio construction: 38 longs, 38 shorts (from 38 candidates)
2026-03-23 16:15:51,602 - INFO - Vol targeting: rolling_vol=0.1596, scale=0.5012
2026-03-23 16:15:51,602 - INFO - PnL Net: 0.0014 | Scaled: 0.0007 | Turnover: 20.09% | Vol Scale: 0.50
2026-03-23 16:15:51,602 - INFO - 
============================================================
2026-03-23 16:15:51,602 - INFO - Running paper trading for 2025-05-01
2026-03-23 16:15:51,602 - INFO - ============================================================
2026-03-23 16:15:51,603 - INFO - Portfolio construction: 38 longs, 38 shorts (from 38 candidates)
2026-03-23 16:15:51,603 - INFO - Vol targeting: rolling_vol=0.1370, scale=0.5840
2026-03-23 16:15:51,603 - INFO - PnL Net: 0.0062 | Scaled: 0.0036 | Turnover: 17.98% | Vol Scale: 0.58
2026-03-23 16:15:51,603 - INFO - 
============================================================
2026-03-23 16:15:51,603 - INFO - Running paper trading for 2025-05-02
2026-03-23 16:15:51,603 - INFO - ============================================================
2026-03-23 16:15:51,604 - INFO - Portfolio construction: 38 longs, 13 shorts (from 38 candidates)
2026-03-23 16:15:51,605 - INFO - Vol targeting: rolling_vol=0.1119, scale=0.7149
2026-03-23 16:15:51,605 - INFO - PnL Net: -0.0011 | Scaled: -0.0008 | Turnover: 17.52% | Vol Scale: 0.71
2026-03-23 16:15:51,605 - INFO - 
============================================================
2026-03-23 16:15:51,605 - INFO - Running paper trading for 2025-05-05
2026-03-23 16:15:51,605 - INFO - ============================================================
2026-03-23 16:15:51,607 - INFO - Portfolio construction: 38 longs, 2 shorts (from 38 candidates)
2026-03-23 16:15:51,607 - INFO - Vol targeting: rolling_vol=0.1128, scale=0.7091
2026-03-23 16:15:51,607 - INFO - PnL Net: -0.0026 | Scaled: -0.0018 | Turnover: 19.38% | Vol Scale: 0.71
2026-03-23 16:15:51,607 - INFO - 
============================================================
2026-03-23 16:15:51,607 - INFO - Running paper trading for 2025-05-06
2026-03-23 16:15:51,607 - INFO - ============================================================
2026-03-23 16:15:51,608 - INFO - Portfolio construction: 38 longs, 33 shorts (from 38 candidates)
2026-03-23 16:15:51,609 - INFO - Vol targeting: rolling_vol=0.1115, scale=0.7177
2026-03-23 16:15:51,609 - INFO - PnL Net: 0.0026 | Scaled: 0.0019 | Turnover: 19.06% | Vol Scale: 0.72
2026-03-23 16:15:51,609 - INFO - 
============================================================
2026-03-23 16:15:51,609 - INFO - Running paper trading for 2025-05-07
2026-03-23 16:15:51,609 - INFO - ============================================================
2026-03-23 16:15:51,609 - INFO - Portfolio construction: 38 longs, 9 shorts (from 38 candidates)
2026-03-23 16:15:51,610 - INFO - Vol targeting: rolling_vol=0.0781, scale=1.0243
2026-03-23 16:15:51,610 - INFO - PnL Net: 0.0043 | Scaled: 0.0045 | Turnover: 18.97% | Vol Scale: 1.02
2026-03-23 16:15:51,610 - INFO - 
============================================================
2026-03-23 16:15:51,610 - INFO - Running paper trading for 2025-05-08
2026-03-23 16:15:51,610 - INFO - ============================================================
2026-03-23 16:15:51,611 - INFO - Portfolio construction: 38 longs, 10 shorts (from 38 candidates)
2026-03-23 16:15:51,611 - INFO - Vol targeting: rolling_vol=0.0656, scale=1.2200
2026-03-23 16:15:51,611 - INFO - PnL Net: -0.0009 | Scaled: -0.0012 | Turnover: 19.75% | Vol Scale: 1.22
2026-03-23 16:15:51,611 - INFO - 
============================================================
2026-03-23 16:15:51,611 - INFO - Running paper trading for 2025-05-09
2026-03-23 16:15:51,611 - INFO - ============================================================
2026-03-23 16:15:51,612 - INFO - Portfolio construction: 38 longs, 37 shorts (from 38 candidates)
2026-03-23 16:15:51,613 - INFO - Vol targeting: rolling_vol=0.0785, scale=1.0196
2026-03-23 16:15:51,613 - INFO - PnL Net: 0.0145 | Scaled: 0.0148 | Turnover: 18.03% | Vol Scale: 1.02
2026-03-23 16:15:51,613 - INFO - 
============================================================
2026-03-23 16:15:51,613 - INFO - Running paper trading for 2025-05-12
2026-03-23 16:15:51,613 - INFO - ============================================================
2026-03-23 16:15:51,614 - INFO - Portfolio construction: 38 longs, 38 shorts (from 38 candidates)
2026-03-23 16:15:51,614 - INFO - Vol targeting: rolling_vol=0.0804, scale=0.9956
2026-03-23 16:15:51,614 - INFO - PnL Net: 0.0074 | Scaled: 0.0074 | Turnover: 18.12% | Vol Scale: 1.00
2026-03-23 16:15:51,614 - INFO - 
============================================================
2026-03-23 16:15:51,614 - INFO - Running paper trading for 2025-05-13
2026-03-23 16:15:51,614 - INFO - ============================================================
2026-03-23 16:15:51,615 - INFO - Portfolio construction: 38 longs, 38 shorts (from 38 candidates)
2026-03-23 16:15:51,616 - INFO - Vol targeting: rolling_vol=0.0797, scale=1.0044
2026-03-23 16:15:51,616 - INFO - PnL Net: -0.0006 | Scaled: -0.0006 | Turnover: 21.90% | Vol Scale: 1.00
2026-03-23 16:15:51,616 - INFO - 
============================================================
2026-03-23 16:15:51,616 - INFO - Running paper trading for 2025-05-14
2026-03-23 16:15:51,616 - INFO - ============================================================
2026-03-23 16:15:51,617 - INFO - Portfolio construction: 38 longs, 38 shorts (from 38 candidates)
2026-03-23 16:15:51,617 - INFO - Vol targeting: rolling_vol=0.0757, scale=1.0562
2026-03-23 16:15:51,617 - INFO - PnL Net: 0.0052 | Scaled: 0.0055 | Turnover: 20.59% | Vol Scale: 1.06
2026-03-23 16:15:51,617 - INFO - 
============================================================
2026-03-23 16:15:51,617 - INFO - Running paper trading for 2025-05-15
2026-03-23 16:15:51,617 - INFO - ============================================================
2026-03-23 16:15:51,618 - INFO - Portfolio construction: 38 longs, 38 shorts (from 38 candidates)
2026-03-23 16:15:51,618 - INFO - Vol targeting: rolling_vol=0.0754, scale=1.0608
2026-03-23 16:15:51,619 - INFO - PnL Net: 0.0020 | Scaled: 0.0021 | Turnover: 19.63% | Vol Scale: 1.06
2026-03-23 16:15:51,619 - INFO - 
============================================================
2026-03-23 16:15:51,619 - INFO - Running paper trading for 2025-05-16
2026-03-23 16:15:51,619 - INFO - ============================================================
2026-03-23 16:15:51,619 - INFO - Portfolio construction: 38 longs, 38 shorts (from 38 candidates)
2026-03-23 16:15:51,619 - INFO - Vol targeting: rolling_vol=0.0684, scale=1.1703
2026-03-23 16:15:51,619 - INFO - PnL Net: -0.0013 | Scaled: -0.0015 | Turnover: 18.38% | Vol Scale: 1.17
2026-03-23 16:15:51,621 - INFO - 
============================================================
2026-03-23 16:15:51,621 - INFO - Running paper trading for 2025-05-19
2026-03-23 16:15:51,621 - INFO - ============================================================
2026-03-23 16:15:51,622 - INFO - Portfolio construction: 38 longs, 38 shorts (from 38 candidates)
2026-03-23 16:15:51,622 - INFO - Vol targeting: rolling_vol=0.0676, scale=1.1828
2026-03-23 16:15:51,622 - INFO - PnL Net: -0.0021 | Scaled: -0.0025 | Turnover: 16.36% | Vol Scale: 1.18
2026-03-23 16:15:51,622 - INFO - 
============================================================
2026-03-23 16:15:51,622 - INFO - Running paper trading for 2025-05-20
2026-03-23 16:15:51,622 - INFO - ============================================================
2026-03-23 16:15:51,624 - INFO - Portfolio construction: 38 longs, 38 shorts (from 38 candidates)
2026-03-23 16:15:51,624 - INFO - Vol targeting: rolling_vol=0.0748, scale=1.0691
2026-03-23 16:15:51,624 - INFO - PnL Net: -0.0070 | Scaled: -0.0075 | Turnover: 15.81% | Vol Scale: 1.07
2026-03-23 16:15:51,624 - INFO - 
============================================================
2026-03-23 16:15:51,624 - INFO - Running paper trading for 2025-05-21
2026-03-23 16:15:51,624 - INFO - ============================================================
2026-03-23 16:15:51,625 - INFO - Portfolio construction: 38 longs, 38 shorts (from 38 candidates)
2026-03-23 16:15:51,625 - INFO - Vol targeting: rolling_vol=0.0690, scale=1.1591
2026-03-23 16:15:51,626 - INFO - PnL Net: 0.0004 | Scaled: 0.0004 | Turnover: 19.34% | Vol Scale: 1.16
2026-03-23 16:15:51,626 - INFO - 
============================================================
2026-03-23 16:15:51,626 - INFO - Running paper trading for 2025-05-22
2026-03-23 16:15:51,626 - INFO - ============================================================
2026-03-23 16:15:51,627 - INFO - Portfolio construction: 38 longs, 32 shorts (from 38 candidates)
2026-03-23 16:15:51,627 - INFO - Vol targeting: rolling_vol=0.0706, scale=1.1324
2026-03-23 16:15:51,627 - INFO - PnL Net: -0.0027 | Scaled: -0.0031 | Turnover: 19.64% | Vol Scale: 1.13
2026-03-23 16:15:51,627 - INFO - 
============================================================
2026-03-23 16:15:51,627 - INFO - Running paper trading for 2025-05-23
2026-03-23 16:15:51,627 - INFO - ============================================================
2026-03-23 16:15:51,628 - INFO - Portfolio construction: 38 longs, 38 shorts (from 38 candidates)
2026-03-23 16:15:51,628 - INFO - Vol targeting: rolling_vol=0.0743, scale=1.0767
2026-03-23 16:15:51,628 - INFO - PnL Net: 0.0082 | Scaled: 0.0088 | Turnover: 19.52% | Vol Scale: 1.08
2026-03-23 16:15:51,629 - INFO - 
============================================================
2026-03-23 16:15:51,629 - INFO - Running paper trading for 2025-05-27
2026-03-23 16:15:51,629 - INFO - ============================================================
2026-03-23 16:15:51,629 - INFO - Portfolio construction: 38 longs, 38 shorts (from 38 candidates)
2026-03-23 16:15:51,629 - INFO - Vol targeting: rolling_vol=0.0756, scale=1.0588
2026-03-23 16:15:51,629 - INFO - PnL Net: -0.0021 | Scaled: -0.0022 | Turnover: 18.56% | Vol Scale: 1.06
2026-03-23 16:15:51,629 - INFO - 
============================================================
2026-03-23 16:15:51,629 - INFO - Running paper trading for 2025-05-28
2026-03-23 16:15:51,629 - INFO - ============================================================
2026-03-23 16:15:51,632 - INFO - Portfolio construction: 38 longs, 38 shorts (from 38 candidates)
2026-03-23 16:15:51,632 - INFO - Vol targeting: rolling_vol=0.0756, scale=1.0575
2026-03-23 16:15:51,632 - INFO - PnL Net: 0.0004 | Scaled: 0.0005 | Turnover: 16.29% | Vol Scale: 1.06
2026-03-23 16:15:51,632 - INFO - 
============================================================
2026-03-23 16:15:51,632 - INFO - Running paper trading for 2025-05-29
2026-03-23 16:15:51,632 - INFO - ============================================================
2026-03-23 16:15:51,633 - INFO - Portfolio construction: 38 longs, 38 shorts (from 38 candidates)
2026-03-23 16:15:51,633 - INFO - Vol targeting: rolling_vol=0.0762, scale=1.0504
2026-03-23 16:15:51,633 - INFO - PnL Net: -0.0009 | Scaled: -0.0010 | Turnover: 19.51% | Vol Scale: 1.05
2026-03-23 16:15:51,633 - INFO - 
============================================================
2026-03-23 16:15:51,633 - INFO - Running paper trading for 2025-05-30
2026-03-23 16:15:51,633 - INFO - ============================================================
2026-03-23 16:15:51,634 - INFO - Portfolio construction: 38 longs, 38 shorts (from 38 candidates)
2026-03-23 16:15:51,635 - INFO - Vol targeting: rolling_vol=0.0742, scale=1.0777
2026-03-23 16:15:51,635 - INFO - PnL Net: 0.0008 | Scaled: 0.0009 | Turnover: 21.02% | Vol Scale: 1.08
2026-03-23 16:15:51,635 - INFO - 
============================================================
2026-03-23 16:15:51,635 - INFO - Running paper trading for 2025-06-02
2026-03-23 16:15:51,635 - INFO - ============================================================
2026-03-23 16:15:51,636 - INFO - Portfolio construction: 38 longs, 38 shorts (from 38 candidates)
2026-03-23 16:15:51,636 - INFO - Vol targeting: rolling_vol=0.0737, scale=1.0849
2026-03-23 16:15:51,636 - INFO - PnL Net: 0.0011 | Scaled: 0.0012 | Turnover: 20.37% | Vol Scale: 1.08
2026-03-23 16:15:51,636 - INFO - 
============================================================
2026-03-23 16:15:51,636 - INFO - Running paper trading for 2025-06-03
2026-03-23 16:15:51,636 - INFO - ============================================================
2026-03-23 16:15:51,637 - INFO - Portfolio construction: 38 longs, 38 shorts (from 38 candidates)
2026-03-23 16:15:51,637 - INFO - Vol targeting: rolling_vol=0.0730, scale=1.0965
2026-03-23 16:15:51,638 - INFO - PnL Net: -0.0012 | Scaled: -0.0013 | Turnover: 18.45% | Vol Scale: 1.10
2026-03-23 16:15:51,638 - INFO - 
============================================================
2026-03-23 16:15:51,638 - INFO - Running paper trading for 2025-06-04
2026-03-23 16:15:51,638 - INFO - ============================================================
2026-03-23 16:15:51,639 - INFO - Portfolio construction: 38 longs, 38 shorts (from 38 candidates)
2026-03-23 16:15:51,639 - INFO - Vol targeting: rolling_vol=0.0730, scale=1.0962
2026-03-23 16:15:51,639 - INFO - PnL Net: -0.0000 | Scaled: -0.0000 | Turnover: 16.06% | Vol Scale: 1.10
2026-03-23 16:15:51,639 - INFO - 
============================================================
2026-03-23 16:15:51,639 - INFO - Running paper trading for 2025-06-05
2026-03-23 16:15:51,639 - INFO - ============================================================
2026-03-23 16:15:51,641 - INFO - Portfolio construction: 38 longs, 38 shorts (from 38 candidates)
2026-03-23 16:15:51,641 - INFO - Vol targeting: rolling_vol=0.0721, scale=1.1092
2026-03-23 16:15:51,641 - INFO - PnL Net: 0.0008 | Scaled: 0.0009 | Turnover: 17.46% | Vol Scale: 1.11
2026-03-23 16:15:51,641 - INFO - 
============================================================
2026-03-23 16:15:51,641 - INFO - Running paper trading for 2025-06-06
2026-03-23 16:15:51,641 - INFO - ============================================================
2026-03-23 16:15:51,642 - INFO - Portfolio construction: 38 longs, 38 shorts (from 38 candidates)
2026-03-23 16:15:51,643 - INFO - Vol targeting: rolling_vol=0.0728, scale=1.0986
2026-03-23 16:15:51,643 - INFO - PnL Net: -0.0024 | Scaled: -0.0026 | Turnover: 18.52% | Vol Scale: 1.10
2026-03-23 16:15:51,643 - INFO - 
============================================================
2026-03-23 16:15:51,643 - INFO - Running paper trading for 2025-06-09
2026-03-23 16:15:51,643 - INFO - ============================================================
2026-03-23 16:15:51,644 - INFO - Portfolio construction: 38 longs, 13 shorts (from 38 candidates)
2026-03-23 16:15:51,644 - INFO - Vol targeting: rolling_vol=0.0539, scale=1.4831
2026-03-23 16:15:51,644 - INFO - PnL Net: 0.0012 | Scaled: 0.0018 | Turnover: 20.04% | Vol Scale: 1.48
2026-03-23 16:15:51,644 - INFO - 
============================================================
2026-03-23 16:15:51,644 - INFO - Running paper trading for 2025-06-10
2026-03-23 16:15:51,644 - INFO - ============================================================
2026-03-23 16:15:51,645 - INFO - Portfolio construction: 38 longs, 6 shorts (from 38 candidates)
2026-03-23 16:15:51,646 - INFO - Vol targeting: rolling_vol=0.0476, scale=1.6799
2026-03-23 16:15:51,646 - INFO - PnL Net: -0.0013 | Scaled: -0.0021 | Turnover: 17.79% | Vol Scale: 1.68
2026-03-23 16:15:51,646 - INFO - 
============================================================
2026-03-23 16:15:51,646 - INFO - Running paper trading for 2025-06-11
2026-03-23 16:15:51,646 - INFO - ============================================================
2026-03-23 16:15:51,647 - INFO - Portfolio construction: 38 longs, 16 shorts (from 38 candidates)
2026-03-23 16:15:51,647 - INFO - Vol targeting: rolling_vol=0.0477, scale=1.6785
2026-03-23 16:15:51,647 - INFO - PnL Net: 0.0007 | Scaled: 0.0012 | Turnover: 18.77% | Vol Scale: 1.68
2026-03-23 16:15:51,647 - INFO - 
============================================================
2026-03-23 16:15:51,647 - INFO - Running paper trading for 2025-06-12
2026-03-23 16:15:51,647 - INFO - ============================================================
2026-03-23 16:15:51,648 - INFO - Portfolio construction: 38 longs, 38 shorts (from 38 candidates)
2026-03-23 16:15:51,648 - INFO - Vol targeting: rolling_vol=0.0449, scale=1.7832
2026-03-23 16:15:51,649 - INFO - PnL Net: -0.0033 | Scaled: -0.0058 | Turnover: 21.75% | Vol Scale: 1.78
2026-03-23 16:15:51,649 - INFO - 
============================================================
2026-03-23 16:15:51,649 - INFO - Running paper trading for 2025-06-13
2026-03-23 16:15:51,649 - INFO - ============================================================
2026-03-23 16:15:51,650 - INFO - Portfolio construction: 38 longs, 38 shorts (from 38 candidates)
2026-03-23 16:15:51,650 - INFO - Vol targeting: rolling_vol=0.0444, scale=1.8031
2026-03-23 16:15:51,650 - INFO - PnL Net: 0.0011 | Scaled: 0.0020 | Turnover: 18.70% | Vol Scale: 1.80
2026-03-23 16:15:51,650 - INFO - 
============================================================
2026-03-23 16:15:51,650 - INFO - Running paper trading for 2025-06-16
2026-03-23 16:15:51,650 - INFO - ============================================================
2026-03-23 16:15:51,651 - INFO - Portfolio construction: 38 longs, 38 shorts (from 38 candidates)
2026-03-23 16:15:51,651 - INFO - Vol targeting: rolling_vol=0.0455, scale=1.7575
2026-03-23 16:15:51,651 - INFO - PnL Net: -0.0035 | Scaled: -0.0061 | Turnover: 16.38% | Vol Scale: 1.76
2026-03-23 16:15:51,651 - INFO - 
============================================================
2026-03-23 16:15:51,651 - INFO - Running paper trading for 2025-06-17
2026-03-23 16:15:51,651 - INFO - ============================================================
2026-03-23 16:15:51,653 - INFO - Portfolio construction: 38 longs, 38 shorts (from 38 candidates)
2026-03-23 16:15:51,653 - INFO - Vol targeting: rolling_vol=0.0452, scale=1.7708
2026-03-23 16:15:51,653 - INFO - PnL Net: -0.0005 | Scaled: -0.0009 | Turnover: 17.30% | Vol Scale: 1.77
2026-03-23 16:15:51,653 - INFO - 
============================================================
2026-03-23 16:15:51,653 - INFO - Running paper trading for 2025-06-18
2026-03-23 16:15:51,653 - INFO - ============================================================
2026-03-23 16:15:51,654 - INFO - Portfolio construction: 38 longs, 38 shorts (from 38 candidates)
2026-03-23 16:15:51,655 - INFO - Vol targeting: rolling_vol=0.0385, scale=2.0000
2026-03-23 16:15:51,655 - INFO - PnL Net: 0.0001 | Scaled: 0.0003 | Turnover: 18.66% | Vol Scale: 2.00
2026-03-23 16:15:51,655 - INFO - 
============================================================
2026-03-23 16:15:51,655 - INFO - Running paper trading for 2025-06-20
2026-03-23 16:15:51,655 - INFO - ============================================================
2026-03-23 16:15:51,656 - INFO - Portfolio construction: 38 longs, 38 shorts (from 38 candidates)
2026-03-23 16:15:51,656 - INFO - Vol targeting: rolling_vol=0.0397, scale=2.0000
2026-03-23 16:15:51,656 - INFO - PnL Net: 0.0027 | Scaled: 0.0053 | Turnover: 20.03% | Vol Scale: 2.00
2026-03-23 16:15:51,656 - INFO - 
============================================================
2026-03-23 16:15:51,656 - INFO - Running paper trading for 2025-06-23
2026-03-23 16:15:51,656 - INFO - ============================================================
2026-03-23 16:15:51,657 - INFO - Portfolio construction: 38 longs, 38 shorts (from 38 candidates)
2026-03-23 16:15:51,658 - INFO - Vol targeting: rolling_vol=0.0406, scale=1.9706
2026-03-23 16:15:51,658 - INFO - PnL Net: 0.0039 | Scaled: 0.0076 | Turnover: 17.48% | Vol Scale: 1.97
2026-03-23 16:15:51,658 - INFO - 
============================================================
2026-03-23 16:15:51,658 - INFO - Running paper trading for 2025-06-24
2026-03-23 16:15:51,658 - INFO - ============================================================
2026-03-23 16:15:51,659 - INFO - Portfolio construction: 38 longs, 38 shorts (from 38 candidates)
2026-03-23 16:15:51,659 - INFO - Vol targeting: rolling_vol=0.0294, scale=2.0000
2026-03-23 16:15:51,659 - INFO - PnL Net: -0.0021 | Scaled: -0.0042 | Turnover: 18.08% | Vol Scale: 2.00
2026-03-23 16:15:51,659 - INFO - 
============================================================
2026-03-23 16:15:51,659 - INFO - Running paper trading for 2025-06-25
2026-03-23 16:15:51,659 - INFO - ============================================================
2026-03-23 16:15:51,660 - INFO - Portfolio construction: 38 longs, 38 shorts (from 38 candidates)
2026-03-23 16:15:51,660 - INFO - Vol targeting: rolling_vol=0.0295, scale=2.0000
2026-03-23 16:15:51,660 - INFO - PnL Net: 0.0019 | Scaled: 0.0038 | Turnover: 17.90% | Vol Scale: 2.00
2026-03-23 16:15:51,660 - INFO - 
============================================================
2026-03-23 16:15:51,660 - INFO - Running paper trading for 2025-06-26
2026-03-23 16:15:51,660 - INFO - ============================================================
2026-03-23 16:15:51,662 - INFO - Portfolio construction: 38 longs, 38 shorts (from 38 candidates)
2026-03-23 16:15:51,663 - INFO - Vol targeting: rolling_vol=0.0299, scale=2.0000
2026-03-23 16:15:51,663 - INFO - PnL Net: 0.0015 | Scaled: 0.0029 | Turnover: 17.70% | Vol Scale: 2.00
2026-03-23 16:15:51,663 - INFO - 
============================================================
2026-03-23 16:15:51,663 - INFO - Running paper trading for 2025-06-27
2026-03-23 16:15:51,663 - INFO - ============================================================
2026-03-23 16:15:51,664 - INFO - Portfolio construction: 38 longs, 38 shorts (from 38 candidates)
2026-03-23 16:15:51,664 - INFO - Vol targeting: rolling_vol=0.0300, scale=2.0000
2026-03-23 16:15:51,664 - INFO - PnL Net: 0.0013 | Scaled: 0.0025 | Turnover: 16.45% | Vol Scale: 2.00
2026-03-23 16:15:51,664 - INFO - 
============================================================
2026-03-23 16:15:51,664 - INFO - Running paper trading for 2025-06-30
2026-03-23 16:15:51,664 - INFO - ============================================================
2026-03-23 16:15:51,665 - INFO - Portfolio construction: 38 longs, 38 shorts (from 38 candidates)
2026-03-23 16:15:51,665 - INFO - Vol targeting: rolling_vol=0.0351, scale=2.0000
2026-03-23 16:15:51,665 - INFO - PnL Net: 0.0055 | Scaled: 0.0109 | Turnover: 17.10% | Vol Scale: 2.00
2026-03-23 16:15:51,665 - INFO - 
============================================================
2026-03-23 16:15:51,665 - INFO - Running paper trading for 2025-07-01
2026-03-23 16:15:51,665 - INFO - ============================================================
2026-03-23 16:15:51,666 - INFO - Portfolio construction: 38 longs, 38 shorts (from 38 candidates)
2026-03-23 16:15:51,667 - INFO - Vol targeting: rolling_vol=0.0352, scale=2.0000
2026-03-23 16:15:51,667 - INFO - PnL Net: 0.0013 | Scaled: 0.0026 | Turnover: 15.04% | Vol Scale: 2.00
2026-03-23 16:15:51,667 - INFO - 
============================================================
2026-03-23 16:15:51,667 - INFO - Running paper trading for 2025-07-02
2026-03-23 16:15:51,667 - INFO - ============================================================
2026-03-23 16:15:51,669 - INFO - Portfolio construction: 38 longs, 38 shorts (from 38 candidates)
2026-03-23 16:15:51,669 - INFO - Vol targeting: rolling_vol=0.0349, scale=2.0000
2026-03-23 16:15:51,669 - INFO - PnL Net: 0.0014 | Scaled: 0.0028 | Turnover: 12.74% | Vol Scale: 2.00
2026-03-23 16:15:51,669 - INFO - 
============================================================
2026-03-23 16:15:51,669 - INFO - Running paper trading for 2025-07-03
2026-03-23 16:15:51,670 - INFO - ============================================================
2026-03-23 16:15:51,671 - INFO - Portfolio construction: 38 longs, 38 shorts (from 38 candidates)
2026-03-23 16:15:51,671 - INFO - Vol targeting: rolling_vol=0.0371, scale=2.0000
2026-03-23 16:15:51,671 - INFO - PnL Net: -0.0032 | Scaled: -0.0063 | Turnover: 11.38% | Vol Scale: 2.00
2026-03-23 16:15:51,671 - INFO - 
============================================================
2026-03-23 16:15:51,671 - INFO - Running paper trading for 2025-07-07
2026-03-23 16:15:51,671 - INFO - ============================================================
2026-03-23 16:15:51,672 - INFO - Portfolio construction: 38 longs, 38 shorts (from 38 candidates)
2026-03-23 16:15:51,672 - INFO - Vol targeting: rolling_vol=0.0371, scale=2.0000
2026-03-23 16:15:51,672 - INFO - PnL Net: 0.0005 | Scaled: 0.0010 | Turnover: 10.84% | Vol Scale: 2.00
2026-03-23 16:15:51,672 - INFO - 
============================================================
2026-03-23 16:15:51,672 - INFO - Running paper trading for 2025-07-08
2026-03-23 16:15:51,672 - INFO - ============================================================
2026-03-23 16:15:51,673 - INFO - Portfolio construction: 38 longs, 38 shorts (from 38 candidates)
2026-03-23 16:15:51,673 - INFO - Vol targeting: rolling_vol=0.0357, scale=2.0000
2026-03-23 16:15:51,674 - INFO - PnL Net: 0.0009 | Scaled: 0.0019 | Turnover: 18.35% | Vol Scale: 2.00
2026-03-23 16:15:51,674 - INFO - 
============================================================
2026-03-23 16:15:51,674 - INFO - Running paper trading for 2025-07-09
2026-03-23 16:15:51,674 - INFO - ============================================================
2026-03-23 16:15:51,675 - INFO - Portfolio construction: 38 longs, 38 shorts (from 38 candidates)
2026-03-23 16:15:51,675 - INFO - Vol targeting: rolling_vol=0.0364, scale=2.0000
2026-03-23 16:15:51,675 - INFO - PnL Net: 0.0026 | Scaled: 0.0053 | Turnover: 19.70% | Vol Scale: 2.00
2026-03-23 16:15:51,675 - INFO - 
============================================================
2026-03-23 16:15:51,675 - INFO - Running paper trading for 2025-07-10
2026-03-23 16:15:51,675 - INFO - ============================================================
2026-03-23 16:15:51,676 - INFO - Portfolio construction: 38 longs, 12 shorts (from 38 candidates)
2026-03-23 16:15:51,676 - INFO - Vol targeting: rolling_vol=0.0379, scale=2.0000
2026-03-23 16:15:51,677 - INFO - PnL Net: -0.0029 | Scaled: -0.0058 | Turnover: 19.47% | Vol Scale: 2.00
2026-03-23 16:15:51,677 - INFO - 
============================================================
2026-03-23 16:15:51,677 - INFO - Running paper trading for 2025-07-11
2026-03-23 16:15:51,677 - INFO - ============================================================
2026-03-23 16:15:51,678 - INFO - Portfolio construction: 38 longs, 26 shorts (from 38 candidates)
2026-03-23 16:15:51,678 - INFO - Vol targeting: rolling_vol=0.0382, scale=2.0000
2026-03-23 16:15:51,678 - INFO - PnL Net: -0.0008 | Scaled: -0.0016 | Turnover: 19.00% | Vol Scale: 2.00
2026-03-23 16:15:51,678 - INFO - 
============================================================
2026-03-23 16:15:51,678 - INFO - Running paper trading for 2025-07-14
2026-03-23 16:15:51,678 - INFO - ============================================================
2026-03-23 16:15:51,679 - INFO - Portfolio construction: 38 longs, 38 shorts (from 38 candidates)
2026-03-23 16:15:51,679 - INFO - Vol targeting: rolling_vol=0.0411, scale=1.9456
2026-03-23 16:15:51,680 - INFO - PnL Net: -0.0053 | Scaled: -0.0103 | Turnover: 18.01% | Vol Scale: 1.95
2026-03-23 16:15:51,680 - INFO - 
============================================================
2026-03-23 16:15:51,680 - INFO - Running paper trading for 2025-07-15
2026-03-23 16:15:51,680 - INFO - ============================================================
2026-03-23 16:15:51,681 - INFO - Portfolio construction: 38 longs, 24 shorts (from 38 candidates)
2026-03-23 16:15:51,681 - INFO - Vol targeting: rolling_vol=0.0411, scale=1.9452
2026-03-23 16:15:51,681 - INFO - PnL Net: 0.0011 | Scaled: 0.0022 | Turnover: 17.80% | Vol Scale: 1.95
2026-03-23 16:15:51,681 - INFO - 
============================================================
2026-03-23 16:15:51,681 - INFO - Running paper trading for 2025-07-16
2026-03-23 16:15:51,681 - INFO - ============================================================
2026-03-23 16:15:51,683 - INFO - Portfolio construction: 38 longs, 4 shorts (from 38 candidates)
2026-03-23 16:15:51,683 - INFO - Vol targeting: rolling_vol=0.0400, scale=1.9977
2026-03-23 16:15:51,683 - INFO - PnL Net: 0.0035 | Scaled: 0.0070 | Turnover: 18.83% | Vol Scale: 2.00
2026-03-23 16:15:51,683 - INFO - 
============================================================
2026-03-23 16:15:51,683 - INFO - Running paper trading for 2025-07-17
2026-03-23 16:15:51,683 - INFO - ============================================================
2026-03-23 16:15:51,684 - INFO - Portfolio construction: 38 longs, 38 shorts (from 38 candidates)
2026-03-23 16:15:51,685 - INFO - Vol targeting: rolling_vol=0.0400, scale=2.0000
2026-03-23 16:15:51,685 - INFO - PnL Net: -0.0003 | Scaled: -0.0006 | Turnover: 20.65% | Vol Scale: 2.00
2026-03-23 16:15:51,685 - INFO - 
============================================================
2026-03-23 16:15:51,685 - INFO - Running paper trading for 2025-07-18
2026-03-23 16:15:51,685 - INFO - ============================================================
2026-03-23 16:15:51,686 - INFO - Portfolio construction: 38 longs, 38 shorts (from 38 candidates)
2026-03-23 16:15:51,686 - INFO - Vol targeting: rolling_vol=0.0407, scale=1.9646
2026-03-23 16:15:51,686 - INFO - PnL Net: -0.0016 | Scaled: -0.0032 | Turnover: 22.59% | Vol Scale: 1.96
2026-03-23 16:15:51,686 - INFO - 
============================================================
2026-03-23 16:15:51,686 - INFO - Running paper trading for 2025-07-21
2026-03-23 16:15:51,686 - INFO - ============================================================
2026-03-23 16:15:51,688 - INFO - Portfolio construction: 38 longs, 38 shorts (from 38 candidates)
2026-03-23 16:15:51,688 - INFO - Vol targeting: rolling_vol=0.0456, scale=1.7529
2026-03-23 16:15:51,688 - INFO - PnL Net: 0.0068 | Scaled: 0.0120 | Turnover: 18.81% | Vol Scale: 1.75
2026-03-23 16:15:51,688 - INFO - 
============================================================
2026-03-23 16:15:51,688 - INFO - Running paper trading for 2025-07-22
2026-03-23 16:15:51,688 - INFO - ============================================================
2026-03-23 16:15:51,689 - INFO - Portfolio construction: 38 longs, 38 shorts (from 38 candidates)
2026-03-23 16:15:51,689 - INFO - Vol targeting: rolling_vol=0.0446, scale=1.7927
2026-03-23 16:15:51,689 - INFO - PnL Net: 0.0023 | Scaled: 0.0041 | Turnover: 18.89% | Vol Scale: 1.79
2026-03-23 16:15:51,689 - INFO - 
============================================================
2026-03-23 16:15:51,689 - INFO - Running paper trading for 2025-07-23
2026-03-23 16:15:51,689 - INFO - ============================================================
2026-03-23 16:15:51,691 - INFO - Portfolio construction: 38 longs, 38 shorts (from 38 candidates)
2026-03-23 16:15:51,691 - INFO - Vol targeting: rolling_vol=0.0451, scale=1.7756
2026-03-23 16:15:51,691 - INFO - PnL Net: -0.0026 | Scaled: -0.0046 | Turnover: 15.52% | Vol Scale: 1.78
2026-03-23 16:15:51,691 - INFO - 
============================================================
2026-03-23 16:15:51,691 - INFO - Running paper trading for 2025-07-24
2026-03-23 16:15:51,691 - INFO - ============================================================
2026-03-23 16:15:51,692 - INFO - Portfolio construction: 38 longs, 38 shorts (from 38 candidates)
2026-03-23 16:15:51,693 - INFO - Vol targeting: rolling_vol=0.0449, scale=1.7834
2026-03-23 16:15:51,693 - INFO - PnL Net: 0.0011 | Scaled: 0.0019 | Turnover: 15.70% | Vol Scale: 1.78
2026-03-23 16:15:51,693 - INFO - 
============================================================
2026-03-23 16:15:51,693 - INFO - Running paper trading for 2025-07-25
2026-03-23 16:15:51,693 - INFO - ============================================================
2026-03-23 16:15:51,694 - INFO - Portfolio construction: 38 longs, 38 shorts (from 38 candidates)
2026-03-23 16:15:51,694 - INFO - Vol targeting: rolling_vol=0.0465, scale=1.7198
2026-03-23 16:15:51,694 - INFO - PnL Net: -0.0031 | Scaled: -0.0052 | Turnover: 16.41% | Vol Scale: 1.72
2026-03-23 16:15:51,694 - INFO - 
============================================================
2026-03-23 16:15:51,694 - INFO - Running paper trading for 2025-07-28
2026-03-23 16:15:51,694 - INFO - ============================================================
2026-03-23 16:15:51,695 - INFO - Portfolio construction: 38 longs, 38 shorts (from 38 candidates)
2026-03-23 16:15:51,696 - INFO - Vol targeting: rolling_vol=0.0474, scale=1.6862
2026-03-23 16:15:51,696 - INFO - PnL Net: -0.0025 | Scaled: -0.0041 | Turnover: 18.54% | Vol Scale: 1.69
2026-03-23 16:15:51,696 - INFO - 
============================================================
2026-03-23 16:15:51,696 - INFO - Running paper trading for 2025-07-29
2026-03-23 16:15:51,696 - INFO - ============================================================
2026-03-23 16:15:51,697 - INFO - Portfolio construction: 38 longs, 38 shorts (from 38 candidates)
2026-03-23 16:15:51,697 - INFO - Vol targeting: rolling_vol=0.0445, scale=1.7974
2026-03-23 16:15:51,697 - INFO - PnL Net: -0.0028 | Scaled: -0.0050 | Turnover: 17.07% | Vol Scale: 1.80
2026-03-23 16:15:51,697 - INFO - 
============================================================
2026-03-23 16:15:51,697 - INFO - Running paper trading for 2025-07-30
2026-03-23 16:15:51,697 - INFO - ============================================================
2026-03-23 16:15:51,698 - INFO - Portfolio construction: 38 longs, 38 shorts (from 38 candidates)
2026-03-23 16:15:51,699 - INFO - Vol targeting: rolling_vol=0.0463, scale=1.7283
2026-03-23 16:15:51,699 - INFO - PnL Net: -0.0042 | Scaled: -0.0073 | Turnover: 18.97% | Vol Scale: 1.73
2026-03-23 16:15:51,699 - INFO - 
============================================================
2026-03-23 16:15:51,699 - INFO - Running paper trading for 2025-07-31
2026-03-23 16:15:51,699 - INFO - ============================================================
2026-03-23 16:15:51,700 - INFO - Portfolio construction: 38 longs, 38 shorts (from 38 candidates)
2026-03-23 16:15:51,700 - INFO - Vol targeting: rolling_vol=0.0470, scale=1.7007
2026-03-23 16:15:51,700 - INFO - PnL Net: -0.0036 | Scaled: -0.0062 | Turnover: 19.57% | Vol Scale: 1.70
2026-03-23 16:15:51,700 - INFO - 
============================================================
2026-03-23 16:15:51,700 - INFO - Running paper trading for 2025-08-01
2026-03-23 16:15:51,700 - INFO - ============================================================
2026-03-23 16:15:51,701 - INFO - Portfolio construction: 38 longs, 6 shorts (from 38 candidates)
2026-03-23 16:15:51,702 - INFO - Vol targeting: rolling_vol=0.0468, scale=1.7092
2026-03-23 16:15:51,702 - INFO - PnL Net: 0.0016 | Scaled: 0.0028 | Turnover: 18.75% | Vol Scale: 1.71
2026-03-23 16:15:51,702 - INFO - 
============================================================
2026-03-23 16:15:51,702 - INFO - Running paper trading for 2025-08-04
2026-03-23 16:15:51,702 - INFO - ============================================================
2026-03-23 16:15:51,703 - INFO - Portfolio construction: 38 longs, 5 shorts (from 38 candidates)
2026-03-23 16:15:51,704 - INFO - Vol targeting: rolling_vol=0.0486, scale=1.6467
2026-03-23 16:15:51,704 - INFO - PnL Net: 0.0034 | Scaled: 0.0056 | Turnover: 20.03% | Vol Scale: 1.65
2026-03-23 16:15:51,704 - INFO - 
============================================================
2026-03-23 16:15:51,704 - INFO - Running paper trading for 2025-08-05
2026-03-23 16:15:51,704 - INFO - ============================================================
2026-03-23 16:15:51,705 - INFO - Portfolio construction: 38 longs, 37 shorts (from 38 candidates)
2026-03-23 16:15:51,705 - INFO - Vol targeting: rolling_vol=0.0485, scale=1.6507
2026-03-23 16:15:51,705 - INFO - PnL Net: -0.0013 | Scaled: -0.0021 | Turnover: 19.43% | Vol Scale: 1.65
2026-03-23 16:15:51,705 - INFO - 
============================================================
2026-03-23 16:15:51,705 - INFO - Running paper trading for 2025-08-06
2026-03-23 16:15:51,705 - INFO - ============================================================
2026-03-23 16:15:51,706 - INFO - Portfolio construction: 38 longs, 38 shorts (from 38 candidates)
2026-03-23 16:15:51,707 - INFO - Vol targeting: rolling_vol=0.0472, scale=1.6961
2026-03-23 16:15:51,707 - INFO - PnL Net: -0.0009 | Scaled: -0.0016 | Turnover: 18.13% | Vol Scale: 1.70
2026-03-23 16:15:51,707 - INFO - 
============================================================
2026-03-23 16:15:51,707 - INFO - Running paper trading for 2025-08-07
2026-03-23 16:15:51,707 - INFO - ============================================================
2026-03-23 16:15:51,708 - INFO - Portfolio construction: 38 longs, 7 shorts (from 38 candidates)
2026-03-23 16:15:51,708 - INFO - Vol targeting: rolling_vol=0.0466, scale=1.7164
2026-03-23 16:15:51,708 - INFO - PnL Net: 0.0008 | Scaled: 0.0013 | Turnover: 20.31% | Vol Scale: 1.72
2026-03-23 16:15:51,708 - INFO - 
============================================================
2026-03-23 16:15:51,708 - INFO - Running paper trading for 2025-08-08
2026-03-23 16:15:51,708 - INFO - ============================================================
2026-03-23 16:15:51,709 - INFO - Portfolio construction: 38 longs, 8 shorts (from 38 candidates)
2026-03-23 16:15:51,710 - INFO - Vol targeting: rolling_vol=0.0467, scale=1.7135
2026-03-23 16:15:51,710 - WARNING - KS3 TRIGGERED: 60-day Sharpe -0.0651 < 0
2026-03-23 16:15:51,710 - INFO - PnL Net: -0.0013 | Scaled: -0.0022 | Turnover: 18.30% | Vol Scale: 1.71
2026-03-23 16:15:51,710 - INFO - 
============================================================
2026-03-23 16:15:51,710 - INFO - Running paper trading for 2025-08-11
2026-03-23 16:15:51,710 - INFO - ============================================================
2026-03-23 16:15:51,711 - INFO - Portfolio construction: 38 longs, 38 shorts (from 38 candidates)
2026-03-23 16:15:51,711 - INFO - Vol targeting: rolling_vol=0.0479, scale=1.6690
2026-03-23 16:15:51,711 - WARNING - KS3 TRIGGERED: 60-day Sharpe -0.0144 < 0
2026-03-23 16:15:51,711 - INFO - PnL Net: 0.0058 | Scaled: 0.0096 | Turnover: 15.45% | Vol Scale: 1.67
2026-03-23 16:15:51,711 - INFO - 
============================================================
2026-03-23 16:15:51,711 - INFO - Running paper trading for 2025-08-12
2026-03-23 16:15:51,711 - INFO - ============================================================
2026-03-23 16:15:51,711 - INFO - Portfolio construction: 38 longs, 38 shorts (from 38 candidates)
2026-03-23 16:15:51,713 - INFO - Vol targeting: rolling_vol=0.0574, scale=1.3933
2026-03-23 16:15:51,713 - INFO - PnL Net: 0.0093 | Scaled: 0.0129 | Turnover: 15.64% | Vol Scale: 1.39
2026-03-23 16:15:51,713 - INFO - 
============================================================
2026-03-23 16:15:51,713 - INFO - Running paper trading for 2025-08-13
2026-03-23 16:15:51,713 - INFO - ============================================================
2026-03-23 16:15:51,714 - INFO - Portfolio construction: 38 longs, 38 shorts (from 38 candidates)
2026-03-23 16:15:51,714 - INFO - Vol targeting: rolling_vol=0.0564, scale=1.4186
2026-03-23 16:15:51,714 - INFO - PnL Net: 0.0002 | Scaled: 0.0003 | Turnover: 20.87% | Vol Scale: 1.42
2026-03-23 16:15:51,715 - INFO - 
============================================================
2026-03-23 16:15:51,715 - INFO - Running paper trading for 2025-08-14
2026-03-23 16:15:51,715 - INFO - ============================================================
2026-03-23 16:15:51,716 - INFO - Portfolio construction: 38 longs, 38 shorts (from 38 candidates)
2026-03-23 16:15:51,716 - INFO - Vol targeting: rolling_vol=0.0564, scale=1.4190
2026-03-23 16:15:51,716 - INFO - PnL Net: 0.0010 | Scaled: 0.0014 | Turnover: 18.05% | Vol Scale: 1.42
2026-03-23 16:15:51,716 - INFO - 
============================================================
2026-03-23 16:15:51,716 - INFO - Running paper trading for 2025-08-15
2026-03-23 16:15:51,716 - INFO - ============================================================
2026-03-23 16:15:51,717 - INFO - Portfolio construction: 38 longs, 38 shorts (from 38 candidates)
2026-03-23 16:15:51,718 - INFO - Vol targeting: rolling_vol=0.0559, scale=1.4310
2026-03-23 16:15:51,718 - INFO - PnL Net: 0.0002 | Scaled: 0.0003 | Turnover: 19.70% | Vol Scale: 1.43
2026-03-23 16:15:51,718 - INFO - 
============================================================
2026-03-23 16:15:51,718 - INFO - Running paper trading for 2025-08-18
2026-03-23 16:15:51,718 - INFO - ============================================================
2026-03-23 16:15:51,719 - INFO - Portfolio construction: 38 longs, 38 shorts (from 38 candidates)
2026-03-23 16:15:51,719 - INFO - Vol targeting: rolling_vol=0.0515, scale=1.5525
2026-03-23 16:15:51,719 - INFO - PnL Net: 0.0024 | Scaled: 0.0038 | Turnover: 18.09% | Vol Scale: 1.55
2026-03-23 16:15:51,719 - INFO - 
============================================================
2026-03-23 16:15:51,719 - INFO - Running paper trading for 2025-08-19
2026-03-23 16:15:51,719 - INFO - ============================================================
2026-03-23 16:15:51,720 - INFO - Portfolio construction: 38 longs, 38 shorts (from 38 candidates)
2026-03-23 16:15:51,721 - INFO - Vol targeting: rolling_vol=0.0516, scale=1.5515
2026-03-23 16:15:51,721 - INFO - PnL Net: -0.0020 | Scaled: -0.0031 | Turnover: 16.60% | Vol Scale: 1.55
2026-03-23 16:15:51,721 - INFO - 
============================================================
2026-03-23 16:15:51,721 - INFO - Running paper trading for 2025-08-20
2026-03-23 16:15:51,721 - INFO - ============================================================
2026-03-23 16:15:51,722 - INFO - Portfolio construction: 38 longs, 38 shorts (from 38 candidates)
2026-03-23 16:15:51,722 - INFO - Vol targeting: rolling_vol=0.0510, scale=1.5694
2026-03-23 16:15:51,722 - INFO - PnL Net: -0.0015 | Scaled: -0.0024 | Turnover: 15.21% | Vol Scale: 1.57
2026-03-23 16:15:51,722 - INFO - 
============================================================
2026-03-23 16:15:51,722 - INFO - Running paper trading for 2025-08-21
2026-03-23 16:15:51,722 - INFO - ============================================================
2026-03-23 16:15:51,723 - INFO - Portfolio construction: 38 longs, 38 shorts (from 38 candidates)
2026-03-23 16:15:51,723 - INFO - Vol targeting: rolling_vol=0.0594, scale=1.3476
2026-03-23 16:15:51,723 - INFO - PnL Net: 0.0089 | Scaled: 0.0120 | Turnover: 16.82% | Vol Scale: 1.35
2026-03-23 16:15:51,723 - INFO - 
============================================================
2026-03-23 16:15:51,723 - INFO - Running paper trading for 2025-08-22
2026-03-23 16:15:51,723 - INFO - ============================================================
2026-03-23 16:15:51,724 - INFO - Portfolio construction: 38 longs, 38 shorts (from 38 candidates)
2026-03-23 16:15:51,725 - INFO - Vol targeting: rolling_vol=0.0605, scale=1.3221
2026-03-23 16:15:51,725 - INFO - PnL Net: -0.0044 | Scaled: -0.0058 | Turnover: 15.55% | Vol Scale: 1.32
2026-03-23 16:15:51,725 - INFO - 
============================================================
2026-03-23 16:15:51,725 - INFO - Running paper trading for 2025-08-25
2026-03-23 16:15:51,725 - INFO - ============================================================
2026-03-23 16:15:51,726 - INFO - Portfolio construction: 38 longs, 38 shorts (from 38 candidates)
2026-03-23 16:15:51,726 - INFO - Vol targeting: rolling_vol=0.0596, scale=1.3428
2026-03-23 16:15:51,726 - INFO - PnL Net: 0.0005 | Scaled: 0.0007 | Turnover: 15.86% | Vol Scale: 1.34
2026-03-23 16:15:51,726 - INFO - 
============================================================
2026-03-23 16:15:51,726 - INFO - Running paper trading for 2025-08-26
2026-03-23 16:15:51,726 - INFO - ============================================================
2026-03-23 16:15:51,727 - INFO - Portfolio construction: 38 longs, 38 shorts (from 38 candidates)
2026-03-23 16:15:51,728 - INFO - Vol targeting: rolling_vol=0.0583, scale=1.3725
2026-03-23 16:15:51,728 - INFO - PnL Net: 0.0005 | Scaled: 0.0007 | Turnover: 17.06% | Vol Scale: 1.37
2026-03-23 16:15:51,728 - INFO - 
============================================================
2026-03-23 16:15:51,728 - INFO - Running paper trading for 2025-08-27
2026-03-23 16:15:51,728 - INFO - ============================================================
2026-03-23 16:15:51,728 - INFO - Portfolio construction: 38 longs, 38 shorts (from 38 candidates)
2026-03-23 16:15:51,730 - INFO - Vol targeting: rolling_vol=0.0555, scale=1.4411
2026-03-23 16:15:51,730 - INFO - PnL Net: -0.0002 | Scaled: -0.0002 | Turnover: 17.80% | Vol Scale: 1.44
2026-03-23 16:15:51,730 - INFO - 
============================================================
2026-03-23 16:15:51,730 - INFO - Running paper trading for 2025-08-28
2026-03-23 16:15:51,730 - INFO - ============================================================
2026-03-23 16:15:51,730 - INFO - Portfolio construction: 38 longs, 38 shorts (from 38 candidates)
2026-03-23 16:15:51,731 - INFO - Vol targeting: rolling_vol=0.0530, scale=1.5091
2026-03-23 16:15:51,731 - INFO - PnL Net: 0.0003 | Scaled: 0.0004 | Turnover: 19.25% | Vol Scale: 1.51
2026-03-23 16:15:51,731 - INFO - 
============================================================
2026-03-23 16:15:51,731 - INFO - Running paper trading for 2025-08-29
2026-03-23 16:15:51,731 - INFO - ============================================================
2026-03-23 16:15:51,733 - INFO - Portfolio construction: 38 longs, 38 shorts (from 38 candidates)
2026-03-23 16:15:51,733 - INFO - Vol targeting: rolling_vol=0.0539, scale=1.4841
2026-03-23 16:15:51,733 - INFO - PnL Net: -0.0017 | Scaled: -0.0026 | Turnover: 15.06% | Vol Scale: 1.48
2026-03-23 16:15:51,733 - INFO - 
============================================================
2026-03-23 16:15:51,733 - INFO - Running paper trading for 2025-09-02
2026-03-23 16:15:51,733 - INFO - ============================================================
2026-03-23 16:15:51,734 - INFO - Portfolio construction: 38 longs, 38 shorts (from 38 candidates)
2026-03-23 16:15:51,734 - INFO - Vol targeting: rolling_vol=0.0542, scale=1.4760
2026-03-23 16:15:51,734 - INFO - PnL Net: -0.0021 | Scaled: -0.0031 | Turnover: 18.16% | Vol Scale: 1.48
2026-03-23 16:15:51,734 - INFO - 
============================================================
2026-03-23 16:15:51,734 - INFO - Running paper trading for 2025-09-03
2026-03-23 16:15:51,734 - INFO - ============================================================
2026-03-23 16:15:51,735 - INFO - Portfolio construction: 38 longs, 38 shorts (from 38 candidates)
2026-03-23 16:15:51,736 - INFO - Vol targeting: rolling_vol=0.0537, scale=1.4886
2026-03-23 16:15:51,736 - INFO - PnL Net: 0.0013 | Scaled: 0.0020 | Turnover: 17.78% | Vol Scale: 1.49
2026-03-23 16:15:51,736 - INFO - 
============================================================
2026-03-23 16:15:51,736 - INFO - Running paper trading for 2025-09-04
2026-03-23 16:15:51,736 - INFO - ============================================================
2026-03-23 16:15:51,737 - INFO - Portfolio construction: 38 longs, 38 shorts (from 38 candidates)
2026-03-23 16:15:51,737 - INFO - Vol targeting: rolling_vol=0.0534, scale=1.4994
2026-03-23 16:15:51,737 - INFO - PnL Net: 0.0012 | Scaled: 0.0019 | Turnover: 17.33% | Vol Scale: 1.50
2026-03-23 16:15:51,737 - INFO - 
============================================================
2026-03-23 16:15:51,737 - INFO - Running paper trading for 2025-09-05
2026-03-23 16:15:51,737 - INFO - ============================================================
2026-03-23 16:15:51,738 - INFO - Portfolio construction: 38 longs, 38 shorts (from 38 candidates)
2026-03-23 16:15:51,738 - INFO - Vol targeting: rolling_vol=0.0539, scale=1.4842
2026-03-23 16:15:51,738 - INFO - PnL Net: -0.0013 | Scaled: -0.0019 | Turnover: 20.00% | Vol Scale: 1.48
2026-03-23 16:15:51,738 - INFO - 
============================================================
2026-03-23 16:15:51,738 - INFO - Running paper trading for 2025-09-08
2026-03-23 16:15:51,738 - INFO - ============================================================
2026-03-23 16:15:51,740 - INFO - Portfolio construction: 38 longs, 38 shorts (from 38 candidates)
2026-03-23 16:15:51,741 - INFO - Vol targeting: rolling_vol=0.0535, scale=1.4949
2026-03-23 16:15:51,741 - INFO - PnL Net: -0.0003 | Scaled: -0.0004 | Turnover: 16.66% | Vol Scale: 1.49
2026-03-23 16:15:51,741 - INFO - 
============================================================
2026-03-23 16:15:51,741 - INFO - Running paper trading for 2025-09-09
2026-03-23 16:15:51,741 - INFO - ============================================================
2026-03-23 16:15:51,742 - INFO - Portfolio construction: 38 longs, 38 shorts (from 38 candidates)
2026-03-23 16:15:51,742 - INFO - Vol targeting: rolling_vol=0.0534, scale=1.4986
2026-03-23 16:15:51,742 - INFO - PnL Net: -0.0044 | Scaled: -0.0065 | Turnover: 17.19% | Vol Scale: 1.50
2026-03-23 16:15:51,742 - INFO - 
============================================================
2026-03-23 16:15:51,742 - INFO - Running paper trading for 2025-09-10
2026-03-23 16:15:51,742 - INFO - ============================================================
2026-03-23 16:15:51,744 - INFO - Portfolio construction: 38 longs, 38 shorts (from 38 candidates)
2026-03-23 16:15:51,744 - INFO - Vol targeting: rolling_vol=0.0448, scale=1.7844
2026-03-23 16:15:51,744 - INFO - PnL Net: 0.0040 | Scaled: 0.0072 | Turnover: 16.96% | Vol Scale: 1.78
2026-03-23 16:15:51,744 - INFO - 
============================================================
2026-03-23 16:15:51,744 - INFO - Running paper trading for 2025-09-11
2026-03-23 16:15:51,744 - INFO - ============================================================
2026-03-23 16:15:51,745 - INFO - Portfolio construction: 38 longs, 38 shorts (from 38 candidates)
2026-03-23 16:15:51,746 - INFO - Vol targeting: rolling_vol=0.0472, scale=1.6944
2026-03-23 16:15:51,746 - INFO - PnL Net: -0.0041 | Scaled: -0.0070 | Turnover: 17.39% | Vol Scale: 1.69
2026-03-23 16:15:51,746 - INFO - 
============================================================
2026-03-23 16:15:51,746 - INFO - Running paper trading for 2025-09-12
2026-03-23 16:15:51,746 - INFO - ============================================================
2026-03-23 16:15:51,747 - INFO - Portfolio construction: 38 longs, 38 shorts (from 38 candidates)
2026-03-23 16:15:51,747 - INFO - Vol targeting: rolling_vol=0.0475, scale=1.6830
2026-03-23 16:15:51,747 - INFO - PnL Net: -0.0021 | Scaled: -0.0035 | Turnover: 15.81% | Vol Scale: 1.68
2026-03-23 16:15:51,747 - INFO - 
============================================================
2026-03-23 16:15:51,747 - INFO - Running paper trading for 2025-09-15
2026-03-23 16:15:51,747 - INFO - ============================================================
2026-03-23 16:15:51,748 - INFO - Portfolio construction: 38 longs, 38 shorts (from 38 candidates)
2026-03-23 16:15:51,748 - INFO - Vol targeting: rolling_vol=0.0477, scale=1.6773
2026-03-23 16:15:51,748 - INFO - PnL Net: 0.0010 | Scaled: 0.0016 | Turnover: 18.17% | Vol Scale: 1.68
2026-03-23 16:15:51,748 - INFO - 
============================================================
2026-03-23 16:15:51,748 - INFO - Running paper trading for 2025-09-16
2026-03-23 16:15:51,748 - INFO - ============================================================
2026-03-23 16:15:51,750 - INFO - Portfolio construction: 38 longs, 38 shorts (from 38 candidates)
2026-03-23 16:15:51,750 - INFO - Vol targeting: rolling_vol=0.0469, scale=1.7072
2026-03-23 16:15:51,750 - INFO - PnL Net: 0.0006 | Scaled: 0.0011 | Turnover: 16.81% | Vol Scale: 1.71
2026-03-23 16:15:51,750 - INFO - 
============================================================
2026-03-23 16:15:51,750 - INFO - Running paper trading for 2025-09-17
2026-03-23 16:15:51,750 - INFO - ============================================================
2026-03-23 16:15:51,751 - INFO - Portfolio construction: 38 longs, 38 shorts (from 38 candidates)
2026-03-23 16:15:51,751 - INFO - Vol targeting: rolling_vol=0.0483, scale=1.6553
2026-03-23 16:15:51,751 - INFO - PnL Net: 0.0037 | Scaled: 0.0061 | Turnover: 15.39% | Vol Scale: 1.66
2026-03-23 16:15:51,751 - INFO - 
============================================================
2026-03-23 16:15:51,752 - INFO - Running paper trading for 2025-09-18
2026-03-23 16:15:51,752 - INFO - ============================================================
2026-03-23 16:15:51,752 - INFO - Portfolio construction: 38 longs, 38 shorts (from 38 candidates)
2026-03-23 16:15:51,752 - INFO - Vol targeting: rolling_vol=0.0490, scale=1.6323
2026-03-23 16:15:51,752 - INFO - PnL Net: -0.0028 | Scaled: -0.0045 | Turnover: 13.88% | Vol Scale: 1.63
2026-03-23 16:15:51,752 - INFO - 
============================================================
2026-03-23 16:15:51,754 - INFO - Running paper trading for 2025-09-19
2026-03-23 16:15:51,754 - INFO - ============================================================
2026-03-23 16:15:51,755 - INFO - Portfolio construction: 38 longs, 38 shorts (from 38 candidates)
2026-03-23 16:15:51,755 - INFO - Vol targeting: rolling_vol=0.0368, scale=2.0000
2026-03-23 16:15:51,755 - INFO - PnL Net: -0.0018 | Scaled: -0.0037 | Turnover: 14.15% | Vol Scale: 2.00
2026-03-23 16:15:51,755 - INFO - 
============================================================
2026-03-23 16:15:51,755 - INFO - Running paper trading for 2025-09-22
2026-03-23 16:15:51,755 - INFO - ============================================================
2026-03-23 16:15:51,756 - INFO - Portfolio construction: 38 longs, 38 shorts (from 38 candidates)
2026-03-23 16:15:51,757 - INFO - Vol targeting: rolling_vol=0.0347, scale=2.0000
2026-03-23 16:15:51,757 - INFO - PnL Net: -0.0022 | Scaled: -0.0044 | Turnover: 12.25% | Vol Scale: 2.00
2026-03-23 16:15:51,757 - INFO - 
============================================================
2026-03-23 16:15:51,757 - INFO - Running paper trading for 2025-09-23
2026-03-23 16:15:51,757 - INFO - ============================================================
2026-03-23 16:15:51,758 - INFO - Portfolio construction: 38 longs, 38 shorts (from 38 candidates)
2026-03-23 16:15:51,758 - INFO - Vol targeting: rolling_vol=0.0347, scale=2.0000
2026-03-23 16:15:51,758 - INFO - PnL Net: 0.0006 | Scaled: 0.0012 | Turnover: 11.55% | Vol Scale: 2.00
2026-03-23 16:15:51,758 - INFO - 
============================================================
2026-03-23 16:15:51,758 - INFO - Running paper trading for 2025-09-24
2026-03-23 16:15:51,758 - INFO - ============================================================
2026-03-23 16:15:51,759 - INFO - Portfolio construction: 38 longs, 38 shorts (from 38 candidates)
2026-03-23 16:15:51,760 - INFO - Vol targeting: rolling_vol=0.0370, scale=2.0000
2026-03-23 16:15:51,760 - WARNING - KS3 TRIGGERED: 60-day Sharpe -0.2339 < 0
2026-03-23 16:15:51,760 - INFO - PnL Net: -0.0044 | Scaled: -0.0087 | Turnover: 10.82% | Vol Scale: 2.00
2026-03-23 16:15:51,760 - INFO - 
============================================================
2026-03-23 16:15:51,760 - INFO - Running paper trading for 2025-09-25
2026-03-23 16:15:51,760 - INFO - ============================================================
2026-03-23 16:15:51,761 - INFO - Portfolio construction: 38 longs, 38 shorts (from 38 candidates)
2026-03-23 16:15:51,761 - INFO - Vol targeting: rolling_vol=0.0394, scale=2.0000
2026-03-23 16:15:51,761 - WARNING - KS3 TRIGGERED: 60-day Sharpe -0.0747 < 0
2026-03-23 16:15:51,761 - INFO - PnL Net: 0.0031 | Scaled: 0.0063 | Turnover: 11.32% | Vol Scale: 2.00
2026-03-23 16:15:51,761 - INFO - 
============================================================
2026-03-23 16:15:51,761 - INFO - Running paper trading for 2025-09-26
2026-03-23 16:15:51,761 - INFO - ============================================================
2026-03-23 16:15:51,762 - INFO - Portfolio construction: 38 longs, 38 shorts (from 38 candidates)
2026-03-23 16:15:51,763 - INFO - Vol targeting: rolling_vol=0.0396, scale=2.0000
2026-03-23 16:15:51,763 - WARNING - KS3 TRIGGERED: 60-day Sharpe -0.1133 < 0
2026-03-23 16:15:51,763 - INFO - PnL Net: 0.0009 | Scaled: 0.0019 | Turnover: 10.79% | Vol Scale: 2.00
2026-03-23 16:15:51,763 - INFO - 
============================================================
2026-03-23 16:15:51,763 - INFO - Running paper trading for 2025-09-29
2026-03-23 16:15:51,763 - INFO - ============================================================
2026-03-23 16:15:51,764 - INFO - Portfolio construction: 38 longs, 38 shorts (from 38 candidates)
2026-03-23 16:15:51,764 - INFO - Vol targeting: rolling_vol=0.0395, scale=2.0000
2026-03-23 16:15:51,764 - INFO - PnL Net: 0.0006 | Scaled: 0.0013 | Turnover: 18.78% | Vol Scale: 2.00
2026-03-23 16:15:51,765 - INFO - 
============================================================
2026-03-23 16:15:51,765 - INFO - Running paper trading for 2025-09-30
2026-03-23 16:15:51,765 - INFO - ============================================================
2026-03-23 16:15:51,766 - INFO - Portfolio construction: 38 longs, 38 shorts (from 38 candidates)
2026-03-23 16:15:51,766 - INFO - Vol targeting: rolling_vol=0.0394, scale=2.0000
2026-03-23 16:15:51,766 - INFO - PnL Net: 0.0013 | Scaled: 0.0026 | Turnover: 16.32% | Vol Scale: 2.00
2026-03-23 16:15:51,766 - INFO - 
============================================================
2026-03-23 16:15:51,766 - INFO - Running paper trading for 2025-10-01
2026-03-23 16:15:51,766 - INFO - ============================================================
2026-03-23 16:15:51,767 - INFO - Portfolio construction: 38 longs, 38 shorts (from 38 candidates)
2026-03-23 16:15:51,767 - INFO - Vol targeting: rolling_vol=0.0406, scale=1.9724
2026-03-23 16:15:51,767 - INFO - PnL Net: 0.0029 | Scaled: 0.0057 | Turnover: 13.62% | Vol Scale: 1.97
2026-03-23 16:15:51,767 - INFO - 
============================================================
2026-03-23 16:15:51,768 - INFO - Running paper trading for 2025-10-02
2026-03-23 16:15:51,768 - INFO - ============================================================
2026-03-23 16:15:51,769 - INFO - Portfolio construction: 38 longs, 38 shorts (from 38 candidates)
2026-03-23 16:15:51,769 - INFO - Vol targeting: rolling_vol=0.0415, scale=1.9257
2026-03-23 16:15:51,769 - INFO - PnL Net: 0.0028 | Scaled: 0.0053 | Turnover: 12.21% | Vol Scale: 1.93
2026-03-23 16:15:51,769 - INFO - 
============================================================
2026-03-23 16:15:51,769 - INFO - Running paper trading for 2025-10-03
2026-03-23 16:15:51,769 - INFO - ============================================================
2026-03-23 16:15:51,770 - INFO - Portfolio construction: 38 longs, 38 shorts (from 38 candidates)
2026-03-23 16:15:51,770 - INFO - Vol targeting: rolling_vol=0.0436, scale=1.8365
2026-03-23 16:15:51,770 - INFO - PnL Net: 0.0040 | Scaled: 0.0073 | Turnover: 10.49% | Vol Scale: 1.84
2026-03-23 16:15:51,770 - INFO - 
============================================================
2026-03-23 16:15:51,770 - INFO - Running paper trading for 2025-10-06
2026-03-23 16:15:51,770 - INFO - ============================================================
2026-03-23 16:15:51,772 - INFO - Portfolio construction: 38 longs, 38 shorts (from 38 candidates)
2026-03-23 16:15:51,772 - INFO - Vol targeting: rolling_vol=0.0440, scale=1.8163
2026-03-23 16:15:51,772 - INFO - PnL Net: -0.0017 | Scaled: -0.0032 | Turnover: 8.91% | Vol Scale: 1.82
2026-03-23 16:15:51,772 - INFO - 
============================================================
2026-03-23 16:15:51,772 - INFO - Running paper trading for 2025-10-07
2026-03-23 16:15:51,772 - INFO - ============================================================
2026-03-23 16:15:51,773 - INFO - Portfolio construction: 38 longs, 38 shorts (from 38 candidates)
2026-03-23 16:15:51,773 - INFO - Vol targeting: rolling_vol=0.0418, scale=1.9150
2026-03-23 16:15:51,773 - INFO - PnL Net: 0.0027 | Scaled: 0.0053 | Turnover: 7.62% | Vol Scale: 1.91
2026-03-23 16:15:51,773 - INFO - 
============================================================
2026-03-23 16:15:51,773 - INFO - Running paper trading for 2025-10-08
2026-03-23 16:15:51,773 - INFO - ============================================================
2026-03-23 16:15:51,774 - INFO - Portfolio construction: 38 longs, 38 shorts (from 38 candidates)
2026-03-23 16:15:51,774 - INFO - Vol targeting: rolling_vol=0.0400, scale=1.9984
2026-03-23 16:15:51,774 - INFO - PnL Net: -0.0012 | Scaled: -0.0024 | Turnover: 6.47% | Vol Scale: 2.00
2026-03-23 16:15:51,775 - INFO - 
============================================================
2026-03-23 16:15:51,775 - INFO - Running paper trading for 2025-10-09
2026-03-23 16:15:51,775 - INFO - ============================================================
2026-03-23 16:15:51,776 - INFO - Portfolio construction: 38 longs, 38 shorts (from 38 candidates)
2026-03-23 16:15:51,776 - INFO - Vol targeting: rolling_vol=0.0499, scale=1.6037
2026-03-23 16:15:51,776 - INFO - PnL Net: -0.0093 | Scaled: -0.0149 | Turnover: 6.11% | Vol Scale: 1.60
2026-03-23 16:15:51,776 - INFO - 
============================================================
2026-03-23 16:15:51,776 - INFO - Running paper trading for 2025-10-10
2026-03-23 16:15:51,776 - INFO - ============================================================
2026-03-23 16:15:51,777 - INFO - Portfolio construction: 38 longs, 38 shorts (from 38 candidates)
2026-03-23 16:15:51,777 - INFO - Vol targeting: rolling_vol=0.0501, scale=1.5958
2026-03-23 16:15:51,777 - INFO - PnL Net: 0.0026 | Scaled: 0.0041 | Turnover: 16.58% | Vol Scale: 1.60
2026-03-23 16:15:51,778 - INFO - 
============================================================
2026-03-23 16:15:51,778 - INFO - Running paper trading for 2025-10-13
2026-03-23 16:15:51,778 - INFO - ============================================================
2026-03-23 16:15:51,779 - INFO - Portfolio construction: 38 longs, 36 shorts (from 38 candidates)
2026-03-23 16:15:51,780 - INFO - Vol targeting: rolling_vol=0.0500, scale=1.5985
2026-03-23 16:15:51,780 - INFO - PnL Net: 0.0001 | Scaled: 0.0001 | Turnover: 21.87% | Vol Scale: 1.60
2026-03-23 16:15:51,780 - INFO - 
============================================================
2026-03-23 16:15:51,780 - INFO - Running paper trading for 2025-10-14
2026-03-23 16:15:51,780 - INFO - ============================================================
2026-03-23 16:15:51,781 - INFO - Portfolio construction: 38 longs, 38 shorts (from 38 candidates)
2026-03-23 16:15:51,781 - INFO - Vol targeting: rolling_vol=0.0503, scale=1.5894
2026-03-23 16:15:51,781 - INFO - PnL Net: 0.0017 | Scaled: 0.0028 | Turnover: 19.87% | Vol Scale: 1.59
2026-03-23 16:15:51,781 - INFO - 
============================================================
2026-03-23 16:15:51,782 - INFO - Running paper trading for 2025-10-15
2026-03-23 16:15:51,782 - INFO - ============================================================
2026-03-23 16:15:51,783 - INFO - Portfolio construction: 38 longs, 38 shorts (from 38 candidates)
2026-03-23 16:15:51,783 - INFO - Vol targeting: rolling_vol=0.0506, scale=1.5825
2026-03-23 16:15:51,783 - WARNING - KS3 TRIGGERED: 60-day Sharpe -0.2138 < 0
2026-03-23 16:15:51,783 - INFO - PnL Net: -0.0039 | Scaled: -0.0062 | Turnover: 19.76% | Vol Scale: 1.58
2026-03-23 16:15:51,783 - INFO - 
============================================================
2026-03-23 16:15:51,783 - INFO - Running paper trading for 2025-10-16
2026-03-23 16:15:51,783 - INFO - ============================================================
2026-03-23 16:15:51,784 - INFO - Portfolio construction: 38 longs, 38 shorts (from 38 candidates)
2026-03-23 16:15:51,784 - INFO - Vol targeting: rolling_vol=0.0497, scale=1.6093
2026-03-23 16:15:51,784 - INFO - PnL Net: 0.0004 | Scaled: 0.0006 | Turnover: 19.81% | Vol Scale: 1.61
2026-03-23 16:15:51,784 - INFO - 
============================================================
2026-03-23 16:15:51,784 - INFO - Running paper trading for 2025-10-17
2026-03-23 16:15:51,784 - INFO - ============================================================
2026-03-23 16:15:51,785 - INFO - Portfolio construction: 38 longs, 2 shorts (from 38 candidates)
2026-03-23 16:15:51,786 - INFO - Vol targeting: rolling_vol=0.0522, scale=1.5325
2026-03-23 16:15:51,786 - INFO - PnL Net: 0.0050 | Scaled: 0.0077 | Turnover: 21.18% | Vol Scale: 1.53
2026-03-23 16:15:51,786 - INFO - 
============================================================
2026-03-23 16:15:51,786 - INFO - Running paper trading for 2025-10-20
2026-03-23 16:15:51,786 - INFO - ============================================================
2026-03-23 16:15:51,787 - INFO - Portfolio construction: 38 longs, 38 shorts (from 38 candidates)
2026-03-23 16:15:51,787 - INFO - Vol targeting: rolling_vol=0.0521, scale=1.5369
2026-03-23 16:15:51,787 - INFO - PnL Net: 0.0028 | Scaled: 0.0043 | Turnover: 19.97% | Vol Scale: 1.54
2026-03-23 16:15:51,787 - INFO - 
============================================================
2026-03-23 16:15:51,787 - INFO - Running paper trading for 2025-10-21
2026-03-23 16:15:51,787 - INFO - ============================================================
2026-03-23 16:15:51,788 - INFO - Portfolio construction: 38 longs, 38 shorts (from 38 candidates)
2026-03-23 16:15:51,788 - INFO - Vol targeting: rolling_vol=0.0528, scale=1.5154
2026-03-23 16:15:51,789 - INFO - PnL Net: -0.0020 | Scaled: -0.0030 | Turnover: 17.75% | Vol Scale: 1.52
2026-03-23 16:15:51,789 - INFO - 
============================================================
2026-03-23 16:15:51,789 - INFO - Running paper trading for 2025-10-22
2026-03-23 16:15:51,789 - INFO - ============================================================
2026-03-23 16:15:51,790 - INFO - Portfolio construction: 38 longs, 38 shorts (from 38 candidates)
2026-03-23 16:15:51,790 - INFO - Vol targeting: rolling_vol=0.0516, scale=1.5499
2026-03-23 16:15:51,790 - INFO - PnL Net: 0.0046 | Scaled: 0.0071 | Turnover: 16.55% | Vol Scale: 1.55
2026-03-23 16:15:51,790 - INFO - 
============================================================
2026-03-23 16:15:51,790 - INFO - Running paper trading for 2025-10-23
2026-03-23 16:15:51,790 - INFO - ============================================================
2026-03-23 16:15:51,791 - INFO - Portfolio construction: 38 longs, 38 shorts (from 38 candidates)
2026-03-23 16:15:51,791 - INFO - Vol targeting: rolling_vol=0.0510, scale=1.5701
2026-03-23 16:15:51,792 - INFO - PnL Net: 0.0010 | Scaled: 0.0015 | Turnover: 18.04% | Vol Scale: 1.57
2026-03-23 16:15:51,792 - INFO - 
============================================================
2026-03-23 16:15:51,792 - INFO - Running paper trading for 2025-10-24
2026-03-23 16:15:51,792 - INFO - ============================================================
2026-03-23 16:15:51,793 - INFO - Portfolio construction: 38 longs, 38 shorts (from 38 candidates)
2026-03-23 16:15:51,793 - INFO - Vol targeting: rolling_vol=0.0511, scale=1.5665
2026-03-23 16:15:51,793 - INFO - PnL Net: 0.0018 | Scaled: 0.0028 | Turnover: 20.07% | Vol Scale: 1.57
2026-03-23 16:15:51,793 - INFO - 
============================================================
2026-03-23 16:15:51,793 - INFO - Running paper trading for 2025-10-27
2026-03-23 16:15:51,793 - INFO - ============================================================
2026-03-23 16:15:51,795 - INFO - Portfolio construction: 38 longs, 38 shorts (from 38 candidates)
2026-03-23 16:15:51,795 - INFO - Vol targeting: rolling_vol=0.0513, scale=1.5609
2026-03-23 16:15:51,795 - INFO - PnL Net: -0.0005 | Scaled: -0.0007 | Turnover: 20.20% | Vol Scale: 1.56
2026-03-23 16:15:51,795 - INFO - 
============================================================
2026-03-23 16:15:51,795 - INFO - Running paper trading for 2025-10-28
2026-03-23 16:15:51,795 - INFO - ============================================================
2026-03-23 16:15:51,796 - INFO - Portfolio construction: 38 longs, 38 shorts (from 38 candidates)
2026-03-23 16:15:51,796 - INFO - Vol targeting: rolling_vol=0.0516, scale=1.5503
2026-03-23 16:15:51,796 - INFO - PnL Net: -0.0011 | Scaled: -0.0017 | Turnover: 17.57% | Vol Scale: 1.55
2026-03-23 16:15:51,797 - INFO - 
============================================================
2026-03-23 16:15:51,797 - INFO - Running paper trading for 2025-10-29
2026-03-23 16:15:51,797 - INFO - ============================================================
2026-03-23 16:15:51,798 - INFO - Portfolio construction: 38 longs, 38 shorts (from 38 candidates)
2026-03-23 16:15:51,798 - INFO - Vol targeting: rolling_vol=0.0533, scale=1.4997
2026-03-23 16:15:51,798 - INFO - PnL Net: -0.0041 | Scaled: -0.0061 | Turnover: 16.24% | Vol Scale: 1.50
2026-03-23 16:15:51,798 - INFO - 
============================================================
2026-03-23 16:15:51,798 - INFO - Running paper trading for 2025-10-30
2026-03-23 16:15:51,798 - INFO - ============================================================
2026-03-23 16:15:51,799 - INFO - Portfolio construction: 38 longs, 38 shorts (from 38 candidates)
2026-03-23 16:15:51,799 - INFO - Vol targeting: rolling_vol=0.0529, scale=1.5111
2026-03-23 16:15:51,799 - INFO - PnL Net: 0.0019 | Scaled: 0.0029 | Turnover: 17.83% | Vol Scale: 1.51
2026-03-23 16:15:51,799 - INFO - 
============================================================
2026-03-23 16:15:51,800 - INFO - Running paper trading for 2025-10-31
2026-03-23 16:15:51,800 - INFO - ============================================================
2026-03-23 16:15:51,801 - INFO - Portfolio construction: 38 longs, 38 shorts (from 38 candidates)
2026-03-23 16:15:51,801 - INFO - Vol targeting: rolling_vol=0.0514, scale=1.5577
2026-03-23 16:15:51,801 - INFO - PnL Net: -0.0012 | Scaled: -0.0019 | Turnover: 17.75% | Vol Scale: 1.56
2026-03-23 16:15:51,801 - INFO - 
============================================================
2026-03-23 16:15:51,801 - INFO - Running paper trading for 2025-11-03
2026-03-23 16:15:51,801 - INFO - ============================================================
2026-03-23 16:15:51,802 - INFO - Portfolio construction: 38 longs, 38 shorts (from 38 candidates)
2026-03-23 16:15:51,802 - INFO - Vol targeting: rolling_vol=0.0532, scale=1.5032
2026-03-23 16:15:51,802 - INFO - PnL Net: -0.0044 | Scaled: -0.0065 | Turnover: 18.48% | Vol Scale: 1.50
2026-03-23 16:15:51,802 - INFO - 
============================================================
2026-03-23 16:15:51,802 - INFO - Running paper trading for 2025-11-04
2026-03-23 16:15:51,802 - INFO - ============================================================
2026-03-23 16:15:51,804 - INFO - Portfolio construction: 38 longs, 38 shorts (from 38 candidates)
2026-03-23 16:15:51,804 - INFO - Vol targeting: rolling_vol=0.0532, scale=1.5046
2026-03-23 16:15:51,804 - INFO - PnL Net: 0.0027 | Scaled: 0.0040 | Turnover: 18.50% | Vol Scale: 1.50
2026-03-23 16:15:51,804 - INFO - 
============================================================
2026-03-23 16:15:51,804 - INFO - Running paper trading for 2025-11-05
2026-03-23 16:15:51,804 - INFO - ============================================================
2026-03-23 16:15:51,806 - INFO - Portfolio construction: 38 longs, 38 shorts (from 38 candidates)
2026-03-23 16:15:51,806 - INFO - Vol targeting: rolling_vol=0.0556, scale=1.4381
2026-03-23 16:15:51,806 - WARNING - KS3 TRIGGERED: 60-day Sharpe -0.0205 < 0
2026-03-23 16:15:51,806 - INFO - PnL Net: -0.0050 | Scaled: -0.0071 | Turnover: 18.91% | Vol Scale: 1.44
2026-03-23 16:15:51,806 - INFO - 
============================================================
2026-03-23 16:15:51,806 - INFO - Running paper trading for 2025-11-06
2026-03-23 16:15:51,806 - INFO - ============================================================
2026-03-23 16:15:51,807 - INFO - Portfolio construction: 38 longs, 38 shorts (from 38 candidates)
2026-03-23 16:15:51,807 - INFO - Vol targeting: rolling_vol=0.0450, scale=1.7759
2026-03-23 16:15:51,807 - WARNING - KS3 TRIGGERED: 60-day Sharpe -0.0011 < 0
2026-03-23 16:15:51,807 - INFO - PnL Net: 0.0004 | Scaled: 0.0007 | Turnover: 19.27% | Vol Scale: 1.78
2026-03-23 16:15:51,807 - INFO - 
============================================================
2026-03-23 16:15:51,807 - INFO - Running paper trading for 2025-11-07
2026-03-23 16:15:51,808 - INFO - ============================================================
2026-03-23 16:15:51,809 - WARNING - No negative predictions for shorts - skipping short positions
2026-03-23 16:15:51,809 - INFO - Portfolio construction: 38 longs, 0 shorts (from 38 candidates)
2026-03-23 16:15:51,809 - INFO - Vol targeting: rolling_vol=0.0446, scale=1.7921
2026-03-23 16:15:51,809 - INFO - PnL Net: 0.0019 | Scaled: 0.0034 | Turnover: 13.18% | Vol Scale: 1.79
2026-03-23 16:15:51,809 - INFO - 
============================================================
2026-03-23 16:15:51,809 - INFO - Running paper trading for 2025-11-10
2026-03-23 16:15:51,809 - INFO - ============================================================
2026-03-23 16:15:51,810 - INFO - Portfolio construction: 38 longs, 38 shorts (from 38 candidates)
2026-03-23 16:15:51,810 - INFO - Vol targeting: rolling_vol=0.0454, scale=1.7634
2026-03-23 16:15:51,810 - INFO - PnL Net: 0.0024 | Scaled: 0.0043 | Turnover: 18.16% | Vol Scale: 1.76
2026-03-23 16:15:51,810 - INFO - 
============================================================
2026-03-23 16:15:51,810 - INFO - Running paper trading for 2025-11-11
2026-03-23 16:15:51,811 - INFO - ============================================================
2026-03-23 16:15:51,811 - INFO - Portfolio construction: 38 longs, 38 shorts (from 38 candidates)
2026-03-23 16:15:51,812 - INFO - Vol targeting: rolling_vol=0.0464, scale=1.7224
2026-03-23 16:15:51,812 - INFO - PnL Net: 0.0034 | Scaled: 0.0059 | Turnover: 16.31% | Vol Scale: 1.72
2026-03-23 16:15:51,812 - INFO - 
============================================================
2026-03-23 16:15:51,812 - INFO - Running paper trading for 2025-11-12
2026-03-23 16:15:51,812 - INFO - ============================================================
2026-03-23 16:15:51,813 - INFO - Portfolio construction: 38 longs, 38 shorts (from 38 candidates)
2026-03-23 16:15:51,813 - INFO - Vol targeting: rolling_vol=0.0448, scale=1.7861
2026-03-23 16:15:51,813 - INFO - PnL Net: -0.0022 | Scaled: -0.0039 | Turnover: 15.82% | Vol Scale: 1.79
2026-03-23 16:15:51,814 - INFO - 
============================================================
2026-03-23 16:15:51,814 - INFO - Running paper trading for 2025-11-13
2026-03-23 16:15:51,814 - INFO - ============================================================
2026-03-23 16:15:51,815 - INFO - Portfolio construction: 38 longs, 38 shorts (from 38 candidates)
2026-03-23 16:15:51,815 - INFO - Vol targeting: rolling_vol=0.0464, scale=1.7238
2026-03-23 16:15:51,816 - INFO - PnL Net: -0.0031 | Scaled: -0.0054 | Turnover: 17.53% | Vol Scale: 1.72
2026-03-23 16:15:51,816 - INFO - 
============================================================
2026-03-23 16:15:51,816 - INFO - Running paper trading for 2025-11-14
2026-03-23 16:15:51,816 - INFO - ============================================================
2026-03-23 16:15:51,817 - INFO - Portfolio construction: 38 longs, 38 shorts (from 38 candidates)
2026-03-23 16:15:51,817 - INFO - Vol targeting: rolling_vol=0.0494, scale=1.6195
2026-03-23 16:15:51,817 - WARNING - KS3 TRIGGERED: 60-day Sharpe -1.2139 < 0
2026-03-23 16:15:51,817 - INFO - PnL Net: -0.0071 | Scaled: -0.0114 | Turnover: 18.41% | Vol Scale: 1.62
2026-03-23 16:15:51,817 - INFO - 
============================================================
2026-03-23 16:15:51,817 - INFO - Running paper trading for 2025-11-17
2026-03-23 16:15:51,817 - INFO - ============================================================
2026-03-23 16:15:51,818 - INFO - Portfolio construction: 38 longs, 38 shorts (from 38 candidates)
2026-03-23 16:15:51,819 - INFO - Vol targeting: rolling_vol=0.0481, scale=1.6647
2026-03-23 16:15:51,819 - WARNING - KS3 TRIGGERED: 60-day Sharpe -0.9382 < 0
2026-03-23 16:15:51,819 - INFO - PnL Net: -0.0011 | Scaled: -0.0018 | Turnover: 18.60% | Vol Scale: 1.66
2026-03-23 16:15:51,819 - INFO - 
============================================================
2026-03-23 16:15:51,819 - INFO - Running paper trading for 2025-11-18
2026-03-23 16:15:51,819 - INFO - ============================================================
2026-03-23 16:15:51,820 - INFO - Portfolio construction: 38 longs, 38 shorts (from 38 candidates)
2026-03-23 16:15:51,821 - INFO - Vol targeting: rolling_vol=0.0478, scale=1.6738
2026-03-23 16:15:51,821 - WARNING - KS3 TRIGGERED: 60-day Sharpe -0.9945 < 0
2026-03-23 16:15:51,821 - INFO - PnL Net: -0.0001 | Scaled: -0.0002 | Turnover: 17.82% | Vol Scale: 1.67
2026-03-23 16:15:51,821 - INFO - 
============================================================
2026-03-23 16:15:51,821 - INFO - Running paper trading for 2025-11-19
2026-03-23 16:15:51,821 - INFO - ============================================================
2026-03-23 16:15:51,822 - INFO - Portfolio construction: 38 longs, 10 shorts (from 38 candidates)
2026-03-23 16:15:51,822 - INFO - Vol targeting: rolling_vol=0.0464, scale=1.7231
2026-03-23 16:15:51,822 - WARNING - KS3 TRIGGERED: 60-day Sharpe -1.4547 < 0
2026-03-23 16:15:51,822 - INFO - PnL Net: -0.0049 | Scaled: -0.0085 | Turnover: 20.34% | Vol Scale: 1.72
2026-03-23 16:15:51,822 - INFO - 
============================================================
2026-03-23 16:15:51,822 - INFO - Running paper trading for 2025-11-20
2026-03-23 16:15:51,822 - INFO - ============================================================
2026-03-23 16:15:51,824 - INFO - Portfolio construction: 38 longs, 4 shorts (from 38 candidates)
2026-03-23 16:15:51,824 - INFO - Vol targeting: rolling_vol=0.0537, scale=1.4897
2026-03-23 16:15:51,824 - WARNING - KS3 TRIGGERED: 60-day Sharpe -0.7805 < 0
2026-03-23 16:15:51,824 - INFO - PnL Net: 0.0070 | Scaled: 0.0104 | Turnover: 18.63% | Vol Scale: 1.49
2026-03-23 16:15:51,824 - INFO - 
============================================================
2026-03-23 16:15:51,824 - INFO - Running paper trading for 2025-11-21
2026-03-23 16:15:51,824 - INFO - ============================================================
2026-03-23 16:15:51,825 - WARNING - No negative predictions for shorts - skipping short positions
2026-03-23 16:15:51,825 - INFO - Portfolio construction: 38 longs, 0 shorts (from 38 candidates)
2026-03-23 16:15:51,826 - INFO - Vol targeting: rolling_vol=0.0544, scale=1.4711
2026-03-23 16:15:51,826 - WARNING - KS3 TRIGGERED: 60-day Sharpe -0.5647 < 0
2026-03-23 16:15:51,826 - INFO - PnL Net: 0.0028 | Scaled: 0.0041 | Turnover: 14.74% | Vol Scale: 1.47
2026-03-23 16:15:51,826 - INFO - 
============================================================
2026-03-23 16:15:51,826 - INFO - Running paper trading for 2025-11-24
2026-03-23 16:15:51,826 - INFO - ============================================================
2026-03-23 16:15:51,827 - INFO - Portfolio construction: 38 longs, 38 shorts (from 38 candidates)
2026-03-23 16:15:51,828 - INFO - Vol targeting: rolling_vol=0.0569, scale=1.4057
2026-03-23 16:15:51,828 - WARNING - KS3 TRIGGERED: 60-day Sharpe -0.0606 < 0
2026-03-23 16:15:51,828 - INFO - PnL Net: 0.0042 | Scaled: 0.0060 | Turnover: 18.63% | Vol Scale: 1.41
2026-03-23 16:15:51,828 - INFO - 
============================================================
2026-03-23 16:15:51,828 - INFO - Running paper trading for 2025-11-25
2026-03-23 16:15:51,828 - INFO - ============================================================
2026-03-23 16:15:51,829 - INFO - Portfolio construction: 38 longs, 29 shorts (from 38 candidates)
2026-03-23 16:15:51,829 - INFO - Vol targeting: rolling_vol=0.0582, scale=1.3744
2026-03-23 16:15:51,830 - INFO - PnL Net: 0.0033 | Scaled: 0.0045 | Turnover: 16.83% | Vol Scale: 1.37
2026-03-23 16:15:51,830 - INFO - 
============================================================
2026-03-23 16:15:51,830 - INFO - Running paper trading for 2025-11-26
2026-03-23 16:15:51,830 - INFO - ============================================================
2026-03-23 16:15:51,831 - INFO - Portfolio construction: 38 longs, 38 shorts (from 38 candidates)
2026-03-23 16:15:51,831 - INFO - Vol targeting: rolling_vol=0.0572, scale=1.3978
2026-03-23 16:15:51,831 - INFO - PnL Net: 0.0028 | Scaled: 0.0039 | Turnover: 19.67% | Vol Scale: 1.40
2026-03-23 16:15:51,831 - INFO - 
============================================================
2026-03-23 16:15:51,831 - INFO - Running paper trading for 2025-11-28
2026-03-23 16:15:51,831 - INFO - ============================================================
2026-03-23 16:15:51,832 - INFO - Portfolio construction: 38 longs, 38 shorts (from 38 candidates)
2026-03-23 16:15:51,833 - INFO - Vol targeting: rolling_vol=0.0570, scale=1.4044
2026-03-23 16:15:51,833 - INFO - PnL Net: -0.0008 | Scaled: -0.0011 | Turnover: 18.71% | Vol Scale: 1.40
2026-03-23 16:15:51,833 - INFO - 
============================================================
2026-03-23 16:15:51,833 - INFO - Running paper trading for 2025-12-01
2026-03-23 16:15:51,833 - INFO - ============================================================
2026-03-23 16:15:51,834 - INFO - Portfolio construction: 38 longs, 38 shorts (from 38 candidates)
2026-03-23 16:15:51,834 - INFO - Vol targeting: rolling_vol=0.0577, scale=1.3855
2026-03-23 16:15:51,834 - INFO - PnL Net: 0.0032 | Scaled: 0.0044 | Turnover: 17.87% | Vol Scale: 1.39
2026-03-23 16:15:51,834 - INFO - 
============================================================
2026-03-23 16:15:51,834 - INFO - Running paper trading for 2025-12-02
2026-03-23 16:15:51,834 - INFO - ============================================================
2026-03-23 16:15:51,835 - INFO - Portfolio construction: 38 longs, 38 shorts (from 38 candidates)
2026-03-23 16:15:51,836 - INFO - Vol targeting: rolling_vol=0.0579, scale=1.3813
2026-03-23 16:15:51,836 - INFO - PnL Net: 0.0056 | Scaled: 0.0077 | Turnover: 20.20% | Vol Scale: 1.38
2026-03-23 16:15:51,836 - INFO - 
============================================================
2026-03-23 16:15:51,836 - INFO - Running paper trading for 2025-12-03
2026-03-23 16:15:51,836 - INFO - ============================================================
2026-03-23 16:15:51,837 - INFO - Portfolio construction: 38 longs, 38 shorts (from 38 candidates)
2026-03-23 16:15:51,838 - INFO - Vol targeting: rolling_vol=0.0576, scale=1.3891
2026-03-23 16:15:51,838 - INFO - PnL Net: -0.0002 | Scaled: -0.0003 | Turnover: 19.11% | Vol Scale: 1.39
2026-03-23 16:15:51,838 - INFO - 
============================================================
2026-03-23 16:15:51,838 - INFO - Running paper trading for 2025-12-04
2026-03-23 16:15:51,838 - INFO - ============================================================
2026-03-23 16:15:51,839 - INFO - Portfolio construction: 38 longs, 3 shorts (from 38 candidates)
2026-03-23 16:15:51,839 - INFO - Vol targeting: rolling_vol=0.0539, scale=1.4845
2026-03-23 16:15:51,840 - INFO - PnL Net: 0.0005 | Scaled: 0.0008 | Turnover: 19.09% | Vol Scale: 1.48
2026-03-23 16:15:51,840 - INFO - 
============================================================
2026-03-23 16:15:51,840 - INFO - Running paper trading for 2025-12-05
2026-03-23 16:15:51,840 - INFO - ============================================================
2026-03-23 16:15:51,841 - INFO - Portfolio construction: 38 longs, 2 shorts (from 38 candidates)
2026-03-23 16:15:51,841 - INFO - Vol targeting: rolling_vol=0.0571, scale=1.4018
2026-03-23 16:15:51,841 - INFO - PnL Net: -0.0045 | Scaled: -0.0063 | Turnover: 19.14% | Vol Scale: 1.40
2026-03-23 16:15:51,841 - INFO - 
============================================================
2026-03-23 16:15:51,841 - INFO - Running paper trading for 2025-12-08
2026-03-23 16:15:51,841 - INFO - ============================================================
2026-03-23 16:15:51,842 - WARNING - No negative predictions for shorts - skipping short positions
2026-03-23 16:15:51,842 - INFO - Portfolio construction: 38 longs, 0 shorts (from 38 candidates)
2026-03-23 16:15:51,843 - INFO - Vol targeting: rolling_vol=0.0570, scale=1.4030
2026-03-23 16:15:51,843 - INFO - PnL Net: -0.0005 | Scaled: -0.0008 | Turnover: 15.68% | Vol Scale: 1.40
2026-03-23 16:15:51,843 - INFO - 
============================================================
2026-03-23 16:15:51,843 - INFO - Running paper trading for 2025-12-09
2026-03-23 16:15:51,843 - INFO - ============================================================
2026-03-23 16:15:51,844 - INFO - Portfolio construction: 38 longs, 2 shorts (from 38 candidates)
2026-03-23 16:15:51,844 - INFO - Vol targeting: rolling_vol=0.0607, scale=1.3183
2026-03-23 16:15:51,844 - INFO - PnL Net: 0.0068 | Scaled: 0.0089 | Turnover: 18.84% | Vol Scale: 1.32
2026-03-23 16:15:51,844 - INFO - 
============================================================
2026-03-23 16:15:51,844 - INFO - Running paper trading for 2025-12-10
2026-03-23 16:15:51,844 - INFO - ============================================================
2026-03-23 16:15:51,845 - WARNING - No negative predictions for shorts - skipping short positions
2026-03-23 16:15:51,845 - INFO - Portfolio construction: 38 longs, 0 shorts (from 38 candidates)
2026-03-23 16:15:51,846 - INFO - Vol targeting: rolling_vol=0.0675, scale=1.1847
2026-03-23 16:15:51,846 - INFO - PnL Net: 0.0096 | Scaled: 0.0114 | Turnover: 13.56% | Vol Scale: 1.18
2026-03-23 16:15:51,846 - INFO - 
============================================================
2026-03-23 16:15:51,846 - INFO - Running paper trading for 2025-12-11
2026-03-23 16:15:51,846 - INFO - ============================================================
2026-03-23 16:15:51,847 - INFO - Portfolio construction: 38 longs, 38 shorts (from 38 candidates)
2026-03-23 16:15:51,848 - INFO - Vol targeting: rolling_vol=0.0665, scale=1.2031
2026-03-23 16:15:51,848 - INFO - PnL Net: 0.0011 | Scaled: 0.0013 | Turnover: 17.58% | Vol Scale: 1.20
2026-03-23 16:15:51,848 - INFO - 
============================================================
2026-03-23 16:15:51,848 - INFO - Running paper trading for 2025-12-12
2026-03-23 16:15:51,848 - INFO - ============================================================
2026-03-23 16:15:51,849 - INFO - Portfolio construction: 38 longs, 38 shorts (from 38 candidates)
2026-03-23 16:15:51,849 - INFO - Vol targeting: rolling_vol=0.0646, scale=1.2379
2026-03-23 16:15:51,849 - INFO - PnL Net: 0.0020 | Scaled: 0.0025 | Turnover: 20.65% | Vol Scale: 1.24
2026-03-23 16:15:51,849 - INFO - 
============================================================
2026-03-23 16:15:51,849 - INFO - Running paper trading for 2025-12-15
2026-03-23 16:15:51,849 - INFO - ============================================================
2026-03-23 16:15:51,850 - INFO - Portfolio construction: 38 longs, 38 shorts (from 38 candidates)
2026-03-23 16:15:51,851 - INFO - Vol targeting: rolling_vol=0.0592, scale=1.3522
2026-03-23 16:15:51,851 - INFO - PnL Net: -0.0030 | Scaled: -0.0041 | Turnover: 19.78% | Vol Scale: 1.35
2026-03-23 16:15:51,851 - INFO - 
============================================================
2026-03-23 16:15:51,851 - INFO - Running paper trading for 2025-12-16
2026-03-23 16:15:51,851 - INFO - ============================================================
2026-03-23 16:15:51,852 - INFO - Portfolio construction: 38 longs, 38 shorts (from 38 candidates)
2026-03-23 16:15:51,852 - INFO - Vol targeting: rolling_vol=0.0591, scale=1.3527
2026-03-23 16:15:51,852 - INFO - PnL Net: -0.0011 | Scaled: -0.0014 | Turnover: 18.63% | Vol Scale: 1.35
2026-03-23 16:15:51,852 - INFO - 
============================================================
2026-03-23 16:15:51,853 - INFO - Running paper trading for 2025-12-17
2026-03-23 16:15:51,853 - INFO - ============================================================
2026-03-23 16:15:51,854 - INFO - Portfolio construction: 38 longs, 38 shorts (from 38 candidates)
2026-03-23 16:15:51,854 - INFO - Vol targeting: rolling_vol=0.0590, scale=1.3570
2026-03-23 16:15:51,854 - INFO - PnL Net: 0.0005 | Scaled: 0.0007 | Turnover: 18.11% | Vol Scale: 1.36
2026-03-23 16:15:51,854 - INFO - 
============================================================
2026-03-23 16:15:51,854 - INFO - Running paper trading for 2025-12-18
2026-03-23 16:15:51,854 - INFO - ============================================================
2026-03-23 16:15:51,855 - INFO - Portfolio construction: 38 longs, 38 shorts (from 38 candidates)
2026-03-23 16:15:51,855 - INFO - Vol targeting: rolling_vol=0.0538, scale=1.4865
2026-03-23 16:15:51,856 - INFO - PnL Net: 0.0014 | Scaled: 0.0021 | Turnover: 15.89% | Vol Scale: 1.49
2026-03-23 16:15:51,856 - INFO - 
============================================================
2026-03-23 16:15:51,856 - INFO - Running paper trading for 2025-12-19
2026-03-23 16:15:51,856 - INFO - ============================================================
2026-03-23 16:15:51,857 - INFO - Portfolio construction: 38 longs, 38 shorts (from 38 candidates)
2026-03-23 16:15:51,857 - INFO - Vol targeting: rolling_vol=0.0508, scale=1.5738
2026-03-23 16:15:51,857 - INFO - PnL Net: 0.0029 | Scaled: 0.0046 | Turnover: 15.26% | Vol Scale: 1.57
2026-03-23 16:15:51,857 - INFO - 
============================================================
2026-03-23 16:15:51,857 - INFO - Running paper trading for 2025-12-22
2026-03-23 16:15:51,857 - INFO - ============================================================
2026-03-23 16:15:51,858 - INFO - Portfolio construction: 38 longs, 38 shorts (from 38 candidates)
2026-03-23 16:15:51,859 - INFO - Vol targeting: rolling_vol=0.0516, scale=1.5517
2026-03-23 16:15:51,859 - INFO - PnL Net: -0.0009 | Scaled: -0.0014 | Turnover: 16.20% | Vol Scale: 1.55
2026-03-23 16:15:51,859 - INFO - 
============================================================
2026-03-23 16:15:51,859 - INFO - Running paper trading for 2025-12-23
2026-03-23 16:15:51,859 - INFO - ============================================================
2026-03-23 16:15:51,860 - INFO - Portfolio construction: 38 longs, 38 shorts (from 38 candidates)
2026-03-23 16:15:51,860 - INFO - Vol targeting: rolling_vol=0.0507, scale=1.5785
2026-03-23 16:15:51,860 - INFO - PnL Net: 0.0014 | Scaled: 0.0022 | Turnover: 18.49% | Vol Scale: 1.58
2026-03-23 16:15:51,860 - INFO - 
============================================================
2026-03-23 16:15:51,860 - INFO - Running paper trading for 2025-12-24
2026-03-23 16:15:51,860 - INFO - ============================================================
2026-03-23 16:15:51,861 - INFO - Portfolio construction: 38 longs, 38 shorts (from 38 candidates)
2026-03-23 16:15:51,862 - INFO - Vol targeting: rolling_vol=0.0504, scale=1.5889
2026-03-23 16:15:51,862 - INFO - PnL Net: 0.0005 | Scaled: 0.0008 | Turnover: 17.12% | Vol Scale: 1.59
2026-03-23 16:15:51,862 - INFO - 
============================================================
2026-03-23 16:15:51,862 - INFO - Running paper trading for 2025-12-26
2026-03-23 16:15:51,862 - INFO - ============================================================
2026-03-23 16:15:51,863 - INFO - Portfolio construction: 38 longs, 38 shorts (from 38 candidates)
2026-03-23 16:15:51,863 - INFO - Vol targeting: rolling_vol=0.0515, scale=1.5540
2026-03-23 16:15:51,863 - INFO - PnL Net: -0.0022 | Scaled: -0.0034 | Turnover: 16.78% | Vol Scale: 1.55
2026-03-23 16:15:51,863 - INFO - 
============================================================
2026-03-23 16:15:51,863 - INFO - Running paper trading for 2025-12-29
2026-03-23 16:15:51,863 - INFO - ============================================================
2026-03-23 16:15:51,864 - INFO - Portfolio construction: 38 longs, 38 shorts (from 38 candidates)
2026-03-23 16:15:51,865 - INFO - Vol targeting: rolling_vol=0.0514, scale=1.5572
2026-03-23 16:15:51,865 - INFO - PnL Net: -0.0006 | Scaled: -0.0009 | Turnover: 15.33% | Vol Scale: 1.56
2026-03-23 16:15:51,865 - INFO - 
============================================================
2026-03-23 16:15:51,865 - INFO - Running paper trading for 2026-02-06
2026-03-23 16:15:51,865 - INFO - ============================================================
2026-03-23 16:15:51,866 - INFO - Portfolio construction: 38 longs, 38 shorts (from 38 candidates)
2026-03-23 16:15:51,866 - INFO - Vol targeting: rolling_vol=0.0513, scale=1.5602
2026-03-23 16:15:51,866 - INFO - PnL Net: -0.0009 | Scaled: -0.0014 | Turnover: 21.13% | Vol Scale: 1.56
2026-03-23 16:15:51,866 - INFO - 
============================================================
2026-03-23 16:15:51,866 - INFO - Running paper trading for 2026-02-09
2026-03-23 16:15:51,866 - INFO - ============================================================
2026-03-23 16:15:51,868 - INFO - Portfolio construction: 38 longs, 38 shorts (from 38 candidates)
2026-03-23 16:15:51,868 - INFO - Vol targeting: rolling_vol=0.0485, scale=1.6506
2026-03-23 16:15:51,868 - INFO - PnL Net: -0.0001 | Scaled: -0.0001 | Turnover: 18.54% | Vol Scale: 1.65
2026-03-23 16:15:51,868 - INFO - 
============================================================
2026-03-23 16:15:51,868 - INFO - Running paper trading for 2026-02-10
2026-03-23 16:15:51,868 - INFO - ============================================================
2026-03-23 16:15:51,869 - INFO - Portfolio construction: 38 longs, 38 shorts (from 38 candidates)
2026-03-23 16:15:51,869 - INFO - Vol targeting: rolling_vol=0.0499, scale=1.6039
2026-03-23 16:15:51,869 - INFO - PnL Net: -0.0028 | Scaled: -0.0046 | Turnover: 16.26% | Vol Scale: 1.60
2026-03-23 16:15:51,870 - INFO - 
============================================================
2026-03-23 16:15:51,870 - INFO - Running paper trading for 2026-02-11
2026-03-23 16:15:51,870 - INFO - ============================================================
2026-03-23 16:15:51,871 - INFO - Portfolio construction: 38 longs, 38 shorts (from 38 candidates)
2026-03-23 16:15:51,871 - INFO - Vol targeting: rolling_vol=0.0606, scale=1.3194
2026-03-23 16:15:51,871 - INFO - PnL Net: -0.0095 | Scaled: -0.0125 | Turnover: 14.12% | Vol Scale: 1.32
2026-03-23 16:15:51,871 - INFO - 
============================================================
2026-03-23 16:15:51,871 - INFO - Running paper trading for 2026-02-12
2026-03-23 16:15:51,871 - INFO - ============================================================
2026-03-23 16:15:51,872 - INFO - Portfolio construction: 38 longs, 38 shorts (from 38 candidates)
2026-03-23 16:15:51,872 - INFO - Vol targeting: rolling_vol=0.0586, scale=1.3651
2026-03-23 16:15:51,873 - INFO - PnL Net: 0.0018 | Scaled: 0.0025 | Turnover: 12.15% | Vol Scale: 1.37
2026-03-23 16:15:51,873 - INFO - 
============================================================
2026-03-23 16:15:51,873 - INFO - Running paper trading for 2026-02-13
2026-03-23 16:15:51,873 - INFO - ============================================================
2026-03-23 16:15:51,874 - INFO - Portfolio construction: 38 longs, 38 shorts (from 38 candidates)
2026-03-23 16:15:51,874 - INFO - Vol targeting: rolling_vol=0.0585, scale=1.3670
2026-03-23 16:15:51,874 - INFO - PnL Net: 0.0002 | Scaled: 0.0003 | Turnover: 11.86% | Vol Scale: 1.37
2026-03-23 16:15:51,874 - INFO - 
============================================================
2026-03-23 16:15:51,874 - INFO - Running paper trading for 2026-02-17
2026-03-23 16:15:51,874 - INFO - ============================================================
2026-03-23 16:15:51,875 - INFO - Portfolio construction: 38 longs, 38 shorts (from 38 candidates)
2026-03-23 16:15:51,875 - INFO - Vol targeting: rolling_vol=0.0546, scale=1.4658
2026-03-23 16:15:51,875 - INFO - PnL Net: 0.0029 | Scaled: 0.0042 | Turnover: 10.41% | Vol Scale: 1.47
2026-03-23 16:15:51,875 - INFO - 
============================================================
2026-03-23 16:15:51,875 - INFO - Running paper trading for 2026-02-18
2026-03-23 16:15:51,875 - INFO - ============================================================
2026-03-23 16:15:51,877 - INFO - Portfolio construction: 38 longs, 38 shorts (from 38 candidates)
2026-03-23 16:15:51,877 - INFO - Vol targeting: rolling_vol=0.0428, scale=1.8675
2026-03-23 16:15:51,877 - INFO - PnL Net: -0.0022 | Scaled: -0.0041 | Turnover: 8.78% | Vol Scale: 1.87
2026-03-23 16:15:51,877 - INFO - 
============================================================
2026-03-23 16:15:51,877 - INFO - Running paper trading for 2026-02-19
2026-03-23 16:15:51,877 - INFO - ============================================================
2026-03-23 16:15:51,878 - INFO - Portfolio construction: 38 longs, 38 shorts (from 38 candidates)
2026-03-23 16:15:51,879 - INFO - Vol targeting: rolling_vol=0.0425, scale=1.8807
2026-03-23 16:15:51,879 - INFO - PnL Net: 0.0001 | Scaled: 0.0003 | Turnover: 7.95% | Vol Scale: 1.88
2026-03-23 16:15:51,879 - INFO - 
============================================================
2026-03-23 16:15:51,879 - INFO - Running paper trading for 2026-02-20
2026-03-23 16:15:51,879 - INFO - ============================================================
2026-03-23 16:15:51,880 - INFO - Portfolio construction: 38 longs, 38 shorts (from 38 candidates)
2026-03-23 16:15:51,880 - INFO - Vol targeting: rolling_vol=0.0467, scale=1.7140
2026-03-23 16:15:51,880 - INFO - PnL Net: -0.0068 | Scaled: -0.0116 | Turnover: 7.97% | Vol Scale: 1.71
2026-03-23 16:15:51,880 - INFO - 
============================================================
2026-03-23 16:15:51,880 - INFO - Running paper trading for 2026-02-23
2026-03-23 16:15:51,880 - INFO - ============================================================
2026-03-23 16:15:51,881 - INFO - Portfolio construction: 38 longs, 38 shorts (from 38 candidates)
2026-03-23 16:15:51,881 - INFO - Vol targeting: rolling_vol=0.0518, scale=1.5453
2026-03-23 16:15:51,881 - INFO - PnL Net: 0.0060 | Scaled: 0.0093 | Turnover: 7.07% | Vol Scale: 1.55
2026-03-23 16:15:51,881 - INFO - 
============================================================
2026-03-23 16:15:51,881 - INFO - Running paper trading for 2026-02-24
2026-03-23 16:15:51,881 - INFO - ============================================================
2026-03-23 16:15:51,882 - INFO - Portfolio construction: 38 longs, 38 shorts (from 38 candidates)
2026-03-23 16:15:51,883 - INFO - Vol targeting: rolling_vol=0.0565, scale=1.4169
2026-03-23 16:15:51,883 - INFO - PnL Net: 0.0061 | Scaled: 0.0087 | Turnover: 6.89% | Vol Scale: 1.42
2026-03-23 16:15:51,883 - INFO - 
============================================================
2026-03-23 16:15:51,883 - INFO - Running paper trading for 2026-02-25
2026-03-23 16:15:51,883 - INFO - ============================================================
2026-03-23 16:15:51,884 - INFO - Portfolio construction: 38 longs, 38 shorts (from 38 candidates)
2026-03-23 16:15:51,884 - INFO - Vol targeting: rolling_vol=0.0566, scale=1.4144
2026-03-23 16:15:51,884 - INFO - PnL Net: -0.0013 | Scaled: -0.0018 | Turnover: 6.04% | Vol Scale: 1.41
2026-03-23 16:15:51,884 - INFO - 
============================================================
2026-03-23 16:15:51,884 - INFO - Running paper trading for 2026-02-26
2026-03-23 16:15:51,884 - INFO - ============================================================
2026-03-23 16:15:51,885 - INFO - Portfolio construction: 38 longs, 38 shorts (from 38 candidates)
2026-03-23 16:15:51,886 - INFO - Vol targeting: rolling_vol=0.0588, scale=1.3597
2026-03-23 16:15:51,886 - INFO - PnL Net: -0.0052 | Scaled: -0.0071 | Turnover: 5.70% | Vol Scale: 1.36
2026-03-23 16:15:51,886 - INFO - 
============================================================
2026-03-23 16:15:51,886 - INFO - Running paper trading for 2026-02-27
2026-03-23 16:15:51,886 - INFO - ============================================================
2026-03-23 16:15:51,887 - INFO - Portfolio construction: 38 longs, 38 shorts (from 38 candidates)
2026-03-23 16:15:51,888 - INFO - Vol targeting: rolling_vol=0.0578, scale=1.3844
2026-03-23 16:15:51,888 - INFO - PnL Net: -0.0023 | Scaled: -0.0032 | Turnover: 5.32% | Vol Scale: 1.38
2026-03-23 16:15:51,888 - INFO - 
============================================================
2026-03-23 16:15:51,888 - INFO - Running paper trading for 2026-03-02
2026-03-23 16:15:51,888 - INFO - ============================================================
2026-03-23 16:15:51,889 - INFO - Portfolio construction: 38 longs, 38 shorts (from 38 candidates)
2026-03-23 16:15:51,889 - INFO - Vol targeting: rolling_vol=0.0580, scale=1.3792
2026-03-23 16:15:51,889 - INFO - PnL Net: -0.0022 | Scaled: -0.0031 | Turnover: 5.00% | Vol Scale: 1.38
2026-03-23 16:15:51,889 - INFO - 
============================================================
2026-03-23 16:15:51,889 - INFO - Running paper trading for 2026-03-03
2026-03-23 16:15:51,889 - INFO - ============================================================
2026-03-23 16:15:51,890 - INFO - Portfolio construction: 38 longs, 38 shorts (from 38 candidates)
2026-03-23 16:15:51,890 - INFO - Vol targeting: rolling_vol=0.0602, scale=1.3294
2026-03-23 16:15:51,890 - INFO - PnL Net: 0.0042 | Scaled: 0.0056 | Turnover: 5.60% | Vol Scale: 1.33
2026-03-23 16:15:51,890 - INFO - 
============================================================
2026-03-23 16:15:51,890 - INFO - Running paper trading for 2026-03-04
2026-03-23 16:15:51,890 - INFO - ============================================================
2026-03-23 16:15:51,892 - INFO - Portfolio construction: 38 longs, 38 shorts (from 38 candidates)
2026-03-23 16:15:51,892 - INFO - Vol targeting: rolling_vol=0.0613, scale=1.3057
2026-03-23 16:15:51,892 - INFO - PnL Net: 0.0028 | Scaled: 0.0037 | Turnover: 4.87% | Vol Scale: 1.31
2026-03-23 16:15:51,892 - INFO - 
============================================================
2026-03-23 16:15:51,892 - INFO - Running paper trading for 2026-03-05
2026-03-23 16:15:51,892 - INFO - ============================================================
2026-03-23 16:15:51,893 - INFO - Portfolio construction: 38 longs, 38 shorts (from 38 candidates)
2026-03-23 16:15:51,893 - INFO - Vol targeting: rolling_vol=0.0623, scale=1.2832
2026-03-23 16:15:51,893 - INFO - PnL Net: -0.0042 | Scaled: -0.0054 | Turnover: 4.08% | Vol Scale: 1.28
2026-03-23 16:15:51,894 - INFO - 
============================================================
2026-03-23 16:15:51,894 - INFO - Running paper trading for 2026-03-06
2026-03-23 16:15:51,894 - INFO - ============================================================
2026-03-23 16:15:51,895 - INFO - Portfolio construction: 38 longs, 38 shorts (from 38 candidates)
2026-03-23 16:15:51,895 - INFO - Vol targeting: rolling_vol=0.0625, scale=1.2798
2026-03-23 16:15:51,895 - INFO - PnL Net: 0.0006 | Scaled: 0.0008 | Turnover: 4.68% | Vol Scale: 1.28
2026-03-23 16:15:51,895 - INFO - 
============================================================
2026-03-23 16:15:51,895 - INFO - Running paper trading for 2026-03-09
2026-03-23 16:15:51,895 - INFO - ============================================================
2026-03-23 16:15:51,896 - INFO - Portfolio construction: 38 longs, 38 shorts (from 38 candidates)
2026-03-23 16:15:51,896 - INFO - Vol targeting: rolling_vol=0.0625, scale=1.2793
2026-03-23 16:15:51,896 - INFO - PnL Net: -0.0000 | Scaled: -0.0001 | Turnover: 5.24% | Vol Scale: 1.28
2026-03-23 16:15:51,897 - INFO - 
============================================================
2026-03-23 16:15:51,897 - INFO - Running paper trading for 2026-03-10
2026-03-23 16:15:51,897 - INFO - ============================================================
2026-03-23 16:15:51,898 - INFO - Portfolio construction: 38 longs, 38 shorts (from 38 candidates)
2026-03-23 16:15:51,898 - INFO - Vol targeting: rolling_vol=0.0630, scale=1.2696
2026-03-23 16:15:51,898 - INFO - PnL Net: 0.0017 | Scaled: 0.0021 | Turnover: 5.32% | Vol Scale: 1.27
2026-03-23 16:15:51,899 - INFO - 
============================================================
2026-03-23 16:15:51,899 - INFO - Running paper trading for 2026-03-11
2026-03-23 16:15:51,899 - INFO - ============================================================
2026-03-23 16:15:51,900 - INFO - Portfolio construction: 38 longs, 38 shorts (from 38 candidates)
2026-03-23 16:15:51,900 - INFO - Vol targeting: rolling_vol=0.0673, scale=1.1884
2026-03-23 16:15:51,900 - INFO - PnL Net: -0.0077 | Scaled: -0.0091 | Turnover: 5.08% | Vol Scale: 1.19
2026-03-23 16:15:51,900 - INFO - 
============================================================
2026-03-23 16:15:51,900 - INFO - Running paper trading for 2026-03-12
2026-03-23 16:15:51,900 - INFO - ============================================================
2026-03-23 16:15:51,901 - INFO - Portfolio construction: 38 longs, 38 shorts (from 38 candidates)
2026-03-23 16:15:51,901 - INFO - Vol targeting: rolling_vol=0.0614, scale=1.3024
2026-03-23 16:15:51,901 - INFO - PnL Net: -0.0048 | Scaled: -0.0063 | Turnover: 5.04% | Vol Scale: 1.30
2026-03-23 16:15:51,901 - INFO - 
============================================================
2026-03-23 16:15:51,902 - INFO - Running paper trading for 2026-03-13
2026-03-23 16:15:51,902 - INFO - ============================================================
2026-03-23 16:15:51,903 - INFO - Portfolio construction: 38 longs, 38 shorts (from 38 candidates)
2026-03-23 16:15:51,903 - INFO - Vol targeting: rolling_vol=0.0634, scale=1.2617
2026-03-23 16:15:51,903 - INFO - PnL Net: 0.0045 | Scaled: 0.0057 | Turnover: 4.73% | Vol Scale: 1.26
2026-03-23 16:15:51,903 - INFO - 
============================================================
2026-03-23 16:15:51,903 - INFO - Running paper trading for 2026-03-16
2026-03-23 16:15:51,903 - INFO - ============================================================
2026-03-23 16:15:51,904 - INFO - Portfolio construction: 38 longs, 38 shorts (from 38 candidates)
2026-03-23 16:15:51,904 - INFO - Vol targeting: rolling_vol=0.0641, scale=1.2475
2026-03-23 16:15:51,904 - INFO - PnL Net: 0.0024 | Scaled: 0.0030 | Turnover: 5.09% | Vol Scale: 1.25
2026-03-23 16:15:51,904 - INFO - 
============================================================
2026-03-23 16:15:51,905 - INFO - Running paper trading for 2026-03-17
2026-03-23 16:15:51,905 - INFO - ============================================================
2026-03-23 16:15:51,906 - INFO - Portfolio construction: 38 longs, 38 shorts (from 38 candidates)
2026-03-23 16:15:51,906 - INFO - Vol targeting: rolling_vol=0.0645, scale=1.2410
2026-03-23 16:15:51,907 - INFO - PnL Net: -0.0042 | Scaled: -0.0053 | Turnover: 5.63% | Vol Scale: 1.24
2026-03-23 16:15:51,907 - INFO - 
============================================================
2026-03-23 16:15:51,907 - INFO - Running paper trading for 2026-03-18
2026-03-23 16:15:51,907 - INFO - ============================================================
2026-03-23 16:15:51,908 - INFO - Portfolio construction: 38 longs, 38 shorts (from 38 candidates)
2026-03-23 16:15:51,908 - INFO - Vol targeting: rolling_vol=0.0646, scale=1.2393
2026-03-23 16:15:51,908 - INFO - PnL Net: 0.0014 | Scaled: 0.0017 | Turnover: 5.42% | Vol Scale: 1.24
2026-03-23 16:15:51,908 - INFO - 
============================================================
2026-03-23 16:15:51,908 - INFO - Running paper trading for 2026-03-19
2026-03-23 16:15:51,908 - INFO - ============================================================
2026-03-23 16:15:51,909 - INFO - Portfolio construction: 38 longs, 38 shorts (from 38 candidates)
2026-03-23 16:15:51,909 - INFO - Vol targeting: rolling_vol=0.0659, scale=1.2140
2026-03-23 16:15:51,910 - INFO - PnL Net: -0.0044 | Scaled: -0.0053 | Turnover: 5.24% | Vol Scale: 1.21
2026-03-23 16:15:51,910 - INFO - 
============================================================
2026-03-23 16:15:51,910 - INFO - Running paper trading for 2026-03-20
2026-03-23 16:15:51,910 - INFO - ============================================================
2026-03-23 16:15:51,911 - INFO - Portfolio construction: 38 longs, 38 shorts (from 38 candidates)
2026-03-23 16:15:51,911 - INFO - Vol targeting: rolling_vol=0.0659, scale=1.2140
2026-03-23 16:15:51,911 - INFO - PnL Net: 0.0061 | Scaled: 0.0074 | Turnover: 6.22% | Vol Scale: 1.21
2026-03-23 16:15:51,914 - INFO - Saved daily results to C:\Users\luixj\AI\stock-data\data\processed\phase4\phase4_paper_trading_daily.parquet
2026-03-23 16:15:51,914 - INFO - Saved summary to C:\Users\luixj\AI\stock-data\data\processed\phase4\phase4_paper_trading_summary.json
2026-03-23 16:15:51,914 - INFO - 
============================================================
2026-03-23 16:15:51,914 - INFO - PAPER TRADING SUMMARY
2026-03-23 16:15:51,914 - INFO - ============================================================
2026-03-23 16:15:51,914 - INFO - Trading Days: 218
2026-03-23 16:15:51,914 - INFO - 
RAW PERFORMANCE (no vol targeting):
2026-03-23 16:15:51,914 - INFO -   Sharpe Ratio: 0.87
2026-03-23 16:15:51,915 - INFO -   Annual Return: 6.20%
2026-03-23 16:15:51,915 - INFO -   Volatility: 7.16%
2026-03-23 16:15:51,915 - INFO - 
VOL-TARGETED PERFORMANCE:
2026-03-23 16:15:51,915 - INFO -   Sharpe Ratio: 0.72
2026-03-23 16:15:51,915 - INFO -   Annual Return: 6.40%
2026-03-23 16:15:51,915 - INFO -   Volatility: 8.89%
2026-03-23 16:15:51,915 - INFO - 
RISK METRICS:
2026-03-23 16:15:51,915 - INFO -   Max Drawdown: -4.72%
2026-03-23 16:15:51,915 - INFO -   Long Sharpe: 0.29
2026-03-23 16:15:51,915 - INFO -   Short Sharpe: 1.02
2026-03-23 16:15:51,915 - INFO - 
EXECUTION:
2026-03-23 16:15:51,915 - INFO -   Avg Turnover: 16.73%
2026-03-23 16:15:51,915 - INFO -   Avg Cost: 0.4 bps
2026-03-23 16:15:51,915 - INFO - 
KILL SWITCHES:
2026-03-23 16:15:51,915 - INFO -   Events: 15 (6.9% of days)
2026-03-23 16:15:51,915 - INFO - ============================================================
2026-03-23 16:15:51,915 - INFO - Simulation complete: 218 days | Sharpe(scaled)=0.72 | MaxDD=-4.7%
2026-03-23 16:15:52,313 - INFO - ============================================================
2026-03-23 16:15:52,313 - INFO - STEP 6: Syncing Qdrant
2026-03-23 16:15:52,313 - INFO - ============================================================
2026-03-23 16:15:52,703 - INFO - HTTP Request: GET http://localhost:6333 "HTTP/1.1 200 OK"
2026-03-23 16:15:52,711 - INFO - HTTP Request: GET http://localhost:6333/collections/stock_recommendations "HTTP/1.1 200 OK"
2026-03-23 16:15:52,712 - INFO - Collection 'stock_recommendations' already exists.
2026-03-23 16:15:52,714 - INFO - HTTP Request: GET http://localhost:6333/collections/trading_results "HTTP/1.1 200 OK"
2026-03-23 16:15:52,714 - INFO - Collection 'trading_results' already exists.
2026-03-23 16:15:52,716 - INFO - HTTP Request: GET http://localhost:6333/collections/performance_metrics "HTTP/1.1 200 OK"
2026-03-23 16:15:52,716 - INFO - Collection 'performance_metrics' already exists.
2026-03-23 16:15:52,719 - INFO - HTTP Request: GET http://localhost:6333/collections/daily_trade_strategies "HTTP/1.1 200 OK"
2026-03-23 16:15:52,719 - INFO - Collection 'daily_trade_strategies' already exists.
2026-03-23 16:15:52,738 - INFO - HTTP Request: POST http://localhost:6333/collections/stock_recommendations/points/delete?wait=true "HTTP/1.1 200 OK"
2026-03-23 16:15:52,740 - INFO - Cleared 'stock_recommendations'.
2026-03-23 16:15:52,742 - INFO - HTTP Request: POST http://localhost:6333/collections/trading_results/points/delete?wait=true "HTTP/1.1 200 OK"
2026-03-23 16:15:52,743 - INFO - Cleared 'trading_results'.
2026-03-23 16:15:52,747 - INFO - HTTP Request: POST http://localhost:6333/collections/performance_metrics/points/delete?wait=true "HTTP/1.1 200 OK"
2026-03-23 16:15:52,747 - INFO - Cleared 'performance_metrics'.
2026-03-23 16:15:52,772 - INFO - HTTP Request: POST http://localhost:6333/collections/daily_trade_strategies/points/delete?wait=true "HTTP/1.1 200 OK"
2026-03-23 16:15:52,773 - INFO - Cleared 'daily_trade_strategies'.
2026-03-23 16:15:52,781 - INFO - HTTP Request: PUT http://localhost:6333/collections/stock_recommendations/points?wait=true "HTTP/1.1 200 OK"
2026-03-23 16:15:52,808 - INFO - HTTP Request: PUT http://localhost:6333/collections/daily_trade_strategies/points?wait=true "HTTP/1.1 200 OK"
2026-03-23 16:15:52,812 - INFO - HTTP Request: PUT http://localhost:6333/collections/trading_results/points?wait=true "HTTP/1.1 200 OK"
2026-03-23 16:15:52,819 - INFO - HTTP Request: PUT http://localhost:6333/collections/stock_recommendations/points?wait=true "HTTP/1.1 200 OK"
2026-03-23 16:15:52,845 - INFO - HTTP Request: PUT http://localhost:6333/collections/daily_trade_strategies/points?wait=true "HTTP/1.1 200 OK"
2026-03-23 16:15:52,848 - INFO - HTTP Request: PUT http://localhost:6333/collections/trading_results/points?wait=true "HTTP/1.1 200 OK"
2026-03-23 16:15:52,854 - INFO - HTTP Request: PUT http://localhost:6333/collections/stock_recommendations/points?wait=true "HTTP/1.1 200 OK"
2026-03-23 16:15:52,881 - INFO - HTTP Request: PUT http://localhost:6333/collections/daily_trade_strategies/points?wait=true "HTTP/1.1 200 OK"
2026-03-23 16:15:52,884 - INFO - HTTP Request: PUT http://localhost:6333/collections/trading_results/points?wait=true "HTTP/1.1 200 OK"
2026-03-23 16:15:52,890 - INFO - HTTP Request: PUT http://localhost:6333/collections/stock_recommendations/points?wait=true "HTTP/1.1 200 OK"
2026-03-23 16:15:52,985 - INFO - HTTP Request: PUT http://localhost:6333/collections/daily_trade_strategies/points?wait=true "HTTP/1.1 200 OK"
2026-03-23 16:15:52,990 - INFO - HTTP Request: PUT http://localhost:6333/collections/trading_results/points?wait=true "HTTP/1.1 200 OK"
2026-03-23 16:15:52,997 - INFO - HTTP Request: PUT http://localhost:6333/collections/stock_recommendations/points?wait=true "HTTP/1.1 200 OK"
2026-03-23 16:15:53,033 - INFO - HTTP Request: PUT http://localhost:6333/collections/daily_trade_strategies/points?wait=true "HTTP/1.1 200 OK"
2026-03-23 16:15:53,036 - INFO - HTTP Request: PUT http://localhost:6333/collections/trading_results/points?wait=true "HTTP/1.1 200 OK"
2026-03-23 16:15:53,044 - INFO - HTTP Request: PUT http://localhost:6333/collections/stock_recommendations/points?wait=true "HTTP/1.1 200 OK"
2026-03-23 16:15:53,073 - INFO - HTTP Request: PUT http://localhost:6333/collections/daily_trade_strategies/points?wait=true "HTTP/1.1 200 OK"
2026-03-23 16:15:53,077 - INFO - HTTP Request: PUT http://localhost:6333/collections/trading_results/points?wait=true "HTTP/1.1 200 OK"
2026-03-23 16:15:53,084 - INFO - HTTP Request: PUT http://localhost:6333/collections/stock_recommendations/points?wait=true "HTTP/1.1 200 OK"
2026-03-23 16:15:53,126 - INFO - HTTP Request: PUT http://localhost:6333/collections/daily_trade_strategies/points?wait=true "HTTP/1.1 200 OK"
2026-03-23 16:15:53,129 - INFO - HTTP Request: PUT http://localhost:6333/collections/trading_results/points?wait=true "HTTP/1.1 200 OK"
2026-03-23 16:15:53,137 - INFO - HTTP Request: PUT http://localhost:6333/collections/stock_recommendations/points?wait=true "HTTP/1.1 200 OK"
2026-03-23 16:15:53,171 - INFO - HTTP Request: PUT http://localhost:6333/collections/daily_trade_strategies/points?wait=true "HTTP/1.1 200 OK"
2026-03-23 16:15:53,174 - INFO - HTTP Request: PUT http://localhost:6333/collections/trading_results/points?wait=true "HTTP/1.1 200 OK"
2026-03-23 16:15:53,180 - INFO - HTTP Request: PUT http://localhost:6333/collections/stock_recommendations/points?wait=true "HTTP/1.1 200 OK"
2026-03-23 16:15:53,205 - INFO - HTTP Request: PUT http://localhost:6333/collections/daily_trade_strategies/points?wait=true "HTTP/1.1 200 OK"
2026-03-23 16:15:53,208 - INFO - HTTP Request: PUT http://localhost:6333/collections/trading_results/points?wait=true "HTTP/1.1 200 OK"
2026-03-23 16:15:53,215 - INFO - HTTP Request: PUT http://localhost:6333/collections/stock_recommendations/points?wait=true "HTTP/1.1 200 OK"
2026-03-23 16:15:53,265 - INFO - HTTP Request: PUT http://localhost:6333/collections/daily_trade_strategies/points?wait=true "HTTP/1.1 200 OK"
2026-03-23 16:15:53,280 - INFO - HTTP Request: PUT http://localhost:6333/collections/trading_results/points?wait=true "HTTP/1.1 200 OK"
2026-03-23 16:15:53,296 - INFO - HTTP Request: PUT http://localhost:6333/collections/stock_recommendations/points?wait=true "HTTP/1.1 200 OK"
2026-03-23 16:15:53,323 - INFO - HTTP Request: PUT http://localhost:6333/collections/daily_trade_strategies/points?wait=true "HTTP/1.1 200 OK"
2026-03-23 16:15:53,329 - INFO - HTTP Request: PUT http://localhost:6333/collections/trading_results/points?wait=true "HTTP/1.1 200 OK"
2026-03-23 16:15:53,337 - INFO - HTTP Request: PUT http://localhost:6333/collections/stock_recommendations/points?wait=true "HTTP/1.1 200 OK"
2026-03-23 16:15:53,364 - INFO - HTTP Request: PUT http://localhost:6333/collections/daily_trade_strategies/points?wait=true "HTTP/1.1 200 OK"
2026-03-23 16:15:53,368 - INFO - HTTP Request: PUT http://localhost:6333/collections/trading_results/points?wait=true "HTTP/1.1 200 OK"
2026-03-23 16:15:53,376 - INFO - HTTP Request: PUT http://localhost:6333/collections/stock_recommendations/points?wait=true "HTTP/1.1 200 OK"
2026-03-23 16:15:53,421 - INFO - HTTP Request: PUT http://localhost:6333/collections/daily_trade_strategies/points?wait=true "HTTP/1.1 200 OK"
2026-03-23 16:15:53,425 - INFO - HTTP Request: PUT http://localhost:6333/collections/trading_results/points?wait=true "HTTP/1.1 200 OK"
2026-03-23 16:15:53,431 - INFO - HTTP Request: PUT http://localhost:6333/collections/stock_recommendations/points?wait=true "HTTP/1.1 200 OK"
2026-03-23 16:15:53,458 - INFO - HTTP Request: PUT http://localhost:6333/collections/daily_trade_strategies/points?wait=true "HTTP/1.1 200 OK"
2026-03-23 16:15:53,461 - INFO - HTTP Request: PUT http://localhost:6333/collections/trading_results/points?wait=true "HTTP/1.1 200 OK"
2026-03-23 16:15:53,469 - INFO - HTTP Request: PUT http://localhost:6333/collections/stock_recommendations/points?wait=true "HTTP/1.1 200 OK"
2026-03-23 16:15:53,494 - INFO - HTTP Request: PUT http://localhost:6333/collections/daily_trade_strategies/points?wait=true "HTTP/1.1 200 OK"
2026-03-23 16:15:53,497 - INFO - HTTP Request: PUT http://localhost:6333/collections/trading_results/points?wait=true "HTTP/1.1 200 OK"
2026-03-23 16:15:53,503 - INFO - HTTP Request: PUT http://localhost:6333/collections/stock_recommendations/points?wait=true "HTTP/1.1 200 OK"
2026-03-23 16:15:53,528 - INFO - HTTP Request: PUT http://localhost:6333/collections/daily_trade_strategies/points?wait=true "HTTP/1.1 200 OK"
2026-03-23 16:15:53,531 - INFO - HTTP Request: PUT http://localhost:6333/collections/trading_results/points?wait=true "HTTP/1.1 200 OK"
2026-03-23 16:15:53,538 - INFO - HTTP Request: PUT http://localhost:6333/collections/stock_recommendations/points?wait=true "HTTP/1.1 200 OK"
2026-03-23 16:15:53,575 - INFO - HTTP Request: PUT http://localhost:6333/collections/daily_trade_strategies/points?wait=true "HTTP/1.1 200 OK"
2026-03-23 16:15:53,579 - INFO - HTTP Request: PUT http://localhost:6333/collections/trading_results/points?wait=true "HTTP/1.1 200 OK"
2026-03-23 16:15:53,585 - INFO - HTTP Request: PUT http://localhost:6333/collections/stock_recommendations/points?wait=true "HTTP/1.1 200 OK"
2026-03-23 16:15:53,611 - INFO - HTTP Request: PUT http://localhost:6333/collections/daily_trade_strategies/points?wait=true "HTTP/1.1 200 OK"
2026-03-23 16:15:53,614 - INFO - HTTP Request: PUT http://localhost:6333/collections/trading_results/points?wait=true "HTTP/1.1 200 OK"
2026-03-23 16:15:53,638 - INFO - HTTP Request: PUT http://localhost:6333/collections/stock_recommendations/points?wait=true "HTTP/1.1 200 OK"
2026-03-23 16:15:53,664 - INFO - HTTP Request: PUT http://localhost:6333/collections/daily_trade_strategies/points?wait=true "HTTP/1.1 200 OK"
2026-03-23 16:15:53,667 - INFO - HTTP Request: PUT http://localhost:6333/collections/trading_results/points?wait=true "HTTP/1.1 200 OK"
2026-03-23 16:15:53,677 - INFO - HTTP Request: PUT http://localhost:6333/collections/stock_recommendations/points?wait=true "HTTP/1.1 200 OK"
2026-03-23 16:15:53,706 - INFO - HTTP Request: PUT http://localhost:6333/collections/daily_trade_strategies/points?wait=true "HTTP/1.1 200 OK"
2026-03-23 16:15:53,713 - INFO - HTTP Request: PUT http://localhost:6333/collections/trading_results/points?wait=true "HTTP/1.1 200 OK"
2026-03-23 16:15:53,720 - INFO - HTTP Request: PUT http://localhost:6333/collections/stock_recommendations/points?wait=true "HTTP/1.1 200 OK"
2026-03-23 16:15:53,748 - INFO - HTTP Request: PUT http://localhost:6333/collections/daily_trade_strategies/points?wait=true "HTTP/1.1 200 OK"
2026-03-23 16:15:53,752 - INFO - HTTP Request: PUT http://localhost:6333/collections/trading_results/points?wait=true "HTTP/1.1 200 OK"
2026-03-23 16:15:53,758 - INFO - HTTP Request: PUT http://localhost:6333/collections/stock_recommendations/points?wait=true "HTTP/1.1 200 OK"
2026-03-23 16:15:53,784 - INFO - HTTP Request: PUT http://localhost:6333/collections/daily_trade_strategies/points?wait=true "HTTP/1.1 200 OK"
2026-03-23 16:15:53,786 - INFO - HTTP Request: PUT http://localhost:6333/collections/trading_results/points?wait=true "HTTP/1.1 200 OK"
2026-03-23 16:15:53,809 - INFO - HTTP Request: PUT http://localhost:6333/collections/stock_recommendations/points?wait=true "HTTP/1.1 200 OK"
2026-03-23 16:15:53,855 - INFO - HTTP Request: PUT http://localhost:6333/collections/daily_trade_strategies/points?wait=true "HTTP/1.1 200 OK"
2026-03-23 16:15:53,859 - INFO - HTTP Request: PUT http://localhost:6333/collections/trading_results/points?wait=true "HTTP/1.1 200 OK"
2026-03-23 16:15:53,866 - INFO - HTTP Request: PUT http://localhost:6333/collections/stock_recommendations/points?wait=true "HTTP/1.1 200 OK"
2026-03-23 16:15:53,903 - INFO - HTTP Request: PUT http://localhost:6333/collections/daily_trade_strategies/points?wait=true "HTTP/1.1 200 OK"
2026-03-23 16:15:53,906 - INFO - HTTP Request: PUT http://localhost:6333/collections/trading_results/points?wait=true "HTTP/1.1 200 OK"
2026-03-23 16:15:53,912 - INFO - HTTP Request: PUT http://localhost:6333/collections/stock_recommendations/points?wait=true "HTTP/1.1 200 OK"
2026-03-23 16:15:53,938 - INFO - HTTP Request: PUT http://localhost:6333/collections/daily_trade_strategies/points?wait=true "HTTP/1.1 200 OK"
2026-03-23 16:15:53,964 - INFO - HTTP Request: PUT http://localhost:6333/collections/trading_results/points?wait=true "HTTP/1.1 200 OK"
2026-03-23 16:15:53,970 - INFO - HTTP Request: PUT http://localhost:6333/collections/stock_recommendations/points?wait=true "HTTP/1.1 200 OK"
2026-03-23 16:15:53,996 - INFO - HTTP Request: PUT http://localhost:6333/collections/daily_trade_strategies/points?wait=true "HTTP/1.1 200 OK"
2026-03-23 16:15:53,999 - INFO - HTTP Request: PUT http://localhost:6333/collections/trading_results/points?wait=true "HTTP/1.1 200 OK"
2026-03-23 16:15:54,027 - INFO - HTTP Request: PUT http://localhost:6333/collections/stock_recommendations/points?wait=true "HTTP/1.1 200 OK"
2026-03-23 16:15:54,051 - INFO - HTTP Request: PUT http://localhost:6333/collections/daily_trade_strategies/points?wait=true "HTTP/1.1 200 OK"
2026-03-23 16:15:54,054 - INFO - HTTP Request: PUT http://localhost:6333/collections/trading_results/points?wait=true "HTTP/1.1 200 OK"
2026-03-23 16:15:54,074 - INFO - HTTP Request: PUT http://localhost:6333/collections/stock_recommendations/points?wait=true "HTTP/1.1 200 OK"
2026-03-23 16:15:54,099 - INFO - HTTP Request: PUT http://localhost:6333/collections/daily_trade_strategies/points?wait=true "HTTP/1.1 200 OK"
2026-03-23 16:15:54,103 - INFO - HTTP Request: PUT http://localhost:6333/collections/trading_results/points?wait=true "HTTP/1.1 200 OK"
2026-03-23 16:15:54,111 - INFO - HTTP Request: PUT http://localhost:6333/collections/stock_recommendations/points?wait=true "HTTP/1.1 200 OK"
2026-03-23 16:15:54,138 - INFO - HTTP Request: PUT http://localhost:6333/collections/daily_trade_strategies/points?wait=true "HTTP/1.1 200 OK"
2026-03-23 16:15:54,142 - INFO - HTTP Request: PUT http://localhost:6333/collections/trading_results/points?wait=true "HTTP/1.1 200 OK"
2026-03-23 16:15:54,150 - INFO - HTTP Request: PUT http://localhost:6333/collections/stock_recommendations/points?wait=true "HTTP/1.1 200 OK"
2026-03-23 16:15:54,177 - INFO - HTTP Request: PUT http://localhost:6333/collections/daily_trade_strategies/points?wait=true "HTTP/1.1 200 OK"
2026-03-23 16:15:54,180 - INFO - HTTP Request: PUT http://localhost:6333/collections/trading_results/points?wait=true "HTTP/1.1 200 OK"
2026-03-23 16:15:54,198 - INFO - HTTP Request: PUT http://localhost:6333/collections/stock_recommendations/points?wait=true "HTTP/1.1 200 OK"
2026-03-23 16:15:54,224 - INFO - HTTP Request: PUT http://localhost:6333/collections/daily_trade_strategies/points?wait=true "HTTP/1.1 200 OK"
2026-03-23 16:15:54,228 - INFO - HTTP Request: PUT http://localhost:6333/collections/trading_results/points?wait=true "HTTP/1.1 200 OK"
2026-03-23 16:15:54,235 - INFO - HTTP Request: PUT http://localhost:6333/collections/stock_recommendations/points?wait=true "HTTP/1.1 200 OK"
2026-03-23 16:15:54,261 - INFO - HTTP Request: PUT http://localhost:6333/collections/daily_trade_strategies/points?wait=true "HTTP/1.1 200 OK"
2026-03-23 16:15:54,263 - INFO - HTTP Request: PUT http://localhost:6333/collections/trading_results/points?wait=true "HTTP/1.1 200 OK"
2026-03-23 16:15:54,271 - INFO - HTTP Request: PUT http://localhost:6333/collections/stock_recommendations/points?wait=true "HTTP/1.1 200 OK"
2026-03-23 16:15:54,297 - INFO - HTTP Request: PUT http://localhost:6333/collections/daily_trade_strategies/points?wait=true "HTTP/1.1 200 OK"
2026-03-23 16:15:54,300 - INFO - HTTP Request: PUT http://localhost:6333/collections/trading_results/points?wait=true "HTTP/1.1 200 OK"
2026-03-23 16:15:54,308 - INFO - HTTP Request: PUT http://localhost:6333/collections/stock_recommendations/points?wait=true "HTTP/1.1 200 OK"
2026-03-23 16:15:54,335 - INFO - HTTP Request: PUT http://localhost:6333/collections/daily_trade_strategies/points?wait=true "HTTP/1.1 200 OK"
2026-03-23 16:15:54,339 - INFO - HTTP Request: PUT http://localhost:6333/collections/trading_results/points?wait=true "HTTP/1.1 200 OK"
2026-03-23 16:15:54,347 - INFO - HTTP Request: PUT http://localhost:6333/collections/stock_recommendations/points?wait=true "HTTP/1.1 200 OK"
2026-03-23 16:15:54,372 - INFO - HTTP Request: PUT http://localhost:6333/collections/daily_trade_strategies/points?wait=true "HTTP/1.1 200 OK"
2026-03-23 16:15:54,375 - INFO - HTTP Request: PUT http://localhost:6333/collections/trading_results/points?wait=true "HTTP/1.1 200 OK"
2026-03-23 16:15:54,401 - INFO - HTTP Request: PUT http://localhost:6333/collections/stock_recommendations/points?wait=true "HTTP/1.1 200 OK"
2026-03-23 16:15:54,427 - INFO - HTTP Request: PUT http://localhost:6333/collections/daily_trade_strategies/points?wait=true "HTTP/1.1 200 OK"
2026-03-23 16:15:54,430 - INFO - HTTP Request: PUT http://localhost:6333/collections/trading_results/points?wait=true "HTTP/1.1 200 OK"
2026-03-23 16:15:54,437 - INFO - HTTP Request: PUT http://localhost:6333/collections/stock_recommendations/points?wait=true "HTTP/1.1 200 OK"
2026-03-23 16:15:54,481 - INFO - HTTP Request: PUT http://localhost:6333/collections/daily_trade_strategies/points?wait=true "HTTP/1.1 200 OK"
2026-03-23 16:15:54,484 - INFO - HTTP Request: PUT http://localhost:6333/collections/trading_results/points?wait=true "HTTP/1.1 200 OK"
2026-03-23 16:15:54,491 - INFO - HTTP Request: PUT http://localhost:6333/collections/stock_recommendations/points?wait=true "HTTP/1.1 200 OK"
2026-03-23 16:15:54,516 - INFO - HTTP Request: PUT http://localhost:6333/collections/daily_trade_strategies/points?wait=true "HTTP/1.1 200 OK"
2026-03-23 16:15:54,519 - INFO - HTTP Request: PUT http://localhost:6333/collections/trading_results/points?wait=true "HTTP/1.1 200 OK"
2026-03-23 16:15:54,526 - INFO - HTTP Request: PUT http://localhost:6333/collections/stock_recommendations/points?wait=true "HTTP/1.1 200 OK"
2026-03-23 16:15:54,553 - INFO - HTTP Request: PUT http://localhost:6333/collections/daily_trade_strategies/points?wait=true "HTTP/1.1 200 OK"
2026-03-23 16:15:54,556 - INFO - HTTP Request: PUT http://localhost:6333/collections/trading_results/points?wait=true "HTTP/1.1 200 OK"
2026-03-23 16:15:54,563 - INFO - HTTP Request: PUT http://localhost:6333/collections/stock_recommendations/points?wait=true "HTTP/1.1 200 OK"
2026-03-23 16:15:54,588 - INFO - HTTP Request: PUT http://localhost:6333/collections/daily_trade_strategies/points?wait=true "HTTP/1.1 200 OK"
2026-03-23 16:15:54,592 - INFO - HTTP Request: PUT http://localhost:6333/collections/trading_results/points?wait=true "HTTP/1.1 200 OK"
2026-03-23 16:15:54,598 - INFO - HTTP Request: PUT http://localhost:6333/collections/stock_recommendations/points?wait=true "HTTP/1.1 200 OK"
2026-03-23 16:15:54,624 - INFO - HTTP Request: PUT http://localhost:6333/collections/daily_trade_strategies/points?wait=true "HTTP/1.1 200 OK"
2026-03-23 16:15:54,653 - INFO - HTTP Request: PUT http://localhost:6333/collections/trading_results/points?wait=true "HTTP/1.1 200 OK"
2026-03-23 16:15:54,661 - INFO - HTTP Request: PUT http://localhost:6333/collections/stock_recommendations/points?wait=true "HTTP/1.1 200 OK"
2026-03-23 16:15:54,703 - INFO - HTTP Request: PUT http://localhost:6333/collections/daily_trade_strategies/points?wait=true "HTTP/1.1 200 OK"
2026-03-23 16:15:54,716 - INFO - HTTP Request: PUT http://localhost:6333/collections/trading_results/points?wait=true "HTTP/1.1 200 OK"
2026-03-23 16:15:54,725 - INFO - HTTP Request: PUT http://localhost:6333/collections/stock_recommendations/points?wait=true "HTTP/1.1 200 OK"
2026-03-23 16:15:54,752 - INFO - HTTP Request: PUT http://localhost:6333/collections/daily_trade_strategies/points?wait=true "HTTP/1.1 200 OK"
2026-03-23 16:15:54,755 - INFO - HTTP Request: PUT http://localhost:6333/collections/trading_results/points?wait=true "HTTP/1.1 200 OK"
2026-03-23 16:15:54,762 - INFO - HTTP Request: PUT http://localhost:6333/collections/stock_recommendations/points?wait=true "HTTP/1.1 200 OK"
2026-03-23 16:15:54,790 - INFO - HTTP Request: PUT http://localhost:6333/collections/daily_trade_strategies/points?wait=true "HTTP/1.1 200 OK"
2026-03-23 16:15:54,812 - INFO - HTTP Request: PUT http://localhost:6333/collections/trading_results/points?wait=true "HTTP/1.1 200 OK"
2026-03-23 16:15:54,819 - INFO - HTTP Request: PUT http://localhost:6333/collections/stock_recommendations/points?wait=true "HTTP/1.1 200 OK"
2026-03-23 16:15:54,845 - INFO - HTTP Request: PUT http://localhost:6333/collections/daily_trade_strategies/points?wait=true "HTTP/1.1 200 OK"
2026-03-23 16:15:54,850 - INFO - HTTP Request: PUT http://localhost:6333/collections/trading_results/points?wait=true "HTTP/1.1 200 OK"
2026-03-23 16:15:54,857 - INFO - HTTP Request: PUT http://localhost:6333/collections/stock_recommendations/points?wait=true "HTTP/1.1 200 OK"
2026-03-23 16:15:54,907 - INFO - HTTP Request: PUT http://localhost:6333/collections/daily_trade_strategies/points?wait=true "HTTP/1.1 200 OK"
2026-03-23 16:15:54,910 - INFO - HTTP Request: PUT http://localhost:6333/collections/trading_results/points?wait=true "HTTP/1.1 200 OK"
2026-03-23 16:15:54,917 - INFO - HTTP Request: PUT http://localhost:6333/collections/stock_recommendations/points?wait=true "HTTP/1.1 200 OK"
2026-03-23 16:15:54,943 - INFO - HTTP Request: PUT http://localhost:6333/collections/daily_trade_strategies/points?wait=true "HTTP/1.1 200 OK"
2026-03-23 16:15:54,946 - INFO - HTTP Request: PUT http://localhost:6333/collections/trading_results/points?wait=true "HTTP/1.1 200 OK"
2026-03-23 16:15:54,952 - INFO - HTTP Request: PUT http://localhost:6333/collections/stock_recommendations/points?wait=true "HTTP/1.1 200 OK"
2026-03-23 16:15:55,002 - INFO - HTTP Request: PUT http://localhost:6333/collections/daily_trade_strategies/points?wait=true "HTTP/1.1 200 OK"
2026-03-23 16:15:55,006 - INFO - HTTP Request: PUT http://localhost:6333/collections/trading_results/points?wait=true "HTTP/1.1 200 OK"
2026-03-23 16:15:55,033 - INFO - HTTP Request: PUT http://localhost:6333/collections/stock_recommendations/points?wait=true "HTTP/1.1 200 OK"
2026-03-23 16:15:55,057 - INFO - HTTP Request: PUT http://localhost:6333/collections/daily_trade_strategies/points?wait=true "HTTP/1.1 200 OK"
2026-03-23 16:15:55,063 - INFO - HTTP Request: PUT http://localhost:6333/collections/trading_results/points?wait=true "HTTP/1.1 200 OK"
2026-03-23 16:15:55,070 - INFO - HTTP Request: PUT http://localhost:6333/collections/stock_recommendations/points?wait=true "HTTP/1.1 200 OK"
2026-03-23 16:15:55,094 - INFO - HTTP Request: PUT http://localhost:6333/collections/daily_trade_strategies/points?wait=true "HTTP/1.1 200 OK"
2026-03-23 16:15:55,098 - INFO - HTTP Request: PUT http://localhost:6333/collections/trading_results/points?wait=true "HTTP/1.1 200 OK"
2026-03-23 16:15:55,105 - INFO - HTTP Request: PUT http://localhost:6333/collections/stock_recommendations/points?wait=true "HTTP/1.1 200 OK"
2026-03-23 16:15:55,135 - INFO - HTTP Request: PUT http://localhost:6333/collections/daily_trade_strategies/points?wait=true "HTTP/1.1 200 OK"
2026-03-23 16:15:55,139 - INFO - HTTP Request: PUT http://localhost:6333/collections/trading_results/points?wait=true "HTTP/1.1 200 OK"
2026-03-23 16:15:55,147 - INFO - HTTP Request: PUT http://localhost:6333/collections/stock_recommendations/points?wait=true "HTTP/1.1 200 OK"
2026-03-23 16:15:55,176 - INFO - HTTP Request: PUT http://localhost:6333/collections/daily_trade_strategies/points?wait=true "HTTP/1.1 200 OK"
2026-03-23 16:15:55,180 - INFO - HTTP Request: PUT http://localhost:6333/collections/trading_results/points?wait=true "HTTP/1.1 200 OK"
2026-03-23 16:15:55,188 - INFO - HTTP Request: PUT http://localhost:6333/collections/stock_recommendations/points?wait=true "HTTP/1.1 200 OK"
2026-03-23 16:15:55,233 - INFO - HTTP Request: PUT http://localhost:6333/collections/daily_trade_strategies/points?wait=true "HTTP/1.1 200 OK"
2026-03-23 16:15:55,237 - INFO - HTTP Request: PUT http://localhost:6333/collections/trading_results/points?wait=true "HTTP/1.1 200 OK"
2026-03-23 16:15:55,246 - INFO - HTTP Request: PUT http://localhost:6333/collections/stock_recommendations/points?wait=true "HTTP/1.1 200 OK"
2026-03-23 16:15:55,296 - INFO - HTTP Request: PUT http://localhost:6333/collections/daily_trade_strategies/points?wait=true "HTTP/1.1 200 OK"
2026-03-23 16:15:55,301 - INFO - HTTP Request: PUT http://localhost:6333/collections/trading_results/points?wait=true "HTTP/1.1 200 OK"
2026-03-23 16:15:55,308 - INFO - HTTP Request: PUT http://localhost:6333/collections/stock_recommendations/points?wait=true "HTTP/1.1 200 OK"
2026-03-23 16:15:55,334 - INFO - HTTP Request: PUT http://localhost:6333/collections/daily_trade_strategies/points?wait=true "HTTP/1.1 200 OK"
2026-03-23 16:15:55,338 - INFO - HTTP Request: PUT http://localhost:6333/collections/trading_results/points?wait=true "HTTP/1.1 200 OK"
2026-03-23 16:15:55,346 - INFO - HTTP Request: PUT http://localhost:6333/collections/stock_recommendations/points?wait=true "HTTP/1.1 200 OK"
2026-03-23 16:15:55,390 - INFO - HTTP Request: PUT http://localhost:6333/collections/daily_trade_strategies/points?wait=true "HTTP/1.1 200 OK"
2026-03-23 16:15:55,393 - INFO - HTTP Request: PUT http://localhost:6333/collections/trading_results/points?wait=true "HTTP/1.1 200 OK"
2026-03-23 16:15:55,399 - INFO - HTTP Request: PUT http://localhost:6333/collections/stock_recommendations/points?wait=true "HTTP/1.1 200 OK"
2026-03-23 16:15:55,426 - INFO - HTTP Request: PUT http://localhost:6333/collections/daily_trade_strategies/points?wait=true "HTTP/1.1 200 OK"
2026-03-23 16:15:55,430 - INFO - HTTP Request: PUT http://localhost:6333/collections/trading_results/points?wait=true "HTTP/1.1 200 OK"
2026-03-23 16:15:55,438 - INFO - HTTP Request: PUT http://localhost:6333/collections/stock_recommendations/points?wait=true "HTTP/1.1 200 OK"
2026-03-23 16:15:55,463 - INFO - HTTP Request: PUT http://localhost:6333/collections/daily_trade_strategies/points?wait=true "HTTP/1.1 200 OK"
2026-03-23 16:15:55,466 - INFO - HTTP Request: PUT http://localhost:6333/collections/trading_results/points?wait=true "HTTP/1.1 200 OK"
2026-03-23 16:15:55,473 - INFO - HTTP Request: PUT http://localhost:6333/collections/stock_recommendations/points?wait=true "HTTP/1.1 200 OK"
2026-03-23 16:15:55,499 - INFO - HTTP Request: PUT http://localhost:6333/collections/daily_trade_strategies/points?wait=true "HTTP/1.1 200 OK"
2026-03-23 16:15:55,503 - INFO - HTTP Request: PUT http://localhost:6333/collections/trading_results/points?wait=true "HTTP/1.1 200 OK"
2026-03-23 16:15:55,509 - INFO - HTTP Request: PUT http://localhost:6333/collections/stock_recommendations/points?wait=true "HTTP/1.1 200 OK"
2026-03-23 16:15:55,535 - INFO - HTTP Request: PUT http://localhost:6333/collections/daily_trade_strategies/points?wait=true "HTTP/1.1 200 OK"
2026-03-23 16:15:55,538 - INFO - HTTP Request: PUT http://localhost:6333/collections/trading_results/points?wait=true "HTTP/1.1 200 OK"
2026-03-23 16:15:55,546 - INFO - HTTP Request: PUT http://localhost:6333/collections/stock_recommendations/points?wait=true "HTTP/1.1 200 OK"
2026-03-23 16:15:55,573 - INFO - HTTP Request: PUT http://localhost:6333/collections/daily_trade_strategies/points?wait=true "HTTP/1.1 200 OK"
2026-03-23 16:15:55,576 - INFO - HTTP Request: PUT http://localhost:6333/collections/trading_results/points?wait=true "HTTP/1.1 200 OK"
2026-03-23 16:15:55,607 - INFO - HTTP Request: PUT http://localhost:6333/collections/stock_recommendations/points?wait=true "HTTP/1.1 200 OK"
2026-03-23 16:15:55,632 - INFO - HTTP Request: PUT http://localhost:6333/collections/daily_trade_strategies/points?wait=true "HTTP/1.1 200 OK"
2026-03-23 16:15:55,636 - INFO - HTTP Request: PUT http://localhost:6333/collections/trading_results/points?wait=true "HTTP/1.1 200 OK"
2026-03-23 16:15:55,642 - INFO - HTTP Request: PUT http://localhost:6333/collections/stock_recommendations/points?wait=true "HTTP/1.1 200 OK"
2026-03-23 16:15:55,668 - INFO - HTTP Request: PUT http://localhost:6333/collections/daily_trade_strategies/points?wait=true "HTTP/1.1 200 OK"
2026-03-23 16:15:55,672 - INFO - HTTP Request: PUT http://localhost:6333/collections/trading_results/points?wait=true "HTTP/1.1 200 OK"
2026-03-23 16:15:55,678 - INFO - HTTP Request: PUT http://localhost:6333/collections/stock_recommendations/points?wait=true "HTTP/1.1 200 OK"
2026-03-23 16:15:55,704 - INFO - HTTP Request: PUT http://localhost:6333/collections/daily_trade_strategies/points?wait=true "HTTP/1.1 200 OK"
2026-03-23 16:15:55,709 - INFO - HTTP Request: PUT http://localhost:6333/collections/trading_results/points?wait=true "HTTP/1.1 200 OK"
2026-03-23 16:15:55,716 - INFO - HTTP Request: PUT http://localhost:6333/collections/stock_recommendations/points?wait=true "HTTP/1.1 200 OK"
2026-03-23 16:15:55,742 - INFO - HTTP Request: PUT http://localhost:6333/collections/daily_trade_strategies/points?wait=true "HTTP/1.1 200 OK"
2026-03-23 16:15:55,745 - INFO - HTTP Request: PUT http://localhost:6333/collections/trading_results/points?wait=true "HTTP/1.1 200 OK"
2026-03-23 16:15:55,752 - INFO - HTTP Request: PUT http://localhost:6333/collections/stock_recommendations/points?wait=true "HTTP/1.1 200 OK"
2026-03-23 16:15:55,795 - INFO - HTTP Request: PUT http://localhost:6333/collections/daily_trade_strategies/points?wait=true "HTTP/1.1 200 OK"
2026-03-23 16:15:55,798 - INFO - HTTP Request: PUT http://localhost:6333/collections/trading_results/points?wait=true "HTTP/1.1 200 OK"
2026-03-23 16:15:55,805 - INFO - HTTP Request: PUT http://localhost:6333/collections/stock_recommendations/points?wait=true "HTTP/1.1 200 OK"
2026-03-23 16:15:55,832 - INFO - HTTP Request: PUT http://localhost:6333/collections/daily_trade_strategies/points?wait=true "HTTP/1.1 200 OK"
2026-03-23 16:15:55,835 - INFO - HTTP Request: PUT http://localhost:6333/collections/trading_results/points?wait=true "HTTP/1.1 200 OK"
2026-03-23 16:15:55,843 - INFO - HTTP Request: PUT http://localhost:6333/collections/stock_recommendations/points?wait=true "HTTP/1.1 200 OK"
2026-03-23 16:15:55,871 - INFO - HTTP Request: PUT http://localhost:6333/collections/daily_trade_strategies/points?wait=true "HTTP/1.1 200 OK"
2026-03-23 16:15:55,875 - INFO - HTTP Request: PUT http://localhost:6333/collections/trading_results/points?wait=true "HTTP/1.1 200 OK"
2026-03-23 16:15:55,881 - INFO - HTTP Request: PUT http://localhost:6333/collections/stock_recommendations/points?wait=true "HTTP/1.1 200 OK"
2026-03-23 16:15:55,908 - INFO - HTTP Request: PUT http://localhost:6333/collections/daily_trade_strategies/points?wait=true "HTTP/1.1 200 OK"
2026-03-23 16:15:55,910 - INFO - HTTP Request: PUT http://localhost:6333/collections/trading_results/points?wait=true "HTTP/1.1 200 OK"
2026-03-23 16:15:55,917 - INFO - HTTP Request: PUT http://localhost:6333/collections/stock_recommendations/points?wait=true "HTTP/1.1 200 OK"
2026-03-23 16:15:55,943 - INFO - HTTP Request: PUT http://localhost:6333/collections/daily_trade_strategies/points?wait=true "HTTP/1.1 200 OK"
2026-03-23 16:15:55,946 - INFO - HTTP Request: PUT http://localhost:6333/collections/trading_results/points?wait=true "HTTP/1.1 200 OK"
2026-03-23 16:15:55,954 - INFO - HTTP Request: PUT http://localhost:6333/collections/stock_recommendations/points?wait=true "HTTP/1.1 200 OK"
2026-03-23 16:15:55,980 - INFO - HTTP Request: PUT http://localhost:6333/collections/daily_trade_strategies/points?wait=true "HTTP/1.1 200 OK"
2026-03-23 16:15:55,983 - INFO - HTTP Request: PUT http://localhost:6333/collections/trading_results/points?wait=true "HTTP/1.1 200 OK"
2026-03-23 16:15:55,990 - INFO - HTTP Request: PUT http://localhost:6333/collections/stock_recommendations/points?wait=true "HTTP/1.1 200 OK"
2026-03-23 16:15:56,015 - INFO - HTTP Request: PUT http://localhost:6333/collections/daily_trade_strategies/points?wait=true "HTTP/1.1 200 OK"
2026-03-23 16:15:56,018 - INFO - HTTP Request: PUT http://localhost:6333/collections/trading_results/points?wait=true "HTTP/1.1 200 OK"
2026-03-23 16:15:56,023 - INFO - HTTP Request: PUT http://localhost:6333/collections/stock_recommendations/points?wait=true "HTTP/1.1 200 OK"
2026-03-23 16:15:56,051 - INFO - HTTP Request: PUT http://localhost:6333/collections/daily_trade_strategies/points?wait=true "HTTP/1.1 200 OK"
2026-03-23 16:15:56,054 - INFO - HTTP Request: PUT http://localhost:6333/collections/trading_results/points?wait=true "HTTP/1.1 200 OK"
2026-03-23 16:15:56,061 - INFO - HTTP Request: PUT http://localhost:6333/collections/stock_recommendations/points?wait=true "HTTP/1.1 200 OK"
2026-03-23 16:15:56,089 - INFO - HTTP Request: PUT http://localhost:6333/collections/daily_trade_strategies/points?wait=true "HTTP/1.1 200 OK"
2026-03-23 16:15:56,094 - INFO - HTTP Request: PUT http://localhost:6333/collections/trading_results/points?wait=true "HTTP/1.1 200 OK"
2026-03-23 16:15:56,102 - INFO - HTTP Request: PUT http://localhost:6333/collections/stock_recommendations/points?wait=true "HTTP/1.1 200 OK"
2026-03-23 16:15:56,138 - INFO - HTTP Request: PUT http://localhost:6333/collections/daily_trade_strategies/points?wait=true "HTTP/1.1 200 OK"
2026-03-23 16:15:56,142 - INFO - HTTP Request: PUT http://localhost:6333/collections/trading_results/points?wait=true "HTTP/1.1 200 OK"
2026-03-23 16:15:56,169 - INFO - HTTP Request: PUT http://localhost:6333/collections/stock_recommendations/points?wait=true "HTTP/1.1 200 OK"
2026-03-23 16:15:56,215 - INFO - HTTP Request: PUT http://localhost:6333/collections/daily_trade_strategies/points?wait=true "HTTP/1.1 200 OK"
2026-03-23 16:15:56,218 - INFO - HTTP Request: PUT http://localhost:6333/collections/trading_results/points?wait=true "HTTP/1.1 200 OK"
2026-03-23 16:15:56,226 - INFO - HTTP Request: PUT http://localhost:6333/collections/stock_recommendations/points?wait=true "HTTP/1.1 200 OK"
2026-03-23 16:15:56,254 - INFO - HTTP Request: PUT http://localhost:6333/collections/daily_trade_strategies/points?wait=true "HTTP/1.1 200 OK"
2026-03-23 16:15:56,257 - INFO - HTTP Request: PUT http://localhost:6333/collections/trading_results/points?wait=true "HTTP/1.1 200 OK"
2026-03-23 16:15:56,265 - INFO - HTTP Request: PUT http://localhost:6333/collections/stock_recommendations/points?wait=true "HTTP/1.1 200 OK"
2026-03-23 16:15:56,291 - INFO - HTTP Request: PUT http://localhost:6333/collections/daily_trade_strategies/points?wait=true "HTTP/1.1 200 OK"
2026-03-23 16:15:56,293 - INFO - HTTP Request: PUT http://localhost:6333/collections/trading_results/points?wait=true "HTTP/1.1 200 OK"
2026-03-23 16:15:56,300 - INFO - HTTP Request: PUT http://localhost:6333/collections/stock_recommendations/points?wait=true "HTTP/1.1 200 OK"
2026-03-23 16:15:56,329 - INFO - HTTP Request: PUT http://localhost:6333/collections/daily_trade_strategies/points?wait=true "HTTP/1.1 200 OK"
2026-03-23 16:15:56,332 - INFO - HTTP Request: PUT http://localhost:6333/collections/trading_results/points?wait=true "HTTP/1.1 200 OK"
2026-03-23 16:15:56,339 - INFO - HTTP Request: PUT http://localhost:6333/collections/stock_recommendations/points?wait=true "HTTP/1.1 200 OK"
2026-03-23 16:15:56,367 - INFO - HTTP Request: PUT http://localhost:6333/collections/daily_trade_strategies/points?wait=true "HTTP/1.1 200 OK"
2026-03-23 16:15:56,369 - INFO - HTTP Request: PUT http://localhost:6333/collections/trading_results/points?wait=true "HTTP/1.1 200 OK"
2026-03-23 16:15:56,377 - INFO - HTTP Request: PUT http://localhost:6333/collections/stock_recommendations/points?wait=true "HTTP/1.1 200 OK"
2026-03-23 16:15:56,407 - INFO - HTTP Request: PUT http://localhost:6333/collections/daily_trade_strategies/points?wait=true "HTTP/1.1 200 OK"
2026-03-23 16:15:56,410 - INFO - HTTP Request: PUT http://localhost:6333/collections/trading_results/points?wait=true "HTTP/1.1 200 OK"
2026-03-23 16:15:56,418 - INFO - HTTP Request: PUT http://localhost:6333/collections/stock_recommendations/points?wait=true "HTTP/1.1 200 OK"
2026-03-23 16:15:56,444 - INFO - HTTP Request: PUT http://localhost:6333/collections/daily_trade_strategies/points?wait=true "HTTP/1.1 200 OK"
2026-03-23 16:15:56,462 - INFO - HTTP Request: PUT http://localhost:6333/collections/trading_results/points?wait=true "HTTP/1.1 200 OK"
2026-03-23 16:15:56,472 - INFO - HTTP Request: PUT http://localhost:6333/collections/stock_recommendations/points?wait=true "HTTP/1.1 200 OK"
2026-03-23 16:15:56,512 - INFO - HTTP Request: PUT http://localhost:6333/collections/daily_trade_strategies/points?wait=true "HTTP/1.1 200 OK"
2026-03-23 16:15:56,516 - INFO - HTTP Request: PUT http://localhost:6333/collections/trading_results/points?wait=true "HTTP/1.1 200 OK"
2026-03-23 16:15:56,542 - INFO - HTTP Request: PUT http://localhost:6333/collections/stock_recommendations/points?wait=true "HTTP/1.1 200 OK"
2026-03-23 16:15:56,588 - INFO - HTTP Request: PUT http://localhost:6333/collections/daily_trade_strategies/points?wait=true "HTTP/1.1 200 OK"
2026-03-23 16:15:56,592 - INFO - HTTP Request: PUT http://localhost:6333/collections/trading_results/points?wait=true "HTTP/1.1 200 OK"
2026-03-23 16:15:56,620 - INFO - HTTP Request: PUT http://localhost:6333/collections/stock_recommendations/points?wait=true "HTTP/1.1 200 OK"
2026-03-23 16:15:56,666 - INFO - HTTP Request: PUT http://localhost:6333/collections/daily_trade_strategies/points?wait=true "HTTP/1.1 200 OK"
2026-03-23 16:15:56,671 - INFO - HTTP Request: PUT http://localhost:6333/collections/trading_results/points?wait=true "HTTP/1.1 200 OK"
2026-03-23 16:15:56,677 - INFO - HTTP Request: PUT http://localhost:6333/collections/stock_recommendations/points?wait=true "HTTP/1.1 200 OK"
2026-03-23 16:15:56,703 - INFO - HTTP Request: PUT http://localhost:6333/collections/daily_trade_strategies/points?wait=true "HTTP/1.1 200 OK"
2026-03-23 16:15:56,706 - INFO - HTTP Request: PUT http://localhost:6333/collections/trading_results/points?wait=true "HTTP/1.1 200 OK"
2026-03-23 16:15:56,714 - INFO - HTTP Request: PUT http://localhost:6333/collections/stock_recommendations/points?wait=true "HTTP/1.1 200 OK"
2026-03-23 16:15:56,741 - INFO - HTTP Request: PUT http://localhost:6333/collections/daily_trade_strategies/points?wait=true "HTTP/1.1 200 OK"
2026-03-23 16:15:56,745 - INFO - HTTP Request: PUT http://localhost:6333/collections/trading_results/points?wait=true "HTTP/1.1 200 OK"
2026-03-23 16:15:56,752 - INFO - HTTP Request: PUT http://localhost:6333/collections/stock_recommendations/points?wait=true "HTTP/1.1 200 OK"
2026-03-23 16:15:56,778 - INFO - HTTP Request: PUT http://localhost:6333/collections/daily_trade_strategies/points?wait=true "HTTP/1.1 200 OK"
2026-03-23 16:15:56,781 - INFO - HTTP Request: PUT http://localhost:6333/collections/trading_results/points?wait=true "HTTP/1.1 200 OK"
2026-03-23 16:15:56,787 - INFO - HTTP Request: PUT http://localhost:6333/collections/stock_recommendations/points?wait=true "HTTP/1.1 200 OK"
2026-03-23 16:15:56,839 - INFO - HTTP Request: PUT http://localhost:6333/collections/daily_trade_strategies/points?wait=true "HTTP/1.1 200 OK"
2026-03-23 16:15:56,853 - INFO - HTTP Request: PUT http://localhost:6333/collections/trading_results/points?wait=true "HTTP/1.1 200 OK"
2026-03-23 16:15:56,860 - INFO - HTTP Request: PUT http://localhost:6333/collections/stock_recommendations/points?wait=true "HTTP/1.1 200 OK"
2026-03-23 16:15:56,886 - INFO - HTTP Request: PUT http://localhost:6333/collections/daily_trade_strategies/points?wait=true "HTTP/1.1 200 OK"
2026-03-23 16:15:56,889 - INFO - HTTP Request: PUT http://localhost:6333/collections/trading_results/points?wait=true "HTTP/1.1 200 OK"
2026-03-23 16:15:56,896 - INFO - HTTP Request: PUT http://localhost:6333/collections/stock_recommendations/points?wait=true "HTTP/1.1 200 OK"
2026-03-23 16:15:56,922 - INFO - HTTP Request: PUT http://localhost:6333/collections/daily_trade_strategies/points?wait=true "HTTP/1.1 200 OK"
2026-03-23 16:15:56,925 - INFO - HTTP Request: PUT http://localhost:6333/collections/trading_results/points?wait=true "HTTP/1.1 200 OK"
2026-03-23 16:15:56,931 - INFO - HTTP Request: PUT http://localhost:6333/collections/stock_recommendations/points?wait=true "HTTP/1.1 200 OK"
2026-03-23 16:15:56,958 - INFO - HTTP Request: PUT http://localhost:6333/collections/daily_trade_strategies/points?wait=true "HTTP/1.1 200 OK"
2026-03-23 16:15:56,962 - INFO - HTTP Request: PUT http://localhost:6333/collections/trading_results/points?wait=true "HTTP/1.1 200 OK"
2026-03-23 16:15:56,969 - INFO - HTTP Request: PUT http://localhost:6333/collections/stock_recommendations/points?wait=true "HTTP/1.1 200 OK"
2026-03-23 16:15:56,995 - INFO - HTTP Request: PUT http://localhost:6333/collections/daily_trade_strategies/points?wait=true "HTTP/1.1 200 OK"
2026-03-23 16:15:56,998 - INFO - HTTP Request: PUT http://localhost:6333/collections/trading_results/points?wait=true "HTTP/1.1 200 OK"
2026-03-23 16:15:57,005 - INFO - HTTP Request: PUT http://localhost:6333/collections/stock_recommendations/points?wait=true "HTTP/1.1 200 OK"
2026-03-23 16:15:57,032 - INFO - HTTP Request: PUT http://localhost:6333/collections/daily_trade_strategies/points?wait=true "HTTP/1.1 200 OK"
2026-03-23 16:15:57,035 - INFO - HTTP Request: PUT http://localhost:6333/collections/trading_results/points?wait=true "HTTP/1.1 200 OK"
2026-03-23 16:15:57,042 - INFO - HTTP Request: PUT http://localhost:6333/collections/stock_recommendations/points?wait=true "HTTP/1.1 200 OK"
2026-03-23 16:15:57,091 - INFO - HTTP Request: PUT http://localhost:6333/collections/daily_trade_strategies/points?wait=true "HTTP/1.1 200 OK"
2026-03-23 16:15:57,094 - INFO - HTTP Request: PUT http://localhost:6333/collections/trading_results/points?wait=true "HTTP/1.1 200 OK"
2026-03-23 16:15:57,101 - INFO - HTTP Request: PUT http://localhost:6333/collections/stock_recommendations/points?wait=true "HTTP/1.1 200 OK"
2026-03-23 16:15:57,137 - INFO - HTTP Request: PUT http://localhost:6333/collections/daily_trade_strategies/points?wait=true "HTTP/1.1 200 OK"
2026-03-23 16:15:57,151 - INFO - HTTP Request: PUT http://localhost:6333/collections/trading_results/points?wait=true "HTTP/1.1 200 OK"
2026-03-23 16:15:57,159 - INFO - HTTP Request: PUT http://localhost:6333/collections/stock_recommendations/points?wait=true "HTTP/1.1 200 OK"
2026-03-23 16:15:57,189 - INFO - HTTP Request: PUT http://localhost:6333/collections/daily_trade_strategies/points?wait=true "HTTP/1.1 200 OK"
2026-03-23 16:15:57,196 - INFO - HTTP Request: PUT http://localhost:6333/collections/trading_results/points?wait=true "HTTP/1.1 200 OK"
2026-03-23 16:15:57,216 - INFO - HTTP Request: PUT http://localhost:6333/collections/stock_recommendations/points?wait=true "HTTP/1.1 200 OK"
2026-03-23 16:15:57,261 - INFO - HTTP Request: PUT http://localhost:6333/collections/daily_trade_strategies/points?wait=true "HTTP/1.1 200 OK"
2026-03-23 16:15:57,266 - INFO - HTTP Request: PUT http://localhost:6333/collections/trading_results/points?wait=true "HTTP/1.1 200 OK"
2026-03-23 16:15:57,291 - INFO - HTTP Request: PUT http://localhost:6333/collections/stock_recommendations/points?wait=true "HTTP/1.1 200 OK"
2026-03-23 16:15:57,338 - INFO - HTTP Request: PUT http://localhost:6333/collections/daily_trade_strategies/points?wait=true "HTTP/1.1 200 OK"
2026-03-23 16:15:57,342 - INFO - HTTP Request: PUT http://localhost:6333/collections/trading_results/points?wait=true "HTTP/1.1 200 OK"
2026-03-23 16:15:57,349 - INFO - HTTP Request: PUT http://localhost:6333/collections/stock_recommendations/points?wait=true "HTTP/1.1 200 OK"
2026-03-23 16:15:57,376 - INFO - HTTP Request: PUT http://localhost:6333/collections/daily_trade_strategies/points?wait=true "HTTP/1.1 200 OK"
2026-03-23 16:15:57,379 - INFO - HTTP Request: PUT http://localhost:6333/collections/trading_results/points?wait=true "HTTP/1.1 200 OK"
2026-03-23 16:15:57,386 - INFO - HTTP Request: PUT http://localhost:6333/collections/stock_recommendations/points?wait=true "HTTP/1.1 200 OK"
2026-03-23 16:15:57,414 - INFO - HTTP Request: PUT http://localhost:6333/collections/daily_trade_strategies/points?wait=true "HTTP/1.1 200 OK"
2026-03-23 16:15:57,417 - INFO - HTTP Request: PUT http://localhost:6333/collections/trading_results/points?wait=true "HTTP/1.1 200 OK"
2026-03-23 16:15:57,448 - INFO - HTTP Request: PUT http://localhost:6333/collections/stock_recommendations/points?wait=true "HTTP/1.1 200 OK"
2026-03-23 16:15:57,475 - INFO - HTTP Request: PUT http://localhost:6333/collections/daily_trade_strategies/points?wait=true "HTTP/1.1 200 OK"
2026-03-23 16:15:57,480 - INFO - HTTP Request: PUT http://localhost:6333/collections/trading_results/points?wait=true "HTTP/1.1 200 OK"
2026-03-23 16:15:57,488 - INFO - HTTP Request: PUT http://localhost:6333/collections/stock_recommendations/points?wait=true "HTTP/1.1 200 OK"
2026-03-23 16:15:57,526 - INFO - HTTP Request: PUT http://localhost:6333/collections/daily_trade_strategies/points?wait=true "HTTP/1.1 200 OK"
2026-03-23 16:15:57,530 - INFO - HTTP Request: PUT http://localhost:6333/collections/trading_results/points?wait=true "HTTP/1.1 200 OK"
2026-03-23 16:15:57,537 - INFO - HTTP Request: PUT http://localhost:6333/collections/stock_recommendations/points?wait=true "HTTP/1.1 200 OK"
2026-03-23 16:15:57,563 - INFO - HTTP Request: PUT http://localhost:6333/collections/daily_trade_strategies/points?wait=true "HTTP/1.1 200 OK"
2026-03-23 16:15:57,566 - INFO - HTTP Request: PUT http://localhost:6333/collections/trading_results/points?wait=true "HTTP/1.1 200 OK"
2026-03-23 16:15:57,574 - INFO - HTTP Request: PUT http://localhost:6333/collections/stock_recommendations/points?wait=true "HTTP/1.1 200 OK"
2026-03-23 16:15:57,600 - INFO - HTTP Request: PUT http://localhost:6333/collections/daily_trade_strategies/points?wait=true "HTTP/1.1 200 OK"
2026-03-23 16:15:57,604 - INFO - HTTP Request: PUT http://localhost:6333/collections/trading_results/points?wait=true "HTTP/1.1 200 OK"
2026-03-23 16:15:57,622 - INFO - HTTP Request: PUT http://localhost:6333/collections/stock_recommendations/points?wait=true "HTTP/1.1 200 OK"
2026-03-23 16:15:57,667 - INFO - HTTP Request: PUT http://localhost:6333/collections/daily_trade_strategies/points?wait=true "HTTP/1.1 200 OK"
2026-03-23 16:15:57,670 - INFO - HTTP Request: PUT http://localhost:6333/collections/trading_results/points?wait=true "HTTP/1.1 200 OK"
2026-03-23 16:15:57,677 - INFO - HTTP Request: PUT http://localhost:6333/collections/stock_recommendations/points?wait=true "HTTP/1.1 200 OK"
2026-03-23 16:15:57,704 - INFO - HTTP Request: PUT http://localhost:6333/collections/daily_trade_strategies/points?wait=true "HTTP/1.1 200 OK"
2026-03-23 16:15:57,708 - INFO - HTTP Request: PUT http://localhost:6333/collections/trading_results/points?wait=true "HTTP/1.1 200 OK"
2026-03-23 16:15:57,714 - INFO - HTTP Request: PUT http://localhost:6333/collections/stock_recommendations/points?wait=true "HTTP/1.1 200 OK"
2026-03-23 16:15:57,762 - INFO - HTTP Request: PUT http://localhost:6333/collections/daily_trade_strategies/points?wait=true "HTTP/1.1 200 OK"
2026-03-23 16:15:57,777 - INFO - HTTP Request: PUT http://localhost:6333/collections/trading_results/points?wait=true "HTTP/1.1 200 OK"
2026-03-23 16:15:57,808 - INFO - HTTP Request: PUT http://localhost:6333/collections/stock_recommendations/points?wait=true "HTTP/1.1 200 OK"
2026-03-23 16:15:57,834 - INFO - HTTP Request: PUT http://localhost:6333/collections/daily_trade_strategies/points?wait=true "HTTP/1.1 200 OK"
2026-03-23 16:15:57,838 - INFO - HTTP Request: PUT http://localhost:6333/collections/trading_results/points?wait=true "HTTP/1.1 200 OK"
2026-03-23 16:15:57,845 - INFO - HTTP Request: PUT http://localhost:6333/collections/stock_recommendations/points?wait=true "HTTP/1.1 200 OK"
2026-03-23 16:15:57,871 - INFO - HTTP Request: PUT http://localhost:6333/collections/daily_trade_strategies/points?wait=true "HTTP/1.1 200 OK"
2026-03-23 16:15:57,875 - INFO - HTTP Request: PUT http://localhost:6333/collections/trading_results/points?wait=true "HTTP/1.1 200 OK"
2026-03-23 16:15:57,881 - INFO - HTTP Request: PUT http://localhost:6333/collections/stock_recommendations/points?wait=true "HTTP/1.1 200 OK"
2026-03-23 16:15:57,907 - INFO - HTTP Request: PUT http://localhost:6333/collections/daily_trade_strategies/points?wait=true "HTTP/1.1 200 OK"
2026-03-23 16:15:57,910 - INFO - HTTP Request: PUT http://localhost:6333/collections/trading_results/points?wait=true "HTTP/1.1 200 OK"
2026-03-23 16:15:57,918 - INFO - HTTP Request: PUT http://localhost:6333/collections/stock_recommendations/points?wait=true "HTTP/1.1 200 OK"
2026-03-23 16:15:57,944 - INFO - HTTP Request: PUT http://localhost:6333/collections/daily_trade_strategies/points?wait=true "HTTP/1.1 200 OK"
2026-03-23 16:15:57,947 - INFO - HTTP Request: PUT http://localhost:6333/collections/trading_results/points?wait=true "HTTP/1.1 200 OK"
2026-03-23 16:15:57,953 - INFO - HTTP Request: PUT http://localhost:6333/collections/stock_recommendations/points?wait=true "HTTP/1.1 200 OK"
2026-03-23 16:15:57,998 - INFO - HTTP Request: PUT http://localhost:6333/collections/daily_trade_strategies/points?wait=true "HTTP/1.1 200 OK"
2026-03-23 16:15:58,012 - INFO - HTTP Request: PUT http://localhost:6333/collections/trading_results/points?wait=true "HTTP/1.1 200 OK"
2026-03-23 16:15:58,020 - INFO - HTTP Request: PUT http://localhost:6333/collections/stock_recommendations/points?wait=true "HTTP/1.1 200 OK"
2026-03-23 16:15:58,047 - INFO - HTTP Request: PUT http://localhost:6333/collections/daily_trade_strategies/points?wait=true "HTTP/1.1 200 OK"
2026-03-23 16:15:58,075 - INFO - HTTP Request: PUT http://localhost:6333/collections/trading_results/points?wait=true "HTTP/1.1 200 OK"
2026-03-23 16:15:58,082 - INFO - HTTP Request: PUT http://localhost:6333/collections/stock_recommendations/points?wait=true "HTTP/1.1 200 OK"
2026-03-23 16:15:58,111 - INFO - HTTP Request: PUT http://localhost:6333/collections/daily_trade_strategies/points?wait=true "HTTP/1.1 200 OK"
2026-03-23 16:15:58,116 - INFO - HTTP Request: PUT http://localhost:6333/collections/trading_results/points?wait=true "HTTP/1.1 200 OK"
2026-03-23 16:15:58,123 - INFO - HTTP Request: PUT http://localhost:6333/collections/stock_recommendations/points?wait=true "HTTP/1.1 200 OK"
2026-03-23 16:15:58,150 - INFO - HTTP Request: PUT http://localhost:6333/collections/daily_trade_strategies/points?wait=true "HTTP/1.1 200 OK"
2026-03-23 16:15:58,154 - INFO - HTTP Request: PUT http://localhost:6333/collections/trading_results/points?wait=true "HTTP/1.1 200 OK"
2026-03-23 16:15:58,160 - INFO - HTTP Request: PUT http://localhost:6333/collections/stock_recommendations/points?wait=true "HTTP/1.1 200 OK"
2026-03-23 16:15:58,202 - INFO - HTTP Request: PUT http://localhost:6333/collections/daily_trade_strategies/points?wait=true "HTTP/1.1 200 OK"
2026-03-23 16:15:58,205 - INFO - HTTP Request: PUT http://localhost:6333/collections/trading_results/points?wait=true "HTTP/1.1 200 OK"
2026-03-23 16:15:58,212 - INFO - HTTP Request: PUT http://localhost:6333/collections/stock_recommendations/points?wait=true "HTTP/1.1 200 OK"
2026-03-23 16:15:58,263 - INFO - HTTP Request: PUT http://localhost:6333/collections/daily_trade_strategies/points?wait=true "HTTP/1.1 200 OK"
2026-03-23 16:15:58,267 - INFO - HTTP Request: PUT http://localhost:6333/collections/trading_results/points?wait=true "HTTP/1.1 200 OK"
2026-03-23 16:15:58,294 - INFO - HTTP Request: PUT http://localhost:6333/collections/stock_recommendations/points?wait=true "HTTP/1.1 200 OK"
2026-03-23 16:15:58,321 - INFO - HTTP Request: PUT http://localhost:6333/collections/daily_trade_strategies/points?wait=true "HTTP/1.1 200 OK"
2026-03-23 16:15:58,324 - INFO - HTTP Request: PUT http://localhost:6333/collections/trading_results/points?wait=true "HTTP/1.1 200 OK"
2026-03-23 16:15:58,356 - INFO - HTTP Request: PUT http://localhost:6333/collections/stock_recommendations/points?wait=true "HTTP/1.1 200 OK"
2026-03-23 16:15:58,384 - INFO - HTTP Request: PUT http://localhost:6333/collections/daily_trade_strategies/points?wait=true "HTTP/1.1 200 OK"
2026-03-23 16:15:58,388 - INFO - HTTP Request: PUT http://localhost:6333/collections/trading_results/points?wait=true "HTTP/1.1 200 OK"
2026-03-23 16:15:58,398 - INFO - HTTP Request: PUT http://localhost:6333/collections/stock_recommendations/points?wait=true "HTTP/1.1 200 OK"
2026-03-23 16:15:58,425 - INFO - HTTP Request: PUT http://localhost:6333/collections/daily_trade_strategies/points?wait=true "HTTP/1.1 200 OK"
2026-03-23 16:15:58,429 - INFO - HTTP Request: PUT http://localhost:6333/collections/trading_results/points?wait=true "HTTP/1.1 200 OK"
2026-03-23 16:15:58,436 - INFO - HTTP Request: PUT http://localhost:6333/collections/stock_recommendations/points?wait=true "HTTP/1.1 200 OK"
2026-03-23 16:15:58,483 - INFO - HTTP Request: PUT http://localhost:6333/collections/daily_trade_strategies/points?wait=true "HTTP/1.1 200 OK"
2026-03-23 16:15:58,487 - INFO - HTTP Request: PUT http://localhost:6333/collections/trading_results/points?wait=true "HTTP/1.1 200 OK"
2026-03-23 16:15:58,494 - INFO - HTTP Request: PUT http://localhost:6333/collections/stock_recommendations/points?wait=true "HTTP/1.1 200 OK"
2026-03-23 16:15:58,520 - INFO - HTTP Request: PUT http://localhost:6333/collections/daily_trade_strategies/points?wait=true "HTTP/1.1 200 OK"
2026-03-23 16:15:58,523 - INFO - HTTP Request: PUT http://localhost:6333/collections/trading_results/points?wait=true "HTTP/1.1 200 OK"
2026-03-23 16:15:58,530 - INFO - HTTP Request: PUT http://localhost:6333/collections/stock_recommendations/points?wait=true "HTTP/1.1 200 OK"
2026-03-23 16:15:58,558 - INFO - HTTP Request: PUT http://localhost:6333/collections/daily_trade_strategies/points?wait=true "HTTP/1.1 200 OK"
2026-03-23 16:15:58,561 - INFO - HTTP Request: PUT http://localhost:6333/collections/trading_results/points?wait=true "HTTP/1.1 200 OK"
2026-03-23 16:15:58,567 - INFO - HTTP Request: PUT http://localhost:6333/collections/stock_recommendations/points?wait=true "HTTP/1.1 200 OK"
2026-03-23 16:15:58,593 - INFO - HTTP Request: PUT http://localhost:6333/collections/daily_trade_strategies/points?wait=true "HTTP/1.1 200 OK"
2026-03-23 16:15:58,598 - INFO - HTTP Request: PUT http://localhost:6333/collections/trading_results/points?wait=true "HTTP/1.1 200 OK"
2026-03-23 16:15:58,604 - INFO - HTTP Request: PUT http://localhost:6333/collections/stock_recommendations/points?wait=true "HTTP/1.1 200 OK"
2026-03-23 16:15:58,632 - INFO - HTTP Request: PUT http://localhost:6333/collections/daily_trade_strategies/points?wait=true "HTTP/1.1 200 OK"
2026-03-23 16:15:58,654 - INFO - HTTP Request: PUT http://localhost:6333/collections/trading_results/points?wait=true "HTTP/1.1 200 OK"
2026-03-23 16:15:58,662 - INFO - HTTP Request: PUT http://localhost:6333/collections/stock_recommendations/points?wait=true "HTTP/1.1 200 OK"
2026-03-23 16:15:58,703 - INFO - HTTP Request: PUT http://localhost:6333/collections/daily_trade_strategies/points?wait=true "HTTP/1.1 200 OK"
2026-03-23 16:15:58,706 - INFO - HTTP Request: PUT http://localhost:6333/collections/trading_results/points?wait=true "HTTP/1.1 200 OK"
2026-03-23 16:15:58,714 - INFO - HTTP Request: PUT http://localhost:6333/collections/stock_recommendations/points?wait=true "HTTP/1.1 200 OK"
2026-03-23 16:15:58,749 - INFO - HTTP Request: PUT http://localhost:6333/collections/daily_trade_strategies/points?wait=true "HTTP/1.1 200 OK"
2026-03-23 16:15:58,753 - INFO - HTTP Request: PUT http://localhost:6333/collections/trading_results/points?wait=true "HTTP/1.1 200 OK"
2026-03-23 16:15:58,760 - INFO - HTTP Request: PUT http://localhost:6333/collections/stock_recommendations/points?wait=true "HTTP/1.1 200 OK"
2026-03-23 16:15:58,787 - INFO - HTTP Request: PUT http://localhost:6333/collections/daily_trade_strategies/points?wait=true "HTTP/1.1 200 OK"
2026-03-23 16:15:58,790 - INFO - HTTP Request: PUT http://localhost:6333/collections/trading_results/points?wait=true "HTTP/1.1 200 OK"
2026-03-23 16:15:58,799 - INFO - HTTP Request: PUT http://localhost:6333/collections/stock_recommendations/points?wait=true "HTTP/1.1 200 OK"
2026-03-23 16:15:58,845 - INFO - HTTP Request: PUT http://localhost:6333/collections/daily_trade_strategies/points?wait=true "HTTP/1.1 200 OK"
2026-03-23 16:15:58,848 - INFO - HTTP Request: PUT http://localhost:6333/collections/trading_results/points?wait=true "HTTP/1.1 200 OK"
2026-03-23 16:15:58,855 - INFO - HTTP Request: PUT http://localhost:6333/collections/stock_recommendations/points?wait=true "HTTP/1.1 200 OK"
2026-03-23 16:15:58,880 - INFO - HTTP Request: PUT http://localhost:6333/collections/daily_trade_strategies/points?wait=true "HTTP/1.1 200 OK"
2026-03-23 16:15:58,883 - INFO - HTTP Request: PUT http://localhost:6333/collections/trading_results/points?wait=true "HTTP/1.1 200 OK"
2026-03-23 16:15:58,891 - INFO - HTTP Request: PUT http://localhost:6333/collections/stock_recommendations/points?wait=true "HTTP/1.1 200 OK"
2026-03-23 16:15:58,937 - INFO - HTTP Request: PUT http://localhost:6333/collections/daily_trade_strategies/points?wait=true "HTTP/1.1 200 OK"
2026-03-23 16:15:58,940 - INFO - HTTP Request: PUT http://localhost:6333/collections/trading_results/points?wait=true "HTTP/1.1 200 OK"
2026-03-23 16:15:58,947 - INFO - HTTP Request: PUT http://localhost:6333/collections/stock_recommendations/points?wait=true "HTTP/1.1 200 OK"
2026-03-23 16:15:58,973 - INFO - HTTP Request: PUT http://localhost:6333/collections/daily_trade_strategies/points?wait=true "HTTP/1.1 200 OK"
2026-03-23 16:15:58,976 - INFO - HTTP Request: PUT http://localhost:6333/collections/trading_results/points?wait=true "HTTP/1.1 200 OK"
2026-03-23 16:15:58,983 - INFO - HTTP Request: PUT http://localhost:6333/collections/stock_recommendations/points?wait=true "HTTP/1.1 200 OK"
2026-03-23 16:15:59,009 - INFO - HTTP Request: PUT http://localhost:6333/collections/daily_trade_strategies/points?wait=true "HTTP/1.1 200 OK"
2026-03-23 16:15:59,013 - INFO - HTTP Request: PUT http://localhost:6333/collections/trading_results/points?wait=true "HTTP/1.1 200 OK"
2026-03-23 16:15:59,020 - INFO - HTTP Request: PUT http://localhost:6333/collections/stock_recommendations/points?wait=true "HTTP/1.1 200 OK"
2026-03-23 16:15:59,048 - INFO - HTTP Request: PUT http://localhost:6333/collections/daily_trade_strategies/points?wait=true "HTTP/1.1 200 OK"
2026-03-23 16:15:59,052 - INFO - HTTP Request: PUT http://localhost:6333/collections/trading_results/points?wait=true "HTTP/1.1 200 OK"
2026-03-23 16:15:59,058 - INFO - HTTP Request: PUT http://localhost:6333/collections/stock_recommendations/points?wait=true "HTTP/1.1 200 OK"
2026-03-23 16:15:59,084 - INFO - HTTP Request: PUT http://localhost:6333/collections/daily_trade_strategies/points?wait=true "HTTP/1.1 200 OK"
2026-03-23 16:15:59,088 - INFO - HTTP Request: PUT http://localhost:6333/collections/trading_results/points?wait=true "HTTP/1.1 200 OK"
2026-03-23 16:15:59,109 - INFO - HTTP Request: PUT http://localhost:6333/collections/stock_recommendations/points?wait=true "HTTP/1.1 200 OK"
2026-03-23 16:15:59,143 - INFO - HTTP Request: PUT http://localhost:6333/collections/daily_trade_strategies/points?wait=true "HTTP/1.1 200 OK"
2026-03-23 16:15:59,170 - INFO - HTTP Request: PUT http://localhost:6333/collections/trading_results/points?wait=true "HTTP/1.1 200 OK"
2026-03-23 16:15:59,204 - INFO - HTTP Request: PUT http://localhost:6333/collections/stock_recommendations/points?wait=true "HTTP/1.1 200 OK"
2026-03-23 16:15:59,230 - INFO - HTTP Request: PUT http://localhost:6333/collections/daily_trade_strategies/points?wait=true "HTTP/1.1 200 OK"
2026-03-23 16:15:59,235 - INFO - HTTP Request: PUT http://localhost:6333/collections/trading_results/points?wait=true "HTTP/1.1 200 OK"
2026-03-23 16:15:59,242 - INFO - HTTP Request: PUT http://localhost:6333/collections/stock_recommendations/points?wait=true "HTTP/1.1 200 OK"
2026-03-23 16:15:59,273 - INFO - HTTP Request: PUT http://localhost:6333/collections/daily_trade_strategies/points?wait=true "HTTP/1.1 200 OK"
2026-03-23 16:15:59,278 - INFO - HTTP Request: PUT http://localhost:6333/collections/trading_results/points?wait=true "HTTP/1.1 200 OK"
2026-03-23 16:15:59,312 - INFO - HTTP Request: PUT http://localhost:6333/collections/stock_recommendations/points?wait=true "HTTP/1.1 200 OK"
2026-03-23 16:15:59,357 - INFO - HTTP Request: PUT http://localhost:6333/collections/daily_trade_strategies/points?wait=true "HTTP/1.1 200 OK"
2026-03-23 16:15:59,361 - INFO - HTTP Request: PUT http://localhost:6333/collections/trading_results/points?wait=true "HTTP/1.1 200 OK"
2026-03-23 16:15:59,388 - INFO - HTTP Request: PUT http://localhost:6333/collections/stock_recommendations/points?wait=true "HTTP/1.1 200 OK"
2026-03-23 16:15:59,427 - INFO - HTTP Request: PUT http://localhost:6333/collections/daily_trade_strategies/points?wait=true "HTTP/1.1 200 OK"
2026-03-23 16:15:59,451 - INFO - HTTP Request: PUT http://localhost:6333/collections/trading_results/points?wait=true "HTTP/1.1 200 OK"
2026-03-23 16:15:59,467 - INFO - HTTP Request: PUT http://localhost:6333/collections/stock_recommendations/points?wait=true "HTTP/1.1 200 OK"
2026-03-23 16:15:59,494 - INFO - HTTP Request: PUT http://localhost:6333/collections/daily_trade_strategies/points?wait=true "HTTP/1.1 200 OK"
2026-03-23 16:15:59,500 - INFO - HTTP Request: PUT http://localhost:6333/collections/trading_results/points?wait=true "HTTP/1.1 200 OK"
2026-03-23 16:15:59,508 - INFO - HTTP Request: PUT http://localhost:6333/collections/stock_recommendations/points?wait=true "HTTP/1.1 200 OK"
2026-03-23 16:15:59,535 - INFO - HTTP Request: PUT http://localhost:6333/collections/daily_trade_strategies/points?wait=true "HTTP/1.1 200 OK"
2026-03-23 16:15:59,539 - INFO - HTTP Request: PUT http://localhost:6333/collections/trading_results/points?wait=true "HTTP/1.1 200 OK"
2026-03-23 16:15:59,548 - INFO - HTTP Request: PUT http://localhost:6333/collections/stock_recommendations/points?wait=true "HTTP/1.1 200 OK"
2026-03-23 16:15:59,575 - INFO - HTTP Request: PUT http://localhost:6333/collections/daily_trade_strategies/points?wait=true "HTTP/1.1 200 OK"
2026-03-23 16:15:59,579 - INFO - HTTP Request: PUT http://localhost:6333/collections/trading_results/points?wait=true "HTTP/1.1 200 OK"
2026-03-23 16:15:59,588 - INFO - HTTP Request: PUT http://localhost:6333/collections/stock_recommendations/points?wait=true "HTTP/1.1 200 OK"
2026-03-23 16:15:59,616 - INFO - HTTP Request: PUT http://localhost:6333/collections/daily_trade_strategies/points?wait=true "HTTP/1.1 200 OK"
2026-03-23 16:15:59,626 - INFO - HTTP Request: PUT http://localhost:6333/collections/trading_results/points?wait=true "HTTP/1.1 200 OK"
2026-03-23 16:15:59,634 - INFO - HTTP Request: PUT http://localhost:6333/collections/stock_recommendations/points?wait=true "HTTP/1.1 200 OK"
2026-03-23 16:15:59,683 - INFO - HTTP Request: PUT http://localhost:6333/collections/daily_trade_strategies/points?wait=true "HTTP/1.1 200 OK"
2026-03-23 16:15:59,688 - INFO - HTTP Request: PUT http://localhost:6333/collections/trading_results/points?wait=true "HTTP/1.1 200 OK"
2026-03-23 16:15:59,696 - INFO - HTTP Request: PUT http://localhost:6333/collections/stock_recommendations/points?wait=true "HTTP/1.1 200 OK"
2026-03-23 16:15:59,723 - INFO - HTTP Request: PUT http://localhost:6333/collections/daily_trade_strategies/points?wait=true "HTTP/1.1 200 OK"
2026-03-23 16:15:59,727 - INFO - HTTP Request: PUT http://localhost:6333/collections/trading_results/points?wait=true "HTTP/1.1 200 OK"
2026-03-23 16:15:59,734 - INFO - HTTP Request: PUT http://localhost:6333/collections/stock_recommendations/points?wait=true "HTTP/1.1 200 OK"
2026-03-23 16:15:59,762 - INFO - HTTP Request: PUT http://localhost:6333/collections/daily_trade_strategies/points?wait=true "HTTP/1.1 200 OK"
2026-03-23 16:15:59,765 - INFO - HTTP Request: PUT http://localhost:6333/collections/trading_results/points?wait=true "HTTP/1.1 200 OK"
2026-03-23 16:15:59,772 - INFO - HTTP Request: PUT http://localhost:6333/collections/stock_recommendations/points?wait=true "HTTP/1.1 200 OK"
2026-03-23 16:15:59,802 - INFO - HTTP Request: PUT http://localhost:6333/collections/daily_trade_strategies/points?wait=true "HTTP/1.1 200 OK"
2026-03-23 16:15:59,807 - INFO - HTTP Request: PUT http://localhost:6333/collections/trading_results/points?wait=true "HTTP/1.1 200 OK"
2026-03-23 16:15:59,815 - INFO - HTTP Request: PUT http://localhost:6333/collections/stock_recommendations/points?wait=true "HTTP/1.1 200 OK"
2026-03-23 16:15:59,843 - INFO - HTTP Request: PUT http://localhost:6333/collections/daily_trade_strategies/points?wait=true "HTTP/1.1 200 OK"
2026-03-23 16:15:59,845 - INFO - HTTP Request: PUT http://localhost:6333/collections/trading_results/points?wait=true "HTTP/1.1 200 OK"
2026-03-23 16:15:59,853 - INFO - HTTP Request: PUT http://localhost:6333/collections/stock_recommendations/points?wait=true "HTTP/1.1 200 OK"
2026-03-23 16:15:59,879 - INFO - HTTP Request: PUT http://localhost:6333/collections/daily_trade_strategies/points?wait=true "HTTP/1.1 200 OK"
2026-03-23 16:15:59,899 - INFO - HTTP Request: PUT http://localhost:6333/collections/trading_results/points?wait=true "HTTP/1.1 200 OK"
2026-03-23 16:15:59,906 - INFO - HTTP Request: PUT http://localhost:6333/collections/stock_recommendations/points?wait=true "HTTP/1.1 200 OK"
2026-03-23 16:15:59,948 - INFO - HTTP Request: PUT http://localhost:6333/collections/daily_trade_strategies/points?wait=true "HTTP/1.1 200 OK"
2026-03-23 16:15:59,952 - INFO - HTTP Request: PUT http://localhost:6333/collections/trading_results/points?wait=true "HTTP/1.1 200 OK"
2026-03-23 16:15:59,959 - INFO - HTTP Request: PUT http://localhost:6333/collections/stock_recommendations/points?wait=true "HTTP/1.1 200 OK"
2026-03-23 16:15:59,986 - INFO - HTTP Request: PUT http://localhost:6333/collections/daily_trade_strategies/points?wait=true "HTTP/1.1 200 OK"
2026-03-23 16:15:59,989 - INFO - HTTP Request: PUT http://localhost:6333/collections/trading_results/points?wait=true "HTTP/1.1 200 OK"
2026-03-23 16:16:00,011 - INFO - HTTP Request: PUT http://localhost:6333/collections/stock_recommendations/points?wait=true "HTTP/1.1 200 OK"
2026-03-23 16:16:00,056 - INFO - HTTP Request: PUT http://localhost:6333/collections/daily_trade_strategies/points?wait=true "HTTP/1.1 200 OK"
2026-03-23 16:16:00,060 - INFO - HTTP Request: PUT http://localhost:6333/collections/trading_results/points?wait=true "HTTP/1.1 200 OK"
2026-03-23 16:16:00,068 - INFO - HTTP Request: PUT http://localhost:6333/collections/stock_recommendations/points?wait=true "HTTP/1.1 200 OK"
2026-03-23 16:16:00,094 - INFO - HTTP Request: PUT http://localhost:6333/collections/daily_trade_strategies/points?wait=true "HTTP/1.1 200 OK"
2026-03-23 16:16:00,099 - INFO - HTTP Request: PUT http://localhost:6333/collections/trading_results/points?wait=true "HTTP/1.1 200 OK"
2026-03-23 16:16:00,120 - INFO - HTTP Request: PUT http://localhost:6333/collections/stock_recommendations/points?wait=true "HTTP/1.1 200 OK"
2026-03-23 16:16:00,149 - INFO - HTTP Request: PUT http://localhost:6333/collections/daily_trade_strategies/points?wait=true "HTTP/1.1 200 OK"
2026-03-23 16:16:00,166 - INFO - HTTP Request: PUT http://localhost:6333/collections/trading_results/points?wait=true "HTTP/1.1 200 OK"
2026-03-23 16:16:00,173 - INFO - HTTP Request: PUT http://localhost:6333/collections/stock_recommendations/points?wait=true "HTTP/1.1 200 OK"
2026-03-23 16:16:00,215 - INFO - HTTP Request: PUT http://localhost:6333/collections/daily_trade_strategies/points?wait=true "HTTP/1.1 200 OK"
2026-03-23 16:16:00,229 - INFO - HTTP Request: PUT http://localhost:6333/collections/trading_results/points?wait=true "HTTP/1.1 200 OK"
2026-03-23 16:16:00,237 - INFO - HTTP Request: PUT http://localhost:6333/collections/stock_recommendations/points?wait=true "HTTP/1.1 200 OK"
2026-03-23 16:16:00,265 - INFO - HTTP Request: PUT http://localhost:6333/collections/daily_trade_strategies/points?wait=true "HTTP/1.1 200 OK"
2026-03-23 16:16:00,268 - INFO - HTTP Request: PUT http://localhost:6333/collections/trading_results/points?wait=true "HTTP/1.1 200 OK"
2026-03-23 16:16:00,275 - INFO - HTTP Request: PUT http://localhost:6333/collections/stock_recommendations/points?wait=true "HTTP/1.1 200 OK"
2026-03-23 16:16:00,302 - INFO - HTTP Request: PUT http://localhost:6333/collections/daily_trade_strategies/points?wait=true "HTTP/1.1 200 OK"
2026-03-23 16:16:00,306 - INFO - HTTP Request: PUT http://localhost:6333/collections/trading_results/points?wait=true "HTTP/1.1 200 OK"
2026-03-23 16:16:00,313 - INFO - HTTP Request: PUT http://localhost:6333/collections/stock_recommendations/points?wait=true "HTTP/1.1 200 OK"
2026-03-23 16:16:00,343 - INFO - HTTP Request: PUT http://localhost:6333/collections/daily_trade_strategies/points?wait=true "HTTP/1.1 200 OK"
2026-03-23 16:16:00,346 - INFO - HTTP Request: PUT http://localhost:6333/collections/trading_results/points?wait=true "HTTP/1.1 200 OK"
2026-03-23 16:16:00,353 - INFO - HTTP Request: PUT http://localhost:6333/collections/stock_recommendations/points?wait=true "HTTP/1.1 200 OK"
2026-03-23 16:16:00,381 - INFO - HTTP Request: PUT http://localhost:6333/collections/daily_trade_strategies/points?wait=true "HTTP/1.1 200 OK"
2026-03-23 16:16:00,384 - INFO - HTTP Request: PUT http://localhost:6333/collections/trading_results/points?wait=true "HTTP/1.1 200 OK"
2026-03-23 16:16:00,391 - INFO - HTTP Request: PUT http://localhost:6333/collections/stock_recommendations/points?wait=true "HTTP/1.1 200 OK"
2026-03-23 16:16:00,416 - INFO - HTTP Request: PUT http://localhost:6333/collections/daily_trade_strategies/points?wait=true "HTTP/1.1 200 OK"
2026-03-23 16:16:00,433 - INFO - HTTP Request: PUT http://localhost:6333/collections/trading_results/points?wait=true "HTTP/1.1 200 OK"
2026-03-23 16:16:00,439 - INFO - HTTP Request: PUT http://localhost:6333/collections/stock_recommendations/points?wait=true "HTTP/1.1 200 OK"
2026-03-23 16:16:00,464 - INFO - HTTP Request: PUT http://localhost:6333/collections/daily_trade_strategies/points?wait=true "HTTP/1.1 200 OK"
2026-03-23 16:16:00,467 - INFO - HTTP Request: PUT http://localhost:6333/collections/trading_results/points?wait=true "HTTP/1.1 200 OK"
2026-03-23 16:16:00,473 - INFO - HTTP Request: PUT http://localhost:6333/collections/stock_recommendations/points?wait=true "HTTP/1.1 200 OK"
2026-03-23 16:16:00,498 - INFO - HTTP Request: PUT http://localhost:6333/collections/daily_trade_strategies/points?wait=true "HTTP/1.1 200 OK"
2026-03-23 16:16:00,502 - INFO - HTTP Request: PUT http://localhost:6333/collections/trading_results/points?wait=true "HTTP/1.1 200 OK"
2026-03-23 16:16:00,509 - INFO - HTTP Request: PUT http://localhost:6333/collections/stock_recommendations/points?wait=true "HTTP/1.1 200 OK"
2026-03-23 16:16:00,534 - INFO - HTTP Request: PUT http://localhost:6333/collections/daily_trade_strategies/points?wait=true "HTTP/1.1 200 OK"
2026-03-23 16:16:00,538 - INFO - HTTP Request: PUT http://localhost:6333/collections/trading_results/points?wait=true "HTTP/1.1 200 OK"
2026-03-23 16:16:00,546 - INFO - HTTP Request: PUT http://localhost:6333/collections/stock_recommendations/points?wait=true "HTTP/1.1 200 OK"
2026-03-23 16:16:00,576 - INFO - HTTP Request: PUT http://localhost:6333/collections/daily_trade_strategies/points?wait=true "HTTP/1.1 200 OK"
2026-03-23 16:16:00,579 - INFO - HTTP Request: PUT http://localhost:6333/collections/trading_results/points?wait=true "HTTP/1.1 200 OK"
2026-03-23 16:16:00,586 - INFO - HTTP Request: PUT http://localhost:6333/collections/stock_recommendations/points?wait=true "HTTP/1.1 200 OK"
2026-03-23 16:16:00,622 - INFO - HTTP Request: PUT http://localhost:6333/collections/daily_trade_strategies/points?wait=true "HTTP/1.1 200 OK"
2026-03-23 16:16:00,627 - INFO - HTTP Request: PUT http://localhost:6333/collections/trading_results/points?wait=true "HTTP/1.1 200 OK"
2026-03-23 16:16:00,641 - INFO - HTTP Request: PUT http://localhost:6333/collections/stock_recommendations/points?wait=true "HTTP/1.1 200 OK"
2026-03-23 16:16:00,670 - INFO - HTTP Request: PUT http://localhost:6333/collections/daily_trade_strategies/points?wait=true "HTTP/1.1 200 OK"
2026-03-23 16:16:00,674 - INFO - HTTP Request: PUT http://localhost:6333/collections/trading_results/points?wait=true "HTTP/1.1 200 OK"
2026-03-23 16:16:00,700 - INFO - HTTP Request: PUT http://localhost:6333/collections/stock_recommendations/points?wait=true "HTTP/1.1 200 OK"
2026-03-23 16:16:00,726 - INFO - HTTP Request: PUT http://localhost:6333/collections/daily_trade_strategies/points?wait=true "HTTP/1.1 200 OK"
2026-03-23 16:16:00,730 - INFO - HTTP Request: PUT http://localhost:6333/collections/trading_results/points?wait=true "HTTP/1.1 200 OK"
2026-03-23 16:16:00,746 - INFO - HTTP Request: PUT http://localhost:6333/collections/stock_recommendations/points?wait=true "HTTP/1.1 200 OK"
2026-03-23 16:16:00,775 - INFO - HTTP Request: PUT http://localhost:6333/collections/daily_trade_strategies/points?wait=true "HTTP/1.1 200 OK"
2026-03-23 16:16:00,778 - INFO - HTTP Request: PUT http://localhost:6333/collections/trading_results/points?wait=true "HTTP/1.1 200 OK"
2026-03-23 16:16:00,785 - INFO - HTTP Request: PUT http://localhost:6333/collections/stock_recommendations/points?wait=true "HTTP/1.1 200 OK"
2026-03-23 16:16:00,812 - INFO - HTTP Request: PUT http://localhost:6333/collections/daily_trade_strategies/points?wait=true "HTTP/1.1 200 OK"
2026-03-23 16:16:00,815 - INFO - HTTP Request: PUT http://localhost:6333/collections/trading_results/points?wait=true "HTTP/1.1 200 OK"
2026-03-23 16:16:00,822 - INFO - HTTP Request: PUT http://localhost:6333/collections/stock_recommendations/points?wait=true "HTTP/1.1 200 OK"
2026-03-23 16:16:00,847 - INFO - HTTP Request: PUT http://localhost:6333/collections/daily_trade_strategies/points?wait=true "HTTP/1.1 200 OK"
2026-03-23 16:16:00,851 - INFO - HTTP Request: PUT http://localhost:6333/collections/trading_results/points?wait=true "HTTP/1.1 200 OK"
2026-03-23 16:16:00,857 - INFO - HTTP Request: PUT http://localhost:6333/collections/stock_recommendations/points?wait=true "HTTP/1.1 200 OK"
2026-03-23 16:16:00,905 - INFO - HTTP Request: PUT http://localhost:6333/collections/daily_trade_strategies/points?wait=true "HTTP/1.1 200 OK"
2026-03-23 16:16:00,908 - INFO - HTTP Request: PUT http://localhost:6333/collections/trading_results/points?wait=true "HTTP/1.1 200 OK"
2026-03-23 16:16:00,914 - INFO - HTTP Request: PUT http://localhost:6333/collections/stock_recommendations/points?wait=true "HTTP/1.1 200 OK"
2026-03-23 16:16:00,940 - INFO - HTTP Request: PUT http://localhost:6333/collections/daily_trade_strategies/points?wait=true "HTTP/1.1 200 OK"
2026-03-23 16:16:00,944 - INFO - HTTP Request: PUT http://localhost:6333/collections/trading_results/points?wait=true "HTTP/1.1 200 OK"
2026-03-23 16:16:00,952 - INFO - HTTP Request: PUT http://localhost:6333/collections/stock_recommendations/points?wait=true "HTTP/1.1 200 OK"
2026-03-23 16:16:00,979 - INFO - HTTP Request: PUT http://localhost:6333/collections/daily_trade_strategies/points?wait=true "HTTP/1.1 200 OK"
2026-03-23 16:16:00,983 - INFO - HTTP Request: PUT http://localhost:6333/collections/trading_results/points?wait=true "HTTP/1.1 200 OK"
2026-03-23 16:16:00,989 - INFO - HTTP Request: PUT http://localhost:6333/collections/stock_recommendations/points?wait=true "HTTP/1.1 200 OK"
2026-03-23 16:16:01,016 - INFO - HTTP Request: PUT http://localhost:6333/collections/daily_trade_strategies/points?wait=true "HTTP/1.1 200 OK"
2026-03-23 16:16:01,019 - INFO - HTTP Request: PUT http://localhost:6333/collections/trading_results/points?wait=true "HTTP/1.1 200 OK"
2026-03-23 16:16:01,027 - INFO - HTTP Request: PUT http://localhost:6333/collections/stock_recommendations/points?wait=true "HTTP/1.1 200 OK"
2026-03-23 16:16:01,054 - INFO - HTTP Request: PUT http://localhost:6333/collections/daily_trade_strategies/points?wait=true "HTTP/1.1 200 OK"
2026-03-23 16:16:01,059 - INFO - HTTP Request: PUT http://localhost:6333/collections/trading_results/points?wait=true "HTTP/1.1 200 OK"
2026-03-23 16:16:01,076 - INFO - HTTP Request: PUT http://localhost:6333/collections/stock_recommendations/points?wait=true "HTTP/1.1 200 OK"
2026-03-23 16:16:01,103 - INFO - HTTP Request: PUT http://localhost:6333/collections/daily_trade_strategies/points?wait=true "HTTP/1.1 200 OK"
2026-03-23 16:16:01,107 - INFO - HTTP Request: PUT http://localhost:6333/collections/trading_results/points?wait=true "HTTP/1.1 200 OK"
2026-03-23 16:16:01,136 - INFO - HTTP Request: PUT http://localhost:6333/collections/stock_recommendations/points?wait=true "HTTP/1.1 200 OK"
2026-03-23 16:16:01,183 - INFO - HTTP Request: PUT http://localhost:6333/collections/daily_trade_strategies/points?wait=true "HTTP/1.1 200 OK"
2026-03-23 16:16:01,187 - INFO - HTTP Request: PUT http://localhost:6333/collections/trading_results/points?wait=true "HTTP/1.1 200 OK"
2026-03-23 16:16:01,194 - INFO - HTTP Request: PUT http://localhost:6333/collections/stock_recommendations/points?wait=true "HTTP/1.1 200 OK"
2026-03-23 16:16:01,220 - INFO - HTTP Request: PUT http://localhost:6333/collections/daily_trade_strategies/points?wait=true "HTTP/1.1 200 OK"
2026-03-23 16:16:01,224 - INFO - HTTP Request: PUT http://localhost:6333/collections/trading_results/points?wait=true "HTTP/1.1 200 OK"
2026-03-23 16:16:01,230 - INFO - HTTP Request: PUT http://localhost:6333/collections/stock_recommendations/points?wait=true "HTTP/1.1 200 OK"
2026-03-23 16:16:01,259 - INFO - HTTP Request: PUT http://localhost:6333/collections/daily_trade_strategies/points?wait=true "HTTP/1.1 200 OK"
2026-03-23 16:16:01,263 - INFO - HTTP Request: PUT http://localhost:6333/collections/trading_results/points?wait=true "HTTP/1.1 200 OK"
2026-03-23 16:16:01,271 - INFO - HTTP Request: PUT http://localhost:6333/collections/stock_recommendations/points?wait=true "HTTP/1.1 200 OK"
2026-03-23 16:16:01,300 - INFO - HTTP Request: PUT http://localhost:6333/collections/daily_trade_strategies/points?wait=true "HTTP/1.1 200 OK"
2026-03-23 16:16:01,305 - INFO - HTTP Request: PUT http://localhost:6333/collections/trading_results/points?wait=true "HTTP/1.1 200 OK"
2026-03-23 16:16:01,315 - INFO - HTTP Request: PUT http://localhost:6333/collections/stock_recommendations/points?wait=true "HTTP/1.1 200 OK"
2026-03-23 16:16:01,354 - INFO - HTTP Request: PUT http://localhost:6333/collections/daily_trade_strategies/points?wait=true "HTTP/1.1 200 OK"
2026-03-23 16:16:01,359 - INFO - HTTP Request: PUT http://localhost:6333/collections/trading_results/points?wait=true "HTTP/1.1 200 OK"
2026-03-23 16:16:01,368 - INFO - HTTP Request: PUT http://localhost:6333/collections/stock_recommendations/points?wait=true "HTTP/1.1 200 OK"
2026-03-23 16:16:01,416 - INFO - HTTP Request: PUT http://localhost:6333/collections/daily_trade_strategies/points?wait=true "HTTP/1.1 200 OK"
2026-03-23 16:16:01,420 - INFO - HTTP Request: PUT http://localhost:6333/collections/trading_results/points?wait=true "HTTP/1.1 200 OK"
2026-03-23 16:16:01,426 - INFO - HTTP Request: PUT http://localhost:6333/collections/stock_recommendations/points?wait=true "HTTP/1.1 200 OK"
2026-03-23 16:16:01,454 - INFO - HTTP Request: PUT http://localhost:6333/collections/daily_trade_strategies/points?wait=true "HTTP/1.1 200 OK"
2026-03-23 16:16:01,458 - INFO - HTTP Request: PUT http://localhost:6333/collections/trading_results/points?wait=true "HTTP/1.1 200 OK"
2026-03-23 16:16:01,466 - INFO - HTTP Request: PUT http://localhost:6333/collections/stock_recommendations/points?wait=true "HTTP/1.1 200 OK"
2026-03-23 16:16:01,494 - INFO - HTTP Request: PUT http://localhost:6333/collections/daily_trade_strategies/points?wait=true "HTTP/1.1 200 OK"
2026-03-23 16:16:01,497 - INFO - HTTP Request: PUT http://localhost:6333/collections/trading_results/points?wait=true "HTTP/1.1 200 OK"
2026-03-23 16:16:01,505 - INFO - HTTP Request: PUT http://localhost:6333/collections/stock_recommendations/points?wait=true "HTTP/1.1 200 OK"
2026-03-23 16:16:01,534 - INFO - HTTP Request: PUT http://localhost:6333/collections/daily_trade_strategies/points?wait=true "HTTP/1.1 200 OK"
2026-03-23 16:16:01,537 - INFO - HTTP Request: PUT http://localhost:6333/collections/trading_results/points?wait=true "HTTP/1.1 200 OK"
2026-03-23 16:16:01,569 - INFO - HTTP Request: PUT http://localhost:6333/collections/stock_recommendations/points?wait=true "HTTP/1.1 200 OK"
2026-03-23 16:16:01,606 - INFO - HTTP Request: PUT http://localhost:6333/collections/daily_trade_strategies/points?wait=true "HTTP/1.1 200 OK"
2026-03-23 16:16:01,610 - INFO - HTTP Request: PUT http://localhost:6333/collections/trading_results/points?wait=true "HTTP/1.1 200 OK"
2026-03-23 16:16:01,620 - INFO - HTTP Request: PUT http://localhost:6333/collections/stock_recommendations/points?wait=true "HTTP/1.1 200 OK"
2026-03-23 16:16:01,662 - INFO - HTTP Request: PUT http://localhost:6333/collections/daily_trade_strategies/points?wait=true "HTTP/1.1 200 OK"
2026-03-23 16:16:01,666 - INFO - HTTP Request: PUT http://localhost:6333/collections/trading_results/points?wait=true "HTTP/1.1 200 OK"
2026-03-23 16:16:01,673 - INFO - HTTP Request: PUT http://localhost:6333/collections/stock_recommendations/points?wait=true "HTTP/1.1 200 OK"
2026-03-23 16:16:01,700 - INFO - HTTP Request: PUT http://localhost:6333/collections/daily_trade_strategies/points?wait=true "HTTP/1.1 200 OK"
2026-03-23 16:16:01,704 - INFO - HTTP Request: PUT http://localhost:6333/collections/trading_results/points?wait=true "HTTP/1.1 200 OK"
2026-03-23 16:16:01,713 - INFO - HTTP Request: PUT http://localhost:6333/collections/stock_recommendations/points?wait=true "HTTP/1.1 200 OK"
2026-03-23 16:16:01,739 - INFO - HTTP Request: PUT http://localhost:6333/collections/daily_trade_strategies/points?wait=true "HTTP/1.1 200 OK"
2026-03-23 16:16:01,741 - INFO - HTTP Request: PUT http://localhost:6333/collections/trading_results/points?wait=true "HTTP/1.1 200 OK"
2026-03-23 16:16:01,748 - INFO - HTTP Request: PUT http://localhost:6333/collections/stock_recommendations/points?wait=true "HTTP/1.1 200 OK"
2026-03-23 16:16:01,774 - INFO - HTTP Request: PUT http://localhost:6333/collections/daily_trade_strategies/points?wait=true "HTTP/1.1 200 OK"
2026-03-23 16:16:01,777 - INFO - HTTP Request: PUT http://localhost:6333/collections/trading_results/points?wait=true "HTTP/1.1 200 OK"
2026-03-23 16:16:01,785 - INFO - HTTP Request: PUT http://localhost:6333/collections/stock_recommendations/points?wait=true "HTTP/1.1 200 OK"
2026-03-23 16:16:01,812 - INFO - HTTP Request: PUT http://localhost:6333/collections/daily_trade_strategies/points?wait=true "HTTP/1.1 200 OK"
2026-03-23 16:16:01,815 - INFO - HTTP Request: PUT http://localhost:6333/collections/trading_results/points?wait=true "HTTP/1.1 200 OK"
2026-03-23 16:16:01,822 - INFO - HTTP Request: PUT http://localhost:6333/collections/stock_recommendations/points?wait=true "HTTP/1.1 200 OK"
2026-03-23 16:16:01,849 - INFO - HTTP Request: PUT http://localhost:6333/collections/daily_trade_strategies/points?wait=true "HTTP/1.1 200 OK"
2026-03-23 16:16:01,853 - INFO - HTTP Request: PUT http://localhost:6333/collections/trading_results/points?wait=true "HTTP/1.1 200 OK"
2026-03-23 16:16:01,860 - INFO - HTTP Request: PUT http://localhost:6333/collections/stock_recommendations/points?wait=true "HTTP/1.1 200 OK"
2026-03-23 16:16:01,897 - INFO - HTTP Request: PUT http://localhost:6333/collections/daily_trade_strategies/points?wait=true "HTTP/1.1 200 OK"
2026-03-23 16:16:01,900 - INFO - HTTP Request: PUT http://localhost:6333/collections/trading_results/points?wait=true "HTTP/1.1 200 OK"
2026-03-23 16:16:01,908 - INFO - HTTP Request: PUT http://localhost:6333/collections/stock_recommendations/points?wait=true "HTTP/1.1 200 OK"
2026-03-23 16:16:01,935 - INFO - HTTP Request: PUT http://localhost:6333/collections/daily_trade_strategies/points?wait=true "HTTP/1.1 200 OK"
2026-03-23 16:16:01,939 - INFO - HTTP Request: PUT http://localhost:6333/collections/trading_results/points?wait=true "HTTP/1.1 200 OK"
2026-03-23 16:16:01,946 - INFO - HTTP Request: PUT http://localhost:6333/collections/stock_recommendations/points?wait=true "HTTP/1.1 200 OK"
2026-03-23 16:16:01,973 - INFO - HTTP Request: PUT http://localhost:6333/collections/daily_trade_strategies/points?wait=true "HTTP/1.1 200 OK"
2026-03-23 16:16:01,977 - INFO - HTTP Request: PUT http://localhost:6333/collections/trading_results/points?wait=true "HTTP/1.1 200 OK"
2026-03-23 16:16:01,984 - INFO - HTTP Request: PUT http://localhost:6333/collections/stock_recommendations/points?wait=true "HTTP/1.1 200 OK"
2026-03-23 16:16:02,011 - INFO - HTTP Request: PUT http://localhost:6333/collections/daily_trade_strategies/points?wait=true "HTTP/1.1 200 OK"
2026-03-23 16:16:02,014 - INFO - HTTP Request: PUT http://localhost:6333/collections/trading_results/points?wait=true "HTTP/1.1 200 OK"
2026-03-23 16:16:02,021 - INFO - HTTP Request: PUT http://localhost:6333/collections/stock_recommendations/points?wait=true "HTTP/1.1 200 OK"
2026-03-23 16:16:02,047 - INFO - HTTP Request: PUT http://localhost:6333/collections/daily_trade_strategies/points?wait=true "HTTP/1.1 200 OK"
2026-03-23 16:16:02,050 - INFO - HTTP Request: PUT http://localhost:6333/collections/trading_results/points?wait=true "HTTP/1.1 200 OK"
2026-03-23 16:16:02,057 - INFO - HTTP Request: PUT http://localhost:6333/collections/stock_recommendations/points?wait=true "HTTP/1.1 200 OK"
2026-03-23 16:16:02,083 - INFO - HTTP Request: PUT http://localhost:6333/collections/daily_trade_strategies/points?wait=true "HTTP/1.1 200 OK"
2026-03-23 16:16:02,086 - INFO - HTTP Request: PUT http://localhost:6333/collections/trading_results/points?wait=true "HTTP/1.1 200 OK"
2026-03-23 16:16:02,094 - INFO - HTTP Request: PUT http://localhost:6333/collections/stock_recommendations/points?wait=true "HTTP/1.1 200 OK"
2026-03-23 16:16:02,125 - INFO - HTTP Request: PUT http://localhost:6333/collections/daily_trade_strategies/points?wait=true "HTTP/1.1 200 OK"
2026-03-23 16:16:02,145 - INFO - HTTP Request: PUT http://localhost:6333/collections/trading_results/points?wait=true "HTTP/1.1 200 OK"
2026-03-23 16:16:02,154 - INFO - HTTP Request: PUT http://localhost:6333/collections/stock_recommendations/points?wait=true "HTTP/1.1 200 OK"
2026-03-23 16:16:02,184 - INFO - HTTP Request: PUT http://localhost:6333/collections/daily_trade_strategies/points?wait=true "HTTP/1.1 200 OK"
2026-03-23 16:16:02,188 - INFO - HTTP Request: PUT http://localhost:6333/collections/trading_results/points?wait=true "HTTP/1.1 200 OK"
2026-03-23 16:16:02,195 - INFO - HTTP Request: PUT http://localhost:6333/collections/stock_recommendations/points?wait=true "HTTP/1.1 200 OK"
2026-03-23 16:16:02,241 - INFO - HTTP Request: PUT http://localhost:6333/collections/daily_trade_strategies/points?wait=true "HTTP/1.1 200 OK"
2026-03-23 16:16:02,244 - INFO - HTTP Request: PUT http://localhost:6333/collections/trading_results/points?wait=true "HTTP/1.1 200 OK"
2026-03-23 16:16:02,251 - INFO - HTTP Request: PUT http://localhost:6333/collections/stock_recommendations/points?wait=true "HTTP/1.1 200 OK"
2026-03-23 16:16:02,279 - INFO - HTTP Request: PUT http://localhost:6333/collections/daily_trade_strategies/points?wait=true "HTTP/1.1 200 OK"
2026-03-23 16:16:02,283 - INFO - HTTP Request: PUT http://localhost:6333/collections/trading_results/points?wait=true "HTTP/1.1 200 OK"
2026-03-23 16:16:02,289 - INFO - HTTP Request: PUT http://localhost:6333/collections/stock_recommendations/points?wait=true "HTTP/1.1 200 OK"
2026-03-23 16:16:02,318 - INFO - HTTP Request: PUT http://localhost:6333/collections/daily_trade_strategies/points?wait=true "HTTP/1.1 200 OK"
2026-03-23 16:16:02,324 - INFO - HTTP Request: PUT http://localhost:6333/collections/trading_results/points?wait=true "HTTP/1.1 200 OK"
2026-03-23 16:16:02,331 - INFO - HTTP Request: PUT http://localhost:6333/collections/stock_recommendations/points?wait=true "HTTP/1.1 200 OK"
2026-03-23 16:16:02,359 - INFO - HTTP Request: PUT http://localhost:6333/collections/daily_trade_strategies/points?wait=true "HTTP/1.1 200 OK"
2026-03-23 16:16:02,362 - INFO - HTTP Request: PUT http://localhost:6333/collections/trading_results/points?wait=true "HTTP/1.1 200 OK"
2026-03-23 16:16:02,369 - INFO - HTTP Request: PUT http://localhost:6333/collections/stock_recommendations/points?wait=true "HTTP/1.1 200 OK"
2026-03-23 16:16:02,395 - INFO - HTTP Request: PUT http://localhost:6333/collections/daily_trade_strategies/points?wait=true "HTTP/1.1 200 OK"
2026-03-23 16:16:02,400 - INFO - HTTP Request: PUT http://localhost:6333/collections/trading_results/points?wait=true "HTTP/1.1 200 OK"
2026-03-23 16:16:02,407 - INFO - HTTP Request: PUT http://localhost:6333/collections/stock_recommendations/points?wait=true "HTTP/1.1 200 OK"
2026-03-23 16:16:02,436 - INFO - HTTP Request: PUT http://localhost:6333/collections/daily_trade_strategies/points?wait=true "HTTP/1.1 200 OK"
2026-03-23 16:16:02,439 - INFO - HTTP Request: PUT http://localhost:6333/collections/trading_results/points?wait=true "HTTP/1.1 200 OK"
2026-03-23 16:16:02,447 - INFO - HTTP Request: PUT http://localhost:6333/collections/stock_recommendations/points?wait=true "HTTP/1.1 200 OK"
2026-03-23 16:16:02,473 - INFO - HTTP Request: PUT http://localhost:6333/collections/daily_trade_strategies/points?wait=true "HTTP/1.1 200 OK"
2026-03-23 16:16:02,476 - INFO - HTTP Request: PUT http://localhost:6333/collections/trading_results/points?wait=true "HTTP/1.1 200 OK"
2026-03-23 16:16:02,483 - INFO - HTTP Request: PUT http://localhost:6333/collections/stock_recommendations/points?wait=true "HTTP/1.1 200 OK"
2026-03-23 16:16:02,524 - INFO - HTTP Request: PUT http://localhost:6333/collections/daily_trade_strategies/points?wait=true "HTTP/1.1 200 OK"
2026-03-23 16:16:02,527 - INFO - HTTP Request: PUT http://localhost:6333/collections/trading_results/points?wait=true "HTTP/1.1 200 OK"
2026-03-23 16:16:02,534 - INFO - HTTP Request: PUT http://localhost:6333/collections/stock_recommendations/points?wait=true "HTTP/1.1 200 OK"
2026-03-23 16:16:02,562 - INFO - HTTP Request: PUT http://localhost:6333/collections/daily_trade_strategies/points?wait=true "HTTP/1.1 200 OK"
2026-03-23 16:16:02,565 - INFO - HTTP Request: PUT http://localhost:6333/collections/trading_results/points?wait=true "HTTP/1.1 200 OK"
2026-03-23 16:16:02,572 - INFO - HTTP Request: PUT http://localhost:6333/collections/stock_recommendations/points?wait=true "HTTP/1.1 200 OK"
2026-03-23 16:16:02,599 - INFO - HTTP Request: PUT http://localhost:6333/collections/daily_trade_strategies/points?wait=true "HTTP/1.1 200 OK"
2026-03-23 16:16:02,602 - INFO - HTTP Request: PUT http://localhost:6333/collections/trading_results/points?wait=true "HTTP/1.1 200 OK"
2026-03-23 16:16:02,609 - INFO - HTTP Request: PUT http://localhost:6333/collections/stock_recommendations/points?wait=true "HTTP/1.1 200 OK"
2026-03-23 16:16:02,637 - INFO - HTTP Request: PUT http://localhost:6333/collections/daily_trade_strategies/points?wait=true "HTTP/1.1 200 OK"
2026-03-23 16:16:02,639 - INFO - HTTP Request: PUT http://localhost:6333/collections/trading_results/points?wait=true "HTTP/1.1 200 OK"
2026-03-23 16:16:02,646 - INFO - HTTP Request: PUT http://localhost:6333/collections/stock_recommendations/points?wait=true "HTTP/1.1 200 OK"
2026-03-23 16:16:02,671 - INFO - HTTP Request: PUT http://localhost:6333/collections/daily_trade_strategies/points?wait=true "HTTP/1.1 200 OK"
2026-03-23 16:16:02,674 - INFO - HTTP Request: PUT http://localhost:6333/collections/trading_results/points?wait=true "HTTP/1.1 200 OK"
2026-03-23 16:16:02,681 - INFO - HTTP Request: PUT http://localhost:6333/collections/stock_recommendations/points?wait=true "HTTP/1.1 200 OK"
2026-03-23 16:16:02,708 - INFO - HTTP Request: PUT http://localhost:6333/collections/daily_trade_strategies/points?wait=true "HTTP/1.1 200 OK"
2026-03-23 16:16:02,712 - INFO - HTTP Request: PUT http://localhost:6333/collections/trading_results/points?wait=true "HTTP/1.1 200 OK"
2026-03-23 16:16:02,744 - INFO - HTTP Request: PUT http://localhost:6333/collections/stock_recommendations/points?wait=true "HTTP/1.1 200 OK"
2026-03-23 16:16:02,770 - INFO - HTTP Request: PUT http://localhost:6333/collections/daily_trade_strategies/points?wait=true "HTTP/1.1 200 OK"
2026-03-23 16:16:02,774 - INFO - HTTP Request: PUT http://localhost:6333/collections/trading_results/points?wait=true "HTTP/1.1 200 OK"
2026-03-23 16:16:02,781 - INFO - HTTP Request: PUT http://localhost:6333/collections/stock_recommendations/points?wait=true "HTTP/1.1 200 OK"
2026-03-23 16:16:02,808 - INFO - HTTP Request: PUT http://localhost:6333/collections/daily_trade_strategies/points?wait=true "HTTP/1.1 200 OK"
2026-03-23 16:16:02,811 - INFO - HTTP Request: PUT http://localhost:6333/collections/trading_results/points?wait=true "HTTP/1.1 200 OK"
2026-03-23 16:16:02,817 - INFO - HTTP Request: PUT http://localhost:6333/collections/stock_recommendations/points?wait=true "HTTP/1.1 200 OK"
2026-03-23 16:16:02,845 - INFO - HTTP Request: PUT http://localhost:6333/collections/daily_trade_strategies/points?wait=true "HTTP/1.1 200 OK"
2026-03-23 16:16:02,849 - INFO - HTTP Request: PUT http://localhost:6333/collections/trading_results/points?wait=true "HTTP/1.1 200 OK"
2026-03-23 16:16:02,849 - INFO - Uploaded 15608 recommendation points.
2026-03-23 16:16:02,849 - INFO - Uploaded 218 trading result points.
2026-03-23 16:16:02,849 - INFO - Uploaded 218 strategy points.
2026-03-23 16:16:02,852 - INFO - HTTP Request: PUT http://localhost:6333/collections/performance_metrics/points?wait=true "HTTP/1.1 200 OK"
2026-03-23 16:16:02,852 - INFO - Uploaded performance snapshot.
2026-03-23 16:16:02,853 - INFO - Progress updated: 218 days | last: 2026-03-20
2026-03-23 16:16:02,853 - INFO - ============================================================
2026-03-23 16:16:02,853 - INFO - DONE — 2026 paper trading complete
2026-03-23 16:16:02,853 - INFO -   2026 predictions : C:\Users\luixj\AI\stock-data\data\processed\phase4\predictions_2026.parquet
2026-03-23 16:16:02,853 - INFO -   Combined preds   : C:\Users\luixj\AI\stock-data\data\processed\phase4\predictions_combined.parquet
2026-03-23 16:16:02,853 - INFO -   Daily results    : C:\Users\luixj\AI\stock-data\data\processed\phase4\phase4_paper_trading_daily.parquet
2026-03-23 16:16:02,853 - INFO -   Summary          : C:\Users\luixj\AI\stock-data\data\processed\phase4\phase4_paper_trading_summary.json
2026-03-23 16:16:02,853 - INFO - ============================================================
2026-03-23 16:16:03,407 - INFO - Prediction refresh completed successfully.
2026-03-23 16:16:03,458 - INFO - No new historical dates available. Last processed: 2026-03-20 | Tradable range: 2025-04-01 to 2026-03-20
2026-03-23 16:16:03,458 - WARNING - Predictions look stale. Refresh with:
2026-03-23 16:16:03,458 - WARNING -   python scripts/paper_trading/run_2026_paper_trading.py --sim-start 2026-03-21 --sim-end auto
2026-03-23 16:16:03,458 - INFO - No action taken today because there is no new historical date to process.
2026-03-23 16:16:03,479 - INFO - Scheduler run completed with no trade: no tradable historical date after last_processed=2026-03-20 (stale predictions (max tradable 2026-03-20 < 2026-03-22)).
2026-03-23 16:16:03,480 - INFO - ============================================================
2026-03-23 16:16:03,480 - INFO - DAILY AUTOMATION COMPLETE (NO NEW DATA)
2026-03-23 16:16:03,480 - INFO - ============================================================
2026-03-23 16:16:03,480 - INFO - Automation completed successfully!
