2026-03-01 20:10:01,006 - INFO - ============================================================
2026-03-01 20:10:01,006 - INFO - 2026 PAPER TRADING — LIVE DATA
2026-03-01 20:10:01,006 - INFO -   2026 sim range : 2026-02-20 -> 2026-02-28
2026-03-01 20:10:01,006 - INFO -   Full range     : 2025-04-01 -> 2026-02-28
2026-03-01 20:10:01,006 - INFO -   YF download    : 2025-09-01 -> 2026-03-02
2026-03-01 20:10:01,006 - INFO -   Device         : cuda
2026-03-01 20:10:01,006 - INFO - ============================================================
2026-03-01 20:10:01,006 - INFO - Loading ticker universe from phase1_predictions.parquet
2026-03-01 20:10:01,243 - INFO - Ticker universe: 189 stocks
2026-03-01 20:10:01,251 - INFO - OHLCV cache is stale (max date 2026-02-20 < SIM_END 2026-02-28) — re-downloading
2026-03-01 20:10:01,251 - INFO - ============================================================
2026-03-01 20:10:01,251 - INFO - STEP 1: Downloading OHLCV data
2026-03-01 20:10:01,251 - INFO -   Range  : 2025-09-01 -> 2026-03-02
2026-03-01 20:10:01,251 - INFO -   Tickers: 189
2026-03-01 20:10:01,251 - INFO - ============================================================
2026-03-01 20:10:05,285 - INFO -   Progress: 20/189 tickers downloaded
2026-03-01 20:10:08,821 - INFO -   Progress: 40/189 tickers downloaded
2026-03-01 20:10:12,407 - INFO -   Progress: 60/189 tickers downloaded
2026-03-01 20:10:16,161 - INFO -   Progress: 80/189 tickers downloaded
2026-03-01 20:10:19,869 - INFO -   Progress: 100/189 tickers downloaded
2026-03-01 20:10:23,726 - INFO -   Progress: 120/189 tickers downloaded
2026-03-01 20:10:27,138 - INFO -   Progress: 140/189 tickers downloaded
2026-03-01 20:10:30,572 - INFO -   Progress: 160/189 tickers downloaded
2026-03-01 20:10:34,578 - INFO -   Progress: 180/189 tickers downloaded
2026-03-01 20:10:36,707 - INFO - Downloaded 23436 rows | 189 tickers | 2025-09-02 -> 2026-02-27
2026-03-01 20:10:36,720 - INFO - OHLCV data cached to C:\Users\luixj\AI\stock-data\data\processed\phase4\ohlcv_2026_cache.parquet
2026-03-01 20:10:36,722 - INFO - ============================================================
2026-03-01 20:10:36,722 - INFO - STEP 2: Computing 14 core features
2026-03-01 20:10:36,722 - INFO - ============================================================
2026-03-01 20:10:36,729 - INFO - Calculating 14 core features (leakage-safe)...
2026-03-01 20:10:36,902 - INFO - Core features calculated:
2026-03-01 20:10:36,902 - INFO -   Returns: ret_1d, ret_5d, ret_20d
2026-03-01 20:10:36,902 - INFO -   Volatility: vol_10d, vol_20d
2026-03-01 20:10:36,902 - INFO -   Price: hl_range, oc_gap
2026-03-01 20:10:36,902 - INFO -   Trend: sma_10_dist, sma_20_dist
2026-03-01 20:10:36,903 - INFO -   Volume: log_volume, volume_change
2026-03-01 20:10:36,903 - INFO -   Market: market_return, vs_market, market_correlation
2026-03-01 20:10:36,903 - INFO -   Total: 14 features
2026-03-01 20:10:36,904 - INFO - Features: 23436 rows, 189 tickers
2026-03-01 20:10:36,904 - INFO - ============================================================
2026-03-01 20:10:36,904 - INFO - STEP 3: Loading model from C:\Users\luixj\AI\stock-data\models\checkpoints\lstm_phase2a_temp0.05_best.pth
2026-03-01 20:10:36,904 - INFO - ============================================================
2026-03-01 20:10:37,008 - INFO - Model loaded (strict=True)
2026-03-01 20:10:37,031 - INFO - Model ready on cuda
2026-03-01 20:10:37,031 - INFO - ============================================================
2026-03-01 20:10:37,031 - INFO - STEP 4: Generating predictions 2026-02-20 -> 2026-02-28
2026-03-01 20:10:37,031 - INFO - ============================================================
2026-03-01 20:10:37,037 - INFO - Trading days in simulation range: 6
2026-03-01 20:10:37,709 - INFO -   2026-02-20: 189 predictions generated
2026-03-01 20:10:38,154 - INFO -   2026-02-23: 189 predictions generated
2026-03-01 20:10:38,607 - INFO -   2026-02-24: 189 predictions generated
2026-03-01 20:10:39,067 - INFO -   2026-02-25: 189 predictions generated
2026-03-01 20:10:39,521 - INFO -   2026-02-26: 189 predictions generated
2026-03-01 20:10:39,951 - INFO -   2026-02-27: 189 predictions generated
2026-03-01 20:10:39,952 - INFO - Dropping 1 non-tradable date(s) with missing y_true_reg: 2026-02-27
2026-03-01 20:10:39,952 - INFO - Total: 945 predictions | 5 days | 189 tickers
2026-03-01 20:10:39,957 - INFO - Saved 2026 predictions: C:\Users\luixj\AI\stock-data\data\processed\phase4\predictions_2026.parquet
2026-03-01 20:10:39,957 - INFO - ============================================================
2026-03-01 20:10:39,957 - INFO - STEP 5: Combining 2025 + 2026 predictions and simulating
2026-03-01 20:10:39,957 - INFO - ============================================================
2026-03-01 20:10:40,095 - INFO - Combined: 36477 rows | 193 dates | 189 tickers
2026-03-01 20:10:40,097 - INFO -   Date range: 2025-04-01 -> 2026-02-26
2026-03-01 20:10:40,097 - INFO -   Saved to: C:\Users\luixj\AI\stock-data\data\processed\phase4\predictions_combined.parquet
2026-03-01 20:10:40,097 - INFO - Running simulation 2025-04-01 -> 2026-02-28 ...
2026-03-01 20:10:40,097 - INFO - Loading predictions from C:\Users\luixj\AI\stock-data\data\processed\phase4\predictions_combined.parquet
2026-03-01 20:10:40,111 - INFO - Running paper trading simulation for 193 days
2026-03-01 20:10:40,111 - INFO - Date range: 2025-04-01 to 2026-02-26
2026-03-01 20:10:40,111 - INFO - 
============================================================
2026-03-01 20:10:40,111 - INFO - Running paper trading for 2025-04-01
2026-03-01 20:10:40,111 - INFO - ============================================================
2026-03-01 20:10:40,112 - INFO - Portfolio construction: 38 longs, 15 shorts (from 38 candidates)
2026-03-01 20:10:40,112 - INFO - PnL Net: 0.0027 | Scaled: 0.0027 | Turnover: 100.00% | Vol Scale: 1.00
2026-03-01 20:10:40,113 - INFO - 
============================================================
2026-03-01 20:10:40,113 - INFO - Running paper trading for 2025-04-02
2026-03-01 20:10:40,113 - INFO - ============================================================
2026-03-01 20:10:40,114 - INFO - Portfolio construction: 38 longs, 38 shorts (from 38 candidates)
2026-03-01 20:10:40,114 - INFO - PnL Net: -0.0234 | Scaled: -0.0234 | Turnover: 16.46% | Vol Scale: 1.00
2026-03-01 20:10:40,114 - INFO - 
============================================================
2026-03-01 20:10:40,114 - INFO - Running paper trading for 2025-04-03
2026-03-01 20:10:40,114 - INFO - ============================================================
2026-03-01 20:10:40,115 - INFO - Portfolio construction: 38 longs, 38 shorts (from 38 candidates)
2026-03-01 20:10:40,115 - INFO - PnL Net: -0.0208 | Scaled: -0.0208 | Turnover: 20.14% | Vol Scale: 1.00
2026-03-01 20:10:40,116 - INFO - 
============================================================
2026-03-01 20:10:40,116 - INFO - Running paper trading for 2025-04-04
2026-03-01 20:10:40,116 - INFO - ============================================================
2026-03-01 20:10:40,117 - INFO - Portfolio construction: 38 longs, 38 shorts (from 38 candidates)
2026-03-01 20:10:40,117 - INFO - PnL Net: -0.0002 | Scaled: -0.0002 | Turnover: 27.43% | Vol Scale: 1.00
2026-03-01 20:10:40,118 - INFO - 
============================================================
2026-03-01 20:10:40,118 - INFO - Running paper trading for 2025-04-07
2026-03-01 20:10:40,118 - INFO - ============================================================
2026-03-01 20:10:40,119 - INFO - Portfolio construction: 38 longs, 38 shorts (from 38 candidates)
2026-03-01 20:10:40,119 - INFO - PnL Net: -0.0028 | Scaled: -0.0028 | Turnover: 21.14% | Vol Scale: 1.00
2026-03-01 20:10:40,119 - INFO - 
============================================================
2026-03-01 20:10:40,119 - INFO - Running paper trading for 2025-04-08
2026-03-01 20:10:40,119 - INFO - ============================================================
2026-03-01 20:10:40,120 - INFO - Portfolio construction: 38 longs, 38 shorts (from 38 candidates)
2026-03-01 20:10:40,120 - INFO - PnL Net: 0.0243 | Scaled: 0.0243 | Turnover: 21.60% | Vol Scale: 1.00
2026-03-01 20:10:40,120 - INFO - 
============================================================
2026-03-01 20:10:40,120 - INFO - Running paper trading for 2025-04-09
2026-03-01 20:10:40,120 - INFO - ============================================================
2026-03-01 20:10:40,121 - INFO - Portfolio construction: 38 longs, 1 shorts (from 38 candidates)
2026-03-01 20:10:40,121 - INFO - PnL Net: -0.0107 | Scaled: -0.0107 | Turnover: 20.86% | Vol Scale: 1.00
2026-03-01 20:10:40,121 - INFO - 
============================================================
2026-03-01 20:10:40,121 - INFO - Running paper trading for 2025-04-10
2026-03-01 20:10:40,121 - INFO - ============================================================
2026-03-01 20:10:40,122 - INFO - Portfolio construction: 38 longs, 38 shorts (from 38 candidates)
2026-03-01 20:10:40,122 - INFO - PnL Net: 0.0049 | Scaled: 0.0049 | Turnover: 22.53% | Vol Scale: 1.00
2026-03-01 20:10:40,122 - INFO - 
============================================================
2026-03-01 20:10:40,122 - INFO - Running paper trading for 2025-04-11
2026-03-01 20:10:40,123 - INFO - ============================================================
2026-03-01 20:10:40,124 - INFO - Portfolio construction: 38 longs, 1 shorts (from 38 candidates)
2026-03-01 20:10:40,124 - INFO - PnL Net: 0.0038 | Scaled: 0.0038 | Turnover: 20.79% | Vol Scale: 1.00
2026-03-01 20:10:40,124 - INFO - 
============================================================
2026-03-01 20:10:40,124 - INFO - Running paper trading for 2025-04-14
2026-03-01 20:10:40,124 - INFO - ============================================================
2026-03-01 20:10:40,125 - INFO - Portfolio construction: 38 longs, 38 shorts (from 38 candidates)
2026-03-01 20:10:40,125 - INFO - Vol targeting: rolling_vol=0.2061, scale=0.5000
2026-03-01 20:10:40,125 - INFO - PnL Net: -0.0018 | Scaled: -0.0009 | Turnover: 21.69% | Vol Scale: 0.50
2026-03-01 20:10:40,125 - INFO - 
============================================================
2026-03-01 20:10:40,126 - INFO - Running paper trading for 2025-04-15
2026-03-01 20:10:40,126 - INFO - ============================================================
2026-03-01 20:10:40,127 - INFO - Portfolio construction: 38 longs, 38 shorts (from 38 candidates)
2026-03-01 20:10:40,127 - INFO - Vol targeting: rolling_vol=0.1968, scale=0.5000
2026-03-01 20:10:40,127 - INFO - PnL Net: -0.0047 | Scaled: -0.0023 | Turnover: 21.09% | Vol Scale: 0.50
2026-03-01 20:10:40,127 - INFO - 
============================================================
2026-03-01 20:10:40,127 - INFO - Running paper trading for 2025-04-16
2026-03-01 20:10:40,127 - INFO - ============================================================
2026-03-01 20:10:40,128 - INFO - Portfolio construction: 38 longs, 38 shorts (from 38 candidates)
2026-03-01 20:10:40,128 - INFO - Vol targeting: rolling_vol=0.1890, scale=0.5000
2026-03-01 20:10:40,128 - INFO - PnL Net: 0.0008 | Scaled: 0.0004 | Turnover: 21.09% | Vol Scale: 0.50
2026-03-01 20:10:40,128 - INFO - 
============================================================
2026-03-01 20:10:40,128 - INFO - Running paper trading for 2025-04-17
2026-03-01 20:10:40,128 - INFO - ============================================================
2026-03-01 20:10:40,129 - INFO - Portfolio construction: 38 longs, 38 shorts (from 38 candidates)
2026-03-01 20:10:40,130 - INFO - Vol targeting: rolling_vol=0.1826, scale=0.5000
2026-03-01 20:10:40,130 - INFO - PnL Net: -0.0068 | Scaled: -0.0034 | Turnover: 18.47% | Vol Scale: 0.50
2026-03-01 20:10:40,130 - INFO - 
============================================================
2026-03-01 20:10:40,130 - INFO - Running paper trading for 2025-04-21
2026-03-01 20:10:40,130 - INFO - ============================================================
2026-03-01 20:10:40,132 - INFO - Portfolio construction: 38 longs, 6 shorts (from 38 candidates)
2026-03-01 20:10:40,132 - INFO - Vol targeting: rolling_vol=0.1822, scale=0.5000
2026-03-01 20:10:40,132 - INFO - PnL Net: 0.0089 | Scaled: 0.0045 | Turnover: 17.46% | Vol Scale: 0.50
2026-03-01 20:10:40,132 - INFO - 
============================================================
2026-03-01 20:10:40,132 - INFO - Running paper trading for 2025-04-22
2026-03-01 20:10:40,132 - INFO - ============================================================
2026-03-01 20:10:40,132 - INFO - Portfolio construction: 38 longs, 38 shorts (from 38 candidates)
2026-03-01 20:10:40,133 - INFO - Vol targeting: rolling_vol=0.1783, scale=0.5000
2026-03-01 20:10:40,133 - INFO - PnL Net: 0.0053 | Scaled: 0.0027 | Turnover: 18.72% | Vol Scale: 0.50
2026-03-01 20:10:40,133 - INFO - 
============================================================
2026-03-01 20:10:40,133 - INFO - Running paper trading for 2025-04-23
2026-03-01 20:10:40,133 - INFO - ============================================================
2026-03-01 20:10:40,134 - INFO - Portfolio construction: 38 longs, 5 shorts (from 38 candidates)
2026-03-01 20:10:40,134 - INFO - Vol targeting: rolling_vol=0.1782, scale=0.5000
2026-03-01 20:10:40,134 - INFO - PnL Net: 0.0102 | Scaled: 0.0051 | Turnover: 20.73% | Vol Scale: 0.50
2026-03-01 20:10:40,134 - INFO - 
============================================================
2026-03-01 20:10:40,135 - INFO - Running paper trading for 2025-04-24
2026-03-01 20:10:40,135 - INFO - ============================================================
2026-03-01 20:10:40,135 - INFO - Portfolio construction: 38 longs, 38 shorts (from 38 candidates)
2026-03-01 20:10:40,136 - INFO - Vol targeting: rolling_vol=0.1730, scale=0.5000
2026-03-01 20:10:40,136 - INFO - PnL Net: 0.0011 | Scaled: 0.0006 | Turnover: 18.37% | Vol Scale: 0.50
2026-03-01 20:10:40,136 - INFO - 
============================================================
2026-03-01 20:10:40,136 - INFO - Running paper trading for 2025-04-25
2026-03-01 20:10:40,136 - INFO - ============================================================
2026-03-01 20:10:40,137 - INFO - Portfolio construction: 38 longs, 38 shorts (from 38 candidates)
2026-03-01 20:10:40,137 - INFO - Vol targeting: rolling_vol=0.1682, scale=0.5000
2026-03-01 20:10:40,138 - INFO - PnL Net: 0.0007 | Scaled: 0.0004 | Turnover: 23.46% | Vol Scale: 0.50
2026-03-01 20:10:40,138 - INFO - 
============================================================
2026-03-01 20:10:40,138 - INFO - Running paper trading for 2025-04-28
2026-03-01 20:10:40,138 - INFO - ============================================================
2026-03-01 20:10:40,139 - INFO - Portfolio construction: 38 longs, 38 shorts (from 38 candidates)
2026-03-01 20:10:40,139 - INFO - Vol targeting: rolling_vol=0.1639, scale=0.5000
2026-03-01 20:10:40,139 - INFO - PnL Net: 0.0018 | Scaled: 0.0009 | Turnover: 19.52% | Vol Scale: 0.50
2026-03-01 20:10:40,139 - INFO - 
============================================================
2026-03-01 20:10:40,139 - INFO - Running paper trading for 2025-04-29
2026-03-01 20:10:40,139 - INFO - ============================================================
2026-03-01 20:10:40,141 - INFO - Portfolio construction: 38 longs, 30 shorts (from 38 candidates)
2026-03-01 20:10:40,141 - INFO - Vol targeting: rolling_vol=0.1599, scale=0.5004
2026-03-01 20:10:40,141 - INFO - PnL Net: 0.0011 | Scaled: 0.0005 | Turnover: 16.79% | Vol Scale: 0.50
2026-03-01 20:10:40,141 - INFO - 
============================================================
2026-03-01 20:10:40,141 - INFO - Running paper trading for 2025-04-30
2026-03-01 20:10:40,141 - INFO - ============================================================
2026-03-01 20:10:40,142 - INFO - Portfolio construction: 38 longs, 38 shorts (from 38 candidates)
2026-03-01 20:10:40,143 - INFO - Vol targeting: rolling_vol=0.1596, scale=0.5012
2026-03-01 20:10:40,143 - INFO - PnL Net: 0.0014 | Scaled: 0.0007 | Turnover: 20.09% | Vol Scale: 0.50
2026-03-01 20:10:40,143 - INFO - 
============================================================
2026-03-01 20:10:40,143 - INFO - Running paper trading for 2025-05-01
2026-03-01 20:10:40,143 - INFO - ============================================================
2026-03-01 20:10:40,144 - INFO - Portfolio construction: 38 longs, 38 shorts (from 38 candidates)
2026-03-01 20:10:40,144 - INFO - Vol targeting: rolling_vol=0.1370, scale=0.5840
2026-03-01 20:10:40,144 - INFO - PnL Net: 0.0062 | Scaled: 0.0036 | Turnover: 17.98% | Vol Scale: 0.58
2026-03-01 20:10:40,144 - INFO - 
============================================================
2026-03-01 20:10:40,144 - INFO - Running paper trading for 2025-05-02
2026-03-01 20:10:40,144 - INFO - ============================================================
2026-03-01 20:10:40,145 - INFO - Portfolio construction: 38 longs, 13 shorts (from 38 candidates)
2026-03-01 20:10:40,145 - INFO - Vol targeting: rolling_vol=0.1119, scale=0.7149
2026-03-01 20:10:40,146 - INFO - PnL Net: -0.0011 | Scaled: -0.0008 | Turnover: 17.52% | Vol Scale: 0.71
2026-03-01 20:10:40,146 - INFO - 
============================================================
2026-03-01 20:10:40,146 - INFO - Running paper trading for 2025-05-05
2026-03-01 20:10:40,146 - INFO - ============================================================
2026-03-01 20:10:40,147 - INFO - Portfolio construction: 38 longs, 2 shorts (from 38 candidates)
2026-03-01 20:10:40,147 - INFO - Vol targeting: rolling_vol=0.1128, scale=0.7091
2026-03-01 20:10:40,147 - INFO - PnL Net: -0.0026 | Scaled: -0.0018 | Turnover: 19.38% | Vol Scale: 0.71
2026-03-01 20:10:40,147 - INFO - 
============================================================
2026-03-01 20:10:40,147 - INFO - Running paper trading for 2025-05-06
2026-03-01 20:10:40,147 - INFO - ============================================================
2026-03-01 20:10:40,149 - INFO - Portfolio construction: 38 longs, 33 shorts (from 38 candidates)
2026-03-01 20:10:40,149 - INFO - Vol targeting: rolling_vol=0.1115, scale=0.7177
2026-03-01 20:10:40,149 - INFO - PnL Net: 0.0026 | Scaled: 0.0019 | Turnover: 19.06% | Vol Scale: 0.72
2026-03-01 20:10:40,149 - INFO - 
============================================================
2026-03-01 20:10:40,149 - INFO - Running paper trading for 2025-05-07
2026-03-01 20:10:40,149 - INFO - ============================================================
2026-03-01 20:10:40,150 - INFO - Portfolio construction: 38 longs, 9 shorts (from 38 candidates)
2026-03-01 20:10:40,150 - INFO - Vol targeting: rolling_vol=0.0781, scale=1.0243
2026-03-01 20:10:40,151 - INFO - PnL Net: 0.0043 | Scaled: 0.0045 | Turnover: 18.97% | Vol Scale: 1.02
2026-03-01 20:10:40,151 - INFO - 
============================================================
2026-03-01 20:10:40,151 - INFO - Running paper trading for 2025-05-08
2026-03-01 20:10:40,151 - INFO - ============================================================
2026-03-01 20:10:40,151 - INFO - Portfolio construction: 38 longs, 10 shorts (from 38 candidates)
2026-03-01 20:10:40,151 - INFO - Vol targeting: rolling_vol=0.0656, scale=1.2200
2026-03-01 20:10:40,152 - INFO - PnL Net: -0.0009 | Scaled: -0.0012 | Turnover: 19.75% | Vol Scale: 1.22
2026-03-01 20:10:40,152 - INFO - 
============================================================
2026-03-01 20:10:40,152 - INFO - Running paper trading for 2025-05-09
2026-03-01 20:10:40,152 - INFO - ============================================================
2026-03-01 20:10:40,153 - INFO - Portfolio construction: 38 longs, 37 shorts (from 38 candidates)
2026-03-01 20:10:40,153 - INFO - Vol targeting: rolling_vol=0.0785, scale=1.0196
2026-03-01 20:10:40,153 - INFO - PnL Net: 0.0145 | Scaled: 0.0148 | Turnover: 18.03% | Vol Scale: 1.02
2026-03-01 20:10:40,153 - INFO - 
============================================================
2026-03-01 20:10:40,153 - INFO - Running paper trading for 2025-05-12
2026-03-01 20:10:40,153 - INFO - ============================================================
2026-03-01 20:10:40,154 - INFO - Portfolio construction: 38 longs, 38 shorts (from 38 candidates)
2026-03-01 20:10:40,154 - INFO - Vol targeting: rolling_vol=0.0804, scale=0.9956
2026-03-01 20:10:40,154 - INFO - PnL Net: 0.0074 | Scaled: 0.0074 | Turnover: 18.12% | Vol Scale: 1.00
2026-03-01 20:10:40,154 - INFO - 
============================================================
2026-03-01 20:10:40,155 - INFO - Running paper trading for 2025-05-13
2026-03-01 20:10:40,155 - INFO - ============================================================
2026-03-01 20:10:40,156 - INFO - Portfolio construction: 38 longs, 38 shorts (from 38 candidates)
2026-03-01 20:10:40,156 - INFO - Vol targeting: rolling_vol=0.0797, scale=1.0044
2026-03-01 20:10:40,156 - INFO - PnL Net: -0.0006 | Scaled: -0.0006 | Turnover: 21.90% | Vol Scale: 1.00
2026-03-01 20:10:40,156 - INFO - 
============================================================
2026-03-01 20:10:40,156 - INFO - Running paper trading for 2025-05-14
2026-03-01 20:10:40,156 - INFO - ============================================================
2026-03-01 20:10:40,157 - INFO - Portfolio construction: 38 longs, 38 shorts (from 38 candidates)
2026-03-01 20:10:40,158 - INFO - Vol targeting: rolling_vol=0.0757, scale=1.0562
2026-03-01 20:10:40,158 - INFO - PnL Net: 0.0052 | Scaled: 0.0055 | Turnover: 20.59% | Vol Scale: 1.06
2026-03-01 20:10:40,158 - INFO - 
============================================================
2026-03-01 20:10:40,158 - INFO - Running paper trading for 2025-05-15
2026-03-01 20:10:40,158 - INFO - ============================================================
2026-03-01 20:10:40,159 - INFO - Portfolio construction: 38 longs, 38 shorts (from 38 candidates)
2026-03-01 20:10:40,159 - INFO - Vol targeting: rolling_vol=0.0754, scale=1.0608
2026-03-01 20:10:40,159 - INFO - PnL Net: 0.0020 | Scaled: 0.0021 | Turnover: 19.63% | Vol Scale: 1.06
2026-03-01 20:10:40,159 - INFO - 
============================================================
2026-03-01 20:10:40,159 - INFO - Running paper trading for 2025-05-16
2026-03-01 20:10:40,159 - INFO - ============================================================
2026-03-01 20:10:40,160 - INFO - Portfolio construction: 38 longs, 38 shorts (from 38 candidates)
2026-03-01 20:10:40,160 - INFO - Vol targeting: rolling_vol=0.0684, scale=1.1703
2026-03-01 20:10:40,160 - INFO - PnL Net: -0.0013 | Scaled: -0.0015 | Turnover: 18.38% | Vol Scale: 1.17
2026-03-01 20:10:40,160 - INFO - 
============================================================
2026-03-01 20:10:40,160 - INFO - Running paper trading for 2025-05-19
2026-03-01 20:10:40,160 - INFO - ============================================================
2026-03-01 20:10:40,163 - INFO - Portfolio construction: 38 longs, 38 shorts (from 38 candidates)
2026-03-01 20:10:40,164 - INFO - Vol targeting: rolling_vol=0.0676, scale=1.1828
2026-03-01 20:10:40,165 - INFO - PnL Net: -0.0021 | Scaled: -0.0025 | Turnover: 16.36% | Vol Scale: 1.18
2026-03-01 20:10:40,165 - INFO - 
============================================================
2026-03-01 20:10:40,165 - INFO - Running paper trading for 2025-05-20
2026-03-01 20:10:40,165 - INFO - ============================================================
2026-03-01 20:10:40,167 - INFO - Portfolio construction: 38 longs, 38 shorts (from 38 candidates)
2026-03-01 20:10:40,167 - INFO - Vol targeting: rolling_vol=0.0748, scale=1.0691
2026-03-01 20:10:40,168 - INFO - PnL Net: -0.0070 | Scaled: -0.0075 | Turnover: 15.81% | Vol Scale: 1.07
2026-03-01 20:10:40,168 - INFO - 
============================================================
2026-03-01 20:10:40,168 - INFO - Running paper trading for 2025-05-21
2026-03-01 20:10:40,168 - INFO - ============================================================
2026-03-01 20:10:40,169 - INFO - Portfolio construction: 38 longs, 38 shorts (from 38 candidates)
2026-03-01 20:10:40,170 - INFO - Vol targeting: rolling_vol=0.0690, scale=1.1591
2026-03-01 20:10:40,170 - INFO - PnL Net: 0.0004 | Scaled: 0.0004 | Turnover: 19.34% | Vol Scale: 1.16
2026-03-01 20:10:40,170 - INFO - 
============================================================
2026-03-01 20:10:40,170 - INFO - Running paper trading for 2025-05-22
2026-03-01 20:10:40,170 - INFO - ============================================================
2026-03-01 20:10:40,171 - INFO - Portfolio construction: 38 longs, 32 shorts (from 38 candidates)
2026-03-01 20:10:40,172 - INFO - Vol targeting: rolling_vol=0.0706, scale=1.1324
2026-03-01 20:10:40,172 - INFO - PnL Net: -0.0027 | Scaled: -0.0031 | Turnover: 19.64% | Vol Scale: 1.13
2026-03-01 20:10:40,172 - INFO - 
============================================================
2026-03-01 20:10:40,172 - INFO - Running paper trading for 2025-05-23
2026-03-01 20:10:40,172 - INFO - ============================================================
2026-03-01 20:10:40,174 - INFO - Portfolio construction: 38 longs, 38 shorts (from 38 candidates)
2026-03-01 20:10:40,174 - INFO - Vol targeting: rolling_vol=0.0743, scale=1.0767
2026-03-01 20:10:40,175 - INFO - PnL Net: 0.0082 | Scaled: 0.0088 | Turnover: 19.52% | Vol Scale: 1.08
2026-03-01 20:10:40,175 - INFO - 
============================================================
2026-03-01 20:10:40,175 - INFO - Running paper trading for 2025-05-27
2026-03-01 20:10:40,175 - INFO - ============================================================
2026-03-01 20:10:40,176 - INFO - Portfolio construction: 38 longs, 38 shorts (from 38 candidates)
2026-03-01 20:10:40,177 - INFO - Vol targeting: rolling_vol=0.0756, scale=1.0588
2026-03-01 20:10:40,177 - INFO - PnL Net: -0.0021 | Scaled: -0.0022 | Turnover: 18.56% | Vol Scale: 1.06
2026-03-01 20:10:40,177 - INFO - 
============================================================
2026-03-01 20:10:40,177 - INFO - Running paper trading for 2025-05-28
2026-03-01 20:10:40,177 - INFO - ============================================================
2026-03-01 20:10:40,179 - INFO - Portfolio construction: 38 longs, 38 shorts (from 38 candidates)
2026-03-01 20:10:40,179 - INFO - Vol targeting: rolling_vol=0.0756, scale=1.0575
2026-03-01 20:10:40,179 - INFO - PnL Net: 0.0004 | Scaled: 0.0005 | Turnover: 16.29% | Vol Scale: 1.06
2026-03-01 20:10:40,180 - INFO - 
============================================================
2026-03-01 20:10:40,180 - INFO - Running paper trading for 2025-05-29
2026-03-01 20:10:40,180 - INFO - ============================================================
2026-03-01 20:10:40,181 - INFO - Portfolio construction: 38 longs, 38 shorts (from 38 candidates)
2026-03-01 20:10:40,181 - INFO - Vol targeting: rolling_vol=0.0762, scale=1.0504
2026-03-01 20:10:40,181 - INFO - PnL Net: -0.0009 | Scaled: -0.0010 | Turnover: 19.51% | Vol Scale: 1.05
2026-03-01 20:10:40,181 - INFO - 
============================================================
2026-03-01 20:10:40,181 - INFO - Running paper trading for 2025-05-30
2026-03-01 20:10:40,181 - INFO - ============================================================
2026-03-01 20:10:40,182 - INFO - Portfolio construction: 38 longs, 38 shorts (from 38 candidates)
2026-03-01 20:10:40,182 - INFO - Vol targeting: rolling_vol=0.0742, scale=1.0777
2026-03-01 20:10:40,183 - INFO - PnL Net: 0.0008 | Scaled: 0.0009 | Turnover: 21.02% | Vol Scale: 1.08
2026-03-01 20:10:40,183 - INFO - 
============================================================
2026-03-01 20:10:40,183 - INFO - Running paper trading for 2025-06-02
2026-03-01 20:10:40,183 - INFO - ============================================================
2026-03-01 20:10:40,184 - INFO - Portfolio construction: 38 longs, 38 shorts (from 38 candidates)
2026-03-01 20:10:40,184 - INFO - Vol targeting: rolling_vol=0.0737, scale=1.0849
2026-03-01 20:10:40,184 - INFO - PnL Net: 0.0011 | Scaled: 0.0012 | Turnover: 20.37% | Vol Scale: 1.08
2026-03-01 20:10:40,184 - INFO - 
============================================================
2026-03-01 20:10:40,184 - INFO - Running paper trading for 2025-06-03
2026-03-01 20:10:40,184 - INFO - ============================================================
2026-03-01 20:10:40,186 - INFO - Portfolio construction: 38 longs, 38 shorts (from 38 candidates)
2026-03-01 20:10:40,186 - INFO - Vol targeting: rolling_vol=0.0730, scale=1.0965
2026-03-01 20:10:40,186 - INFO - PnL Net: -0.0012 | Scaled: -0.0013 | Turnover: 18.45% | Vol Scale: 1.10
2026-03-01 20:10:40,187 - INFO - 
============================================================
2026-03-01 20:10:40,187 - INFO - Running paper trading for 2025-06-04
2026-03-01 20:10:40,187 - INFO - ============================================================
2026-03-01 20:10:40,188 - INFO - Portfolio construction: 38 longs, 38 shorts (from 38 candidates)
2026-03-01 20:10:40,188 - INFO - Vol targeting: rolling_vol=0.0730, scale=1.0962
2026-03-01 20:10:40,188 - INFO - PnL Net: -0.0000 | Scaled: -0.0000 | Turnover: 16.06% | Vol Scale: 1.10
2026-03-01 20:10:40,188 - INFO - 
============================================================
2026-03-01 20:10:40,188 - INFO - Running paper trading for 2025-06-05
2026-03-01 20:10:40,188 - INFO - ============================================================
2026-03-01 20:10:40,189 - INFO - Portfolio construction: 38 longs, 38 shorts (from 38 candidates)
2026-03-01 20:10:40,190 - INFO - Vol targeting: rolling_vol=0.0721, scale=1.1092
2026-03-01 20:10:40,190 - INFO - PnL Net: 0.0008 | Scaled: 0.0009 | Turnover: 17.46% | Vol Scale: 1.11
2026-03-01 20:10:40,190 - INFO - 
============================================================
2026-03-01 20:10:40,190 - INFO - Running paper trading for 2025-06-06
2026-03-01 20:10:40,190 - INFO - ============================================================
2026-03-01 20:10:40,191 - INFO - Portfolio construction: 38 longs, 38 shorts (from 38 candidates)
2026-03-01 20:10:40,191 - INFO - Vol targeting: rolling_vol=0.0728, scale=1.0986
2026-03-01 20:10:40,191 - INFO - PnL Net: -0.0024 | Scaled: -0.0026 | Turnover: 18.52% | Vol Scale: 1.10
2026-03-01 20:10:40,191 - INFO - 
============================================================
2026-03-01 20:10:40,191 - INFO - Running paper trading for 2025-06-09
2026-03-01 20:10:40,191 - INFO - ============================================================
2026-03-01 20:10:40,192 - INFO - Portfolio construction: 38 longs, 13 shorts (from 38 candidates)
2026-03-01 20:10:40,192 - INFO - Vol targeting: rolling_vol=0.0539, scale=1.4831
2026-03-01 20:10:40,192 - INFO - PnL Net: 0.0012 | Scaled: 0.0018 | Turnover: 20.04% | Vol Scale: 1.48
2026-03-01 20:10:40,192 - INFO - 
============================================================
2026-03-01 20:10:40,192 - INFO - Running paper trading for 2025-06-10
2026-03-01 20:10:40,192 - INFO - ============================================================
2026-03-01 20:10:40,193 - INFO - Portfolio construction: 38 longs, 6 shorts (from 38 candidates)
2026-03-01 20:10:40,193 - INFO - Vol targeting: rolling_vol=0.0476, scale=1.6799
2026-03-01 20:10:40,194 - INFO - PnL Net: -0.0013 | Scaled: -0.0021 | Turnover: 17.79% | Vol Scale: 1.68
2026-03-01 20:10:40,194 - INFO - 
============================================================
2026-03-01 20:10:40,194 - INFO - Running paper trading for 2025-06-11
2026-03-01 20:10:40,194 - INFO - ============================================================
2026-03-01 20:10:40,195 - INFO - Portfolio construction: 38 longs, 16 shorts (from 38 candidates)
2026-03-01 20:10:40,196 - INFO - Vol targeting: rolling_vol=0.0477, scale=1.6785
2026-03-01 20:10:40,196 - INFO - PnL Net: 0.0007 | Scaled: 0.0012 | Turnover: 18.77% | Vol Scale: 1.68
2026-03-01 20:10:40,196 - INFO - 
============================================================
2026-03-01 20:10:40,196 - INFO - Running paper trading for 2025-06-12
2026-03-01 20:10:40,196 - INFO - ============================================================
2026-03-01 20:10:40,197 - INFO - Portfolio construction: 38 longs, 38 shorts (from 38 candidates)
2026-03-01 20:10:40,197 - INFO - Vol targeting: rolling_vol=0.0449, scale=1.7832
2026-03-01 20:10:40,197 - INFO - PnL Net: -0.0033 | Scaled: -0.0058 | Turnover: 21.75% | Vol Scale: 1.78
2026-03-01 20:10:40,197 - INFO - 
============================================================
2026-03-01 20:10:40,197 - INFO - Running paper trading for 2025-06-13
2026-03-01 20:10:40,197 - INFO - ============================================================
2026-03-01 20:10:40,198 - INFO - Portfolio construction: 38 longs, 38 shorts (from 38 candidates)
2026-03-01 20:10:40,199 - INFO - Vol targeting: rolling_vol=0.0444, scale=1.8031
2026-03-01 20:10:40,199 - INFO - PnL Net: 0.0011 | Scaled: 0.0020 | Turnover: 18.70% | Vol Scale: 1.80
2026-03-01 20:10:40,199 - INFO - 
============================================================
2026-03-01 20:10:40,199 - INFO - Running paper trading for 2025-06-16
2026-03-01 20:10:40,199 - INFO - ============================================================
2026-03-01 20:10:40,200 - INFO - Portfolio construction: 38 longs, 38 shorts (from 38 candidates)
2026-03-01 20:10:40,200 - INFO - Vol targeting: rolling_vol=0.0455, scale=1.7575
2026-03-01 20:10:40,200 - INFO - PnL Net: -0.0035 | Scaled: -0.0061 | Turnover: 16.38% | Vol Scale: 1.76
2026-03-01 20:10:40,200 - INFO - 
============================================================
2026-03-01 20:10:40,200 - INFO - Running paper trading for 2025-06-17
2026-03-01 20:10:40,200 - INFO - ============================================================
2026-03-01 20:10:40,201 - INFO - Portfolio construction: 38 longs, 38 shorts (from 38 candidates)
2026-03-01 20:10:40,201 - INFO - Vol targeting: rolling_vol=0.0452, scale=1.7708
2026-03-01 20:10:40,201 - INFO - PnL Net: -0.0005 | Scaled: -0.0009 | Turnover: 17.30% | Vol Scale: 1.77
2026-03-01 20:10:40,201 - INFO - 
============================================================
2026-03-01 20:10:40,201 - INFO - Running paper trading for 2025-06-18
2026-03-01 20:10:40,201 - INFO - ============================================================
2026-03-01 20:10:40,202 - INFO - Portfolio construction: 38 longs, 38 shorts (from 38 candidates)
2026-03-01 20:10:40,202 - INFO - Vol targeting: rolling_vol=0.0385, scale=2.0000
2026-03-01 20:10:40,202 - INFO - PnL Net: 0.0001 | Scaled: 0.0003 | Turnover: 18.66% | Vol Scale: 2.00
2026-03-01 20:10:40,202 - INFO - 
============================================================
2026-03-01 20:10:40,202 - INFO - Running paper trading for 2025-06-20
2026-03-01 20:10:40,202 - INFO - ============================================================
2026-03-01 20:10:40,203 - INFO - Portfolio construction: 38 longs, 38 shorts (from 38 candidates)
2026-03-01 20:10:40,203 - INFO - Vol targeting: rolling_vol=0.0397, scale=2.0000
2026-03-01 20:10:40,204 - INFO - PnL Net: 0.0027 | Scaled: 0.0053 | Turnover: 20.03% | Vol Scale: 2.00
2026-03-01 20:10:40,204 - INFO - 
============================================================
2026-03-01 20:10:40,204 - INFO - Running paper trading for 2025-06-23
2026-03-01 20:10:40,204 - INFO - ============================================================
2026-03-01 20:10:40,205 - INFO - Portfolio construction: 38 longs, 38 shorts (from 38 candidates)
2026-03-01 20:10:40,205 - INFO - Vol targeting: rolling_vol=0.0406, scale=1.9706
2026-03-01 20:10:40,205 - INFO - PnL Net: 0.0039 | Scaled: 0.0076 | Turnover: 17.48% | Vol Scale: 1.97
2026-03-01 20:10:40,205 - INFO - 
============================================================
2026-03-01 20:10:40,205 - INFO - Running paper trading for 2025-06-24
2026-03-01 20:10:40,205 - INFO - ============================================================
2026-03-01 20:10:40,206 - INFO - Portfolio construction: 38 longs, 38 shorts (from 38 candidates)
2026-03-01 20:10:40,206 - INFO - Vol targeting: rolling_vol=0.0294, scale=2.0000
2026-03-01 20:10:40,206 - INFO - PnL Net: -0.0021 | Scaled: -0.0042 | Turnover: 18.08% | Vol Scale: 2.00
2026-03-01 20:10:40,206 - INFO - 
============================================================
2026-03-01 20:10:40,206 - INFO - Running paper trading for 2025-06-25
2026-03-01 20:10:40,206 - INFO - ============================================================
2026-03-01 20:10:40,207 - INFO - Portfolio construction: 38 longs, 38 shorts (from 38 candidates)
2026-03-01 20:10:40,207 - INFO - Vol targeting: rolling_vol=0.0295, scale=2.0000
2026-03-01 20:10:40,208 - INFO - PnL Net: 0.0019 | Scaled: 0.0038 | Turnover: 17.90% | Vol Scale: 2.00
2026-03-01 20:10:40,208 - INFO - 
============================================================
2026-03-01 20:10:40,208 - INFO - Running paper trading for 2025-06-26
2026-03-01 20:10:40,208 - INFO - ============================================================
2026-03-01 20:10:40,209 - INFO - Portfolio construction: 38 longs, 38 shorts (from 38 candidates)
2026-03-01 20:10:40,209 - INFO - Vol targeting: rolling_vol=0.0299, scale=2.0000
2026-03-01 20:10:40,209 - INFO - PnL Net: 0.0015 | Scaled: 0.0029 | Turnover: 17.70% | Vol Scale: 2.00
2026-03-01 20:10:40,209 - INFO - 
============================================================
2026-03-01 20:10:40,209 - INFO - Running paper trading for 2025-06-27
2026-03-01 20:10:40,209 - INFO - ============================================================
2026-03-01 20:10:40,210 - INFO - Portfolio construction: 38 longs, 38 shorts (from 38 candidates)
2026-03-01 20:10:40,210 - INFO - Vol targeting: rolling_vol=0.0300, scale=2.0000
2026-03-01 20:10:40,210 - INFO - PnL Net: 0.0013 | Scaled: 0.0025 | Turnover: 16.45% | Vol Scale: 2.00
2026-03-01 20:10:40,210 - INFO - 
============================================================
2026-03-01 20:10:40,210 - INFO - Running paper trading for 2025-06-30
2026-03-01 20:10:40,210 - INFO - ============================================================
2026-03-01 20:10:40,212 - INFO - Portfolio construction: 38 longs, 38 shorts (from 38 candidates)
2026-03-01 20:10:40,213 - INFO - Vol targeting: rolling_vol=0.0351, scale=2.0000
2026-03-01 20:10:40,213 - INFO - PnL Net: 0.0055 | Scaled: 0.0109 | Turnover: 17.10% | Vol Scale: 2.00
2026-03-01 20:10:40,213 - INFO - 
============================================================
2026-03-01 20:10:40,213 - INFO - Running paper trading for 2025-07-01
2026-03-01 20:10:40,213 - INFO - ============================================================
2026-03-01 20:10:40,214 - INFO - Portfolio construction: 38 longs, 38 shorts (from 38 candidates)
2026-03-01 20:10:40,214 - INFO - Vol targeting: rolling_vol=0.0352, scale=2.0000
2026-03-01 20:10:40,214 - INFO - PnL Net: 0.0013 | Scaled: 0.0026 | Turnover: 15.04% | Vol Scale: 2.00
2026-03-01 20:10:40,214 - INFO - 
============================================================
2026-03-01 20:10:40,214 - INFO - Running paper trading for 2025-07-02
2026-03-01 20:10:40,214 - INFO - ============================================================
2026-03-01 20:10:40,215 - INFO - Portfolio construction: 38 longs, 38 shorts (from 38 candidates)
2026-03-01 20:10:40,215 - INFO - Vol targeting: rolling_vol=0.0349, scale=2.0000
2026-03-01 20:10:40,216 - INFO - PnL Net: 0.0014 | Scaled: 0.0028 | Turnover: 12.74% | Vol Scale: 2.00
2026-03-01 20:10:40,216 - INFO - 
============================================================
2026-03-01 20:10:40,216 - INFO - Running paper trading for 2025-07-03
2026-03-01 20:10:40,216 - INFO - ============================================================
2026-03-01 20:10:40,217 - INFO - Portfolio construction: 38 longs, 38 shorts (from 38 candidates)
2026-03-01 20:10:40,217 - INFO - Vol targeting: rolling_vol=0.0371, scale=2.0000
2026-03-01 20:10:40,217 - INFO - PnL Net: -0.0032 | Scaled: -0.0063 | Turnover: 11.38% | Vol Scale: 2.00
2026-03-01 20:10:40,217 - INFO - 
============================================================
2026-03-01 20:10:40,217 - INFO - Running paper trading for 2025-07-07
2026-03-01 20:10:40,217 - INFO - ============================================================
2026-03-01 20:10:40,218 - INFO - Portfolio construction: 38 longs, 38 shorts (from 38 candidates)
2026-03-01 20:10:40,218 - INFO - Vol targeting: rolling_vol=0.0371, scale=2.0000
2026-03-01 20:10:40,218 - INFO - PnL Net: 0.0005 | Scaled: 0.0010 | Turnover: 10.84% | Vol Scale: 2.00
2026-03-01 20:10:40,218 - INFO - 
============================================================
2026-03-01 20:10:40,218 - INFO - Running paper trading for 2025-07-08
2026-03-01 20:10:40,218 - INFO - ============================================================
2026-03-01 20:10:40,219 - INFO - Portfolio construction: 38 longs, 38 shorts (from 38 candidates)
2026-03-01 20:10:40,219 - INFO - Vol targeting: rolling_vol=0.0357, scale=2.0000
2026-03-01 20:10:40,220 - INFO - PnL Net: 0.0009 | Scaled: 0.0019 | Turnover: 18.35% | Vol Scale: 2.00
2026-03-01 20:10:40,220 - INFO - 
============================================================
2026-03-01 20:10:40,220 - INFO - Running paper trading for 2025-07-09
2026-03-01 20:10:40,220 - INFO - ============================================================
2026-03-01 20:10:40,220 - INFO - Portfolio construction: 38 longs, 38 shorts (from 38 candidates)
2026-03-01 20:10:40,221 - INFO - Vol targeting: rolling_vol=0.0364, scale=2.0000
2026-03-01 20:10:40,221 - INFO - PnL Net: 0.0026 | Scaled: 0.0053 | Turnover: 19.70% | Vol Scale: 2.00
2026-03-01 20:10:40,221 - INFO - 
============================================================
2026-03-01 20:10:40,221 - INFO - Running paper trading for 2025-07-10
2026-03-01 20:10:40,221 - INFO - ============================================================
2026-03-01 20:10:40,222 - INFO - Portfolio construction: 38 longs, 12 shorts (from 38 candidates)
2026-03-01 20:10:40,222 - INFO - Vol targeting: rolling_vol=0.0379, scale=2.0000
2026-03-01 20:10:40,222 - INFO - PnL Net: -0.0029 | Scaled: -0.0058 | Turnover: 19.47% | Vol Scale: 2.00
2026-03-01 20:10:40,222 - INFO - 
============================================================
2026-03-01 20:10:40,222 - INFO - Running paper trading for 2025-07-11
2026-03-01 20:10:40,222 - INFO - ============================================================
2026-03-01 20:10:40,223 - INFO - Portfolio construction: 38 longs, 26 shorts (from 38 candidates)
2026-03-01 20:10:40,223 - INFO - Vol targeting: rolling_vol=0.0382, scale=2.0000
2026-03-01 20:10:40,223 - INFO - PnL Net: -0.0008 | Scaled: -0.0016 | Turnover: 19.00% | Vol Scale: 2.00
2026-03-01 20:10:40,223 - INFO - 
============================================================
2026-03-01 20:10:40,223 - INFO - Running paper trading for 2025-07-14
2026-03-01 20:10:40,223 - INFO - ============================================================
2026-03-01 20:10:40,224 - INFO - Portfolio construction: 38 longs, 38 shorts (from 38 candidates)
2026-03-01 20:10:40,224 - INFO - Vol targeting: rolling_vol=0.0411, scale=1.9456
2026-03-01 20:10:40,225 - INFO - PnL Net: -0.0053 | Scaled: -0.0103 | Turnover: 18.01% | Vol Scale: 1.95
2026-03-01 20:10:40,225 - INFO - 
============================================================
2026-03-01 20:10:40,225 - INFO - Running paper trading for 2025-07-15
2026-03-01 20:10:40,225 - INFO - ============================================================
2026-03-01 20:10:40,225 - INFO - Portfolio construction: 38 longs, 24 shorts (from 38 candidates)
2026-03-01 20:10:40,226 - INFO - Vol targeting: rolling_vol=0.0411, scale=1.9452
2026-03-01 20:10:40,226 - INFO - PnL Net: 0.0011 | Scaled: 0.0022 | Turnover: 17.80% | Vol Scale: 1.95
2026-03-01 20:10:40,226 - INFO - 
============================================================
2026-03-01 20:10:40,226 - INFO - Running paper trading for 2025-07-16
2026-03-01 20:10:40,226 - INFO - ============================================================
2026-03-01 20:10:40,226 - INFO - Portfolio construction: 38 longs, 4 shorts (from 38 candidates)
2026-03-01 20:10:40,228 - INFO - Vol targeting: rolling_vol=0.0400, scale=1.9977
2026-03-01 20:10:40,228 - INFO - PnL Net: 0.0035 | Scaled: 0.0070 | Turnover: 18.83% | Vol Scale: 2.00
2026-03-01 20:10:40,228 - INFO - 
============================================================
2026-03-01 20:10:40,228 - INFO - Running paper trading for 2025-07-17
2026-03-01 20:10:40,228 - INFO - ============================================================
2026-03-01 20:10:40,228 - INFO - Portfolio construction: 38 longs, 38 shorts (from 38 candidates)
2026-03-01 20:10:40,229 - INFO - Vol targeting: rolling_vol=0.0400, scale=2.0000
2026-03-01 20:10:40,229 - INFO - PnL Net: -0.0003 | Scaled: -0.0006 | Turnover: 20.65% | Vol Scale: 2.00
2026-03-01 20:10:40,229 - INFO - 
============================================================
2026-03-01 20:10:40,229 - INFO - Running paper trading for 2025-07-18
2026-03-01 20:10:40,229 - INFO - ============================================================
2026-03-01 20:10:40,230 - INFO - Portfolio construction: 38 longs, 38 shorts (from 38 candidates)
2026-03-01 20:10:40,230 - INFO - Vol targeting: rolling_vol=0.0407, scale=1.9646
2026-03-01 20:10:40,230 - INFO - PnL Net: -0.0016 | Scaled: -0.0032 | Turnover: 22.59% | Vol Scale: 1.96
2026-03-01 20:10:40,230 - INFO - 
============================================================
2026-03-01 20:10:40,230 - INFO - Running paper trading for 2025-07-21
2026-03-01 20:10:40,230 - INFO - ============================================================
2026-03-01 20:10:40,232 - INFO - Portfolio construction: 38 longs, 38 shorts (from 38 candidates)
2026-03-01 20:10:40,232 - INFO - Vol targeting: rolling_vol=0.0456, scale=1.7529
2026-03-01 20:10:40,232 - INFO - PnL Net: 0.0068 | Scaled: 0.0120 | Turnover: 18.81% | Vol Scale: 1.75
2026-03-01 20:10:40,232 - INFO - 
============================================================
2026-03-01 20:10:40,232 - INFO - Running paper trading for 2025-07-22
2026-03-01 20:10:40,232 - INFO - ============================================================
2026-03-01 20:10:40,232 - INFO - Portfolio construction: 38 longs, 38 shorts (from 38 candidates)
2026-03-01 20:10:40,233 - INFO - Vol targeting: rolling_vol=0.0446, scale=1.7927
2026-03-01 20:10:40,233 - INFO - PnL Net: 0.0023 | Scaled: 0.0041 | Turnover: 18.89% | Vol Scale: 1.79
2026-03-01 20:10:40,233 - INFO - 
============================================================
2026-03-01 20:10:40,233 - INFO - Running paper trading for 2025-07-23
2026-03-01 20:10:40,233 - INFO - ============================================================
2026-03-01 20:10:40,234 - INFO - Portfolio construction: 38 longs, 38 shorts (from 38 candidates)
2026-03-01 20:10:40,234 - INFO - Vol targeting: rolling_vol=0.0451, scale=1.7756
2026-03-01 20:10:40,234 - INFO - PnL Net: -0.0026 | Scaled: -0.0046 | Turnover: 15.52% | Vol Scale: 1.78
2026-03-01 20:10:40,234 - INFO - 
============================================================
2026-03-01 20:10:40,234 - INFO - Running paper trading for 2025-07-24
2026-03-01 20:10:40,234 - INFO - ============================================================
2026-03-01 20:10:40,235 - INFO - Portfolio construction: 38 longs, 38 shorts (from 38 candidates)
2026-03-01 20:10:40,235 - INFO - Vol targeting: rolling_vol=0.0449, scale=1.7834
2026-03-01 20:10:40,235 - INFO - PnL Net: 0.0011 | Scaled: 0.0019 | Turnover: 15.70% | Vol Scale: 1.78
2026-03-01 20:10:40,236 - INFO - 
============================================================
2026-03-01 20:10:40,236 - INFO - Running paper trading for 2025-07-25
2026-03-01 20:10:40,236 - INFO - ============================================================
2026-03-01 20:10:40,237 - INFO - Portfolio construction: 38 longs, 38 shorts (from 38 candidates)
2026-03-01 20:10:40,237 - INFO - Vol targeting: rolling_vol=0.0465, scale=1.7198
2026-03-01 20:10:40,237 - INFO - PnL Net: -0.0031 | Scaled: -0.0052 | Turnover: 16.41% | Vol Scale: 1.72
2026-03-01 20:10:40,237 - INFO - 
============================================================
2026-03-01 20:10:40,237 - INFO - Running paper trading for 2025-07-28
2026-03-01 20:10:40,237 - INFO - ============================================================
2026-03-01 20:10:40,238 - INFO - Portfolio construction: 38 longs, 38 shorts (from 38 candidates)
2026-03-01 20:10:40,239 - INFO - Vol targeting: rolling_vol=0.0474, scale=1.6862
2026-03-01 20:10:40,239 - INFO - PnL Net: -0.0025 | Scaled: -0.0041 | Turnover: 18.54% | Vol Scale: 1.69
2026-03-01 20:10:40,239 - INFO - 
============================================================
2026-03-01 20:10:40,239 - INFO - Running paper trading for 2025-07-29
2026-03-01 20:10:40,239 - INFO - ============================================================
2026-03-01 20:10:40,240 - INFO - Portfolio construction: 38 longs, 38 shorts (from 38 candidates)
2026-03-01 20:10:40,240 - INFO - Vol targeting: rolling_vol=0.0445, scale=1.7974
2026-03-01 20:10:40,240 - INFO - PnL Net: -0.0028 | Scaled: -0.0050 | Turnover: 17.07% | Vol Scale: 1.80
2026-03-01 20:10:40,240 - INFO - 
============================================================
2026-03-01 20:10:40,240 - INFO - Running paper trading for 2025-07-30
2026-03-01 20:10:40,240 - INFO - ============================================================
2026-03-01 20:10:40,241 - INFO - Portfolio construction: 38 longs, 38 shorts (from 38 candidates)
2026-03-01 20:10:40,241 - INFO - Vol targeting: rolling_vol=0.0463, scale=1.7283
2026-03-01 20:10:40,241 - INFO - PnL Net: -0.0042 | Scaled: -0.0073 | Turnover: 18.97% | Vol Scale: 1.73
2026-03-01 20:10:40,241 - INFO - 
============================================================
2026-03-01 20:10:40,241 - INFO - Running paper trading for 2025-07-31
2026-03-01 20:10:40,241 - INFO - ============================================================
2026-03-01 20:10:40,242 - INFO - Portfolio construction: 38 longs, 38 shorts (from 38 candidates)
2026-03-01 20:10:40,242 - INFO - Vol targeting: rolling_vol=0.0470, scale=1.7007
2026-03-01 20:10:40,243 - INFO - PnL Net: -0.0036 | Scaled: -0.0062 | Turnover: 19.57% | Vol Scale: 1.70
2026-03-01 20:10:40,243 - INFO - 
============================================================
2026-03-01 20:10:40,243 - INFO - Running paper trading for 2025-08-01
2026-03-01 20:10:40,243 - INFO - ============================================================
2026-03-01 20:10:40,244 - INFO - Portfolio construction: 38 longs, 6 shorts (from 38 candidates)
2026-03-01 20:10:40,244 - INFO - Vol targeting: rolling_vol=0.0468, scale=1.7092
2026-03-01 20:10:40,244 - INFO - PnL Net: 0.0016 | Scaled: 0.0028 | Turnover: 18.75% | Vol Scale: 1.71
2026-03-01 20:10:40,244 - INFO - 
============================================================
2026-03-01 20:10:40,244 - INFO - Running paper trading for 2025-08-04
2026-03-01 20:10:40,244 - INFO - ============================================================
2026-03-01 20:10:40,244 - INFO - Portfolio construction: 38 longs, 5 shorts (from 38 candidates)
2026-03-01 20:10:40,245 - INFO - Vol targeting: rolling_vol=0.0486, scale=1.6467
2026-03-01 20:10:40,245 - INFO - PnL Net: 0.0034 | Scaled: 0.0056 | Turnover: 20.03% | Vol Scale: 1.65
2026-03-01 20:10:40,245 - INFO - 
============================================================
2026-03-01 20:10:40,245 - INFO - Running paper trading for 2025-08-05
2026-03-01 20:10:40,245 - INFO - ============================================================
2026-03-01 20:10:40,246 - INFO - Portfolio construction: 38 longs, 37 shorts (from 38 candidates)
2026-03-01 20:10:40,246 - INFO - Vol targeting: rolling_vol=0.0485, scale=1.6507
2026-03-01 20:10:40,246 - INFO - PnL Net: -0.0013 | Scaled: -0.0021 | Turnover: 19.43% | Vol Scale: 1.65
2026-03-01 20:10:40,246 - INFO - 
============================================================
2026-03-01 20:10:40,246 - INFO - Running paper trading for 2025-08-06
2026-03-01 20:10:40,246 - INFO - ============================================================
2026-03-01 20:10:40,247 - INFO - Portfolio construction: 38 longs, 38 shorts (from 38 candidates)
2026-03-01 20:10:40,247 - INFO - Vol targeting: rolling_vol=0.0472, scale=1.6961
2026-03-01 20:10:40,247 - INFO - PnL Net: -0.0009 | Scaled: -0.0016 | Turnover: 18.13% | Vol Scale: 1.70
2026-03-01 20:10:40,247 - INFO - 
============================================================
2026-03-01 20:10:40,248 - INFO - Running paper trading for 2025-08-07
2026-03-01 20:10:40,248 - INFO - ============================================================
2026-03-01 20:10:40,248 - INFO - Portfolio construction: 38 longs, 7 shorts (from 38 candidates)
2026-03-01 20:10:40,249 - INFO - Vol targeting: rolling_vol=0.0466, scale=1.7164
2026-03-01 20:10:40,249 - INFO - PnL Net: 0.0008 | Scaled: 0.0013 | Turnover: 20.31% | Vol Scale: 1.72
2026-03-01 20:10:40,249 - INFO - 
============================================================
2026-03-01 20:10:40,249 - INFO - Running paper trading for 2025-08-08
2026-03-01 20:10:40,249 - INFO - ============================================================
2026-03-01 20:10:40,250 - INFO - Portfolio construction: 38 longs, 8 shorts (from 38 candidates)
2026-03-01 20:10:40,250 - INFO - Vol targeting: rolling_vol=0.0467, scale=1.7135
2026-03-01 20:10:40,250 - WARNING - KS3 TRIGGERED: 60-day Sharpe -0.0651 < 0
2026-03-01 20:10:40,250 - INFO - PnL Net: -0.0013 | Scaled: -0.0022 | Turnover: 18.30% | Vol Scale: 1.71
2026-03-01 20:10:40,250 - INFO - 
============================================================
2026-03-01 20:10:40,250 - INFO - Running paper trading for 2025-08-11
2026-03-01 20:10:40,250 - INFO - ============================================================
2026-03-01 20:10:40,251 - INFO - Portfolio construction: 38 longs, 38 shorts (from 38 candidates)
2026-03-01 20:10:40,251 - INFO - Vol targeting: rolling_vol=0.0479, scale=1.6690
2026-03-01 20:10:40,252 - WARNING - KS3 TRIGGERED: 60-day Sharpe -0.0144 < 0
2026-03-01 20:10:40,252 - INFO - PnL Net: 0.0058 | Scaled: 0.0096 | Turnover: 15.45% | Vol Scale: 1.67
2026-03-01 20:10:40,252 - INFO - 
============================================================
2026-03-01 20:10:40,252 - INFO - Running paper trading for 2025-08-12
2026-03-01 20:10:40,252 - INFO - ============================================================
2026-03-01 20:10:40,253 - INFO - Portfolio construction: 38 longs, 38 shorts (from 38 candidates)
2026-03-01 20:10:40,253 - INFO - Vol targeting: rolling_vol=0.0574, scale=1.3933
2026-03-01 20:10:40,253 - INFO - PnL Net: 0.0093 | Scaled: 0.0129 | Turnover: 15.64% | Vol Scale: 1.39
2026-03-01 20:10:40,253 - INFO - 
============================================================
2026-03-01 20:10:40,253 - INFO - Running paper trading for 2025-08-13
2026-03-01 20:10:40,253 - INFO - ============================================================
2026-03-01 20:10:40,254 - INFO - Portfolio construction: 38 longs, 38 shorts (from 38 candidates)
2026-03-01 20:10:40,255 - INFO - Vol targeting: rolling_vol=0.0564, scale=1.4186
2026-03-01 20:10:40,255 - INFO - PnL Net: 0.0002 | Scaled: 0.0003 | Turnover: 20.87% | Vol Scale: 1.42
2026-03-01 20:10:40,255 - INFO - 
============================================================
2026-03-01 20:10:40,255 - INFO - Running paper trading for 2025-08-14
2026-03-01 20:10:40,255 - INFO - ============================================================
2026-03-01 20:10:40,255 - INFO - Portfolio construction: 38 longs, 38 shorts (from 38 candidates)
2026-03-01 20:10:40,255 - INFO - Vol targeting: rolling_vol=0.0564, scale=1.4190
2026-03-01 20:10:40,255 - INFO - PnL Net: 0.0010 | Scaled: 0.0014 | Turnover: 18.05% | Vol Scale: 1.42
2026-03-01 20:10:40,256 - INFO - 
============================================================
2026-03-01 20:10:40,256 - INFO - Running paper trading for 2025-08-15
2026-03-01 20:10:40,256 - INFO - ============================================================
2026-03-01 20:10:40,257 - INFO - Portfolio construction: 38 longs, 38 shorts (from 38 candidates)
2026-03-01 20:10:40,258 - INFO - Vol targeting: rolling_vol=0.0559, scale=1.4310
2026-03-01 20:10:40,258 - INFO - PnL Net: 0.0002 | Scaled: 0.0003 | Turnover: 19.70% | Vol Scale: 1.43
2026-03-01 20:10:40,258 - INFO - 
============================================================
2026-03-01 20:10:40,258 - INFO - Running paper trading for 2025-08-18
2026-03-01 20:10:40,258 - INFO - ============================================================
2026-03-01 20:10:40,262 - INFO - Portfolio construction: 38 longs, 38 shorts (from 38 candidates)
2026-03-01 20:10:40,262 - INFO - Vol targeting: rolling_vol=0.0515, scale=1.5525
2026-03-01 20:10:40,263 - INFO - PnL Net: 0.0024 | Scaled: 0.0038 | Turnover: 18.09% | Vol Scale: 1.55
2026-03-01 20:10:40,263 - INFO - 
============================================================
2026-03-01 20:10:40,263 - INFO - Running paper trading for 2025-08-19
2026-03-01 20:10:40,263 - INFO - ============================================================
2026-03-01 20:10:40,265 - INFO - Portfolio construction: 38 longs, 38 shorts (from 38 candidates)
2026-03-01 20:10:40,265 - INFO - Vol targeting: rolling_vol=0.0516, scale=1.5515
2026-03-01 20:10:40,266 - INFO - PnL Net: -0.0020 | Scaled: -0.0031 | Turnover: 16.60% | Vol Scale: 1.55
2026-03-01 20:10:40,266 - INFO - 
============================================================
2026-03-01 20:10:40,266 - INFO - Running paper trading for 2025-08-20
2026-03-01 20:10:40,266 - INFO - ============================================================
2026-03-01 20:10:40,268 - INFO - Portfolio construction: 38 longs, 38 shorts (from 38 candidates)
2026-03-01 20:10:40,268 - INFO - Vol targeting: rolling_vol=0.0510, scale=1.5694
2026-03-01 20:10:40,268 - INFO - PnL Net: -0.0015 | Scaled: -0.0024 | Turnover: 15.21% | Vol Scale: 1.57
2026-03-01 20:10:40,268 - INFO - 
============================================================
2026-03-01 20:10:40,268 - INFO - Running paper trading for 2025-08-21
2026-03-01 20:10:40,268 - INFO - ============================================================
2026-03-01 20:10:40,270 - INFO - Portfolio construction: 38 longs, 38 shorts (from 38 candidates)
2026-03-01 20:10:40,271 - INFO - Vol targeting: rolling_vol=0.0594, scale=1.3476
2026-03-01 20:10:40,271 - INFO - PnL Net: 0.0089 | Scaled: 0.0120 | Turnover: 16.82% | Vol Scale: 1.35
2026-03-01 20:10:40,271 - INFO - 
============================================================
2026-03-01 20:10:40,271 - INFO - Running paper trading for 2025-08-22
2026-03-01 20:10:40,271 - INFO - ============================================================
2026-03-01 20:10:40,273 - INFO - Portfolio construction: 38 longs, 38 shorts (from 38 candidates)
2026-03-01 20:10:40,273 - INFO - Vol targeting: rolling_vol=0.0605, scale=1.3221
2026-03-01 20:10:40,273 - INFO - PnL Net: -0.0044 | Scaled: -0.0058 | Turnover: 15.55% | Vol Scale: 1.32
2026-03-01 20:10:40,273 - INFO - 
============================================================
2026-03-01 20:10:40,273 - INFO - Running paper trading for 2025-08-25
2026-03-01 20:10:40,273 - INFO - ============================================================
2026-03-01 20:10:40,275 - INFO - Portfolio construction: 38 longs, 38 shorts (from 38 candidates)
2026-03-01 20:10:40,276 - INFO - Vol targeting: rolling_vol=0.0596, scale=1.3428
2026-03-01 20:10:40,276 - INFO - PnL Net: 0.0005 | Scaled: 0.0007 | Turnover: 15.86% | Vol Scale: 1.34
2026-03-01 20:10:40,276 - INFO - 
============================================================
2026-03-01 20:10:40,276 - INFO - Running paper trading for 2025-08-26
2026-03-01 20:10:40,276 - INFO - ============================================================
2026-03-01 20:10:40,277 - INFO - Portfolio construction: 38 longs, 38 shorts (from 38 candidates)
2026-03-01 20:10:40,277 - INFO - Vol targeting: rolling_vol=0.0583, scale=1.3725
2026-03-01 20:10:40,277 - INFO - PnL Net: 0.0005 | Scaled: 0.0007 | Turnover: 17.06% | Vol Scale: 1.37
2026-03-01 20:10:40,277 - INFO - 
============================================================
2026-03-01 20:10:40,277 - INFO - Running paper trading for 2025-08-27
2026-03-01 20:10:40,277 - INFO - ============================================================
2026-03-01 20:10:40,278 - INFO - Portfolio construction: 38 longs, 38 shorts (from 38 candidates)
2026-03-01 20:10:40,278 - INFO - Vol targeting: rolling_vol=0.0555, scale=1.4411
2026-03-01 20:10:40,279 - INFO - PnL Net: -0.0002 | Scaled: -0.0002 | Turnover: 17.80% | Vol Scale: 1.44
2026-03-01 20:10:40,279 - INFO - 
============================================================
2026-03-01 20:10:40,279 - INFO - Running paper trading for 2025-08-28
2026-03-01 20:10:40,279 - INFO - ============================================================
2026-03-01 20:10:40,280 - INFO - Portfolio construction: 38 longs, 38 shorts (from 38 candidates)
2026-03-01 20:10:40,280 - INFO - Vol targeting: rolling_vol=0.0530, scale=1.5091
2026-03-01 20:10:40,280 - INFO - PnL Net: 0.0003 | Scaled: 0.0004 | Turnover: 19.25% | Vol Scale: 1.51
2026-03-01 20:10:40,280 - INFO - 
============================================================
2026-03-01 20:10:40,280 - INFO - Running paper trading for 2025-08-29
2026-03-01 20:10:40,280 - INFO - ============================================================
2026-03-01 20:10:40,281 - INFO - Portfolio construction: 38 longs, 38 shorts (from 38 candidates)
2026-03-01 20:10:40,282 - INFO - Vol targeting: rolling_vol=0.0539, scale=1.4841
2026-03-01 20:10:40,282 - INFO - PnL Net: -0.0017 | Scaled: -0.0026 | Turnover: 15.06% | Vol Scale: 1.48
2026-03-01 20:10:40,282 - INFO - 
============================================================
2026-03-01 20:10:40,282 - INFO - Running paper trading for 2025-09-02
2026-03-01 20:10:40,282 - INFO - ============================================================
2026-03-01 20:10:40,283 - INFO - Portfolio construction: 38 longs, 38 shorts (from 38 candidates)
2026-03-01 20:10:40,284 - INFO - Vol targeting: rolling_vol=0.0542, scale=1.4760
2026-03-01 20:10:40,284 - INFO - PnL Net: -0.0021 | Scaled: -0.0031 | Turnover: 18.16% | Vol Scale: 1.48
2026-03-01 20:10:40,284 - INFO - 
============================================================
2026-03-01 20:10:40,284 - INFO - Running paper trading for 2025-09-03
2026-03-01 20:10:40,284 - INFO - ============================================================
2026-03-01 20:10:40,285 - INFO - Portfolio construction: 38 longs, 38 shorts (from 38 candidates)
2026-03-01 20:10:40,285 - INFO - Vol targeting: rolling_vol=0.0537, scale=1.4886
2026-03-01 20:10:40,285 - INFO - PnL Net: 0.0013 | Scaled: 0.0020 | Turnover: 17.78% | Vol Scale: 1.49
2026-03-01 20:10:40,285 - INFO - 
============================================================
2026-03-01 20:10:40,285 - INFO - Running paper trading for 2025-09-04
2026-03-01 20:10:40,285 - INFO - ============================================================
2026-03-01 20:10:40,286 - INFO - Portfolio construction: 38 longs, 38 shorts (from 38 candidates)
2026-03-01 20:10:40,286 - INFO - Vol targeting: rolling_vol=0.0534, scale=1.4994
2026-03-01 20:10:40,286 - INFO - PnL Net: 0.0012 | Scaled: 0.0019 | Turnover: 17.33% | Vol Scale: 1.50
2026-03-01 20:10:40,286 - INFO - 
============================================================
2026-03-01 20:10:40,286 - INFO - Running paper trading for 2025-09-05
2026-03-01 20:10:40,286 - INFO - ============================================================
2026-03-01 20:10:40,287 - INFO - Portfolio construction: 38 longs, 38 shorts (from 38 candidates)
2026-03-01 20:10:40,287 - INFO - Vol targeting: rolling_vol=0.0539, scale=1.4842
2026-03-01 20:10:40,288 - INFO - PnL Net: -0.0013 | Scaled: -0.0019 | Turnover: 20.00% | Vol Scale: 1.48
2026-03-01 20:10:40,288 - INFO - 
============================================================
2026-03-01 20:10:40,288 - INFO - Running paper trading for 2025-09-08
2026-03-01 20:10:40,288 - INFO - ============================================================
2026-03-01 20:10:40,289 - INFO - Portfolio construction: 38 longs, 38 shorts (from 38 candidates)
2026-03-01 20:10:40,289 - INFO - Vol targeting: rolling_vol=0.0535, scale=1.4949
2026-03-01 20:10:40,289 - INFO - PnL Net: -0.0003 | Scaled: -0.0004 | Turnover: 16.66% | Vol Scale: 1.49
2026-03-01 20:10:40,289 - INFO - 
============================================================
2026-03-01 20:10:40,289 - INFO - Running paper trading for 2025-09-09
2026-03-01 20:10:40,289 - INFO - ============================================================
2026-03-01 20:10:40,290 - INFO - Portfolio construction: 38 longs, 38 shorts (from 38 candidates)
2026-03-01 20:10:40,291 - INFO - Vol targeting: rolling_vol=0.0534, scale=1.4986
2026-03-01 20:10:40,291 - INFO - PnL Net: -0.0044 | Scaled: -0.0065 | Turnover: 17.19% | Vol Scale: 1.50
2026-03-01 20:10:40,291 - INFO - 
============================================================
2026-03-01 20:10:40,291 - INFO - Running paper trading for 2025-09-10
2026-03-01 20:10:40,291 - INFO - ============================================================
2026-03-01 20:10:40,292 - INFO - Portfolio construction: 38 longs, 38 shorts (from 38 candidates)
2026-03-01 20:10:40,292 - INFO - Vol targeting: rolling_vol=0.0448, scale=1.7844
2026-03-01 20:10:40,292 - INFO - PnL Net: 0.0040 | Scaled: 0.0072 | Turnover: 16.96% | Vol Scale: 1.78
2026-03-01 20:10:40,292 - INFO - 
============================================================
2026-03-01 20:10:40,292 - INFO - Running paper trading for 2025-09-11
2026-03-01 20:10:40,292 - INFO - ============================================================
2026-03-01 20:10:40,293 - INFO - Portfolio construction: 38 longs, 38 shorts (from 38 candidates)
2026-03-01 20:10:40,293 - INFO - Vol targeting: rolling_vol=0.0472, scale=1.6944
2026-03-01 20:10:40,293 - INFO - PnL Net: -0.0041 | Scaled: -0.0070 | Turnover: 17.39% | Vol Scale: 1.69
2026-03-01 20:10:40,294 - INFO - 
============================================================
2026-03-01 20:10:40,294 - INFO - Running paper trading for 2025-09-12
2026-03-01 20:10:40,294 - INFO - ============================================================
2026-03-01 20:10:40,294 - INFO - Portfolio construction: 38 longs, 38 shorts (from 38 candidates)
2026-03-01 20:10:40,295 - INFO - Vol targeting: rolling_vol=0.0475, scale=1.6830
2026-03-01 20:10:40,295 - INFO - PnL Net: -0.0021 | Scaled: -0.0035 | Turnover: 15.81% | Vol Scale: 1.68
2026-03-01 20:10:40,295 - INFO - 
============================================================
2026-03-01 20:10:40,295 - INFO - Running paper trading for 2025-09-15
2026-03-01 20:10:40,295 - INFO - ============================================================
2026-03-01 20:10:40,295 - INFO - Portfolio construction: 38 longs, 38 shorts (from 38 candidates)
2026-03-01 20:10:40,296 - INFO - Vol targeting: rolling_vol=0.0477, scale=1.6773
2026-03-01 20:10:40,296 - INFO - PnL Net: 0.0010 | Scaled: 0.0016 | Turnover: 18.17% | Vol Scale: 1.68
2026-03-01 20:10:40,296 - INFO - 
============================================================
2026-03-01 20:10:40,296 - INFO - Running paper trading for 2025-09-16
2026-03-01 20:10:40,296 - INFO - ============================================================
2026-03-01 20:10:40,297 - INFO - Portfolio construction: 38 longs, 38 shorts (from 38 candidates)
2026-03-01 20:10:40,297 - INFO - Vol targeting: rolling_vol=0.0469, scale=1.7072
2026-03-01 20:10:40,297 - INFO - PnL Net: 0.0006 | Scaled: 0.0011 | Turnover: 16.81% | Vol Scale: 1.71
2026-03-01 20:10:40,297 - INFO - 
============================================================
2026-03-01 20:10:40,297 - INFO - Running paper trading for 2025-09-17
2026-03-01 20:10:40,297 - INFO - ============================================================
2026-03-01 20:10:40,298 - INFO - Portfolio construction: 38 longs, 38 shorts (from 38 candidates)
2026-03-01 20:10:40,298 - INFO - Vol targeting: rolling_vol=0.0483, scale=1.6553
2026-03-01 20:10:40,298 - INFO - PnL Net: 0.0037 | Scaled: 0.0061 | Turnover: 15.39% | Vol Scale: 1.66
2026-03-01 20:10:40,298 - INFO - 
============================================================
2026-03-01 20:10:40,298 - INFO - Running paper trading for 2025-09-18
2026-03-01 20:10:40,298 - INFO - ============================================================
2026-03-01 20:10:40,299 - INFO - Portfolio construction: 38 longs, 38 shorts (from 38 candidates)
2026-03-01 20:10:40,300 - INFO - Vol targeting: rolling_vol=0.0490, scale=1.6323
2026-03-01 20:10:40,300 - INFO - PnL Net: -0.0028 | Scaled: -0.0045 | Turnover: 13.88% | Vol Scale: 1.63
2026-03-01 20:10:40,300 - INFO - 
============================================================
2026-03-01 20:10:40,300 - INFO - Running paper trading for 2025-09-19
2026-03-01 20:10:40,300 - INFO - ============================================================
2026-03-01 20:10:40,301 - INFO - Portfolio construction: 38 longs, 38 shorts (from 38 candidates)
2026-03-01 20:10:40,301 - INFO - Vol targeting: rolling_vol=0.0368, scale=2.0000
2026-03-01 20:10:40,301 - INFO - PnL Net: -0.0018 | Scaled: -0.0037 | Turnover: 14.15% | Vol Scale: 2.00
2026-03-01 20:10:40,301 - INFO - 
============================================================
2026-03-01 20:10:40,301 - INFO - Running paper trading for 2025-09-22
2026-03-01 20:10:40,301 - INFO - ============================================================
2026-03-01 20:10:40,302 - INFO - Portfolio construction: 38 longs, 38 shorts (from 38 candidates)
2026-03-01 20:10:40,302 - INFO - Vol targeting: rolling_vol=0.0347, scale=2.0000
2026-03-01 20:10:40,302 - INFO - PnL Net: -0.0022 | Scaled: -0.0044 | Turnover: 12.25% | Vol Scale: 2.00
2026-03-01 20:10:40,302 - INFO - 
============================================================
2026-03-01 20:10:40,302 - INFO - Running paper trading for 2025-09-23
2026-03-01 20:10:40,302 - INFO - ============================================================
2026-03-01 20:10:40,303 - INFO - Portfolio construction: 38 longs, 38 shorts (from 38 candidates)
2026-03-01 20:10:40,304 - INFO - Vol targeting: rolling_vol=0.0347, scale=2.0000
2026-03-01 20:10:40,304 - INFO - PnL Net: 0.0006 | Scaled: 0.0012 | Turnover: 11.55% | Vol Scale: 2.00
2026-03-01 20:10:40,304 - INFO - 
============================================================
2026-03-01 20:10:40,304 - INFO - Running paper trading for 2025-09-24
2026-03-01 20:10:40,304 - INFO - ============================================================
2026-03-01 20:10:40,305 - INFO - Portfolio construction: 38 longs, 38 shorts (from 38 candidates)
2026-03-01 20:10:40,305 - INFO - Vol targeting: rolling_vol=0.0370, scale=2.0000
2026-03-01 20:10:40,305 - WARNING - KS3 TRIGGERED: 60-day Sharpe -0.2339 < 0
2026-03-01 20:10:40,305 - INFO - PnL Net: -0.0044 | Scaled: -0.0087 | Turnover: 10.82% | Vol Scale: 2.00
2026-03-01 20:10:40,306 - INFO - 
============================================================
2026-03-01 20:10:40,306 - INFO - Running paper trading for 2025-09-25
2026-03-01 20:10:40,306 - INFO - ============================================================
2026-03-01 20:10:40,306 - INFO - Portfolio construction: 38 longs, 38 shorts (from 38 candidates)
2026-03-01 20:10:40,306 - INFO - Vol targeting: rolling_vol=0.0394, scale=2.0000
2026-03-01 20:10:40,306 - WARNING - KS3 TRIGGERED: 60-day Sharpe -0.0747 < 0
2026-03-01 20:10:40,306 - INFO - PnL Net: 0.0031 | Scaled: 0.0063 | Turnover: 11.32% | Vol Scale: 2.00
2026-03-01 20:10:40,306 - INFO - 
============================================================
2026-03-01 20:10:40,306 - INFO - Running paper trading for 2025-09-26
2026-03-01 20:10:40,306 - INFO - ============================================================
2026-03-01 20:10:40,307 - INFO - Portfolio construction: 38 longs, 38 shorts (from 38 candidates)
2026-03-01 20:10:40,307 - INFO - Vol targeting: rolling_vol=0.0396, scale=2.0000
2026-03-01 20:10:40,308 - WARNING - KS3 TRIGGERED: 60-day Sharpe -0.1133 < 0
2026-03-01 20:10:40,308 - INFO - PnL Net: 0.0009 | Scaled: 0.0019 | Turnover: 10.79% | Vol Scale: 2.00
2026-03-01 20:10:40,308 - INFO - 
============================================================
2026-03-01 20:10:40,308 - INFO - Running paper trading for 2025-09-29
2026-03-01 20:10:40,308 - INFO - ============================================================
2026-03-01 20:10:40,309 - INFO - Portfolio construction: 38 longs, 38 shorts (from 38 candidates)
2026-03-01 20:10:40,309 - INFO - Vol targeting: rolling_vol=0.0395, scale=2.0000
2026-03-01 20:10:40,309 - INFO - PnL Net: 0.0006 | Scaled: 0.0013 | Turnover: 18.78% | Vol Scale: 2.00
2026-03-01 20:10:40,309 - INFO - 
============================================================
2026-03-01 20:10:40,309 - INFO - Running paper trading for 2025-09-30
2026-03-01 20:10:40,309 - INFO - ============================================================
2026-03-01 20:10:40,310 - INFO - Portfolio construction: 38 longs, 38 shorts (from 38 candidates)
2026-03-01 20:10:40,310 - INFO - Vol targeting: rolling_vol=0.0394, scale=2.0000
2026-03-01 20:10:40,310 - INFO - PnL Net: 0.0013 | Scaled: 0.0026 | Turnover: 16.32% | Vol Scale: 2.00
2026-03-01 20:10:40,310 - INFO - 
============================================================
2026-03-01 20:10:40,310 - INFO - Running paper trading for 2025-10-01
2026-03-01 20:10:40,310 - INFO - ============================================================
2026-03-01 20:10:40,311 - INFO - Portfolio construction: 38 longs, 38 shorts (from 38 candidates)
2026-03-01 20:10:40,312 - INFO - Vol targeting: rolling_vol=0.0406, scale=1.9724
2026-03-01 20:10:40,312 - INFO - PnL Net: 0.0029 | Scaled: 0.0057 | Turnover: 13.62% | Vol Scale: 1.97
2026-03-01 20:10:40,312 - INFO - 
============================================================
2026-03-01 20:10:40,312 - INFO - Running paper trading for 2025-10-02
2026-03-01 20:10:40,312 - INFO - ============================================================
2026-03-01 20:10:40,313 - INFO - Portfolio construction: 38 longs, 38 shorts (from 38 candidates)
2026-03-01 20:10:40,313 - INFO - Vol targeting: rolling_vol=0.0415, scale=1.9257
2026-03-01 20:10:40,313 - INFO - PnL Net: 0.0028 | Scaled: 0.0053 | Turnover: 12.21% | Vol Scale: 1.93
2026-03-01 20:10:40,313 - INFO - 
============================================================
2026-03-01 20:10:40,313 - INFO - Running paper trading for 2025-10-03
2026-03-01 20:10:40,313 - INFO - ============================================================
2026-03-01 20:10:40,314 - INFO - Portfolio construction: 38 longs, 38 shorts (from 38 candidates)
2026-03-01 20:10:40,314 - INFO - Vol targeting: rolling_vol=0.0436, scale=1.8365
2026-03-01 20:10:40,314 - INFO - PnL Net: 0.0040 | Scaled: 0.0073 | Turnover: 10.49% | Vol Scale: 1.84
2026-03-01 20:10:40,314 - INFO - 
============================================================
2026-03-01 20:10:40,314 - INFO - Running paper trading for 2025-10-06
2026-03-01 20:10:40,314 - INFO - ============================================================
2026-03-01 20:10:40,316 - INFO - Portfolio construction: 38 longs, 38 shorts (from 38 candidates)
2026-03-01 20:10:40,316 - INFO - Vol targeting: rolling_vol=0.0440, scale=1.8163
2026-03-01 20:10:40,316 - INFO - PnL Net: -0.0017 | Scaled: -0.0032 | Turnover: 8.91% | Vol Scale: 1.82
2026-03-01 20:10:40,316 - INFO - 
============================================================
2026-03-01 20:10:40,316 - INFO - Running paper trading for 2025-10-07
2026-03-01 20:10:40,316 - INFO - ============================================================
2026-03-01 20:10:40,317 - INFO - Portfolio construction: 38 longs, 38 shorts (from 38 candidates)
2026-03-01 20:10:40,317 - INFO - Vol targeting: rolling_vol=0.0418, scale=1.9150
2026-03-01 20:10:40,317 - INFO - PnL Net: 0.0027 | Scaled: 0.0053 | Turnover: 7.62% | Vol Scale: 1.91
2026-03-01 20:10:40,317 - INFO - 
============================================================
2026-03-01 20:10:40,318 - INFO - Running paper trading for 2025-10-08
2026-03-01 20:10:40,318 - INFO - ============================================================
2026-03-01 20:10:40,318 - INFO - Portfolio construction: 38 longs, 38 shorts (from 38 candidates)
2026-03-01 20:10:40,319 - INFO - Vol targeting: rolling_vol=0.0400, scale=1.9984
2026-03-01 20:10:40,319 - INFO - PnL Net: -0.0012 | Scaled: -0.0024 | Turnover: 6.47% | Vol Scale: 2.00
2026-03-01 20:10:40,319 - INFO - 
============================================================
2026-03-01 20:10:40,319 - INFO - Running paper trading for 2025-10-09
2026-03-01 20:10:40,319 - INFO - ============================================================
2026-03-01 20:10:40,320 - INFO - Portfolio construction: 38 longs, 38 shorts (from 38 candidates)
2026-03-01 20:10:40,320 - INFO - Vol targeting: rolling_vol=0.0499, scale=1.6037
2026-03-01 20:10:40,320 - INFO - PnL Net: -0.0093 | Scaled: -0.0149 | Turnover: 6.11% | Vol Scale: 1.60
2026-03-01 20:10:40,320 - INFO - 
============================================================
2026-03-01 20:10:40,320 - INFO - Running paper trading for 2025-10-10
2026-03-01 20:10:40,320 - INFO - ============================================================
2026-03-01 20:10:40,321 - INFO - Portfolio construction: 38 longs, 38 shorts (from 38 candidates)
2026-03-01 20:10:40,321 - INFO - Vol targeting: rolling_vol=0.0501, scale=1.5958
2026-03-01 20:10:40,322 - INFO - PnL Net: 0.0026 | Scaled: 0.0041 | Turnover: 16.58% | Vol Scale: 1.60
2026-03-01 20:10:40,322 - INFO - 
============================================================
2026-03-01 20:10:40,322 - INFO - Running paper trading for 2025-10-13
2026-03-01 20:10:40,322 - INFO - ============================================================
2026-03-01 20:10:40,323 - INFO - Portfolio construction: 38 longs, 36 shorts (from 38 candidates)
2026-03-01 20:10:40,323 - INFO - Vol targeting: rolling_vol=0.0500, scale=1.5985
2026-03-01 20:10:40,323 - INFO - PnL Net: 0.0001 | Scaled: 0.0001 | Turnover: 21.87% | Vol Scale: 1.60
2026-03-01 20:10:40,323 - INFO - 
============================================================
2026-03-01 20:10:40,323 - INFO - Running paper trading for 2025-10-14
2026-03-01 20:10:40,323 - INFO - ============================================================
2026-03-01 20:10:40,324 - INFO - Portfolio construction: 38 longs, 38 shorts (from 38 candidates)
2026-03-01 20:10:40,325 - INFO - Vol targeting: rolling_vol=0.0503, scale=1.5894
2026-03-01 20:10:40,325 - INFO - PnL Net: 0.0017 | Scaled: 0.0028 | Turnover: 19.87% | Vol Scale: 1.59
2026-03-01 20:10:40,325 - INFO - 
============================================================
2026-03-01 20:10:40,325 - INFO - Running paper trading for 2025-10-15
2026-03-01 20:10:40,325 - INFO - ============================================================
2026-03-01 20:10:40,326 - INFO - Portfolio construction: 38 longs, 38 shorts (from 38 candidates)
2026-03-01 20:10:40,326 - INFO - Vol targeting: rolling_vol=0.0506, scale=1.5825
2026-03-01 20:10:40,326 - WARNING - KS3 TRIGGERED: 60-day Sharpe -0.2138 < 0
2026-03-01 20:10:40,326 - INFO - PnL Net: -0.0039 | Scaled: -0.0062 | Turnover: 19.76% | Vol Scale: 1.58
2026-03-01 20:10:40,326 - INFO - 
============================================================
2026-03-01 20:10:40,326 - INFO - Running paper trading for 2025-10-16
2026-03-01 20:10:40,326 - INFO - ============================================================
2026-03-01 20:10:40,326 - INFO - Portfolio construction: 38 longs, 38 shorts (from 38 candidates)
2026-03-01 20:10:40,327 - INFO - Vol targeting: rolling_vol=0.0497, scale=1.6093
2026-03-01 20:10:40,327 - INFO - PnL Net: 0.0004 | Scaled: 0.0006 | Turnover: 19.81% | Vol Scale: 1.61
2026-03-01 20:10:40,327 - INFO - 
============================================================
2026-03-01 20:10:40,327 - INFO - Running paper trading for 2025-10-17
2026-03-01 20:10:40,327 - INFO - ============================================================
2026-03-01 20:10:40,328 - INFO - Portfolio construction: 38 longs, 2 shorts (from 38 candidates)
2026-03-01 20:10:40,328 - INFO - Vol targeting: rolling_vol=0.0522, scale=1.5325
2026-03-01 20:10:40,328 - INFO - PnL Net: 0.0050 | Scaled: 0.0077 | Turnover: 21.18% | Vol Scale: 1.53
2026-03-01 20:10:40,328 - INFO - 
============================================================
2026-03-01 20:10:40,328 - INFO - Running paper trading for 2025-10-20
2026-03-01 20:10:40,328 - INFO - ============================================================
2026-03-01 20:10:40,329 - INFO - Portfolio construction: 38 longs, 38 shorts (from 38 candidates)
2026-03-01 20:10:40,330 - INFO - Vol targeting: rolling_vol=0.0521, scale=1.5369
2026-03-01 20:10:40,330 - INFO - PnL Net: 0.0028 | Scaled: 0.0043 | Turnover: 19.97% | Vol Scale: 1.54
2026-03-01 20:10:40,330 - INFO - 
============================================================
2026-03-01 20:10:40,330 - INFO - Running paper trading for 2025-10-21
2026-03-01 20:10:40,330 - INFO - ============================================================
2026-03-01 20:10:40,330 - INFO - Portfolio construction: 38 longs, 38 shorts (from 38 candidates)
2026-03-01 20:10:40,330 - INFO - Vol targeting: rolling_vol=0.0528, scale=1.5154
2026-03-01 20:10:40,332 - INFO - PnL Net: -0.0020 | Scaled: -0.0030 | Turnover: 17.75% | Vol Scale: 1.52
2026-03-01 20:10:40,332 - INFO - 
============================================================
2026-03-01 20:10:40,332 - INFO - Running paper trading for 2025-10-22
2026-03-01 20:10:40,332 - INFO - ============================================================
2026-03-01 20:10:40,333 - INFO - Portfolio construction: 38 longs, 38 shorts (from 38 candidates)
2026-03-01 20:10:40,333 - INFO - Vol targeting: rolling_vol=0.0516, scale=1.5499
2026-03-01 20:10:40,333 - INFO - PnL Net: 0.0046 | Scaled: 0.0071 | Turnover: 16.55% | Vol Scale: 1.55
2026-03-01 20:10:40,333 - INFO - 
============================================================
2026-03-01 20:10:40,333 - INFO - Running paper trading for 2025-10-23
2026-03-01 20:10:40,333 - INFO - ============================================================
2026-03-01 20:10:40,334 - INFO - Portfolio construction: 38 longs, 38 shorts (from 38 candidates)
2026-03-01 20:10:40,334 - INFO - Vol targeting: rolling_vol=0.0510, scale=1.5701
2026-03-01 20:10:40,334 - INFO - PnL Net: 0.0010 | Scaled: 0.0015 | Turnover: 18.04% | Vol Scale: 1.57
2026-03-01 20:10:40,334 - INFO - 
============================================================
2026-03-01 20:10:40,334 - INFO - Running paper trading for 2025-10-24
2026-03-01 20:10:40,334 - INFO - ============================================================
2026-03-01 20:10:40,335 - INFO - Portfolio construction: 38 longs, 38 shorts (from 38 candidates)
2026-03-01 20:10:40,335 - INFO - Vol targeting: rolling_vol=0.0511, scale=1.5665
2026-03-01 20:10:40,335 - INFO - PnL Net: 0.0018 | Scaled: 0.0028 | Turnover: 20.07% | Vol Scale: 1.57
2026-03-01 20:10:40,335 - INFO - 
============================================================
2026-03-01 20:10:40,335 - INFO - Running paper trading for 2025-10-27
2026-03-01 20:10:40,335 - INFO - ============================================================
2026-03-01 20:10:40,336 - INFO - Portfolio construction: 38 longs, 38 shorts (from 38 candidates)
2026-03-01 20:10:40,336 - INFO - Vol targeting: rolling_vol=0.0513, scale=1.5609
2026-03-01 20:10:40,336 - INFO - PnL Net: -0.0005 | Scaled: -0.0007 | Turnover: 20.20% | Vol Scale: 1.56
2026-03-01 20:10:40,336 - INFO - 
============================================================
2026-03-01 20:10:40,336 - INFO - Running paper trading for 2025-10-28
2026-03-01 20:10:40,337 - INFO - ============================================================
2026-03-01 20:10:40,337 - INFO - Portfolio construction: 38 longs, 38 shorts (from 38 candidates)
2026-03-01 20:10:40,338 - INFO - Vol targeting: rolling_vol=0.0516, scale=1.5503
2026-03-01 20:10:40,338 - INFO - PnL Net: -0.0011 | Scaled: -0.0017 | Turnover: 17.57% | Vol Scale: 1.55
2026-03-01 20:10:40,339 - INFO - 
============================================================
2026-03-01 20:10:40,339 - INFO - Running paper trading for 2025-10-29
2026-03-01 20:10:40,339 - INFO - ============================================================
2026-03-01 20:10:40,339 - INFO - Portfolio construction: 38 longs, 38 shorts (from 38 candidates)
2026-03-01 20:10:40,340 - INFO - Vol targeting: rolling_vol=0.0533, scale=1.4997
2026-03-01 20:10:40,340 - INFO - PnL Net: -0.0041 | Scaled: -0.0061 | Turnover: 16.24% | Vol Scale: 1.50
2026-03-01 20:10:40,340 - INFO - 
============================================================
2026-03-01 20:10:40,340 - INFO - Running paper trading for 2025-10-30
2026-03-01 20:10:40,340 - INFO - ============================================================
2026-03-01 20:10:40,341 - INFO - Portfolio construction: 38 longs, 38 shorts (from 38 candidates)
2026-03-01 20:10:40,341 - INFO - Vol targeting: rolling_vol=0.0529, scale=1.5111
2026-03-01 20:10:40,341 - INFO - PnL Net: 0.0019 | Scaled: 0.0029 | Turnover: 17.83% | Vol Scale: 1.51
2026-03-01 20:10:40,341 - INFO - 
============================================================
2026-03-01 20:10:40,341 - INFO - Running paper trading for 2025-10-31
2026-03-01 20:10:40,341 - INFO - ============================================================
2026-03-01 20:10:40,342 - INFO - Portfolio construction: 38 longs, 38 shorts (from 38 candidates)
2026-03-01 20:10:40,342 - INFO - Vol targeting: rolling_vol=0.0514, scale=1.5577
2026-03-01 20:10:40,343 - INFO - PnL Net: -0.0012 | Scaled: -0.0019 | Turnover: 17.75% | Vol Scale: 1.56
2026-03-01 20:10:40,343 - INFO - 
============================================================
2026-03-01 20:10:40,343 - INFO - Running paper trading for 2025-11-03
2026-03-01 20:10:40,343 - INFO - ============================================================
2026-03-01 20:10:40,344 - INFO - Portfolio construction: 38 longs, 38 shorts (from 38 candidates)
2026-03-01 20:10:40,344 - INFO - Vol targeting: rolling_vol=0.0532, scale=1.5032
2026-03-01 20:10:40,344 - INFO - PnL Net: -0.0044 | Scaled: -0.0065 | Turnover: 18.48% | Vol Scale: 1.50
2026-03-01 20:10:40,344 - INFO - 
============================================================
2026-03-01 20:10:40,344 - INFO - Running paper trading for 2025-11-04
2026-03-01 20:10:40,344 - INFO - ============================================================
2026-03-01 20:10:40,345 - INFO - Portfolio construction: 38 longs, 38 shorts (from 38 candidates)
2026-03-01 20:10:40,345 - INFO - Vol targeting: rolling_vol=0.0532, scale=1.5046
2026-03-01 20:10:40,345 - INFO - PnL Net: 0.0027 | Scaled: 0.0040 | Turnover: 18.50% | Vol Scale: 1.50
2026-03-01 20:10:40,345 - INFO - 
============================================================
2026-03-01 20:10:40,345 - INFO - Running paper trading for 2025-11-05
2026-03-01 20:10:40,345 - INFO - ============================================================
2026-03-01 20:10:40,346 - INFO - Portfolio construction: 38 longs, 38 shorts (from 38 candidates)
2026-03-01 20:10:40,346 - INFO - Vol targeting: rolling_vol=0.0556, scale=1.4381
2026-03-01 20:10:40,346 - WARNING - KS3 TRIGGERED: 60-day Sharpe -0.0205 < 0
2026-03-01 20:10:40,346 - INFO - PnL Net: -0.0050 | Scaled: -0.0071 | Turnover: 18.91% | Vol Scale: 1.44
2026-03-01 20:10:40,346 - INFO - 
============================================================
2026-03-01 20:10:40,346 - INFO - Running paper trading for 2025-11-06
2026-03-01 20:10:40,346 - INFO - ============================================================
2026-03-01 20:10:40,347 - INFO - Portfolio construction: 38 longs, 38 shorts (from 38 candidates)
2026-03-01 20:10:40,347 - INFO - Vol targeting: rolling_vol=0.0450, scale=1.7759
2026-03-01 20:10:40,348 - WARNING - KS3 TRIGGERED: 60-day Sharpe -0.0011 < 0
2026-03-01 20:10:40,348 - INFO - PnL Net: 0.0004 | Scaled: 0.0007 | Turnover: 19.27% | Vol Scale: 1.78
2026-03-01 20:10:40,348 - INFO - 
============================================================
2026-03-01 20:10:40,348 - INFO - Running paper trading for 2025-11-07
2026-03-01 20:10:40,348 - INFO - ============================================================
2026-03-01 20:10:40,350 - WARNING - No negative predictions for shorts - skipping short positions
2026-03-01 20:10:40,350 - INFO - Portfolio construction: 38 longs, 0 shorts (from 38 candidates)
2026-03-01 20:10:40,350 - INFO - Vol targeting: rolling_vol=0.0446, scale=1.7921
2026-03-01 20:10:40,350 - INFO - PnL Net: 0.0019 | Scaled: 0.0034 | Turnover: 13.18% | Vol Scale: 1.79
2026-03-01 20:10:40,350 - INFO - 
============================================================
2026-03-01 20:10:40,350 - INFO - Running paper trading for 2025-11-10
2026-03-01 20:10:40,350 - INFO - ============================================================
2026-03-01 20:10:40,352 - INFO - Portfolio construction: 38 longs, 38 shorts (from 38 candidates)
2026-03-01 20:10:40,352 - INFO - Vol targeting: rolling_vol=0.0454, scale=1.7634
2026-03-01 20:10:40,352 - INFO - PnL Net: 0.0024 | Scaled: 0.0043 | Turnover: 18.16% | Vol Scale: 1.76
2026-03-01 20:10:40,352 - INFO - 
============================================================
2026-03-01 20:10:40,352 - INFO - Running paper trading for 2025-11-11
2026-03-01 20:10:40,352 - INFO - ============================================================
2026-03-01 20:10:40,355 - INFO - Portfolio construction: 38 longs, 38 shorts (from 38 candidates)
2026-03-01 20:10:40,355 - INFO - Vol targeting: rolling_vol=0.0464, scale=1.7224
2026-03-01 20:10:40,355 - INFO - PnL Net: 0.0034 | Scaled: 0.0059 | Turnover: 16.31% | Vol Scale: 1.72
2026-03-01 20:10:40,355 - INFO - 
============================================================
2026-03-01 20:10:40,355 - INFO - Running paper trading for 2025-11-12
2026-03-01 20:10:40,355 - INFO - ============================================================
2026-03-01 20:10:40,356 - INFO - Portfolio construction: 38 longs, 38 shorts (from 38 candidates)
2026-03-01 20:10:40,357 - INFO - Vol targeting: rolling_vol=0.0448, scale=1.7861
2026-03-01 20:10:40,357 - INFO - PnL Net: -0.0022 | Scaled: -0.0039 | Turnover: 15.82% | Vol Scale: 1.79
2026-03-01 20:10:40,357 - INFO - 
============================================================
2026-03-01 20:10:40,357 - INFO - Running paper trading for 2025-11-13
2026-03-01 20:10:40,357 - INFO - ============================================================
2026-03-01 20:10:40,359 - INFO - Portfolio construction: 38 longs, 38 shorts (from 38 candidates)
2026-03-01 20:10:40,359 - INFO - Vol targeting: rolling_vol=0.0464, scale=1.7238
2026-03-01 20:10:40,359 - INFO - PnL Net: -0.0031 | Scaled: -0.0054 | Turnover: 17.53% | Vol Scale: 1.72
2026-03-01 20:10:40,360 - INFO - 
============================================================
2026-03-01 20:10:40,360 - INFO - Running paper trading for 2025-11-14
2026-03-01 20:10:40,360 - INFO - ============================================================
2026-03-01 20:10:40,361 - INFO - Portfolio construction: 38 longs, 38 shorts (from 38 candidates)
2026-03-01 20:10:40,362 - INFO - Vol targeting: rolling_vol=0.0494, scale=1.6195
2026-03-01 20:10:40,362 - WARNING - KS3 TRIGGERED: 60-day Sharpe -1.2139 < 0
2026-03-01 20:10:40,362 - INFO - PnL Net: -0.0071 | Scaled: -0.0114 | Turnover: 18.41% | Vol Scale: 1.62
2026-03-01 20:10:40,362 - INFO - 
============================================================
2026-03-01 20:10:40,362 - INFO - Running paper trading for 2025-11-17
2026-03-01 20:10:40,362 - INFO - ============================================================
2026-03-01 20:10:40,364 - INFO - Portfolio construction: 38 longs, 38 shorts (from 38 candidates)
2026-03-01 20:10:40,364 - INFO - Vol targeting: rolling_vol=0.0481, scale=1.6647
2026-03-01 20:10:40,364 - WARNING - KS3 TRIGGERED: 60-day Sharpe -0.9382 < 0
2026-03-01 20:10:40,365 - INFO - PnL Net: -0.0011 | Scaled: -0.0018 | Turnover: 18.60% | Vol Scale: 1.66
2026-03-01 20:10:40,365 - INFO - 
============================================================
2026-03-01 20:10:40,365 - INFO - Running paper trading for 2025-11-18
2026-03-01 20:10:40,365 - INFO - ============================================================
2026-03-01 20:10:40,365 - INFO - Portfolio construction: 38 longs, 38 shorts (from 38 candidates)
2026-03-01 20:10:40,365 - INFO - Vol targeting: rolling_vol=0.0478, scale=1.6738
2026-03-01 20:10:40,365 - WARNING - KS3 TRIGGERED: 60-day Sharpe -0.9945 < 0
2026-03-01 20:10:40,367 - INFO - PnL Net: -0.0001 | Scaled: -0.0002 | Turnover: 17.82% | Vol Scale: 1.67
2026-03-01 20:10:40,367 - INFO - 
============================================================
2026-03-01 20:10:40,367 - INFO - Running paper trading for 2025-11-19
2026-03-01 20:10:40,367 - INFO - ============================================================
2026-03-01 20:10:40,368 - INFO - Portfolio construction: 38 longs, 10 shorts (from 38 candidates)
2026-03-01 20:10:40,368 - INFO - Vol targeting: rolling_vol=0.0464, scale=1.7231
2026-03-01 20:10:40,368 - WARNING - KS3 TRIGGERED: 60-day Sharpe -1.4547 < 0
2026-03-01 20:10:40,368 - INFO - PnL Net: -0.0049 | Scaled: -0.0085 | Turnover: 20.34% | Vol Scale: 1.72
2026-03-01 20:10:40,368 - INFO - 
============================================================
2026-03-01 20:10:40,368 - INFO - Running paper trading for 2025-11-20
2026-03-01 20:10:40,368 - INFO - ============================================================
2026-03-01 20:10:40,369 - INFO - Portfolio construction: 38 longs, 4 shorts (from 38 candidates)
2026-03-01 20:10:40,369 - INFO - Vol targeting: rolling_vol=0.0537, scale=1.4897
2026-03-01 20:10:40,369 - WARNING - KS3 TRIGGERED: 60-day Sharpe -0.7805 < 0
2026-03-01 20:10:40,370 - INFO - PnL Net: 0.0070 | Scaled: 0.0104 | Turnover: 18.63% | Vol Scale: 1.49
2026-03-01 20:10:40,370 - INFO - 
============================================================
2026-03-01 20:10:40,370 - INFO - Running paper trading for 2025-11-21
2026-03-01 20:10:40,370 - INFO - ============================================================
2026-03-01 20:10:40,372 - WARNING - No negative predictions for shorts - skipping short positions
2026-03-01 20:10:40,372 - INFO - Portfolio construction: 38 longs, 0 shorts (from 38 candidates)
2026-03-01 20:10:40,373 - INFO - Vol targeting: rolling_vol=0.0544, scale=1.4711
2026-03-01 20:10:40,373 - WARNING - KS3 TRIGGERED: 60-day Sharpe -0.5647 < 0
2026-03-01 20:10:40,373 - INFO - PnL Net: 0.0028 | Scaled: 0.0041 | Turnover: 14.74% | Vol Scale: 1.47
2026-03-01 20:10:40,373 - INFO - 
============================================================
2026-03-01 20:10:40,373 - INFO - Running paper trading for 2025-11-24
2026-03-01 20:10:40,373 - INFO - ============================================================
2026-03-01 20:10:40,375 - INFO - Portfolio construction: 38 longs, 38 shorts (from 38 candidates)
2026-03-01 20:10:40,375 - INFO - Vol targeting: rolling_vol=0.0569, scale=1.4057
2026-03-01 20:10:40,375 - WARNING - KS3 TRIGGERED: 60-day Sharpe -0.0606 < 0
2026-03-01 20:10:40,375 - INFO - PnL Net: 0.0042 | Scaled: 0.0060 | Turnover: 18.63% | Vol Scale: 1.41
2026-03-01 20:10:40,375 - INFO - 
============================================================
2026-03-01 20:10:40,375 - INFO - Running paper trading for 2025-11-25
2026-03-01 20:10:40,375 - INFO - ============================================================
2026-03-01 20:10:40,377 - INFO - Portfolio construction: 38 longs, 29 shorts (from 38 candidates)
2026-03-01 20:10:40,377 - INFO - Vol targeting: rolling_vol=0.0582, scale=1.3744
2026-03-01 20:10:40,377 - INFO - PnL Net: 0.0033 | Scaled: 0.0045 | Turnover: 16.83% | Vol Scale: 1.37
2026-03-01 20:10:40,377 - INFO - 
============================================================
2026-03-01 20:10:40,377 - INFO - Running paper trading for 2025-11-26
2026-03-01 20:10:40,377 - INFO - ============================================================
2026-03-01 20:10:40,378 - INFO - Portfolio construction: 38 longs, 38 shorts (from 38 candidates)
2026-03-01 20:10:40,378 - INFO - Vol targeting: rolling_vol=0.0572, scale=1.3978
2026-03-01 20:10:40,379 - INFO - PnL Net: 0.0028 | Scaled: 0.0039 | Turnover: 19.67% | Vol Scale: 1.40
2026-03-01 20:10:40,379 - INFO - 
============================================================
2026-03-01 20:10:40,379 - INFO - Running paper trading for 2025-11-28
2026-03-01 20:10:40,379 - INFO - ============================================================
2026-03-01 20:10:40,380 - INFO - Portfolio construction: 38 longs, 38 shorts (from 38 candidates)
2026-03-01 20:10:40,380 - INFO - Vol targeting: rolling_vol=0.0570, scale=1.4044
2026-03-01 20:10:40,380 - INFO - PnL Net: -0.0008 | Scaled: -0.0011 | Turnover: 18.71% | Vol Scale: 1.40
2026-03-01 20:10:40,380 - INFO - 
============================================================
2026-03-01 20:10:40,380 - INFO - Running paper trading for 2025-12-01
2026-03-01 20:10:40,380 - INFO - ============================================================
2026-03-01 20:10:40,381 - INFO - Portfolio construction: 38 longs, 38 shorts (from 38 candidates)
2026-03-01 20:10:40,381 - INFO - Vol targeting: rolling_vol=0.0577, scale=1.3855
2026-03-01 20:10:40,381 - INFO - PnL Net: 0.0032 | Scaled: 0.0044 | Turnover: 17.87% | Vol Scale: 1.39
2026-03-01 20:10:40,381 - INFO - 
============================================================
2026-03-01 20:10:40,382 - INFO - Running paper trading for 2025-12-02
2026-03-01 20:10:40,382 - INFO - ============================================================
2026-03-01 20:10:40,382 - INFO - Portfolio construction: 38 longs, 38 shorts (from 38 candidates)
2026-03-01 20:10:40,382 - INFO - Vol targeting: rolling_vol=0.0579, scale=1.3813
2026-03-01 20:10:40,382 - INFO - PnL Net: 0.0056 | Scaled: 0.0077 | Turnover: 20.20% | Vol Scale: 1.38
2026-03-01 20:10:40,382 - INFO - 
============================================================
2026-03-01 20:10:40,382 - INFO - Running paper trading for 2025-12-03
2026-03-01 20:10:40,382 - INFO - ============================================================
2026-03-01 20:10:40,383 - INFO - Portfolio construction: 38 longs, 38 shorts (from 38 candidates)
2026-03-01 20:10:40,384 - INFO - Vol targeting: rolling_vol=0.0576, scale=1.3891
2026-03-01 20:10:40,384 - INFO - PnL Net: -0.0002 | Scaled: -0.0003 | Turnover: 19.11% | Vol Scale: 1.39
2026-03-01 20:10:40,384 - INFO - 
============================================================
2026-03-01 20:10:40,384 - INFO - Running paper trading for 2025-12-04
2026-03-01 20:10:40,384 - INFO - ============================================================
2026-03-01 20:10:40,385 - INFO - Portfolio construction: 38 longs, 3 shorts (from 38 candidates)
2026-03-01 20:10:40,386 - INFO - Vol targeting: rolling_vol=0.0539, scale=1.4845
2026-03-01 20:10:40,386 - INFO - PnL Net: 0.0005 | Scaled: 0.0008 | Turnover: 19.09% | Vol Scale: 1.48
2026-03-01 20:10:40,386 - INFO - 
============================================================
2026-03-01 20:10:40,386 - INFO - Running paper trading for 2025-12-05
2026-03-01 20:10:40,386 - INFO - ============================================================
2026-03-01 20:10:40,387 - INFO - Portfolio construction: 38 longs, 2 shorts (from 38 candidates)
2026-03-01 20:10:40,387 - INFO - Vol targeting: rolling_vol=0.0571, scale=1.4018
2026-03-01 20:10:40,387 - INFO - PnL Net: -0.0045 | Scaled: -0.0063 | Turnover: 19.14% | Vol Scale: 1.40
2026-03-01 20:10:40,387 - INFO - 
============================================================
2026-03-01 20:10:40,387 - INFO - Running paper trading for 2025-12-08
2026-03-01 20:10:40,387 - INFO - ============================================================
2026-03-01 20:10:40,387 - WARNING - No negative predictions for shorts - skipping short positions
2026-03-01 20:10:40,387 - INFO - Portfolio construction: 38 longs, 0 shorts (from 38 candidates)
2026-03-01 20:10:40,388 - INFO - Vol targeting: rolling_vol=0.0570, scale=1.4030
2026-03-01 20:10:40,388 - INFO - PnL Net: -0.0005 | Scaled: -0.0008 | Turnover: 15.68% | Vol Scale: 1.40
2026-03-01 20:10:40,388 - INFO - 
============================================================
2026-03-01 20:10:40,388 - INFO - Running paper trading for 2025-12-09
2026-03-01 20:10:40,388 - INFO - ============================================================
2026-03-01 20:10:40,389 - INFO - Portfolio construction: 38 longs, 2 shorts (from 38 candidates)
2026-03-01 20:10:40,389 - INFO - Vol targeting: rolling_vol=0.0607, scale=1.3183
2026-03-01 20:10:40,389 - INFO - PnL Net: 0.0068 | Scaled: 0.0089 | Turnover: 18.84% | Vol Scale: 1.32
2026-03-01 20:10:40,389 - INFO - 
============================================================
2026-03-01 20:10:40,389 - INFO - Running paper trading for 2025-12-10
2026-03-01 20:10:40,389 - INFO - ============================================================
2026-03-01 20:10:40,390 - WARNING - No negative predictions for shorts - skipping short positions
2026-03-01 20:10:40,390 - INFO - Portfolio construction: 38 longs, 0 shorts (from 38 candidates)
2026-03-01 20:10:40,390 - INFO - Vol targeting: rolling_vol=0.0675, scale=1.1847
2026-03-01 20:10:40,390 - INFO - PnL Net: 0.0096 | Scaled: 0.0114 | Turnover: 13.56% | Vol Scale: 1.18
2026-03-01 20:10:40,390 - INFO - 
============================================================
2026-03-01 20:10:40,391 - INFO - Running paper trading for 2025-12-11
2026-03-01 20:10:40,391 - INFO - ============================================================
2026-03-01 20:10:40,391 - INFO - Portfolio construction: 38 longs, 38 shorts (from 38 candidates)
2026-03-01 20:10:40,392 - INFO - Vol targeting: rolling_vol=0.0665, scale=1.2031
2026-03-01 20:10:40,392 - INFO - PnL Net: 0.0011 | Scaled: 0.0013 | Turnover: 17.58% | Vol Scale: 1.20
2026-03-01 20:10:40,392 - INFO - 
============================================================
2026-03-01 20:10:40,392 - INFO - Running paper trading for 2025-12-12
2026-03-01 20:10:40,392 - INFO - ============================================================
2026-03-01 20:10:40,393 - INFO - Portfolio construction: 38 longs, 38 shorts (from 38 candidates)
2026-03-01 20:10:40,393 - INFO - Vol targeting: rolling_vol=0.0646, scale=1.2379
2026-03-01 20:10:40,393 - INFO - PnL Net: 0.0020 | Scaled: 0.0025 | Turnover: 20.65% | Vol Scale: 1.24
2026-03-01 20:10:40,393 - INFO - 
============================================================
2026-03-01 20:10:40,393 - INFO - Running paper trading for 2025-12-15
2026-03-01 20:10:40,393 - INFO - ============================================================
2026-03-01 20:10:40,394 - INFO - Portfolio construction: 38 longs, 38 shorts (from 38 candidates)
2026-03-01 20:10:40,394 - INFO - Vol targeting: rolling_vol=0.0592, scale=1.3522
2026-03-01 20:10:40,395 - INFO - PnL Net: -0.0030 | Scaled: -0.0041 | Turnover: 19.78% | Vol Scale: 1.35
2026-03-01 20:10:40,395 - INFO - 
============================================================
2026-03-01 20:10:40,395 - INFO - Running paper trading for 2025-12-16
2026-03-01 20:10:40,395 - INFO - ============================================================
2026-03-01 20:10:40,396 - INFO - Portfolio construction: 38 longs, 38 shorts (from 38 candidates)
2026-03-01 20:10:40,396 - INFO - Vol targeting: rolling_vol=0.0591, scale=1.3527
2026-03-01 20:10:40,396 - INFO - PnL Net: -0.0011 | Scaled: -0.0014 | Turnover: 18.63% | Vol Scale: 1.35
2026-03-01 20:10:40,396 - INFO - 
============================================================
2026-03-01 20:10:40,396 - INFO - Running paper trading for 2025-12-17
2026-03-01 20:10:40,396 - INFO - ============================================================
2026-03-01 20:10:40,398 - INFO - Portfolio construction: 38 longs, 38 shorts (from 38 candidates)
2026-03-01 20:10:40,398 - INFO - Vol targeting: rolling_vol=0.0590, scale=1.3570
2026-03-01 20:10:40,398 - INFO - PnL Net: 0.0005 | Scaled: 0.0007 | Turnover: 18.11% | Vol Scale: 1.36
2026-03-01 20:10:40,398 - INFO - 
============================================================
2026-03-01 20:10:40,398 - INFO - Running paper trading for 2025-12-18
2026-03-01 20:10:40,398 - INFO - ============================================================
2026-03-01 20:10:40,399 - INFO - Portfolio construction: 38 longs, 38 shorts (from 38 candidates)
2026-03-01 20:10:40,399 - INFO - Vol targeting: rolling_vol=0.0538, scale=1.4865
2026-03-01 20:10:40,399 - INFO - PnL Net: 0.0014 | Scaled: 0.0021 | Turnover: 15.89% | Vol Scale: 1.49
2026-03-01 20:10:40,399 - INFO - 
============================================================
2026-03-01 20:10:40,399 - INFO - Running paper trading for 2025-12-19
2026-03-01 20:10:40,399 - INFO - ============================================================
2026-03-01 20:10:40,400 - INFO - Portfolio construction: 38 longs, 38 shorts (from 38 candidates)
2026-03-01 20:10:40,400 - INFO - Vol targeting: rolling_vol=0.0508, scale=1.5738
2026-03-01 20:10:40,400 - INFO - PnL Net: 0.0029 | Scaled: 0.0046 | Turnover: 15.26% | Vol Scale: 1.57
2026-03-01 20:10:40,401 - INFO - 
============================================================
2026-03-01 20:10:40,401 - INFO - Running paper trading for 2025-12-22
2026-03-01 20:10:40,401 - INFO - ============================================================
2026-03-01 20:10:40,401 - INFO - Portfolio construction: 38 longs, 38 shorts (from 38 candidates)
2026-03-01 20:10:40,401 - INFO - Vol targeting: rolling_vol=0.0516, scale=1.5517
2026-03-01 20:10:40,401 - INFO - PnL Net: -0.0009 | Scaled: -0.0014 | Turnover: 16.20% | Vol Scale: 1.55
2026-03-01 20:10:40,401 - INFO - 
============================================================
2026-03-01 20:10:40,401 - INFO - Running paper trading for 2025-12-23
2026-03-01 20:10:40,401 - INFO - ============================================================
2026-03-01 20:10:40,402 - INFO - Portfolio construction: 38 longs, 38 shorts (from 38 candidates)
2026-03-01 20:10:40,403 - INFO - Vol targeting: rolling_vol=0.0507, scale=1.5785
2026-03-01 20:10:40,403 - INFO - PnL Net: 0.0014 | Scaled: 0.0022 | Turnover: 18.49% | Vol Scale: 1.58
2026-03-01 20:10:40,403 - INFO - 
============================================================
2026-03-01 20:10:40,403 - INFO - Running paper trading for 2025-12-24
2026-03-01 20:10:40,403 - INFO - ============================================================
2026-03-01 20:10:40,404 - INFO - Portfolio construction: 38 longs, 38 shorts (from 38 candidates)
2026-03-01 20:10:40,404 - INFO - Vol targeting: rolling_vol=0.0504, scale=1.5889
2026-03-01 20:10:40,404 - INFO - PnL Net: 0.0005 | Scaled: 0.0008 | Turnover: 17.12% | Vol Scale: 1.59
2026-03-01 20:10:40,404 - INFO - 
============================================================
2026-03-01 20:10:40,404 - INFO - Running paper trading for 2025-12-26
2026-03-01 20:10:40,404 - INFO - ============================================================
2026-03-01 20:10:40,405 - INFO - Portfolio construction: 38 longs, 38 shorts (from 38 candidates)
2026-03-01 20:10:40,405 - INFO - Vol targeting: rolling_vol=0.0515, scale=1.5540
2026-03-01 20:10:40,405 - INFO - PnL Net: -0.0022 | Scaled: -0.0034 | Turnover: 16.78% | Vol Scale: 1.55
2026-03-01 20:10:40,405 - INFO - 
============================================================
2026-03-01 20:10:40,405 - INFO - Running paper trading for 2025-12-29
2026-03-01 20:10:40,405 - INFO - ============================================================
2026-03-01 20:10:40,406 - INFO - Portfolio construction: 38 longs, 38 shorts (from 38 candidates)
2026-03-01 20:10:40,406 - INFO - Vol targeting: rolling_vol=0.0514, scale=1.5572
2026-03-01 20:10:40,407 - INFO - PnL Net: -0.0006 | Scaled: -0.0009 | Turnover: 15.33% | Vol Scale: 1.56
2026-03-01 20:10:40,407 - INFO - 
============================================================
2026-03-01 20:10:40,407 - INFO - Running paper trading for 2026-02-20
2026-03-01 20:10:40,407 - INFO - ============================================================
2026-03-01 20:10:40,408 - INFO - Portfolio construction: 38 longs, 38 shorts (from 38 candidates)
2026-03-01 20:10:40,408 - INFO - Vol targeting: rolling_vol=0.0597, scale=1.3411
2026-03-01 20:10:40,408 - INFO - PnL Net: -0.0080 | Scaled: -0.0107 | Turnover: 21.23% | Vol Scale: 1.34
2026-03-01 20:10:40,408 - INFO - 
============================================================
2026-03-01 20:10:40,408 - INFO - Running paper trading for 2026-02-23
2026-03-01 20:10:40,408 - INFO - ============================================================
2026-03-01 20:10:40,409 - INFO - Portfolio construction: 38 longs, 38 shorts (from 38 candidates)
2026-03-01 20:10:40,410 - INFO - Vol targeting: rolling_vol=0.0594, scale=1.3476
2026-03-01 20:10:40,410 - INFO - PnL Net: 0.0053 | Scaled: 0.0071 | Turnover: 17.98% | Vol Scale: 1.35
2026-03-01 20:10:40,410 - INFO - 
============================================================
2026-03-01 20:10:40,410 - INFO - Running paper trading for 2026-02-24
2026-03-01 20:10:40,410 - INFO - ============================================================
2026-03-01 20:10:40,411 - INFO - Portfolio construction: 38 longs, 38 shorts (from 38 candidates)
2026-03-01 20:10:40,411 - INFO - Vol targeting: rolling_vol=0.0610, scale=1.3119
2026-03-01 20:10:40,411 - INFO - PnL Net: 0.0047 | Scaled: 0.0062 | Turnover: 15.33% | Vol Scale: 1.31
2026-03-01 20:10:40,411 - INFO - 
============================================================
2026-03-01 20:10:40,411 - INFO - Running paper trading for 2026-02-25
2026-03-01 20:10:40,411 - INFO - ============================================================
2026-03-01 20:10:40,412 - INFO - Portfolio construction: 38 longs, 38 shorts (from 38 candidates)
2026-03-01 20:10:40,412 - INFO - Vol targeting: rolling_vol=0.0610, scale=1.3115
2026-03-01 20:10:40,412 - INFO - PnL Net: 0.0003 | Scaled: 0.0004 | Turnover: 13.19% | Vol Scale: 1.31
2026-03-01 20:10:40,412 - INFO - 
============================================================
2026-03-01 20:10:40,413 - INFO - Running paper trading for 2026-02-26
2026-03-01 20:10:40,413 - INFO - ============================================================
2026-03-01 20:10:40,413 - INFO - Portfolio construction: 38 longs, 38 shorts (from 38 candidates)
2026-03-01 20:10:40,414 - INFO - Vol targeting: rolling_vol=0.0620, scale=1.2895
2026-03-01 20:10:40,414 - INFO - PnL Net: -0.0054 | Scaled: -0.0070 | Turnover: 12.09% | Vol Scale: 1.29
2026-03-01 20:10:40,417 - INFO - Saved daily results to C:\Users\luixj\AI\stock-data\data\processed\phase4\phase4_paper_trading_daily.parquet
2026-03-01 20:10:40,417 - INFO - Saved summary to C:\Users\luixj\AI\stock-data\data\processed\phase4\phase4_paper_trading_summary.json
2026-03-01 20:10:40,417 - INFO - 
============================================================
2026-03-01 20:10:40,417 - INFO - PAPER TRADING SUMMARY
2026-03-01 20:10:40,417 - INFO - ============================================================
2026-03-01 20:10:40,418 - INFO - Trading Days: 193
2026-03-01 20:10:40,418 - INFO - 
RAW PERFORMANCE (no vol targeting):
2026-03-01 20:10:40,418 - INFO -   Sharpe Ratio: 1.22
2026-03-01 20:10:40,418 - INFO -   Annual Return: 8.91%
2026-03-01 20:10:40,418 - INFO -   Volatility: 7.28%
2026-03-01 20:10:40,418 - INFO - 
VOL-TARGETED PERFORMANCE:
2026-03-01 20:10:40,418 - INFO -   Sharpe Ratio: 1.12
2026-03-01 20:10:40,418 - INFO -   Annual Return: 10.05%
2026-03-01 20:10:40,418 - INFO -   Volatility: 8.95%
2026-03-01 20:10:40,418 - INFO - 
RISK METRICS:
2026-03-01 20:10:40,418 - INFO -   Max Drawdown: -4.72%
2026-03-01 20:10:40,418 - INFO -   Long Sharpe: 0.73
2026-03-01 20:10:40,418 - INFO -   Short Sharpe: 0.54
2026-03-01 20:10:40,418 - INFO - 
EXECUTION:
2026-03-01 20:10:40,418 - INFO -   Avg Turnover: 18.08%
2026-03-01 20:10:40,418 - INFO -   Avg Cost: 0.5 bps
2026-03-01 20:10:40,418 - INFO - 
KILL SWITCHES:
2026-03-01 20:10:40,418 - INFO -   Events: 15 (7.8% of days)
2026-03-01 20:10:40,418 - INFO - ============================================================
2026-03-01 20:10:40,418 - INFO - Simulation complete: 193 days | Sharpe(scaled)=1.12 | MaxDD=-4.7%
2026-03-01 20:10:41,346 - INFO - ============================================================
2026-03-01 20:10:41,347 - INFO - STEP 6: Syncing Qdrant
2026-03-01 20:10:41,347 - INFO - ============================================================
2026-03-01 20:10:41,996 - INFO - HTTP Request: GET http://localhost:6333 "HTTP/1.1 200 OK"
2026-03-01 20:10:42,091 - INFO - HTTP Request: GET http://localhost:6333/collections/stock_recommendations "HTTP/1.1 404 Not Found"
2026-03-01 20:10:42,143 - INFO - HTTP Request: PUT http://localhost:6333/collections/stock_recommendations "HTTP/1.1 200 OK"
2026-03-01 20:10:42,144 - INFO - Created collection 'stock_recommendations'.
2026-03-01 20:10:42,146 - INFO - HTTP Request: GET http://localhost:6333/collections/trading_results "HTTP/1.1 404 Not Found"
2026-03-01 20:10:42,200 - INFO - HTTP Request: PUT http://localhost:6333/collections/trading_results "HTTP/1.1 200 OK"
2026-03-01 20:10:42,201 - INFO - Created collection 'trading_results'.
2026-03-01 20:10:42,203 - INFO - HTTP Request: GET http://localhost:6333/collections/performance_metrics "HTTP/1.1 404 Not Found"
2026-03-01 20:10:42,274 - INFO - HTTP Request: PUT http://localhost:6333/collections/performance_metrics "HTTP/1.1 200 OK"
2026-03-01 20:10:42,274 - INFO - Created collection 'performance_metrics'.
2026-03-01 20:10:42,282 - INFO - HTTP Request: GET http://localhost:6333/collections/daily_trade_strategies "HTTP/1.1 404 Not Found"
2026-03-01 20:10:42,350 - INFO - HTTP Request: PUT http://localhost:6333/collections/daily_trade_strategies "HTTP/1.1 200 OK"
2026-03-01 20:10:42,351 - INFO - Created collection 'daily_trade_strategies'.
2026-03-01 20:10:42,358 - INFO - HTTP Request: POST http://localhost:6333/collections/stock_recommendations/points/delete?wait=true "HTTP/1.1 200 OK"
2026-03-01 20:10:42,359 - INFO - Cleared 'stock_recommendations'.
2026-03-01 20:10:42,364 - INFO - HTTP Request: POST http://localhost:6333/collections/trading_results/points/delete?wait=true "HTTP/1.1 200 OK"
2026-03-01 20:10:42,364 - INFO - Cleared 'trading_results'.
2026-03-01 20:10:42,367 - INFO - HTTP Request: POST http://localhost:6333/collections/performance_metrics/points/delete?wait=true "HTTP/1.1 200 OK"
2026-03-01 20:10:42,367 - INFO - Cleared 'performance_metrics'.
2026-03-01 20:10:42,377 - INFO - HTTP Request: POST http://localhost:6333/collections/daily_trade_strategies/points/delete?wait=true "HTTP/1.1 200 OK"
2026-03-01 20:10:42,377 - INFO - Cleared 'daily_trade_strategies'.
2026-03-01 20:10:42,407 - INFO - HTTP Request: PUT http://localhost:6333/collections/stock_recommendations/points?wait=true "HTTP/1.1 200 OK"
2026-03-01 20:10:42,435 - INFO - HTTP Request: PUT http://localhost:6333/collections/daily_trade_strategies/points?wait=true "HTTP/1.1 200 OK"
2026-03-01 20:10:42,438 - INFO - HTTP Request: PUT http://localhost:6333/collections/trading_results/points?wait=true "HTTP/1.1 200 OK"
2026-03-01 20:10:42,446 - INFO - HTTP Request: PUT http://localhost:6333/collections/stock_recommendations/points?wait=true "HTTP/1.1 200 OK"
2026-03-01 20:10:42,481 - INFO - HTTP Request: PUT http://localhost:6333/collections/daily_trade_strategies/points?wait=true "HTTP/1.1 200 OK"
2026-03-01 20:10:42,493 - INFO - HTTP Request: PUT http://localhost:6333/collections/trading_results/points?wait=true "HTTP/1.1 200 OK"
2026-03-01 20:10:42,512 - INFO - HTTP Request: PUT http://localhost:6333/collections/stock_recommendations/points?wait=true "HTTP/1.1 200 OK"
2026-03-01 20:10:42,540 - INFO - HTTP Request: PUT http://localhost:6333/collections/daily_trade_strategies/points?wait=true "HTTP/1.1 200 OK"
2026-03-01 20:10:42,543 - INFO - HTTP Request: PUT http://localhost:6333/collections/trading_results/points?wait=true "HTTP/1.1 200 OK"
2026-03-01 20:10:42,553 - INFO - HTTP Request: PUT http://localhost:6333/collections/stock_recommendations/points?wait=true "HTTP/1.1 200 OK"
2026-03-01 20:10:42,577 - INFO - HTTP Request: PUT http://localhost:6333/collections/daily_trade_strategies/points?wait=true "HTTP/1.1 200 OK"
2026-03-01 20:10:42,581 - INFO - HTTP Request: PUT http://localhost:6333/collections/trading_results/points?wait=true "HTTP/1.1 200 OK"
2026-03-01 20:10:42,592 - INFO - HTTP Request: PUT http://localhost:6333/collections/stock_recommendations/points?wait=true "HTTP/1.1 200 OK"
2026-03-01 20:10:42,639 - INFO - HTTP Request: PUT http://localhost:6333/collections/daily_trade_strategies/points?wait=true "HTTP/1.1 200 OK"
2026-03-01 20:10:42,644 - INFO - HTTP Request: PUT http://localhost:6333/collections/trading_results/points?wait=true "HTTP/1.1 200 OK"
2026-03-01 20:10:42,653 - INFO - HTTP Request: PUT http://localhost:6333/collections/stock_recommendations/points?wait=true "HTTP/1.1 200 OK"
2026-03-01 20:10:42,678 - INFO - HTTP Request: PUT http://localhost:6333/collections/daily_trade_strategies/points?wait=true "HTTP/1.1 200 OK"
2026-03-01 20:10:42,682 - INFO - HTTP Request: PUT http://localhost:6333/collections/trading_results/points?wait=true "HTTP/1.1 200 OK"
2026-03-01 20:10:42,690 - INFO - HTTP Request: PUT http://localhost:6333/collections/stock_recommendations/points?wait=true "HTTP/1.1 200 OK"
2026-03-01 20:10:42,733 - INFO - HTTP Request: PUT http://localhost:6333/collections/daily_trade_strategies/points?wait=true "HTTP/1.1 200 OK"
2026-03-01 20:10:42,737 - INFO - HTTP Request: PUT http://localhost:6333/collections/trading_results/points?wait=true "HTTP/1.1 200 OK"
2026-03-01 20:10:42,745 - INFO - HTTP Request: PUT http://localhost:6333/collections/stock_recommendations/points?wait=true "HTTP/1.1 200 OK"
2026-03-01 20:10:42,780 - INFO - HTTP Request: PUT http://localhost:6333/collections/daily_trade_strategies/points?wait=true "HTTP/1.1 200 OK"
2026-03-01 20:10:42,783 - INFO - HTTP Request: PUT http://localhost:6333/collections/trading_results/points?wait=true "HTTP/1.1 200 OK"
2026-03-01 20:10:42,809 - INFO - HTTP Request: PUT http://localhost:6333/collections/stock_recommendations/points?wait=true "HTTP/1.1 200 OK"
2026-03-01 20:10:42,833 - INFO - HTTP Request: PUT http://localhost:6333/collections/daily_trade_strategies/points?wait=true "HTTP/1.1 200 OK"
2026-03-01 20:10:42,836 - INFO - HTTP Request: PUT http://localhost:6333/collections/trading_results/points?wait=true "HTTP/1.1 200 OK"
2026-03-01 20:10:42,844 - INFO - HTTP Request: PUT http://localhost:6333/collections/stock_recommendations/points?wait=true "HTTP/1.1 200 OK"
2026-03-01 20:10:42,870 - INFO - HTTP Request: PUT http://localhost:6333/collections/daily_trade_strategies/points?wait=true "HTTP/1.1 200 OK"
2026-03-01 20:10:42,876 - INFO - HTTP Request: PUT http://localhost:6333/collections/trading_results/points?wait=true "HTTP/1.1 200 OK"
2026-03-01 20:10:42,890 - INFO - HTTP Request: PUT http://localhost:6333/collections/stock_recommendations/points?wait=true "HTTP/1.1 200 OK"
2026-03-01 20:10:42,935 - INFO - HTTP Request: PUT http://localhost:6333/collections/daily_trade_strategies/points?wait=true "HTTP/1.1 200 OK"
2026-03-01 20:10:42,939 - INFO - HTTP Request: PUT http://localhost:6333/collections/trading_results/points?wait=true "HTTP/1.1 200 OK"
2026-03-01 20:10:42,966 - INFO - HTTP Request: PUT http://localhost:6333/collections/stock_recommendations/points?wait=true "HTTP/1.1 200 OK"
2026-03-01 20:10:43,012 - INFO - HTTP Request: PUT http://localhost:6333/collections/daily_trade_strategies/points?wait=true "HTTP/1.1 200 OK"
2026-03-01 20:10:43,015 - INFO - HTTP Request: PUT http://localhost:6333/collections/trading_results/points?wait=true "HTTP/1.1 200 OK"
2026-03-01 20:10:43,022 - INFO - HTTP Request: PUT http://localhost:6333/collections/stock_recommendations/points?wait=true "HTTP/1.1 200 OK"
2026-03-01 20:10:43,059 - INFO - HTTP Request: PUT http://localhost:6333/collections/daily_trade_strategies/points?wait=true "HTTP/1.1 200 OK"
2026-03-01 20:10:43,062 - INFO - HTTP Request: PUT http://localhost:6333/collections/trading_results/points?wait=true "HTTP/1.1 200 OK"
2026-03-01 20:10:43,072 - INFO - HTTP Request: PUT http://localhost:6333/collections/stock_recommendations/points?wait=true "HTTP/1.1 200 OK"
2026-03-01 20:10:43,121 - INFO - HTTP Request: PUT http://localhost:6333/collections/daily_trade_strategies/points?wait=true "HTTP/1.1 200 OK"
2026-03-01 20:10:43,127 - INFO - HTTP Request: PUT http://localhost:6333/collections/trading_results/points?wait=true "HTTP/1.1 200 OK"
2026-03-01 20:10:43,154 - INFO - HTTP Request: PUT http://localhost:6333/collections/stock_recommendations/points?wait=true "HTTP/1.1 200 OK"
2026-03-01 20:10:43,178 - INFO - HTTP Request: PUT http://localhost:6333/collections/daily_trade_strategies/points?wait=true "HTTP/1.1 200 OK"
2026-03-01 20:10:43,186 - INFO - HTTP Request: PUT http://localhost:6333/collections/trading_results/points?wait=true "HTTP/1.1 200 OK"
2026-03-01 20:10:43,195 - INFO - HTTP Request: PUT http://localhost:6333/collections/stock_recommendations/points?wait=true "HTTP/1.1 200 OK"
2026-03-01 20:10:43,221 - INFO - HTTP Request: PUT http://localhost:6333/collections/daily_trade_strategies/points?wait=true "HTTP/1.1 200 OK"
2026-03-01 20:10:43,224 - INFO - HTTP Request: PUT http://localhost:6333/collections/trading_results/points?wait=true "HTTP/1.1 200 OK"
2026-03-01 20:10:43,231 - INFO - HTTP Request: PUT http://localhost:6333/collections/stock_recommendations/points?wait=true "HTTP/1.1 200 OK"
2026-03-01 20:10:43,276 - INFO - HTTP Request: PUT http://localhost:6333/collections/daily_trade_strategies/points?wait=true "HTTP/1.1 200 OK"
2026-03-01 20:10:43,285 - INFO - HTTP Request: PUT http://localhost:6333/collections/trading_results/points?wait=true "HTTP/1.1 200 OK"
2026-03-01 20:10:43,293 - INFO - HTTP Request: PUT http://localhost:6333/collections/stock_recommendations/points?wait=true "HTTP/1.1 200 OK"
2026-03-01 20:10:43,318 - INFO - HTTP Request: PUT http://localhost:6333/collections/daily_trade_strategies/points?wait=true "HTTP/1.1 200 OK"
2026-03-01 20:10:43,321 - INFO - HTTP Request: PUT http://localhost:6333/collections/trading_results/points?wait=true "HTTP/1.1 200 OK"
2026-03-01 20:10:43,339 - INFO - HTTP Request: PUT http://localhost:6333/collections/stock_recommendations/points?wait=true "HTTP/1.1 200 OK"
2026-03-01 20:10:43,386 - INFO - HTTP Request: PUT http://localhost:6333/collections/daily_trade_strategies/points?wait=true "HTTP/1.1 200 OK"
2026-03-01 20:10:43,389 - INFO - HTTP Request: PUT http://localhost:6333/collections/trading_results/points?wait=true "HTTP/1.1 200 OK"
2026-03-01 20:10:43,418 - INFO - HTTP Request: PUT http://localhost:6333/collections/stock_recommendations/points?wait=true "HTTP/1.1 200 OK"
2026-03-01 20:10:43,442 - INFO - HTTP Request: PUT http://localhost:6333/collections/daily_trade_strategies/points?wait=true "HTTP/1.1 200 OK"
2026-03-01 20:10:43,445 - INFO - HTTP Request: PUT http://localhost:6333/collections/trading_results/points?wait=true "HTTP/1.1 200 OK"
2026-03-01 20:10:43,462 - INFO - HTTP Request: PUT http://localhost:6333/collections/stock_recommendations/points?wait=true "HTTP/1.1 200 OK"
2026-03-01 20:10:43,509 - INFO - HTTP Request: PUT http://localhost:6333/collections/daily_trade_strategies/points?wait=true "HTTP/1.1 200 OK"
2026-03-01 20:10:43,514 - INFO - HTTP Request: PUT http://localhost:6333/collections/trading_results/points?wait=true "HTTP/1.1 200 OK"
2026-03-01 20:10:43,522 - INFO - HTTP Request: PUT http://localhost:6333/collections/stock_recommendations/points?wait=true "HTTP/1.1 200 OK"
2026-03-01 20:10:43,546 - INFO - HTTP Request: PUT http://localhost:6333/collections/daily_trade_strategies/points?wait=true "HTTP/1.1 200 OK"
2026-03-01 20:10:43,550 - INFO - HTTP Request: PUT http://localhost:6333/collections/trading_results/points?wait=true "HTTP/1.1 200 OK"
2026-03-01 20:10:43,572 - INFO - HTTP Request: PUT http://localhost:6333/collections/stock_recommendations/points?wait=true "HTTP/1.1 200 OK"
2026-03-01 20:10:43,596 - INFO - HTTP Request: PUT http://localhost:6333/collections/daily_trade_strategies/points?wait=true "HTTP/1.1 200 OK"
2026-03-01 20:10:43,599 - INFO - HTTP Request: PUT http://localhost:6333/collections/trading_results/points?wait=true "HTTP/1.1 200 OK"
2026-03-01 20:10:43,606 - INFO - HTTP Request: PUT http://localhost:6333/collections/stock_recommendations/points?wait=true "HTTP/1.1 200 OK"
2026-03-01 20:10:43,632 - INFO - HTTP Request: PUT http://localhost:6333/collections/daily_trade_strategies/points?wait=true "HTTP/1.1 200 OK"
2026-03-01 20:10:43,638 - INFO - HTTP Request: PUT http://localhost:6333/collections/trading_results/points?wait=true "HTTP/1.1 200 OK"
2026-03-01 20:10:43,667 - INFO - HTTP Request: PUT http://localhost:6333/collections/stock_recommendations/points?wait=true "HTTP/1.1 200 OK"
2026-03-01 20:10:43,694 - INFO - HTTP Request: PUT http://localhost:6333/collections/daily_trade_strategies/points?wait=true "HTTP/1.1 200 OK"
2026-03-01 20:10:43,699 - INFO - HTTP Request: PUT http://localhost:6333/collections/trading_results/points?wait=true "HTTP/1.1 200 OK"
2026-03-01 20:10:43,728 - INFO - HTTP Request: PUT http://localhost:6333/collections/stock_recommendations/points?wait=true "HTTP/1.1 200 OK"
2026-03-01 20:10:43,775 - INFO - HTTP Request: PUT http://localhost:6333/collections/daily_trade_strategies/points?wait=true "HTTP/1.1 200 OK"
2026-03-01 20:10:43,780 - INFO - HTTP Request: PUT http://localhost:6333/collections/trading_results/points?wait=true "HTTP/1.1 200 OK"
2026-03-01 20:10:43,788 - INFO - HTTP Request: PUT http://localhost:6333/collections/stock_recommendations/points?wait=true "HTTP/1.1 200 OK"
2026-03-01 20:10:43,822 - INFO - HTTP Request: PUT http://localhost:6333/collections/daily_trade_strategies/points?wait=true "HTTP/1.1 200 OK"
2026-03-01 20:10:43,826 - INFO - HTTP Request: PUT http://localhost:6333/collections/trading_results/points?wait=true "HTTP/1.1 200 OK"
2026-03-01 20:10:43,835 - INFO - HTTP Request: PUT http://localhost:6333/collections/stock_recommendations/points?wait=true "HTTP/1.1 200 OK"
2026-03-01 20:10:43,884 - INFO - HTTP Request: PUT http://localhost:6333/collections/daily_trade_strategies/points?wait=true "HTTP/1.1 200 OK"
2026-03-01 20:10:43,898 - INFO - HTTP Request: PUT http://localhost:6333/collections/trading_results/points?wait=true "HTTP/1.1 200 OK"
2026-03-01 20:10:43,932 - INFO - HTTP Request: PUT http://localhost:6333/collections/stock_recommendations/points?wait=true "HTTP/1.1 200 OK"
2026-03-01 20:10:43,978 - INFO - HTTP Request: PUT http://localhost:6333/collections/daily_trade_strategies/points?wait=true "HTTP/1.1 200 OK"
2026-03-01 20:10:43,982 - INFO - HTTP Request: PUT http://localhost:6333/collections/trading_results/points?wait=true "HTTP/1.1 200 OK"
2026-03-01 20:10:43,989 - INFO - HTTP Request: PUT http://localhost:6333/collections/stock_recommendations/points?wait=true "HTTP/1.1 200 OK"
2026-03-01 20:10:44,023 - INFO - HTTP Request: PUT http://localhost:6333/collections/daily_trade_strategies/points?wait=true "HTTP/1.1 200 OK"
2026-03-01 20:10:44,027 - INFO - HTTP Request: PUT http://localhost:6333/collections/trading_results/points?wait=true "HTTP/1.1 200 OK"
2026-03-01 20:10:44,035 - INFO - HTTP Request: PUT http://localhost:6333/collections/stock_recommendations/points?wait=true "HTTP/1.1 200 OK"
2026-03-01 20:10:44,068 - INFO - HTTP Request: PUT http://localhost:6333/collections/daily_trade_strategies/points?wait=true "HTTP/1.1 200 OK"
2026-03-01 20:10:44,073 - INFO - HTTP Request: PUT http://localhost:6333/collections/trading_results/points?wait=true "HTTP/1.1 200 OK"
2026-03-01 20:10:44,101 - INFO - HTTP Request: PUT http://localhost:6333/collections/stock_recommendations/points?wait=true "HTTP/1.1 200 OK"
2026-03-01 20:10:44,147 - INFO - HTTP Request: PUT http://localhost:6333/collections/daily_trade_strategies/points?wait=true "HTTP/1.1 200 OK"
2026-03-01 20:10:44,151 - INFO - HTTP Request: PUT http://localhost:6333/collections/trading_results/points?wait=true "HTTP/1.1 200 OK"
2026-03-01 20:10:44,178 - INFO - HTTP Request: PUT http://localhost:6333/collections/stock_recommendations/points?wait=true "HTTP/1.1 200 OK"
2026-03-01 20:10:44,203 - INFO - HTTP Request: PUT http://localhost:6333/collections/daily_trade_strategies/points?wait=true "HTTP/1.1 200 OK"
2026-03-01 20:10:44,206 - INFO - HTTP Request: PUT http://localhost:6333/collections/trading_results/points?wait=true "HTTP/1.1 200 OK"
2026-03-01 20:10:44,214 - INFO - HTTP Request: PUT http://localhost:6333/collections/stock_recommendations/points?wait=true "HTTP/1.1 200 OK"
2026-03-01 20:10:44,239 - INFO - HTTP Request: PUT http://localhost:6333/collections/daily_trade_strategies/points?wait=true "HTTP/1.1 200 OK"
2026-03-01 20:10:44,242 - INFO - HTTP Request: PUT http://localhost:6333/collections/trading_results/points?wait=true "HTTP/1.1 200 OK"
2026-03-01 20:10:44,251 - INFO - HTTP Request: PUT http://localhost:6333/collections/stock_recommendations/points?wait=true "HTTP/1.1 200 OK"
2026-03-01 20:10:44,275 - INFO - HTTP Request: PUT http://localhost:6333/collections/daily_trade_strategies/points?wait=true "HTTP/1.1 200 OK"
2026-03-01 20:10:44,278 - INFO - HTTP Request: PUT http://localhost:6333/collections/trading_results/points?wait=true "HTTP/1.1 200 OK"
2026-03-01 20:10:44,286 - INFO - HTTP Request: PUT http://localhost:6333/collections/stock_recommendations/points?wait=true "HTTP/1.1 200 OK"
2026-03-01 20:10:44,334 - INFO - HTTP Request: PUT http://localhost:6333/collections/daily_trade_strategies/points?wait=true "HTTP/1.1 200 OK"
2026-03-01 20:10:44,339 - INFO - HTTP Request: PUT http://localhost:6333/collections/trading_results/points?wait=true "HTTP/1.1 200 OK"
2026-03-01 20:10:44,365 - INFO - HTTP Request: PUT http://localhost:6333/collections/stock_recommendations/points?wait=true "HTTP/1.1 200 OK"
2026-03-01 20:10:44,418 - INFO - HTTP Request: PUT http://localhost:6333/collections/daily_trade_strategies/points?wait=true "HTTP/1.1 200 OK"
2026-03-01 20:10:44,423 - INFO - HTTP Request: PUT http://localhost:6333/collections/trading_results/points?wait=true "HTTP/1.1 200 OK"
2026-03-01 20:10:44,444 - INFO - HTTP Request: PUT http://localhost:6333/collections/stock_recommendations/points?wait=true "HTTP/1.1 200 OK"
2026-03-01 20:10:44,468 - INFO - HTTP Request: PUT http://localhost:6333/collections/daily_trade_strategies/points?wait=true "HTTP/1.1 200 OK"
2026-03-01 20:10:44,472 - INFO - HTTP Request: PUT http://localhost:6333/collections/trading_results/points?wait=true "HTTP/1.1 200 OK"
2026-03-01 20:10:44,490 - INFO - HTTP Request: PUT http://localhost:6333/collections/stock_recommendations/points?wait=true "HTTP/1.1 200 OK"
2026-03-01 20:10:44,538 - INFO - HTTP Request: PUT http://localhost:6333/collections/daily_trade_strategies/points?wait=true "HTTP/1.1 200 OK"
2026-03-01 20:10:44,541 - INFO - HTTP Request: PUT http://localhost:6333/collections/trading_results/points?wait=true "HTTP/1.1 200 OK"
2026-03-01 20:10:44,550 - INFO - HTTP Request: PUT http://localhost:6333/collections/stock_recommendations/points?wait=true "HTTP/1.1 200 OK"
2026-03-01 20:10:44,574 - INFO - HTTP Request: PUT http://localhost:6333/collections/daily_trade_strategies/points?wait=true "HTTP/1.1 200 OK"
2026-03-01 20:10:44,578 - INFO - HTTP Request: PUT http://localhost:6333/collections/trading_results/points?wait=true "HTTP/1.1 200 OK"
2026-03-01 20:10:44,587 - INFO - HTTP Request: PUT http://localhost:6333/collections/stock_recommendations/points?wait=true "HTTP/1.1 200 OK"
2026-03-01 20:10:44,632 - INFO - HTTP Request: PUT http://localhost:6333/collections/daily_trade_strategies/points?wait=true "HTTP/1.1 200 OK"
2026-03-01 20:10:44,636 - INFO - HTTP Request: PUT http://localhost:6333/collections/trading_results/points?wait=true "HTTP/1.1 200 OK"
2026-03-01 20:10:44,679 - INFO - HTTP Request: PUT http://localhost:6333/collections/stock_recommendations/points?wait=true "HTTP/1.1 200 OK"
2026-03-01 20:10:44,706 - INFO - HTTP Request: PUT http://localhost:6333/collections/daily_trade_strategies/points?wait=true "HTTP/1.1 200 OK"
2026-03-01 20:10:44,709 - INFO - HTTP Request: PUT http://localhost:6333/collections/trading_results/points?wait=true "HTTP/1.1 200 OK"
2026-03-01 20:10:44,726 - INFO - HTTP Request: PUT http://localhost:6333/collections/stock_recommendations/points?wait=true "HTTP/1.1 200 OK"
2026-03-01 20:10:44,753 - INFO - HTTP Request: PUT http://localhost:6333/collections/daily_trade_strategies/points?wait=true "HTTP/1.1 200 OK"
2026-03-01 20:10:44,757 - INFO - HTTP Request: PUT http://localhost:6333/collections/trading_results/points?wait=true "HTTP/1.1 200 OK"
2026-03-01 20:10:44,786 - INFO - HTTP Request: PUT http://localhost:6333/collections/stock_recommendations/points?wait=true "HTTP/1.1 200 OK"
2026-03-01 20:10:44,848 - INFO - HTTP Request: PUT http://localhost:6333/collections/daily_trade_strategies/points?wait=true "HTTP/1.1 200 OK"
2026-03-01 20:10:44,851 - INFO - HTTP Request: PUT http://localhost:6333/collections/trading_results/points?wait=true "HTTP/1.1 200 OK"
2026-03-01 20:10:44,859 - INFO - HTTP Request: PUT http://localhost:6333/collections/stock_recommendations/points?wait=true "HTTP/1.1 200 OK"
2026-03-01 20:10:44,896 - INFO - HTTP Request: PUT http://localhost:6333/collections/daily_trade_strategies/points?wait=true "HTTP/1.1 200 OK"
2026-03-01 20:10:44,900 - INFO - HTTP Request: PUT http://localhost:6333/collections/trading_results/points?wait=true "HTTP/1.1 200 OK"
2026-03-01 20:10:44,907 - INFO - HTTP Request: PUT http://localhost:6333/collections/stock_recommendations/points?wait=true "HTTP/1.1 200 OK"
2026-03-01 20:10:44,933 - INFO - HTTP Request: PUT http://localhost:6333/collections/daily_trade_strategies/points?wait=true "HTTP/1.1 200 OK"
2026-03-01 20:10:44,936 - INFO - HTTP Request: PUT http://localhost:6333/collections/trading_results/points?wait=true "HTTP/1.1 200 OK"
2026-03-01 20:10:44,945 - INFO - HTTP Request: PUT http://localhost:6333/collections/stock_recommendations/points?wait=true "HTTP/1.1 200 OK"
2026-03-01 20:10:44,972 - INFO - HTTP Request: PUT http://localhost:6333/collections/daily_trade_strategies/points?wait=true "HTTP/1.1 200 OK"
2026-03-01 20:10:44,977 - INFO - HTTP Request: PUT http://localhost:6333/collections/trading_results/points?wait=true "HTTP/1.1 200 OK"
2026-03-01 20:10:45,004 - INFO - HTTP Request: PUT http://localhost:6333/collections/stock_recommendations/points?wait=true "HTTP/1.1 200 OK"
2026-03-01 20:10:45,051 - INFO - HTTP Request: PUT http://localhost:6333/collections/daily_trade_strategies/points?wait=true "HTTP/1.1 200 OK"
2026-03-01 20:10:45,065 - INFO - HTTP Request: PUT http://localhost:6333/collections/trading_results/points?wait=true "HTTP/1.1 200 OK"
2026-03-01 20:10:45,072 - INFO - HTTP Request: PUT http://localhost:6333/collections/stock_recommendations/points?wait=true "HTTP/1.1 200 OK"
2026-03-01 20:10:45,113 - INFO - HTTP Request: PUT http://localhost:6333/collections/daily_trade_strategies/points?wait=true "HTTP/1.1 200 OK"
2026-03-01 20:10:45,116 - INFO - HTTP Request: PUT http://localhost:6333/collections/trading_results/points?wait=true "HTTP/1.1 200 OK"
2026-03-01 20:10:45,124 - INFO - HTTP Request: PUT http://localhost:6333/collections/stock_recommendations/points?wait=true "HTTP/1.1 200 OK"
2026-03-01 20:10:45,161 - INFO - HTTP Request: PUT http://localhost:6333/collections/daily_trade_strategies/points?wait=true "HTTP/1.1 200 OK"
2026-03-01 20:10:45,164 - INFO - HTTP Request: PUT http://localhost:6333/collections/trading_results/points?wait=true "HTTP/1.1 200 OK"
2026-03-01 20:10:45,174 - INFO - HTTP Request: PUT http://localhost:6333/collections/stock_recommendations/points?wait=true "HTTP/1.1 200 OK"
2026-03-01 20:10:45,207 - INFO - HTTP Request: PUT http://localhost:6333/collections/daily_trade_strategies/points?wait=true "HTTP/1.1 200 OK"
2026-03-01 20:10:45,213 - INFO - HTTP Request: PUT http://localhost:6333/collections/trading_results/points?wait=true "HTTP/1.1 200 OK"
2026-03-01 20:10:45,219 - INFO - HTTP Request: PUT http://localhost:6333/collections/stock_recommendations/points?wait=true "HTTP/1.1 200 OK"
2026-03-01 20:10:45,249 - INFO - HTTP Request: PUT http://localhost:6333/collections/daily_trade_strategies/points?wait=true "HTTP/1.1 200 OK"
2026-03-01 20:10:45,253 - INFO - HTTP Request: PUT http://localhost:6333/collections/trading_results/points?wait=true "HTTP/1.1 200 OK"
2026-03-01 20:10:45,260 - INFO - HTTP Request: PUT http://localhost:6333/collections/stock_recommendations/points?wait=true "HTTP/1.1 200 OK"
2026-03-01 20:10:45,284 - INFO - HTTP Request: PUT http://localhost:6333/collections/daily_trade_strategies/points?wait=true "HTTP/1.1 200 OK"
2026-03-01 20:10:45,287 - INFO - HTTP Request: PUT http://localhost:6333/collections/trading_results/points?wait=true "HTTP/1.1 200 OK"
2026-03-01 20:10:45,294 - INFO - HTTP Request: PUT http://localhost:6333/collections/stock_recommendations/points?wait=true "HTTP/1.1 200 OK"
2026-03-01 20:10:45,320 - INFO - HTTP Request: PUT http://localhost:6333/collections/daily_trade_strategies/points?wait=true "HTTP/1.1 200 OK"
2026-03-01 20:10:45,324 - INFO - HTTP Request: PUT http://localhost:6333/collections/trading_results/points?wait=true "HTTP/1.1 200 OK"
2026-03-01 20:10:45,332 - INFO - HTTP Request: PUT http://localhost:6333/collections/stock_recommendations/points?wait=true "HTTP/1.1 200 OK"
2026-03-01 20:10:45,357 - INFO - HTTP Request: PUT http://localhost:6333/collections/daily_trade_strategies/points?wait=true "HTTP/1.1 200 OK"
2026-03-01 20:10:45,361 - INFO - HTTP Request: PUT http://localhost:6333/collections/trading_results/points?wait=true "HTTP/1.1 200 OK"
2026-03-01 20:10:45,374 - INFO - HTTP Request: PUT http://localhost:6333/collections/stock_recommendations/points?wait=true "HTTP/1.1 200 OK"
2026-03-01 20:10:45,410 - INFO - HTTP Request: PUT http://localhost:6333/collections/daily_trade_strategies/points?wait=true "HTTP/1.1 200 OK"
2026-03-01 20:10:45,413 - INFO - HTTP Request: PUT http://localhost:6333/collections/trading_results/points?wait=true "HTTP/1.1 200 OK"
2026-03-01 20:10:45,421 - INFO - HTTP Request: PUT http://localhost:6333/collections/stock_recommendations/points?wait=true "HTTP/1.1 200 OK"
2026-03-01 20:10:45,457 - INFO - HTTP Request: PUT http://localhost:6333/collections/daily_trade_strategies/points?wait=true "HTTP/1.1 200 OK"
2026-03-01 20:10:45,462 - INFO - HTTP Request: PUT http://localhost:6333/collections/trading_results/points?wait=true "HTTP/1.1 200 OK"
2026-03-01 20:10:45,487 - INFO - HTTP Request: PUT http://localhost:6333/collections/stock_recommendations/points?wait=true "HTTP/1.1 200 OK"
2026-03-01 20:10:45,512 - INFO - HTTP Request: PUT http://localhost:6333/collections/daily_trade_strategies/points?wait=true "HTTP/1.1 200 OK"
2026-03-01 20:10:45,532 - INFO - HTTP Request: PUT http://localhost:6333/collections/trading_results/points?wait=true "HTTP/1.1 200 OK"
2026-03-01 20:10:45,566 - INFO - HTTP Request: PUT http://localhost:6333/collections/stock_recommendations/points?wait=true "HTTP/1.1 200 OK"
2026-03-01 20:10:45,611 - INFO - HTTP Request: PUT http://localhost:6333/collections/daily_trade_strategies/points?wait=true "HTTP/1.1 200 OK"
2026-03-01 20:10:45,619 - INFO - HTTP Request: PUT http://localhost:6333/collections/trading_results/points?wait=true "HTTP/1.1 200 OK"
2026-03-01 20:10:45,643 - INFO - HTTP Request: PUT http://localhost:6333/collections/stock_recommendations/points?wait=true "HTTP/1.1 200 OK"
2026-03-01 20:10:45,667 - INFO - HTTP Request: PUT http://localhost:6333/collections/daily_trade_strategies/points?wait=true "HTTP/1.1 200 OK"
2026-03-01 20:10:45,672 - INFO - HTTP Request: PUT http://localhost:6333/collections/trading_results/points?wait=true "HTTP/1.1 200 OK"
2026-03-01 20:10:45,679 - INFO - HTTP Request: PUT http://localhost:6333/collections/stock_recommendations/points?wait=true "HTTP/1.1 200 OK"
2026-03-01 20:10:45,705 - INFO - HTTP Request: PUT http://localhost:6333/collections/daily_trade_strategies/points?wait=true "HTTP/1.1 200 OK"
2026-03-01 20:10:45,708 - INFO - HTTP Request: PUT http://localhost:6333/collections/trading_results/points?wait=true "HTTP/1.1 200 OK"
2026-03-01 20:10:45,717 - INFO - HTTP Request: PUT http://localhost:6333/collections/stock_recommendations/points?wait=true "HTTP/1.1 200 OK"
2026-03-01 20:10:45,767 - INFO - HTTP Request: PUT http://localhost:6333/collections/daily_trade_strategies/points?wait=true "HTTP/1.1 200 OK"
2026-03-01 20:10:45,773 - INFO - HTTP Request: PUT http://localhost:6333/collections/trading_results/points?wait=true "HTTP/1.1 200 OK"
2026-03-01 20:10:45,798 - INFO - HTTP Request: PUT http://localhost:6333/collections/stock_recommendations/points?wait=true "HTTP/1.1 200 OK"
2026-03-01 20:10:45,822 - INFO - HTTP Request: PUT http://localhost:6333/collections/daily_trade_strategies/points?wait=true "HTTP/1.1 200 OK"
2026-03-01 20:10:45,825 - INFO - HTTP Request: PUT http://localhost:6333/collections/trading_results/points?wait=true "HTTP/1.1 200 OK"
2026-03-01 20:10:45,839 - INFO - HTTP Request: PUT http://localhost:6333/collections/stock_recommendations/points?wait=true "HTTP/1.1 200 OK"
2026-03-01 20:10:45,876 - INFO - HTTP Request: PUT http://localhost:6333/collections/daily_trade_strategies/points?wait=true "HTTP/1.1 200 OK"
2026-03-01 20:10:45,880 - INFO - HTTP Request: PUT http://localhost:6333/collections/trading_results/points?wait=true "HTTP/1.1 200 OK"
2026-03-01 20:10:45,907 - INFO - HTTP Request: PUT http://localhost:6333/collections/stock_recommendations/points?wait=true "HTTP/1.1 200 OK"
2026-03-01 20:10:45,954 - INFO - HTTP Request: PUT http://localhost:6333/collections/daily_trade_strategies/points?wait=true "HTTP/1.1 200 OK"
2026-03-01 20:10:45,957 - INFO - HTTP Request: PUT http://localhost:6333/collections/trading_results/points?wait=true "HTTP/1.1 200 OK"
2026-03-01 20:10:45,964 - INFO - HTTP Request: PUT http://localhost:6333/collections/stock_recommendations/points?wait=true "HTTP/1.1 200 OK"
2026-03-01 20:10:46,001 - INFO - HTTP Request: PUT http://localhost:6333/collections/daily_trade_strategies/points?wait=true "HTTP/1.1 200 OK"
2026-03-01 20:10:46,004 - INFO - HTTP Request: PUT http://localhost:6333/collections/trading_results/points?wait=true "HTTP/1.1 200 OK"
2026-03-01 20:10:46,033 - INFO - HTTP Request: PUT http://localhost:6333/collections/stock_recommendations/points?wait=true "HTTP/1.1 200 OK"
2026-03-01 20:10:46,057 - INFO - HTTP Request: PUT http://localhost:6333/collections/daily_trade_strategies/points?wait=true "HTTP/1.1 200 OK"
2026-03-01 20:10:46,061 - INFO - HTTP Request: PUT http://localhost:6333/collections/trading_results/points?wait=true "HTTP/1.1 200 OK"
2026-03-01 20:10:46,069 - INFO - HTTP Request: PUT http://localhost:6333/collections/stock_recommendations/points?wait=true "HTTP/1.1 200 OK"
2026-03-01 20:10:46,096 - INFO - HTTP Request: PUT http://localhost:6333/collections/daily_trade_strategies/points?wait=true "HTTP/1.1 200 OK"
2026-03-01 20:10:46,099 - INFO - HTTP Request: PUT http://localhost:6333/collections/trading_results/points?wait=true "HTTP/1.1 200 OK"
2026-03-01 20:10:46,106 - INFO - HTTP Request: PUT http://localhost:6333/collections/stock_recommendations/points?wait=true "HTTP/1.1 200 OK"
2026-03-01 20:10:46,134 - INFO - HTTP Request: PUT http://localhost:6333/collections/daily_trade_strategies/points?wait=true "HTTP/1.1 200 OK"
2026-03-01 20:10:46,137 - INFO - HTTP Request: PUT http://localhost:6333/collections/trading_results/points?wait=true "HTTP/1.1 200 OK"
2026-03-01 20:10:46,158 - INFO - HTTP Request: PUT http://localhost:6333/collections/stock_recommendations/points?wait=true "HTTP/1.1 200 OK"
2026-03-01 20:10:46,181 - INFO - HTTP Request: PUT http://localhost:6333/collections/daily_trade_strategies/points?wait=true "HTTP/1.1 200 OK"
2026-03-01 20:10:46,184 - INFO - HTTP Request: PUT http://localhost:6333/collections/trading_results/points?wait=true "HTTP/1.1 200 OK"
2026-03-01 20:10:46,203 - INFO - HTTP Request: PUT http://localhost:6333/collections/stock_recommendations/points?wait=true "HTTP/1.1 200 OK"
2026-03-01 20:10:46,254 - INFO - HTTP Request: PUT http://localhost:6333/collections/daily_trade_strategies/points?wait=true "HTTP/1.1 200 OK"
2026-03-01 20:10:46,261 - INFO - HTTP Request: PUT http://localhost:6333/collections/trading_results/points?wait=true "HTTP/1.1 200 OK"
2026-03-01 20:10:46,269 - INFO - HTTP Request: PUT http://localhost:6333/collections/stock_recommendations/points?wait=true "HTTP/1.1 200 OK"
2026-03-01 20:10:46,294 - INFO - HTTP Request: PUT http://localhost:6333/collections/daily_trade_strategies/points?wait=true "HTTP/1.1 200 OK"
2026-03-01 20:10:46,297 - INFO - HTTP Request: PUT http://localhost:6333/collections/trading_results/points?wait=true "HTTP/1.1 200 OK"
2026-03-01 20:10:46,303 - INFO - HTTP Request: PUT http://localhost:6333/collections/stock_recommendations/points?wait=true "HTTP/1.1 200 OK"
2026-03-01 20:10:46,329 - INFO - HTTP Request: PUT http://localhost:6333/collections/daily_trade_strategies/points?wait=true "HTTP/1.1 200 OK"
2026-03-01 20:10:46,332 - INFO - HTTP Request: PUT http://localhost:6333/collections/trading_results/points?wait=true "HTTP/1.1 200 OK"
2026-03-01 20:10:46,340 - INFO - HTTP Request: PUT http://localhost:6333/collections/stock_recommendations/points?wait=true "HTTP/1.1 200 OK"
2026-03-01 20:10:46,364 - INFO - HTTP Request: PUT http://localhost:6333/collections/daily_trade_strategies/points?wait=true "HTTP/1.1 200 OK"
2026-03-01 20:10:46,368 - INFO - HTTP Request: PUT http://localhost:6333/collections/trading_results/points?wait=true "HTTP/1.1 200 OK"
2026-03-01 20:10:46,376 - INFO - HTTP Request: PUT http://localhost:6333/collections/stock_recommendations/points?wait=true "HTTP/1.1 200 OK"
2026-03-01 20:10:46,401 - INFO - HTTP Request: PUT http://localhost:6333/collections/daily_trade_strategies/points?wait=true "HTTP/1.1 200 OK"
2026-03-01 20:10:46,407 - INFO - HTTP Request: PUT http://localhost:6333/collections/trading_results/points?wait=true "HTTP/1.1 200 OK"
2026-03-01 20:10:46,417 - INFO - HTTP Request: PUT http://localhost:6333/collections/stock_recommendations/points?wait=true "HTTP/1.1 200 OK"
2026-03-01 20:10:46,457 - INFO - HTTP Request: PUT http://localhost:6333/collections/daily_trade_strategies/points?wait=true "HTTP/1.1 200 OK"
2026-03-01 20:10:46,460 - INFO - HTTP Request: PUT http://localhost:6333/collections/trading_results/points?wait=true "HTTP/1.1 200 OK"
2026-03-01 20:10:46,468 - INFO - HTTP Request: PUT http://localhost:6333/collections/stock_recommendations/points?wait=true "HTTP/1.1 200 OK"
2026-03-01 20:10:46,517 - INFO - HTTP Request: PUT http://localhost:6333/collections/daily_trade_strategies/points?wait=true "HTTP/1.1 200 OK"
2026-03-01 20:10:46,520 - INFO - HTTP Request: PUT http://localhost:6333/collections/trading_results/points?wait=true "HTTP/1.1 200 OK"
2026-03-01 20:10:46,529 - INFO - HTTP Request: PUT http://localhost:6333/collections/stock_recommendations/points?wait=true "HTTP/1.1 200 OK"
2026-03-01 20:10:46,555 - INFO - HTTP Request: PUT http://localhost:6333/collections/daily_trade_strategies/points?wait=true "HTTP/1.1 200 OK"
2026-03-01 20:10:46,559 - INFO - HTTP Request: PUT http://localhost:6333/collections/trading_results/points?wait=true "HTTP/1.1 200 OK"
2026-03-01 20:10:46,577 - INFO - HTTP Request: PUT http://localhost:6333/collections/stock_recommendations/points?wait=true "HTTP/1.1 200 OK"
2026-03-01 20:10:46,625 - INFO - HTTP Request: PUT http://localhost:6333/collections/daily_trade_strategies/points?wait=true "HTTP/1.1 200 OK"
2026-03-01 20:10:46,629 - INFO - HTTP Request: PUT http://localhost:6333/collections/trading_results/points?wait=true "HTTP/1.1 200 OK"
2026-03-01 20:10:46,655 - INFO - HTTP Request: PUT http://localhost:6333/collections/stock_recommendations/points?wait=true "HTTP/1.1 200 OK"
2026-03-01 20:10:46,680 - INFO - HTTP Request: PUT http://localhost:6333/collections/daily_trade_strategies/points?wait=true "HTTP/1.1 200 OK"
2026-03-01 20:10:46,682 - INFO - HTTP Request: PUT http://localhost:6333/collections/trading_results/points?wait=true "HTTP/1.1 200 OK"
2026-03-01 20:10:46,692 - INFO - HTTP Request: PUT http://localhost:6333/collections/stock_recommendations/points?wait=true "HTTP/1.1 200 OK"
2026-03-01 20:10:46,717 - INFO - HTTP Request: PUT http://localhost:6333/collections/daily_trade_strategies/points?wait=true "HTTP/1.1 200 OK"
2026-03-01 20:10:46,721 - INFO - HTTP Request: PUT http://localhost:6333/collections/trading_results/points?wait=true "HTTP/1.1 200 OK"
2026-03-01 20:10:46,729 - INFO - HTTP Request: PUT http://localhost:6333/collections/stock_recommendations/points?wait=true "HTTP/1.1 200 OK"
2026-03-01 20:10:46,754 - INFO - HTTP Request: PUT http://localhost:6333/collections/daily_trade_strategies/points?wait=true "HTTP/1.1 200 OK"
2026-03-01 20:10:46,758 - INFO - HTTP Request: PUT http://localhost:6333/collections/trading_results/points?wait=true "HTTP/1.1 200 OK"
2026-03-01 20:10:46,766 - INFO - HTTP Request: PUT http://localhost:6333/collections/stock_recommendations/points?wait=true "HTTP/1.1 200 OK"
2026-03-01 20:10:46,790 - INFO - HTTP Request: PUT http://localhost:6333/collections/daily_trade_strategies/points?wait=true "HTTP/1.1 200 OK"
2026-03-01 20:10:46,794 - INFO - HTTP Request: PUT http://localhost:6333/collections/trading_results/points?wait=true "HTTP/1.1 200 OK"
2026-03-01 20:10:46,802 - INFO - HTTP Request: PUT http://localhost:6333/collections/stock_recommendations/points?wait=true "HTTP/1.1 200 OK"
2026-03-01 20:10:46,828 - INFO - HTTP Request: PUT http://localhost:6333/collections/daily_trade_strategies/points?wait=true "HTTP/1.1 200 OK"
2026-03-01 20:10:46,831 - INFO - HTTP Request: PUT http://localhost:6333/collections/trading_results/points?wait=true "HTTP/1.1 200 OK"
2026-03-01 20:10:46,856 - INFO - HTTP Request: PUT http://localhost:6333/collections/stock_recommendations/points?wait=true "HTTP/1.1 200 OK"
2026-03-01 20:10:46,904 - INFO - HTTP Request: PUT http://localhost:6333/collections/daily_trade_strategies/points?wait=true "HTTP/1.1 200 OK"
2026-03-01 20:10:46,907 - INFO - HTTP Request: PUT http://localhost:6333/collections/trading_results/points?wait=true "HTTP/1.1 200 OK"
2026-03-01 20:10:46,913 - INFO - HTTP Request: PUT http://localhost:6333/collections/stock_recommendations/points?wait=true "HTTP/1.1 200 OK"
2026-03-01 20:10:46,938 - INFO - HTTP Request: PUT http://localhost:6333/collections/daily_trade_strategies/points?wait=true "HTTP/1.1 200 OK"
2026-03-01 20:10:46,941 - INFO - HTTP Request: PUT http://localhost:6333/collections/trading_results/points?wait=true "HTTP/1.1 200 OK"
2026-03-01 20:10:46,947 - INFO - HTTP Request: PUT http://localhost:6333/collections/stock_recommendations/points?wait=true "HTTP/1.1 200 OK"
2026-03-01 20:10:46,972 - INFO - HTTP Request: PUT http://localhost:6333/collections/daily_trade_strategies/points?wait=true "HTTP/1.1 200 OK"
2026-03-01 20:10:46,976 - INFO - HTTP Request: PUT http://localhost:6333/collections/trading_results/points?wait=true "HTTP/1.1 200 OK"
2026-03-01 20:10:46,987 - INFO - HTTP Request: PUT http://localhost:6333/collections/stock_recommendations/points?wait=true "HTTP/1.1 200 OK"
2026-03-01 20:10:47,013 - INFO - HTTP Request: PUT http://localhost:6333/collections/daily_trade_strategies/points?wait=true "HTTP/1.1 200 OK"
2026-03-01 20:10:47,016 - INFO - HTTP Request: PUT http://localhost:6333/collections/trading_results/points?wait=true "HTTP/1.1 200 OK"
2026-03-01 20:10:47,026 - INFO - HTTP Request: PUT http://localhost:6333/collections/stock_recommendations/points?wait=true "HTTP/1.1 200 OK"
2026-03-01 20:10:47,059 - INFO - HTTP Request: PUT http://localhost:6333/collections/daily_trade_strategies/points?wait=true "HTTP/1.1 200 OK"
2026-03-01 20:10:47,073 - INFO - HTTP Request: PUT http://localhost:6333/collections/trading_results/points?wait=true "HTTP/1.1 200 OK"
2026-03-01 20:10:47,080 - INFO - HTTP Request: PUT http://localhost:6333/collections/stock_recommendations/points?wait=true "HTTP/1.1 200 OK"
2026-03-01 20:10:47,104 - INFO - HTTP Request: PUT http://localhost:6333/collections/daily_trade_strategies/points?wait=true "HTTP/1.1 200 OK"
2026-03-01 20:10:47,108 - INFO - HTTP Request: PUT http://localhost:6333/collections/trading_results/points?wait=true "HTTP/1.1 200 OK"
2026-03-01 20:10:47,137 - INFO - HTTP Request: PUT http://localhost:6333/collections/stock_recommendations/points?wait=true "HTTP/1.1 200 OK"
2026-03-01 20:10:47,162 - INFO - HTTP Request: PUT http://localhost:6333/collections/daily_trade_strategies/points?wait=true "HTTP/1.1 200 OK"
2026-03-01 20:10:47,167 - INFO - HTTP Request: PUT http://localhost:6333/collections/trading_results/points?wait=true "HTTP/1.1 200 OK"
2026-03-01 20:10:47,174 - INFO - HTTP Request: PUT http://localhost:6333/collections/stock_recommendations/points?wait=true "HTTP/1.1 200 OK"
2026-03-01 20:10:47,204 - INFO - HTTP Request: PUT http://localhost:6333/collections/daily_trade_strategies/points?wait=true "HTTP/1.1 200 OK"
2026-03-01 20:10:47,208 - INFO - HTTP Request: PUT http://localhost:6333/collections/trading_results/points?wait=true "HTTP/1.1 200 OK"
2026-03-01 20:10:47,216 - INFO - HTTP Request: PUT http://localhost:6333/collections/stock_recommendations/points?wait=true "HTTP/1.1 200 OK"
2026-03-01 20:10:47,241 - INFO - HTTP Request: PUT http://localhost:6333/collections/daily_trade_strategies/points?wait=true "HTTP/1.1 200 OK"
2026-03-01 20:10:47,245 - INFO - HTTP Request: PUT http://localhost:6333/collections/trading_results/points?wait=true "HTTP/1.1 200 OK"
2026-03-01 20:10:47,251 - INFO - HTTP Request: PUT http://localhost:6333/collections/stock_recommendations/points?wait=true "HTTP/1.1 200 OK"
2026-03-01 20:10:47,277 - INFO - HTTP Request: PUT http://localhost:6333/collections/daily_trade_strategies/points?wait=true "HTTP/1.1 200 OK"
2026-03-01 20:10:47,281 - INFO - HTTP Request: PUT http://localhost:6333/collections/trading_results/points?wait=true "HTTP/1.1 200 OK"
2026-03-01 20:10:47,289 - INFO - HTTP Request: PUT http://localhost:6333/collections/stock_recommendations/points?wait=true "HTTP/1.1 200 OK"
2026-03-01 20:10:47,313 - INFO - HTTP Request: PUT http://localhost:6333/collections/daily_trade_strategies/points?wait=true "HTTP/1.1 200 OK"
2026-03-01 20:10:47,323 - INFO - HTTP Request: PUT http://localhost:6333/collections/trading_results/points?wait=true "HTTP/1.1 200 OK"
2026-03-01 20:10:47,338 - INFO - HTTP Request: PUT http://localhost:6333/collections/stock_recommendations/points?wait=true "HTTP/1.1 200 OK"
2026-03-01 20:10:47,363 - INFO - HTTP Request: PUT http://localhost:6333/collections/daily_trade_strategies/points?wait=true "HTTP/1.1 200 OK"
2026-03-01 20:10:47,367 - INFO - HTTP Request: PUT http://localhost:6333/collections/trading_results/points?wait=true "HTTP/1.1 200 OK"
2026-03-01 20:10:47,378 - INFO - HTTP Request: PUT http://localhost:6333/collections/stock_recommendations/points?wait=true "HTTP/1.1 200 OK"
2026-03-01 20:10:47,419 - INFO - HTTP Request: PUT http://localhost:6333/collections/daily_trade_strategies/points?wait=true "HTTP/1.1 200 OK"
2026-03-01 20:10:47,447 - INFO - HTTP Request: PUT http://localhost:6333/collections/trading_results/points?wait=true "HTTP/1.1 200 OK"
2026-03-01 20:10:47,458 - INFO - HTTP Request: PUT http://localhost:6333/collections/stock_recommendations/points?wait=true "HTTP/1.1 200 OK"
2026-03-01 20:10:47,489 - INFO - HTTP Request: PUT http://localhost:6333/collections/daily_trade_strategies/points?wait=true "HTTP/1.1 200 OK"
2026-03-01 20:10:47,495 - INFO - HTTP Request: PUT http://localhost:6333/collections/trading_results/points?wait=true "HTTP/1.1 200 OK"
2026-03-01 20:10:47,503 - INFO - HTTP Request: PUT http://localhost:6333/collections/stock_recommendations/points?wait=true "HTTP/1.1 200 OK"
2026-03-01 20:10:47,527 - INFO - HTTP Request: PUT http://localhost:6333/collections/daily_trade_strategies/points?wait=true "HTTP/1.1 200 OK"
2026-03-01 20:10:47,530 - INFO - HTTP Request: PUT http://localhost:6333/collections/trading_results/points?wait=true "HTTP/1.1 200 OK"
2026-03-01 20:10:47,538 - INFO - HTTP Request: PUT http://localhost:6333/collections/stock_recommendations/points?wait=true "HTTP/1.1 200 OK"
2026-03-01 20:10:47,564 - INFO - HTTP Request: PUT http://localhost:6333/collections/daily_trade_strategies/points?wait=true "HTTP/1.1 200 OK"
2026-03-01 20:10:47,568 - INFO - HTTP Request: PUT http://localhost:6333/collections/trading_results/points?wait=true "HTTP/1.1 200 OK"
2026-03-01 20:10:47,576 - INFO - HTTP Request: PUT http://localhost:6333/collections/stock_recommendations/points?wait=true "HTTP/1.1 200 OK"
2026-03-01 20:10:47,602 - INFO - HTTP Request: PUT http://localhost:6333/collections/daily_trade_strategies/points?wait=true "HTTP/1.1 200 OK"
2026-03-01 20:10:47,606 - INFO - HTTP Request: PUT http://localhost:6333/collections/trading_results/points?wait=true "HTTP/1.1 200 OK"
2026-03-01 20:10:47,617 - INFO - HTTP Request: PUT http://localhost:6333/collections/stock_recommendations/points?wait=true "HTTP/1.1 200 OK"
2026-03-01 20:10:47,643 - INFO - HTTP Request: PUT http://localhost:6333/collections/daily_trade_strategies/points?wait=true "HTTP/1.1 200 OK"
2026-03-01 20:10:47,647 - INFO - HTTP Request: PUT http://localhost:6333/collections/trading_results/points?wait=true "HTTP/1.1 200 OK"
2026-03-01 20:10:47,654 - INFO - HTTP Request: PUT http://localhost:6333/collections/stock_recommendations/points?wait=true "HTTP/1.1 200 OK"
2026-03-01 20:10:47,680 - INFO - HTTP Request: PUT http://localhost:6333/collections/daily_trade_strategies/points?wait=true "HTTP/1.1 200 OK"
2026-03-01 20:10:47,685 - INFO - HTTP Request: PUT http://localhost:6333/collections/trading_results/points?wait=true "HTTP/1.1 200 OK"
2026-03-01 20:10:47,692 - INFO - HTTP Request: PUT http://localhost:6333/collections/stock_recommendations/points?wait=true "HTTP/1.1 200 OK"
2026-03-01 20:10:47,718 - INFO - HTTP Request: PUT http://localhost:6333/collections/daily_trade_strategies/points?wait=true "HTTP/1.1 200 OK"
2026-03-01 20:10:47,721 - INFO - HTTP Request: PUT http://localhost:6333/collections/trading_results/points?wait=true "HTTP/1.1 200 OK"
2026-03-01 20:10:47,728 - INFO - HTTP Request: PUT http://localhost:6333/collections/stock_recommendations/points?wait=true "HTTP/1.1 200 OK"
2026-03-01 20:10:47,774 - INFO - HTTP Request: PUT http://localhost:6333/collections/daily_trade_strategies/points?wait=true "HTTP/1.1 200 OK"
2026-03-01 20:10:47,779 - INFO - HTTP Request: PUT http://localhost:6333/collections/trading_results/points?wait=true "HTTP/1.1 200 OK"
2026-03-01 20:10:47,786 - INFO - HTTP Request: PUT http://localhost:6333/collections/stock_recommendations/points?wait=true "HTTP/1.1 200 OK"
2026-03-01 20:10:47,812 - INFO - HTTP Request: PUT http://localhost:6333/collections/daily_trade_strategies/points?wait=true "HTTP/1.1 200 OK"
2026-03-01 20:10:47,815 - INFO - HTTP Request: PUT http://localhost:6333/collections/trading_results/points?wait=true "HTTP/1.1 200 OK"
2026-03-01 20:10:47,841 - INFO - HTTP Request: PUT http://localhost:6333/collections/stock_recommendations/points?wait=true "HTTP/1.1 200 OK"
2026-03-01 20:10:47,867 - INFO - HTTP Request: PUT http://localhost:6333/collections/daily_trade_strategies/points?wait=true "HTTP/1.1 200 OK"
2026-03-01 20:10:47,870 - INFO - HTTP Request: PUT http://localhost:6333/collections/trading_results/points?wait=true "HTTP/1.1 200 OK"
2026-03-01 20:10:47,878 - INFO - HTTP Request: PUT http://localhost:6333/collections/stock_recommendations/points?wait=true "HTTP/1.1 200 OK"
2026-03-01 20:10:47,903 - INFO - HTTP Request: PUT http://localhost:6333/collections/daily_trade_strategies/points?wait=true "HTTP/1.1 200 OK"
2026-03-01 20:10:47,929 - INFO - HTTP Request: PUT http://localhost:6333/collections/trading_results/points?wait=true "HTTP/1.1 200 OK"
2026-03-01 20:10:47,937 - INFO - HTTP Request: PUT http://localhost:6333/collections/stock_recommendations/points?wait=true "HTTP/1.1 200 OK"
2026-03-01 20:10:47,962 - INFO - HTTP Request: PUT http://localhost:6333/collections/daily_trade_strategies/points?wait=true "HTTP/1.1 200 OK"
2026-03-01 20:10:47,975 - INFO - HTTP Request: PUT http://localhost:6333/collections/trading_results/points?wait=true "HTTP/1.1 200 OK"
2026-03-01 20:10:47,984 - INFO - HTTP Request: PUT http://localhost:6333/collections/stock_recommendations/points?wait=true "HTTP/1.1 200 OK"
2026-03-01 20:10:48,009 - INFO - HTTP Request: PUT http://localhost:6333/collections/daily_trade_strategies/points?wait=true "HTTP/1.1 200 OK"
2026-03-01 20:10:48,012 - INFO - HTTP Request: PUT http://localhost:6333/collections/trading_results/points?wait=true "HTTP/1.1 200 OK"
2026-03-01 20:10:48,019 - INFO - HTTP Request: PUT http://localhost:6333/collections/stock_recommendations/points?wait=true "HTTP/1.1 200 OK"
2026-03-01 20:10:48,045 - INFO - HTTP Request: PUT http://localhost:6333/collections/daily_trade_strategies/points?wait=true "HTTP/1.1 200 OK"
2026-03-01 20:10:48,049 - INFO - HTTP Request: PUT http://localhost:6333/collections/trading_results/points?wait=true "HTTP/1.1 200 OK"
2026-03-01 20:10:48,055 - INFO - HTTP Request: PUT http://localhost:6333/collections/stock_recommendations/points?wait=true "HTTP/1.1 200 OK"
2026-03-01 20:10:48,080 - INFO - HTTP Request: PUT http://localhost:6333/collections/daily_trade_strategies/points?wait=true "HTTP/1.1 200 OK"
2026-03-01 20:10:48,084 - INFO - HTTP Request: PUT http://localhost:6333/collections/trading_results/points?wait=true "HTTP/1.1 200 OK"
2026-03-01 20:10:48,092 - INFO - HTTP Request: PUT http://localhost:6333/collections/stock_recommendations/points?wait=true "HTTP/1.1 200 OK"
2026-03-01 20:10:48,118 - INFO - HTTP Request: PUT http://localhost:6333/collections/daily_trade_strategies/points?wait=true "HTTP/1.1 200 OK"
2026-03-01 20:10:48,122 - INFO - HTTP Request: PUT http://localhost:6333/collections/trading_results/points?wait=true "HTTP/1.1 200 OK"
2026-03-01 20:10:48,151 - INFO - HTTP Request: PUT http://localhost:6333/collections/stock_recommendations/points?wait=true "HTTP/1.1 200 OK"
2026-03-01 20:10:48,178 - INFO - HTTP Request: PUT http://localhost:6333/collections/daily_trade_strategies/points?wait=true "HTTP/1.1 200 OK"
2026-03-01 20:10:48,182 - INFO - HTTP Request: PUT http://localhost:6333/collections/trading_results/points?wait=true "HTTP/1.1 200 OK"
2026-03-01 20:10:48,190 - INFO - HTTP Request: PUT http://localhost:6333/collections/stock_recommendations/points?wait=true "HTTP/1.1 200 OK"
2026-03-01 20:10:48,215 - INFO - HTTP Request: PUT http://localhost:6333/collections/daily_trade_strategies/points?wait=true "HTTP/1.1 200 OK"
2026-03-01 20:10:48,219 - INFO - HTTP Request: PUT http://localhost:6333/collections/trading_results/points?wait=true "HTTP/1.1 200 OK"
2026-03-01 20:10:48,240 - INFO - HTTP Request: PUT http://localhost:6333/collections/stock_recommendations/points?wait=true "HTTP/1.1 200 OK"
2026-03-01 20:10:48,266 - INFO - HTTP Request: PUT http://localhost:6333/collections/daily_trade_strategies/points?wait=true "HTTP/1.1 200 OK"
2026-03-01 20:10:48,269 - INFO - HTTP Request: PUT http://localhost:6333/collections/trading_results/points?wait=true "HTTP/1.1 200 OK"
2026-03-01 20:10:48,277 - INFO - HTTP Request: PUT http://localhost:6333/collections/stock_recommendations/points?wait=true "HTTP/1.1 200 OK"
2026-03-01 20:10:48,305 - INFO - HTTP Request: PUT http://localhost:6333/collections/daily_trade_strategies/points?wait=true "HTTP/1.1 200 OK"
2026-03-01 20:10:48,309 - INFO - HTTP Request: PUT http://localhost:6333/collections/trading_results/points?wait=true "HTTP/1.1 200 OK"
2026-03-01 20:10:48,317 - INFO - HTTP Request: PUT http://localhost:6333/collections/stock_recommendations/points?wait=true "HTTP/1.1 200 OK"
2026-03-01 20:10:48,341 - INFO - HTTP Request: PUT http://localhost:6333/collections/daily_trade_strategies/points?wait=true "HTTP/1.1 200 OK"
2026-03-01 20:10:48,345 - INFO - HTTP Request: PUT http://localhost:6333/collections/trading_results/points?wait=true "HTTP/1.1 200 OK"
2026-03-01 20:10:48,355 - INFO - HTTP Request: PUT http://localhost:6333/collections/stock_recommendations/points?wait=true "HTTP/1.1 200 OK"
2026-03-01 20:10:48,381 - INFO - HTTP Request: PUT http://localhost:6333/collections/daily_trade_strategies/points?wait=true "HTTP/1.1 200 OK"
2026-03-01 20:10:48,383 - INFO - HTTP Request: PUT http://localhost:6333/collections/trading_results/points?wait=true "HTTP/1.1 200 OK"
2026-03-01 20:10:48,412 - INFO - HTTP Request: PUT http://localhost:6333/collections/stock_recommendations/points?wait=true "HTTP/1.1 200 OK"
2026-03-01 20:10:48,437 - INFO - HTTP Request: PUT http://localhost:6333/collections/daily_trade_strategies/points?wait=true "HTTP/1.1 200 OK"
2026-03-01 20:10:48,440 - INFO - HTTP Request: PUT http://localhost:6333/collections/trading_results/points?wait=true "HTTP/1.1 200 OK"
2026-03-01 20:10:48,447 - INFO - HTTP Request: PUT http://localhost:6333/collections/stock_recommendations/points?wait=true "HTTP/1.1 200 OK"
2026-03-01 20:10:48,474 - INFO - HTTP Request: PUT http://localhost:6333/collections/daily_trade_strategies/points?wait=true "HTTP/1.1 200 OK"
2026-03-01 20:10:48,489 - INFO - HTTP Request: PUT http://localhost:6333/collections/trading_results/points?wait=true "HTTP/1.1 200 OK"
2026-03-01 20:10:48,497 - INFO - HTTP Request: PUT http://localhost:6333/collections/stock_recommendations/points?wait=true "HTTP/1.1 200 OK"
2026-03-01 20:10:48,539 - INFO - HTTP Request: PUT http://localhost:6333/collections/daily_trade_strategies/points?wait=true "HTTP/1.1 200 OK"
2026-03-01 20:10:48,543 - INFO - HTTP Request: PUT http://localhost:6333/collections/trading_results/points?wait=true "HTTP/1.1 200 OK"
2026-03-01 20:10:48,570 - INFO - HTTP Request: PUT http://localhost:6333/collections/stock_recommendations/points?wait=true "HTTP/1.1 200 OK"
2026-03-01 20:10:48,594 - INFO - HTTP Request: PUT http://localhost:6333/collections/daily_trade_strategies/points?wait=true "HTTP/1.1 200 OK"
2026-03-01 20:10:48,598 - INFO - HTTP Request: PUT http://localhost:6333/collections/trading_results/points?wait=true "HTTP/1.1 200 OK"
2026-03-01 20:10:48,606 - INFO - HTTP Request: PUT http://localhost:6333/collections/stock_recommendations/points?wait=true "HTTP/1.1 200 OK"
2026-03-01 20:10:48,632 - INFO - HTTP Request: PUT http://localhost:6333/collections/daily_trade_strategies/points?wait=true "HTTP/1.1 200 OK"
2026-03-01 20:10:48,636 - INFO - HTTP Request: PUT http://localhost:6333/collections/trading_results/points?wait=true "HTTP/1.1 200 OK"
2026-03-01 20:10:48,642 - INFO - HTTP Request: PUT http://localhost:6333/collections/stock_recommendations/points?wait=true "HTTP/1.1 200 OK"
2026-03-01 20:10:48,666 - INFO - HTTP Request: PUT http://localhost:6333/collections/daily_trade_strategies/points?wait=true "HTTP/1.1 200 OK"
2026-03-01 20:10:48,694 - INFO - HTTP Request: PUT http://localhost:6333/collections/trading_results/points?wait=true "HTTP/1.1 200 OK"
2026-03-01 20:10:48,701 - INFO - HTTP Request: PUT http://localhost:6333/collections/stock_recommendations/points?wait=true "HTTP/1.1 200 OK"
2026-03-01 20:10:48,725 - INFO - HTTP Request: PUT http://localhost:6333/collections/daily_trade_strategies/points?wait=true "HTTP/1.1 200 OK"
2026-03-01 20:10:48,730 - INFO - HTTP Request: PUT http://localhost:6333/collections/trading_results/points?wait=true "HTTP/1.1 200 OK"
2026-03-01 20:10:48,737 - INFO - HTTP Request: PUT http://localhost:6333/collections/stock_recommendations/points?wait=true "HTTP/1.1 200 OK"
2026-03-01 20:10:48,761 - INFO - HTTP Request: PUT http://localhost:6333/collections/daily_trade_strategies/points?wait=true "HTTP/1.1 200 OK"
2026-03-01 20:10:48,765 - INFO - HTTP Request: PUT http://localhost:6333/collections/trading_results/points?wait=true "HTTP/1.1 200 OK"
2026-03-01 20:10:48,772 - INFO - HTTP Request: PUT http://localhost:6333/collections/stock_recommendations/points?wait=true "HTTP/1.1 200 OK"
2026-03-01 20:10:48,797 - INFO - HTTP Request: PUT http://localhost:6333/collections/daily_trade_strategies/points?wait=true "HTTP/1.1 200 OK"
2026-03-01 20:10:48,800 - INFO - HTTP Request: PUT http://localhost:6333/collections/trading_results/points?wait=true "HTTP/1.1 200 OK"
2026-03-01 20:10:48,808 - INFO - HTTP Request: PUT http://localhost:6333/collections/stock_recommendations/points?wait=true "HTTP/1.1 200 OK"
2026-03-01 20:10:48,833 - INFO - HTTP Request: PUT http://localhost:6333/collections/daily_trade_strategies/points?wait=true "HTTP/1.1 200 OK"
2026-03-01 20:10:48,839 - INFO - HTTP Request: PUT http://localhost:6333/collections/trading_results/points?wait=true "HTTP/1.1 200 OK"
2026-03-01 20:10:48,848 - INFO - HTTP Request: PUT http://localhost:6333/collections/stock_recommendations/points?wait=true "HTTP/1.1 200 OK"
2026-03-01 20:10:48,875 - INFO - HTTP Request: PUT http://localhost:6333/collections/daily_trade_strategies/points?wait=true "HTTP/1.1 200 OK"
2026-03-01 20:10:48,878 - INFO - HTTP Request: PUT http://localhost:6333/collections/trading_results/points?wait=true "HTTP/1.1 200 OK"
2026-03-01 20:10:48,887 - INFO - HTTP Request: PUT http://localhost:6333/collections/stock_recommendations/points?wait=true "HTTP/1.1 200 OK"
2026-03-01 20:10:48,930 - INFO - HTTP Request: PUT http://localhost:6333/collections/daily_trade_strategies/points?wait=true "HTTP/1.1 200 OK"
2026-03-01 20:10:48,935 - INFO - HTTP Request: PUT http://localhost:6333/collections/trading_results/points?wait=true "HTTP/1.1 200 OK"
2026-03-01 20:10:48,961 - INFO - HTTP Request: PUT http://localhost:6333/collections/stock_recommendations/points?wait=true "HTTP/1.1 200 OK"
2026-03-01 20:10:48,990 - INFO - HTTP Request: PUT http://localhost:6333/collections/daily_trade_strategies/points?wait=true "HTTP/1.1 200 OK"
2026-03-01 20:10:49,007 - INFO - HTTP Request: PUT http://localhost:6333/collections/trading_results/points?wait=true "HTTP/1.1 200 OK"
2026-03-01 20:10:49,015 - INFO - HTTP Request: PUT http://localhost:6333/collections/stock_recommendations/points?wait=true "HTTP/1.1 200 OK"
2026-03-01 20:10:49,040 - INFO - HTTP Request: PUT http://localhost:6333/collections/daily_trade_strategies/points?wait=true "HTTP/1.1 200 OK"
2026-03-01 20:10:49,043 - INFO - HTTP Request: PUT http://localhost:6333/collections/trading_results/points?wait=true "HTTP/1.1 200 OK"
2026-03-01 20:10:49,053 - INFO - HTTP Request: PUT http://localhost:6333/collections/stock_recommendations/points?wait=true "HTTP/1.1 200 OK"
2026-03-01 20:10:49,103 - INFO - HTTP Request: PUT http://localhost:6333/collections/daily_trade_strategies/points?wait=true "HTTP/1.1 200 OK"
2026-03-01 20:10:49,107 - INFO - HTTP Request: PUT http://localhost:6333/collections/trading_results/points?wait=true "HTTP/1.1 200 OK"
2026-03-01 20:10:49,133 - INFO - HTTP Request: PUT http://localhost:6333/collections/stock_recommendations/points?wait=true "HTTP/1.1 200 OK"
2026-03-01 20:10:49,180 - INFO - HTTP Request: PUT http://localhost:6333/collections/daily_trade_strategies/points?wait=true "HTTP/1.1 200 OK"
2026-03-01 20:10:49,184 - INFO - HTTP Request: PUT http://localhost:6333/collections/trading_results/points?wait=true "HTTP/1.1 200 OK"
2026-03-01 20:10:49,193 - INFO - HTTP Request: PUT http://localhost:6333/collections/stock_recommendations/points?wait=true "HTTP/1.1 200 OK"
2026-03-01 20:10:49,218 - INFO - HTTP Request: PUT http://localhost:6333/collections/daily_trade_strategies/points?wait=true "HTTP/1.1 200 OK"
2026-03-01 20:10:49,221 - INFO - HTTP Request: PUT http://localhost:6333/collections/trading_results/points?wait=true "HTTP/1.1 200 OK"
2026-03-01 20:10:49,245 - INFO - HTTP Request: PUT http://localhost:6333/collections/stock_recommendations/points?wait=true "HTTP/1.1 200 OK"
2026-03-01 20:10:49,290 - INFO - HTTP Request: PUT http://localhost:6333/collections/daily_trade_strategies/points?wait=true "HTTP/1.1 200 OK"
2026-03-01 20:10:49,293 - INFO - HTTP Request: PUT http://localhost:6333/collections/trading_results/points?wait=true "HTTP/1.1 200 OK"
2026-03-01 20:10:49,302 - INFO - HTTP Request: PUT http://localhost:6333/collections/stock_recommendations/points?wait=true "HTTP/1.1 200 OK"
2026-03-01 20:10:49,331 - INFO - HTTP Request: PUT http://localhost:6333/collections/daily_trade_strategies/points?wait=true "HTTP/1.1 200 OK"
2026-03-01 20:10:49,334 - INFO - HTTP Request: PUT http://localhost:6333/collections/trading_results/points?wait=true "HTTP/1.1 200 OK"
2026-03-01 20:10:49,352 - INFO - HTTP Request: PUT http://localhost:6333/collections/stock_recommendations/points?wait=true "HTTP/1.1 200 OK"
2026-03-01 20:10:49,378 - INFO - HTTP Request: PUT http://localhost:6333/collections/daily_trade_strategies/points?wait=true "HTTP/1.1 200 OK"
2026-03-01 20:10:49,382 - INFO - HTTP Request: PUT http://localhost:6333/collections/trading_results/points?wait=true "HTTP/1.1 200 OK"
2026-03-01 20:10:49,399 - INFO - HTTP Request: PUT http://localhost:6333/collections/stock_recommendations/points?wait=true "HTTP/1.1 200 OK"
2026-03-01 20:10:49,423 - INFO - HTTP Request: PUT http://localhost:6333/collections/daily_trade_strategies/points?wait=true "HTTP/1.1 200 OK"
2026-03-01 20:10:49,427 - INFO - HTTP Request: PUT http://localhost:6333/collections/trading_results/points?wait=true "HTTP/1.1 200 OK"
2026-03-01 20:10:49,435 - INFO - HTTP Request: PUT http://localhost:6333/collections/stock_recommendations/points?wait=true "HTTP/1.1 200 OK"
2026-03-01 20:10:49,478 - INFO - HTTP Request: PUT http://localhost:6333/collections/daily_trade_strategies/points?wait=true "HTTP/1.1 200 OK"
2026-03-01 20:10:49,481 - INFO - HTTP Request: PUT http://localhost:6333/collections/trading_results/points?wait=true "HTTP/1.1 200 OK"
2026-03-01 20:10:49,507 - INFO - HTTP Request: PUT http://localhost:6333/collections/stock_recommendations/points?wait=true "HTTP/1.1 200 OK"
2026-03-01 20:10:49,532 - INFO - HTTP Request: PUT http://localhost:6333/collections/daily_trade_strategies/points?wait=true "HTTP/1.1 200 OK"
2026-03-01 20:10:49,539 - INFO - HTTP Request: PUT http://localhost:6333/collections/trading_results/points?wait=true "HTTP/1.1 200 OK"
2026-03-01 20:10:49,546 - INFO - HTTP Request: PUT http://localhost:6333/collections/stock_recommendations/points?wait=true "HTTP/1.1 200 OK"
2026-03-01 20:10:49,571 - INFO - HTTP Request: PUT http://localhost:6333/collections/daily_trade_strategies/points?wait=true "HTTP/1.1 200 OK"
2026-03-01 20:10:49,575 - INFO - HTTP Request: PUT http://localhost:6333/collections/trading_results/points?wait=true "HTTP/1.1 200 OK"
2026-03-01 20:10:49,582 - INFO - HTTP Request: PUT http://localhost:6333/collections/stock_recommendations/points?wait=true "HTTP/1.1 200 OK"
2026-03-01 20:10:49,608 - INFO - HTTP Request: PUT http://localhost:6333/collections/daily_trade_strategies/points?wait=true "HTTP/1.1 200 OK"
2026-03-01 20:10:49,612 - INFO - HTTP Request: PUT http://localhost:6333/collections/trading_results/points?wait=true "HTTP/1.1 200 OK"
2026-03-01 20:10:49,623 - INFO - HTTP Request: PUT http://localhost:6333/collections/stock_recommendations/points?wait=true "HTTP/1.1 200 OK"
2026-03-01 20:10:49,647 - INFO - HTTP Request: PUT http://localhost:6333/collections/daily_trade_strategies/points?wait=true "HTTP/1.1 200 OK"
2026-03-01 20:10:49,652 - INFO - HTTP Request: PUT http://localhost:6333/collections/trading_results/points?wait=true "HTTP/1.1 200 OK"
2026-03-01 20:10:49,680 - INFO - HTTP Request: PUT http://localhost:6333/collections/stock_recommendations/points?wait=true "HTTP/1.1 200 OK"
2026-03-01 20:10:49,706 - INFO - HTTP Request: PUT http://localhost:6333/collections/daily_trade_strategies/points?wait=true "HTTP/1.1 200 OK"
2026-03-01 20:10:49,710 - INFO - HTTP Request: PUT http://localhost:6333/collections/trading_results/points?wait=true "HTTP/1.1 200 OK"
2026-03-01 20:10:49,718 - INFO - HTTP Request: PUT http://localhost:6333/collections/stock_recommendations/points?wait=true "HTTP/1.1 200 OK"
2026-03-01 20:10:49,744 - INFO - HTTP Request: PUT http://localhost:6333/collections/daily_trade_strategies/points?wait=true "HTTP/1.1 200 OK"
2026-03-01 20:10:49,747 - INFO - HTTP Request: PUT http://localhost:6333/collections/trading_results/points?wait=true "HTTP/1.1 200 OK"
2026-03-01 20:10:49,771 - INFO - HTTP Request: PUT http://localhost:6333/collections/stock_recommendations/points?wait=true "HTTP/1.1 200 OK"
2026-03-01 20:10:49,795 - INFO - HTTP Request: PUT http://localhost:6333/collections/daily_trade_strategies/points?wait=true "HTTP/1.1 200 OK"
2026-03-01 20:10:49,799 - INFO - HTTP Request: PUT http://localhost:6333/collections/trading_results/points?wait=true "HTTP/1.1 200 OK"
2026-03-01 20:10:49,816 - INFO - HTTP Request: PUT http://localhost:6333/collections/stock_recommendations/points?wait=true "HTTP/1.1 200 OK"
2026-03-01 20:10:49,842 - INFO - HTTP Request: PUT http://localhost:6333/collections/daily_trade_strategies/points?wait=true "HTTP/1.1 200 OK"
2026-03-01 20:10:49,846 - INFO - HTTP Request: PUT http://localhost:6333/collections/trading_results/points?wait=true "HTTP/1.1 200 OK"
2026-03-01 20:10:49,854 - INFO - HTTP Request: PUT http://localhost:6333/collections/stock_recommendations/points?wait=true "HTTP/1.1 200 OK"
2026-03-01 20:10:49,885 - INFO - HTTP Request: PUT http://localhost:6333/collections/daily_trade_strategies/points?wait=true "HTTP/1.1 200 OK"
2026-03-01 20:10:49,888 - INFO - HTTP Request: PUT http://localhost:6333/collections/trading_results/points?wait=true "HTTP/1.1 200 OK"
2026-03-01 20:10:49,896 - INFO - HTTP Request: PUT http://localhost:6333/collections/stock_recommendations/points?wait=true "HTTP/1.1 200 OK"
2026-03-01 20:10:49,922 - INFO - HTTP Request: PUT http://localhost:6333/collections/daily_trade_strategies/points?wait=true "HTTP/1.1 200 OK"
2026-03-01 20:10:49,926 - INFO - HTTP Request: PUT http://localhost:6333/collections/trading_results/points?wait=true "HTTP/1.1 200 OK"
2026-03-01 20:10:49,943 - INFO - HTTP Request: PUT http://localhost:6333/collections/stock_recommendations/points?wait=true "HTTP/1.1 200 OK"
2026-03-01 20:10:49,968 - INFO - HTTP Request: PUT http://localhost:6333/collections/daily_trade_strategies/points?wait=true "HTTP/1.1 200 OK"
2026-03-01 20:10:49,972 - INFO - HTTP Request: PUT http://localhost:6333/collections/trading_results/points?wait=true "HTTP/1.1 200 OK"
2026-03-01 20:10:49,990 - INFO - HTTP Request: PUT http://localhost:6333/collections/stock_recommendations/points?wait=true "HTTP/1.1 200 OK"
2026-03-01 20:10:50,016 - INFO - HTTP Request: PUT http://localhost:6333/collections/daily_trade_strategies/points?wait=true "HTTP/1.1 200 OK"
2026-03-01 20:10:50,020 - INFO - HTTP Request: PUT http://localhost:6333/collections/trading_results/points?wait=true "HTTP/1.1 200 OK"
2026-03-01 20:10:50,026 - INFO - HTTP Request: PUT http://localhost:6333/collections/stock_recommendations/points?wait=true "HTTP/1.1 200 OK"
2026-03-01 20:10:50,052 - INFO - HTTP Request: PUT http://localhost:6333/collections/daily_trade_strategies/points?wait=true "HTTP/1.1 200 OK"
2026-03-01 20:10:50,067 - INFO - HTTP Request: PUT http://localhost:6333/collections/trading_results/points?wait=true "HTTP/1.1 200 OK"
2026-03-01 20:10:50,077 - INFO - HTTP Request: PUT http://localhost:6333/collections/stock_recommendations/points?wait=true "HTTP/1.1 200 OK"
2026-03-01 20:10:50,103 - INFO - HTTP Request: PUT http://localhost:6333/collections/daily_trade_strategies/points?wait=true "HTTP/1.1 200 OK"
2026-03-01 20:10:50,106 - INFO - HTTP Request: PUT http://localhost:6333/collections/trading_results/points?wait=true "HTTP/1.1 200 OK"
2026-03-01 20:10:50,113 - INFO - HTTP Request: PUT http://localhost:6333/collections/stock_recommendations/points?wait=true "HTTP/1.1 200 OK"
2026-03-01 20:10:50,139 - INFO - HTTP Request: PUT http://localhost:6333/collections/daily_trade_strategies/points?wait=true "HTTP/1.1 200 OK"
2026-03-01 20:10:50,142 - INFO - HTTP Request: PUT http://localhost:6333/collections/trading_results/points?wait=true "HTTP/1.1 200 OK"
2026-03-01 20:10:50,150 - INFO - HTTP Request: PUT http://localhost:6333/collections/stock_recommendations/points?wait=true "HTTP/1.1 200 OK"
2026-03-01 20:10:50,177 - INFO - HTTP Request: PUT http://localhost:6333/collections/daily_trade_strategies/points?wait=true "HTTP/1.1 200 OK"
2026-03-01 20:10:50,181 - INFO - HTTP Request: PUT http://localhost:6333/collections/trading_results/points?wait=true "HTTP/1.1 200 OK"
2026-03-01 20:10:50,209 - INFO - HTTP Request: PUT http://localhost:6333/collections/stock_recommendations/points?wait=true "HTTP/1.1 200 OK"
2026-03-01 20:10:50,237 - INFO - HTTP Request: PUT http://localhost:6333/collections/daily_trade_strategies/points?wait=true "HTTP/1.1 200 OK"
2026-03-01 20:10:50,241 - INFO - HTTP Request: PUT http://localhost:6333/collections/trading_results/points?wait=true "HTTP/1.1 200 OK"
2026-03-01 20:10:50,250 - INFO - HTTP Request: PUT http://localhost:6333/collections/stock_recommendations/points?wait=true "HTTP/1.1 200 OK"
2026-03-01 20:10:50,276 - INFO - HTTP Request: PUT http://localhost:6333/collections/daily_trade_strategies/points?wait=true "HTTP/1.1 200 OK"
2026-03-01 20:10:50,301 - INFO - HTTP Request: PUT http://localhost:6333/collections/trading_results/points?wait=true "HTTP/1.1 200 OK"
2026-03-01 20:10:50,310 - INFO - HTTP Request: PUT http://localhost:6333/collections/stock_recommendations/points?wait=true "HTTP/1.1 200 OK"
2026-03-01 20:10:50,338 - INFO - HTTP Request: PUT http://localhost:6333/collections/daily_trade_strategies/points?wait=true "HTTP/1.1 200 OK"
2026-03-01 20:10:50,364 - INFO - HTTP Request: PUT http://localhost:6333/collections/trading_results/points?wait=true "HTTP/1.1 200 OK"
2026-03-01 20:10:50,373 - INFO - HTTP Request: PUT http://localhost:6333/collections/stock_recommendations/points?wait=true "HTTP/1.1 200 OK"
2026-03-01 20:10:50,403 - INFO - HTTP Request: PUT http://localhost:6333/collections/daily_trade_strategies/points?wait=true "HTTP/1.1 200 OK"
2026-03-01 20:10:50,406 - INFO - HTTP Request: PUT http://localhost:6333/collections/trading_results/points?wait=true "HTTP/1.1 200 OK"
2026-03-01 20:10:50,412 - INFO - HTTP Request: PUT http://localhost:6333/collections/stock_recommendations/points?wait=true "HTTP/1.1 200 OK"
2026-03-01 20:10:50,459 - INFO - HTTP Request: PUT http://localhost:6333/collections/daily_trade_strategies/points?wait=true "HTTP/1.1 200 OK"
2026-03-01 20:10:50,463 - INFO - HTTP Request: PUT http://localhost:6333/collections/trading_results/points?wait=true "HTTP/1.1 200 OK"
2026-03-01 20:10:50,468 - INFO - HTTP Request: PUT http://localhost:6333/collections/stock_recommendations/points?wait=true "HTTP/1.1 200 OK"
2026-03-01 20:10:50,495 - INFO - HTTP Request: PUT http://localhost:6333/collections/daily_trade_strategies/points?wait=true "HTTP/1.1 200 OK"
2026-03-01 20:10:50,498 - INFO - HTTP Request: PUT http://localhost:6333/collections/trading_results/points?wait=true "HTTP/1.1 200 OK"
2026-03-01 20:10:50,520 - INFO - HTTP Request: PUT http://localhost:6333/collections/stock_recommendations/points?wait=true "HTTP/1.1 200 OK"
2026-03-01 20:10:50,546 - INFO - HTTP Request: PUT http://localhost:6333/collections/daily_trade_strategies/points?wait=true "HTTP/1.1 200 OK"
2026-03-01 20:10:50,550 - INFO - HTTP Request: PUT http://localhost:6333/collections/trading_results/points?wait=true "HTTP/1.1 200 OK"
2026-03-01 20:10:50,558 - INFO - HTTP Request: PUT http://localhost:6333/collections/stock_recommendations/points?wait=true "HTTP/1.1 200 OK"
2026-03-01 20:10:50,582 - INFO - HTTP Request: PUT http://localhost:6333/collections/daily_trade_strategies/points?wait=true "HTTP/1.1 200 OK"
2026-03-01 20:10:50,588 - INFO - HTTP Request: PUT http://localhost:6333/collections/trading_results/points?wait=true "HTTP/1.1 200 OK"
2026-03-01 20:10:50,595 - INFO - HTTP Request: PUT http://localhost:6333/collections/stock_recommendations/points?wait=true "HTTP/1.1 200 OK"
2026-03-01 20:10:50,621 - INFO - HTTP Request: PUT http://localhost:6333/collections/daily_trade_strategies/points?wait=true "HTTP/1.1 200 OK"
2026-03-01 20:10:50,626 - INFO - HTTP Request: PUT http://localhost:6333/collections/trading_results/points?wait=true "HTTP/1.1 200 OK"
2026-03-01 20:10:50,647 - INFO - HTTP Request: PUT http://localhost:6333/collections/stock_recommendations/points?wait=true "HTTP/1.1 200 OK"
2026-03-01 20:10:50,696 - INFO - HTTP Request: PUT http://localhost:6333/collections/daily_trade_strategies/points?wait=true "HTTP/1.1 200 OK"
2026-03-01 20:10:50,700 - INFO - HTTP Request: PUT http://localhost:6333/collections/trading_results/points?wait=true "HTTP/1.1 200 OK"
2026-03-01 20:10:50,710 - INFO - HTTP Request: PUT http://localhost:6333/collections/stock_recommendations/points?wait=true "HTTP/1.1 200 OK"
2026-03-01 20:10:50,736 - INFO - HTTP Request: PUT http://localhost:6333/collections/daily_trade_strategies/points?wait=true "HTTP/1.1 200 OK"
2026-03-01 20:10:50,743 - INFO - HTTP Request: PUT http://localhost:6333/collections/trading_results/points?wait=true "HTTP/1.1 200 OK"
2026-03-01 20:10:50,773 - INFO - HTTP Request: PUT http://localhost:6333/collections/stock_recommendations/points?wait=true "HTTP/1.1 200 OK"
2026-03-01 20:10:50,798 - INFO - HTTP Request: PUT http://localhost:6333/collections/daily_trade_strategies/points?wait=true "HTTP/1.1 200 OK"
2026-03-01 20:10:50,801 - INFO - HTTP Request: PUT http://localhost:6333/collections/trading_results/points?wait=true "HTTP/1.1 200 OK"
2026-03-01 20:10:50,811 - INFO - HTTP Request: PUT http://localhost:6333/collections/stock_recommendations/points?wait=true "HTTP/1.1 200 OK"
2026-03-01 20:10:50,864 - INFO - HTTP Request: PUT http://localhost:6333/collections/daily_trade_strategies/points?wait=true "HTTP/1.1 200 OK"
2026-03-01 20:10:50,884 - INFO - HTTP Request: PUT http://localhost:6333/collections/trading_results/points?wait=true "HTTP/1.1 200 OK"
2026-03-01 20:10:50,895 - INFO - HTTP Request: PUT http://localhost:6333/collections/stock_recommendations/points?wait=true "HTTP/1.1 200 OK"
2026-03-01 20:10:50,921 - INFO - HTTP Request: PUT http://localhost:6333/collections/daily_trade_strategies/points?wait=true "HTTP/1.1 200 OK"
2026-03-01 20:10:50,925 - INFO - HTTP Request: PUT http://localhost:6333/collections/trading_results/points?wait=true "HTTP/1.1 200 OK"
2026-03-01 20:10:50,932 - INFO - HTTP Request: PUT http://localhost:6333/collections/stock_recommendations/points?wait=true "HTTP/1.1 200 OK"
2026-03-01 20:10:50,957 - INFO - HTTP Request: PUT http://localhost:6333/collections/daily_trade_strategies/points?wait=true "HTTP/1.1 200 OK"
2026-03-01 20:10:50,961 - INFO - HTTP Request: PUT http://localhost:6333/collections/trading_results/points?wait=true "HTTP/1.1 200 OK"
2026-03-01 20:10:50,993 - INFO - HTTP Request: PUT http://localhost:6333/collections/stock_recommendations/points?wait=true "HTTP/1.1 200 OK"
2026-03-01 20:10:51,038 - INFO - HTTP Request: PUT http://localhost:6333/collections/daily_trade_strategies/points?wait=true "HTTP/1.1 200 OK"
2026-03-01 20:10:51,042 - INFO - HTTP Request: PUT http://localhost:6333/collections/trading_results/points?wait=true "HTTP/1.1 200 OK"
2026-03-01 20:10:51,049 - INFO - HTTP Request: PUT http://localhost:6333/collections/stock_recommendations/points?wait=true "HTTP/1.1 200 OK"
2026-03-01 20:10:51,071 - INFO - HTTP Request: PUT http://localhost:6333/collections/daily_trade_strategies/points?wait=true "HTTP/1.1 200 OK"
2026-03-01 20:10:51,075 - INFO - HTTP Request: PUT http://localhost:6333/collections/trading_results/points?wait=true "HTTP/1.1 200 OK"
2026-03-01 20:10:51,082 - INFO - HTTP Request: PUT http://localhost:6333/collections/stock_recommendations/points?wait=true "HTTP/1.1 200 OK"
2026-03-01 20:10:51,106 - INFO - HTTP Request: PUT http://localhost:6333/collections/daily_trade_strategies/points?wait=true "HTTP/1.1 200 OK"
2026-03-01 20:10:51,109 - INFO - HTTP Request: PUT http://localhost:6333/collections/trading_results/points?wait=true "HTTP/1.1 200 OK"
2026-03-01 20:10:51,115 - INFO - HTTP Request: PUT http://localhost:6333/collections/stock_recommendations/points?wait=true "HTTP/1.1 200 OK"
2026-03-01 20:10:51,146 - INFO - HTTP Request: PUT http://localhost:6333/collections/daily_trade_strategies/points?wait=true "HTTP/1.1 200 OK"
2026-03-01 20:10:51,152 - INFO - HTTP Request: PUT http://localhost:6333/collections/trading_results/points?wait=true "HTTP/1.1 200 OK"
2026-03-01 20:10:51,179 - INFO - HTTP Request: PUT http://localhost:6333/collections/stock_recommendations/points?wait=true "HTTP/1.1 200 OK"
2026-03-01 20:10:51,224 - INFO - HTTP Request: PUT http://localhost:6333/collections/daily_trade_strategies/points?wait=true "HTTP/1.1 200 OK"
2026-03-01 20:10:51,228 - INFO - HTTP Request: PUT http://localhost:6333/collections/trading_results/points?wait=true "HTTP/1.1 200 OK"
2026-03-01 20:10:51,236 - INFO - HTTP Request: PUT http://localhost:6333/collections/stock_recommendations/points?wait=true "HTTP/1.1 200 OK"
2026-03-01 20:10:51,262 - INFO - HTTP Request: PUT http://localhost:6333/collections/daily_trade_strategies/points?wait=true "HTTP/1.1 200 OK"
2026-03-01 20:10:51,264 - INFO - HTTP Request: PUT http://localhost:6333/collections/trading_results/points?wait=true "HTTP/1.1 200 OK"
2026-03-01 20:10:51,272 - INFO - HTTP Request: PUT http://localhost:6333/collections/stock_recommendations/points?wait=true "HTTP/1.1 200 OK"
2026-03-01 20:10:51,318 - INFO - HTTP Request: PUT http://localhost:6333/collections/daily_trade_strategies/points?wait=true "HTTP/1.1 200 OK"
2026-03-01 20:10:51,333 - INFO - HTTP Request: PUT http://localhost:6333/collections/trading_results/points?wait=true "HTTP/1.1 200 OK"
2026-03-01 20:10:51,340 - INFO - HTTP Request: PUT http://localhost:6333/collections/stock_recommendations/points?wait=true "HTTP/1.1 200 OK"
2026-03-01 20:10:51,379 - INFO - HTTP Request: PUT http://localhost:6333/collections/daily_trade_strategies/points?wait=true "HTTP/1.1 200 OK"
2026-03-01 20:10:51,383 - INFO - HTTP Request: PUT http://localhost:6333/collections/trading_results/points?wait=true "HTTP/1.1 200 OK"
2026-03-01 20:10:51,391 - INFO - HTTP Request: PUT http://localhost:6333/collections/stock_recommendations/points?wait=true "HTTP/1.1 200 OK"
2026-03-01 20:10:51,427 - INFO - HTTP Request: PUT http://localhost:6333/collections/daily_trade_strategies/points?wait=true "HTTP/1.1 200 OK"
2026-03-01 20:10:51,430 - INFO - HTTP Request: PUT http://localhost:6333/collections/trading_results/points?wait=true "HTTP/1.1 200 OK"
2026-03-01 20:10:51,440 - INFO - HTTP Request: PUT http://localhost:6333/collections/stock_recommendations/points?wait=true "HTTP/1.1 200 OK"
2026-03-01 20:10:51,489 - INFO - HTTP Request: PUT http://localhost:6333/collections/daily_trade_strategies/points?wait=true "HTTP/1.1 200 OK"
2026-03-01 20:10:51,493 - INFO - HTTP Request: PUT http://localhost:6333/collections/trading_results/points?wait=true "HTTP/1.1 200 OK"
2026-03-01 20:10:51,503 - INFO - HTTP Request: PUT http://localhost:6333/collections/stock_recommendations/points?wait=true "HTTP/1.1 200 OK"
2026-03-01 20:10:51,532 - INFO - HTTP Request: PUT http://localhost:6333/collections/daily_trade_strategies/points?wait=true "HTTP/1.1 200 OK"
2026-03-01 20:10:51,549 - INFO - HTTP Request: PUT http://localhost:6333/collections/trading_results/points?wait=true "HTTP/1.1 200 OK"
2026-03-01 20:10:51,582 - INFO - HTTP Request: PUT http://localhost:6333/collections/stock_recommendations/points?wait=true "HTTP/1.1 200 OK"
2026-03-01 20:10:51,630 - INFO - HTTP Request: PUT http://localhost:6333/collections/daily_trade_strategies/points?wait=true "HTTP/1.1 200 OK"
2026-03-01 20:10:51,634 - INFO - HTTP Request: PUT http://localhost:6333/collections/trading_results/points?wait=true "HTTP/1.1 200 OK"
2026-03-01 20:10:51,642 - INFO - HTTP Request: PUT http://localhost:6333/collections/stock_recommendations/points?wait=true "HTTP/1.1 200 OK"
2026-03-01 20:10:51,668 - INFO - HTTP Request: PUT http://localhost:6333/collections/daily_trade_strategies/points?wait=true "HTTP/1.1 200 OK"
2026-03-01 20:10:51,671 - INFO - HTTP Request: PUT http://localhost:6333/collections/trading_results/points?wait=true "HTTP/1.1 200 OK"
2026-03-01 20:10:51,680 - INFO - HTTP Request: PUT http://localhost:6333/collections/stock_recommendations/points?wait=true "HTTP/1.1 200 OK"
2026-03-01 20:10:51,707 - INFO - HTTP Request: PUT http://localhost:6333/collections/daily_trade_strategies/points?wait=true "HTTP/1.1 200 OK"
2026-03-01 20:10:51,710 - INFO - HTTP Request: PUT http://localhost:6333/collections/trading_results/points?wait=true "HTTP/1.1 200 OK"
2026-03-01 20:10:51,717 - INFO - HTTP Request: PUT http://localhost:6333/collections/stock_recommendations/points?wait=true "HTTP/1.1 200 OK"
2026-03-01 20:10:51,743 - INFO - HTTP Request: PUT http://localhost:6333/collections/daily_trade_strategies/points?wait=true "HTTP/1.1 200 OK"
2026-03-01 20:10:51,745 - INFO - HTTP Request: PUT http://localhost:6333/collections/trading_results/points?wait=true "HTTP/1.1 200 OK"
2026-03-01 20:10:51,752 - INFO - HTTP Request: PUT http://localhost:6333/collections/stock_recommendations/points?wait=true "HTTP/1.1 200 OK"
2026-03-01 20:10:51,777 - INFO - HTTP Request: PUT http://localhost:6333/collections/daily_trade_strategies/points?wait=true "HTTP/1.1 200 OK"
2026-03-01 20:10:51,781 - INFO - HTTP Request: PUT http://localhost:6333/collections/trading_results/points?wait=true "HTTP/1.1 200 OK"
2026-03-01 20:10:51,791 - INFO - HTTP Request: PUT http://localhost:6333/collections/stock_recommendations/points?wait=true "HTTP/1.1 200 OK"
2026-03-01 20:10:51,817 - INFO - HTTP Request: PUT http://localhost:6333/collections/daily_trade_strategies/points?wait=true "HTTP/1.1 200 OK"
2026-03-01 20:10:51,822 - INFO - HTTP Request: PUT http://localhost:6333/collections/trading_results/points?wait=true "HTTP/1.1 200 OK"
2026-03-01 20:10:51,830 - INFO - HTTP Request: PUT http://localhost:6333/collections/stock_recommendations/points?wait=true "HTTP/1.1 200 OK"
2026-03-01 20:10:51,856 - INFO - HTTP Request: PUT http://localhost:6333/collections/daily_trade_strategies/points?wait=true "HTTP/1.1 200 OK"
2026-03-01 20:10:51,859 - INFO - HTTP Request: PUT http://localhost:6333/collections/trading_results/points?wait=true "HTTP/1.1 200 OK"
2026-03-01 20:10:51,881 - INFO - HTTP Request: PUT http://localhost:6333/collections/stock_recommendations/points?wait=true "HTTP/1.1 200 OK"
2026-03-01 20:10:51,906 - INFO - HTTP Request: PUT http://localhost:6333/collections/daily_trade_strategies/points?wait=true "HTTP/1.1 200 OK"
2026-03-01 20:10:51,909 - INFO - HTTP Request: PUT http://localhost:6333/collections/trading_results/points?wait=true "HTTP/1.1 200 OK"
2026-03-01 20:10:51,916 - INFO - HTTP Request: PUT http://localhost:6333/collections/stock_recommendations/points?wait=true "HTTP/1.1 200 OK"
2026-03-01 20:10:51,945 - INFO - HTTP Request: PUT http://localhost:6333/collections/daily_trade_strategies/points?wait=true "HTTP/1.1 200 OK"
2026-03-01 20:10:51,972 - INFO - HTTP Request: PUT http://localhost:6333/collections/trading_results/points?wait=true "HTTP/1.1 200 OK"
2026-03-01 20:10:52,005 - INFO - HTTP Request: PUT http://localhost:6333/collections/stock_recommendations/points?wait=true "HTTP/1.1 200 OK"
2026-03-01 20:10:52,029 - INFO - HTTP Request: PUT http://localhost:6333/collections/daily_trade_strategies/points?wait=true "HTTP/1.1 200 OK"
2026-03-01 20:10:52,032 - INFO - HTTP Request: PUT http://localhost:6333/collections/trading_results/points?wait=true "HTTP/1.1 200 OK"
2026-03-01 20:10:52,032 - INFO - Uploaded 13708 recommendation points.
2026-03-01 20:10:52,032 - INFO - Uploaded 193 trading result points.
2026-03-01 20:10:52,032 - INFO - Uploaded 193 strategy points.
2026-03-01 20:10:52,037 - INFO - HTTP Request: PUT http://localhost:6333/collections/performance_metrics/points?wait=true "HTTP/1.1 200 OK"
2026-03-01 20:10:52,037 - INFO - Uploaded performance snapshot.
2026-03-01 20:10:52,039 - INFO - Progress updated: 193 days | last: 2026-02-26
2026-03-01 20:10:52,039 - INFO - ============================================================
2026-03-01 20:10:52,039 - INFO - DONE — 2026 paper trading complete
2026-03-01 20:10:52,039 - INFO -   2026 predictions : C:\Users\luixj\AI\stock-data\data\processed\phase4\predictions_2026.parquet
2026-03-01 20:10:52,039 - INFO -   Combined preds   : C:\Users\luixj\AI\stock-data\data\processed\phase4\predictions_combined.parquet
2026-03-01 20:10:52,039 - INFO -   Daily results    : C:\Users\luixj\AI\stock-data\data\processed\phase4\phase4_paper_trading_daily.parquet
2026-03-01 20:10:52,039 - INFO -   Summary          : C:\Users\luixj\AI\stock-data\data\processed\phase4\phase4_paper_trading_summary.json
2026-03-01 20:10:52,039 - INFO - ============================================================
2026-03-01 20:22:08,228 - INFO - Starting automated daily paper trading...
2026-03-01 20:22:08,349 - INFO - Docker Desktop is running, daemon is ready
2026-03-01 20:22:08,358 - INFO - Qdrant is already running
2026-03-01 20:22:08,741 - INFO - HTTP Request: GET http://localhost:6333 "HTTP/1.1 200 OK"
2026-03-01 20:22:08,746 - INFO - Setting up Qdrant collections...
2026-03-01 20:22:08,750 - INFO - HTTP Request: GET http://localhost:6333/collections/stock_recommendations "HTTP/1.1 200 OK"
2026-03-01 20:22:08,751 - INFO - Collection 'stock_recommendations' already exists
2026-03-01 20:22:08,757 - INFO - HTTP Request: GET http://localhost:6333/collections/trading_results "HTTP/1.1 200 OK"
2026-03-01 20:22:08,757 - INFO - Collection 'trading_results' already exists
2026-03-01 20:22:08,760 - INFO - HTTP Request: GET http://localhost:6333/collections/performance_metrics "HTTP/1.1 200 OK"
2026-03-01 20:22:08,761 - INFO - Collection 'performance_metrics' already exists
2026-03-01 20:22:08,761 - INFO - ============================================================
2026-03-01 20:22:08,761 - INFO - AUTOMATED DAILY PAPER TRADING
2026-03-01 20:22:08,761 - INFO - ============================================================
2026-03-01 20:22:08,762 - INFO - Calendar Date: 2026-03-01
2026-03-01 20:22:08,762 - INFO - Predictions source: data\processed\phase4\predictions_combined.parquet
2026-03-01 20:22:08,826 - INFO - No new historical dates available. Last processed: 2026-02-26 | Tradable range: 2025-04-01 to 2026-02-26
2026-03-01 20:22:08,826 - WARNING - Predictions look stale. Refresh with:
2026-03-01 20:22:08,828 - WARNING -   python scripts/paper_trading/run_2026_paper_trading.py --sim-start 2026-02-27 --sim-end auto
2026-03-01 20:22:08,847 - WARNING - Predictions are stale (max tradable 2026-02-26, expected >= 2026-02-28). Auto-refreshing...
2026-03-01 20:22:08,847 - INFO - Refresh command: C:\Users\luixj\AI\stock-data\venv\Scripts\python.exe scripts/paper_trading/run_2026_paper_trading.py --sim-start 2026-02-27 --sim-end auto
2026-03-01 20:22:11,033 - INFO - ============================================================
2026-03-01 20:22:11,033 - INFO - 2026 PAPER TRADING — LIVE DATA
2026-03-01 20:22:11,033 - INFO -   2026 sim range : 2026-02-27 -> 2026-02-28
2026-03-01 20:22:11,033 - INFO -   Full range     : 2025-04-01 -> 2026-02-28
2026-03-01 20:22:11,033 - INFO -   YF download    : 2025-09-01 -> 2026-03-02
2026-03-01 20:22:11,033 - INFO -   Device         : cuda
2026-03-01 20:22:11,033 - INFO - ============================================================
2026-03-01 20:22:11,033 - INFO - Loading ticker universe from phase1_predictions.parquet
2026-03-01 20:22:11,077 - INFO - Ticker universe: 189 stocks
2026-03-01 20:22:11,084 - INFO - OHLCV cache is stale (max date 2026-02-27 < SIM_END 2026-02-28) — re-downloading
2026-03-01 20:22:11,084 - INFO - ============================================================
2026-03-01 20:22:11,084 - INFO - STEP 1: Downloading OHLCV data
2026-03-01 20:22:11,084 - INFO -   Range  : 2025-09-01 -> 2026-03-02
2026-03-01 20:22:11,084 - INFO -   Tickers: 189
2026-03-01 20:22:11,084 - INFO - ============================================================
2026-03-01 20:22:14,670 - INFO -   Progress: 20/189 tickers downloaded
2026-03-01 20:22:18,474 - INFO -   Progress: 40/189 tickers downloaded
2026-03-01 20:22:22,102 - INFO -   Progress: 60/189 tickers downloaded
2026-03-01 20:22:25,521 - INFO -   Progress: 80/189 tickers downloaded
2026-03-01 20:22:28,649 - INFO -   Progress: 100/189 tickers downloaded
2026-03-01 20:22:32,327 - INFO -   Progress: 120/189 tickers downloaded
2026-03-01 20:22:35,857 - INFO -   Progress: 140/189 tickers downloaded
2026-03-01 20:22:39,797 - INFO -   Progress: 160/189 tickers downloaded
2026-03-01 20:22:43,548 - INFO -   Progress: 180/189 tickers downloaded
2026-03-01 20:22:45,369 - INFO - Downloaded 23436 rows | 189 tickers | 2025-09-02 -> 2026-02-27
2026-03-01 20:22:45,380 - INFO - OHLCV data cached to C:\Users\luixj\AI\stock-data\data\processed\phase4\ohlcv_2026_cache.parquet
2026-03-01 20:22:45,381 - INFO - ============================================================
2026-03-01 20:22:45,381 - INFO - STEP 2: Computing 14 core features
2026-03-01 20:22:45,381 - INFO - ============================================================
2026-03-01 20:22:45,388 - INFO - Calculating 14 core features (leakage-safe)...
2026-03-01 20:22:45,577 - INFO - Core features calculated:
2026-03-01 20:22:45,577 - INFO -   Returns: ret_1d, ret_5d, ret_20d
2026-03-01 20:22:45,577 - INFO -   Volatility: vol_10d, vol_20d
2026-03-01 20:22:45,577 - INFO -   Price: hl_range, oc_gap
2026-03-01 20:22:45,577 - INFO -   Trend: sma_10_dist, sma_20_dist
2026-03-01 20:22:45,577 - INFO -   Volume: log_volume, volume_change
2026-03-01 20:22:45,577 - INFO -   Market: market_return, vs_market, market_correlation
2026-03-01 20:22:45,577 - INFO -   Total: 14 features
2026-03-01 20:22:45,578 - INFO - Features: 23436 rows, 189 tickers
2026-03-01 20:22:45,578 - INFO - ============================================================
2026-03-01 20:22:45,578 - INFO - STEP 3: Loading model from C:\Users\luixj\AI\stock-data\models\checkpoints\lstm_phase2a_temp0.05_best.pth
2026-03-01 20:22:45,578 - INFO - ============================================================
2026-03-01 20:22:45,673 - INFO - Model loaded (strict=True)
2026-03-01 20:22:45,687 - INFO - Model ready on cuda
2026-03-01 20:22:45,688 - INFO - ============================================================
2026-03-01 20:22:45,688 - INFO - STEP 4: Generating predictions 2026-02-27 -> 2026-02-28
2026-03-01 20:22:45,688 - INFO - ============================================================
2026-03-01 20:22:45,694 - INFO - Trading days in simulation range: 1
2026-03-01 20:22:46,311 - INFO -   2026-02-27: 189 predictions generated
2026-03-01 20:22:46,313 - INFO - Dropping 1 non-tradable date(s) with missing y_true_reg: 2026-02-27
2026-03-01 20:22:46,313 - INFO - Total: 0 predictions | 0 days | 0 tickers
2026-03-01 20:22:46,315 - INFO - Saved 2026 predictions: C:\Users\luixj\AI\stock-data\data\processed\phase4\predictions_2026.parquet
2026-03-01 20:22:46,315 - INFO - ============================================================
2026-03-01 20:22:46,315 - INFO - STEP 5: Combining 2025 + 2026 predictions and simulating
2026-03-01 20:22:46,315 - INFO - ============================================================
2026-03-01 20:22:46,447 - INFO - Combined: 35532 rows | 188 dates | 189 tickers
2026-03-01 20:22:46,449 - INFO -   Date range: 2025-04-01 -> 2025-12-29
2026-03-01 20:22:46,449 - INFO -   Saved to: C:\Users\luixj\AI\stock-data\data\processed\phase4\predictions_combined.parquet
2026-03-01 20:22:46,449 - INFO - Running simulation 2025-04-01 -> 2026-02-28 ...
2026-03-01 20:22:46,449 - INFO - Loading predictions from C:\Users\luixj\AI\stock-data\data\processed\phase4\predictions_combined.parquet
2026-03-01 20:22:46,463 - INFO - Running paper trading simulation for 188 days
2026-03-01 20:22:46,463 - INFO - Date range: 2025-04-01 to 2025-12-29
2026-03-01 20:22:46,463 - INFO - 
============================================================
2026-03-01 20:22:46,463 - INFO - Running paper trading for 2025-04-01
2026-03-01 20:22:46,463 - INFO - ============================================================
2026-03-01 20:22:46,464 - INFO - Portfolio construction: 38 longs, 15 shorts (from 38 candidates)
2026-03-01 20:22:46,465 - INFO - PnL Net: 0.0027 | Scaled: 0.0027 | Turnover: 100.00% | Vol Scale: 1.00
2026-03-01 20:22:46,465 - INFO - 
============================================================
2026-03-01 20:22:46,465 - INFO - Running paper trading for 2025-04-02
2026-03-01 20:22:46,465 - INFO - ============================================================
2026-03-01 20:22:46,466 - INFO - Portfolio construction: 38 longs, 38 shorts (from 38 candidates)
2026-03-01 20:22:46,466 - INFO - PnL Net: -0.0234 | Scaled: -0.0234 | Turnover: 16.46% | Vol Scale: 1.00
2026-03-01 20:22:46,466 - INFO - 
============================================================
2026-03-01 20:22:46,466 - INFO - Running paper trading for 2025-04-03
2026-03-01 20:22:46,466 - INFO - ============================================================
2026-03-01 20:22:46,467 - INFO - Portfolio construction: 38 longs, 38 shorts (from 38 candidates)
2026-03-01 20:22:46,467 - INFO - PnL Net: -0.0208 | Scaled: -0.0208 | Turnover: 20.14% | Vol Scale: 1.00
2026-03-01 20:22:46,467 - INFO - 
============================================================
2026-03-01 20:22:46,467 - INFO - Running paper trading for 2025-04-04
2026-03-01 20:22:46,467 - INFO - ============================================================
2026-03-01 20:22:46,468 - INFO - Portfolio construction: 38 longs, 38 shorts (from 38 candidates)
2026-03-01 20:22:46,468 - INFO - PnL Net: -0.0002 | Scaled: -0.0002 | Turnover: 27.43% | Vol Scale: 1.00
2026-03-01 20:22:46,468 - INFO - 
============================================================
2026-03-01 20:22:46,468 - INFO - Running paper trading for 2025-04-07
2026-03-01 20:22:46,468 - INFO - ============================================================
2026-03-01 20:22:46,469 - INFO - Portfolio construction: 38 longs, 38 shorts (from 38 candidates)
2026-03-01 20:22:46,469 - INFO - PnL Net: -0.0028 | Scaled: -0.0028 | Turnover: 21.14% | Vol Scale: 1.00
2026-03-01 20:22:46,469 - INFO - 
============================================================
2026-03-01 20:22:46,469 - INFO - Running paper trading for 2025-04-08
2026-03-01 20:22:46,469 - INFO - ============================================================
2026-03-01 20:22:46,470 - INFO - Portfolio construction: 38 longs, 38 shorts (from 38 candidates)
2026-03-01 20:22:46,471 - INFO - PnL Net: 0.0243 | Scaled: 0.0243 | Turnover: 21.60% | Vol Scale: 1.00
2026-03-01 20:22:46,471 - INFO - 
============================================================
2026-03-01 20:22:46,471 - INFO - Running paper trading for 2025-04-09
2026-03-01 20:22:46,471 - INFO - ============================================================
2026-03-01 20:22:46,472 - INFO - Portfolio construction: 38 longs, 1 shorts (from 38 candidates)
2026-03-01 20:22:46,472 - INFO - PnL Net: -0.0107 | Scaled: -0.0107 | Turnover: 20.86% | Vol Scale: 1.00
2026-03-01 20:22:46,472 - INFO - 
============================================================
2026-03-01 20:22:46,472 - INFO - Running paper trading for 2025-04-10
2026-03-01 20:22:46,472 - INFO - ============================================================
2026-03-01 20:22:46,473 - INFO - Portfolio construction: 38 longs, 38 shorts (from 38 candidates)
2026-03-01 20:22:46,473 - INFO - PnL Net: 0.0049 | Scaled: 0.0049 | Turnover: 22.53% | Vol Scale: 1.00
2026-03-01 20:22:46,473 - INFO - 
============================================================
2026-03-01 20:22:46,473 - INFO - Running paper trading for 2025-04-11
2026-03-01 20:22:46,473 - INFO - ============================================================
2026-03-01 20:22:46,474 - INFO - Portfolio construction: 38 longs, 1 shorts (from 38 candidates)
2026-03-01 20:22:46,474 - INFO - PnL Net: 0.0038 | Scaled: 0.0038 | Turnover: 20.79% | Vol Scale: 1.00
2026-03-01 20:22:46,474 - INFO - 
============================================================
2026-03-01 20:22:46,474 - INFO - Running paper trading for 2025-04-14
2026-03-01 20:22:46,474 - INFO - ============================================================
2026-03-01 20:22:46,475 - INFO - Portfolio construction: 38 longs, 38 shorts (from 38 candidates)
2026-03-01 20:22:46,476 - INFO - Vol targeting: rolling_vol=0.2061, scale=0.5000
2026-03-01 20:22:46,476 - INFO - PnL Net: -0.0018 | Scaled: -0.0009 | Turnover: 21.69% | Vol Scale: 0.50
2026-03-01 20:22:46,476 - INFO - 
============================================================
2026-03-01 20:22:46,476 - INFO - Running paper trading for 2025-04-15
2026-03-01 20:22:46,476 - INFO - ============================================================
2026-03-01 20:22:46,477 - INFO - Portfolio construction: 38 longs, 38 shorts (from 38 candidates)
2026-03-01 20:22:46,477 - INFO - Vol targeting: rolling_vol=0.1968, scale=0.5000
2026-03-01 20:22:46,477 - INFO - PnL Net: -0.0047 | Scaled: -0.0023 | Turnover: 21.09% | Vol Scale: 0.50
2026-03-01 20:22:46,477 - INFO - 
============================================================
2026-03-01 20:22:46,477 - INFO - Running paper trading for 2025-04-16
2026-03-01 20:22:46,477 - INFO - ============================================================
2026-03-01 20:22:46,478 - INFO - Portfolio construction: 38 longs, 38 shorts (from 38 candidates)
2026-03-01 20:22:46,478 - INFO - Vol targeting: rolling_vol=0.1890, scale=0.5000
2026-03-01 20:22:46,478 - INFO - PnL Net: 0.0008 | Scaled: 0.0004 | Turnover: 21.09% | Vol Scale: 0.50
2026-03-01 20:22:46,478 - INFO - 
============================================================
2026-03-01 20:22:46,478 - INFO - Running paper trading for 2025-04-17
2026-03-01 20:22:46,478 - INFO - ============================================================
2026-03-01 20:22:46,479 - INFO - Portfolio construction: 38 longs, 38 shorts (from 38 candidates)
2026-03-01 20:22:46,479 - INFO - Vol targeting: rolling_vol=0.1826, scale=0.5000
2026-03-01 20:22:46,479 - INFO - PnL Net: -0.0068 | Scaled: -0.0034 | Turnover: 18.47% | Vol Scale: 0.50
2026-03-01 20:22:46,479 - INFO - 
============================================================
2026-03-01 20:22:46,479 - INFO - Running paper trading for 2025-04-21
2026-03-01 20:22:46,479 - INFO - ============================================================
2026-03-01 20:22:46,480 - INFO - Portfolio construction: 38 longs, 6 shorts (from 38 candidates)
2026-03-01 20:22:46,480 - INFO - Vol targeting: rolling_vol=0.1822, scale=0.5000
2026-03-01 20:22:46,480 - INFO - PnL Net: 0.0089 | Scaled: 0.0045 | Turnover: 17.46% | Vol Scale: 0.50
2026-03-01 20:22:46,480 - INFO - 
============================================================
2026-03-01 20:22:46,480 - INFO - Running paper trading for 2025-04-22
2026-03-01 20:22:46,480 - INFO - ============================================================
2026-03-01 20:22:46,481 - INFO - Portfolio construction: 38 longs, 38 shorts (from 38 candidates)
2026-03-01 20:22:46,481 - INFO - Vol targeting: rolling_vol=0.1783, scale=0.5000
2026-03-01 20:22:46,482 - INFO - PnL Net: 0.0053 | Scaled: 0.0027 | Turnover: 18.72% | Vol Scale: 0.50
2026-03-01 20:22:46,482 - INFO - 
============================================================
2026-03-01 20:22:46,482 - INFO - Running paper trading for 2025-04-23
2026-03-01 20:22:46,482 - INFO - ============================================================
2026-03-01 20:22:46,483 - INFO - Portfolio construction: 38 longs, 5 shorts (from 38 candidates)
2026-03-01 20:22:46,483 - INFO - Vol targeting: rolling_vol=0.1782, scale=0.5000
2026-03-01 20:22:46,483 - INFO - PnL Net: 0.0102 | Scaled: 0.0051 | Turnover: 20.73% | Vol Scale: 0.50
2026-03-01 20:22:46,483 - INFO - 
============================================================
2026-03-01 20:22:46,483 - INFO - Running paper trading for 2025-04-24
2026-03-01 20:22:46,483 - INFO - ============================================================
2026-03-01 20:22:46,484 - INFO - Portfolio construction: 38 longs, 38 shorts (from 38 candidates)
2026-03-01 20:22:46,484 - INFO - Vol targeting: rolling_vol=0.1730, scale=0.5000
2026-03-01 20:22:46,484 - INFO - PnL Net: 0.0011 | Scaled: 0.0006 | Turnover: 18.37% | Vol Scale: 0.50
2026-03-01 20:22:46,484 - INFO - 
============================================================
2026-03-01 20:22:46,484 - INFO - Running paper trading for 2025-04-25
2026-03-01 20:22:46,484 - INFO - ============================================================
2026-03-01 20:22:46,485 - INFO - Portfolio construction: 38 longs, 38 shorts (from 38 candidates)
2026-03-01 20:22:46,485 - INFO - Vol targeting: rolling_vol=0.1682, scale=0.5000
2026-03-01 20:22:46,485 - INFO - PnL Net: 0.0007 | Scaled: 0.0004 | Turnover: 23.46% | Vol Scale: 0.50
2026-03-01 20:22:46,485 - INFO - 
============================================================
2026-03-01 20:22:46,486 - INFO - Running paper trading for 2025-04-28
2026-03-01 20:22:46,486 - INFO - ============================================================
2026-03-01 20:22:46,487 - INFO - Portfolio construction: 38 longs, 38 shorts (from 38 candidates)
2026-03-01 20:22:46,487 - INFO - Vol targeting: rolling_vol=0.1639, scale=0.5000
2026-03-01 20:22:46,487 - INFO - PnL Net: 0.0018 | Scaled: 0.0009 | Turnover: 19.52% | Vol Scale: 0.50
2026-03-01 20:22:46,487 - INFO - 
============================================================
2026-03-01 20:22:46,487 - INFO - Running paper trading for 2025-04-29
2026-03-01 20:22:46,487 - INFO - ============================================================
2026-03-01 20:22:46,488 - INFO - Portfolio construction: 38 longs, 30 shorts (from 38 candidates)
2026-03-01 20:22:46,488 - INFO - Vol targeting: rolling_vol=0.1599, scale=0.5004
2026-03-01 20:22:46,488 - INFO - PnL Net: 0.0011 | Scaled: 0.0005 | Turnover: 16.79% | Vol Scale: 0.50
2026-03-01 20:22:46,488 - INFO - 
============================================================
2026-03-01 20:22:46,488 - INFO - Running paper trading for 2025-04-30
2026-03-01 20:22:46,488 - INFO - ============================================================
2026-03-01 20:22:46,489 - INFO - Portfolio construction: 38 longs, 38 shorts (from 38 candidates)
2026-03-01 20:22:46,489 - INFO - Vol targeting: rolling_vol=0.1596, scale=0.5012
2026-03-01 20:22:46,489 - INFO - PnL Net: 0.0014 | Scaled: 0.0007 | Turnover: 20.09% | Vol Scale: 0.50
2026-03-01 20:22:46,489 - INFO - 
============================================================
2026-03-01 20:22:46,489 - INFO - Running paper trading for 2025-05-01
2026-03-01 20:22:46,489 - INFO - ============================================================
2026-03-01 20:22:46,490 - INFO - Portfolio construction: 38 longs, 38 shorts (from 38 candidates)
2026-03-01 20:22:46,491 - INFO - Vol targeting: rolling_vol=0.1370, scale=0.5840
2026-03-01 20:22:46,491 - INFO - PnL Net: 0.0062 | Scaled: 0.0036 | Turnover: 17.98% | Vol Scale: 0.58
2026-03-01 20:22:46,491 - INFO - 
============================================================
2026-03-01 20:22:46,491 - INFO - Running paper trading for 2025-05-02
2026-03-01 20:22:46,491 - INFO - ============================================================
2026-03-01 20:22:46,492 - INFO - Portfolio construction: 38 longs, 13 shorts (from 38 candidates)
2026-03-01 20:22:46,492 - INFO - Vol targeting: rolling_vol=0.1119, scale=0.7149
2026-03-01 20:22:46,492 - INFO - PnL Net: -0.0011 | Scaled: -0.0008 | Turnover: 17.52% | Vol Scale: 0.71
2026-03-01 20:22:46,492 - INFO - 
============================================================
2026-03-01 20:22:46,492 - INFO - Running paper trading for 2025-05-05
2026-03-01 20:22:46,492 - INFO - ============================================================
2026-03-01 20:22:46,493 - INFO - Portfolio construction: 38 longs, 2 shorts (from 38 candidates)
2026-03-01 20:22:46,493 - INFO - Vol targeting: rolling_vol=0.1128, scale=0.7091
2026-03-01 20:22:46,493 - INFO - PnL Net: -0.0026 | Scaled: -0.0018 | Turnover: 19.38% | Vol Scale: 0.71
2026-03-01 20:22:46,493 - INFO - 
============================================================
2026-03-01 20:22:46,493 - INFO - Running paper trading for 2025-05-06
2026-03-01 20:22:46,493 - INFO - ============================================================
2026-03-01 20:22:46,494 - INFO - Portfolio construction: 38 longs, 33 shorts (from 38 candidates)
2026-03-01 20:22:46,494 - INFO - Vol targeting: rolling_vol=0.1115, scale=0.7177
2026-03-01 20:22:46,495 - INFO - PnL Net: 0.0026 | Scaled: 0.0019 | Turnover: 19.06% | Vol Scale: 0.72
2026-03-01 20:22:46,495 - INFO - 
============================================================
2026-03-01 20:22:46,495 - INFO - Running paper trading for 2025-05-07
2026-03-01 20:22:46,495 - INFO - ============================================================
2026-03-01 20:22:46,495 - INFO - Portfolio construction: 38 longs, 9 shorts (from 38 candidates)
2026-03-01 20:22:46,495 - INFO - Vol targeting: rolling_vol=0.0781, scale=1.0243
2026-03-01 20:22:46,495 - INFO - PnL Net: 0.0043 | Scaled: 0.0045 | Turnover: 18.97% | Vol Scale: 1.02
2026-03-01 20:22:46,495 - INFO - 
============================================================
2026-03-01 20:22:46,495 - INFO - Running paper trading for 2025-05-08
2026-03-01 20:22:46,495 - INFO - ============================================================
2026-03-01 20:22:46,497 - INFO - Portfolio construction: 38 longs, 10 shorts (from 38 candidates)
2026-03-01 20:22:46,498 - INFO - Vol targeting: rolling_vol=0.0656, scale=1.2200
2026-03-01 20:22:46,498 - INFO - PnL Net: -0.0009 | Scaled: -0.0012 | Turnover: 19.75% | Vol Scale: 1.22
2026-03-01 20:22:46,498 - INFO - 
============================================================
2026-03-01 20:22:46,498 - INFO - Running paper trading for 2025-05-09
2026-03-01 20:22:46,498 - INFO - ============================================================
2026-03-01 20:22:46,499 - INFO - Portfolio construction: 38 longs, 37 shorts (from 38 candidates)
2026-03-01 20:22:46,499 - INFO - Vol targeting: rolling_vol=0.0785, scale=1.0196
2026-03-01 20:22:46,499 - INFO - PnL Net: 0.0145 | Scaled: 0.0148 | Turnover: 18.03% | Vol Scale: 1.02
2026-03-01 20:22:46,499 - INFO - 
============================================================
2026-03-01 20:22:46,499 - INFO - Running paper trading for 2025-05-12
2026-03-01 20:22:46,499 - INFO - ============================================================
2026-03-01 20:22:46,500 - INFO - Portfolio construction: 38 longs, 38 shorts (from 38 candidates)
2026-03-01 20:22:46,500 - INFO - Vol targeting: rolling_vol=0.0804, scale=0.9956
2026-03-01 20:22:46,500 - INFO - PnL Net: 0.0074 | Scaled: 0.0074 | Turnover: 18.12% | Vol Scale: 1.00
2026-03-01 20:22:46,500 - INFO - 
============================================================
2026-03-01 20:22:46,500 - INFO - Running paper trading for 2025-05-13
2026-03-01 20:22:46,500 - INFO - ============================================================
2026-03-01 20:22:46,501 - INFO - Portfolio construction: 38 longs, 38 shorts (from 38 candidates)
2026-03-01 20:22:46,501 - INFO - Vol targeting: rolling_vol=0.0797, scale=1.0044
2026-03-01 20:22:46,501 - INFO - PnL Net: -0.0006 | Scaled: -0.0006 | Turnover: 21.90% | Vol Scale: 1.00
2026-03-01 20:22:46,501 - INFO - 
============================================================
2026-03-01 20:22:46,501 - INFO - Running paper trading for 2025-05-14
2026-03-01 20:22:46,501 - INFO - ============================================================
2026-03-01 20:22:46,503 - INFO - Portfolio construction: 38 longs, 38 shorts (from 38 candidates)
2026-03-01 20:22:46,503 - INFO - Vol targeting: rolling_vol=0.0757, scale=1.0562
2026-03-01 20:22:46,503 - INFO - PnL Net: 0.0052 | Scaled: 0.0055 | Turnover: 20.59% | Vol Scale: 1.06
2026-03-01 20:22:46,504 - INFO - 
============================================================
2026-03-01 20:22:46,504 - INFO - Running paper trading for 2025-05-15
2026-03-01 20:22:46,504 - INFO - ============================================================
2026-03-01 20:22:46,505 - INFO - Portfolio construction: 38 longs, 38 shorts (from 38 candidates)
2026-03-01 20:22:46,505 - INFO - Vol targeting: rolling_vol=0.0754, scale=1.0608
2026-03-01 20:22:46,505 - INFO - PnL Net: 0.0020 | Scaled: 0.0021 | Turnover: 19.63% | Vol Scale: 1.06
2026-03-01 20:22:46,505 - INFO - 
============================================================
2026-03-01 20:22:46,505 - INFO - Running paper trading for 2025-05-16
2026-03-01 20:22:46,505 - INFO - ============================================================
2026-03-01 20:22:46,506 - INFO - Portfolio construction: 38 longs, 38 shorts (from 38 candidates)
2026-03-01 20:22:46,507 - INFO - Vol targeting: rolling_vol=0.0684, scale=1.1703
2026-03-01 20:22:46,507 - INFO - PnL Net: -0.0013 | Scaled: -0.0015 | Turnover: 18.38% | Vol Scale: 1.17
2026-03-01 20:22:46,507 - INFO - 
============================================================
2026-03-01 20:22:46,507 - INFO - Running paper trading for 2025-05-19
2026-03-01 20:22:46,507 - INFO - ============================================================
2026-03-01 20:22:46,508 - INFO - Portfolio construction: 38 longs, 38 shorts (from 38 candidates)
2026-03-01 20:22:46,508 - INFO - Vol targeting: rolling_vol=0.0676, scale=1.1828
2026-03-01 20:22:46,508 - INFO - PnL Net: -0.0021 | Scaled: -0.0025 | Turnover: 16.36% | Vol Scale: 1.18
2026-03-01 20:22:46,508 - INFO - 
============================================================
2026-03-01 20:22:46,508 - INFO - Running paper trading for 2025-05-20
2026-03-01 20:22:46,508 - INFO - ============================================================
2026-03-01 20:22:46,508 - INFO - Portfolio construction: 38 longs, 38 shorts (from 38 candidates)
2026-03-01 20:22:46,508 - INFO - Vol targeting: rolling_vol=0.0748, scale=1.0691
2026-03-01 20:22:46,508 - INFO - PnL Net: -0.0070 | Scaled: -0.0075 | Turnover: 15.81% | Vol Scale: 1.07
2026-03-01 20:22:46,508 - INFO - 
============================================================
2026-03-01 20:22:46,508 - INFO - Running paper trading for 2025-05-21
2026-03-01 20:22:46,508 - INFO - ============================================================
2026-03-01 20:22:46,510 - INFO - Portfolio construction: 38 longs, 38 shorts (from 38 candidates)
2026-03-01 20:22:46,510 - INFO - Vol targeting: rolling_vol=0.0690, scale=1.1591
2026-03-01 20:22:46,511 - INFO - PnL Net: 0.0004 | Scaled: 0.0004 | Turnover: 19.34% | Vol Scale: 1.16
2026-03-01 20:22:46,511 - INFO - 
============================================================
2026-03-01 20:22:46,511 - INFO - Running paper trading for 2025-05-22
2026-03-01 20:22:46,511 - INFO - ============================================================
2026-03-01 20:22:46,512 - INFO - Portfolio construction: 38 longs, 32 shorts (from 38 candidates)
2026-03-01 20:22:46,512 - INFO - Vol targeting: rolling_vol=0.0706, scale=1.1324
2026-03-01 20:22:46,512 - INFO - PnL Net: -0.0027 | Scaled: -0.0031 | Turnover: 19.64% | Vol Scale: 1.13
2026-03-01 20:22:46,512 - INFO - 
============================================================
2026-03-01 20:22:46,512 - INFO - Running paper trading for 2025-05-23
2026-03-01 20:22:46,512 - INFO - ============================================================
2026-03-01 20:22:46,513 - INFO - Portfolio construction: 38 longs, 38 shorts (from 38 candidates)
2026-03-01 20:22:46,513 - INFO - Vol targeting: rolling_vol=0.0743, scale=1.0767
2026-03-01 20:22:46,513 - INFO - PnL Net: 0.0082 | Scaled: 0.0088 | Turnover: 19.52% | Vol Scale: 1.08
2026-03-01 20:22:46,513 - INFO - 
============================================================
2026-03-01 20:22:46,513 - INFO - Running paper trading for 2025-05-27
2026-03-01 20:22:46,513 - INFO - ============================================================
2026-03-01 20:22:46,514 - INFO - Portfolio construction: 38 longs, 38 shorts (from 38 candidates)
2026-03-01 20:22:46,514 - INFO - Vol targeting: rolling_vol=0.0756, scale=1.0588
2026-03-01 20:22:46,515 - INFO - PnL Net: -0.0021 | Scaled: -0.0022 | Turnover: 18.56% | Vol Scale: 1.06
2026-03-01 20:22:46,515 - INFO - 
============================================================
2026-03-01 20:22:46,515 - INFO - Running paper trading for 2025-05-28
2026-03-01 20:22:46,515 - INFO - ============================================================
2026-03-01 20:22:46,515 - INFO - Portfolio construction: 38 longs, 38 shorts (from 38 candidates)
2026-03-01 20:22:46,516 - INFO - Vol targeting: rolling_vol=0.0756, scale=1.0575
2026-03-01 20:22:46,516 - INFO - PnL Net: 0.0004 | Scaled: 0.0005 | Turnover: 16.29% | Vol Scale: 1.06
2026-03-01 20:22:46,516 - INFO - 
============================================================
2026-03-01 20:22:46,516 - INFO - Running paper trading for 2025-05-29
2026-03-01 20:22:46,516 - INFO - ============================================================
2026-03-01 20:22:46,517 - INFO - Portfolio construction: 38 longs, 38 shorts (from 38 candidates)
2026-03-01 20:22:46,517 - INFO - Vol targeting: rolling_vol=0.0762, scale=1.0504
2026-03-01 20:22:46,517 - INFO - PnL Net: -0.0009 | Scaled: -0.0010 | Turnover: 19.51% | Vol Scale: 1.05
2026-03-01 20:22:46,517 - INFO - 
============================================================
2026-03-01 20:22:46,517 - INFO - Running paper trading for 2025-05-30
2026-03-01 20:22:46,517 - INFO - ============================================================
2026-03-01 20:22:46,518 - INFO - Portfolio construction: 38 longs, 38 shorts (from 38 candidates)
2026-03-01 20:22:46,518 - INFO - Vol targeting: rolling_vol=0.0742, scale=1.0777
2026-03-01 20:22:46,518 - INFO - PnL Net: 0.0008 | Scaled: 0.0009 | Turnover: 21.02% | Vol Scale: 1.08
2026-03-01 20:22:46,518 - INFO - 
============================================================
2026-03-01 20:22:46,518 - INFO - Running paper trading for 2025-06-02
2026-03-01 20:22:46,518 - INFO - ============================================================
2026-03-01 20:22:46,520 - INFO - Portfolio construction: 38 longs, 38 shorts (from 38 candidates)
2026-03-01 20:22:46,520 - INFO - Vol targeting: rolling_vol=0.0737, scale=1.0849
2026-03-01 20:22:46,520 - INFO - PnL Net: 0.0011 | Scaled: 0.0012 | Turnover: 20.37% | Vol Scale: 1.08
2026-03-01 20:22:46,520 - INFO - 
============================================================
2026-03-01 20:22:46,520 - INFO - Running paper trading for 2025-06-03
2026-03-01 20:22:46,520 - INFO - ============================================================
2026-03-01 20:22:46,521 - INFO - Portfolio construction: 38 longs, 38 shorts (from 38 candidates)
2026-03-01 20:22:46,521 - INFO - Vol targeting: rolling_vol=0.0730, scale=1.0965
2026-03-01 20:22:46,521 - INFO - PnL Net: -0.0012 | Scaled: -0.0013 | Turnover: 18.45% | Vol Scale: 1.10
2026-03-01 20:22:46,521 - INFO - 
============================================================
2026-03-01 20:22:46,521 - INFO - Running paper trading for 2025-06-04
2026-03-01 20:22:46,521 - INFO - ============================================================
2026-03-01 20:22:46,522 - INFO - Portfolio construction: 38 longs, 38 shorts (from 38 candidates)
2026-03-01 20:22:46,522 - INFO - Vol targeting: rolling_vol=0.0730, scale=1.0962
2026-03-01 20:22:46,523 - INFO - PnL Net: -0.0000 | Scaled: -0.0000 | Turnover: 16.06% | Vol Scale: 1.10
2026-03-01 20:22:46,523 - INFO - 
============================================================
2026-03-01 20:22:46,523 - INFO - Running paper trading for 2025-06-05
2026-03-01 20:22:46,523 - INFO - ============================================================
2026-03-01 20:22:46,524 - INFO - Portfolio construction: 38 longs, 38 shorts (from 38 candidates)
2026-03-01 20:22:46,524 - INFO - Vol targeting: rolling_vol=0.0721, scale=1.1092
2026-03-01 20:22:46,524 - INFO - PnL Net: 0.0008 | Scaled: 0.0009 | Turnover: 17.46% | Vol Scale: 1.11
2026-03-01 20:22:46,524 - INFO - 
============================================================
2026-03-01 20:22:46,524 - INFO - Running paper trading for 2025-06-06
2026-03-01 20:22:46,524 - INFO - ============================================================
2026-03-01 20:22:46,525 - INFO - Portfolio construction: 38 longs, 38 shorts (from 38 candidates)
2026-03-01 20:22:46,525 - INFO - Vol targeting: rolling_vol=0.0728, scale=1.0986
2026-03-01 20:22:46,525 - INFO - PnL Net: -0.0024 | Scaled: -0.0026 | Turnover: 18.52% | Vol Scale: 1.10
2026-03-01 20:22:46,525 - INFO - 
============================================================
2026-03-01 20:22:46,525 - INFO - Running paper trading for 2025-06-09
2026-03-01 20:22:46,525 - INFO - ============================================================
2026-03-01 20:22:46,526 - INFO - Portfolio construction: 38 longs, 13 shorts (from 38 candidates)
2026-03-01 20:22:46,526 - INFO - Vol targeting: rolling_vol=0.0539, scale=1.4831
2026-03-01 20:22:46,526 - INFO - PnL Net: 0.0012 | Scaled: 0.0018 | Turnover: 20.04% | Vol Scale: 1.48
2026-03-01 20:22:46,526 - INFO - 
============================================================
2026-03-01 20:22:46,526 - INFO - Running paper trading for 2025-06-10
2026-03-01 20:22:46,527 - INFO - ============================================================
2026-03-01 20:22:46,527 - INFO - Portfolio construction: 38 longs, 6 shorts (from 38 candidates)
2026-03-01 20:22:46,528 - INFO - Vol targeting: rolling_vol=0.0476, scale=1.6799
2026-03-01 20:22:46,528 - INFO - PnL Net: -0.0013 | Scaled: -0.0021 | Turnover: 17.79% | Vol Scale: 1.68
2026-03-01 20:22:46,528 - INFO - 
============================================================
2026-03-01 20:22:46,528 - INFO - Running paper trading for 2025-06-11
2026-03-01 20:22:46,528 - INFO - ============================================================
2026-03-01 20:22:46,529 - INFO - Portfolio construction: 38 longs, 16 shorts (from 38 candidates)
2026-03-01 20:22:46,529 - INFO - Vol targeting: rolling_vol=0.0477, scale=1.6785
2026-03-01 20:22:46,529 - INFO - PnL Net: 0.0007 | Scaled: 0.0012 | Turnover: 18.77% | Vol Scale: 1.68
2026-03-01 20:22:46,529 - INFO - 
============================================================
2026-03-01 20:22:46,529 - INFO - Running paper trading for 2025-06-12
2026-03-01 20:22:46,529 - INFO - ============================================================
2026-03-01 20:22:46,530 - INFO - Portfolio construction: 38 longs, 38 shorts (from 38 candidates)
2026-03-01 20:22:46,530 - INFO - Vol targeting: rolling_vol=0.0449, scale=1.7832
2026-03-01 20:22:46,530 - INFO - PnL Net: -0.0033 | Scaled: -0.0058 | Turnover: 21.75% | Vol Scale: 1.78
2026-03-01 20:22:46,530 - INFO - 
============================================================
2026-03-01 20:22:46,530 - INFO - Running paper trading for 2025-06-13
2026-03-01 20:22:46,530 - INFO - ============================================================
2026-03-01 20:22:46,531 - INFO - Portfolio construction: 38 longs, 38 shorts (from 38 candidates)
2026-03-01 20:22:46,531 - INFO - Vol targeting: rolling_vol=0.0444, scale=1.8031
2026-03-01 20:22:46,531 - INFO - PnL Net: 0.0011 | Scaled: 0.0020 | Turnover: 18.70% | Vol Scale: 1.80
2026-03-01 20:22:46,531 - INFO - 
============================================================
2026-03-01 20:22:46,531 - INFO - Running paper trading for 2025-06-16
2026-03-01 20:22:46,531 - INFO - ============================================================
2026-03-01 20:22:46,532 - INFO - Portfolio construction: 38 longs, 38 shorts (from 38 candidates)
2026-03-01 20:22:46,532 - INFO - Vol targeting: rolling_vol=0.0455, scale=1.7575
2026-03-01 20:22:46,532 - INFO - PnL Net: -0.0035 | Scaled: -0.0061 | Turnover: 16.38% | Vol Scale: 1.76
2026-03-01 20:22:46,532 - INFO - 
============================================================
2026-03-01 20:22:46,533 - INFO - Running paper trading for 2025-06-17
2026-03-01 20:22:46,533 - INFO - ============================================================
2026-03-01 20:22:46,534 - INFO - Portfolio construction: 38 longs, 38 shorts (from 38 candidates)
2026-03-01 20:22:46,534 - INFO - Vol targeting: rolling_vol=0.0452, scale=1.7708
2026-03-01 20:22:46,534 - INFO - PnL Net: -0.0005 | Scaled: -0.0009 | Turnover: 17.30% | Vol Scale: 1.77
2026-03-01 20:22:46,535 - INFO - 
============================================================
2026-03-01 20:22:46,535 - INFO - Running paper trading for 2025-06-18
2026-03-01 20:22:46,535 - INFO - ============================================================
2026-03-01 20:22:46,535 - INFO - Portfolio construction: 38 longs, 38 shorts (from 38 candidates)
2026-03-01 20:22:46,536 - INFO - Vol targeting: rolling_vol=0.0385, scale=2.0000
2026-03-01 20:22:46,536 - INFO - PnL Net: 0.0001 | Scaled: 0.0003 | Turnover: 18.66% | Vol Scale: 2.00
2026-03-01 20:22:46,536 - INFO - 
============================================================
2026-03-01 20:22:46,536 - INFO - Running paper trading for 2025-06-20
2026-03-01 20:22:46,536 - INFO - ============================================================
2026-03-01 20:22:46,537 - INFO - Portfolio construction: 38 longs, 38 shorts (from 38 candidates)
2026-03-01 20:22:46,537 - INFO - Vol targeting: rolling_vol=0.0397, scale=2.0000
2026-03-01 20:22:46,537 - INFO - PnL Net: 0.0027 | Scaled: 0.0053 | Turnover: 20.03% | Vol Scale: 2.00
2026-03-01 20:22:46,537 - INFO - 
============================================================
2026-03-01 20:22:46,537 - INFO - Running paper trading for 2025-06-23
2026-03-01 20:22:46,537 - INFO - ============================================================
2026-03-01 20:22:46,538 - INFO - Portfolio construction: 38 longs, 38 shorts (from 38 candidates)
2026-03-01 20:22:46,538 - INFO - Vol targeting: rolling_vol=0.0406, scale=1.9706
2026-03-01 20:22:46,539 - INFO - PnL Net: 0.0039 | Scaled: 0.0076 | Turnover: 17.48% | Vol Scale: 1.97
2026-03-01 20:22:46,539 - INFO - 
============================================================
2026-03-01 20:22:46,539 - INFO - Running paper trading for 2025-06-24
2026-03-01 20:22:46,539 - INFO - ============================================================
2026-03-01 20:22:46,540 - INFO - Portfolio construction: 38 longs, 38 shorts (from 38 candidates)
2026-03-01 20:22:46,540 - INFO - Vol targeting: rolling_vol=0.0294, scale=2.0000
2026-03-01 20:22:46,540 - INFO - PnL Net: -0.0021 | Scaled: -0.0042 | Turnover: 18.08% | Vol Scale: 2.00
2026-03-01 20:22:46,540 - INFO - 
============================================================
2026-03-01 20:22:46,540 - INFO - Running paper trading for 2025-06-25
2026-03-01 20:22:46,540 - INFO - ============================================================
2026-03-01 20:22:46,541 - INFO - Portfolio construction: 38 longs, 38 shorts (from 38 candidates)
2026-03-01 20:22:46,542 - INFO - Vol targeting: rolling_vol=0.0295, scale=2.0000
2026-03-01 20:22:46,542 - INFO - PnL Net: 0.0019 | Scaled: 0.0038 | Turnover: 17.90% | Vol Scale: 2.00
2026-03-01 20:22:46,542 - INFO - 
============================================================
2026-03-01 20:22:46,542 - INFO - Running paper trading for 2025-06-26
2026-03-01 20:22:46,542 - INFO - ============================================================
2026-03-01 20:22:46,543 - INFO - Portfolio construction: 38 longs, 38 shorts (from 38 candidates)
2026-03-01 20:22:46,543 - INFO - Vol targeting: rolling_vol=0.0299, scale=2.0000
2026-03-01 20:22:46,543 - INFO - PnL Net: 0.0015 | Scaled: 0.0029 | Turnover: 17.70% | Vol Scale: 2.00
2026-03-01 20:22:46,543 - INFO - 
============================================================
2026-03-01 20:22:46,543 - INFO - Running paper trading for 2025-06-27
2026-03-01 20:22:46,543 - INFO - ============================================================
2026-03-01 20:22:46,544 - INFO - Portfolio construction: 38 longs, 38 shorts (from 38 candidates)
2026-03-01 20:22:46,544 - INFO - Vol targeting: rolling_vol=0.0300, scale=2.0000
2026-03-01 20:22:46,544 - INFO - PnL Net: 0.0013 | Scaled: 0.0025 | Turnover: 16.45% | Vol Scale: 2.00
2026-03-01 20:22:46,544 - INFO - 
============================================================
2026-03-01 20:22:46,544 - INFO - Running paper trading for 2025-06-30
2026-03-01 20:22:46,544 - INFO - ============================================================
2026-03-01 20:22:46,545 - INFO - Portfolio construction: 38 longs, 38 shorts (from 38 candidates)
2026-03-01 20:22:46,545 - INFO - Vol targeting: rolling_vol=0.0351, scale=2.0000
2026-03-01 20:22:46,546 - INFO - PnL Net: 0.0055 | Scaled: 0.0109 | Turnover: 17.10% | Vol Scale: 2.00
2026-03-01 20:22:46,546 - INFO - 
============================================================
2026-03-01 20:22:46,546 - INFO - Running paper trading for 2025-07-01
2026-03-01 20:22:46,546 - INFO - ============================================================
2026-03-01 20:22:46,546 - INFO - Portfolio construction: 38 longs, 38 shorts (from 38 candidates)
2026-03-01 20:22:46,546 - INFO - Vol targeting: rolling_vol=0.0352, scale=2.0000
2026-03-01 20:22:46,546 - INFO - PnL Net: 0.0013 | Scaled: 0.0026 | Turnover: 15.04% | Vol Scale: 2.00
2026-03-01 20:22:46,546 - INFO - 
============================================================
2026-03-01 20:22:46,546 - INFO - Running paper trading for 2025-07-02
2026-03-01 20:22:46,546 - INFO - ============================================================
2026-03-01 20:22:46,547 - INFO - Portfolio construction: 38 longs, 38 shorts (from 38 candidates)
2026-03-01 20:22:46,547 - INFO - Vol targeting: rolling_vol=0.0349, scale=2.0000
2026-03-01 20:22:46,548 - INFO - PnL Net: 0.0014 | Scaled: 0.0028 | Turnover: 12.74% | Vol Scale: 2.00
2026-03-01 20:22:46,548 - INFO - 
============================================================
2026-03-01 20:22:46,548 - INFO - Running paper trading for 2025-07-03
2026-03-01 20:22:46,548 - INFO - ============================================================
2026-03-01 20:22:46,549 - INFO - Portfolio construction: 38 longs, 38 shorts (from 38 candidates)
2026-03-01 20:22:46,549 - INFO - Vol targeting: rolling_vol=0.0371, scale=2.0000
2026-03-01 20:22:46,549 - INFO - PnL Net: -0.0032 | Scaled: -0.0063 | Turnover: 11.38% | Vol Scale: 2.00
2026-03-01 20:22:46,550 - INFO - 
============================================================
2026-03-01 20:22:46,550 - INFO - Running paper trading for 2025-07-07
2026-03-01 20:22:46,550 - INFO - ============================================================
2026-03-01 20:22:46,551 - INFO - Portfolio construction: 38 longs, 38 shorts (from 38 candidates)
2026-03-01 20:22:46,551 - INFO - Vol targeting: rolling_vol=0.0371, scale=2.0000
2026-03-01 20:22:46,551 - INFO - PnL Net: 0.0005 | Scaled: 0.0010 | Turnover: 10.84% | Vol Scale: 2.00
2026-03-01 20:22:46,551 - INFO - 
============================================================
2026-03-01 20:22:46,551 - INFO - Running paper trading for 2025-07-08
2026-03-01 20:22:46,551 - INFO - ============================================================
2026-03-01 20:22:46,551 - INFO - Portfolio construction: 38 longs, 38 shorts (from 38 candidates)
2026-03-01 20:22:46,552 - INFO - Vol targeting: rolling_vol=0.0357, scale=2.0000
2026-03-01 20:22:46,552 - INFO - PnL Net: 0.0009 | Scaled: 0.0019 | Turnover: 18.35% | Vol Scale: 2.00
2026-03-01 20:22:46,552 - INFO - 
============================================================
2026-03-01 20:22:46,552 - INFO - Running paper trading for 2025-07-09
2026-03-01 20:22:46,552 - INFO - ============================================================
2026-03-01 20:22:46,553 - INFO - Portfolio construction: 38 longs, 38 shorts (from 38 candidates)
2026-03-01 20:22:46,553 - INFO - Vol targeting: rolling_vol=0.0364, scale=2.0000
2026-03-01 20:22:46,553 - INFO - PnL Net: 0.0026 | Scaled: 0.0053 | Turnover: 19.70% | Vol Scale: 2.00
2026-03-01 20:22:46,553 - INFO - 
============================================================
2026-03-01 20:22:46,553 - INFO - Running paper trading for 2025-07-10
2026-03-01 20:22:46,553 - INFO - ============================================================
2026-03-01 20:22:46,554 - INFO - Portfolio construction: 38 longs, 12 shorts (from 38 candidates)
2026-03-01 20:22:46,555 - INFO - Vol targeting: rolling_vol=0.0379, scale=2.0000
2026-03-01 20:22:46,555 - INFO - PnL Net: -0.0029 | Scaled: -0.0058 | Turnover: 19.47% | Vol Scale: 2.00
2026-03-01 20:22:46,555 - INFO - 
============================================================
2026-03-01 20:22:46,555 - INFO - Running paper trading for 2025-07-11
2026-03-01 20:22:46,555 - INFO - ============================================================
2026-03-01 20:22:46,556 - INFO - Portfolio construction: 38 longs, 26 shorts (from 38 candidates)
2026-03-01 20:22:46,556 - INFO - Vol targeting: rolling_vol=0.0382, scale=2.0000
2026-03-01 20:22:46,556 - INFO - PnL Net: -0.0008 | Scaled: -0.0016 | Turnover: 19.00% | Vol Scale: 2.00
2026-03-01 20:22:46,556 - INFO - 
============================================================
2026-03-01 20:22:46,556 - INFO - Running paper trading for 2025-07-14
2026-03-01 20:22:46,556 - INFO - ============================================================
2026-03-01 20:22:46,557 - INFO - Portfolio construction: 38 longs, 38 shorts (from 38 candidates)
2026-03-01 20:22:46,557 - INFO - Vol targeting: rolling_vol=0.0411, scale=1.9456
2026-03-01 20:22:46,557 - INFO - PnL Net: -0.0053 | Scaled: -0.0103 | Turnover: 18.01% | Vol Scale: 1.95
2026-03-01 20:22:46,557 - INFO - 
============================================================
2026-03-01 20:22:46,557 - INFO - Running paper trading for 2025-07-15
2026-03-01 20:22:46,557 - INFO - ============================================================
2026-03-01 20:22:46,558 - INFO - Portfolio construction: 38 longs, 24 shorts (from 38 candidates)
2026-03-01 20:22:46,558 - INFO - Vol targeting: rolling_vol=0.0411, scale=1.9452
2026-03-01 20:22:46,559 - INFO - PnL Net: 0.0011 | Scaled: 0.0022 | Turnover: 17.80% | Vol Scale: 1.95
2026-03-01 20:22:46,559 - INFO - 
============================================================
2026-03-01 20:22:46,559 - INFO - Running paper trading for 2025-07-16
2026-03-01 20:22:46,559 - INFO - ============================================================
2026-03-01 20:22:46,560 - INFO - Portfolio construction: 38 longs, 4 shorts (from 38 candidates)
2026-03-01 20:22:46,560 - INFO - Vol targeting: rolling_vol=0.0400, scale=1.9977
2026-03-01 20:22:46,560 - INFO - PnL Net: 0.0035 | Scaled: 0.0070 | Turnover: 18.83% | Vol Scale: 2.00
2026-03-01 20:22:46,560 - INFO - 
============================================================
2026-03-01 20:22:46,560 - INFO - Running paper trading for 2025-07-17
2026-03-01 20:22:46,560 - INFO - ============================================================
2026-03-01 20:22:46,561 - INFO - Portfolio construction: 38 longs, 38 shorts (from 38 candidates)
2026-03-01 20:22:46,562 - INFO - Vol targeting: rolling_vol=0.0400, scale=2.0000
2026-03-01 20:22:46,562 - INFO - PnL Net: -0.0003 | Scaled: -0.0006 | Turnover: 20.65% | Vol Scale: 2.00
2026-03-01 20:22:46,562 - INFO - 
============================================================
2026-03-01 20:22:46,562 - INFO - Running paper trading for 2025-07-18
2026-03-01 20:22:46,562 - INFO - ============================================================
2026-03-01 20:22:46,563 - INFO - Portfolio construction: 38 longs, 38 shorts (from 38 candidates)
2026-03-01 20:22:46,563 - INFO - Vol targeting: rolling_vol=0.0407, scale=1.9646
2026-03-01 20:22:46,563 - INFO - PnL Net: -0.0016 | Scaled: -0.0032 | Turnover: 22.59% | Vol Scale: 1.96
2026-03-01 20:22:46,563 - INFO - 
============================================================
2026-03-01 20:22:46,563 - INFO - Running paper trading for 2025-07-21
2026-03-01 20:22:46,563 - INFO - ============================================================
2026-03-01 20:22:46,564 - INFO - Portfolio construction: 38 longs, 38 shorts (from 38 candidates)
2026-03-01 20:22:46,564 - INFO - Vol targeting: rolling_vol=0.0456, scale=1.7529
2026-03-01 20:22:46,564 - INFO - PnL Net: 0.0068 | Scaled: 0.0120 | Turnover: 18.81% | Vol Scale: 1.75
2026-03-01 20:22:46,564 - INFO - 
============================================================
2026-03-01 20:22:46,564 - INFO - Running paper trading for 2025-07-22
2026-03-01 20:22:46,564 - INFO - ============================================================
2026-03-01 20:22:46,565 - INFO - Portfolio construction: 38 longs, 38 shorts (from 38 candidates)
2026-03-01 20:22:46,565 - INFO - Vol targeting: rolling_vol=0.0446, scale=1.7927
2026-03-01 20:22:46,565 - INFO - PnL Net: 0.0023 | Scaled: 0.0041 | Turnover: 18.89% | Vol Scale: 1.79
2026-03-01 20:22:46,565 - INFO - 
============================================================
2026-03-01 20:22:46,565 - INFO - Running paper trading for 2025-07-23
2026-03-01 20:22:46,565 - INFO - ============================================================
2026-03-01 20:22:46,566 - INFO - Portfolio construction: 38 longs, 38 shorts (from 38 candidates)
2026-03-01 20:22:46,567 - INFO - Vol targeting: rolling_vol=0.0451, scale=1.7756
2026-03-01 20:22:46,567 - INFO - PnL Net: -0.0026 | Scaled: -0.0046 | Turnover: 15.52% | Vol Scale: 1.78
2026-03-01 20:22:46,567 - INFO - 
============================================================
2026-03-01 20:22:46,567 - INFO - Running paper trading for 2025-07-24
2026-03-01 20:22:46,567 - INFO - ============================================================
2026-03-01 20:22:46,568 - INFO - Portfolio construction: 38 longs, 38 shorts (from 38 candidates)
2026-03-01 20:22:46,568 - INFO - Vol targeting: rolling_vol=0.0449, scale=1.7834
2026-03-01 20:22:46,568 - INFO - PnL Net: 0.0011 | Scaled: 0.0019 | Turnover: 15.70% | Vol Scale: 1.78
2026-03-01 20:22:46,568 - INFO - 
============================================================
2026-03-01 20:22:46,568 - INFO - Running paper trading for 2025-07-25
2026-03-01 20:22:46,568 - INFO - ============================================================
2026-03-01 20:22:46,569 - INFO - Portfolio construction: 38 longs, 38 shorts (from 38 candidates)
2026-03-01 20:22:46,569 - INFO - Vol targeting: rolling_vol=0.0465, scale=1.7198
2026-03-01 20:22:46,569 - INFO - PnL Net: -0.0031 | Scaled: -0.0052 | Turnover: 16.41% | Vol Scale: 1.72
2026-03-01 20:22:46,569 - INFO - 
============================================================
2026-03-01 20:22:46,569 - INFO - Running paper trading for 2025-07-28
2026-03-01 20:22:46,569 - INFO - ============================================================
2026-03-01 20:22:46,570 - INFO - Portfolio construction: 38 longs, 38 shorts (from 38 candidates)
2026-03-01 20:22:46,570 - INFO - Vol targeting: rolling_vol=0.0474, scale=1.6862
2026-03-01 20:22:46,571 - INFO - PnL Net: -0.0025 | Scaled: -0.0041 | Turnover: 18.54% | Vol Scale: 1.69
2026-03-01 20:22:46,571 - INFO - 
============================================================
2026-03-01 20:22:46,571 - INFO - Running paper trading for 2025-07-29
2026-03-01 20:22:46,571 - INFO - ============================================================
2026-03-01 20:22:46,572 - INFO - Portfolio construction: 38 longs, 38 shorts (from 38 candidates)
2026-03-01 20:22:46,572 - INFO - Vol targeting: rolling_vol=0.0445, scale=1.7974
2026-03-01 20:22:46,572 - INFO - PnL Net: -0.0028 | Scaled: -0.0050 | Turnover: 17.07% | Vol Scale: 1.80
2026-03-01 20:22:46,572 - INFO - 
============================================================
2026-03-01 20:22:46,572 - INFO - Running paper trading for 2025-07-30
2026-03-01 20:22:46,572 - INFO - ============================================================
2026-03-01 20:22:46,573 - INFO - Portfolio construction: 38 longs, 38 shorts (from 38 candidates)
2026-03-01 20:22:46,573 - INFO - Vol targeting: rolling_vol=0.0463, scale=1.7283
2026-03-01 20:22:46,574 - INFO - PnL Net: -0.0042 | Scaled: -0.0073 | Turnover: 18.97% | Vol Scale: 1.73
2026-03-01 20:22:46,574 - INFO - 
============================================================
2026-03-01 20:22:46,574 - INFO - Running paper trading for 2025-07-31
2026-03-01 20:22:46,574 - INFO - ============================================================
2026-03-01 20:22:46,575 - INFO - Portfolio construction: 38 longs, 38 shorts (from 38 candidates)
2026-03-01 20:22:46,575 - INFO - Vol targeting: rolling_vol=0.0470, scale=1.7007
2026-03-01 20:22:46,575 - INFO - PnL Net: -0.0036 | Scaled: -0.0062 | Turnover: 19.57% | Vol Scale: 1.70
2026-03-01 20:22:46,575 - INFO - 
============================================================
2026-03-01 20:22:46,575 - INFO - Running paper trading for 2025-08-01
2026-03-01 20:22:46,575 - INFO - ============================================================
2026-03-01 20:22:46,576 - INFO - Portfolio construction: 38 longs, 6 shorts (from 38 candidates)
2026-03-01 20:22:46,576 - INFO - Vol targeting: rolling_vol=0.0468, scale=1.7092
2026-03-01 20:22:46,576 - INFO - PnL Net: 0.0016 | Scaled: 0.0028 | Turnover: 18.75% | Vol Scale: 1.71
2026-03-01 20:22:46,576 - INFO - 
============================================================
2026-03-01 20:22:46,576 - INFO - Running paper trading for 2025-08-04
2026-03-01 20:22:46,576 - INFO - ============================================================
2026-03-01 20:22:46,577 - INFO - Portfolio construction: 38 longs, 5 shorts (from 38 candidates)
2026-03-01 20:22:46,577 - INFO - Vol targeting: rolling_vol=0.0486, scale=1.6467
2026-03-01 20:22:46,577 - INFO - PnL Net: 0.0034 | Scaled: 0.0056 | Turnover: 20.03% | Vol Scale: 1.65
2026-03-01 20:22:46,578 - INFO - 
============================================================
2026-03-01 20:22:46,578 - INFO - Running paper trading for 2025-08-05
2026-03-01 20:22:46,578 - INFO - ============================================================
2026-03-01 20:22:46,578 - INFO - Portfolio construction: 38 longs, 37 shorts (from 38 candidates)
2026-03-01 20:22:46,579 - INFO - Vol targeting: rolling_vol=0.0485, scale=1.6507
2026-03-01 20:22:46,579 - INFO - PnL Net: -0.0013 | Scaled: -0.0021 | Turnover: 19.43% | Vol Scale: 1.65
2026-03-01 20:22:46,579 - INFO - 
============================================================
2026-03-01 20:22:46,579 - INFO - Running paper trading for 2025-08-06
2026-03-01 20:22:46,579 - INFO - ============================================================
2026-03-01 20:22:46,580 - INFO - Portfolio construction: 38 longs, 38 shorts (from 38 candidates)
2026-03-01 20:22:46,580 - INFO - Vol targeting: rolling_vol=0.0472, scale=1.6961
2026-03-01 20:22:46,580 - INFO - PnL Net: -0.0009 | Scaled: -0.0016 | Turnover: 18.13% | Vol Scale: 1.70
2026-03-01 20:22:46,580 - INFO - 
============================================================
2026-03-01 20:22:46,580 - INFO - Running paper trading for 2025-08-07
2026-03-01 20:22:46,580 - INFO - ============================================================
2026-03-01 20:22:46,581 - INFO - Portfolio construction: 38 longs, 7 shorts (from 38 candidates)
2026-03-01 20:22:46,582 - INFO - Vol targeting: rolling_vol=0.0466, scale=1.7164
2026-03-01 20:22:46,582 - INFO - PnL Net: 0.0008 | Scaled: 0.0013 | Turnover: 20.31% | Vol Scale: 1.72
2026-03-01 20:22:46,582 - INFO - 
============================================================
2026-03-01 20:22:46,582 - INFO - Running paper trading for 2025-08-08
2026-03-01 20:22:46,582 - INFO - ============================================================
2026-03-01 20:22:46,583 - INFO - Portfolio construction: 38 longs, 8 shorts (from 38 candidates)
2026-03-01 20:22:46,583 - INFO - Vol targeting: rolling_vol=0.0467, scale=1.7135
2026-03-01 20:22:46,583 - WARNING - KS3 TRIGGERED: 60-day Sharpe -0.0651 < 0
2026-03-01 20:22:46,583 - INFO - PnL Net: -0.0013 | Scaled: -0.0022 | Turnover: 18.30% | Vol Scale: 1.71
2026-03-01 20:22:46,583 - INFO - 
============================================================
2026-03-01 20:22:46,583 - INFO - Running paper trading for 2025-08-11
2026-03-01 20:22:46,583 - INFO - ============================================================
2026-03-01 20:22:46,584 - INFO - Portfolio construction: 38 longs, 38 shorts (from 38 candidates)
2026-03-01 20:22:46,585 - INFO - Vol targeting: rolling_vol=0.0479, scale=1.6690
2026-03-01 20:22:46,585 - WARNING - KS3 TRIGGERED: 60-day Sharpe -0.0144 < 0
2026-03-01 20:22:46,585 - INFO - PnL Net: 0.0058 | Scaled: 0.0096 | Turnover: 15.45% | Vol Scale: 1.67
2026-03-01 20:22:46,585 - INFO - 
============================================================
2026-03-01 20:22:46,585 - INFO - Running paper trading for 2025-08-12
2026-03-01 20:22:46,585 - INFO - ============================================================
2026-03-01 20:22:46,586 - INFO - Portfolio construction: 38 longs, 38 shorts (from 38 candidates)
2026-03-01 20:22:46,586 - INFO - Vol targeting: rolling_vol=0.0574, scale=1.3933
2026-03-01 20:22:46,586 - INFO - PnL Net: 0.0093 | Scaled: 0.0129 | Turnover: 15.64% | Vol Scale: 1.39
2026-03-01 20:22:46,586 - INFO - 
============================================================
2026-03-01 20:22:46,586 - INFO - Running paper trading for 2025-08-13
2026-03-01 20:22:46,586 - INFO - ============================================================
2026-03-01 20:22:46,587 - INFO - Portfolio construction: 38 longs, 38 shorts (from 38 candidates)
2026-03-01 20:22:46,587 - INFO - Vol targeting: rolling_vol=0.0564, scale=1.4186
2026-03-01 20:22:46,587 - INFO - PnL Net: 0.0002 | Scaled: 0.0003 | Turnover: 20.87% | Vol Scale: 1.42
2026-03-01 20:22:46,587 - INFO - 
============================================================
2026-03-01 20:22:46,587 - INFO - Running paper trading for 2025-08-14
2026-03-01 20:22:46,587 - INFO - ============================================================
2026-03-01 20:22:46,588 - INFO - Portfolio construction: 38 longs, 38 shorts (from 38 candidates)
2026-03-01 20:22:46,589 - INFO - Vol targeting: rolling_vol=0.0564, scale=1.4190
2026-03-01 20:22:46,589 - INFO - PnL Net: 0.0010 | Scaled: 0.0014 | Turnover: 18.05% | Vol Scale: 1.42
2026-03-01 20:22:46,589 - INFO - 
============================================================
2026-03-01 20:22:46,589 - INFO - Running paper trading for 2025-08-15
2026-03-01 20:22:46,589 - INFO - ============================================================
2026-03-01 20:22:46,590 - INFO - Portfolio construction: 38 longs, 38 shorts (from 38 candidates)
2026-03-01 20:22:46,590 - INFO - Vol targeting: rolling_vol=0.0559, scale=1.4310
2026-03-01 20:22:46,590 - INFO - PnL Net: 0.0002 | Scaled: 0.0003 | Turnover: 19.70% | Vol Scale: 1.43
2026-03-01 20:22:46,590 - INFO - 
============================================================
2026-03-01 20:22:46,590 - INFO - Running paper trading for 2025-08-18
2026-03-01 20:22:46,590 - INFO - ============================================================
2026-03-01 20:22:46,590 - INFO - Portfolio construction: 38 longs, 38 shorts (from 38 candidates)
2026-03-01 20:22:46,591 - INFO - Vol targeting: rolling_vol=0.0515, scale=1.5525
2026-03-01 20:22:46,591 - INFO - PnL Net: 0.0024 | Scaled: 0.0038 | Turnover: 18.09% | Vol Scale: 1.55
2026-03-01 20:22:46,591 - INFO - 
============================================================
2026-03-01 20:22:46,591 - INFO - Running paper trading for 2025-08-19
2026-03-01 20:22:46,591 - INFO - ============================================================
2026-03-01 20:22:46,592 - INFO - Portfolio construction: 38 longs, 38 shorts (from 38 candidates)
2026-03-01 20:22:46,592 - INFO - Vol targeting: rolling_vol=0.0516, scale=1.5515
2026-03-01 20:22:46,592 - INFO - PnL Net: -0.0020 | Scaled: -0.0031 | Turnover: 16.60% | Vol Scale: 1.55
2026-03-01 20:22:46,592 - INFO - 
============================================================
2026-03-01 20:22:46,592 - INFO - Running paper trading for 2025-08-20
2026-03-01 20:22:46,592 - INFO - ============================================================
2026-03-01 20:22:46,593 - INFO - Portfolio construction: 38 longs, 38 shorts (from 38 candidates)
2026-03-01 20:22:46,593 - INFO - Vol targeting: rolling_vol=0.0510, scale=1.5694
2026-03-01 20:22:46,593 - INFO - PnL Net: -0.0015 | Scaled: -0.0024 | Turnover: 15.21% | Vol Scale: 1.57
2026-03-01 20:22:46,593 - INFO - 
============================================================
2026-03-01 20:22:46,593 - INFO - Running paper trading for 2025-08-21
2026-03-01 20:22:46,593 - INFO - ============================================================
2026-03-01 20:22:46,594 - INFO - Portfolio construction: 38 longs, 38 shorts (from 38 candidates)
2026-03-01 20:22:46,595 - INFO - Vol targeting: rolling_vol=0.0594, scale=1.3476
2026-03-01 20:22:46,595 - INFO - PnL Net: 0.0089 | Scaled: 0.0120 | Turnover: 16.82% | Vol Scale: 1.35
2026-03-01 20:22:46,595 - INFO - 
============================================================
2026-03-01 20:22:46,595 - INFO - Running paper trading for 2025-08-22
2026-03-01 20:22:46,595 - INFO - ============================================================
2026-03-01 20:22:46,596 - INFO - Portfolio construction: 38 longs, 38 shorts (from 38 candidates)
2026-03-01 20:22:46,596 - INFO - Vol targeting: rolling_vol=0.0605, scale=1.3221
2026-03-01 20:22:46,596 - INFO - PnL Net: -0.0044 | Scaled: -0.0058 | Turnover: 15.55% | Vol Scale: 1.32
2026-03-01 20:22:46,597 - INFO - 
============================================================
2026-03-01 20:22:46,597 - INFO - Running paper trading for 2025-08-25
2026-03-01 20:22:46,597 - INFO - ============================================================
2026-03-01 20:22:46,597 - INFO - Portfolio construction: 38 longs, 38 shorts (from 38 candidates)
2026-03-01 20:22:46,597 - INFO - Vol targeting: rolling_vol=0.0596, scale=1.3428
2026-03-01 20:22:46,597 - INFO - PnL Net: 0.0005 | Scaled: 0.0007 | Turnover: 15.86% | Vol Scale: 1.34
2026-03-01 20:22:46,597 - INFO - 
============================================================
2026-03-01 20:22:46,597 - INFO - Running paper trading for 2025-08-26
2026-03-01 20:22:46,597 - INFO - ============================================================
2026-03-01 20:22:46,598 - INFO - Portfolio construction: 38 longs, 38 shorts (from 38 candidates)
2026-03-01 20:22:46,598 - INFO - Vol targeting: rolling_vol=0.0583, scale=1.3725
2026-03-01 20:22:46,599 - INFO - PnL Net: 0.0005 | Scaled: 0.0007 | Turnover: 17.06% | Vol Scale: 1.37
2026-03-01 20:22:46,599 - INFO - 
============================================================
2026-03-01 20:22:46,599 - INFO - Running paper trading for 2025-08-27
2026-03-01 20:22:46,599 - INFO - ============================================================
2026-03-01 20:22:46,600 - INFO - Portfolio construction: 38 longs, 38 shorts (from 38 candidates)
2026-03-01 20:22:46,600 - INFO - Vol targeting: rolling_vol=0.0555, scale=1.4411
2026-03-01 20:22:46,600 - INFO - PnL Net: -0.0002 | Scaled: -0.0002 | Turnover: 17.80% | Vol Scale: 1.44
2026-03-01 20:22:46,600 - INFO - 
============================================================
2026-03-01 20:22:46,600 - INFO - Running paper trading for 2025-08-28
2026-03-01 20:22:46,600 - INFO - ============================================================
2026-03-01 20:22:46,601 - INFO - Portfolio construction: 38 longs, 38 shorts (from 38 candidates)
2026-03-01 20:22:46,602 - INFO - Vol targeting: rolling_vol=0.0530, scale=1.5091
2026-03-01 20:22:46,602 - INFO - PnL Net: 0.0003 | Scaled: 0.0004 | Turnover: 19.25% | Vol Scale: 1.51
2026-03-01 20:22:46,602 - INFO - 
============================================================
2026-03-01 20:22:46,602 - INFO - Running paper trading for 2025-08-29
2026-03-01 20:22:46,602 - INFO - ============================================================
2026-03-01 20:22:46,603 - INFO - Portfolio construction: 38 longs, 38 shorts (from 38 candidates)
2026-03-01 20:22:46,603 - INFO - Vol targeting: rolling_vol=0.0539, scale=1.4841
2026-03-01 20:22:46,603 - INFO - PnL Net: -0.0017 | Scaled: -0.0026 | Turnover: 15.06% | Vol Scale: 1.48
2026-03-01 20:22:46,603 - INFO - 
============================================================
2026-03-01 20:22:46,603 - INFO - Running paper trading for 2025-09-02
2026-03-01 20:22:46,603 - INFO - ============================================================
2026-03-01 20:22:46,604 - INFO - Portfolio construction: 38 longs, 38 shorts (from 38 candidates)
2026-03-01 20:22:46,604 - INFO - Vol targeting: rolling_vol=0.0542, scale=1.4760
2026-03-01 20:22:46,604 - INFO - PnL Net: -0.0021 | Scaled: -0.0031 | Turnover: 18.16% | Vol Scale: 1.48
2026-03-01 20:22:46,604 - INFO - 
============================================================
2026-03-01 20:22:46,604 - INFO - Running paper trading for 2025-09-03
2026-03-01 20:22:46,604 - INFO - ============================================================
2026-03-01 20:22:46,605 - INFO - Portfolio construction: 38 longs, 38 shorts (from 38 candidates)
2026-03-01 20:22:46,606 - INFO - Vol targeting: rolling_vol=0.0537, scale=1.4886
2026-03-01 20:22:46,606 - INFO - PnL Net: 0.0013 | Scaled: 0.0020 | Turnover: 17.78% | Vol Scale: 1.49
2026-03-01 20:22:46,606 - INFO - 
============================================================
2026-03-01 20:22:46,606 - INFO - Running paper trading for 2025-09-04
2026-03-01 20:22:46,606 - INFO - ============================================================
2026-03-01 20:22:46,607 - INFO - Portfolio construction: 38 longs, 38 shorts (from 38 candidates)
2026-03-01 20:22:46,607 - INFO - Vol targeting: rolling_vol=0.0534, scale=1.4994
2026-03-01 20:22:46,607 - INFO - PnL Net: 0.0012 | Scaled: 0.0019 | Turnover: 17.33% | Vol Scale: 1.50
2026-03-01 20:22:46,607 - INFO - 
============================================================
2026-03-01 20:22:46,607 - INFO - Running paper trading for 2025-09-05
2026-03-01 20:22:46,607 - INFO - ============================================================
2026-03-01 20:22:46,608 - INFO - Portfolio construction: 38 longs, 38 shorts (from 38 candidates)
2026-03-01 20:22:46,608 - INFO - Vol targeting: rolling_vol=0.0539, scale=1.4842
2026-03-01 20:22:46,608 - INFO - PnL Net: -0.0013 | Scaled: -0.0019 | Turnover: 20.00% | Vol Scale: 1.48
2026-03-01 20:22:46,608 - INFO - 
============================================================
2026-03-01 20:22:46,608 - INFO - Running paper trading for 2025-09-08
2026-03-01 20:22:46,608 - INFO - ============================================================
2026-03-01 20:22:46,609 - INFO - Portfolio construction: 38 longs, 38 shorts (from 38 candidates)
2026-03-01 20:22:46,609 - INFO - Vol targeting: rolling_vol=0.0535, scale=1.4949
2026-03-01 20:22:46,609 - INFO - PnL Net: -0.0003 | Scaled: -0.0004 | Turnover: 16.66% | Vol Scale: 1.49
2026-03-01 20:22:46,609 - INFO - 
============================================================
2026-03-01 20:22:46,609 - INFO - Running paper trading for 2025-09-09
2026-03-01 20:22:46,609 - INFO - ============================================================
2026-03-01 20:22:46,610 - INFO - Portfolio construction: 38 longs, 38 shorts (from 38 candidates)
2026-03-01 20:22:46,610 - INFO - Vol targeting: rolling_vol=0.0534, scale=1.4986
2026-03-01 20:22:46,610 - INFO - PnL Net: -0.0044 | Scaled: -0.0065 | Turnover: 17.19% | Vol Scale: 1.50
2026-03-01 20:22:46,610 - INFO - 
============================================================
2026-03-01 20:22:46,610 - INFO - Running paper trading for 2025-09-10
2026-03-01 20:22:46,610 - INFO - ============================================================
2026-03-01 20:22:46,612 - INFO - Portfolio construction: 38 longs, 38 shorts (from 38 candidates)
2026-03-01 20:22:46,613 - INFO - Vol targeting: rolling_vol=0.0448, scale=1.7844
2026-03-01 20:22:46,613 - INFO - PnL Net: 0.0040 | Scaled: 0.0072 | Turnover: 16.96% | Vol Scale: 1.78
2026-03-01 20:22:46,613 - INFO - 
============================================================
2026-03-01 20:22:46,613 - INFO - Running paper trading for 2025-09-11
2026-03-01 20:22:46,613 - INFO - ============================================================
2026-03-01 20:22:46,614 - INFO - Portfolio construction: 38 longs, 38 shorts (from 38 candidates)
2026-03-01 20:22:46,614 - INFO - Vol targeting: rolling_vol=0.0472, scale=1.6944
2026-03-01 20:22:46,614 - INFO - PnL Net: -0.0041 | Scaled: -0.0070 | Turnover: 17.39% | Vol Scale: 1.69
2026-03-01 20:22:46,614 - INFO - 
============================================================
2026-03-01 20:22:46,614 - INFO - Running paper trading for 2025-09-12
2026-03-01 20:22:46,614 - INFO - ============================================================
2026-03-01 20:22:46,615 - INFO - Portfolio construction: 38 longs, 38 shorts (from 38 candidates)
2026-03-01 20:22:46,615 - INFO - Vol targeting: rolling_vol=0.0475, scale=1.6830
2026-03-01 20:22:46,615 - INFO - PnL Net: -0.0021 | Scaled: -0.0035 | Turnover: 15.81% | Vol Scale: 1.68
2026-03-01 20:22:46,615 - INFO - 
============================================================
2026-03-01 20:22:46,615 - INFO - Running paper trading for 2025-09-15
2026-03-01 20:22:46,615 - INFO - ============================================================
2026-03-01 20:22:46,616 - INFO - Portfolio construction: 38 longs, 38 shorts (from 38 candidates)
2026-03-01 20:22:46,617 - INFO - Vol targeting: rolling_vol=0.0477, scale=1.6773
2026-03-01 20:22:46,617 - INFO - PnL Net: 0.0010 | Scaled: 0.0016 | Turnover: 18.17% | Vol Scale: 1.68
2026-03-01 20:22:46,617 - INFO - 
============================================================
2026-03-01 20:22:46,617 - INFO - Running paper trading for 2025-09-16
2026-03-01 20:22:46,617 - INFO - ============================================================
2026-03-01 20:22:46,618 - INFO - Portfolio construction: 38 longs, 38 shorts (from 38 candidates)
2026-03-01 20:22:46,618 - INFO - Vol targeting: rolling_vol=0.0469, scale=1.7072
2026-03-01 20:22:46,618 - INFO - PnL Net: 0.0006 | Scaled: 0.0011 | Turnover: 16.81% | Vol Scale: 1.71
2026-03-01 20:22:46,618 - INFO - 
============================================================
2026-03-01 20:22:46,618 - INFO - Running paper trading for 2025-09-17
2026-03-01 20:22:46,618 - INFO - ============================================================
2026-03-01 20:22:46,619 - INFO - Portfolio construction: 38 longs, 38 shorts (from 38 candidates)
2026-03-01 20:22:46,619 - INFO - Vol targeting: rolling_vol=0.0483, scale=1.6553
2026-03-01 20:22:46,619 - INFO - PnL Net: 0.0037 | Scaled: 0.0061 | Turnover: 15.39% | Vol Scale: 1.66
2026-03-01 20:22:46,619 - INFO - 
============================================================
2026-03-01 20:22:46,619 - INFO - Running paper trading for 2025-09-18
2026-03-01 20:22:46,619 - INFO - ============================================================
2026-03-01 20:22:46,620 - INFO - Portfolio construction: 38 longs, 38 shorts (from 38 candidates)
2026-03-01 20:22:46,620 - INFO - Vol targeting: rolling_vol=0.0490, scale=1.6323
2026-03-01 20:22:46,621 - INFO - PnL Net: -0.0028 | Scaled: -0.0045 | Turnover: 13.88% | Vol Scale: 1.63
2026-03-01 20:22:46,621 - INFO - 
============================================================
2026-03-01 20:22:46,621 - INFO - Running paper trading for 2025-09-19
2026-03-01 20:22:46,621 - INFO - ============================================================
2026-03-01 20:22:46,622 - INFO - Portfolio construction: 38 longs, 38 shorts (from 38 candidates)
2026-03-01 20:22:46,622 - INFO - Vol targeting: rolling_vol=0.0368, scale=2.0000
2026-03-01 20:22:46,622 - INFO - PnL Net: -0.0018 | Scaled: -0.0037 | Turnover: 14.15% | Vol Scale: 2.00
2026-03-01 20:22:46,623 - INFO - 
============================================================
2026-03-01 20:22:46,623 - INFO - Running paper trading for 2025-09-22
2026-03-01 20:22:46,623 - INFO - ============================================================
2026-03-01 20:22:46,624 - INFO - Portfolio construction: 38 longs, 38 shorts (from 38 candidates)
2026-03-01 20:22:46,624 - INFO - Vol targeting: rolling_vol=0.0347, scale=2.0000
2026-03-01 20:22:46,624 - INFO - PnL Net: -0.0022 | Scaled: -0.0044 | Turnover: 12.25% | Vol Scale: 2.00
2026-03-01 20:22:46,624 - INFO - 
============================================================
2026-03-01 20:22:46,624 - INFO - Running paper trading for 2025-09-23
2026-03-01 20:22:46,624 - INFO - ============================================================
2026-03-01 20:22:46,625 - INFO - Portfolio construction: 38 longs, 38 shorts (from 38 candidates)
2026-03-01 20:22:46,625 - INFO - Vol targeting: rolling_vol=0.0347, scale=2.0000
2026-03-01 20:22:46,625 - INFO - PnL Net: 0.0006 | Scaled: 0.0012 | Turnover: 11.55% | Vol Scale: 2.00
2026-03-01 20:22:46,625 - INFO - 
============================================================
2026-03-01 20:22:46,625 - INFO - Running paper trading for 2025-09-24
2026-03-01 20:22:46,625 - INFO - ============================================================
2026-03-01 20:22:46,626 - INFO - Portfolio construction: 38 longs, 38 shorts (from 38 candidates)
2026-03-01 20:22:46,627 - INFO - Vol targeting: rolling_vol=0.0370, scale=2.0000
2026-03-01 20:22:46,627 - WARNING - KS3 TRIGGERED: 60-day Sharpe -0.2339 < 0
2026-03-01 20:22:46,627 - INFO - PnL Net: -0.0044 | Scaled: -0.0087 | Turnover: 10.82% | Vol Scale: 2.00
2026-03-01 20:22:46,627 - INFO - 
============================================================
2026-03-01 20:22:46,627 - INFO - Running paper trading for 2025-09-25
2026-03-01 20:22:46,627 - INFO - ============================================================
2026-03-01 20:22:46,628 - INFO - Portfolio construction: 38 longs, 38 shorts (from 38 candidates)
2026-03-01 20:22:46,628 - INFO - Vol targeting: rolling_vol=0.0394, scale=2.0000
2026-03-01 20:22:46,628 - WARNING - KS3 TRIGGERED: 60-day Sharpe -0.0747 < 0
2026-03-01 20:22:46,629 - INFO - PnL Net: 0.0031 | Scaled: 0.0063 | Turnover: 11.32% | Vol Scale: 2.00
2026-03-01 20:22:46,629 - INFO - 
============================================================
2026-03-01 20:22:46,629 - INFO - Running paper trading for 2025-09-26
2026-03-01 20:22:46,629 - INFO - ============================================================
2026-03-01 20:22:46,629 - INFO - Portfolio construction: 38 longs, 38 shorts (from 38 candidates)
2026-03-01 20:22:46,630 - INFO - Vol targeting: rolling_vol=0.0396, scale=2.0000
2026-03-01 20:22:46,630 - WARNING - KS3 TRIGGERED: 60-day Sharpe -0.1133 < 0
2026-03-01 20:22:46,630 - INFO - PnL Net: 0.0009 | Scaled: 0.0019 | Turnover: 10.79% | Vol Scale: 2.00
2026-03-01 20:22:46,630 - INFO - 
============================================================
2026-03-01 20:22:46,630 - INFO - Running paper trading for 2025-09-29
2026-03-01 20:22:46,630 - INFO - ============================================================
2026-03-01 20:22:46,631 - INFO - Portfolio construction: 38 longs, 38 shorts (from 38 candidates)
2026-03-01 20:22:46,631 - INFO - Vol targeting: rolling_vol=0.0395, scale=2.0000
2026-03-01 20:22:46,631 - INFO - PnL Net: 0.0006 | Scaled: 0.0013 | Turnover: 18.78% | Vol Scale: 2.00
2026-03-01 20:22:46,631 - INFO - 
============================================================
2026-03-01 20:22:46,631 - INFO - Running paper trading for 2025-09-30
2026-03-01 20:22:46,631 - INFO - ============================================================
2026-03-01 20:22:46,632 - INFO - Portfolio construction: 38 longs, 38 shorts (from 38 candidates)
2026-03-01 20:22:46,632 - INFO - Vol targeting: rolling_vol=0.0394, scale=2.0000
2026-03-01 20:22:46,632 - INFO - PnL Net: 0.0013 | Scaled: 0.0026 | Turnover: 16.32% | Vol Scale: 2.00
2026-03-01 20:22:46,632 - INFO - 
============================================================
2026-03-01 20:22:46,632 - INFO - Running paper trading for 2025-10-01
2026-03-01 20:22:46,632 - INFO - ============================================================
2026-03-01 20:22:46,633 - INFO - Portfolio construction: 38 longs, 38 shorts (from 38 candidates)
2026-03-01 20:22:46,633 - INFO - Vol targeting: rolling_vol=0.0406, scale=1.9724
2026-03-01 20:22:46,633 - INFO - PnL Net: 0.0029 | Scaled: 0.0057 | Turnover: 13.62% | Vol Scale: 1.97
2026-03-01 20:22:46,633 - INFO - 
============================================================
2026-03-01 20:22:46,633 - INFO - Running paper trading for 2025-10-02
2026-03-01 20:22:46,633 - INFO - ============================================================
2026-03-01 20:22:46,634 - INFO - Portfolio construction: 38 longs, 38 shorts (from 38 candidates)
2026-03-01 20:22:46,635 - INFO - Vol targeting: rolling_vol=0.0415, scale=1.9257
2026-03-01 20:22:46,635 - INFO - PnL Net: 0.0028 | Scaled: 0.0053 | Turnover: 12.21% | Vol Scale: 1.93
2026-03-01 20:22:46,635 - INFO - 
============================================================
2026-03-01 20:22:46,635 - INFO - Running paper trading for 2025-10-03
2026-03-01 20:22:46,635 - INFO - ============================================================
2026-03-01 20:22:46,636 - INFO - Portfolio construction: 38 longs, 38 shorts (from 38 candidates)
2026-03-01 20:22:46,636 - INFO - Vol targeting: rolling_vol=0.0436, scale=1.8365
2026-03-01 20:22:46,637 - INFO - PnL Net: 0.0040 | Scaled: 0.0073 | Turnover: 10.49% | Vol Scale: 1.84
2026-03-01 20:22:46,637 - INFO - 
============================================================
2026-03-01 20:22:46,637 - INFO - Running paper trading for 2025-10-06
2026-03-01 20:22:46,637 - INFO - ============================================================
2026-03-01 20:22:46,638 - INFO - Portfolio construction: 38 longs, 38 shorts (from 38 candidates)
2026-03-01 20:22:46,638 - INFO - Vol targeting: rolling_vol=0.0440, scale=1.8163
2026-03-01 20:22:46,638 - INFO - PnL Net: -0.0017 | Scaled: -0.0032 | Turnover: 8.91% | Vol Scale: 1.82
2026-03-01 20:22:46,638 - INFO - 
============================================================
2026-03-01 20:22:46,638 - INFO - Running paper trading for 2025-10-07
2026-03-01 20:22:46,638 - INFO - ============================================================
2026-03-01 20:22:46,639 - INFO - Portfolio construction: 38 longs, 38 shorts (from 38 candidates)
2026-03-01 20:22:46,639 - INFO - Vol targeting: rolling_vol=0.0418, scale=1.9150
2026-03-01 20:22:46,639 - INFO - PnL Net: 0.0027 | Scaled: 0.0053 | Turnover: 7.62% | Vol Scale: 1.91
2026-03-01 20:22:46,639 - INFO - 
============================================================
2026-03-01 20:22:46,639 - INFO - Running paper trading for 2025-10-08
2026-03-01 20:22:46,639 - INFO - ============================================================
2026-03-01 20:22:46,640 - INFO - Portfolio construction: 38 longs, 38 shorts (from 38 candidates)
2026-03-01 20:22:46,641 - INFO - Vol targeting: rolling_vol=0.0400, scale=1.9984
2026-03-01 20:22:46,641 - INFO - PnL Net: -0.0012 | Scaled: -0.0024 | Turnover: 6.47% | Vol Scale: 2.00
2026-03-01 20:22:46,641 - INFO - 
============================================================
2026-03-01 20:22:46,641 - INFO - Running paper trading for 2025-10-09
2026-03-01 20:22:46,641 - INFO - ============================================================
2026-03-01 20:22:46,641 - INFO - Portfolio construction: 38 longs, 38 shorts (from 38 candidates)
2026-03-01 20:22:46,641 - INFO - Vol targeting: rolling_vol=0.0499, scale=1.6037
2026-03-01 20:22:46,641 - INFO - PnL Net: -0.0093 | Scaled: -0.0149 | Turnover: 6.11% | Vol Scale: 1.60
2026-03-01 20:22:46,641 - INFO - 
============================================================
2026-03-01 20:22:46,641 - INFO - Running paper trading for 2025-10-10
2026-03-01 20:22:46,643 - INFO - ============================================================
2026-03-01 20:22:46,644 - INFO - Portfolio construction: 38 longs, 38 shorts (from 38 candidates)
2026-03-01 20:22:46,644 - INFO - Vol targeting: rolling_vol=0.0501, scale=1.5958
2026-03-01 20:22:46,644 - INFO - PnL Net: 0.0026 | Scaled: 0.0041 | Turnover: 16.58% | Vol Scale: 1.60
2026-03-01 20:22:46,644 - INFO - 
============================================================
2026-03-01 20:22:46,644 - INFO - Running paper trading for 2025-10-13
2026-03-01 20:22:46,644 - INFO - ============================================================
2026-03-01 20:22:46,644 - INFO - Portfolio construction: 38 longs, 36 shorts (from 38 candidates)
2026-03-01 20:22:46,645 - INFO - Vol targeting: rolling_vol=0.0500, scale=1.5985
2026-03-01 20:22:46,645 - INFO - PnL Net: 0.0001 | Scaled: 0.0001 | Turnover: 21.87% | Vol Scale: 1.60
2026-03-01 20:22:46,645 - INFO - 
============================================================
2026-03-01 20:22:46,645 - INFO - Running paper trading for 2025-10-14
2026-03-01 20:22:46,645 - INFO - ============================================================
2026-03-01 20:22:46,646 - INFO - Portfolio construction: 38 longs, 38 shorts (from 38 candidates)
2026-03-01 20:22:46,646 - INFO - Vol targeting: rolling_vol=0.0503, scale=1.5894
2026-03-01 20:22:46,646 - INFO - PnL Net: 0.0017 | Scaled: 0.0028 | Turnover: 19.87% | Vol Scale: 1.59
2026-03-01 20:22:46,646 - INFO - 
============================================================
2026-03-01 20:22:46,646 - INFO - Running paper trading for 2025-10-15
2026-03-01 20:22:46,646 - INFO - ============================================================
2026-03-01 20:22:46,648 - INFO - Portfolio construction: 38 longs, 38 shorts (from 38 candidates)
2026-03-01 20:22:46,648 - INFO - Vol targeting: rolling_vol=0.0506, scale=1.5825
2026-03-01 20:22:46,648 - WARNING - KS3 TRIGGERED: 60-day Sharpe -0.2138 < 0
2026-03-01 20:22:46,648 - INFO - PnL Net: -0.0039 | Scaled: -0.0062 | Turnover: 19.76% | Vol Scale: 1.58
2026-03-01 20:22:46,648 - INFO - 
============================================================
2026-03-01 20:22:46,648 - INFO - Running paper trading for 2025-10-16
2026-03-01 20:22:46,648 - INFO - ============================================================
2026-03-01 20:22:46,649 - INFO - Portfolio construction: 38 longs, 38 shorts (from 38 candidates)
2026-03-01 20:22:46,649 - INFO - Vol targeting: rolling_vol=0.0497, scale=1.6093
2026-03-01 20:22:46,649 - INFO - PnL Net: 0.0004 | Scaled: 0.0006 | Turnover: 19.81% | Vol Scale: 1.61
2026-03-01 20:22:46,649 - INFO - 
============================================================
2026-03-01 20:22:46,649 - INFO - Running paper trading for 2025-10-17
2026-03-01 20:22:46,649 - INFO - ============================================================
2026-03-01 20:22:46,650 - INFO - Portfolio construction: 38 longs, 2 shorts (from 38 candidates)
2026-03-01 20:22:46,651 - INFO - Vol targeting: rolling_vol=0.0522, scale=1.5325
2026-03-01 20:22:46,651 - INFO - PnL Net: 0.0050 | Scaled: 0.0077 | Turnover: 21.18% | Vol Scale: 1.53
2026-03-01 20:22:46,651 - INFO - 
============================================================
2026-03-01 20:22:46,651 - INFO - Running paper trading for 2025-10-20
2026-03-01 20:22:46,651 - INFO - ============================================================
2026-03-01 20:22:46,652 - INFO - Portfolio construction: 38 longs, 38 shorts (from 38 candidates)
2026-03-01 20:22:46,652 - INFO - Vol targeting: rolling_vol=0.0521, scale=1.5369
2026-03-01 20:22:46,652 - INFO - PnL Net: 0.0028 | Scaled: 0.0043 | Turnover: 19.97% | Vol Scale: 1.54
2026-03-01 20:22:46,652 - INFO - 
============================================================
2026-03-01 20:22:46,652 - INFO - Running paper trading for 2025-10-21
2026-03-01 20:22:46,652 - INFO - ============================================================
2026-03-01 20:22:46,653 - INFO - Portfolio construction: 38 longs, 38 shorts (from 38 candidates)
2026-03-01 20:22:46,653 - INFO - Vol targeting: rolling_vol=0.0528, scale=1.5154
2026-03-01 20:22:46,653 - INFO - PnL Net: -0.0020 | Scaled: -0.0030 | Turnover: 17.75% | Vol Scale: 1.52
2026-03-01 20:22:46,653 - INFO - 
============================================================
2026-03-01 20:22:46,653 - INFO - Running paper trading for 2025-10-22
2026-03-01 20:22:46,653 - INFO - ============================================================
2026-03-01 20:22:46,654 - INFO - Portfolio construction: 38 longs, 38 shorts (from 38 candidates)
2026-03-01 20:22:46,654 - INFO - Vol targeting: rolling_vol=0.0516, scale=1.5499
2026-03-01 20:22:46,654 - INFO - PnL Net: 0.0046 | Scaled: 0.0071 | Turnover: 16.55% | Vol Scale: 1.55
2026-03-01 20:22:46,654 - INFO - 
============================================================
2026-03-01 20:22:46,654 - INFO - Running paper trading for 2025-10-23
2026-03-01 20:22:46,654 - INFO - ============================================================
2026-03-01 20:22:46,655 - INFO - Portfolio construction: 38 longs, 38 shorts (from 38 candidates)
2026-03-01 20:22:46,655 - INFO - Vol targeting: rolling_vol=0.0510, scale=1.5701
2026-03-01 20:22:46,655 - INFO - PnL Net: 0.0010 | Scaled: 0.0015 | Turnover: 18.04% | Vol Scale: 1.57
2026-03-01 20:22:46,655 - INFO - 
============================================================
2026-03-01 20:22:46,655 - INFO - Running paper trading for 2025-10-24
2026-03-01 20:22:46,655 - INFO - ============================================================
2026-03-01 20:22:46,656 - INFO - Portfolio construction: 38 longs, 38 shorts (from 38 candidates)
2026-03-01 20:22:46,657 - INFO - Vol targeting: rolling_vol=0.0511, scale=1.5665
2026-03-01 20:22:46,657 - INFO - PnL Net: 0.0018 | Scaled: 0.0028 | Turnover: 20.07% | Vol Scale: 1.57
2026-03-01 20:22:46,657 - INFO - 
============================================================
2026-03-01 20:22:46,657 - INFO - Running paper trading for 2025-10-27
2026-03-01 20:22:46,657 - INFO - ============================================================
2026-03-01 20:22:46,658 - INFO - Portfolio construction: 38 longs, 38 shorts (from 38 candidates)
2026-03-01 20:22:46,658 - INFO - Vol targeting: rolling_vol=0.0513, scale=1.5609
2026-03-01 20:22:46,659 - INFO - PnL Net: -0.0005 | Scaled: -0.0007 | Turnover: 20.20% | Vol Scale: 1.56
2026-03-01 20:22:46,659 - INFO - 
============================================================
2026-03-01 20:22:46,659 - INFO - Running paper trading for 2025-10-28
2026-03-01 20:22:46,659 - INFO - ============================================================
2026-03-01 20:22:46,659 - INFO - Portfolio construction: 38 longs, 38 shorts (from 38 candidates)
2026-03-01 20:22:46,660 - INFO - Vol targeting: rolling_vol=0.0516, scale=1.5503
2026-03-01 20:22:46,660 - INFO - PnL Net: -0.0011 | Scaled: -0.0017 | Turnover: 17.57% | Vol Scale: 1.55
2026-03-01 20:22:46,660 - INFO - 
============================================================
2026-03-01 20:22:46,660 - INFO - Running paper trading for 2025-10-29
2026-03-01 20:22:46,660 - INFO - ============================================================
2026-03-01 20:22:46,661 - INFO - Portfolio construction: 38 longs, 38 shorts (from 38 candidates)
2026-03-01 20:22:46,661 - INFO - Vol targeting: rolling_vol=0.0533, scale=1.4997
2026-03-01 20:22:46,661 - INFO - PnL Net: -0.0041 | Scaled: -0.0061 | Turnover: 16.24% | Vol Scale: 1.50
2026-03-01 20:22:46,661 - INFO - 
============================================================
2026-03-01 20:22:46,661 - INFO - Running paper trading for 2025-10-30
2026-03-01 20:22:46,661 - INFO - ============================================================
2026-03-01 20:22:46,662 - INFO - Portfolio construction: 38 longs, 38 shorts (from 38 candidates)
2026-03-01 20:22:46,662 - INFO - Vol targeting: rolling_vol=0.0529, scale=1.5111
2026-03-01 20:22:46,662 - INFO - PnL Net: 0.0019 | Scaled: 0.0029 | Turnover: 17.83% | Vol Scale: 1.51
2026-03-01 20:22:46,663 - INFO - 
============================================================
2026-03-01 20:22:46,663 - INFO - Running paper trading for 2025-10-31
2026-03-01 20:22:46,663 - INFO - ============================================================
2026-03-01 20:22:46,664 - INFO - Portfolio construction: 38 longs, 38 shorts (from 38 candidates)
2026-03-01 20:22:46,664 - INFO - Vol targeting: rolling_vol=0.0514, scale=1.5577
2026-03-01 20:22:46,664 - INFO - PnL Net: -0.0012 | Scaled: -0.0019 | Turnover: 17.75% | Vol Scale: 1.56
2026-03-01 20:22:46,664 - INFO - 
============================================================
2026-03-01 20:22:46,664 - INFO - Running paper trading for 2025-11-03
2026-03-01 20:22:46,664 - INFO - ============================================================
2026-03-01 20:22:46,665 - INFO - Portfolio construction: 38 longs, 38 shorts (from 38 candidates)
2026-03-01 20:22:46,665 - INFO - Vol targeting: rolling_vol=0.0532, scale=1.5032
2026-03-01 20:22:46,666 - INFO - PnL Net: -0.0044 | Scaled: -0.0065 | Turnover: 18.48% | Vol Scale: 1.50
2026-03-01 20:22:46,666 - INFO - 
============================================================
2026-03-01 20:22:46,666 - INFO - Running paper trading for 2025-11-04
2026-03-01 20:22:46,666 - INFO - ============================================================
2026-03-01 20:22:46,667 - INFO - Portfolio construction: 38 longs, 38 shorts (from 38 candidates)
2026-03-01 20:22:46,667 - INFO - Vol targeting: rolling_vol=0.0532, scale=1.5046
2026-03-01 20:22:46,667 - INFO - PnL Net: 0.0027 | Scaled: 0.0040 | Turnover: 18.50% | Vol Scale: 1.50
2026-03-01 20:22:46,667 - INFO - 
============================================================
2026-03-01 20:22:46,667 - INFO - Running paper trading for 2025-11-05
2026-03-01 20:22:46,667 - INFO - ============================================================
2026-03-01 20:22:46,668 - INFO - Portfolio construction: 38 longs, 38 shorts (from 38 candidates)
2026-03-01 20:22:46,668 - INFO - Vol targeting: rolling_vol=0.0556, scale=1.4381
2026-03-01 20:22:46,668 - WARNING - KS3 TRIGGERED: 60-day Sharpe -0.0205 < 0
2026-03-01 20:22:46,668 - INFO - PnL Net: -0.0050 | Scaled: -0.0071 | Turnover: 18.91% | Vol Scale: 1.44
2026-03-01 20:22:46,668 - INFO - 
============================================================
2026-03-01 20:22:46,668 - INFO - Running paper trading for 2025-11-06
2026-03-01 20:22:46,668 - INFO - ============================================================
2026-03-01 20:22:46,669 - INFO - Portfolio construction: 38 longs, 38 shorts (from 38 candidates)
2026-03-01 20:22:46,669 - INFO - Vol targeting: rolling_vol=0.0450, scale=1.7759
2026-03-01 20:22:46,670 - WARNING - KS3 TRIGGERED: 60-day Sharpe -0.0011 < 0
2026-03-01 20:22:46,670 - INFO - PnL Net: 0.0004 | Scaled: 0.0007 | Turnover: 19.27% | Vol Scale: 1.78
2026-03-01 20:22:46,670 - INFO - 
============================================================
2026-03-01 20:22:46,670 - INFO - Running paper trading for 2025-11-07
2026-03-01 20:22:46,670 - INFO - ============================================================
2026-03-01 20:22:46,671 - WARNING - No negative predictions for shorts - skipping short positions
2026-03-01 20:22:46,671 - INFO - Portfolio construction: 38 longs, 0 shorts (from 38 candidates)
2026-03-01 20:22:46,671 - INFO - Vol targeting: rolling_vol=0.0446, scale=1.7921
2026-03-01 20:22:46,671 - INFO - PnL Net: 0.0019 | Scaled: 0.0034 | Turnover: 13.18% | Vol Scale: 1.79
2026-03-01 20:22:46,671 - INFO - 
============================================================
2026-03-01 20:22:46,671 - INFO - Running paper trading for 2025-11-10
2026-03-01 20:22:46,671 - INFO - ============================================================
2026-03-01 20:22:46,672 - INFO - Portfolio construction: 38 longs, 38 shorts (from 38 candidates)
2026-03-01 20:22:46,672 - INFO - Vol targeting: rolling_vol=0.0454, scale=1.7634
2026-03-01 20:22:46,673 - INFO - PnL Net: 0.0024 | Scaled: 0.0043 | Turnover: 18.16% | Vol Scale: 1.76
2026-03-01 20:22:46,673 - INFO - 
============================================================
2026-03-01 20:22:46,673 - INFO - Running paper trading for 2025-11-11
2026-03-01 20:22:46,673 - INFO - ============================================================
2026-03-01 20:22:46,674 - INFO - Portfolio construction: 38 longs, 38 shorts (from 38 candidates)
2026-03-01 20:22:46,674 - INFO - Vol targeting: rolling_vol=0.0464, scale=1.7224
2026-03-01 20:22:46,674 - INFO - PnL Net: 0.0034 | Scaled: 0.0059 | Turnover: 16.31% | Vol Scale: 1.72
2026-03-01 20:22:46,674 - INFO - 
============================================================
2026-03-01 20:22:46,674 - INFO - Running paper trading for 2025-11-12
2026-03-01 20:22:46,674 - INFO - ============================================================
2026-03-01 20:22:46,675 - INFO - Portfolio construction: 38 longs, 38 shorts (from 38 candidates)
2026-03-01 20:22:46,675 - INFO - Vol targeting: rolling_vol=0.0448, scale=1.7861
2026-03-01 20:22:46,675 - INFO - PnL Net: -0.0022 | Scaled: -0.0039 | Turnover: 15.82% | Vol Scale: 1.79
2026-03-01 20:22:46,675 - INFO - 
============================================================
2026-03-01 20:22:46,675 - INFO - Running paper trading for 2025-11-13
2026-03-01 20:22:46,675 - INFO - ============================================================
2026-03-01 20:22:46,676 - INFO - Portfolio construction: 38 longs, 38 shorts (from 38 candidates)
2026-03-01 20:22:46,676 - INFO - Vol targeting: rolling_vol=0.0464, scale=1.7238
2026-03-01 20:22:46,676 - INFO - PnL Net: -0.0031 | Scaled: -0.0054 | Turnover: 17.53% | Vol Scale: 1.72
2026-03-01 20:22:46,676 - INFO - 
============================================================
2026-03-01 20:22:46,676 - INFO - Running paper trading for 2025-11-14
2026-03-01 20:22:46,676 - INFO - ============================================================
2026-03-01 20:22:46,677 - INFO - Portfolio construction: 38 longs, 38 shorts (from 38 candidates)
2026-03-01 20:22:46,677 - INFO - Vol targeting: rolling_vol=0.0494, scale=1.6195
2026-03-01 20:22:46,678 - WARNING - KS3 TRIGGERED: 60-day Sharpe -1.2139 < 0
2026-03-01 20:22:46,678 - INFO - PnL Net: -0.0071 | Scaled: -0.0114 | Turnover: 18.41% | Vol Scale: 1.62
2026-03-01 20:22:46,678 - INFO - 
============================================================
2026-03-01 20:22:46,678 - INFO - Running paper trading for 2025-11-17
2026-03-01 20:22:46,678 - INFO - ============================================================
2026-03-01 20:22:46,679 - INFO - Portfolio construction: 38 longs, 38 shorts (from 38 candidates)
2026-03-01 20:22:46,679 - INFO - Vol targeting: rolling_vol=0.0481, scale=1.6647
2026-03-01 20:22:46,679 - WARNING - KS3 TRIGGERED: 60-day Sharpe -0.9382 < 0
2026-03-01 20:22:46,679 - INFO - PnL Net: -0.0011 | Scaled: -0.0018 | Turnover: 18.60% | Vol Scale: 1.66
2026-03-01 20:22:46,679 - INFO - 
============================================================
2026-03-01 20:22:46,679 - INFO - Running paper trading for 2025-11-18
2026-03-01 20:22:46,679 - INFO - ============================================================
2026-03-01 20:22:46,680 - INFO - Portfolio construction: 38 longs, 38 shorts (from 38 candidates)
2026-03-01 20:22:46,680 - INFO - Vol targeting: rolling_vol=0.0478, scale=1.6738
2026-03-01 20:22:46,680 - WARNING - KS3 TRIGGERED: 60-day Sharpe -0.9945 < 0
2026-03-01 20:22:46,680 - INFO - PnL Net: -0.0001 | Scaled: -0.0002 | Turnover: 17.82% | Vol Scale: 1.67
2026-03-01 20:22:46,680 - INFO - 
============================================================
2026-03-01 20:22:46,680 - INFO - Running paper trading for 2025-11-19
2026-03-01 20:22:46,680 - INFO - ============================================================
2026-03-01 20:22:46,681 - INFO - Portfolio construction: 38 longs, 10 shorts (from 38 candidates)
2026-03-01 20:22:46,681 - INFO - Vol targeting: rolling_vol=0.0464, scale=1.7231
2026-03-01 20:22:46,682 - WARNING - KS3 TRIGGERED: 60-day Sharpe -1.4547 < 0
2026-03-01 20:22:46,682 - INFO - PnL Net: -0.0049 | Scaled: -0.0085 | Turnover: 20.34% | Vol Scale: 1.72
2026-03-01 20:22:46,682 - INFO - 
============================================================
2026-03-01 20:22:46,682 - INFO - Running paper trading for 2025-11-20
2026-03-01 20:22:46,682 - INFO - ============================================================
2026-03-01 20:22:46,683 - INFO - Portfolio construction: 38 longs, 4 shorts (from 38 candidates)
2026-03-01 20:22:46,683 - INFO - Vol targeting: rolling_vol=0.0537, scale=1.4897
2026-03-01 20:22:46,683 - WARNING - KS3 TRIGGERED: 60-day Sharpe -0.7805 < 0
2026-03-01 20:22:46,683 - INFO - PnL Net: 0.0070 | Scaled: 0.0104 | Turnover: 18.63% | Vol Scale: 1.49
2026-03-01 20:22:46,683 - INFO - 
============================================================
2026-03-01 20:22:46,683 - INFO - Running paper trading for 2025-11-21
2026-03-01 20:22:46,683 - INFO - ============================================================
2026-03-01 20:22:46,684 - WARNING - No negative predictions for shorts - skipping short positions
2026-03-01 20:22:46,684 - INFO - Portfolio construction: 38 longs, 0 shorts (from 38 candidates)
2026-03-01 20:22:46,685 - INFO - Vol targeting: rolling_vol=0.0544, scale=1.4711
2026-03-01 20:22:46,685 - WARNING - KS3 TRIGGERED: 60-day Sharpe -0.5647 < 0
2026-03-01 20:22:46,685 - INFO - PnL Net: 0.0028 | Scaled: 0.0041 | Turnover: 14.74% | Vol Scale: 1.47
2026-03-01 20:22:46,685 - INFO - 
============================================================
2026-03-01 20:22:46,685 - INFO - Running paper trading for 2025-11-24
2026-03-01 20:22:46,685 - INFO - ============================================================
2026-03-01 20:22:46,686 - INFO - Portfolio construction: 38 longs, 38 shorts (from 38 candidates)
2026-03-01 20:22:46,686 - INFO - Vol targeting: rolling_vol=0.0569, scale=1.4057
2026-03-01 20:22:46,686 - WARNING - KS3 TRIGGERED: 60-day Sharpe -0.0606 < 0
2026-03-01 20:22:46,686 - INFO - PnL Net: 0.0042 | Scaled: 0.0060 | Turnover: 18.63% | Vol Scale: 1.41
2026-03-01 20:22:46,686 - INFO - 
============================================================
2026-03-01 20:22:46,686 - INFO - Running paper trading for 2025-11-25
2026-03-01 20:22:46,686 - INFO - ============================================================
2026-03-01 20:22:46,687 - INFO - Portfolio construction: 38 longs, 29 shorts (from 38 candidates)
2026-03-01 20:22:46,688 - INFO - Vol targeting: rolling_vol=0.0582, scale=1.3744
2026-03-01 20:22:46,688 - INFO - PnL Net: 0.0033 | Scaled: 0.0045 | Turnover: 16.83% | Vol Scale: 1.37
2026-03-01 20:22:46,688 - INFO - 
============================================================
2026-03-01 20:22:46,688 - INFO - Running paper trading for 2025-11-26
2026-03-01 20:22:46,688 - INFO - ============================================================
2026-03-01 20:22:46,689 - INFO - Portfolio construction: 38 longs, 38 shorts (from 38 candidates)
2026-03-01 20:22:46,689 - INFO - Vol targeting: rolling_vol=0.0572, scale=1.3978
2026-03-01 20:22:46,689 - INFO - PnL Net: 0.0028 | Scaled: 0.0039 | Turnover: 19.67% | Vol Scale: 1.40
2026-03-01 20:22:46,689 - INFO - 
============================================================
2026-03-01 20:22:46,689 - INFO - Running paper trading for 2025-11-28
2026-03-01 20:22:46,689 - INFO - ============================================================
2026-03-01 20:22:46,690 - INFO - Portfolio construction: 38 longs, 38 shorts (from 38 candidates)
2026-03-01 20:22:46,690 - INFO - Vol targeting: rolling_vol=0.0570, scale=1.4044
2026-03-01 20:22:46,690 - INFO - PnL Net: -0.0008 | Scaled: -0.0011 | Turnover: 18.71% | Vol Scale: 1.40
2026-03-01 20:22:46,690 - INFO - 
============================================================
2026-03-01 20:22:46,690 - INFO - Running paper trading for 2025-12-01
2026-03-01 20:22:46,690 - INFO - ============================================================
2026-03-01 20:22:46,691 - INFO - Portfolio construction: 38 longs, 38 shorts (from 38 candidates)
2026-03-01 20:22:46,691 - INFO - Vol targeting: rolling_vol=0.0577, scale=1.3855
2026-03-01 20:22:46,691 - INFO - PnL Net: 0.0032 | Scaled: 0.0044 | Turnover: 17.87% | Vol Scale: 1.39
2026-03-01 20:22:46,691 - INFO - 
============================================================
2026-03-01 20:22:46,691 - INFO - Running paper trading for 2025-12-02
2026-03-01 20:22:46,691 - INFO - ============================================================
2026-03-01 20:22:46,692 - INFO - Portfolio construction: 38 longs, 38 shorts (from 38 candidates)
2026-03-01 20:22:46,693 - INFO - Vol targeting: rolling_vol=0.0579, scale=1.3813
2026-03-01 20:22:46,693 - INFO - PnL Net: 0.0056 | Scaled: 0.0077 | Turnover: 20.20% | Vol Scale: 1.38
2026-03-01 20:22:46,693 - INFO - 
============================================================
2026-03-01 20:22:46,693 - INFO - Running paper trading for 2025-12-03
2026-03-01 20:22:46,693 - INFO - ============================================================
2026-03-01 20:22:46,694 - INFO - Portfolio construction: 38 longs, 38 shorts (from 38 candidates)
2026-03-01 20:22:46,694 - INFO - Vol targeting: rolling_vol=0.0576, scale=1.3891
2026-03-01 20:22:46,694 - INFO - PnL Net: -0.0002 | Scaled: -0.0003 | Turnover: 19.11% | Vol Scale: 1.39
2026-03-01 20:22:46,694 - INFO - 
============================================================
2026-03-01 20:22:46,695 - INFO - Running paper trading for 2025-12-04
2026-03-01 20:22:46,695 - INFO - ============================================================
2026-03-01 20:22:46,695 - INFO - Portfolio construction: 38 longs, 3 shorts (from 38 candidates)
2026-03-01 20:22:46,696 - INFO - Vol targeting: rolling_vol=0.0539, scale=1.4845
2026-03-01 20:22:46,696 - INFO - PnL Net: 0.0005 | Scaled: 0.0008 | Turnover: 19.09% | Vol Scale: 1.48
2026-03-01 20:22:46,696 - INFO - 
============================================================
2026-03-01 20:22:46,696 - INFO - Running paper trading for 2025-12-05
2026-03-01 20:22:46,696 - INFO - ============================================================
2026-03-01 20:22:46,697 - INFO - Portfolio construction: 38 longs, 2 shorts (from 38 candidates)
2026-03-01 20:22:46,697 - INFO - Vol targeting: rolling_vol=0.0571, scale=1.4018
2026-03-01 20:22:46,697 - INFO - PnL Net: -0.0045 | Scaled: -0.0063 | Turnover: 19.14% | Vol Scale: 1.40
2026-03-01 20:22:46,697 - INFO - 
============================================================
2026-03-01 20:22:46,697 - INFO - Running paper trading for 2025-12-08
2026-03-01 20:22:46,697 - INFO - ============================================================
2026-03-01 20:22:46,698 - WARNING - No negative predictions for shorts - skipping short positions
2026-03-01 20:22:46,698 - INFO - Portfolio construction: 38 longs, 0 shorts (from 38 candidates)
2026-03-01 20:22:46,698 - INFO - Vol targeting: rolling_vol=0.0570, scale=1.4030
2026-03-01 20:22:46,698 - INFO - PnL Net: -0.0005 | Scaled: -0.0008 | Turnover: 15.68% | Vol Scale: 1.40
2026-03-01 20:22:46,698 - INFO - 
============================================================
2026-03-01 20:22:46,698 - INFO - Running paper trading for 2025-12-09
2026-03-01 20:22:46,698 - INFO - ============================================================
2026-03-01 20:22:46,699 - INFO - Portfolio construction: 38 longs, 2 shorts (from 38 candidates)
2026-03-01 20:22:46,699 - INFO - Vol targeting: rolling_vol=0.0607, scale=1.3183
2026-03-01 20:22:46,699 - INFO - PnL Net: 0.0068 | Scaled: 0.0089 | Turnover: 18.84% | Vol Scale: 1.32
2026-03-01 20:22:46,699 - INFO - 
============================================================
2026-03-01 20:22:46,699 - INFO - Running paper trading for 2025-12-10
2026-03-01 20:22:46,699 - INFO - ============================================================
2026-03-01 20:22:46,700 - WARNING - No negative predictions for shorts - skipping short positions
2026-03-01 20:22:46,700 - INFO - Portfolio construction: 38 longs, 0 shorts (from 38 candidates)
2026-03-01 20:22:46,700 - INFO - Vol targeting: rolling_vol=0.0675, scale=1.1847
2026-03-01 20:22:46,701 - INFO - PnL Net: 0.0096 | Scaled: 0.0114 | Turnover: 13.56% | Vol Scale: 1.18
2026-03-01 20:22:46,701 - INFO - 
============================================================
2026-03-01 20:22:46,701 - INFO - Running paper trading for 2025-12-11
2026-03-01 20:22:46,701 - INFO - ============================================================
2026-03-01 20:22:46,702 - INFO - Portfolio construction: 38 longs, 38 shorts (from 38 candidates)
2026-03-01 20:22:46,702 - INFO - Vol targeting: rolling_vol=0.0665, scale=1.2031
2026-03-01 20:22:46,702 - INFO - PnL Net: 0.0011 | Scaled: 0.0013 | Turnover: 17.58% | Vol Scale: 1.20
2026-03-01 20:22:46,702 - INFO - 
============================================================
2026-03-01 20:22:46,702 - INFO - Running paper trading for 2025-12-12
2026-03-01 20:22:46,702 - INFO - ============================================================
2026-03-01 20:22:46,703 - INFO - Portfolio construction: 38 longs, 38 shorts (from 38 candidates)
2026-03-01 20:22:46,703 - INFO - Vol targeting: rolling_vol=0.0646, scale=1.2379
2026-03-01 20:22:46,703 - INFO - PnL Net: 0.0020 | Scaled: 0.0025 | Turnover: 20.65% | Vol Scale: 1.24
2026-03-01 20:22:46,703 - INFO - 
============================================================
2026-03-01 20:22:46,703 - INFO - Running paper trading for 2025-12-15
2026-03-01 20:22:46,703 - INFO - ============================================================
2026-03-01 20:22:46,705 - INFO - Portfolio construction: 38 longs, 38 shorts (from 38 candidates)
2026-03-01 20:22:46,705 - INFO - Vol targeting: rolling_vol=0.0592, scale=1.3522
2026-03-01 20:22:46,705 - INFO - PnL Net: -0.0030 | Scaled: -0.0041 | Turnover: 19.78% | Vol Scale: 1.35
2026-03-01 20:22:46,705 - INFO - 
============================================================
2026-03-01 20:22:46,705 - INFO - Running paper trading for 2025-12-16
2026-03-01 20:22:46,705 - INFO - ============================================================
2026-03-01 20:22:46,706 - INFO - Portfolio construction: 38 longs, 38 shorts (from 38 candidates)
2026-03-01 20:22:46,706 - INFO - Vol targeting: rolling_vol=0.0591, scale=1.3527
2026-03-01 20:22:46,706 - INFO - PnL Net: -0.0011 | Scaled: -0.0014 | Turnover: 18.63% | Vol Scale: 1.35
2026-03-01 20:22:46,706 - INFO - 
============================================================
2026-03-01 20:22:46,706 - INFO - Running paper trading for 2025-12-17
2026-03-01 20:22:46,706 - INFO - ============================================================
2026-03-01 20:22:46,707 - INFO - Portfolio construction: 38 longs, 38 shorts (from 38 candidates)
2026-03-01 20:22:46,708 - INFO - Vol targeting: rolling_vol=0.0590, scale=1.3570
2026-03-01 20:22:46,708 - INFO - PnL Net: 0.0005 | Scaled: 0.0007 | Turnover: 18.11% | Vol Scale: 1.36
2026-03-01 20:22:46,708 - INFO - 
============================================================
2026-03-01 20:22:46,708 - INFO - Running paper trading for 2025-12-18
2026-03-01 20:22:46,708 - INFO - ============================================================
2026-03-01 20:22:46,709 - INFO - Portfolio construction: 38 longs, 38 shorts (from 38 candidates)
2026-03-01 20:22:46,709 - INFO - Vol targeting: rolling_vol=0.0538, scale=1.4865
2026-03-01 20:22:46,709 - INFO - PnL Net: 0.0014 | Scaled: 0.0021 | Turnover: 15.89% | Vol Scale: 1.49
2026-03-01 20:22:46,709 - INFO - 
============================================================
2026-03-01 20:22:46,709 - INFO - Running paper trading for 2025-12-19
2026-03-01 20:22:46,710 - INFO - ============================================================
2026-03-01 20:22:46,710 - INFO - Portfolio construction: 38 longs, 38 shorts (from 38 candidates)
2026-03-01 20:22:46,711 - INFO - Vol targeting: rolling_vol=0.0508, scale=1.5738
2026-03-01 20:22:46,711 - INFO - PnL Net: 0.0029 | Scaled: 0.0046 | Turnover: 15.26% | Vol Scale: 1.57
2026-03-01 20:22:46,711 - INFO - 
============================================================
2026-03-01 20:22:46,711 - INFO - Running paper trading for 2025-12-22
2026-03-01 20:22:46,711 - INFO - ============================================================
2026-03-01 20:22:46,712 - INFO - Portfolio construction: 38 longs, 38 shorts (from 38 candidates)
2026-03-01 20:22:46,712 - INFO - Vol targeting: rolling_vol=0.0516, scale=1.5517
2026-03-01 20:22:46,712 - INFO - PnL Net: -0.0009 | Scaled: -0.0014 | Turnover: 16.20% | Vol Scale: 1.55
2026-03-01 20:22:46,712 - INFO - 
============================================================
2026-03-01 20:22:46,712 - INFO - Running paper trading for 2025-12-23
2026-03-01 20:22:46,712 - INFO - ============================================================
2026-03-01 20:22:46,713 - INFO - Portfolio construction: 38 longs, 38 shorts (from 38 candidates)
2026-03-01 20:22:46,713 - INFO - Vol targeting: rolling_vol=0.0507, scale=1.5785
2026-03-01 20:22:46,713 - INFO - PnL Net: 0.0014 | Scaled: 0.0022 | Turnover: 18.49% | Vol Scale: 1.58
2026-03-01 20:22:46,713 - INFO - 
============================================================
2026-03-01 20:22:46,713 - INFO - Running paper trading for 2025-12-24
2026-03-01 20:22:46,713 - INFO - ============================================================
2026-03-01 20:22:46,714 - INFO - Portfolio construction: 38 longs, 38 shorts (from 38 candidates)
2026-03-01 20:22:46,714 - INFO - Vol targeting: rolling_vol=0.0504, scale=1.5889
2026-03-01 20:22:46,714 - INFO - PnL Net: 0.0005 | Scaled: 0.0008 | Turnover: 17.12% | Vol Scale: 1.59
2026-03-01 20:22:46,714 - INFO - 
============================================================
2026-03-01 20:22:46,714 - INFO - Running paper trading for 2025-12-26
2026-03-01 20:22:46,714 - INFO - ============================================================
2026-03-01 20:22:46,715 - INFO - Portfolio construction: 38 longs, 38 shorts (from 38 candidates)
2026-03-01 20:22:46,715 - INFO - Vol targeting: rolling_vol=0.0515, scale=1.5540
2026-03-01 20:22:46,716 - INFO - PnL Net: -0.0022 | Scaled: -0.0034 | Turnover: 16.78% | Vol Scale: 1.55
2026-03-01 20:22:46,716 - INFO - 
============================================================
2026-03-01 20:22:46,716 - INFO - Running paper trading for 2025-12-29
2026-03-01 20:22:46,716 - INFO - ============================================================
2026-03-01 20:22:46,716 - INFO - Portfolio construction: 38 longs, 38 shorts (from 38 candidates)
2026-03-01 20:22:46,717 - INFO - Vol targeting: rolling_vol=0.0514, scale=1.5572
2026-03-01 20:22:46,717 - INFO - PnL Net: -0.0006 | Scaled: -0.0009 | Turnover: 15.33% | Vol Scale: 1.56
2026-03-01 20:22:46,720 - INFO - Saved daily results to C:\Users\luixj\AI\stock-data\data\processed\phase4\phase4_paper_trading_daily.parquet
2026-03-01 20:22:46,721 - INFO - Saved summary to C:\Users\luixj\AI\stock-data\data\processed\phase4\phase4_paper_trading_summary.json
2026-03-01 20:22:46,721 - INFO - 
============================================================
2026-03-01 20:22:46,721 - INFO - PAPER TRADING SUMMARY
2026-03-01 20:22:46,721 - INFO - ============================================================
2026-03-01 20:22:46,721 - INFO - Trading Days: 188
2026-03-01 20:22:46,721 - INFO - 
RAW PERFORMANCE (no vol targeting):
2026-03-01 20:22:46,721 - INFO -   Sharpe Ratio: 1.32
2026-03-01 20:22:46,721 - INFO -   Annual Return: 9.56%
2026-03-01 20:22:46,721 - INFO -   Volatility: 7.24%
2026-03-01 20:22:46,721 - INFO - 
VOL-TARGETED PERFORMANCE:
2026-03-01 20:22:46,721 - INFO -   Sharpe Ratio: 1.22
2026-03-01 20:22:46,721 - INFO -   Annual Return: 10.85%
2026-03-01 20:22:46,721 - INFO -   Volatility: 8.87%
2026-03-01 20:22:46,721 - INFO - 
RISK METRICS:
2026-03-01 20:22:46,721 - INFO -   Max Drawdown: -4.72%
2026-03-01 20:22:46,721 - INFO -   Long Sharpe: 0.75
2026-03-01 20:22:46,721 - INFO -   Short Sharpe: 0.63
2026-03-01 20:22:46,721 - INFO - 
EXECUTION:
2026-03-01 20:22:46,721 - INFO -   Avg Turnover: 18.14%
2026-03-01 20:22:46,721 - INFO -   Avg Cost: 0.5 bps
2026-03-01 20:22:46,721 - INFO - 
KILL SWITCHES:
2026-03-01 20:22:46,721 - INFO -   Events: 15 (8.0% of days)
2026-03-01 20:22:46,721 - INFO - ============================================================
2026-03-01 20:22:46,721 - INFO - Simulation complete: 188 days | Sharpe(scaled)=1.22 | MaxDD=-4.7%
2026-03-01 20:22:47,105 - INFO - ============================================================
2026-03-01 20:22:47,105 - INFO - STEP 6: Syncing Qdrant
2026-03-01 20:22:47,106 - INFO - ============================================================
2026-03-01 20:22:47,594 - INFO - HTTP Request: GET http://localhost:6333 "HTTP/1.1 200 OK"
2026-03-01 20:22:47,602 - INFO - HTTP Request: GET http://localhost:6333/collections/stock_recommendations "HTTP/1.1 200 OK"
2026-03-01 20:22:47,603 - INFO - Collection 'stock_recommendations' already exists.
2026-03-01 20:22:47,607 - INFO - HTTP Request: GET http://localhost:6333/collections/trading_results "HTTP/1.1 200 OK"
2026-03-01 20:22:47,608 - INFO - Collection 'trading_results' already exists.
2026-03-01 20:22:47,627 - INFO - HTTP Request: GET http://localhost:6333/collections/performance_metrics "HTTP/1.1 200 OK"
2026-03-01 20:22:47,627 - INFO - Collection 'performance_metrics' already exists.
2026-03-01 20:22:47,630 - INFO - HTTP Request: GET http://localhost:6333/collections/daily_trade_strategies "HTTP/1.1 200 OK"
2026-03-01 20:22:47,630 - INFO - Collection 'daily_trade_strategies' already exists.
2026-03-01 20:22:47,647 - INFO - HTTP Request: POST http://localhost:6333/collections/stock_recommendations/points/delete?wait=true "HTTP/1.1 200 OK"
2026-03-01 20:22:47,648 - INFO - Cleared 'stock_recommendations'.
2026-03-01 20:22:47,651 - INFO - HTTP Request: POST http://localhost:6333/collections/trading_results/points/delete?wait=true "HTTP/1.1 200 OK"
2026-03-01 20:22:47,651 - INFO - Cleared 'trading_results'.
2026-03-01 20:22:47,654 - INFO - HTTP Request: POST http://localhost:6333/collections/performance_metrics/points/delete?wait=true "HTTP/1.1 200 OK"
2026-03-01 20:22:47,655 - INFO - Cleared 'performance_metrics'.
2026-03-01 20:22:47,677 - INFO - HTTP Request: POST http://localhost:6333/collections/daily_trade_strategies/points/delete?wait=true "HTTP/1.1 200 OK"
2026-03-01 20:22:47,678 - INFO - Cleared 'daily_trade_strategies'.
2026-03-01 20:22:47,707 - INFO - HTTP Request: PUT http://localhost:6333/collections/stock_recommendations/points?wait=true "HTTP/1.1 200 OK"
2026-03-01 20:22:47,739 - INFO - HTTP Request: PUT http://localhost:6333/collections/daily_trade_strategies/points?wait=true "HTTP/1.1 200 OK"
2026-03-01 20:22:47,743 - INFO - HTTP Request: PUT http://localhost:6333/collections/trading_results/points?wait=true "HTTP/1.1 200 OK"
2026-03-01 20:22:47,753 - INFO - HTTP Request: PUT http://localhost:6333/collections/stock_recommendations/points?wait=true "HTTP/1.1 200 OK"
2026-03-01 20:22:47,781 - INFO - HTTP Request: PUT http://localhost:6333/collections/daily_trade_strategies/points?wait=true "HTTP/1.1 200 OK"
2026-03-01 20:22:47,784 - INFO - HTTP Request: PUT http://localhost:6333/collections/trading_results/points?wait=true "HTTP/1.1 200 OK"
2026-03-01 20:22:47,793 - INFO - HTTP Request: PUT http://localhost:6333/collections/stock_recommendations/points?wait=true "HTTP/1.1 200 OK"
2026-03-01 20:22:47,831 - INFO - HTTP Request: PUT http://localhost:6333/collections/daily_trade_strategies/points?wait=true "HTTP/1.1 200 OK"
2026-03-01 20:22:47,834 - INFO - HTTP Request: PUT http://localhost:6333/collections/trading_results/points?wait=true "HTTP/1.1 200 OK"
2026-03-01 20:22:47,841 - INFO - HTTP Request: PUT http://localhost:6333/collections/stock_recommendations/points?wait=true "HTTP/1.1 200 OK"
2026-03-01 20:22:47,879 - INFO - HTTP Request: PUT http://localhost:6333/collections/daily_trade_strategies/points?wait=true "HTTP/1.1 200 OK"
2026-03-01 20:22:47,887 - INFO - HTTP Request: PUT http://localhost:6333/collections/trading_results/points?wait=true "HTTP/1.1 200 OK"
2026-03-01 20:22:47,904 - INFO - HTTP Request: PUT http://localhost:6333/collections/stock_recommendations/points?wait=true "HTTP/1.1 200 OK"
2026-03-01 20:22:47,933 - INFO - HTTP Request: PUT http://localhost:6333/collections/daily_trade_strategies/points?wait=true "HTTP/1.1 200 OK"
2026-03-01 20:22:47,937 - INFO - HTTP Request: PUT http://localhost:6333/collections/trading_results/points?wait=true "HTTP/1.1 200 OK"
2026-03-01 20:22:47,948 - INFO - HTTP Request: PUT http://localhost:6333/collections/stock_recommendations/points?wait=true "HTTP/1.1 200 OK"
2026-03-01 20:22:48,004 - INFO - HTTP Request: PUT http://localhost:6333/collections/daily_trade_strategies/points?wait=true "HTTP/1.1 200 OK"
2026-03-01 20:22:48,009 - INFO - HTTP Request: PUT http://localhost:6333/collections/trading_results/points?wait=true "HTTP/1.1 200 OK"
2026-03-01 20:22:48,034 - INFO - HTTP Request: PUT http://localhost:6333/collections/stock_recommendations/points?wait=true "HTTP/1.1 200 OK"
2026-03-01 20:22:48,057 - INFO - HTTP Request: PUT http://localhost:6333/collections/daily_trade_strategies/points?wait=true "HTTP/1.1 200 OK"
2026-03-01 20:22:48,060 - INFO - HTTP Request: PUT http://localhost:6333/collections/trading_results/points?wait=true "HTTP/1.1 200 OK"
2026-03-01 20:22:48,068 - INFO - HTTP Request: PUT http://localhost:6333/collections/stock_recommendations/points?wait=true "HTTP/1.1 200 OK"
2026-03-01 20:22:48,090 - INFO - HTTP Request: PUT http://localhost:6333/collections/daily_trade_strategies/points?wait=true "HTTP/1.1 200 OK"
2026-03-01 20:22:48,095 - INFO - HTTP Request: PUT http://localhost:6333/collections/trading_results/points?wait=true "HTTP/1.1 200 OK"
2026-03-01 20:22:48,100 - INFO - HTTP Request: PUT http://localhost:6333/collections/stock_recommendations/points?wait=true "HTTP/1.1 200 OK"
2026-03-01 20:22:48,141 - INFO - HTTP Request: PUT http://localhost:6333/collections/daily_trade_strategies/points?wait=true "HTTP/1.1 200 OK"
2026-03-01 20:22:48,146 - INFO - HTTP Request: PUT http://localhost:6333/collections/trading_results/points?wait=true "HTTP/1.1 200 OK"
2026-03-01 20:22:48,172 - INFO - HTTP Request: PUT http://localhost:6333/collections/stock_recommendations/points?wait=true "HTTP/1.1 200 OK"
2026-03-01 20:22:48,198 - INFO - HTTP Request: PUT http://localhost:6333/collections/daily_trade_strategies/points?wait=true "HTTP/1.1 200 OK"
2026-03-01 20:22:48,203 - INFO - HTTP Request: PUT http://localhost:6333/collections/trading_results/points?wait=true "HTTP/1.1 200 OK"
2026-03-01 20:22:48,215 - INFO - HTTP Request: PUT http://localhost:6333/collections/stock_recommendations/points?wait=true "HTTP/1.1 200 OK"
2026-03-01 20:22:48,249 - INFO - HTTP Request: PUT http://localhost:6333/collections/daily_trade_strategies/points?wait=true "HTTP/1.1 200 OK"
2026-03-01 20:22:48,253 - INFO - HTTP Request: PUT http://localhost:6333/collections/trading_results/points?wait=true "HTTP/1.1 200 OK"
2026-03-01 20:22:48,263 - INFO - HTTP Request: PUT http://localhost:6333/collections/stock_recommendations/points?wait=true "HTTP/1.1 200 OK"
2026-03-01 20:22:48,286 - INFO - HTTP Request: PUT http://localhost:6333/collections/daily_trade_strategies/points?wait=true "HTTP/1.1 200 OK"
2026-03-01 20:22:48,290 - INFO - HTTP Request: PUT http://localhost:6333/collections/trading_results/points?wait=true "HTTP/1.1 200 OK"
2026-03-01 20:22:48,311 - INFO - HTTP Request: PUT http://localhost:6333/collections/stock_recommendations/points?wait=true "HTTP/1.1 200 OK"
2026-03-01 20:22:48,358 - INFO - HTTP Request: PUT http://localhost:6333/collections/daily_trade_strategies/points?wait=true "HTTP/1.1 200 OK"
2026-03-01 20:22:48,363 - INFO - HTTP Request: PUT http://localhost:6333/collections/trading_results/points?wait=true "HTTP/1.1 200 OK"
2026-03-01 20:22:48,388 - INFO - HTTP Request: PUT http://localhost:6333/collections/stock_recommendations/points?wait=true "HTTP/1.1 200 OK"
2026-03-01 20:22:48,436 - INFO - HTTP Request: PUT http://localhost:6333/collections/daily_trade_strategies/points?wait=true "HTTP/1.1 200 OK"
2026-03-01 20:22:48,440 - INFO - HTTP Request: PUT http://localhost:6333/collections/trading_results/points?wait=true "HTTP/1.1 200 OK"
2026-03-01 20:22:48,449 - INFO - HTTP Request: PUT http://localhost:6333/collections/stock_recommendations/points?wait=true "HTTP/1.1 200 OK"
2026-03-01 20:22:48,474 - INFO - HTTP Request: PUT http://localhost:6333/collections/daily_trade_strategies/points?wait=true "HTTP/1.1 200 OK"
2026-03-01 20:22:48,477 - INFO - HTTP Request: PUT http://localhost:6333/collections/trading_results/points?wait=true "HTTP/1.1 200 OK"
2026-03-01 20:22:48,483 - INFO - HTTP Request: PUT http://localhost:6333/collections/stock_recommendations/points?wait=true "HTTP/1.1 200 OK"
2026-03-01 20:22:48,528 - INFO - HTTP Request: PUT http://localhost:6333/collections/daily_trade_strategies/points?wait=true "HTTP/1.1 200 OK"
2026-03-01 20:22:48,532 - INFO - HTTP Request: PUT http://localhost:6333/collections/trading_results/points?wait=true "HTTP/1.1 200 OK"
2026-03-01 20:22:48,559 - INFO - HTTP Request: PUT http://localhost:6333/collections/stock_recommendations/points?wait=true "HTTP/1.1 200 OK"
2026-03-01 20:22:48,607 - INFO - HTTP Request: PUT http://localhost:6333/collections/daily_trade_strategies/points?wait=true "HTTP/1.1 200 OK"
2026-03-01 20:22:48,612 - INFO - HTTP Request: PUT http://localhost:6333/collections/trading_results/points?wait=true "HTTP/1.1 200 OK"
2026-03-01 20:22:48,619 - INFO - HTTP Request: PUT http://localhost:6333/collections/stock_recommendations/points?wait=true "HTTP/1.1 200 OK"
2026-03-01 20:22:48,643 - INFO - HTTP Request: PUT http://localhost:6333/collections/daily_trade_strategies/points?wait=true "HTTP/1.1 200 OK"
2026-03-01 20:22:48,646 - INFO - HTTP Request: PUT http://localhost:6333/collections/trading_results/points?wait=true "HTTP/1.1 200 OK"
2026-03-01 20:22:48,668 - INFO - HTTP Request: PUT http://localhost:6333/collections/stock_recommendations/points?wait=true "HTTP/1.1 200 OK"
2026-03-01 20:22:48,691 - INFO - HTTP Request: PUT http://localhost:6333/collections/daily_trade_strategies/points?wait=true "HTTP/1.1 200 OK"
2026-03-01 20:22:48,696 - INFO - HTTP Request: PUT http://localhost:6333/collections/trading_results/points?wait=true "HTTP/1.1 200 OK"
2026-03-01 20:22:48,706 - INFO - HTTP Request: PUT http://localhost:6333/collections/stock_recommendations/points?wait=true "HTTP/1.1 200 OK"
2026-03-01 20:22:48,746 - INFO - HTTP Request: PUT http://localhost:6333/collections/daily_trade_strategies/points?wait=true "HTTP/1.1 200 OK"
2026-03-01 20:22:48,749 - INFO - HTTP Request: PUT http://localhost:6333/collections/trading_results/points?wait=true "HTTP/1.1 200 OK"
2026-03-01 20:22:48,777 - INFO - HTTP Request: PUT http://localhost:6333/collections/stock_recommendations/points?wait=true "HTTP/1.1 200 OK"
2026-03-01 20:22:48,824 - INFO - HTTP Request: PUT http://localhost:6333/collections/daily_trade_strategies/points?wait=true "HTTP/1.1 200 OK"
2026-03-01 20:22:48,827 - INFO - HTTP Request: PUT http://localhost:6333/collections/trading_results/points?wait=true "HTTP/1.1 200 OK"
2026-03-01 20:22:48,836 - INFO - HTTP Request: PUT http://localhost:6333/collections/stock_recommendations/points?wait=true "HTTP/1.1 200 OK"
2026-03-01 20:22:48,871 - INFO - HTTP Request: PUT http://localhost:6333/collections/daily_trade_strategies/points?wait=true "HTTP/1.1 200 OK"
2026-03-01 20:22:48,876 - INFO - HTTP Request: PUT http://localhost:6333/collections/trading_results/points?wait=true "HTTP/1.1 200 OK"
2026-03-01 20:22:48,883 - INFO - HTTP Request: PUT http://localhost:6333/collections/stock_recommendations/points?wait=true "HTTP/1.1 200 OK"
2026-03-01 20:22:48,906 - INFO - HTTP Request: PUT http://localhost:6333/collections/daily_trade_strategies/points?wait=true "HTTP/1.1 200 OK"
2026-03-01 20:22:48,933 - INFO - HTTP Request: PUT http://localhost:6333/collections/trading_results/points?wait=true "HTTP/1.1 200 OK"
2026-03-01 20:22:48,941 - INFO - HTTP Request: PUT http://localhost:6333/collections/stock_recommendations/points?wait=true "HTTP/1.1 200 OK"
2026-03-01 20:22:48,964 - INFO - HTTP Request: PUT http://localhost:6333/collections/daily_trade_strategies/points?wait=true "HTTP/1.1 200 OK"
2026-03-01 20:22:48,980 - INFO - HTTP Request: PUT http://localhost:6333/collections/trading_results/points?wait=true "HTTP/1.1 200 OK"
2026-03-01 20:22:48,989 - INFO - HTTP Request: PUT http://localhost:6333/collections/stock_recommendations/points?wait=true "HTTP/1.1 200 OK"
2026-03-01 20:22:49,026 - INFO - HTTP Request: PUT http://localhost:6333/collections/daily_trade_strategies/points?wait=true "HTTP/1.1 200 OK"
2026-03-01 20:22:49,041 - INFO - HTTP Request: PUT http://localhost:6333/collections/trading_results/points?wait=true "HTTP/1.1 200 OK"
2026-03-01 20:22:49,048 - INFO - HTTP Request: PUT http://localhost:6333/collections/stock_recommendations/points?wait=true "HTTP/1.1 200 OK"
2026-03-01 20:22:49,080 - INFO - HTTP Request: PUT http://localhost:6333/collections/daily_trade_strategies/points?wait=true "HTTP/1.1 200 OK"
2026-03-01 20:22:49,083 - INFO - HTTP Request: PUT http://localhost:6333/collections/trading_results/points?wait=true "HTTP/1.1 200 OK"
2026-03-01 20:22:49,091 - INFO - HTTP Request: PUT http://localhost:6333/collections/stock_recommendations/points?wait=true "HTTP/1.1 200 OK"
2026-03-01 20:22:49,113 - INFO - HTTP Request: PUT http://localhost:6333/collections/daily_trade_strategies/points?wait=true "HTTP/1.1 200 OK"
2026-03-01 20:22:49,116 - INFO - HTTP Request: PUT http://localhost:6333/collections/trading_results/points?wait=true "HTTP/1.1 200 OK"
2026-03-01 20:22:49,123 - INFO - HTTP Request: PUT http://localhost:6333/collections/stock_recommendations/points?wait=true "HTTP/1.1 200 OK"
2026-03-01 20:22:49,168 - INFO - HTTP Request: PUT http://localhost:6333/collections/daily_trade_strategies/points?wait=true "HTTP/1.1 200 OK"
2026-03-01 20:22:49,199 - INFO - HTTP Request: PUT http://localhost:6333/collections/trading_results/points?wait=true "HTTP/1.1 200 OK"
2026-03-01 20:22:49,210 - INFO - HTTP Request: PUT http://localhost:6333/collections/stock_recommendations/points?wait=true "HTTP/1.1 200 OK"
2026-03-01 20:22:49,234 - INFO - HTTP Request: PUT http://localhost:6333/collections/daily_trade_strategies/points?wait=true "HTTP/1.1 200 OK"
2026-03-01 20:22:49,238 - INFO - HTTP Request: PUT http://localhost:6333/collections/trading_results/points?wait=true "HTTP/1.1 200 OK"
2026-03-01 20:22:49,262 - INFO - HTTP Request: PUT http://localhost:6333/collections/stock_recommendations/points?wait=true "HTTP/1.1 200 OK"
2026-03-01 20:22:49,288 - INFO - HTTP Request: PUT http://localhost:6333/collections/daily_trade_strategies/points?wait=true "HTTP/1.1 200 OK"
2026-03-01 20:22:49,295 - INFO - HTTP Request: PUT http://localhost:6333/collections/trading_results/points?wait=true "HTTP/1.1 200 OK"
2026-03-01 20:22:49,324 - INFO - HTTP Request: PUT http://localhost:6333/collections/stock_recommendations/points?wait=true "HTTP/1.1 200 OK"
2026-03-01 20:22:49,353 - INFO - HTTP Request: PUT http://localhost:6333/collections/daily_trade_strategies/points?wait=true "HTTP/1.1 200 OK"
2026-03-01 20:22:49,357 - INFO - HTTP Request: PUT http://localhost:6333/collections/trading_results/points?wait=true "HTTP/1.1 200 OK"
2026-03-01 20:22:49,367 - INFO - HTTP Request: PUT http://localhost:6333/collections/stock_recommendations/points?wait=true "HTTP/1.1 200 OK"
2026-03-01 20:22:49,416 - INFO - HTTP Request: PUT http://localhost:6333/collections/daily_trade_strategies/points?wait=true "HTTP/1.1 200 OK"
2026-03-01 20:22:49,419 - INFO - HTTP Request: PUT http://localhost:6333/collections/trading_results/points?wait=true "HTTP/1.1 200 OK"
2026-03-01 20:22:49,433 - INFO - HTTP Request: PUT http://localhost:6333/collections/stock_recommendations/points?wait=true "HTTP/1.1 200 OK"
2026-03-01 20:22:49,458 - INFO - HTTP Request: PUT http://localhost:6333/collections/daily_trade_strategies/points?wait=true "HTTP/1.1 200 OK"
2026-03-01 20:22:49,461 - INFO - HTTP Request: PUT http://localhost:6333/collections/trading_results/points?wait=true "HTTP/1.1 200 OK"
2026-03-01 20:22:49,468 - INFO - HTTP Request: PUT http://localhost:6333/collections/stock_recommendations/points?wait=true "HTTP/1.1 200 OK"
2026-03-01 20:22:49,492 - INFO - HTTP Request: PUT http://localhost:6333/collections/daily_trade_strategies/points?wait=true "HTTP/1.1 200 OK"
2026-03-01 20:22:49,495 - INFO - HTTP Request: PUT http://localhost:6333/collections/trading_results/points?wait=true "HTTP/1.1 200 OK"
2026-03-01 20:22:49,501 - INFO - HTTP Request: PUT http://localhost:6333/collections/stock_recommendations/points?wait=true "HTTP/1.1 200 OK"
2026-03-01 20:22:49,524 - INFO - HTTP Request: PUT http://localhost:6333/collections/daily_trade_strategies/points?wait=true "HTTP/1.1 200 OK"
2026-03-01 20:22:49,527 - INFO - HTTP Request: PUT http://localhost:6333/collections/trading_results/points?wait=true "HTTP/1.1 200 OK"
2026-03-01 20:22:49,535 - INFO - HTTP Request: PUT http://localhost:6333/collections/stock_recommendations/points?wait=true "HTTP/1.1 200 OK"
2026-03-01 20:22:49,559 - INFO - HTTP Request: PUT http://localhost:6333/collections/daily_trade_strategies/points?wait=true "HTTP/1.1 200 OK"
2026-03-01 20:22:49,562 - INFO - HTTP Request: PUT http://localhost:6333/collections/trading_results/points?wait=true "HTTP/1.1 200 OK"
2026-03-01 20:22:49,569 - INFO - HTTP Request: PUT http://localhost:6333/collections/stock_recommendations/points?wait=true "HTTP/1.1 200 OK"
2026-03-01 20:22:49,593 - INFO - HTTP Request: PUT http://localhost:6333/collections/daily_trade_strategies/points?wait=true "HTTP/1.1 200 OK"
2026-03-01 20:22:49,618 - INFO - HTTP Request: PUT http://localhost:6333/collections/trading_results/points?wait=true "HTTP/1.1 200 OK"
2026-03-01 20:22:49,651 - INFO - HTTP Request: PUT http://localhost:6333/collections/stock_recommendations/points?wait=true "HTTP/1.1 200 OK"
2026-03-01 20:22:49,676 - INFO - HTTP Request: PUT http://localhost:6333/collections/daily_trade_strategies/points?wait=true "HTTP/1.1 200 OK"
2026-03-01 20:22:49,679 - INFO - HTTP Request: PUT http://localhost:6333/collections/trading_results/points?wait=true "HTTP/1.1 200 OK"
2026-03-01 20:22:49,696 - INFO - HTTP Request: PUT http://localhost:6333/collections/stock_recommendations/points?wait=true "HTTP/1.1 200 OK"
2026-03-01 20:22:49,720 - INFO - HTTP Request: PUT http://localhost:6333/collections/daily_trade_strategies/points?wait=true "HTTP/1.1 200 OK"
2026-03-01 20:22:49,724 - INFO - HTTP Request: PUT http://localhost:6333/collections/trading_results/points?wait=true "HTTP/1.1 200 OK"
2026-03-01 20:22:49,730 - INFO - HTTP Request: PUT http://localhost:6333/collections/stock_recommendations/points?wait=true "HTTP/1.1 200 OK"
2026-03-01 20:22:49,753 - INFO - HTTP Request: PUT http://localhost:6333/collections/daily_trade_strategies/points?wait=true "HTTP/1.1 200 OK"
2026-03-01 20:22:49,774 - INFO - HTTP Request: PUT http://localhost:6333/collections/trading_results/points?wait=true "HTTP/1.1 200 OK"
2026-03-01 20:22:49,806 - INFO - HTTP Request: PUT http://localhost:6333/collections/stock_recommendations/points?wait=true "HTTP/1.1 200 OK"
2026-03-01 20:22:49,854 - INFO - HTTP Request: PUT http://localhost:6333/collections/daily_trade_strategies/points?wait=true "HTTP/1.1 200 OK"
2026-03-01 20:22:49,859 - INFO - HTTP Request: PUT http://localhost:6333/collections/trading_results/points?wait=true "HTTP/1.1 200 OK"
2026-03-01 20:22:49,866 - INFO - HTTP Request: PUT http://localhost:6333/collections/stock_recommendations/points?wait=true "HTTP/1.1 200 OK"
2026-03-01 20:22:49,890 - INFO - HTTP Request: PUT http://localhost:6333/collections/daily_trade_strategies/points?wait=true "HTTP/1.1 200 OK"
2026-03-01 20:22:49,913 - INFO - HTTP Request: PUT http://localhost:6333/collections/trading_results/points?wait=true "HTTP/1.1 200 OK"
2026-03-01 20:22:49,921 - INFO - HTTP Request: PUT http://localhost:6333/collections/stock_recommendations/points?wait=true "HTTP/1.1 200 OK"
2026-03-01 20:22:49,962 - INFO - HTTP Request: PUT http://localhost:6333/collections/daily_trade_strategies/points?wait=true "HTTP/1.1 200 OK"
2026-03-01 20:22:49,967 - INFO - HTTP Request: PUT http://localhost:6333/collections/trading_results/points?wait=true "HTTP/1.1 200 OK"
2026-03-01 20:22:49,993 - INFO - HTTP Request: PUT http://localhost:6333/collections/stock_recommendations/points?wait=true "HTTP/1.1 200 OK"
2026-03-01 20:22:50,042 - INFO - HTTP Request: PUT http://localhost:6333/collections/daily_trade_strategies/points?wait=true "HTTP/1.1 200 OK"
2026-03-01 20:22:50,048 - INFO - HTTP Request: PUT http://localhost:6333/collections/trading_results/points?wait=true "HTTP/1.1 200 OK"
2026-03-01 20:22:50,058 - INFO - HTTP Request: PUT http://localhost:6333/collections/stock_recommendations/points?wait=true "HTTP/1.1 200 OK"
2026-03-01 20:22:50,081 - INFO - HTTP Request: PUT http://localhost:6333/collections/daily_trade_strategies/points?wait=true "HTTP/1.1 200 OK"
2026-03-01 20:22:50,084 - INFO - HTTP Request: PUT http://localhost:6333/collections/trading_results/points?wait=true "HTTP/1.1 200 OK"
2026-03-01 20:22:50,095 - INFO - HTTP Request: PUT http://localhost:6333/collections/stock_recommendations/points?wait=true "HTTP/1.1 200 OK"
2026-03-01 20:22:50,119 - INFO - HTTP Request: PUT http://localhost:6333/collections/daily_trade_strategies/points?wait=true "HTTP/1.1 200 OK"
2026-03-01 20:22:50,123 - INFO - HTTP Request: PUT http://localhost:6333/collections/trading_results/points?wait=true "HTTP/1.1 200 OK"
2026-03-01 20:22:50,131 - INFO - HTTP Request: PUT http://localhost:6333/collections/stock_recommendations/points?wait=true "HTTP/1.1 200 OK"
2026-03-01 20:22:50,154 - INFO - HTTP Request: PUT http://localhost:6333/collections/daily_trade_strategies/points?wait=true "HTTP/1.1 200 OK"
2026-03-01 20:22:50,157 - INFO - HTTP Request: PUT http://localhost:6333/collections/trading_results/points?wait=true "HTTP/1.1 200 OK"
2026-03-01 20:22:50,164 - INFO - HTTP Request: PUT http://localhost:6333/collections/stock_recommendations/points?wait=true "HTTP/1.1 200 OK"
2026-03-01 20:22:50,187 - INFO - HTTP Request: PUT http://localhost:6333/collections/daily_trade_strategies/points?wait=true "HTTP/1.1 200 OK"
2026-03-01 20:22:50,190 - INFO - HTTP Request: PUT http://localhost:6333/collections/trading_results/points?wait=true "HTTP/1.1 200 OK"
2026-03-01 20:22:50,196 - INFO - HTTP Request: PUT http://localhost:6333/collections/stock_recommendations/points?wait=true "HTTP/1.1 200 OK"
2026-03-01 20:22:50,229 - INFO - HTTP Request: PUT http://localhost:6333/collections/daily_trade_strategies/points?wait=true "HTTP/1.1 200 OK"
2026-03-01 20:22:50,243 - INFO - HTTP Request: PUT http://localhost:6333/collections/trading_results/points?wait=true "HTTP/1.1 200 OK"
2026-03-01 20:22:50,251 - INFO - HTTP Request: PUT http://localhost:6333/collections/stock_recommendations/points?wait=true "HTTP/1.1 200 OK"
2026-03-01 20:22:50,291 - INFO - HTTP Request: PUT http://localhost:6333/collections/daily_trade_strategies/points?wait=true "HTTP/1.1 200 OK"
2026-03-01 20:22:50,295 - INFO - HTTP Request: PUT http://localhost:6333/collections/trading_results/points?wait=true "HTTP/1.1 200 OK"
2026-03-01 20:22:50,322 - INFO - HTTP Request: PUT http://localhost:6333/collections/stock_recommendations/points?wait=true "HTTP/1.1 200 OK"
2026-03-01 20:22:50,348 - INFO - HTTP Request: PUT http://localhost:6333/collections/daily_trade_strategies/points?wait=true "HTTP/1.1 200 OK"
2026-03-01 20:22:50,352 - INFO - HTTP Request: PUT http://localhost:6333/collections/trading_results/points?wait=true "HTTP/1.1 200 OK"
2026-03-01 20:22:50,360 - INFO - HTTP Request: PUT http://localhost:6333/collections/stock_recommendations/points?wait=true "HTTP/1.1 200 OK"
2026-03-01 20:22:50,382 - INFO - HTTP Request: PUT http://localhost:6333/collections/daily_trade_strategies/points?wait=true "HTTP/1.1 200 OK"
2026-03-01 20:22:50,385 - INFO - HTTP Request: PUT http://localhost:6333/collections/trading_results/points?wait=true "HTTP/1.1 200 OK"
2026-03-01 20:22:50,392 - INFO - HTTP Request: PUT http://localhost:6333/collections/stock_recommendations/points?wait=true "HTTP/1.1 200 OK"
2026-03-01 20:22:50,430 - INFO - HTTP Request: PUT http://localhost:6333/collections/daily_trade_strategies/points?wait=true "HTTP/1.1 200 OK"
2026-03-01 20:22:50,433 - INFO - HTTP Request: PUT http://localhost:6333/collections/trading_results/points?wait=true "HTTP/1.1 200 OK"
2026-03-01 20:22:50,442 - INFO - HTTP Request: PUT http://localhost:6333/collections/stock_recommendations/points?wait=true "HTTP/1.1 200 OK"
2026-03-01 20:22:50,466 - INFO - HTTP Request: PUT http://localhost:6333/collections/daily_trade_strategies/points?wait=true "HTTP/1.1 200 OK"
2026-03-01 20:22:50,469 - INFO - HTTP Request: PUT http://localhost:6333/collections/trading_results/points?wait=true "HTTP/1.1 200 OK"
2026-03-01 20:22:50,476 - INFO - HTTP Request: PUT http://localhost:6333/collections/stock_recommendations/points?wait=true "HTTP/1.1 200 OK"
2026-03-01 20:22:50,500 - INFO - HTTP Request: PUT http://localhost:6333/collections/daily_trade_strategies/points?wait=true "HTTP/1.1 200 OK"
2026-03-01 20:22:50,504 - INFO - HTTP Request: PUT http://localhost:6333/collections/trading_results/points?wait=true "HTTP/1.1 200 OK"
2026-03-01 20:22:50,511 - INFO - HTTP Request: PUT http://localhost:6333/collections/stock_recommendations/points?wait=true "HTTP/1.1 200 OK"
2026-03-01 20:22:50,535 - INFO - HTTP Request: PUT http://localhost:6333/collections/daily_trade_strategies/points?wait=true "HTTP/1.1 200 OK"
2026-03-01 20:22:50,540 - INFO - HTTP Request: PUT http://localhost:6333/collections/trading_results/points?wait=true "HTTP/1.1 200 OK"
2026-03-01 20:22:50,547 - INFO - HTTP Request: PUT http://localhost:6333/collections/stock_recommendations/points?wait=true "HTTP/1.1 200 OK"
2026-03-01 20:22:50,587 - INFO - HTTP Request: PUT http://localhost:6333/collections/daily_trade_strategies/points?wait=true "HTTP/1.1 200 OK"
2026-03-01 20:22:50,592 - INFO - HTTP Request: PUT http://localhost:6333/collections/trading_results/points?wait=true "HTTP/1.1 200 OK"
2026-03-01 20:22:50,617 - INFO - HTTP Request: PUT http://localhost:6333/collections/stock_recommendations/points?wait=true "HTTP/1.1 200 OK"
2026-03-01 20:22:50,665 - INFO - HTTP Request: PUT http://localhost:6333/collections/daily_trade_strategies/points?wait=true "HTTP/1.1 200 OK"
2026-03-01 20:22:50,669 - INFO - HTTP Request: PUT http://localhost:6333/collections/trading_results/points?wait=true "HTTP/1.1 200 OK"
2026-03-01 20:22:50,677 - INFO - HTTP Request: PUT http://localhost:6333/collections/stock_recommendations/points?wait=true "HTTP/1.1 200 OK"
2026-03-01 20:22:50,711 - INFO - HTTP Request: PUT http://localhost:6333/collections/daily_trade_strategies/points?wait=true "HTTP/1.1 200 OK"
2026-03-01 20:22:50,715 - INFO - HTTP Request: PUT http://localhost:6333/collections/trading_results/points?wait=true "HTTP/1.1 200 OK"
2026-03-01 20:22:50,743 - INFO - HTTP Request: PUT http://localhost:6333/collections/stock_recommendations/points?wait=true "HTTP/1.1 200 OK"
2026-03-01 20:22:50,769 - INFO - HTTP Request: PUT http://localhost:6333/collections/daily_trade_strategies/points?wait=true "HTTP/1.1 200 OK"
2026-03-01 20:22:50,772 - INFO - HTTP Request: PUT http://localhost:6333/collections/trading_results/points?wait=true "HTTP/1.1 200 OK"
2026-03-01 20:22:50,790 - INFO - HTTP Request: PUT http://localhost:6333/collections/stock_recommendations/points?wait=true "HTTP/1.1 200 OK"
2026-03-01 20:22:50,813 - INFO - HTTP Request: PUT http://localhost:6333/collections/daily_trade_strategies/points?wait=true "HTTP/1.1 200 OK"
2026-03-01 20:22:50,815 - INFO - HTTP Request: PUT http://localhost:6333/collections/trading_results/points?wait=true "HTTP/1.1 200 OK"
2026-03-01 20:22:50,824 - INFO - HTTP Request: PUT http://localhost:6333/collections/stock_recommendations/points?wait=true "HTTP/1.1 200 OK"
2026-03-01 20:22:50,870 - INFO - HTTP Request: PUT http://localhost:6333/collections/daily_trade_strategies/points?wait=true "HTTP/1.1 200 OK"
2026-03-01 20:22:50,876 - INFO - HTTP Request: PUT http://localhost:6333/collections/trading_results/points?wait=true "HTTP/1.1 200 OK"
2026-03-01 20:22:50,883 - INFO - HTTP Request: PUT http://localhost:6333/collections/stock_recommendations/points?wait=true "HTTP/1.1 200 OK"
2026-03-01 20:22:50,917 - INFO - HTTP Request: PUT http://localhost:6333/collections/daily_trade_strategies/points?wait=true "HTTP/1.1 200 OK"
2026-03-01 20:22:50,931 - INFO - HTTP Request: PUT http://localhost:6333/collections/trading_results/points?wait=true "HTTP/1.1 200 OK"
2026-03-01 20:22:50,938 - INFO - HTTP Request: PUT http://localhost:6333/collections/stock_recommendations/points?wait=true "HTTP/1.1 200 OK"
2026-03-01 20:22:50,961 - INFO - HTTP Request: PUT http://localhost:6333/collections/daily_trade_strategies/points?wait=true "HTTP/1.1 200 OK"
2026-03-01 20:22:50,964 - INFO - HTTP Request: PUT http://localhost:6333/collections/trading_results/points?wait=true "HTTP/1.1 200 OK"
2026-03-01 20:22:50,971 - INFO - HTTP Request: PUT http://localhost:6333/collections/stock_recommendations/points?wait=true "HTTP/1.1 200 OK"
2026-03-01 20:22:50,995 - INFO - HTTP Request: PUT http://localhost:6333/collections/daily_trade_strategies/points?wait=true "HTTP/1.1 200 OK"
2026-03-01 20:22:50,999 - INFO - HTTP Request: PUT http://localhost:6333/collections/trading_results/points?wait=true "HTTP/1.1 200 OK"
2026-03-01 20:22:51,006 - INFO - HTTP Request: PUT http://localhost:6333/collections/stock_recommendations/points?wait=true "HTTP/1.1 200 OK"
2026-03-01 20:22:51,033 - INFO - HTTP Request: PUT http://localhost:6333/collections/daily_trade_strategies/points?wait=true "HTTP/1.1 200 OK"
2026-03-01 20:22:51,039 - INFO - HTTP Request: PUT http://localhost:6333/collections/trading_results/points?wait=true "HTTP/1.1 200 OK"
2026-03-01 20:22:51,056 - INFO - HTTP Request: PUT http://localhost:6333/collections/stock_recommendations/points?wait=true "HTTP/1.1 200 OK"
2026-03-01 20:22:51,103 - INFO - HTTP Request: PUT http://localhost:6333/collections/daily_trade_strategies/points?wait=true "HTTP/1.1 200 OK"
2026-03-01 20:22:51,107 - INFO - HTTP Request: PUT http://localhost:6333/collections/trading_results/points?wait=true "HTTP/1.1 200 OK"
2026-03-01 20:22:51,114 - INFO - HTTP Request: PUT http://localhost:6333/collections/stock_recommendations/points?wait=true "HTTP/1.1 200 OK"
2026-03-01 20:22:51,138 - INFO - HTTP Request: PUT http://localhost:6333/collections/daily_trade_strategies/points?wait=true "HTTP/1.1 200 OK"
2026-03-01 20:22:51,141 - INFO - HTTP Request: PUT http://localhost:6333/collections/trading_results/points?wait=true "HTTP/1.1 200 OK"
2026-03-01 20:22:51,149 - INFO - HTTP Request: PUT http://localhost:6333/collections/stock_recommendations/points?wait=true "HTTP/1.1 200 OK"
2026-03-01 20:22:51,172 - INFO - HTTP Request: PUT http://localhost:6333/collections/daily_trade_strategies/points?wait=true "HTTP/1.1 200 OK"
2026-03-01 20:22:51,194 - INFO - HTTP Request: PUT http://localhost:6333/collections/trading_results/points?wait=true "HTTP/1.1 200 OK"
2026-03-01 20:22:51,201 - INFO - HTTP Request: PUT http://localhost:6333/collections/stock_recommendations/points?wait=true "HTTP/1.1 200 OK"
2026-03-01 20:22:51,225 - INFO - HTTP Request: PUT http://localhost:6333/collections/daily_trade_strategies/points?wait=true "HTTP/1.1 200 OK"
2026-03-01 20:22:51,228 - INFO - HTTP Request: PUT http://localhost:6333/collections/trading_results/points?wait=true "HTTP/1.1 200 OK"
2026-03-01 20:22:51,235 - INFO - HTTP Request: PUT http://localhost:6333/collections/stock_recommendations/points?wait=true "HTTP/1.1 200 OK"
2026-03-01 20:22:51,259 - INFO - HTTP Request: PUT http://localhost:6333/collections/daily_trade_strategies/points?wait=true "HTTP/1.1 200 OK"
2026-03-01 20:22:51,263 - INFO - HTTP Request: PUT http://localhost:6333/collections/trading_results/points?wait=true "HTTP/1.1 200 OK"
2026-03-01 20:22:51,270 - INFO - HTTP Request: PUT http://localhost:6333/collections/stock_recommendations/points?wait=true "HTTP/1.1 200 OK"
2026-03-01 20:22:51,304 - INFO - HTTP Request: PUT http://localhost:6333/collections/daily_trade_strategies/points?wait=true "HTTP/1.1 200 OK"
2026-03-01 20:22:51,317 - INFO - HTTP Request: PUT http://localhost:6333/collections/trading_results/points?wait=true "HTTP/1.1 200 OK"
2026-03-01 20:22:51,334 - INFO - HTTP Request: PUT http://localhost:6333/collections/stock_recommendations/points?wait=true "HTTP/1.1 200 OK"
2026-03-01 20:22:51,380 - INFO - HTTP Request: PUT http://localhost:6333/collections/daily_trade_strategies/points?wait=true "HTTP/1.1 200 OK"
2026-03-01 20:22:51,384 - INFO - HTTP Request: PUT http://localhost:6333/collections/trading_results/points?wait=true "HTTP/1.1 200 OK"
2026-03-01 20:22:51,394 - INFO - HTTP Request: PUT http://localhost:6333/collections/stock_recommendations/points?wait=true "HTTP/1.1 200 OK"
2026-03-01 20:22:51,424 - INFO - HTTP Request: PUT http://localhost:6333/collections/daily_trade_strategies/points?wait=true "HTTP/1.1 200 OK"
2026-03-01 20:22:51,429 - INFO - HTTP Request: PUT http://localhost:6333/collections/trading_results/points?wait=true "HTTP/1.1 200 OK"
2026-03-01 20:22:51,460 - INFO - HTTP Request: PUT http://localhost:6333/collections/stock_recommendations/points?wait=true "HTTP/1.1 200 OK"
2026-03-01 20:22:51,507 - INFO - HTTP Request: PUT http://localhost:6333/collections/daily_trade_strategies/points?wait=true "HTTP/1.1 200 OK"
2026-03-01 20:22:51,512 - INFO - HTTP Request: PUT http://localhost:6333/collections/trading_results/points?wait=true "HTTP/1.1 200 OK"
2026-03-01 20:22:51,536 - INFO - HTTP Request: PUT http://localhost:6333/collections/stock_recommendations/points?wait=true "HTTP/1.1 200 OK"
2026-03-01 20:22:51,560 - INFO - HTTP Request: PUT http://localhost:6333/collections/daily_trade_strategies/points?wait=true "HTTP/1.1 200 OK"
2026-03-01 20:22:51,563 - INFO - HTTP Request: PUT http://localhost:6333/collections/trading_results/points?wait=true "HTTP/1.1 200 OK"
2026-03-01 20:22:51,583 - INFO - HTTP Request: PUT http://localhost:6333/collections/stock_recommendations/points?wait=true "HTTP/1.1 200 OK"
2026-03-01 20:22:51,631 - INFO - HTTP Request: PUT http://localhost:6333/collections/daily_trade_strategies/points?wait=true "HTTP/1.1 200 OK"
2026-03-01 20:22:51,636 - INFO - HTTP Request: PUT http://localhost:6333/collections/trading_results/points?wait=true "HTTP/1.1 200 OK"
2026-03-01 20:22:51,645 - INFO - HTTP Request: PUT http://localhost:6333/collections/stock_recommendations/points?wait=true "HTTP/1.1 200 OK"
2026-03-01 20:22:51,676 - INFO - HTTP Request: PUT http://localhost:6333/collections/daily_trade_strategies/points?wait=true "HTTP/1.1 200 OK"
2026-03-01 20:22:51,681 - INFO - HTTP Request: PUT http://localhost:6333/collections/trading_results/points?wait=true "HTTP/1.1 200 OK"
2026-03-01 20:22:51,709 - INFO - HTTP Request: PUT http://localhost:6333/collections/stock_recommendations/points?wait=true "HTTP/1.1 200 OK"
2026-03-01 20:22:51,733 - INFO - HTTP Request: PUT http://localhost:6333/collections/daily_trade_strategies/points?wait=true "HTTP/1.1 200 OK"
2026-03-01 20:22:51,736 - INFO - HTTP Request: PUT http://localhost:6333/collections/trading_results/points?wait=true "HTTP/1.1 200 OK"
2026-03-01 20:22:51,744 - INFO - HTTP Request: PUT http://localhost:6333/collections/stock_recommendations/points?wait=true "HTTP/1.1 200 OK"
2026-03-01 20:22:51,767 - INFO - HTTP Request: PUT http://localhost:6333/collections/daily_trade_strategies/points?wait=true "HTTP/1.1 200 OK"
2026-03-01 20:22:51,770 - INFO - HTTP Request: PUT http://localhost:6333/collections/trading_results/points?wait=true "HTTP/1.1 200 OK"
2026-03-01 20:22:51,802 - INFO - HTTP Request: PUT http://localhost:6333/collections/stock_recommendations/points?wait=true "HTTP/1.1 200 OK"
2026-03-01 20:22:51,827 - INFO - HTTP Request: PUT http://localhost:6333/collections/daily_trade_strategies/points?wait=true "HTTP/1.1 200 OK"
2026-03-01 20:22:51,831 - INFO - HTTP Request: PUT http://localhost:6333/collections/trading_results/points?wait=true "HTTP/1.1 200 OK"
2026-03-01 20:22:51,863 - INFO - HTTP Request: PUT http://localhost:6333/collections/stock_recommendations/points?wait=true "HTTP/1.1 200 OK"
2026-03-01 20:22:51,895 - INFO - HTTP Request: PUT http://localhost:6333/collections/daily_trade_strategies/points?wait=true "HTTP/1.1 200 OK"
2026-03-01 20:22:51,900 - INFO - HTTP Request: PUT http://localhost:6333/collections/trading_results/points?wait=true "HTTP/1.1 200 OK"
2026-03-01 20:22:51,908 - INFO - HTTP Request: PUT http://localhost:6333/collections/stock_recommendations/points?wait=true "HTTP/1.1 200 OK"
2026-03-01 20:22:51,939 - INFO - HTTP Request: PUT http://localhost:6333/collections/daily_trade_strategies/points?wait=true "HTTP/1.1 200 OK"
2026-03-01 20:22:51,943 - INFO - HTTP Request: PUT http://localhost:6333/collections/trading_results/points?wait=true "HTTP/1.1 200 OK"
2026-03-01 20:22:51,949 - INFO - HTTP Request: PUT http://localhost:6333/collections/stock_recommendations/points?wait=true "HTTP/1.1 200 OK"
2026-03-01 20:22:51,975 - INFO - HTTP Request: PUT http://localhost:6333/collections/daily_trade_strategies/points?wait=true "HTTP/1.1 200 OK"
2026-03-01 20:22:51,978 - INFO - HTTP Request: PUT http://localhost:6333/collections/trading_results/points?wait=true "HTTP/1.1 200 OK"
2026-03-01 20:22:51,985 - INFO - HTTP Request: PUT http://localhost:6333/collections/stock_recommendations/points?wait=true "HTTP/1.1 200 OK"
2026-03-01 20:22:52,007 - INFO - HTTP Request: PUT http://localhost:6333/collections/daily_trade_strategies/points?wait=true "HTTP/1.1 200 OK"
2026-03-01 20:22:52,032 - INFO - HTTP Request: PUT http://localhost:6333/collections/trading_results/points?wait=true "HTTP/1.1 200 OK"
2026-03-01 20:22:52,038 - INFO - HTTP Request: PUT http://localhost:6333/collections/stock_recommendations/points?wait=true "HTTP/1.1 200 OK"
2026-03-01 20:22:52,080 - INFO - HTTP Request: PUT http://localhost:6333/collections/daily_trade_strategies/points?wait=true "HTTP/1.1 200 OK"
2026-03-01 20:22:52,084 - INFO - HTTP Request: PUT http://localhost:6333/collections/trading_results/points?wait=true "HTTP/1.1 200 OK"
2026-03-01 20:22:52,093 - INFO - HTTP Request: PUT http://localhost:6333/collections/stock_recommendations/points?wait=true "HTTP/1.1 200 OK"
2026-03-01 20:22:52,143 - INFO - HTTP Request: PUT http://localhost:6333/collections/daily_trade_strategies/points?wait=true "HTTP/1.1 200 OK"
2026-03-01 20:22:52,157 - INFO - HTTP Request: PUT http://localhost:6333/collections/trading_results/points?wait=true "HTTP/1.1 200 OK"
2026-03-01 20:22:52,175 - INFO - HTTP Request: PUT http://localhost:6333/collections/stock_recommendations/points?wait=true "HTTP/1.1 200 OK"
2026-03-01 20:22:52,221 - INFO - HTTP Request: PUT http://localhost:6333/collections/daily_trade_strategies/points?wait=true "HTTP/1.1 200 OK"
2026-03-01 20:22:52,235 - INFO - HTTP Request: PUT http://localhost:6333/collections/trading_results/points?wait=true "HTTP/1.1 200 OK"
2026-03-01 20:22:52,243 - INFO - HTTP Request: PUT http://localhost:6333/collections/stock_recommendations/points?wait=true "HTTP/1.1 200 OK"
2026-03-01 20:22:52,267 - INFO - HTTP Request: PUT http://localhost:6333/collections/daily_trade_strategies/points?wait=true "HTTP/1.1 200 OK"
2026-03-01 20:22:52,272 - INFO - HTTP Request: PUT http://localhost:6333/collections/trading_results/points?wait=true "HTTP/1.1 200 OK"
2026-03-01 20:22:52,279 - INFO - HTTP Request: PUT http://localhost:6333/collections/stock_recommendations/points?wait=true "HTTP/1.1 200 OK"
2026-03-01 20:22:52,313 - INFO - HTTP Request: PUT http://localhost:6333/collections/daily_trade_strategies/points?wait=true "HTTP/1.1 200 OK"
2026-03-01 20:22:52,329 - INFO - HTTP Request: PUT http://localhost:6333/collections/trading_results/points?wait=true "HTTP/1.1 200 OK"
2026-03-01 20:22:52,346 - INFO - HTTP Request: PUT http://localhost:6333/collections/stock_recommendations/points?wait=true "HTTP/1.1 200 OK"
2026-03-01 20:22:52,393 - INFO - HTTP Request: PUT http://localhost:6333/collections/daily_trade_strategies/points?wait=true "HTTP/1.1 200 OK"
2026-03-01 20:22:52,398 - INFO - HTTP Request: PUT http://localhost:6333/collections/trading_results/points?wait=true "HTTP/1.1 200 OK"
2026-03-01 20:22:52,407 - INFO - HTTP Request: PUT http://localhost:6333/collections/stock_recommendations/points?wait=true "HTTP/1.1 200 OK"
2026-03-01 20:22:52,431 - INFO - HTTP Request: PUT http://localhost:6333/collections/daily_trade_strategies/points?wait=true "HTTP/1.1 200 OK"
2026-03-01 20:22:52,434 - INFO - HTTP Request: PUT http://localhost:6333/collections/trading_results/points?wait=true "HTTP/1.1 200 OK"
2026-03-01 20:22:52,443 - INFO - HTTP Request: PUT http://localhost:6333/collections/stock_recommendations/points?wait=true "HTTP/1.1 200 OK"
2026-03-01 20:22:52,485 - INFO - HTTP Request: PUT http://localhost:6333/collections/daily_trade_strategies/points?wait=true "HTTP/1.1 200 OK"
2026-03-01 20:22:52,488 - INFO - HTTP Request: PUT http://localhost:6333/collections/trading_results/points?wait=true "HTTP/1.1 200 OK"
2026-03-01 20:22:52,495 - INFO - HTTP Request: PUT http://localhost:6333/collections/stock_recommendations/points?wait=true "HTTP/1.1 200 OK"
2026-03-01 20:22:52,519 - INFO - HTTP Request: PUT http://localhost:6333/collections/daily_trade_strategies/points?wait=true "HTTP/1.1 200 OK"
2026-03-01 20:22:52,522 - INFO - HTTP Request: PUT http://localhost:6333/collections/trading_results/points?wait=true "HTTP/1.1 200 OK"
2026-03-01 20:22:52,548 - INFO - HTTP Request: PUT http://localhost:6333/collections/stock_recommendations/points?wait=true "HTTP/1.1 200 OK"
2026-03-01 20:22:52,571 - INFO - HTTP Request: PUT http://localhost:6333/collections/daily_trade_strategies/points?wait=true "HTTP/1.1 200 OK"
2026-03-01 20:22:52,575 - INFO - HTTP Request: PUT http://localhost:6333/collections/trading_results/points?wait=true "HTTP/1.1 200 OK"
2026-03-01 20:22:52,583 - INFO - HTTP Request: PUT http://localhost:6333/collections/stock_recommendations/points?wait=true "HTTP/1.1 200 OK"
2026-03-01 20:22:52,608 - INFO - HTTP Request: PUT http://localhost:6333/collections/daily_trade_strategies/points?wait=true "HTTP/1.1 200 OK"
2026-03-01 20:22:52,612 - INFO - HTTP Request: PUT http://localhost:6333/collections/trading_results/points?wait=true "HTTP/1.1 200 OK"
2026-03-01 20:22:52,618 - INFO - HTTP Request: PUT http://localhost:6333/collections/stock_recommendations/points?wait=true "HTTP/1.1 200 OK"
2026-03-01 20:22:52,658 - INFO - HTTP Request: PUT http://localhost:6333/collections/daily_trade_strategies/points?wait=true "HTTP/1.1 200 OK"
2026-03-01 20:22:52,662 - INFO - HTTP Request: PUT http://localhost:6333/collections/trading_results/points?wait=true "HTTP/1.1 200 OK"
2026-03-01 20:22:52,670 - INFO - HTTP Request: PUT http://localhost:6333/collections/stock_recommendations/points?wait=true "HTTP/1.1 200 OK"
2026-03-01 20:22:52,695 - INFO - HTTP Request: PUT http://localhost:6333/collections/daily_trade_strategies/points?wait=true "HTTP/1.1 200 OK"
2026-03-01 20:22:52,699 - INFO - HTTP Request: PUT http://localhost:6333/collections/trading_results/points?wait=true "HTTP/1.1 200 OK"
2026-03-01 20:22:52,705 - INFO - HTTP Request: PUT http://localhost:6333/collections/stock_recommendations/points?wait=true "HTTP/1.1 200 OK"
2026-03-01 20:22:52,755 - INFO - HTTP Request: PUT http://localhost:6333/collections/daily_trade_strategies/points?wait=true "HTTP/1.1 200 OK"
2026-03-01 20:22:52,761 - INFO - HTTP Request: PUT http://localhost:6333/collections/trading_results/points?wait=true "HTTP/1.1 200 OK"
2026-03-01 20:22:52,769 - INFO - HTTP Request: PUT http://localhost:6333/collections/stock_recommendations/points?wait=true "HTTP/1.1 200 OK"
2026-03-01 20:22:52,794 - INFO - HTTP Request: PUT http://localhost:6333/collections/daily_trade_strategies/points?wait=true "HTTP/1.1 200 OK"
2026-03-01 20:22:52,799 - INFO - HTTP Request: PUT http://localhost:6333/collections/trading_results/points?wait=true "HTTP/1.1 200 OK"
2026-03-01 20:22:52,806 - INFO - HTTP Request: PUT http://localhost:6333/collections/stock_recommendations/points?wait=true "HTTP/1.1 200 OK"
2026-03-01 20:22:52,845 - INFO - HTTP Request: PUT http://localhost:6333/collections/daily_trade_strategies/points?wait=true "HTTP/1.1 200 OK"
2026-03-01 20:22:52,849 - INFO - HTTP Request: PUT http://localhost:6333/collections/trading_results/points?wait=true "HTTP/1.1 200 OK"
2026-03-01 20:22:52,856 - INFO - HTTP Request: PUT http://localhost:6333/collections/stock_recommendations/points?wait=true "HTTP/1.1 200 OK"
2026-03-01 20:22:52,892 - INFO - HTTP Request: PUT http://localhost:6333/collections/daily_trade_strategies/points?wait=true "HTTP/1.1 200 OK"
2026-03-01 20:22:52,896 - INFO - HTTP Request: PUT http://localhost:6333/collections/trading_results/points?wait=true "HTTP/1.1 200 OK"
2026-03-01 20:22:52,926 - INFO - HTTP Request: PUT http://localhost:6333/collections/stock_recommendations/points?wait=true "HTTP/1.1 200 OK"
2026-03-01 20:22:52,970 - INFO - HTTP Request: PUT http://localhost:6333/collections/daily_trade_strategies/points?wait=true "HTTP/1.1 200 OK"
2026-03-01 20:22:52,973 - INFO - HTTP Request: PUT http://localhost:6333/collections/trading_results/points?wait=true "HTTP/1.1 200 OK"
2026-03-01 20:22:53,003 - INFO - HTTP Request: PUT http://localhost:6333/collections/stock_recommendations/points?wait=true "HTTP/1.1 200 OK"
2026-03-01 20:22:53,027 - INFO - HTTP Request: PUT http://localhost:6333/collections/daily_trade_strategies/points?wait=true "HTTP/1.1 200 OK"
2026-03-01 20:22:53,030 - INFO - HTTP Request: PUT http://localhost:6333/collections/trading_results/points?wait=true "HTTP/1.1 200 OK"
2026-03-01 20:22:53,048 - INFO - HTTP Request: PUT http://localhost:6333/collections/stock_recommendations/points?wait=true "HTTP/1.1 200 OK"
2026-03-01 20:22:53,094 - INFO - HTTP Request: PUT http://localhost:6333/collections/daily_trade_strategies/points?wait=true "HTTP/1.1 200 OK"
2026-03-01 20:22:53,108 - INFO - HTTP Request: PUT http://localhost:6333/collections/trading_results/points?wait=true "HTTP/1.1 200 OK"
2026-03-01 20:22:53,116 - INFO - HTTP Request: PUT http://localhost:6333/collections/stock_recommendations/points?wait=true "HTTP/1.1 200 OK"
2026-03-01 20:22:53,143 - INFO - HTTP Request: PUT http://localhost:6333/collections/daily_trade_strategies/points?wait=true "HTTP/1.1 200 OK"
2026-03-01 20:22:53,146 - INFO - HTTP Request: PUT http://localhost:6333/collections/trading_results/points?wait=true "HTTP/1.1 200 OK"
2026-03-01 20:22:53,154 - INFO - HTTP Request: PUT http://localhost:6333/collections/stock_recommendations/points?wait=true "HTTP/1.1 200 OK"
2026-03-01 20:22:53,203 - INFO - HTTP Request: PUT http://localhost:6333/collections/daily_trade_strategies/points?wait=true "HTTP/1.1 200 OK"
2026-03-01 20:22:53,207 - INFO - HTTP Request: PUT http://localhost:6333/collections/trading_results/points?wait=true "HTTP/1.1 200 OK"
2026-03-01 20:22:53,213 - INFO - HTTP Request: PUT http://localhost:6333/collections/stock_recommendations/points?wait=true "HTTP/1.1 200 OK"
2026-03-01 20:22:53,237 - INFO - HTTP Request: PUT http://localhost:6333/collections/daily_trade_strategies/points?wait=true "HTTP/1.1 200 OK"
2026-03-01 20:22:53,240 - INFO - HTTP Request: PUT http://localhost:6333/collections/trading_results/points?wait=true "HTTP/1.1 200 OK"
2026-03-01 20:22:53,247 - INFO - HTTP Request: PUT http://localhost:6333/collections/stock_recommendations/points?wait=true "HTTP/1.1 200 OK"
2026-03-01 20:22:53,272 - INFO - HTTP Request: PUT http://localhost:6333/collections/daily_trade_strategies/points?wait=true "HTTP/1.1 200 OK"
2026-03-01 20:22:53,276 - INFO - HTTP Request: PUT http://localhost:6333/collections/trading_results/points?wait=true "HTTP/1.1 200 OK"
2026-03-01 20:22:53,283 - INFO - HTTP Request: PUT http://localhost:6333/collections/stock_recommendations/points?wait=true "HTTP/1.1 200 OK"
2026-03-01 20:22:53,306 - INFO - HTTP Request: PUT http://localhost:6333/collections/daily_trade_strategies/points?wait=true "HTTP/1.1 200 OK"
2026-03-01 20:22:53,310 - INFO - HTTP Request: PUT http://localhost:6333/collections/trading_results/points?wait=true "HTTP/1.1 200 OK"
2026-03-01 20:22:53,317 - INFO - HTTP Request: PUT http://localhost:6333/collections/stock_recommendations/points?wait=true "HTTP/1.1 200 OK"
2026-03-01 20:22:53,359 - INFO - HTTP Request: PUT http://localhost:6333/collections/daily_trade_strategies/points?wait=true "HTTP/1.1 200 OK"
2026-03-01 20:22:53,374 - INFO - HTTP Request: PUT http://localhost:6333/collections/trading_results/points?wait=true "HTTP/1.1 200 OK"
2026-03-01 20:22:53,382 - INFO - HTTP Request: PUT http://localhost:6333/collections/stock_recommendations/points?wait=true "HTTP/1.1 200 OK"
2026-03-01 20:22:53,417 - INFO - HTTP Request: PUT http://localhost:6333/collections/daily_trade_strategies/points?wait=true "HTTP/1.1 200 OK"
2026-03-01 20:22:53,421 - INFO - HTTP Request: PUT http://localhost:6333/collections/trading_results/points?wait=true "HTTP/1.1 200 OK"
2026-03-01 20:22:53,431 - INFO - HTTP Request: PUT http://localhost:6333/collections/stock_recommendations/points?wait=true "HTTP/1.1 200 OK"
2026-03-01 20:22:53,461 - INFO - HTTP Request: PUT http://localhost:6333/collections/daily_trade_strategies/points?wait=true "HTTP/1.1 200 OK"
2026-03-01 20:22:53,465 - INFO - HTTP Request: PUT http://localhost:6333/collections/trading_results/points?wait=true "HTTP/1.1 200 OK"
2026-03-01 20:22:53,474 - INFO - HTTP Request: PUT http://localhost:6333/collections/stock_recommendations/points?wait=true "HTTP/1.1 200 OK"
2026-03-01 20:22:53,501 - INFO - HTTP Request: PUT http://localhost:6333/collections/daily_trade_strategies/points?wait=true "HTTP/1.1 200 OK"
2026-03-01 20:22:53,504 - INFO - HTTP Request: PUT http://localhost:6333/collections/trading_results/points?wait=true "HTTP/1.1 200 OK"
2026-03-01 20:22:53,511 - INFO - HTTP Request: PUT http://localhost:6333/collections/stock_recommendations/points?wait=true "HTTP/1.1 200 OK"
2026-03-01 20:22:53,535 - INFO - HTTP Request: PUT http://localhost:6333/collections/daily_trade_strategies/points?wait=true "HTTP/1.1 200 OK"
2026-03-01 20:22:53,538 - INFO - HTTP Request: PUT http://localhost:6333/collections/trading_results/points?wait=true "HTTP/1.1 200 OK"
2026-03-01 20:22:53,561 - INFO - HTTP Request: PUT http://localhost:6333/collections/stock_recommendations/points?wait=true "HTTP/1.1 200 OK"
2026-03-01 20:22:53,588 - INFO - HTTP Request: PUT http://localhost:6333/collections/daily_trade_strategies/points?wait=true "HTTP/1.1 200 OK"
2026-03-01 20:22:53,592 - INFO - HTTP Request: PUT http://localhost:6333/collections/trading_results/points?wait=true "HTTP/1.1 200 OK"
2026-03-01 20:22:53,598 - INFO - HTTP Request: PUT http://localhost:6333/collections/stock_recommendations/points?wait=true "HTTP/1.1 200 OK"
2026-03-01 20:22:53,622 - INFO - HTTP Request: PUT http://localhost:6333/collections/daily_trade_strategies/points?wait=true "HTTP/1.1 200 OK"
2026-03-01 20:22:53,628 - INFO - HTTP Request: PUT http://localhost:6333/collections/trading_results/points?wait=true "HTTP/1.1 200 OK"
2026-03-01 20:22:53,635 - INFO - HTTP Request: PUT http://localhost:6333/collections/stock_recommendations/points?wait=true "HTTP/1.1 200 OK"
2026-03-01 20:22:53,661 - INFO - HTTP Request: PUT http://localhost:6333/collections/daily_trade_strategies/points?wait=true "HTTP/1.1 200 OK"
2026-03-01 20:22:53,683 - INFO - HTTP Request: PUT http://localhost:6333/collections/trading_results/points?wait=true "HTTP/1.1 200 OK"
2026-03-01 20:22:53,692 - INFO - HTTP Request: PUT http://localhost:6333/collections/stock_recommendations/points?wait=true "HTTP/1.1 200 OK"
2026-03-01 20:22:53,717 - INFO - HTTP Request: PUT http://localhost:6333/collections/daily_trade_strategies/points?wait=true "HTTP/1.1 200 OK"
2026-03-01 20:22:53,722 - INFO - HTTP Request: PUT http://localhost:6333/collections/trading_results/points?wait=true "HTTP/1.1 200 OK"
2026-03-01 20:22:53,728 - INFO - HTTP Request: PUT http://localhost:6333/collections/stock_recommendations/points?wait=true "HTTP/1.1 200 OK"
2026-03-01 20:22:53,751 - INFO - HTTP Request: PUT http://localhost:6333/collections/daily_trade_strategies/points?wait=true "HTTP/1.1 200 OK"
2026-03-01 20:22:53,755 - INFO - HTTP Request: PUT http://localhost:6333/collections/trading_results/points?wait=true "HTTP/1.1 200 OK"
2026-03-01 20:22:53,763 - INFO - HTTP Request: PUT http://localhost:6333/collections/stock_recommendations/points?wait=true "HTTP/1.1 200 OK"
2026-03-01 20:22:53,807 - INFO - HTTP Request: PUT http://localhost:6333/collections/daily_trade_strategies/points?wait=true "HTTP/1.1 200 OK"
2026-03-01 20:22:53,822 - INFO - HTTP Request: PUT http://localhost:6333/collections/trading_results/points?wait=true "HTTP/1.1 200 OK"
2026-03-01 20:22:53,832 - INFO - HTTP Request: PUT http://localhost:6333/collections/stock_recommendations/points?wait=true "HTTP/1.1 200 OK"
2026-03-01 20:22:53,865 - INFO - HTTP Request: PUT http://localhost:6333/collections/daily_trade_strategies/points?wait=true "HTTP/1.1 200 OK"
2026-03-01 20:22:53,872 - INFO - HTTP Request: PUT http://localhost:6333/collections/trading_results/points?wait=true "HTTP/1.1 200 OK"
2026-03-01 20:22:53,881 - INFO - HTTP Request: PUT http://localhost:6333/collections/stock_recommendations/points?wait=true "HTTP/1.1 200 OK"
2026-03-01 20:22:53,923 - INFO - HTTP Request: PUT http://localhost:6333/collections/daily_trade_strategies/points?wait=true "HTTP/1.1 200 OK"
2026-03-01 20:22:53,928 - INFO - HTTP Request: PUT http://localhost:6333/collections/trading_results/points?wait=true "HTTP/1.1 200 OK"
2026-03-01 20:22:53,948 - INFO - HTTP Request: PUT http://localhost:6333/collections/stock_recommendations/points?wait=true "HTTP/1.1 200 OK"
2026-03-01 20:22:53,981 - INFO - HTTP Request: PUT http://localhost:6333/collections/daily_trade_strategies/points?wait=true "HTTP/1.1 200 OK"
2026-03-01 20:22:53,984 - INFO - HTTP Request: PUT http://localhost:6333/collections/trading_results/points?wait=true "HTTP/1.1 200 OK"
2026-03-01 20:22:53,991 - INFO - HTTP Request: PUT http://localhost:6333/collections/stock_recommendations/points?wait=true "HTTP/1.1 200 OK"
2026-03-01 20:22:54,016 - INFO - HTTP Request: PUT http://localhost:6333/collections/daily_trade_strategies/points?wait=true "HTTP/1.1 200 OK"
2026-03-01 20:22:54,019 - INFO - HTTP Request: PUT http://localhost:6333/collections/trading_results/points?wait=true "HTTP/1.1 200 OK"
2026-03-01 20:22:54,042 - INFO - HTTP Request: PUT http://localhost:6333/collections/stock_recommendations/points?wait=true "HTTP/1.1 200 OK"
2026-03-01 20:22:54,066 - INFO - HTTP Request: PUT http://localhost:6333/collections/daily_trade_strategies/points?wait=true "HTTP/1.1 200 OK"
2026-03-01 20:22:54,071 - INFO - HTTP Request: PUT http://localhost:6333/collections/trading_results/points?wait=true "HTTP/1.1 200 OK"
2026-03-01 20:22:54,090 - INFO - HTTP Request: PUT http://localhost:6333/collections/stock_recommendations/points?wait=true "HTTP/1.1 200 OK"
2026-03-01 20:22:54,114 - INFO - HTTP Request: PUT http://localhost:6333/collections/daily_trade_strategies/points?wait=true "HTTP/1.1 200 OK"
2026-03-01 20:22:54,117 - INFO - HTTP Request: PUT http://localhost:6333/collections/trading_results/points?wait=true "HTTP/1.1 200 OK"
2026-03-01 20:22:54,128 - INFO - HTTP Request: PUT http://localhost:6333/collections/stock_recommendations/points?wait=true "HTTP/1.1 200 OK"
2026-03-01 20:22:54,151 - INFO - HTTP Request: PUT http://localhost:6333/collections/daily_trade_strategies/points?wait=true "HTTP/1.1 200 OK"
2026-03-01 20:22:54,154 - INFO - HTTP Request: PUT http://localhost:6333/collections/trading_results/points?wait=true "HTTP/1.1 200 OK"
2026-03-01 20:22:54,159 - INFO - HTTP Request: PUT http://localhost:6333/collections/stock_recommendations/points?wait=true "HTTP/1.1 200 OK"
2026-03-01 20:22:54,197 - INFO - HTTP Request: PUT http://localhost:6333/collections/daily_trade_strategies/points?wait=true "HTTP/1.1 200 OK"
2026-03-01 20:22:54,200 - INFO - HTTP Request: PUT http://localhost:6333/collections/trading_results/points?wait=true "HTTP/1.1 200 OK"
2026-03-01 20:22:54,207 - INFO - HTTP Request: PUT http://localhost:6333/collections/stock_recommendations/points?wait=true "HTTP/1.1 200 OK"
2026-03-01 20:22:54,244 - INFO - HTTP Request: PUT http://localhost:6333/collections/daily_trade_strategies/points?wait=true "HTTP/1.1 200 OK"
2026-03-01 20:22:54,247 - INFO - HTTP Request: PUT http://localhost:6333/collections/trading_results/points?wait=true "HTTP/1.1 200 OK"
2026-03-01 20:22:54,254 - INFO - HTTP Request: PUT http://localhost:6333/collections/stock_recommendations/points?wait=true "HTTP/1.1 200 OK"
2026-03-01 20:22:54,280 - INFO - HTTP Request: PUT http://localhost:6333/collections/daily_trade_strategies/points?wait=true "HTTP/1.1 200 OK"
2026-03-01 20:22:54,283 - INFO - HTTP Request: PUT http://localhost:6333/collections/trading_results/points?wait=true "HTTP/1.1 200 OK"
2026-03-01 20:22:54,292 - INFO - HTTP Request: PUT http://localhost:6333/collections/stock_recommendations/points?wait=true "HTTP/1.1 200 OK"
2026-03-01 20:22:54,318 - INFO - HTTP Request: PUT http://localhost:6333/collections/daily_trade_strategies/points?wait=true "HTTP/1.1 200 OK"
2026-03-01 20:22:54,320 - INFO - HTTP Request: PUT http://localhost:6333/collections/trading_results/points?wait=true "HTTP/1.1 200 OK"
2026-03-01 20:22:54,327 - INFO - HTTP Request: PUT http://localhost:6333/collections/stock_recommendations/points?wait=true "HTTP/1.1 200 OK"
2026-03-01 20:22:54,350 - INFO - HTTP Request: PUT http://localhost:6333/collections/daily_trade_strategies/points?wait=true "HTTP/1.1 200 OK"
2026-03-01 20:22:54,354 - INFO - HTTP Request: PUT http://localhost:6333/collections/trading_results/points?wait=true "HTTP/1.1 200 OK"
2026-03-01 20:22:54,384 - INFO - HTTP Request: PUT http://localhost:6333/collections/stock_recommendations/points?wait=true "HTTP/1.1 200 OK"
2026-03-01 20:22:54,410 - INFO - HTTP Request: PUT http://localhost:6333/collections/daily_trade_strategies/points?wait=true "HTTP/1.1 200 OK"
2026-03-01 20:22:54,414 - INFO - HTTP Request: PUT http://localhost:6333/collections/trading_results/points?wait=true "HTTP/1.1 200 OK"
2026-03-01 20:22:54,446 - INFO - HTTP Request: PUT http://localhost:6333/collections/stock_recommendations/points?wait=true "HTTP/1.1 200 OK"
2026-03-01 20:22:54,493 - INFO - HTTP Request: PUT http://localhost:6333/collections/daily_trade_strategies/points?wait=true "HTTP/1.1 200 OK"
2026-03-01 20:22:54,497 - INFO - HTTP Request: PUT http://localhost:6333/collections/trading_results/points?wait=true "HTTP/1.1 200 OK"
2026-03-01 20:22:54,503 - INFO - HTTP Request: PUT http://localhost:6333/collections/stock_recommendations/points?wait=true "HTTP/1.1 200 OK"
2026-03-01 20:22:54,529 - INFO - HTTP Request: PUT http://localhost:6333/collections/daily_trade_strategies/points?wait=true "HTTP/1.1 200 OK"
2026-03-01 20:22:54,531 - INFO - HTTP Request: PUT http://localhost:6333/collections/trading_results/points?wait=true "HTTP/1.1 200 OK"
2026-03-01 20:22:54,538 - INFO - HTTP Request: PUT http://localhost:6333/collections/stock_recommendations/points?wait=true "HTTP/1.1 200 OK"
2026-03-01 20:22:54,586 - INFO - HTTP Request: PUT http://localhost:6333/collections/daily_trade_strategies/points?wait=true "HTTP/1.1 200 OK"
2026-03-01 20:22:54,594 - INFO - HTTP Request: PUT http://localhost:6333/collections/trading_results/points?wait=true "HTTP/1.1 200 OK"
2026-03-01 20:22:54,601 - INFO - HTTP Request: PUT http://localhost:6333/collections/stock_recommendations/points?wait=true "HTTP/1.1 200 OK"
2026-03-01 20:22:54,630 - INFO - HTTP Request: PUT http://localhost:6333/collections/daily_trade_strategies/points?wait=true "HTTP/1.1 200 OK"
2026-03-01 20:22:54,646 - INFO - HTTP Request: PUT http://localhost:6333/collections/trading_results/points?wait=true "HTTP/1.1 200 OK"
2026-03-01 20:22:54,652 - INFO - HTTP Request: PUT http://localhost:6333/collections/stock_recommendations/points?wait=true "HTTP/1.1 200 OK"
2026-03-01 20:22:54,681 - INFO - HTTP Request: PUT http://localhost:6333/collections/daily_trade_strategies/points?wait=true "HTTP/1.1 200 OK"
2026-03-01 20:22:54,685 - INFO - HTTP Request: PUT http://localhost:6333/collections/trading_results/points?wait=true "HTTP/1.1 200 OK"
2026-03-01 20:22:54,692 - INFO - HTTP Request: PUT http://localhost:6333/collections/stock_recommendations/points?wait=true "HTTP/1.1 200 OK"
2026-03-01 20:22:54,726 - INFO - HTTP Request: PUT http://localhost:6333/collections/daily_trade_strategies/points?wait=true "HTTP/1.1 200 OK"
2026-03-01 20:22:54,733 - INFO - HTTP Request: PUT http://localhost:6333/collections/trading_results/points?wait=true "HTTP/1.1 200 OK"
2026-03-01 20:22:54,759 - INFO - HTTP Request: PUT http://localhost:6333/collections/stock_recommendations/points?wait=true "HTTP/1.1 200 OK"
2026-03-01 20:22:54,791 - INFO - HTTP Request: PUT http://localhost:6333/collections/daily_trade_strategies/points?wait=true "HTTP/1.1 200 OK"
2026-03-01 20:22:54,795 - INFO - HTTP Request: PUT http://localhost:6333/collections/trading_results/points?wait=true "HTTP/1.1 200 OK"
2026-03-01 20:22:54,804 - INFO - HTTP Request: PUT http://localhost:6333/collections/stock_recommendations/points?wait=true "HTTP/1.1 200 OK"
2026-03-01 20:22:54,829 - INFO - HTTP Request: PUT http://localhost:6333/collections/daily_trade_strategies/points?wait=true "HTTP/1.1 200 OK"
2026-03-01 20:22:54,832 - INFO - HTTP Request: PUT http://localhost:6333/collections/trading_results/points?wait=true "HTTP/1.1 200 OK"
2026-03-01 20:22:54,839 - INFO - HTTP Request: PUT http://localhost:6333/collections/stock_recommendations/points?wait=true "HTTP/1.1 200 OK"
2026-03-01 20:22:54,863 - INFO - HTTP Request: PUT http://localhost:6333/collections/daily_trade_strategies/points?wait=true "HTTP/1.1 200 OK"
2026-03-01 20:22:54,866 - INFO - HTTP Request: PUT http://localhost:6333/collections/trading_results/points?wait=true "HTTP/1.1 200 OK"
2026-03-01 20:22:54,874 - INFO - HTTP Request: PUT http://localhost:6333/collections/stock_recommendations/points?wait=true "HTTP/1.1 200 OK"
2026-03-01 20:22:54,917 - INFO - HTTP Request: PUT http://localhost:6333/collections/daily_trade_strategies/points?wait=true "HTTP/1.1 200 OK"
2026-03-01 20:22:54,932 - INFO - HTTP Request: PUT http://localhost:6333/collections/trading_results/points?wait=true "HTTP/1.1 200 OK"
2026-03-01 20:22:54,941 - INFO - HTTP Request: PUT http://localhost:6333/collections/stock_recommendations/points?wait=true "HTTP/1.1 200 OK"
2026-03-01 20:22:54,967 - INFO - HTTP Request: PUT http://localhost:6333/collections/daily_trade_strategies/points?wait=true "HTTP/1.1 200 OK"
2026-03-01 20:22:54,995 - INFO - HTTP Request: PUT http://localhost:6333/collections/trading_results/points?wait=true "HTTP/1.1 200 OK"
2026-03-01 20:22:55,005 - INFO - HTTP Request: PUT http://localhost:6333/collections/stock_recommendations/points?wait=true "HTTP/1.1 200 OK"
2026-03-01 20:22:55,040 - INFO - HTTP Request: PUT http://localhost:6333/collections/daily_trade_strategies/points?wait=true "HTTP/1.1 200 OK"
2026-03-01 20:22:55,045 - INFO - HTTP Request: PUT http://localhost:6333/collections/trading_results/points?wait=true "HTTP/1.1 200 OK"
2026-03-01 20:22:55,054 - INFO - HTTP Request: PUT http://localhost:6333/collections/stock_recommendations/points?wait=true "HTTP/1.1 200 OK"
2026-03-01 20:22:55,079 - INFO - HTTP Request: PUT http://localhost:6333/collections/daily_trade_strategies/points?wait=true "HTTP/1.1 200 OK"
2026-03-01 20:22:55,103 - INFO - HTTP Request: PUT http://localhost:6333/collections/trading_results/points?wait=true "HTTP/1.1 200 OK"
2026-03-01 20:22:55,112 - INFO - HTTP Request: PUT http://localhost:6333/collections/stock_recommendations/points?wait=true "HTTP/1.1 200 OK"
2026-03-01 20:22:55,150 - INFO - HTTP Request: PUT http://localhost:6333/collections/daily_trade_strategies/points?wait=true "HTTP/1.1 200 OK"
2026-03-01 20:22:55,154 - INFO - HTTP Request: PUT http://localhost:6333/collections/trading_results/points?wait=true "HTTP/1.1 200 OK"
2026-03-01 20:22:55,161 - INFO - HTTP Request: PUT http://localhost:6333/collections/stock_recommendations/points?wait=true "HTTP/1.1 200 OK"
2026-03-01 20:22:55,185 - INFO - HTTP Request: PUT http://localhost:6333/collections/daily_trade_strategies/points?wait=true "HTTP/1.1 200 OK"
2026-03-01 20:22:55,188 - INFO - HTTP Request: PUT http://localhost:6333/collections/trading_results/points?wait=true "HTTP/1.1 200 OK"
2026-03-01 20:22:55,196 - INFO - HTTP Request: PUT http://localhost:6333/collections/stock_recommendations/points?wait=true "HTTP/1.1 200 OK"
2026-03-01 20:22:55,220 - INFO - HTTP Request: PUT http://localhost:6333/collections/daily_trade_strategies/points?wait=true "HTTP/1.1 200 OK"
2026-03-01 20:22:55,224 - INFO - HTTP Request: PUT http://localhost:6333/collections/trading_results/points?wait=true "HTTP/1.1 200 OK"
2026-03-01 20:22:55,231 - INFO - HTTP Request: PUT http://localhost:6333/collections/stock_recommendations/points?wait=true "HTTP/1.1 200 OK"
2026-03-01 20:22:55,277 - INFO - HTTP Request: PUT http://localhost:6333/collections/daily_trade_strategies/points?wait=true "HTTP/1.1 200 OK"
2026-03-01 20:22:55,282 - INFO - HTTP Request: PUT http://localhost:6333/collections/trading_results/points?wait=true "HTTP/1.1 200 OK"
2026-03-01 20:22:55,292 - INFO - HTTP Request: PUT http://localhost:6333/collections/stock_recommendations/points?wait=true "HTTP/1.1 200 OK"
2026-03-01 20:22:55,317 - INFO - HTTP Request: PUT http://localhost:6333/collections/daily_trade_strategies/points?wait=true "HTTP/1.1 200 OK"
2026-03-01 20:22:55,319 - INFO - HTTP Request: PUT http://localhost:6333/collections/trading_results/points?wait=true "HTTP/1.1 200 OK"
2026-03-01 20:22:55,327 - INFO - HTTP Request: PUT http://localhost:6333/collections/stock_recommendations/points?wait=true "HTTP/1.1 200 OK"
2026-03-01 20:22:55,356 - INFO - HTTP Request: PUT http://localhost:6333/collections/daily_trade_strategies/points?wait=true "HTTP/1.1 200 OK"
2026-03-01 20:22:55,360 - INFO - HTTP Request: PUT http://localhost:6333/collections/trading_results/points?wait=true "HTTP/1.1 200 OK"
2026-03-01 20:22:55,365 - INFO - HTTP Request: PUT http://localhost:6333/collections/stock_recommendations/points?wait=true "HTTP/1.1 200 OK"
2026-03-01 20:22:55,389 - INFO - HTTP Request: PUT http://localhost:6333/collections/daily_trade_strategies/points?wait=true "HTTP/1.1 200 OK"
2026-03-01 20:22:55,415 - INFO - HTTP Request: PUT http://localhost:6333/collections/trading_results/points?wait=true "HTTP/1.1 200 OK"
2026-03-01 20:22:55,448 - INFO - HTTP Request: PUT http://localhost:6333/collections/stock_recommendations/points?wait=true "HTTP/1.1 200 OK"
2026-03-01 20:22:55,485 - INFO - HTTP Request: PUT http://localhost:6333/collections/daily_trade_strategies/points?wait=true "HTTP/1.1 200 OK"
2026-03-01 20:22:55,489 - INFO - HTTP Request: PUT http://localhost:6333/collections/trading_results/points?wait=true "HTTP/1.1 200 OK"
2026-03-01 20:22:55,499 - INFO - HTTP Request: PUT http://localhost:6333/collections/stock_recommendations/points?wait=true "HTTP/1.1 200 OK"
2026-03-01 20:22:55,527 - INFO - HTTP Request: PUT http://localhost:6333/collections/daily_trade_strategies/points?wait=true "HTTP/1.1 200 OK"
2026-03-01 20:22:55,531 - INFO - HTTP Request: PUT http://localhost:6333/collections/trading_results/points?wait=true "HTTP/1.1 200 OK"
2026-03-01 20:22:55,538 - INFO - HTTP Request: PUT http://localhost:6333/collections/stock_recommendations/points?wait=true "HTTP/1.1 200 OK"
2026-03-01 20:22:55,563 - INFO - HTTP Request: PUT http://localhost:6333/collections/daily_trade_strategies/points?wait=true "HTTP/1.1 200 OK"
2026-03-01 20:22:55,566 - INFO - HTTP Request: PUT http://localhost:6333/collections/trading_results/points?wait=true "HTTP/1.1 200 OK"
2026-03-01 20:22:55,573 - INFO - HTTP Request: PUT http://localhost:6333/collections/stock_recommendations/points?wait=true "HTTP/1.1 200 OK"
2026-03-01 20:22:55,598 - INFO - HTTP Request: PUT http://localhost:6333/collections/daily_trade_strategies/points?wait=true "HTTP/1.1 200 OK"
2026-03-01 20:22:55,603 - INFO - HTTP Request: PUT http://localhost:6333/collections/trading_results/points?wait=true "HTTP/1.1 200 OK"
2026-03-01 20:22:55,610 - INFO - HTTP Request: PUT http://localhost:6333/collections/stock_recommendations/points?wait=true "HTTP/1.1 200 OK"
2026-03-01 20:22:55,637 - INFO - HTTP Request: PUT http://localhost:6333/collections/daily_trade_strategies/points?wait=true "HTTP/1.1 200 OK"
2026-03-01 20:22:55,639 - INFO - HTTP Request: PUT http://localhost:6333/collections/trading_results/points?wait=true "HTTP/1.1 200 OK"
2026-03-01 20:22:55,647 - INFO - HTTP Request: PUT http://localhost:6333/collections/stock_recommendations/points?wait=true "HTTP/1.1 200 OK"
2026-03-01 20:22:55,680 - INFO - HTTP Request: PUT http://localhost:6333/collections/daily_trade_strategies/points?wait=true "HTTP/1.1 200 OK"
2026-03-01 20:22:55,683 - INFO - HTTP Request: PUT http://localhost:6333/collections/trading_results/points?wait=true "HTTP/1.1 200 OK"
2026-03-01 20:22:55,690 - INFO - HTTP Request: PUT http://localhost:6333/collections/stock_recommendations/points?wait=true "HTTP/1.1 200 OK"
2026-03-01 20:22:55,715 - INFO - HTTP Request: PUT http://localhost:6333/collections/daily_trade_strategies/points?wait=true "HTTP/1.1 200 OK"
2026-03-01 20:22:55,719 - INFO - HTTP Request: PUT http://localhost:6333/collections/trading_results/points?wait=true "HTTP/1.1 200 OK"
2026-03-01 20:22:55,726 - INFO - HTTP Request: PUT http://localhost:6333/collections/stock_recommendations/points?wait=true "HTTP/1.1 200 OK"
2026-03-01 20:22:55,775 - INFO - HTTP Request: PUT http://localhost:6333/collections/daily_trade_strategies/points?wait=true "HTTP/1.1 200 OK"
2026-03-01 20:22:55,803 - INFO - HTTP Request: PUT http://localhost:6333/collections/trading_results/points?wait=true "HTTP/1.1 200 OK"
2026-03-01 20:22:55,809 - INFO - HTTP Request: PUT http://localhost:6333/collections/stock_recommendations/points?wait=true "HTTP/1.1 200 OK"
2026-03-01 20:22:55,834 - INFO - HTTP Request: PUT http://localhost:6333/collections/daily_trade_strategies/points?wait=true "HTTP/1.1 200 OK"
2026-03-01 20:22:55,837 - INFO - HTTP Request: PUT http://localhost:6333/collections/trading_results/points?wait=true "HTTP/1.1 200 OK"
2026-03-01 20:22:55,843 - INFO - HTTP Request: PUT http://localhost:6333/collections/stock_recommendations/points?wait=true "HTTP/1.1 200 OK"
2026-03-01 20:22:55,865 - INFO - HTTP Request: PUT http://localhost:6333/collections/daily_trade_strategies/points?wait=true "HTTP/1.1 200 OK"
2026-03-01 20:22:55,869 - INFO - HTTP Request: PUT http://localhost:6333/collections/trading_results/points?wait=true "HTTP/1.1 200 OK"
2026-03-01 20:22:55,896 - INFO - HTTP Request: PUT http://localhost:6333/collections/stock_recommendations/points?wait=true "HTTP/1.1 200 OK"
2026-03-01 20:22:55,924 - INFO - HTTP Request: PUT http://localhost:6333/collections/daily_trade_strategies/points?wait=true "HTTP/1.1 200 OK"
2026-03-01 20:22:55,930 - INFO - HTTP Request: PUT http://localhost:6333/collections/trading_results/points?wait=true "HTTP/1.1 200 OK"
2026-03-01 20:22:55,940 - INFO - HTTP Request: PUT http://localhost:6333/collections/stock_recommendations/points?wait=true "HTTP/1.1 200 OK"
2026-03-01 20:22:55,968 - INFO - HTTP Request: PUT http://localhost:6333/collections/daily_trade_strategies/points?wait=true "HTTP/1.1 200 OK"
2026-03-01 20:22:55,988 - INFO - HTTP Request: PUT http://localhost:6333/collections/trading_results/points?wait=true "HTTP/1.1 200 OK"
2026-03-01 20:22:56,005 - INFO - HTTP Request: PUT http://localhost:6333/collections/stock_recommendations/points?wait=true "HTTP/1.1 200 OK"
2026-03-01 20:22:56,035 - INFO - HTTP Request: PUT http://localhost:6333/collections/daily_trade_strategies/points?wait=true "HTTP/1.1 200 OK"
2026-03-01 20:22:56,039 - INFO - HTTP Request: PUT http://localhost:6333/collections/trading_results/points?wait=true "HTTP/1.1 200 OK"
2026-03-01 20:22:56,048 - INFO - HTTP Request: PUT http://localhost:6333/collections/stock_recommendations/points?wait=true "HTTP/1.1 200 OK"
2026-03-01 20:22:56,084 - INFO - HTTP Request: PUT http://localhost:6333/collections/daily_trade_strategies/points?wait=true "HTTP/1.1 200 OK"
2026-03-01 20:22:56,088 - INFO - HTTP Request: PUT http://localhost:6333/collections/trading_results/points?wait=true "HTTP/1.1 200 OK"
2026-03-01 20:22:56,098 - INFO - HTTP Request: PUT http://localhost:6333/collections/stock_recommendations/points?wait=true "HTTP/1.1 200 OK"
2026-03-01 20:22:56,134 - INFO - HTTP Request: PUT http://localhost:6333/collections/daily_trade_strategies/points?wait=true "HTTP/1.1 200 OK"
2026-03-01 20:22:56,156 - INFO - HTTP Request: PUT http://localhost:6333/collections/trading_results/points?wait=true "HTTP/1.1 200 OK"
2026-03-01 20:22:56,166 - INFO - HTTP Request: PUT http://localhost:6333/collections/stock_recommendations/points?wait=true "HTTP/1.1 200 OK"
2026-03-01 20:22:56,197 - INFO - HTTP Request: PUT http://localhost:6333/collections/daily_trade_strategies/points?wait=true "HTTP/1.1 200 OK"
2026-03-01 20:22:56,218 - INFO - HTTP Request: PUT http://localhost:6333/collections/trading_results/points?wait=true "HTTP/1.1 200 OK"
2026-03-01 20:22:56,228 - INFO - HTTP Request: PUT http://localhost:6333/collections/stock_recommendations/points?wait=true "HTTP/1.1 200 OK"
2026-03-01 20:22:56,266 - INFO - HTTP Request: PUT http://localhost:6333/collections/daily_trade_strategies/points?wait=true "HTTP/1.1 200 OK"
2026-03-01 20:22:56,269 - INFO - HTTP Request: PUT http://localhost:6333/collections/trading_results/points?wait=true "HTTP/1.1 200 OK"
2026-03-01 20:22:56,297 - INFO - HTTP Request: PUT http://localhost:6333/collections/stock_recommendations/points?wait=true "HTTP/1.1 200 OK"
2026-03-01 20:22:56,346 - INFO - HTTP Request: PUT http://localhost:6333/collections/daily_trade_strategies/points?wait=true "HTTP/1.1 200 OK"
2026-03-01 20:22:56,376 - INFO - HTTP Request: PUT http://localhost:6333/collections/trading_results/points?wait=true "HTTP/1.1 200 OK"
2026-03-01 20:22:56,392 - INFO - HTTP Request: PUT http://localhost:6333/collections/stock_recommendations/points?wait=true "HTTP/1.1 200 OK"
2026-03-01 20:22:56,439 - INFO - HTTP Request: PUT http://localhost:6333/collections/daily_trade_strategies/points?wait=true "HTTP/1.1 200 OK"
2026-03-01 20:22:56,443 - INFO - HTTP Request: PUT http://localhost:6333/collections/trading_results/points?wait=true "HTTP/1.1 200 OK"
2026-03-01 20:22:56,470 - INFO - HTTP Request: PUT http://localhost:6333/collections/stock_recommendations/points?wait=true "HTTP/1.1 200 OK"
2026-03-01 20:22:56,517 - INFO - HTTP Request: PUT http://localhost:6333/collections/daily_trade_strategies/points?wait=true "HTTP/1.1 200 OK"
2026-03-01 20:22:56,548 - INFO - HTTP Request: PUT http://localhost:6333/collections/trading_results/points?wait=true "HTTP/1.1 200 OK"
2026-03-01 20:22:56,563 - INFO - HTTP Request: PUT http://localhost:6333/collections/stock_recommendations/points?wait=true "HTTP/1.1 200 OK"
2026-03-01 20:22:56,612 - INFO - HTTP Request: PUT http://localhost:6333/collections/daily_trade_strategies/points?wait=true "HTTP/1.1 200 OK"
2026-03-01 20:22:56,617 - INFO - HTTP Request: PUT http://localhost:6333/collections/trading_results/points?wait=true "HTTP/1.1 200 OK"
2026-03-01 20:22:56,623 - INFO - HTTP Request: PUT http://localhost:6333/collections/stock_recommendations/points?wait=true "HTTP/1.1 200 OK"
2026-03-01 20:22:56,647 - INFO - HTTP Request: PUT http://localhost:6333/collections/daily_trade_strategies/points?wait=true "HTTP/1.1 200 OK"
2026-03-01 20:22:56,650 - INFO - HTTP Request: PUT http://localhost:6333/collections/trading_results/points?wait=true "HTTP/1.1 200 OK"
2026-03-01 20:22:56,660 - INFO - HTTP Request: PUT http://localhost:6333/collections/stock_recommendations/points?wait=true "HTTP/1.1 200 OK"
2026-03-01 20:22:56,703 - INFO - HTTP Request: PUT http://localhost:6333/collections/daily_trade_strategies/points?wait=true "HTTP/1.1 200 OK"
2026-03-01 20:22:56,707 - INFO - HTTP Request: PUT http://localhost:6333/collections/trading_results/points?wait=true "HTTP/1.1 200 OK"
2026-03-01 20:22:56,734 - INFO - HTTP Request: PUT http://localhost:6333/collections/stock_recommendations/points?wait=true "HTTP/1.1 200 OK"
2026-03-01 20:22:56,783 - INFO - HTTP Request: PUT http://localhost:6333/collections/daily_trade_strategies/points?wait=true "HTTP/1.1 200 OK"
2026-03-01 20:22:56,787 - INFO - HTTP Request: PUT http://localhost:6333/collections/trading_results/points?wait=true "HTTP/1.1 200 OK"
2026-03-01 20:22:56,798 - INFO - HTTP Request: PUT http://localhost:6333/collections/stock_recommendations/points?wait=true "HTTP/1.1 200 OK"
2026-03-01 20:22:56,822 - INFO - HTTP Request: PUT http://localhost:6333/collections/daily_trade_strategies/points?wait=true "HTTP/1.1 200 OK"
2026-03-01 20:22:56,828 - INFO - HTTP Request: PUT http://localhost:6333/collections/trading_results/points?wait=true "HTTP/1.1 200 OK"
2026-03-01 20:22:56,839 - INFO - HTTP Request: PUT http://localhost:6333/collections/stock_recommendations/points?wait=true "HTTP/1.1 200 OK"
2026-03-01 20:22:56,875 - INFO - HTTP Request: PUT http://localhost:6333/collections/daily_trade_strategies/points?wait=true "HTTP/1.1 200 OK"
2026-03-01 20:22:56,880 - INFO - HTTP Request: PUT http://localhost:6333/collections/trading_results/points?wait=true "HTTP/1.1 200 OK"
2026-03-01 20:22:56,906 - INFO - HTTP Request: PUT http://localhost:6333/collections/stock_recommendations/points?wait=true "HTTP/1.1 200 OK"
2026-03-01 20:22:56,954 - INFO - HTTP Request: PUT http://localhost:6333/collections/daily_trade_strategies/points?wait=true "HTTP/1.1 200 OK"
2026-03-01 20:22:56,959 - INFO - HTTP Request: PUT http://localhost:6333/collections/trading_results/points?wait=true "HTTP/1.1 200 OK"
2026-03-01 20:22:56,968 - INFO - HTTP Request: PUT http://localhost:6333/collections/stock_recommendations/points?wait=true "HTTP/1.1 200 OK"
2026-03-01 20:22:57,015 - INFO - HTTP Request: PUT http://localhost:6333/collections/daily_trade_strategies/points?wait=true "HTTP/1.1 200 OK"
2026-03-01 20:22:57,019 - INFO - HTTP Request: PUT http://localhost:6333/collections/trading_results/points?wait=true "HTTP/1.1 200 OK"
2026-03-01 20:22:57,028 - INFO - HTTP Request: PUT http://localhost:6333/collections/stock_recommendations/points?wait=true "HTTP/1.1 200 OK"
2026-03-01 20:22:57,054 - INFO - HTTP Request: PUT http://localhost:6333/collections/daily_trade_strategies/points?wait=true "HTTP/1.1 200 OK"
2026-03-01 20:22:57,059 - INFO - HTTP Request: PUT http://localhost:6333/collections/trading_results/points?wait=true "HTTP/1.1 200 OK"
2026-03-01 20:22:57,066 - INFO - HTTP Request: PUT http://localhost:6333/collections/stock_recommendations/points?wait=true "HTTP/1.1 200 OK"
2026-03-01 20:22:57,090 - INFO - HTTP Request: PUT http://localhost:6333/collections/daily_trade_strategies/points?wait=true "HTTP/1.1 200 OK"
2026-03-01 20:22:57,095 - INFO - HTTP Request: PUT http://localhost:6333/collections/trading_results/points?wait=true "HTTP/1.1 200 OK"
2026-03-01 20:22:57,125 - INFO - HTTP Request: PUT http://localhost:6333/collections/stock_recommendations/points?wait=true "HTTP/1.1 200 OK"
2026-03-01 20:22:57,172 - INFO - HTTP Request: PUT http://localhost:6333/collections/daily_trade_strategies/points?wait=true "HTTP/1.1 200 OK"
2026-03-01 20:22:57,178 - INFO - HTTP Request: PUT http://localhost:6333/collections/trading_results/points?wait=true "HTTP/1.1 200 OK"
2026-03-01 20:22:57,186 - INFO - HTTP Request: PUT http://localhost:6333/collections/stock_recommendations/points?wait=true "HTTP/1.1 200 OK"
2026-03-01 20:22:57,212 - INFO - HTTP Request: PUT http://localhost:6333/collections/daily_trade_strategies/points?wait=true "HTTP/1.1 200 OK"
2026-03-01 20:22:57,216 - INFO - HTTP Request: PUT http://localhost:6333/collections/trading_results/points?wait=true "HTTP/1.1 200 OK"
2026-03-01 20:22:57,225 - INFO - HTTP Request: PUT http://localhost:6333/collections/stock_recommendations/points?wait=true "HTTP/1.1 200 OK"
2026-03-01 20:22:57,265 - INFO - HTTP Request: PUT http://localhost:6333/collections/daily_trade_strategies/points?wait=true "HTTP/1.1 200 OK"
2026-03-01 20:22:57,270 - INFO - HTTP Request: PUT http://localhost:6333/collections/trading_results/points?wait=true "HTTP/1.1 200 OK"
2026-03-01 20:22:57,296 - INFO - HTTP Request: PUT http://localhost:6333/collections/stock_recommendations/points?wait=true "HTTP/1.1 200 OK"
2026-03-01 20:22:57,323 - INFO - HTTP Request: PUT http://localhost:6333/collections/daily_trade_strategies/points?wait=true "HTTP/1.1 200 OK"
2026-03-01 20:22:57,326 - INFO - HTTP Request: PUT http://localhost:6333/collections/trading_results/points?wait=true "HTTP/1.1 200 OK"
2026-03-01 20:22:57,326 - INFO - Uploaded 13328 recommendation points.
2026-03-01 20:22:57,327 - INFO - Uploaded 188 trading result points.
2026-03-01 20:22:57,327 - INFO - Uploaded 188 strategy points.
2026-03-01 20:22:57,331 - INFO - HTTP Request: PUT http://localhost:6333/collections/performance_metrics/points?wait=true "HTTP/1.1 200 OK"
2026-03-01 20:22:57,332 - INFO - Uploaded performance snapshot.
2026-03-01 20:22:57,333 - INFO - Progress updated: 188 days | last: 2025-12-29
2026-03-01 20:22:57,333 - INFO - ============================================================
2026-03-01 20:22:57,333 - INFO - DONE — 2026 paper trading complete
2026-03-01 20:22:57,333 - INFO -   2026 predictions : C:\Users\luixj\AI\stock-data\data\processed\phase4\predictions_2026.parquet
2026-03-01 20:22:57,333 - INFO -   Combined preds   : C:\Users\luixj\AI\stock-data\data\processed\phase4\predictions_combined.parquet
2026-03-01 20:22:57,333 - INFO -   Daily results    : C:\Users\luixj\AI\stock-data\data\processed\phase4\phase4_paper_trading_daily.parquet
2026-03-01 20:22:57,333 - INFO -   Summary          : C:\Users\luixj\AI\stock-data\data\processed\phase4\phase4_paper_trading_summary.json
2026-03-01 20:22:57,333 - INFO - ============================================================
2026-03-01 20:22:57,919 - INFO - Prediction refresh completed successfully.
2026-03-01 20:22:57,962 - INFO - No new historical dates available. Last processed: 2025-12-29 | Tradable range: 2025-04-01 to 2025-12-29
2026-03-01 20:22:57,962 - WARNING - Predictions look stale. Refresh with:
2026-03-01 20:22:57,962 - WARNING -   python scripts/paper_trading/run_2026_paper_trading.py --sim-start 2025-12-30 --sim-end auto
2026-03-01 20:22:57,964 - INFO - No action taken today because there is no new historical date to process.
2026-03-01 20:22:57,987 - INFO - Scheduler run completed with no trade: no tradable historical date after last_processed=2025-12-29 (stale predictions (max tradable 2025-12-29 < 2026-02-28)).
2026-03-01 20:22:57,987 - INFO - ============================================================
2026-03-01 20:22:57,987 - INFO - DAILY AUTOMATION COMPLETE (NO NEW DATA)
2026-03-01 20:22:57,988 - INFO - ============================================================
2026-03-01 20:22:57,988 - INFO - Automation completed successfully!
2026-03-01 20:25:04,274 - INFO - ============================================================
2026-03-01 20:25:04,274 - INFO - 2026 PAPER TRADING — LIVE DATA
2026-03-01 20:25:04,274 - INFO -   2026 sim range : 2026-02-20 -> 2026-02-28
2026-03-01 20:25:04,274 - INFO -   Full range     : 2025-04-01 -> 2026-02-28
2026-03-01 20:25:04,274 - INFO -   YF download    : 2025-09-01 -> 2026-03-02
2026-03-01 20:25:04,274 - INFO -   Device         : cuda
2026-03-01 20:25:04,274 - INFO - ============================================================
2026-03-01 20:25:04,274 - INFO - Loading ticker universe from phase1_predictions.parquet
2026-03-01 20:25:04,322 - INFO - Ticker universe: 189 stocks
2026-03-01 20:25:04,329 - INFO - OHLCV cache is stale (max date 2026-02-27 < SIM_END 2026-02-28) — re-downloading
2026-03-01 20:25:04,329 - INFO - ============================================================
2026-03-01 20:25:04,329 - INFO - STEP 1: Downloading OHLCV data
2026-03-01 20:25:04,329 - INFO -   Range  : 2025-09-01 -> 2026-03-02
2026-03-01 20:25:04,329 - INFO -   Tickers: 189
2026-03-01 20:25:04,330 - INFO - ============================================================
2026-03-01 20:25:07,666 - INFO -   Progress: 20/189 tickers downloaded
2026-03-01 20:25:10,798 - INFO -   Progress: 40/189 tickers downloaded
2026-03-01 20:25:14,288 - INFO -   Progress: 60/189 tickers downloaded
2026-03-01 20:25:17,916 - INFO -   Progress: 80/189 tickers downloaded
2026-03-01 20:25:21,115 - INFO -   Progress: 100/189 tickers downloaded
2026-03-01 20:25:24,551 - INFO -   Progress: 120/189 tickers downloaded
2026-03-01 20:25:28,033 - INFO -   Progress: 140/189 tickers downloaded
2026-03-01 20:25:31,642 - INFO -   Progress: 160/189 tickers downloaded
2026-03-01 20:25:34,963 - INFO -   Progress: 180/189 tickers downloaded
2026-03-01 20:25:36,857 - INFO - Downloaded 23436 rows | 189 tickers | 2025-09-02 -> 2026-02-27
2026-03-01 20:25:36,868 - INFO - OHLCV data cached to C:\Users\luixj\AI\stock-data\data\processed\phase4\ohlcv_2026_cache.parquet
2026-03-01 20:25:36,869 - INFO - ============================================================
2026-03-01 20:25:36,870 - INFO - STEP 2: Computing 14 core features
2026-03-01 20:25:36,870 - INFO - ============================================================
2026-03-01 20:25:36,878 - INFO - Calculating 14 core features (leakage-safe)...
2026-03-01 20:25:37,052 - INFO - Core features calculated:
2026-03-01 20:25:37,052 - INFO -   Returns: ret_1d, ret_5d, ret_20d
2026-03-01 20:25:37,052 - INFO -   Volatility: vol_10d, vol_20d
2026-03-01 20:25:37,052 - INFO -   Price: hl_range, oc_gap
2026-03-01 20:25:37,052 - INFO -   Trend: sma_10_dist, sma_20_dist
2026-03-01 20:25:37,052 - INFO -   Volume: log_volume, volume_change
2026-03-01 20:25:37,052 - INFO -   Market: market_return, vs_market, market_correlation
2026-03-01 20:25:37,052 - INFO -   Total: 14 features
2026-03-01 20:25:37,054 - INFO - Features: 23436 rows, 189 tickers
2026-03-01 20:25:37,054 - INFO - ============================================================
2026-03-01 20:25:37,054 - INFO - STEP 3: Loading model from C:\Users\luixj\AI\stock-data\models\checkpoints\lstm_phase2a_temp0.05_best.pth
2026-03-01 20:25:37,054 - INFO - ============================================================
2026-03-01 20:25:37,144 - INFO - Model loaded (strict=True)
2026-03-01 20:25:37,158 - INFO - Model ready on cuda
2026-03-01 20:25:37,158 - INFO - ============================================================
2026-03-01 20:25:37,158 - INFO - STEP 4: Generating predictions 2026-02-20 -> 2026-02-28
2026-03-01 20:25:37,159 - INFO - ============================================================
2026-03-01 20:25:37,165 - INFO - Trading days in simulation range: 6
2026-03-01 20:25:37,791 - INFO -   2026-02-20: 189 predictions generated
2026-03-01 20:25:38,238 - INFO -   2026-02-23: 189 predictions generated
2026-03-01 20:25:38,694 - INFO -   2026-02-24: 189 predictions generated
2026-03-01 20:25:39,134 - INFO -   2026-02-25: 189 predictions generated
2026-03-01 20:25:39,589 - INFO -   2026-02-26: 189 predictions generated
2026-03-01 20:25:40,017 - INFO -   2026-02-27: 189 predictions generated
2026-03-01 20:25:40,019 - INFO - Dropping 1 non-tradable date(s) with missing y_true_reg: 2026-02-27
2026-03-01 20:25:40,020 - INFO - Total: 945 predictions | 5 days | 189 tickers
2026-03-01 20:25:40,022 - INFO - Loaded existing 2026 predictions for merge: 0 rows | 0 dates
2026-03-01 20:25:40,028 - INFO - Saved 2026 predictions: C:\Users\luixj\AI\stock-data\data\processed\phase4\predictions_2026.parquet (945 rows | 5 dates | 2026-02-20 -> 2026-02-26)
2026-03-01 20:25:40,028 - INFO - ============================================================
2026-03-01 20:25:40,028 - INFO - STEP 5: Combining 2025 + 2026 predictions and simulating
2026-03-01 20:25:40,028 - INFO - ============================================================
2026-03-01 20:25:40,166 - INFO - Combined: 36477 rows | 193 dates | 189 tickers
2026-03-01 20:25:40,168 - INFO -   Date range: 2025-04-01 -> 2026-02-26
2026-03-01 20:25:40,168 - INFO -   Saved to: C:\Users\luixj\AI\stock-data\data\processed\phase4\predictions_combined.parquet
2026-03-01 20:25:40,168 - INFO - Running simulation 2025-04-01 -> 2026-02-28 ...
2026-03-01 20:25:40,168 - INFO - Loading predictions from C:\Users\luixj\AI\stock-data\data\processed\phase4\predictions_combined.parquet
2026-03-01 20:25:40,183 - INFO - Running paper trading simulation for 193 days
2026-03-01 20:25:40,183 - INFO - Date range: 2025-04-01 to 2026-02-26
2026-03-01 20:25:40,183 - INFO - 
============================================================
2026-03-01 20:25:40,183 - INFO - Running paper trading for 2025-04-01
2026-03-01 20:25:40,183 - INFO - ============================================================
2026-03-01 20:25:40,184 - INFO - Portfolio construction: 38 longs, 15 shorts (from 38 candidates)
2026-03-01 20:25:40,184 - INFO - PnL Net: 0.0027 | Scaled: 0.0027 | Turnover: 100.00% | Vol Scale: 1.00
2026-03-01 20:25:40,184 - INFO - 
============================================================
2026-03-01 20:25:40,184 - INFO - Running paper trading for 2025-04-02
2026-03-01 20:25:40,184 - INFO - ============================================================
2026-03-01 20:25:40,185 - INFO - Portfolio construction: 38 longs, 38 shorts (from 38 candidates)
2026-03-01 20:25:40,185 - INFO - PnL Net: -0.0234 | Scaled: -0.0234 | Turnover: 16.46% | Vol Scale: 1.00
2026-03-01 20:25:40,185 - INFO - 
============================================================
2026-03-01 20:25:40,185 - INFO - Running paper trading for 2025-04-03
2026-03-01 20:25:40,185 - INFO - ============================================================
2026-03-01 20:25:40,187 - INFO - Portfolio construction: 38 longs, 38 shorts (from 38 candidates)
2026-03-01 20:25:40,187 - INFO - PnL Net: -0.0208 | Scaled: -0.0208 | Turnover: 20.14% | Vol Scale: 1.00
2026-03-01 20:25:40,187 - INFO - 
============================================================
2026-03-01 20:25:40,187 - INFO - Running paper trading for 2025-04-04
2026-03-01 20:25:40,187 - INFO - ============================================================
2026-03-01 20:25:40,188 - INFO - Portfolio construction: 38 longs, 38 shorts (from 38 candidates)
2026-03-01 20:25:40,188 - INFO - PnL Net: -0.0002 | Scaled: -0.0002 | Turnover: 27.43% | Vol Scale: 1.00
2026-03-01 20:25:40,188 - INFO - 
============================================================
2026-03-01 20:25:40,188 - INFO - Running paper trading for 2025-04-07
2026-03-01 20:25:40,188 - INFO - ============================================================
2026-03-01 20:25:40,190 - INFO - Portfolio construction: 38 longs, 38 shorts (from 38 candidates)
2026-03-01 20:25:40,190 - INFO - PnL Net: -0.0028 | Scaled: -0.0028 | Turnover: 21.14% | Vol Scale: 1.00
2026-03-01 20:25:40,190 - INFO - 
============================================================
2026-03-01 20:25:40,190 - INFO - Running paper trading for 2025-04-08
2026-03-01 20:25:40,190 - INFO - ============================================================
2026-03-01 20:25:40,191 - INFO - Portfolio construction: 38 longs, 38 shorts (from 38 candidates)
2026-03-01 20:25:40,191 - INFO - PnL Net: 0.0243 | Scaled: 0.0243 | Turnover: 21.60% | Vol Scale: 1.00
2026-03-01 20:25:40,191 - INFO - 
============================================================
2026-03-01 20:25:40,191 - INFO - Running paper trading for 2025-04-09
2026-03-01 20:25:40,191 - INFO - ============================================================
2026-03-01 20:25:40,192 - INFO - Portfolio construction: 38 longs, 1 shorts (from 38 candidates)
2026-03-01 20:25:40,192 - INFO - PnL Net: -0.0107 | Scaled: -0.0107 | Turnover: 20.86% | Vol Scale: 1.00
2026-03-01 20:25:40,193 - INFO - 
============================================================
2026-03-01 20:25:40,193 - INFO - Running paper trading for 2025-04-10
2026-03-01 20:25:40,193 - INFO - ============================================================
2026-03-01 20:25:40,193 - INFO - Portfolio construction: 38 longs, 38 shorts (from 38 candidates)
2026-03-01 20:25:40,193 - INFO - PnL Net: 0.0049 | Scaled: 0.0049 | Turnover: 22.53% | Vol Scale: 1.00
2026-03-01 20:25:40,193 - INFO - 
============================================================
2026-03-01 20:25:40,193 - INFO - Running paper trading for 2025-04-11
2026-03-01 20:25:40,194 - INFO - ============================================================
2026-03-01 20:25:40,195 - INFO - Portfolio construction: 38 longs, 1 shorts (from 38 candidates)
2026-03-01 20:25:40,195 - INFO - PnL Net: 0.0038 | Scaled: 0.0038 | Turnover: 20.79% | Vol Scale: 1.00
2026-03-01 20:25:40,195 - INFO - 
============================================================
2026-03-01 20:25:40,195 - INFO - Running paper trading for 2025-04-14
2026-03-01 20:25:40,196 - INFO - ============================================================
2026-03-01 20:25:40,197 - INFO - Portfolio construction: 38 longs, 38 shorts (from 38 candidates)
2026-03-01 20:25:40,197 - INFO - Vol targeting: rolling_vol=0.2061, scale=0.5000
2026-03-01 20:25:40,197 - INFO - PnL Net: -0.0018 | Scaled: -0.0009 | Turnover: 21.69% | Vol Scale: 0.50
2026-03-01 20:25:40,197 - INFO - 
============================================================
2026-03-01 20:25:40,197 - INFO - Running paper trading for 2025-04-15
2026-03-01 20:25:40,197 - INFO - ============================================================
2026-03-01 20:25:40,198 - INFO - Portfolio construction: 38 longs, 38 shorts (from 38 candidates)
2026-03-01 20:25:40,198 - INFO - Vol targeting: rolling_vol=0.1968, scale=0.5000
2026-03-01 20:25:40,198 - INFO - PnL Net: -0.0047 | Scaled: -0.0023 | Turnover: 21.09% | Vol Scale: 0.50
2026-03-01 20:25:40,199 - INFO - 
============================================================
2026-03-01 20:25:40,199 - INFO - Running paper trading for 2025-04-16
2026-03-01 20:25:40,199 - INFO - ============================================================
2026-03-01 20:25:40,200 - INFO - Portfolio construction: 38 longs, 38 shorts (from 38 candidates)
2026-03-01 20:25:40,200 - INFO - Vol targeting: rolling_vol=0.1890, scale=0.5000
2026-03-01 20:25:40,200 - INFO - PnL Net: 0.0008 | Scaled: 0.0004 | Turnover: 21.09% | Vol Scale: 0.50
2026-03-01 20:25:40,200 - INFO - 
============================================================
2026-03-01 20:25:40,200 - INFO - Running paper trading for 2025-04-17
2026-03-01 20:25:40,200 - INFO - ============================================================
2026-03-01 20:25:40,201 - INFO - Portfolio construction: 38 longs, 38 shorts (from 38 candidates)
2026-03-01 20:25:40,202 - INFO - Vol targeting: rolling_vol=0.1826, scale=0.5000
2026-03-01 20:25:40,202 - INFO - PnL Net: -0.0068 | Scaled: -0.0034 | Turnover: 18.47% | Vol Scale: 0.50
2026-03-01 20:25:40,202 - INFO - 
============================================================
2026-03-01 20:25:40,202 - INFO - Running paper trading for 2025-04-21
2026-03-01 20:25:40,202 - INFO - ============================================================
2026-03-01 20:25:40,203 - INFO - Portfolio construction: 38 longs, 6 shorts (from 38 candidates)
2026-03-01 20:25:40,203 - INFO - Vol targeting: rolling_vol=0.1822, scale=0.5000
2026-03-01 20:25:40,203 - INFO - PnL Net: 0.0089 | Scaled: 0.0045 | Turnover: 17.46% | Vol Scale: 0.50
2026-03-01 20:25:40,203 - INFO - 
============================================================
2026-03-01 20:25:40,203 - INFO - Running paper trading for 2025-04-22
2026-03-01 20:25:40,203 - INFO - ============================================================
2026-03-01 20:25:40,204 - INFO - Portfolio construction: 38 longs, 38 shorts (from 38 candidates)
2026-03-01 20:25:40,204 - INFO - Vol targeting: rolling_vol=0.1783, scale=0.5000
2026-03-01 20:25:40,204 - INFO - PnL Net: 0.0053 | Scaled: 0.0027 | Turnover: 18.72% | Vol Scale: 0.50
2026-03-01 20:25:40,204 - INFO - 
============================================================
2026-03-01 20:25:40,204 - INFO - Running paper trading for 2025-04-23
2026-03-01 20:25:40,204 - INFO - ============================================================
2026-03-01 20:25:40,205 - INFO - Portfolio construction: 38 longs, 5 shorts (from 38 candidates)
2026-03-01 20:25:40,206 - INFO - Vol targeting: rolling_vol=0.1782, scale=0.5000
2026-03-01 20:25:40,206 - INFO - PnL Net: 0.0102 | Scaled: 0.0051 | Turnover: 20.73% | Vol Scale: 0.50
2026-03-01 20:25:40,206 - INFO - 
============================================================
2026-03-01 20:25:40,206 - INFO - Running paper trading for 2025-04-24
2026-03-01 20:25:40,206 - INFO - ============================================================
2026-03-01 20:25:40,206 - INFO - Portfolio construction: 38 longs, 38 shorts (from 38 candidates)
2026-03-01 20:25:40,206 - INFO - Vol targeting: rolling_vol=0.1730, scale=0.5000
2026-03-01 20:25:40,207 - INFO - PnL Net: 0.0011 | Scaled: 0.0006 | Turnover: 18.37% | Vol Scale: 0.50
2026-03-01 20:25:40,207 - INFO - 
============================================================
2026-03-01 20:25:40,207 - INFO - Running paper trading for 2025-04-25
2026-03-01 20:25:40,207 - INFO - ============================================================
2026-03-01 20:25:40,208 - INFO - Portfolio construction: 38 longs, 38 shorts (from 38 candidates)
2026-03-01 20:25:40,208 - INFO - Vol targeting: rolling_vol=0.1682, scale=0.5000
2026-03-01 20:25:40,208 - INFO - PnL Net: 0.0007 | Scaled: 0.0004 | Turnover: 23.46% | Vol Scale: 0.50
2026-03-01 20:25:40,208 - INFO - 
============================================================
2026-03-01 20:25:40,208 - INFO - Running paper trading for 2025-04-28
2026-03-01 20:25:40,208 - INFO - ============================================================
2026-03-01 20:25:40,209 - INFO - Portfolio construction: 38 longs, 38 shorts (from 38 candidates)
2026-03-01 20:25:40,209 - INFO - Vol targeting: rolling_vol=0.1639, scale=0.5000
2026-03-01 20:25:40,209 - INFO - PnL Net: 0.0018 | Scaled: 0.0009 | Turnover: 19.52% | Vol Scale: 0.50
2026-03-01 20:25:40,209 - INFO - 
============================================================
2026-03-01 20:25:40,209 - INFO - Running paper trading for 2025-04-29
2026-03-01 20:25:40,209 - INFO - ============================================================
2026-03-01 20:25:40,210 - INFO - Portfolio construction: 38 longs, 30 shorts (from 38 candidates)
2026-03-01 20:25:40,211 - INFO - Vol targeting: rolling_vol=0.1599, scale=0.5004
2026-03-01 20:25:40,211 - INFO - PnL Net: 0.0011 | Scaled: 0.0005 | Turnover: 16.79% | Vol Scale: 0.50
2026-03-01 20:25:40,211 - INFO - 
============================================================
2026-03-01 20:25:40,211 - INFO - Running paper trading for 2025-04-30
2026-03-01 20:25:40,211 - INFO - ============================================================
2026-03-01 20:25:40,212 - INFO - Portfolio construction: 38 longs, 38 shorts (from 38 candidates)
2026-03-01 20:25:40,212 - INFO - Vol targeting: rolling_vol=0.1596, scale=0.5012
2026-03-01 20:25:40,212 - INFO - PnL Net: 0.0014 | Scaled: 0.0007 | Turnover: 20.09% | Vol Scale: 0.50
2026-03-01 20:25:40,212 - INFO - 
============================================================
2026-03-01 20:25:40,212 - INFO - Running paper trading for 2025-05-01
2026-03-01 20:25:40,212 - INFO - ============================================================
2026-03-01 20:25:40,213 - INFO - Portfolio construction: 38 longs, 38 shorts (from 38 candidates)
2026-03-01 20:25:40,213 - INFO - Vol targeting: rolling_vol=0.1370, scale=0.5840
2026-03-01 20:25:40,213 - INFO - PnL Net: 0.0062 | Scaled: 0.0036 | Turnover: 17.98% | Vol Scale: 0.58
2026-03-01 20:25:40,213 - INFO - 
============================================================
2026-03-01 20:25:40,214 - INFO - Running paper trading for 2025-05-02
2026-03-01 20:25:40,214 - INFO - ============================================================
2026-03-01 20:25:40,214 - INFO - Portfolio construction: 38 longs, 13 shorts (from 38 candidates)
2026-03-01 20:25:40,215 - INFO - Vol targeting: rolling_vol=0.1119, scale=0.7149
2026-03-01 20:25:40,215 - INFO - PnL Net: -0.0011 | Scaled: -0.0008 | Turnover: 17.52% | Vol Scale: 0.71
2026-03-01 20:25:40,215 - INFO - 
============================================================
2026-03-01 20:25:40,215 - INFO - Running paper trading for 2025-05-05
2026-03-01 20:25:40,215 - INFO - ============================================================
2026-03-01 20:25:40,216 - INFO - Portfolio construction: 38 longs, 2 shorts (from 38 candidates)
2026-03-01 20:25:40,217 - INFO - Vol targeting: rolling_vol=0.1128, scale=0.7091
2026-03-01 20:25:40,217 - INFO - PnL Net: -0.0026 | Scaled: -0.0018 | Turnover: 19.38% | Vol Scale: 0.71
2026-03-01 20:25:40,217 - INFO - 
============================================================
2026-03-01 20:25:40,217 - INFO - Running paper trading for 2025-05-06
2026-03-01 20:25:40,217 - INFO - ============================================================
2026-03-01 20:25:40,218 - INFO - Portfolio construction: 38 longs, 33 shorts (from 38 candidates)
2026-03-01 20:25:40,218 - INFO - Vol targeting: rolling_vol=0.1115, scale=0.7177
2026-03-01 20:25:40,218 - INFO - PnL Net: 0.0026 | Scaled: 0.0019 | Turnover: 19.06% | Vol Scale: 0.72
2026-03-01 20:25:40,218 - INFO - 
============================================================
2026-03-01 20:25:40,218 - INFO - Running paper trading for 2025-05-07
2026-03-01 20:25:40,218 - INFO - ============================================================
2026-03-01 20:25:40,219 - INFO - Portfolio construction: 38 longs, 9 shorts (from 38 candidates)
2026-03-01 20:25:40,219 - INFO - Vol targeting: rolling_vol=0.0781, scale=1.0243
2026-03-01 20:25:40,220 - INFO - PnL Net: 0.0043 | Scaled: 0.0045 | Turnover: 18.97% | Vol Scale: 1.02
2026-03-01 20:25:40,220 - INFO - 
============================================================
2026-03-01 20:25:40,220 - INFO - Running paper trading for 2025-05-08
2026-03-01 20:25:40,220 - INFO - ============================================================
2026-03-01 20:25:40,220 - INFO - Portfolio construction: 38 longs, 10 shorts (from 38 candidates)
2026-03-01 20:25:40,220 - INFO - Vol targeting: rolling_vol=0.0656, scale=1.2200
2026-03-01 20:25:40,220 - INFO - PnL Net: -0.0009 | Scaled: -0.0012 | Turnover: 19.75% | Vol Scale: 1.22
2026-03-01 20:25:40,220 - INFO - 
============================================================
2026-03-01 20:25:40,220 - INFO - Running paper trading for 2025-05-09
2026-03-01 20:25:40,221 - INFO - ============================================================
2026-03-01 20:25:40,222 - INFO - Portfolio construction: 38 longs, 37 shorts (from 38 candidates)
2026-03-01 20:25:40,222 - INFO - Vol targeting: rolling_vol=0.0785, scale=1.0196
2026-03-01 20:25:40,222 - INFO - PnL Net: 0.0145 | Scaled: 0.0148 | Turnover: 18.03% | Vol Scale: 1.02
2026-03-01 20:25:40,222 - INFO - 
============================================================
2026-03-01 20:25:40,222 - INFO - Running paper trading for 2025-05-12
2026-03-01 20:25:40,222 - INFO - ============================================================
2026-03-01 20:25:40,223 - INFO - Portfolio construction: 38 longs, 38 shorts (from 38 candidates)
2026-03-01 20:25:40,224 - INFO - Vol targeting: rolling_vol=0.0804, scale=0.9956
2026-03-01 20:25:40,224 - INFO - PnL Net: 0.0074 | Scaled: 0.0074 | Turnover: 18.12% | Vol Scale: 1.00
2026-03-01 20:25:40,224 - INFO - 
============================================================
2026-03-01 20:25:40,224 - INFO - Running paper trading for 2025-05-13
2026-03-01 20:25:40,224 - INFO - ============================================================
2026-03-01 20:25:40,225 - INFO - Portfolio construction: 38 longs, 38 shorts (from 38 candidates)
2026-03-01 20:25:40,225 - INFO - Vol targeting: rolling_vol=0.0797, scale=1.0044
2026-03-01 20:25:40,225 - INFO - PnL Net: -0.0006 | Scaled: -0.0006 | Turnover: 21.90% | Vol Scale: 1.00
2026-03-01 20:25:40,225 - INFO - 
============================================================
2026-03-01 20:25:40,225 - INFO - Running paper trading for 2025-05-14
2026-03-01 20:25:40,225 - INFO - ============================================================
2026-03-01 20:25:40,226 - INFO - Portfolio construction: 38 longs, 38 shorts (from 38 candidates)
2026-03-01 20:25:40,226 - INFO - Vol targeting: rolling_vol=0.0757, scale=1.0562
2026-03-01 20:25:40,226 - INFO - PnL Net: 0.0052 | Scaled: 0.0055 | Turnover: 20.59% | Vol Scale: 1.06
2026-03-01 20:25:40,226 - INFO - 
============================================================
2026-03-01 20:25:40,226 - INFO - Running paper trading for 2025-05-15
2026-03-01 20:25:40,226 - INFO - ============================================================
2026-03-01 20:25:40,227 - INFO - Portfolio construction: 38 longs, 38 shorts (from 38 candidates)
2026-03-01 20:25:40,228 - INFO - Vol targeting: rolling_vol=0.0754, scale=1.0608
2026-03-01 20:25:40,228 - INFO - PnL Net: 0.0020 | Scaled: 0.0021 | Turnover: 19.63% | Vol Scale: 1.06
2026-03-01 20:25:40,228 - INFO - 
============================================================
2026-03-01 20:25:40,228 - INFO - Running paper trading for 2025-05-16
2026-03-01 20:25:40,228 - INFO - ============================================================
2026-03-01 20:25:40,229 - INFO - Portfolio construction: 38 longs, 38 shorts (from 38 candidates)
2026-03-01 20:25:40,229 - INFO - Vol targeting: rolling_vol=0.0684, scale=1.1703
2026-03-01 20:25:40,229 - INFO - PnL Net: -0.0013 | Scaled: -0.0015 | Turnover: 18.38% | Vol Scale: 1.17
2026-03-01 20:25:40,229 - INFO - 
============================================================
2026-03-01 20:25:40,229 - INFO - Running paper trading for 2025-05-19
2026-03-01 20:25:40,229 - INFO - ============================================================
2026-03-01 20:25:40,230 - INFO - Portfolio construction: 38 longs, 38 shorts (from 38 candidates)
2026-03-01 20:25:40,231 - INFO - Vol targeting: rolling_vol=0.0676, scale=1.1828
2026-03-01 20:25:40,232 - INFO - PnL Net: -0.0021 | Scaled: -0.0025 | Turnover: 16.36% | Vol Scale: 1.18
2026-03-01 20:25:40,232 - INFO - 
============================================================
2026-03-01 20:25:40,232 - INFO - Running paper trading for 2025-05-20
2026-03-01 20:25:40,232 - INFO - ============================================================
2026-03-01 20:25:40,234 - INFO - Portfolio construction: 38 longs, 38 shorts (from 38 candidates)
2026-03-01 20:25:40,236 - INFO - Vol targeting: rolling_vol=0.0748, scale=1.0691
2026-03-01 20:25:40,236 - INFO - PnL Net: -0.0070 | Scaled: -0.0075 | Turnover: 15.81% | Vol Scale: 1.07
2026-03-01 20:25:40,236 - INFO - 
============================================================
2026-03-01 20:25:40,237 - INFO - Running paper trading for 2025-05-21
2026-03-01 20:25:40,237 - INFO - ============================================================
2026-03-01 20:25:40,238 - INFO - Portfolio construction: 38 longs, 38 shorts (from 38 candidates)
2026-03-01 20:25:40,238 - INFO - Vol targeting: rolling_vol=0.0690, scale=1.1591
2026-03-01 20:25:40,239 - INFO - PnL Net: 0.0004 | Scaled: 0.0004 | Turnover: 19.34% | Vol Scale: 1.16
2026-03-01 20:25:40,239 - INFO - 
============================================================
2026-03-01 20:25:40,239 - INFO - Running paper trading for 2025-05-22
2026-03-01 20:25:40,239 - INFO - ============================================================
2026-03-01 20:25:40,241 - INFO - Portfolio construction: 38 longs, 32 shorts (from 38 candidates)
2026-03-01 20:25:40,241 - INFO - Vol targeting: rolling_vol=0.0706, scale=1.1324
2026-03-01 20:25:40,241 - INFO - PnL Net: -0.0027 | Scaled: -0.0031 | Turnover: 19.64% | Vol Scale: 1.13
2026-03-01 20:25:40,242 - INFO - 
============================================================
2026-03-01 20:25:40,242 - INFO - Running paper trading for 2025-05-23
2026-03-01 20:25:40,242 - INFO - ============================================================
2026-03-01 20:25:40,244 - INFO - Portfolio construction: 38 longs, 38 shorts (from 38 candidates)
2026-03-01 20:25:40,244 - INFO - Vol targeting: rolling_vol=0.0743, scale=1.0767
2026-03-01 20:25:40,245 - INFO - PnL Net: 0.0082 | Scaled: 0.0088 | Turnover: 19.52% | Vol Scale: 1.08
2026-03-01 20:25:40,245 - INFO - 
============================================================
2026-03-01 20:25:40,245 - INFO - Running paper trading for 2025-05-27
2026-03-01 20:25:40,245 - INFO - ============================================================
2026-03-01 20:25:40,247 - INFO - Portfolio construction: 38 longs, 38 shorts (from 38 candidates)
2026-03-01 20:25:40,248 - INFO - Vol targeting: rolling_vol=0.0756, scale=1.0588
2026-03-01 20:25:40,248 - INFO - PnL Net: -0.0021 | Scaled: -0.0022 | Turnover: 18.56% | Vol Scale: 1.06
2026-03-01 20:25:40,248 - INFO - 
============================================================
2026-03-01 20:25:40,248 - INFO - Running paper trading for 2025-05-28
2026-03-01 20:25:40,249 - INFO - ============================================================
2026-03-01 20:25:40,250 - INFO - Portfolio construction: 38 longs, 38 shorts (from 38 candidates)
2026-03-01 20:25:40,250 - INFO - Vol targeting: rolling_vol=0.0756, scale=1.0575
2026-03-01 20:25:40,250 - INFO - PnL Net: 0.0004 | Scaled: 0.0005 | Turnover: 16.29% | Vol Scale: 1.06
2026-03-01 20:25:40,250 - INFO - 
============================================================
2026-03-01 20:25:40,250 - INFO - Running paper trading for 2025-05-29
2026-03-01 20:25:40,250 - INFO - ============================================================
2026-03-01 20:25:40,251 - INFO - Portfolio construction: 38 longs, 38 shorts (from 38 candidates)
2026-03-01 20:25:40,252 - INFO - Vol targeting: rolling_vol=0.0762, scale=1.0504
2026-03-01 20:25:40,252 - INFO - PnL Net: -0.0009 | Scaled: -0.0010 | Turnover: 19.51% | Vol Scale: 1.05
2026-03-01 20:25:40,252 - INFO - 
============================================================
2026-03-01 20:25:40,252 - INFO - Running paper trading for 2025-05-30
2026-03-01 20:25:40,252 - INFO - ============================================================
2026-03-01 20:25:40,253 - INFO - Portfolio construction: 38 longs, 38 shorts (from 38 candidates)
2026-03-01 20:25:40,253 - INFO - Vol targeting: rolling_vol=0.0742, scale=1.0777
2026-03-01 20:25:40,253 - INFO - PnL Net: 0.0008 | Scaled: 0.0009 | Turnover: 21.02% | Vol Scale: 1.08
2026-03-01 20:25:40,253 - INFO - 
============================================================
2026-03-01 20:25:40,253 - INFO - Running paper trading for 2025-06-02
2026-03-01 20:25:40,253 - INFO - ============================================================
2026-03-01 20:25:40,254 - INFO - Portfolio construction: 38 longs, 38 shorts (from 38 candidates)
2026-03-01 20:25:40,256 - INFO - Vol targeting: rolling_vol=0.0737, scale=1.0849
2026-03-01 20:25:40,257 - INFO - PnL Net: 0.0011 | Scaled: 0.0012 | Turnover: 20.37% | Vol Scale: 1.08
2026-03-01 20:25:40,257 - INFO - 
============================================================
2026-03-01 20:25:40,257 - INFO - Running paper trading for 2025-06-03
2026-03-01 20:25:40,257 - INFO - ============================================================
2026-03-01 20:25:40,259 - INFO - Portfolio construction: 38 longs, 38 shorts (from 38 candidates)
2026-03-01 20:25:40,260 - INFO - Vol targeting: rolling_vol=0.0730, scale=1.0965
2026-03-01 20:25:40,260 - INFO - PnL Net: -0.0012 | Scaled: -0.0013 | Turnover: 18.45% | Vol Scale: 1.10
2026-03-01 20:25:40,260 - INFO - 
============================================================
2026-03-01 20:25:40,260 - INFO - Running paper trading for 2025-06-04
2026-03-01 20:25:40,260 - INFO - ============================================================
2026-03-01 20:25:40,261 - INFO - Portfolio construction: 38 longs, 38 shorts (from 38 candidates)
2026-03-01 20:25:40,262 - INFO - Vol targeting: rolling_vol=0.0730, scale=1.0962
2026-03-01 20:25:40,262 - INFO - PnL Net: -0.0000 | Scaled: -0.0000 | Turnover: 16.06% | Vol Scale: 1.10
2026-03-01 20:25:40,262 - INFO - 
============================================================
2026-03-01 20:25:40,262 - INFO - Running paper trading for 2025-06-05
2026-03-01 20:25:40,262 - INFO - ============================================================
2026-03-01 20:25:40,262 - INFO - Portfolio construction: 38 longs, 38 shorts (from 38 candidates)
2026-03-01 20:25:40,263 - INFO - Vol targeting: rolling_vol=0.0721, scale=1.1092
2026-03-01 20:25:40,263 - INFO - PnL Net: 0.0008 | Scaled: 0.0009 | Turnover: 17.46% | Vol Scale: 1.11
2026-03-01 20:25:40,263 - INFO - 
============================================================
2026-03-01 20:25:40,263 - INFO - Running paper trading for 2025-06-06
2026-03-01 20:25:40,263 - INFO - ============================================================
2026-03-01 20:25:40,264 - INFO - Portfolio construction: 38 longs, 38 shorts (from 38 candidates)
2026-03-01 20:25:40,264 - INFO - Vol targeting: rolling_vol=0.0728, scale=1.0986
2026-03-01 20:25:40,264 - INFO - PnL Net: -0.0024 | Scaled: -0.0026 | Turnover: 18.52% | Vol Scale: 1.10
2026-03-01 20:25:40,264 - INFO - 
============================================================
2026-03-01 20:25:40,264 - INFO - Running paper trading for 2025-06-09
2026-03-01 20:25:40,264 - INFO - ============================================================
2026-03-01 20:25:40,265 - INFO - Portfolio construction: 38 longs, 13 shorts (from 38 candidates)
2026-03-01 20:25:40,265 - INFO - Vol targeting: rolling_vol=0.0539, scale=1.4831
2026-03-01 20:25:40,265 - INFO - PnL Net: 0.0012 | Scaled: 0.0018 | Turnover: 20.04% | Vol Scale: 1.48
2026-03-01 20:25:40,265 - INFO - 
============================================================
2026-03-01 20:25:40,265 - INFO - Running paper trading for 2025-06-10
2026-03-01 20:25:40,265 - INFO - ============================================================
2026-03-01 20:25:40,266 - INFO - Portfolio construction: 38 longs, 6 shorts (from 38 candidates)
2026-03-01 20:25:40,266 - INFO - Vol targeting: rolling_vol=0.0476, scale=1.6799
2026-03-01 20:25:40,266 - INFO - PnL Net: -0.0013 | Scaled: -0.0021 | Turnover: 17.79% | Vol Scale: 1.68
2026-03-01 20:25:40,266 - INFO - 
============================================================
2026-03-01 20:25:40,266 - INFO - Running paper trading for 2025-06-11
2026-03-01 20:25:40,266 - INFO - ============================================================
2026-03-01 20:25:40,268 - INFO - Portfolio construction: 38 longs, 16 shorts (from 38 candidates)
2026-03-01 20:25:40,268 - INFO - Vol targeting: rolling_vol=0.0477, scale=1.6785
2026-03-01 20:25:40,268 - INFO - PnL Net: 0.0007 | Scaled: 0.0012 | Turnover: 18.77% | Vol Scale: 1.68
2026-03-01 20:25:40,268 - INFO - 
============================================================
2026-03-01 20:25:40,269 - INFO - Running paper trading for 2025-06-12
2026-03-01 20:25:40,269 - INFO - ============================================================
2026-03-01 20:25:40,270 - INFO - Portfolio construction: 38 longs, 38 shorts (from 38 candidates)
2026-03-01 20:25:40,270 - INFO - Vol targeting: rolling_vol=0.0449, scale=1.7832
2026-03-01 20:25:40,270 - INFO - PnL Net: -0.0033 | Scaled: -0.0058 | Turnover: 21.75% | Vol Scale: 1.78
2026-03-01 20:25:40,270 - INFO - 
============================================================
2026-03-01 20:25:40,270 - INFO - Running paper trading for 2025-06-13
2026-03-01 20:25:40,270 - INFO - ============================================================
2026-03-01 20:25:40,271 - INFO - Portfolio construction: 38 longs, 38 shorts (from 38 candidates)
2026-03-01 20:25:40,272 - INFO - Vol targeting: rolling_vol=0.0444, scale=1.8031
2026-03-01 20:25:40,272 - INFO - PnL Net: 0.0011 | Scaled: 0.0020 | Turnover: 18.70% | Vol Scale: 1.80
2026-03-01 20:25:40,272 - INFO - 
============================================================
2026-03-01 20:25:40,272 - INFO - Running paper trading for 2025-06-16
2026-03-01 20:25:40,272 - INFO - ============================================================
2026-03-01 20:25:40,272 - INFO - Portfolio construction: 38 longs, 38 shorts (from 38 candidates)
2026-03-01 20:25:40,272 - INFO - Vol targeting: rolling_vol=0.0455, scale=1.7575
2026-03-01 20:25:40,273 - INFO - PnL Net: -0.0035 | Scaled: -0.0061 | Turnover: 16.38% | Vol Scale: 1.76
2026-03-01 20:25:40,273 - INFO - 
============================================================
2026-03-01 20:25:40,273 - INFO - Running paper trading for 2025-06-17
2026-03-01 20:25:40,273 - INFO - ============================================================
2026-03-01 20:25:40,273 - INFO - Portfolio construction: 38 longs, 38 shorts (from 38 candidates)
2026-03-01 20:25:40,274 - INFO - Vol targeting: rolling_vol=0.0452, scale=1.7708
2026-03-01 20:25:40,274 - INFO - PnL Net: -0.0005 | Scaled: -0.0009 | Turnover: 17.30% | Vol Scale: 1.77
2026-03-01 20:25:40,274 - INFO - 
============================================================
2026-03-01 20:25:40,274 - INFO - Running paper trading for 2025-06-18
2026-03-01 20:25:40,274 - INFO - ============================================================
2026-03-01 20:25:40,275 - INFO - Portfolio construction: 38 longs, 38 shorts (from 38 candidates)
2026-03-01 20:25:40,275 - INFO - Vol targeting: rolling_vol=0.0385, scale=2.0000
2026-03-01 20:25:40,275 - INFO - PnL Net: 0.0001 | Scaled: 0.0003 | Turnover: 18.66% | Vol Scale: 2.00
2026-03-01 20:25:40,275 - INFO - 
============================================================
2026-03-01 20:25:40,275 - INFO - Running paper trading for 2025-06-20
2026-03-01 20:25:40,275 - INFO - ============================================================
2026-03-01 20:25:40,276 - INFO - Portfolio construction: 38 longs, 38 shorts (from 38 candidates)
2026-03-01 20:25:40,276 - INFO - Vol targeting: rolling_vol=0.0397, scale=2.0000
2026-03-01 20:25:40,276 - INFO - PnL Net: 0.0027 | Scaled: 0.0053 | Turnover: 20.03% | Vol Scale: 2.00
2026-03-01 20:25:40,276 - INFO - 
============================================================
2026-03-01 20:25:40,276 - INFO - Running paper trading for 2025-06-23
2026-03-01 20:25:40,276 - INFO - ============================================================
2026-03-01 20:25:40,277 - INFO - Portfolio construction: 38 longs, 38 shorts (from 38 candidates)
2026-03-01 20:25:40,278 - INFO - Vol targeting: rolling_vol=0.0406, scale=1.9706
2026-03-01 20:25:40,278 - INFO - PnL Net: 0.0039 | Scaled: 0.0076 | Turnover: 17.48% | Vol Scale: 1.97
2026-03-01 20:25:40,278 - INFO - 
============================================================
2026-03-01 20:25:40,278 - INFO - Running paper trading for 2025-06-24
2026-03-01 20:25:40,278 - INFO - ============================================================
2026-03-01 20:25:40,279 - INFO - Portfolio construction: 38 longs, 38 shorts (from 38 candidates)
2026-03-01 20:25:40,279 - INFO - Vol targeting: rolling_vol=0.0294, scale=2.0000
2026-03-01 20:25:40,279 - INFO - PnL Net: -0.0021 | Scaled: -0.0042 | Turnover: 18.08% | Vol Scale: 2.00
2026-03-01 20:25:40,279 - INFO - 
============================================================
2026-03-01 20:25:40,279 - INFO - Running paper trading for 2025-06-25
2026-03-01 20:25:40,279 - INFO - ============================================================
2026-03-01 20:25:40,280 - INFO - Portfolio construction: 38 longs, 38 shorts (from 38 candidates)
2026-03-01 20:25:40,281 - INFO - Vol targeting: rolling_vol=0.0295, scale=2.0000
2026-03-01 20:25:40,281 - INFO - PnL Net: 0.0019 | Scaled: 0.0038 | Turnover: 17.90% | Vol Scale: 2.00
2026-03-01 20:25:40,281 - INFO - 
============================================================
2026-03-01 20:25:40,281 - INFO - Running paper trading for 2025-06-26
2026-03-01 20:25:40,281 - INFO - ============================================================
2026-03-01 20:25:40,282 - INFO - Portfolio construction: 38 longs, 38 shorts (from 38 candidates)
2026-03-01 20:25:40,282 - INFO - Vol targeting: rolling_vol=0.0299, scale=2.0000
2026-03-01 20:25:40,282 - INFO - PnL Net: 0.0015 | Scaled: 0.0029 | Turnover: 17.70% | Vol Scale: 2.00
2026-03-01 20:25:40,282 - INFO - 
============================================================
2026-03-01 20:25:40,282 - INFO - Running paper trading for 2025-06-27
2026-03-01 20:25:40,282 - INFO - ============================================================
2026-03-01 20:25:40,283 - INFO - Portfolio construction: 38 longs, 38 shorts (from 38 candidates)
2026-03-01 20:25:40,283 - INFO - Vol targeting: rolling_vol=0.0300, scale=2.0000
2026-03-01 20:25:40,284 - INFO - PnL Net: 0.0013 | Scaled: 0.0025 | Turnover: 16.45% | Vol Scale: 2.00
2026-03-01 20:25:40,284 - INFO - 
============================================================
2026-03-01 20:25:40,284 - INFO - Running paper trading for 2025-06-30
2026-03-01 20:25:40,284 - INFO - ============================================================
2026-03-01 20:25:40,285 - INFO - Portfolio construction: 38 longs, 38 shorts (from 38 candidates)
2026-03-01 20:25:40,285 - INFO - Vol targeting: rolling_vol=0.0351, scale=2.0000
2026-03-01 20:25:40,285 - INFO - PnL Net: 0.0055 | Scaled: 0.0109 | Turnover: 17.10% | Vol Scale: 2.00
2026-03-01 20:25:40,285 - INFO - 
============================================================
2026-03-01 20:25:40,285 - INFO - Running paper trading for 2025-07-01
2026-03-01 20:25:40,285 - INFO - ============================================================
2026-03-01 20:25:40,285 - INFO - Portfolio construction: 38 longs, 38 shorts (from 38 candidates)
2026-03-01 20:25:40,286 - INFO - Vol targeting: rolling_vol=0.0352, scale=2.0000
2026-03-01 20:25:40,286 - INFO - PnL Net: 0.0013 | Scaled: 0.0026 | Turnover: 15.04% | Vol Scale: 2.00
2026-03-01 20:25:40,286 - INFO - 
============================================================
2026-03-01 20:25:40,286 - INFO - Running paper trading for 2025-07-02
2026-03-01 20:25:40,286 - INFO - ============================================================
2026-03-01 20:25:40,287 - INFO - Portfolio construction: 38 longs, 38 shorts (from 38 candidates)
2026-03-01 20:25:40,287 - INFO - Vol targeting: rolling_vol=0.0349, scale=2.0000
2026-03-01 20:25:40,287 - INFO - PnL Net: 0.0014 | Scaled: 0.0028 | Turnover: 12.74% | Vol Scale: 2.00
2026-03-01 20:25:40,287 - INFO - 
============================================================
2026-03-01 20:25:40,287 - INFO - Running paper trading for 2025-07-03
2026-03-01 20:25:40,287 - INFO - ============================================================
2026-03-01 20:25:40,288 - INFO - Portfolio construction: 38 longs, 38 shorts (from 38 candidates)
2026-03-01 20:25:40,289 - INFO - Vol targeting: rolling_vol=0.0371, scale=2.0000
2026-03-01 20:25:40,289 - INFO - PnL Net: -0.0032 | Scaled: -0.0063 | Turnover: 11.38% | Vol Scale: 2.00
2026-03-01 20:25:40,289 - INFO - 
============================================================
2026-03-01 20:25:40,289 - INFO - Running paper trading for 2025-07-07
2026-03-01 20:25:40,289 - INFO - ============================================================
2026-03-01 20:25:40,290 - INFO - Portfolio construction: 38 longs, 38 shorts (from 38 candidates)
2026-03-01 20:25:40,290 - INFO - Vol targeting: rolling_vol=0.0371, scale=2.0000
2026-03-01 20:25:40,290 - INFO - PnL Net: 0.0005 | Scaled: 0.0010 | Turnover: 10.84% | Vol Scale: 2.00
2026-03-01 20:25:40,290 - INFO - 
============================================================
2026-03-01 20:25:40,290 - INFO - Running paper trading for 2025-07-08
2026-03-01 20:25:40,290 - INFO - ============================================================
2026-03-01 20:25:40,291 - INFO - Portfolio construction: 38 longs, 38 shorts (from 38 candidates)
2026-03-01 20:25:40,291 - INFO - Vol targeting: rolling_vol=0.0357, scale=2.0000
2026-03-01 20:25:40,291 - INFO - PnL Net: 0.0009 | Scaled: 0.0019 | Turnover: 18.35% | Vol Scale: 2.00
2026-03-01 20:25:40,291 - INFO - 
============================================================
2026-03-01 20:25:40,291 - INFO - Running paper trading for 2025-07-09
2026-03-01 20:25:40,291 - INFO - ============================================================
2026-03-01 20:25:40,292 - INFO - Portfolio construction: 38 longs, 38 shorts (from 38 candidates)
2026-03-01 20:25:40,293 - INFO - Vol targeting: rolling_vol=0.0364, scale=2.0000
2026-03-01 20:25:40,293 - INFO - PnL Net: 0.0026 | Scaled: 0.0053 | Turnover: 19.70% | Vol Scale: 2.00
2026-03-01 20:25:40,293 - INFO - 
============================================================
2026-03-01 20:25:40,293 - INFO - Running paper trading for 2025-07-10
2026-03-01 20:25:40,293 - INFO - ============================================================
2026-03-01 20:25:40,294 - INFO - Portfolio construction: 38 longs, 12 shorts (from 38 candidates)
2026-03-01 20:25:40,294 - INFO - Vol targeting: rolling_vol=0.0379, scale=2.0000
2026-03-01 20:25:40,294 - INFO - PnL Net: -0.0029 | Scaled: -0.0058 | Turnover: 19.47% | Vol Scale: 2.00
2026-03-01 20:25:40,294 - INFO - 
============================================================
2026-03-01 20:25:40,294 - INFO - Running paper trading for 2025-07-11
2026-03-01 20:25:40,294 - INFO - ============================================================
2026-03-01 20:25:40,295 - INFO - Portfolio construction: 38 longs, 26 shorts (from 38 candidates)
2026-03-01 20:25:40,295 - INFO - Vol targeting: rolling_vol=0.0382, scale=2.0000
2026-03-01 20:25:40,295 - INFO - PnL Net: -0.0008 | Scaled: -0.0016 | Turnover: 19.00% | Vol Scale: 2.00
2026-03-01 20:25:40,295 - INFO - 
============================================================
2026-03-01 20:25:40,295 - INFO - Running paper trading for 2025-07-14
2026-03-01 20:25:40,295 - INFO - ============================================================
2026-03-01 20:25:40,296 - INFO - Portfolio construction: 38 longs, 38 shorts (from 38 candidates)
2026-03-01 20:25:40,297 - INFO - Vol targeting: rolling_vol=0.0411, scale=1.9456
2026-03-01 20:25:40,297 - INFO - PnL Net: -0.0053 | Scaled: -0.0103 | Turnover: 18.01% | Vol Scale: 1.95
2026-03-01 20:25:40,297 - INFO - 
============================================================
2026-03-01 20:25:40,297 - INFO - Running paper trading for 2025-07-15
2026-03-01 20:25:40,297 - INFO - ============================================================
2026-03-01 20:25:40,298 - INFO - Portfolio construction: 38 longs, 24 shorts (from 38 candidates)
2026-03-01 20:25:40,298 - INFO - Vol targeting: rolling_vol=0.0411, scale=1.9452
2026-03-01 20:25:40,298 - INFO - PnL Net: 0.0011 | Scaled: 0.0022 | Turnover: 17.80% | Vol Scale: 1.95
2026-03-01 20:25:40,298 - INFO - 
============================================================
2026-03-01 20:25:40,298 - INFO - Running paper trading for 2025-07-16
2026-03-01 20:25:40,298 - INFO - ============================================================
2026-03-01 20:25:40,299 - INFO - Portfolio construction: 38 longs, 4 shorts (from 38 candidates)
2026-03-01 20:25:40,299 - INFO - Vol targeting: rolling_vol=0.0400, scale=1.9977
2026-03-01 20:25:40,299 - INFO - PnL Net: 0.0035 | Scaled: 0.0070 | Turnover: 18.83% | Vol Scale: 2.00
2026-03-01 20:25:40,299 - INFO - 
============================================================
2026-03-01 20:25:40,299 - INFO - Running paper trading for 2025-07-17
2026-03-01 20:25:40,299 - INFO - ============================================================
2026-03-01 20:25:40,300 - INFO - Portfolio construction: 38 longs, 38 shorts (from 38 candidates)
2026-03-01 20:25:40,300 - INFO - Vol targeting: rolling_vol=0.0400, scale=2.0000
2026-03-01 20:25:40,300 - INFO - PnL Net: -0.0003 | Scaled: -0.0006 | Turnover: 20.65% | Vol Scale: 2.00
2026-03-01 20:25:40,301 - INFO - 
============================================================
2026-03-01 20:25:40,301 - INFO - Running paper trading for 2025-07-18
2026-03-01 20:25:40,301 - INFO - ============================================================
2026-03-01 20:25:40,301 - INFO - Portfolio construction: 38 longs, 38 shorts (from 38 candidates)
2026-03-01 20:25:40,302 - INFO - Vol targeting: rolling_vol=0.0407, scale=1.9646
2026-03-01 20:25:40,302 - INFO - PnL Net: -0.0016 | Scaled: -0.0032 | Turnover: 22.59% | Vol Scale: 1.96
2026-03-01 20:25:40,302 - INFO - 
============================================================
2026-03-01 20:25:40,302 - INFO - Running paper trading for 2025-07-21
2026-03-01 20:25:40,302 - INFO - ============================================================
2026-03-01 20:25:40,303 - INFO - Portfolio construction: 38 longs, 38 shorts (from 38 candidates)
2026-03-01 20:25:40,303 - INFO - Vol targeting: rolling_vol=0.0456, scale=1.7529
2026-03-01 20:25:40,303 - INFO - PnL Net: 0.0068 | Scaled: 0.0120 | Turnover: 18.81% | Vol Scale: 1.75
2026-03-01 20:25:40,303 - INFO - 
============================================================
2026-03-01 20:25:40,303 - INFO - Running paper trading for 2025-07-22
2026-03-01 20:25:40,303 - INFO - ============================================================
2026-03-01 20:25:40,304 - INFO - Portfolio construction: 38 longs, 38 shorts (from 38 candidates)
2026-03-01 20:25:40,304 - INFO - Vol targeting: rolling_vol=0.0446, scale=1.7927
2026-03-01 20:25:40,304 - INFO - PnL Net: 0.0023 | Scaled: 0.0041 | Turnover: 18.89% | Vol Scale: 1.79
2026-03-01 20:25:40,304 - INFO - 
============================================================
2026-03-01 20:25:40,304 - INFO - Running paper trading for 2025-07-23
2026-03-01 20:25:40,304 - INFO - ============================================================
2026-03-01 20:25:40,305 - INFO - Portfolio construction: 38 longs, 38 shorts (from 38 candidates)
2026-03-01 20:25:40,305 - INFO - Vol targeting: rolling_vol=0.0451, scale=1.7756
2026-03-01 20:25:40,305 - INFO - PnL Net: -0.0026 | Scaled: -0.0046 | Turnover: 15.52% | Vol Scale: 1.78
2026-03-01 20:25:40,305 - INFO - 
============================================================
2026-03-01 20:25:40,305 - INFO - Running paper trading for 2025-07-24
2026-03-01 20:25:40,305 - INFO - ============================================================
2026-03-01 20:25:40,306 - INFO - Portfolio construction: 38 longs, 38 shorts (from 38 candidates)
2026-03-01 20:25:40,306 - INFO - Vol targeting: rolling_vol=0.0449, scale=1.7834
2026-03-01 20:25:40,307 - INFO - PnL Net: 0.0011 | Scaled: 0.0019 | Turnover: 15.70% | Vol Scale: 1.78
2026-03-01 20:25:40,307 - INFO - 
============================================================
2026-03-01 20:25:40,307 - INFO - Running paper trading for 2025-07-25
2026-03-01 20:25:40,307 - INFO - ============================================================
2026-03-01 20:25:40,307 - INFO - Portfolio construction: 38 longs, 38 shorts (from 38 candidates)
2026-03-01 20:25:40,307 - INFO - Vol targeting: rolling_vol=0.0465, scale=1.7198
2026-03-01 20:25:40,307 - INFO - PnL Net: -0.0031 | Scaled: -0.0052 | Turnover: 16.41% | Vol Scale: 1.72
2026-03-01 20:25:40,307 - INFO - 
============================================================
2026-03-01 20:25:40,307 - INFO - Running paper trading for 2025-07-28
2026-03-01 20:25:40,307 - INFO - ============================================================
2026-03-01 20:25:40,309 - INFO - Portfolio construction: 38 longs, 38 shorts (from 38 candidates)
2026-03-01 20:25:40,309 - INFO - Vol targeting: rolling_vol=0.0474, scale=1.6862
2026-03-01 20:25:40,310 - INFO - PnL Net: -0.0025 | Scaled: -0.0041 | Turnover: 18.54% | Vol Scale: 1.69
2026-03-01 20:25:40,310 - INFO - 
============================================================
2026-03-01 20:25:40,310 - INFO - Running paper trading for 2025-07-29
2026-03-01 20:25:40,310 - INFO - ============================================================
2026-03-01 20:25:40,311 - INFO - Portfolio construction: 38 longs, 38 shorts (from 38 candidates)
2026-03-01 20:25:40,311 - INFO - Vol targeting: rolling_vol=0.0445, scale=1.7974
2026-03-01 20:25:40,311 - INFO - PnL Net: -0.0028 | Scaled: -0.0050 | Turnover: 17.07% | Vol Scale: 1.80
2026-03-01 20:25:40,311 - INFO - 
============================================================
2026-03-01 20:25:40,311 - INFO - Running paper trading for 2025-07-30
2026-03-01 20:25:40,311 - INFO - ============================================================
2026-03-01 20:25:40,312 - INFO - Portfolio construction: 38 longs, 38 shorts (from 38 candidates)
2026-03-01 20:25:40,312 - INFO - Vol targeting: rolling_vol=0.0463, scale=1.7283
2026-03-01 20:25:40,312 - INFO - PnL Net: -0.0042 | Scaled: -0.0073 | Turnover: 18.97% | Vol Scale: 1.73
2026-03-01 20:25:40,312 - INFO - 
============================================================
2026-03-01 20:25:40,312 - INFO - Running paper trading for 2025-07-31
2026-03-01 20:25:40,312 - INFO - ============================================================
2026-03-01 20:25:40,313 - INFO - Portfolio construction: 38 longs, 38 shorts (from 38 candidates)
2026-03-01 20:25:40,313 - INFO - Vol targeting: rolling_vol=0.0470, scale=1.7007
2026-03-01 20:25:40,313 - INFO - PnL Net: -0.0036 | Scaled: -0.0062 | Turnover: 19.57% | Vol Scale: 1.70
2026-03-01 20:25:40,313 - INFO - 
============================================================
2026-03-01 20:25:40,313 - INFO - Running paper trading for 2025-08-01
2026-03-01 20:25:40,314 - INFO - ============================================================
2026-03-01 20:25:40,314 - INFO - Portfolio construction: 38 longs, 6 shorts (from 38 candidates)
2026-03-01 20:25:40,315 - INFO - Vol targeting: rolling_vol=0.0468, scale=1.7092
2026-03-01 20:25:40,315 - INFO - PnL Net: 0.0016 | Scaled: 0.0028 | Turnover: 18.75% | Vol Scale: 1.71
2026-03-01 20:25:40,315 - INFO - 
============================================================
2026-03-01 20:25:40,315 - INFO - Running paper trading for 2025-08-04
2026-03-01 20:25:40,315 - INFO - ============================================================
2026-03-01 20:25:40,316 - INFO - Portfolio construction: 38 longs, 5 shorts (from 38 candidates)
2026-03-01 20:25:40,316 - INFO - Vol targeting: rolling_vol=0.0486, scale=1.6467
2026-03-01 20:25:40,316 - INFO - PnL Net: 0.0034 | Scaled: 0.0056 | Turnover: 20.03% | Vol Scale: 1.65
2026-03-01 20:25:40,316 - INFO - 
============================================================
2026-03-01 20:25:40,316 - INFO - Running paper trading for 2025-08-05
2026-03-01 20:25:40,316 - INFO - ============================================================
2026-03-01 20:25:40,317 - INFO - Portfolio construction: 38 longs, 37 shorts (from 38 candidates)
2026-03-01 20:25:40,317 - INFO - Vol targeting: rolling_vol=0.0485, scale=1.6507
2026-03-01 20:25:40,317 - INFO - PnL Net: -0.0013 | Scaled: -0.0021 | Turnover: 19.43% | Vol Scale: 1.65
2026-03-01 20:25:40,317 - INFO - 
============================================================
2026-03-01 20:25:40,317 - INFO - Running paper trading for 2025-08-06
2026-03-01 20:25:40,317 - INFO - ============================================================
2026-03-01 20:25:40,319 - INFO - Portfolio construction: 38 longs, 38 shorts (from 38 candidates)
2026-03-01 20:25:40,319 - INFO - Vol targeting: rolling_vol=0.0472, scale=1.6961
2026-03-01 20:25:40,319 - INFO - PnL Net: -0.0009 | Scaled: -0.0016 | Turnover: 18.13% | Vol Scale: 1.70
2026-03-01 20:25:40,319 - INFO - 
============================================================
2026-03-01 20:25:40,319 - INFO - Running paper trading for 2025-08-07
2026-03-01 20:25:40,319 - INFO - ============================================================
2026-03-01 20:25:40,320 - INFO - Portfolio construction: 38 longs, 7 shorts (from 38 candidates)
2026-03-01 20:25:40,320 - INFO - Vol targeting: rolling_vol=0.0466, scale=1.7164
2026-03-01 20:25:40,320 - INFO - PnL Net: 0.0008 | Scaled: 0.0013 | Turnover: 20.31% | Vol Scale: 1.72
2026-03-01 20:25:40,320 - INFO - 
============================================================
2026-03-01 20:25:40,320 - INFO - Running paper trading for 2025-08-08
2026-03-01 20:25:40,320 - INFO - ============================================================
2026-03-01 20:25:40,321 - INFO - Portfolio construction: 38 longs, 8 shorts (from 38 candidates)
2026-03-01 20:25:40,322 - INFO - Vol targeting: rolling_vol=0.0467, scale=1.7135
2026-03-01 20:25:40,322 - WARNING - KS3 TRIGGERED: 60-day Sharpe -0.0651 < 0
2026-03-01 20:25:40,322 - INFO - PnL Net: -0.0013 | Scaled: -0.0022 | Turnover: 18.30% | Vol Scale: 1.71
2026-03-01 20:25:40,322 - INFO - 
============================================================
2026-03-01 20:25:40,322 - INFO - Running paper trading for 2025-08-11
2026-03-01 20:25:40,322 - INFO - ============================================================
2026-03-01 20:25:40,322 - INFO - Portfolio construction: 38 longs, 38 shorts (from 38 candidates)
2026-03-01 20:25:40,322 - INFO - Vol targeting: rolling_vol=0.0479, scale=1.6690
2026-03-01 20:25:40,323 - WARNING - KS3 TRIGGERED: 60-day Sharpe -0.0144 < 0
2026-03-01 20:25:40,323 - INFO - PnL Net: 0.0058 | Scaled: 0.0096 | Turnover: 15.45% | Vol Scale: 1.67
2026-03-01 20:25:40,323 - INFO - 
============================================================
2026-03-01 20:25:40,323 - INFO - Running paper trading for 2025-08-12
2026-03-01 20:25:40,324 - INFO - ============================================================
2026-03-01 20:25:40,326 - INFO - Portfolio construction: 38 longs, 38 shorts (from 38 candidates)
2026-03-01 20:25:40,327 - INFO - Vol targeting: rolling_vol=0.0574, scale=1.3933
2026-03-01 20:25:40,327 - INFO - PnL Net: 0.0093 | Scaled: 0.0129 | Turnover: 15.64% | Vol Scale: 1.39
2026-03-01 20:25:40,328 - INFO - 
============================================================
2026-03-01 20:25:40,328 - INFO - Running paper trading for 2025-08-13
2026-03-01 20:25:40,328 - INFO - ============================================================
2026-03-01 20:25:40,331 - INFO - Portfolio construction: 38 longs, 38 shorts (from 38 candidates)
2026-03-01 20:25:40,332 - INFO - Vol targeting: rolling_vol=0.0564, scale=1.4186
2026-03-01 20:25:40,332 - INFO - PnL Net: 0.0002 | Scaled: 0.0003 | Turnover: 20.87% | Vol Scale: 1.42
2026-03-01 20:25:40,332 - INFO - 
============================================================
2026-03-01 20:25:40,332 - INFO - Running paper trading for 2025-08-14
2026-03-01 20:25:40,332 - INFO - ============================================================
2026-03-01 20:25:40,334 - INFO - Portfolio construction: 38 longs, 38 shorts (from 38 candidates)
2026-03-01 20:25:40,334 - INFO - Vol targeting: rolling_vol=0.0564, scale=1.4190
2026-03-01 20:25:40,334 - INFO - PnL Net: 0.0010 | Scaled: 0.0014 | Turnover: 18.05% | Vol Scale: 1.42
2026-03-01 20:25:40,335 - INFO - 
============================================================
2026-03-01 20:25:40,335 - INFO - Running paper trading for 2025-08-15
2026-03-01 20:25:40,335 - INFO - ============================================================
2026-03-01 20:25:40,336 - INFO - Portfolio construction: 38 longs, 38 shorts (from 38 candidates)
2026-03-01 20:25:40,336 - INFO - Vol targeting: rolling_vol=0.0559, scale=1.4310
2026-03-01 20:25:40,337 - INFO - PnL Net: 0.0002 | Scaled: 0.0003 | Turnover: 19.70% | Vol Scale: 1.43
2026-03-01 20:25:40,337 - INFO - 
============================================================
2026-03-01 20:25:40,337 - INFO - Running paper trading for 2025-08-18
2026-03-01 20:25:40,337 - INFO - ============================================================
2026-03-01 20:25:40,338 - INFO - Portfolio construction: 38 longs, 38 shorts (from 38 candidates)
2026-03-01 20:25:40,340 - INFO - Vol targeting: rolling_vol=0.0515, scale=1.5525
2026-03-01 20:25:40,340 - INFO - PnL Net: 0.0024 | Scaled: 0.0038 | Turnover: 18.09% | Vol Scale: 1.55
2026-03-01 20:25:40,340 - INFO - 
============================================================
2026-03-01 20:25:40,340 - INFO - Running paper trading for 2025-08-19
2026-03-01 20:25:40,340 - INFO - ============================================================
2026-03-01 20:25:40,343 - INFO - Portfolio construction: 38 longs, 38 shorts (from 38 candidates)
2026-03-01 20:25:40,343 - INFO - Vol targeting: rolling_vol=0.0516, scale=1.5515
2026-03-01 20:25:40,343 - INFO - PnL Net: -0.0020 | Scaled: -0.0031 | Turnover: 16.60% | Vol Scale: 1.55
2026-03-01 20:25:40,343 - INFO - 
============================================================
2026-03-01 20:25:40,343 - INFO - Running paper trading for 2025-08-20
2026-03-01 20:25:40,343 - INFO - ============================================================
2026-03-01 20:25:40,345 - INFO - Portfolio construction: 38 longs, 38 shorts (from 38 candidates)
2026-03-01 20:25:40,345 - INFO - Vol targeting: rolling_vol=0.0510, scale=1.5694
2026-03-01 20:25:40,345 - INFO - PnL Net: -0.0015 | Scaled: -0.0024 | Turnover: 15.21% | Vol Scale: 1.57
2026-03-01 20:25:40,346 - INFO - 
============================================================
2026-03-01 20:25:40,346 - INFO - Running paper trading for 2025-08-21
2026-03-01 20:25:40,346 - INFO - ============================================================
2026-03-01 20:25:40,348 - INFO - Portfolio construction: 38 longs, 38 shorts (from 38 candidates)
2026-03-01 20:25:40,349 - INFO - Vol targeting: rolling_vol=0.0594, scale=1.3476
2026-03-01 20:25:40,349 - INFO - PnL Net: 0.0089 | Scaled: 0.0120 | Turnover: 16.82% | Vol Scale: 1.35
2026-03-01 20:25:40,349 - INFO - 
============================================================
2026-03-01 20:25:40,349 - INFO - Running paper trading for 2025-08-22
2026-03-01 20:25:40,349 - INFO - ============================================================
2026-03-01 20:25:40,351 - INFO - Portfolio construction: 38 longs, 38 shorts (from 38 candidates)
2026-03-01 20:25:40,351 - INFO - Vol targeting: rolling_vol=0.0605, scale=1.3221
2026-03-01 20:25:40,351 - INFO - PnL Net: -0.0044 | Scaled: -0.0058 | Turnover: 15.55% | Vol Scale: 1.32
2026-03-01 20:25:40,351 - INFO - 
============================================================
2026-03-01 20:25:40,351 - INFO - Running paper trading for 2025-08-25
2026-03-01 20:25:40,351 - INFO - ============================================================
2026-03-01 20:25:40,353 - INFO - Portfolio construction: 38 longs, 38 shorts (from 38 candidates)
2026-03-01 20:25:40,353 - INFO - Vol targeting: rolling_vol=0.0596, scale=1.3428
2026-03-01 20:25:40,353 - INFO - PnL Net: 0.0005 | Scaled: 0.0007 | Turnover: 15.86% | Vol Scale: 1.34
2026-03-01 20:25:40,353 - INFO - 
============================================================
2026-03-01 20:25:40,353 - INFO - Running paper trading for 2025-08-26
2026-03-01 20:25:40,354 - INFO - ============================================================
2026-03-01 20:25:40,355 - INFO - Portfolio construction: 38 longs, 38 shorts (from 38 candidates)
2026-03-01 20:25:40,355 - INFO - Vol targeting: rolling_vol=0.0583, scale=1.3725
2026-03-01 20:25:40,355 - INFO - PnL Net: 0.0005 | Scaled: 0.0007 | Turnover: 17.06% | Vol Scale: 1.37
2026-03-01 20:25:40,355 - INFO - 
============================================================
2026-03-01 20:25:40,355 - INFO - Running paper trading for 2025-08-27
2026-03-01 20:25:40,355 - INFO - ============================================================
2026-03-01 20:25:40,356 - INFO - Portfolio construction: 38 longs, 38 shorts (from 38 candidates)
2026-03-01 20:25:40,356 - INFO - Vol targeting: rolling_vol=0.0555, scale=1.4411
2026-03-01 20:25:40,356 - INFO - PnL Net: -0.0002 | Scaled: -0.0002 | Turnover: 17.80% | Vol Scale: 1.44
2026-03-01 20:25:40,356 - INFO - 
============================================================
2026-03-01 20:25:40,356 - INFO - Running paper trading for 2025-08-28
2026-03-01 20:25:40,356 - INFO - ============================================================
2026-03-01 20:25:40,357 - INFO - Portfolio construction: 38 longs, 38 shorts (from 38 candidates)
2026-03-01 20:25:40,358 - INFO - Vol targeting: rolling_vol=0.0530, scale=1.5091
2026-03-01 20:25:40,358 - INFO - PnL Net: 0.0003 | Scaled: 0.0004 | Turnover: 19.25% | Vol Scale: 1.51
2026-03-01 20:25:40,358 - INFO - 
============================================================
2026-03-01 20:25:40,358 - INFO - Running paper trading for 2025-08-29
2026-03-01 20:25:40,358 - INFO - ============================================================
2026-03-01 20:25:40,359 - INFO - Portfolio construction: 38 longs, 38 shorts (from 38 candidates)
2026-03-01 20:25:40,359 - INFO - Vol targeting: rolling_vol=0.0539, scale=1.4841
2026-03-01 20:25:40,359 - INFO - PnL Net: -0.0017 | Scaled: -0.0026 | Turnover: 15.06% | Vol Scale: 1.48
2026-03-01 20:25:40,359 - INFO - 
============================================================
2026-03-01 20:25:40,359 - INFO - Running paper trading for 2025-09-02
2026-03-01 20:25:40,359 - INFO - ============================================================
2026-03-01 20:25:40,360 - INFO - Portfolio construction: 38 longs, 38 shorts (from 38 candidates)
2026-03-01 20:25:40,361 - INFO - Vol targeting: rolling_vol=0.0542, scale=1.4760
2026-03-01 20:25:40,361 - INFO - PnL Net: -0.0021 | Scaled: -0.0031 | Turnover: 18.16% | Vol Scale: 1.48
2026-03-01 20:25:40,361 - INFO - 
============================================================
2026-03-01 20:25:40,361 - INFO - Running paper trading for 2025-09-03
2026-03-01 20:25:40,361 - INFO - ============================================================
2026-03-01 20:25:40,362 - INFO - Portfolio construction: 38 longs, 38 shorts (from 38 candidates)
2026-03-01 20:25:40,362 - INFO - Vol targeting: rolling_vol=0.0537, scale=1.4886
2026-03-01 20:25:40,362 - INFO - PnL Net: 0.0013 | Scaled: 0.0020 | Turnover: 17.78% | Vol Scale: 1.49
2026-03-01 20:25:40,362 - INFO - 
============================================================
2026-03-01 20:25:40,362 - INFO - Running paper trading for 2025-09-04
2026-03-01 20:25:40,362 - INFO - ============================================================
2026-03-01 20:25:40,363 - INFO - Portfolio construction: 38 longs, 38 shorts (from 38 candidates)
2026-03-01 20:25:40,363 - INFO - Vol targeting: rolling_vol=0.0534, scale=1.4994
2026-03-01 20:25:40,364 - INFO - PnL Net: 0.0012 | Scaled: 0.0019 | Turnover: 17.33% | Vol Scale: 1.50
2026-03-01 20:25:40,364 - INFO - 
============================================================
2026-03-01 20:25:40,364 - INFO - Running paper trading for 2025-09-05
2026-03-01 20:25:40,364 - INFO - ============================================================
2026-03-01 20:25:40,364 - INFO - Portfolio construction: 38 longs, 38 shorts (from 38 candidates)
2026-03-01 20:25:40,364 - INFO - Vol targeting: rolling_vol=0.0539, scale=1.4842
2026-03-01 20:25:40,364 - INFO - PnL Net: -0.0013 | Scaled: -0.0019 | Turnover: 20.00% | Vol Scale: 1.48
2026-03-01 20:25:40,364 - INFO - 
============================================================
2026-03-01 20:25:40,364 - INFO - Running paper trading for 2025-09-08
2026-03-01 20:25:40,364 - INFO - ============================================================
2026-03-01 20:25:40,365 - INFO - Portfolio construction: 38 longs, 38 shorts (from 38 candidates)
2026-03-01 20:25:40,366 - INFO - Vol targeting: rolling_vol=0.0535, scale=1.4949
2026-03-01 20:25:40,366 - INFO - PnL Net: -0.0003 | Scaled: -0.0004 | Turnover: 16.66% | Vol Scale: 1.49
2026-03-01 20:25:40,366 - INFO - 
============================================================
2026-03-01 20:25:40,366 - INFO - Running paper trading for 2025-09-09
2026-03-01 20:25:40,366 - INFO - ============================================================
2026-03-01 20:25:40,367 - INFO - Portfolio construction: 38 longs, 38 shorts (from 38 candidates)
2026-03-01 20:25:40,367 - INFO - Vol targeting: rolling_vol=0.0534, scale=1.4986
2026-03-01 20:25:40,367 - INFO - PnL Net: -0.0044 | Scaled: -0.0065 | Turnover: 17.19% | Vol Scale: 1.50
2026-03-01 20:25:40,367 - INFO - 
============================================================
2026-03-01 20:25:40,367 - INFO - Running paper trading for 2025-09-10
2026-03-01 20:25:40,367 - INFO - ============================================================
2026-03-01 20:25:40,368 - INFO - Portfolio construction: 38 longs, 38 shorts (from 38 candidates)
2026-03-01 20:25:40,368 - INFO - Vol targeting: rolling_vol=0.0448, scale=1.7844
2026-03-01 20:25:40,368 - INFO - PnL Net: 0.0040 | Scaled: 0.0072 | Turnover: 16.96% | Vol Scale: 1.78
2026-03-01 20:25:40,368 - INFO - 
============================================================
2026-03-01 20:25:40,368 - INFO - Running paper trading for 2025-09-11
2026-03-01 20:25:40,368 - INFO - ============================================================
2026-03-01 20:25:40,369 - INFO - Portfolio construction: 38 longs, 38 shorts (from 38 candidates)
2026-03-01 20:25:40,369 - INFO - Vol targeting: rolling_vol=0.0472, scale=1.6944
2026-03-01 20:25:40,369 - INFO - PnL Net: -0.0041 | Scaled: -0.0070 | Turnover: 17.39% | Vol Scale: 1.69
2026-03-01 20:25:40,369 - INFO - 
============================================================
2026-03-01 20:25:40,369 - INFO - Running paper trading for 2025-09-12
2026-03-01 20:25:40,369 - INFO - ============================================================
2026-03-01 20:25:40,371 - INFO - Portfolio construction: 38 longs, 38 shorts (from 38 candidates)
2026-03-01 20:25:40,371 - INFO - Vol targeting: rolling_vol=0.0475, scale=1.6830
2026-03-01 20:25:40,371 - INFO - PnL Net: -0.0021 | Scaled: -0.0035 | Turnover: 15.81% | Vol Scale: 1.68
2026-03-01 20:25:40,371 - INFO - 
============================================================
2026-03-01 20:25:40,372 - INFO - Running paper trading for 2025-09-15
2026-03-01 20:25:40,372 - INFO - ============================================================
2026-03-01 20:25:40,372 - INFO - Portfolio construction: 38 longs, 38 shorts (from 38 candidates)
2026-03-01 20:25:40,372 - INFO - Vol targeting: rolling_vol=0.0477, scale=1.6773
2026-03-01 20:25:40,372 - INFO - PnL Net: 0.0010 | Scaled: 0.0016 | Turnover: 18.17% | Vol Scale: 1.68
2026-03-01 20:25:40,372 - INFO - 
============================================================
2026-03-01 20:25:40,372 - INFO - Running paper trading for 2025-09-16
2026-03-01 20:25:40,372 - INFO - ============================================================
2026-03-01 20:25:40,373 - INFO - Portfolio construction: 38 longs, 38 shorts (from 38 candidates)
2026-03-01 20:25:40,373 - INFO - Vol targeting: rolling_vol=0.0469, scale=1.7072
2026-03-01 20:25:40,374 - INFO - PnL Net: 0.0006 | Scaled: 0.0011 | Turnover: 16.81% | Vol Scale: 1.71
2026-03-01 20:25:40,374 - INFO - 
============================================================
2026-03-01 20:25:40,374 - INFO - Running paper trading for 2025-09-17
2026-03-01 20:25:40,374 - INFO - ============================================================
2026-03-01 20:25:40,375 - INFO - Portfolio construction: 38 longs, 38 shorts (from 38 candidates)
2026-03-01 20:25:40,375 - INFO - Vol targeting: rolling_vol=0.0483, scale=1.6553
2026-03-01 20:25:40,375 - INFO - PnL Net: 0.0037 | Scaled: 0.0061 | Turnover: 15.39% | Vol Scale: 1.66
2026-03-01 20:25:40,375 - INFO - 
============================================================
2026-03-01 20:25:40,375 - INFO - Running paper trading for 2025-09-18
2026-03-01 20:25:40,375 - INFO - ============================================================
2026-03-01 20:25:40,376 - INFO - Portfolio construction: 38 longs, 38 shorts (from 38 candidates)
2026-03-01 20:25:40,376 - INFO - Vol targeting: rolling_vol=0.0490, scale=1.6323
2026-03-01 20:25:40,376 - INFO - PnL Net: -0.0028 | Scaled: -0.0045 | Turnover: 13.88% | Vol Scale: 1.63
2026-03-01 20:25:40,376 - INFO - 
============================================================
2026-03-01 20:25:40,376 - INFO - Running paper trading for 2025-09-19
2026-03-01 20:25:40,376 - INFO - ============================================================
2026-03-01 20:25:40,377 - INFO - Portfolio construction: 38 longs, 38 shorts (from 38 candidates)
2026-03-01 20:25:40,378 - INFO - Vol targeting: rolling_vol=0.0368, scale=2.0000
2026-03-01 20:25:40,378 - INFO - PnL Net: -0.0018 | Scaled: -0.0037 | Turnover: 14.15% | Vol Scale: 2.00
2026-03-01 20:25:40,378 - INFO - 
============================================================
2026-03-01 20:25:40,378 - INFO - Running paper trading for 2025-09-22
2026-03-01 20:25:40,378 - INFO - ============================================================
2026-03-01 20:25:40,379 - INFO - Portfolio construction: 38 longs, 38 shorts (from 38 candidates)
2026-03-01 20:25:40,379 - INFO - Vol targeting: rolling_vol=0.0347, scale=2.0000
2026-03-01 20:25:40,379 - INFO - PnL Net: -0.0022 | Scaled: -0.0044 | Turnover: 12.25% | Vol Scale: 2.00
2026-03-01 20:25:40,380 - INFO - 
============================================================
2026-03-01 20:25:40,380 - INFO - Running paper trading for 2025-09-23
2026-03-01 20:25:40,380 - INFO - ============================================================
2026-03-01 20:25:40,380 - INFO - Portfolio construction: 38 longs, 38 shorts (from 38 candidates)
2026-03-01 20:25:40,381 - INFO - Vol targeting: rolling_vol=0.0347, scale=2.0000
2026-03-01 20:25:40,381 - INFO - PnL Net: 0.0006 | Scaled: 0.0012 | Turnover: 11.55% | Vol Scale: 2.00
2026-03-01 20:25:40,381 - INFO - 
============================================================
2026-03-01 20:25:40,381 - INFO - Running paper trading for 2025-09-24
2026-03-01 20:25:40,381 - INFO - ============================================================
2026-03-01 20:25:40,381 - INFO - Portfolio construction: 38 longs, 38 shorts (from 38 candidates)
2026-03-01 20:25:40,382 - INFO - Vol targeting: rolling_vol=0.0370, scale=2.0000
2026-03-01 20:25:40,382 - WARNING - KS3 TRIGGERED: 60-day Sharpe -0.2339 < 0
2026-03-01 20:25:40,382 - INFO - PnL Net: -0.0044 | Scaled: -0.0087 | Turnover: 10.82% | Vol Scale: 2.00
2026-03-01 20:25:40,382 - INFO - 
============================================================
2026-03-01 20:25:40,382 - INFO - Running paper trading for 2025-09-25
2026-03-01 20:25:40,382 - INFO - ============================================================
2026-03-01 20:25:40,383 - INFO - Portfolio construction: 38 longs, 38 shorts (from 38 candidates)
2026-03-01 20:25:40,383 - INFO - Vol targeting: rolling_vol=0.0394, scale=2.0000
2026-03-01 20:25:40,383 - WARNING - KS3 TRIGGERED: 60-day Sharpe -0.0747 < 0
2026-03-01 20:25:40,383 - INFO - PnL Net: 0.0031 | Scaled: 0.0063 | Turnover: 11.32% | Vol Scale: 2.00
2026-03-01 20:25:40,383 - INFO - 
============================================================
2026-03-01 20:25:40,383 - INFO - Running paper trading for 2025-09-26
2026-03-01 20:25:40,383 - INFO - ============================================================
2026-03-01 20:25:40,384 - INFO - Portfolio construction: 38 longs, 38 shorts (from 38 candidates)
2026-03-01 20:25:40,384 - INFO - Vol targeting: rolling_vol=0.0396, scale=2.0000
2026-03-01 20:25:40,384 - WARNING - KS3 TRIGGERED: 60-day Sharpe -0.1133 < 0
2026-03-01 20:25:40,384 - INFO - PnL Net: 0.0009 | Scaled: 0.0019 | Turnover: 10.79% | Vol Scale: 2.00
2026-03-01 20:25:40,385 - INFO - 
============================================================
2026-03-01 20:25:40,385 - INFO - Running paper trading for 2025-09-29
2026-03-01 20:25:40,385 - INFO - ============================================================
2026-03-01 20:25:40,385 - INFO - Portfolio construction: 38 longs, 38 shorts (from 38 candidates)
2026-03-01 20:25:40,386 - INFO - Vol targeting: rolling_vol=0.0395, scale=2.0000
2026-03-01 20:25:40,386 - INFO - PnL Net: 0.0006 | Scaled: 0.0013 | Turnover: 18.78% | Vol Scale: 2.00
2026-03-01 20:25:40,386 - INFO - 
============================================================
2026-03-01 20:25:40,386 - INFO - Running paper trading for 2025-09-30
2026-03-01 20:25:40,386 - INFO - ============================================================
2026-03-01 20:25:40,387 - INFO - Portfolio construction: 38 longs, 38 shorts (from 38 candidates)
2026-03-01 20:25:40,387 - INFO - Vol targeting: rolling_vol=0.0394, scale=2.0000
2026-03-01 20:25:40,387 - INFO - PnL Net: 0.0013 | Scaled: 0.0026 | Turnover: 16.32% | Vol Scale: 2.00
2026-03-01 20:25:40,387 - INFO - 
============================================================
2026-03-01 20:25:40,387 - INFO - Running paper trading for 2025-10-01
2026-03-01 20:25:40,387 - INFO - ============================================================
2026-03-01 20:25:40,388 - INFO - Portfolio construction: 38 longs, 38 shorts (from 38 candidates)
2026-03-01 20:25:40,388 - INFO - Vol targeting: rolling_vol=0.0406, scale=1.9724
2026-03-01 20:25:40,388 - INFO - PnL Net: 0.0029 | Scaled: 0.0057 | Turnover: 13.62% | Vol Scale: 1.97
2026-03-01 20:25:40,388 - INFO - 
============================================================
2026-03-01 20:25:40,388 - INFO - Running paper trading for 2025-10-02
2026-03-01 20:25:40,389 - INFO - ============================================================
2026-03-01 20:25:40,389 - INFO - Portfolio construction: 38 longs, 38 shorts (from 38 candidates)
2026-03-01 20:25:40,390 - INFO - Vol targeting: rolling_vol=0.0415, scale=1.9257
2026-03-01 20:25:40,390 - INFO - PnL Net: 0.0028 | Scaled: 0.0053 | Turnover: 12.21% | Vol Scale: 1.93
2026-03-01 20:25:40,390 - INFO - 
============================================================
2026-03-01 20:25:40,390 - INFO - Running paper trading for 2025-10-03
2026-03-01 20:25:40,390 - INFO - ============================================================
2026-03-01 20:25:40,391 - INFO - Portfolio construction: 38 longs, 38 shorts (from 38 candidates)
2026-03-01 20:25:40,391 - INFO - Vol targeting: rolling_vol=0.0436, scale=1.8365
2026-03-01 20:25:40,392 - INFO - PnL Net: 0.0040 | Scaled: 0.0073 | Turnover: 10.49% | Vol Scale: 1.84
2026-03-01 20:25:40,392 - INFO - 
============================================================
2026-03-01 20:25:40,392 - INFO - Running paper trading for 2025-10-06
2026-03-01 20:25:40,392 - INFO - ============================================================
2026-03-01 20:25:40,393 - INFO - Portfolio construction: 38 longs, 38 shorts (from 38 candidates)
2026-03-01 20:25:40,393 - INFO - Vol targeting: rolling_vol=0.0440, scale=1.8163
2026-03-01 20:25:40,393 - INFO - PnL Net: -0.0017 | Scaled: -0.0032 | Turnover: 8.91% | Vol Scale: 1.82
2026-03-01 20:25:40,393 - INFO - 
============================================================
2026-03-01 20:25:40,393 - INFO - Running paper trading for 2025-10-07
2026-03-01 20:25:40,393 - INFO - ============================================================
2026-03-01 20:25:40,394 - INFO - Portfolio construction: 38 longs, 38 shorts (from 38 candidates)
2026-03-01 20:25:40,394 - INFO - Vol targeting: rolling_vol=0.0418, scale=1.9150
2026-03-01 20:25:40,394 - INFO - PnL Net: 0.0027 | Scaled: 0.0053 | Turnover: 7.62% | Vol Scale: 1.91
2026-03-01 20:25:40,394 - INFO - 
============================================================
2026-03-01 20:25:40,394 - INFO - Running paper trading for 2025-10-08
2026-03-01 20:25:40,394 - INFO - ============================================================
2026-03-01 20:25:40,396 - INFO - Portfolio construction: 38 longs, 38 shorts (from 38 candidates)
2026-03-01 20:25:40,396 - INFO - Vol targeting: rolling_vol=0.0400, scale=1.9984
2026-03-01 20:25:40,396 - INFO - PnL Net: -0.0012 | Scaled: -0.0024 | Turnover: 6.47% | Vol Scale: 2.00
2026-03-01 20:25:40,396 - INFO - 
============================================================
2026-03-01 20:25:40,396 - INFO - Running paper trading for 2025-10-09
2026-03-01 20:25:40,396 - INFO - ============================================================
2026-03-01 20:25:40,397 - INFO - Portfolio construction: 38 longs, 38 shorts (from 38 candidates)
2026-03-01 20:25:40,397 - INFO - Vol targeting: rolling_vol=0.0499, scale=1.6037
2026-03-01 20:25:40,398 - INFO - PnL Net: -0.0093 | Scaled: -0.0149 | Turnover: 6.11% | Vol Scale: 1.60
2026-03-01 20:25:40,398 - INFO - 
============================================================
2026-03-01 20:25:40,398 - INFO - Running paper trading for 2025-10-10
2026-03-01 20:25:40,398 - INFO - ============================================================
2026-03-01 20:25:40,399 - INFO - Portfolio construction: 38 longs, 38 shorts (from 38 candidates)
2026-03-01 20:25:40,399 - INFO - Vol targeting: rolling_vol=0.0501, scale=1.5958
2026-03-01 20:25:40,399 - INFO - PnL Net: 0.0026 | Scaled: 0.0041 | Turnover: 16.58% | Vol Scale: 1.60
2026-03-01 20:25:40,399 - INFO - 
============================================================
2026-03-01 20:25:40,399 - INFO - Running paper trading for 2025-10-13
2026-03-01 20:25:40,399 - INFO - ============================================================
2026-03-01 20:25:40,400 - INFO - Portfolio construction: 38 longs, 36 shorts (from 38 candidates)
2026-03-01 20:25:40,400 - INFO - Vol targeting: rolling_vol=0.0500, scale=1.5985
2026-03-01 20:25:40,400 - INFO - PnL Net: 0.0001 | Scaled: 0.0001 | Turnover: 21.87% | Vol Scale: 1.60
2026-03-01 20:25:40,400 - INFO - 
============================================================
2026-03-01 20:25:40,400 - INFO - Running paper trading for 2025-10-14
2026-03-01 20:25:40,400 - INFO - ============================================================
2026-03-01 20:25:40,401 - INFO - Portfolio construction: 38 longs, 38 shorts (from 38 candidates)
2026-03-01 20:25:40,402 - INFO - Vol targeting: rolling_vol=0.0503, scale=1.5894
2026-03-01 20:25:40,402 - INFO - PnL Net: 0.0017 | Scaled: 0.0028 | Turnover: 19.87% | Vol Scale: 1.59
2026-03-01 20:25:40,402 - INFO - 
============================================================
2026-03-01 20:25:40,402 - INFO - Running paper trading for 2025-10-15
2026-03-01 20:25:40,402 - INFO - ============================================================
2026-03-01 20:25:40,402 - INFO - Portfolio construction: 38 longs, 38 shorts (from 38 candidates)
2026-03-01 20:25:40,402 - INFO - Vol targeting: rolling_vol=0.0506, scale=1.5825
2026-03-01 20:25:40,402 - WARNING - KS3 TRIGGERED: 60-day Sharpe -0.2138 < 0
2026-03-01 20:25:40,403 - INFO - PnL Net: -0.0039 | Scaled: -0.0062 | Turnover: 19.76% | Vol Scale: 1.58
2026-03-01 20:25:40,403 - INFO - 
============================================================
2026-03-01 20:25:40,403 - INFO - Running paper trading for 2025-10-16
2026-03-01 20:25:40,403 - INFO - ============================================================
2026-03-01 20:25:40,403 - INFO - Portfolio construction: 38 longs, 38 shorts (from 38 candidates)
2026-03-01 20:25:40,404 - INFO - Vol targeting: rolling_vol=0.0497, scale=1.6093
2026-03-01 20:25:40,404 - INFO - PnL Net: 0.0004 | Scaled: 0.0006 | Turnover: 19.81% | Vol Scale: 1.61
2026-03-01 20:25:40,404 - INFO - 
============================================================
2026-03-01 20:25:40,404 - INFO - Running paper trading for 2025-10-17
2026-03-01 20:25:40,404 - INFO - ============================================================
2026-03-01 20:25:40,405 - INFO - Portfolio construction: 38 longs, 2 shorts (from 38 candidates)
2026-03-01 20:25:40,405 - INFO - Vol targeting: rolling_vol=0.0522, scale=1.5325
2026-03-01 20:25:40,405 - INFO - PnL Net: 0.0050 | Scaled: 0.0077 | Turnover: 21.18% | Vol Scale: 1.53
2026-03-01 20:25:40,405 - INFO - 
============================================================
2026-03-01 20:25:40,405 - INFO - Running paper trading for 2025-10-20
2026-03-01 20:25:40,405 - INFO - ============================================================
2026-03-01 20:25:40,406 - INFO - Portfolio construction: 38 longs, 38 shorts (from 38 candidates)
2026-03-01 20:25:40,406 - INFO - Vol targeting: rolling_vol=0.0521, scale=1.5369
2026-03-01 20:25:40,406 - INFO - PnL Net: 0.0028 | Scaled: 0.0043 | Turnover: 19.97% | Vol Scale: 1.54
2026-03-01 20:25:40,406 - INFO - 
============================================================
2026-03-01 20:25:40,406 - INFO - Running paper trading for 2025-10-21
2026-03-01 20:25:40,406 - INFO - ============================================================
2026-03-01 20:25:40,407 - INFO - Portfolio construction: 38 longs, 38 shorts (from 38 candidates)
2026-03-01 20:25:40,408 - INFO - Vol targeting: rolling_vol=0.0528, scale=1.5154
2026-03-01 20:25:40,408 - INFO - PnL Net: -0.0020 | Scaled: -0.0030 | Turnover: 17.75% | Vol Scale: 1.52
2026-03-01 20:25:40,408 - INFO - 
============================================================
2026-03-01 20:25:40,408 - INFO - Running paper trading for 2025-10-22
2026-03-01 20:25:40,408 - INFO - ============================================================
2026-03-01 20:25:40,409 - INFO - Portfolio construction: 38 longs, 38 shorts (from 38 candidates)
2026-03-01 20:25:40,409 - INFO - Vol targeting: rolling_vol=0.0516, scale=1.5499
2026-03-01 20:25:40,409 - INFO - PnL Net: 0.0046 | Scaled: 0.0071 | Turnover: 16.55% | Vol Scale: 1.55
2026-03-01 20:25:40,409 - INFO - 
============================================================
2026-03-01 20:25:40,409 - INFO - Running paper trading for 2025-10-23
2026-03-01 20:25:40,409 - INFO - ============================================================
2026-03-01 20:25:40,410 - INFO - Portfolio construction: 38 longs, 38 shorts (from 38 candidates)
2026-03-01 20:25:40,410 - INFO - Vol targeting: rolling_vol=0.0510, scale=1.5701
2026-03-01 20:25:40,411 - INFO - PnL Net: 0.0010 | Scaled: 0.0015 | Turnover: 18.04% | Vol Scale: 1.57
2026-03-01 20:25:40,411 - INFO - 
============================================================
2026-03-01 20:25:40,411 - INFO - Running paper trading for 2025-10-24
2026-03-01 20:25:40,411 - INFO - ============================================================
2026-03-01 20:25:40,412 - INFO - Portfolio construction: 38 longs, 38 shorts (from 38 candidates)
2026-03-01 20:25:40,413 - INFO - Vol targeting: rolling_vol=0.0511, scale=1.5665
2026-03-01 20:25:40,413 - INFO - PnL Net: 0.0018 | Scaled: 0.0028 | Turnover: 20.07% | Vol Scale: 1.57
2026-03-01 20:25:40,413 - INFO - 
============================================================
2026-03-01 20:25:40,413 - INFO - Running paper trading for 2025-10-27
2026-03-01 20:25:40,413 - INFO - ============================================================
2026-03-01 20:25:40,414 - INFO - Portfolio construction: 38 longs, 38 shorts (from 38 candidates)
2026-03-01 20:25:40,414 - INFO - Vol targeting: rolling_vol=0.0513, scale=1.5609
2026-03-01 20:25:40,414 - INFO - PnL Net: -0.0005 | Scaled: -0.0007 | Turnover: 20.20% | Vol Scale: 1.56
2026-03-01 20:25:40,414 - INFO - 
============================================================
2026-03-01 20:25:40,414 - INFO - Running paper trading for 2025-10-28
2026-03-01 20:25:40,414 - INFO - ============================================================
2026-03-01 20:25:40,415 - INFO - Portfolio construction: 38 longs, 38 shorts (from 38 candidates)
2026-03-01 20:25:40,415 - INFO - Vol targeting: rolling_vol=0.0516, scale=1.5503
2026-03-01 20:25:40,415 - INFO - PnL Net: -0.0011 | Scaled: -0.0017 | Turnover: 17.57% | Vol Scale: 1.55
2026-03-01 20:25:40,415 - INFO - 
============================================================
2026-03-01 20:25:40,415 - INFO - Running paper trading for 2025-10-29
2026-03-01 20:25:40,415 - INFO - ============================================================
2026-03-01 20:25:40,419 - INFO - Portfolio construction: 38 longs, 38 shorts (from 38 candidates)
2026-03-01 20:25:40,420 - INFO - Vol targeting: rolling_vol=0.0533, scale=1.4997
2026-03-01 20:25:40,420 - INFO - PnL Net: -0.0041 | Scaled: -0.0061 | Turnover: 16.24% | Vol Scale: 1.50
2026-03-01 20:25:40,420 - INFO - 
============================================================
2026-03-01 20:25:40,420 - INFO - Running paper trading for 2025-10-30
2026-03-01 20:25:40,420 - INFO - ============================================================
2026-03-01 20:25:40,421 - INFO - Portfolio construction: 38 longs, 38 shorts (from 38 candidates)
2026-03-01 20:25:40,421 - INFO - Vol targeting: rolling_vol=0.0529, scale=1.5111
2026-03-01 20:25:40,421 - INFO - PnL Net: 0.0019 | Scaled: 0.0029 | Turnover: 17.83% | Vol Scale: 1.51
2026-03-01 20:25:40,421 - INFO - 
============================================================
2026-03-01 20:25:40,421 - INFO - Running paper trading for 2025-10-31
2026-03-01 20:25:40,421 - INFO - ============================================================
2026-03-01 20:25:40,422 - INFO - Portfolio construction: 38 longs, 38 shorts (from 38 candidates)
2026-03-01 20:25:40,423 - INFO - Vol targeting: rolling_vol=0.0514, scale=1.5577
2026-03-01 20:25:40,423 - INFO - PnL Net: -0.0012 | Scaled: -0.0019 | Turnover: 17.75% | Vol Scale: 1.56
2026-03-01 20:25:40,423 - INFO - 
============================================================
2026-03-01 20:25:40,423 - INFO - Running paper trading for 2025-11-03
2026-03-01 20:25:40,423 - INFO - ============================================================
2026-03-01 20:25:40,424 - INFO - Portfolio construction: 38 longs, 38 shorts (from 38 candidates)
2026-03-01 20:25:40,425 - INFO - Vol targeting: rolling_vol=0.0532, scale=1.5032
2026-03-01 20:25:40,425 - INFO - PnL Net: -0.0044 | Scaled: -0.0065 | Turnover: 18.48% | Vol Scale: 1.50
2026-03-01 20:25:40,425 - INFO - 
============================================================
2026-03-01 20:25:40,425 - INFO - Running paper trading for 2025-11-04
2026-03-01 20:25:40,425 - INFO - ============================================================
2026-03-01 20:25:40,427 - INFO - Portfolio construction: 38 longs, 38 shorts (from 38 candidates)
2026-03-01 20:25:40,427 - INFO - Vol targeting: rolling_vol=0.0532, scale=1.5046
2026-03-01 20:25:40,427 - INFO - PnL Net: 0.0027 | Scaled: 0.0040 | Turnover: 18.50% | Vol Scale: 1.50
2026-03-01 20:25:40,427 - INFO - 
============================================================
2026-03-01 20:25:40,427 - INFO - Running paper trading for 2025-11-05
2026-03-01 20:25:40,427 - INFO - ============================================================
2026-03-01 20:25:40,430 - INFO - Portfolio construction: 38 longs, 38 shorts (from 38 candidates)
2026-03-01 20:25:40,431 - INFO - Vol targeting: rolling_vol=0.0556, scale=1.4381
2026-03-01 20:25:40,431 - WARNING - KS3 TRIGGERED: 60-day Sharpe -0.0205 < 0
2026-03-01 20:25:40,431 - INFO - PnL Net: -0.0050 | Scaled: -0.0071 | Turnover: 18.91% | Vol Scale: 1.44
2026-03-01 20:25:40,431 - INFO - 
============================================================
2026-03-01 20:25:40,431 - INFO - Running paper trading for 2025-11-06
2026-03-01 20:25:40,431 - INFO - ============================================================
2026-03-01 20:25:40,434 - INFO - Portfolio construction: 38 longs, 38 shorts (from 38 candidates)
2026-03-01 20:25:40,434 - INFO - Vol targeting: rolling_vol=0.0450, scale=1.7759
2026-03-01 20:25:40,434 - WARNING - KS3 TRIGGERED: 60-day Sharpe -0.0011 < 0
2026-03-01 20:25:40,434 - INFO - PnL Net: 0.0004 | Scaled: 0.0007 | Turnover: 19.27% | Vol Scale: 1.78
2026-03-01 20:25:40,434 - INFO - 
============================================================
2026-03-01 20:25:40,434 - INFO - Running paper trading for 2025-11-07
2026-03-01 20:25:40,434 - INFO - ============================================================
2026-03-01 20:25:40,435 - WARNING - No negative predictions for shorts - skipping short positions
2026-03-01 20:25:40,435 - INFO - Portfolio construction: 38 longs, 0 shorts (from 38 candidates)
2026-03-01 20:25:40,435 - INFO - Vol targeting: rolling_vol=0.0446, scale=1.7921
2026-03-01 20:25:40,435 - INFO - PnL Net: 0.0019 | Scaled: 0.0034 | Turnover: 13.18% | Vol Scale: 1.79
2026-03-01 20:25:40,435 - INFO - 
============================================================
2026-03-01 20:25:40,435 - INFO - Running paper trading for 2025-11-10
2026-03-01 20:25:40,435 - INFO - ============================================================
2026-03-01 20:25:40,436 - INFO - Portfolio construction: 38 longs, 38 shorts (from 38 candidates)
2026-03-01 20:25:40,436 - INFO - Vol targeting: rolling_vol=0.0454, scale=1.7634
2026-03-01 20:25:40,436 - INFO - PnL Net: 0.0024 | Scaled: 0.0043 | Turnover: 18.16% | Vol Scale: 1.76
2026-03-01 20:25:40,436 - INFO - 
============================================================
2026-03-01 20:25:40,436 - INFO - Running paper trading for 2025-11-11
2026-03-01 20:25:40,436 - INFO - ============================================================
2026-03-01 20:25:40,437 - INFO - Portfolio construction: 38 longs, 38 shorts (from 38 candidates)
2026-03-01 20:25:40,438 - INFO - Vol targeting: rolling_vol=0.0464, scale=1.7224
2026-03-01 20:25:40,438 - INFO - PnL Net: 0.0034 | Scaled: 0.0059 | Turnover: 16.31% | Vol Scale: 1.72
2026-03-01 20:25:40,438 - INFO - 
============================================================
2026-03-01 20:25:40,438 - INFO - Running paper trading for 2025-11-12
2026-03-01 20:25:40,438 - INFO - ============================================================
2026-03-01 20:25:40,439 - INFO - Portfolio construction: 38 longs, 38 shorts (from 38 candidates)
2026-03-01 20:25:40,439 - INFO - Vol targeting: rolling_vol=0.0448, scale=1.7861
2026-03-01 20:25:40,439 - INFO - PnL Net: -0.0022 | Scaled: -0.0039 | Turnover: 15.82% | Vol Scale: 1.79
2026-03-01 20:25:40,439 - INFO - 
============================================================
2026-03-01 20:25:40,439 - INFO - Running paper trading for 2025-11-13
2026-03-01 20:25:40,439 - INFO - ============================================================
2026-03-01 20:25:40,440 - INFO - Portfolio construction: 38 longs, 38 shorts (from 38 candidates)
2026-03-01 20:25:40,440 - INFO - Vol targeting: rolling_vol=0.0464, scale=1.7238
2026-03-01 20:25:40,440 - INFO - PnL Net: -0.0031 | Scaled: -0.0054 | Turnover: 17.53% | Vol Scale: 1.72
2026-03-01 20:25:40,441 - INFO - 
============================================================
2026-03-01 20:25:40,441 - INFO - Running paper trading for 2025-11-14
2026-03-01 20:25:40,441 - INFO - ============================================================
2026-03-01 20:25:40,442 - INFO - Portfolio construction: 38 longs, 38 shorts (from 38 candidates)
2026-03-01 20:25:40,442 - INFO - Vol targeting: rolling_vol=0.0494, scale=1.6195
2026-03-01 20:25:40,443 - WARNING - KS3 TRIGGERED: 60-day Sharpe -1.2139 < 0
2026-03-01 20:25:40,443 - INFO - PnL Net: -0.0071 | Scaled: -0.0114 | Turnover: 18.41% | Vol Scale: 1.62
2026-03-01 20:25:40,443 - INFO - 
============================================================
2026-03-01 20:25:40,443 - INFO - Running paper trading for 2025-11-17
2026-03-01 20:25:40,443 - INFO - ============================================================
2026-03-01 20:25:40,444 - INFO - Portfolio construction: 38 longs, 38 shorts (from 38 candidates)
2026-03-01 20:25:40,445 - INFO - Vol targeting: rolling_vol=0.0481, scale=1.6647
2026-03-01 20:25:40,445 - WARNING - KS3 TRIGGERED: 60-day Sharpe -0.9382 < 0
2026-03-01 20:25:40,445 - INFO - PnL Net: -0.0011 | Scaled: -0.0018 | Turnover: 18.60% | Vol Scale: 1.66
2026-03-01 20:25:40,445 - INFO - 
============================================================
2026-03-01 20:25:40,445 - INFO - Running paper trading for 2025-11-18
2026-03-01 20:25:40,445 - INFO - ============================================================
2026-03-01 20:25:40,446 - INFO - Portfolio construction: 38 longs, 38 shorts (from 38 candidates)
2026-03-01 20:25:40,446 - INFO - Vol targeting: rolling_vol=0.0478, scale=1.6738
2026-03-01 20:25:40,446 - WARNING - KS3 TRIGGERED: 60-day Sharpe -0.9945 < 0
2026-03-01 20:25:40,446 - INFO - PnL Net: -0.0001 | Scaled: -0.0002 | Turnover: 17.82% | Vol Scale: 1.67
2026-03-01 20:25:40,446 - INFO - 
============================================================
2026-03-01 20:25:40,446 - INFO - Running paper trading for 2025-11-19
2026-03-01 20:25:40,446 - INFO - ============================================================
2026-03-01 20:25:40,447 - INFO - Portfolio construction: 38 longs, 10 shorts (from 38 candidates)
2026-03-01 20:25:40,448 - INFO - Vol targeting: rolling_vol=0.0464, scale=1.7231
2026-03-01 20:25:40,448 - WARNING - KS3 TRIGGERED: 60-day Sharpe -1.4547 < 0
2026-03-01 20:25:40,448 - INFO - PnL Net: -0.0049 | Scaled: -0.0085 | Turnover: 20.34% | Vol Scale: 1.72
2026-03-01 20:25:40,448 - INFO - 
============================================================
2026-03-01 20:25:40,448 - INFO - Running paper trading for 2025-11-20
2026-03-01 20:25:40,448 - INFO - ============================================================
2026-03-01 20:25:40,449 - INFO - Portfolio construction: 38 longs, 4 shorts (from 38 candidates)
2026-03-01 20:25:40,449 - INFO - Vol targeting: rolling_vol=0.0537, scale=1.4897
2026-03-01 20:25:40,449 - WARNING - KS3 TRIGGERED: 60-day Sharpe -0.7805 < 0
2026-03-01 20:25:40,449 - INFO - PnL Net: 0.0070 | Scaled: 0.0104 | Turnover: 18.63% | Vol Scale: 1.49
2026-03-01 20:25:40,449 - INFO - 
============================================================
2026-03-01 20:25:40,449 - INFO - Running paper trading for 2025-11-21
2026-03-01 20:25:40,449 - INFO - ============================================================
2026-03-01 20:25:40,450 - WARNING - No negative predictions for shorts - skipping short positions
2026-03-01 20:25:40,450 - INFO - Portfolio construction: 38 longs, 0 shorts (from 38 candidates)
2026-03-01 20:25:40,450 - INFO - Vol targeting: rolling_vol=0.0544, scale=1.4711
2026-03-01 20:25:40,450 - WARNING - KS3 TRIGGERED: 60-day Sharpe -0.5647 < 0
2026-03-01 20:25:40,450 - INFO - PnL Net: 0.0028 | Scaled: 0.0041 | Turnover: 14.74% | Vol Scale: 1.47
2026-03-01 20:25:40,451 - INFO - 
============================================================
2026-03-01 20:25:40,451 - INFO - Running paper trading for 2025-11-24
2026-03-01 20:25:40,451 - INFO - ============================================================
2026-03-01 20:25:40,451 - INFO - Portfolio construction: 38 longs, 38 shorts (from 38 candidates)
2026-03-01 20:25:40,452 - INFO - Vol targeting: rolling_vol=0.0569, scale=1.4057
2026-03-01 20:25:40,452 - WARNING - KS3 TRIGGERED: 60-day Sharpe -0.0606 < 0
2026-03-01 20:25:40,452 - INFO - PnL Net: 0.0042 | Scaled: 0.0060 | Turnover: 18.63% | Vol Scale: 1.41
2026-03-01 20:25:40,452 - INFO - 
============================================================
2026-03-01 20:25:40,452 - INFO - Running paper trading for 2025-11-25
2026-03-01 20:25:40,452 - INFO - ============================================================
2026-03-01 20:25:40,453 - INFO - Portfolio construction: 38 longs, 29 shorts (from 38 candidates)
2026-03-01 20:25:40,453 - INFO - Vol targeting: rolling_vol=0.0582, scale=1.3744
2026-03-01 20:25:40,453 - INFO - PnL Net: 0.0033 | Scaled: 0.0045 | Turnover: 16.83% | Vol Scale: 1.37
2026-03-01 20:25:40,453 - INFO - 
============================================================
2026-03-01 20:25:40,453 - INFO - Running paper trading for 2025-11-26
2026-03-01 20:25:40,453 - INFO - ============================================================
2026-03-01 20:25:40,454 - INFO - Portfolio construction: 38 longs, 38 shorts (from 38 candidates)
2026-03-01 20:25:40,454 - INFO - Vol targeting: rolling_vol=0.0572, scale=1.3978
2026-03-01 20:25:40,454 - INFO - PnL Net: 0.0028 | Scaled: 0.0039 | Turnover: 19.67% | Vol Scale: 1.40
2026-03-01 20:25:40,454 - INFO - 
============================================================
2026-03-01 20:25:40,454 - INFO - Running paper trading for 2025-11-28
2026-03-01 20:25:40,454 - INFO - ============================================================
2026-03-01 20:25:40,455 - INFO - Portfolio construction: 38 longs, 38 shorts (from 38 candidates)
2026-03-01 20:25:40,455 - INFO - Vol targeting: rolling_vol=0.0570, scale=1.4044
2026-03-01 20:25:40,455 - INFO - PnL Net: -0.0008 | Scaled: -0.0011 | Turnover: 18.71% | Vol Scale: 1.40
2026-03-01 20:25:40,455 - INFO - 
============================================================
2026-03-01 20:25:40,455 - INFO - Running paper trading for 2025-12-01
2026-03-01 20:25:40,455 - INFO - ============================================================
2026-03-01 20:25:40,456 - INFO - Portfolio construction: 38 longs, 38 shorts (from 38 candidates)
2026-03-01 20:25:40,456 - INFO - Vol targeting: rolling_vol=0.0577, scale=1.3855
2026-03-01 20:25:40,456 - INFO - PnL Net: 0.0032 | Scaled: 0.0044 | Turnover: 17.87% | Vol Scale: 1.39
2026-03-01 20:25:40,457 - INFO - 
============================================================
2026-03-01 20:25:40,457 - INFO - Running paper trading for 2025-12-02
2026-03-01 20:25:40,457 - INFO - ============================================================
2026-03-01 20:25:40,458 - INFO - Portfolio construction: 38 longs, 38 shorts (from 38 candidates)
2026-03-01 20:25:40,458 - INFO - Vol targeting: rolling_vol=0.0579, scale=1.3813
2026-03-01 20:25:40,458 - INFO - PnL Net: 0.0056 | Scaled: 0.0077 | Turnover: 20.20% | Vol Scale: 1.38
2026-03-01 20:25:40,458 - INFO - 
============================================================
2026-03-01 20:25:40,458 - INFO - Running paper trading for 2025-12-03
2026-03-01 20:25:40,458 - INFO - ============================================================
2026-03-01 20:25:40,459 - INFO - Portfolio construction: 38 longs, 38 shorts (from 38 candidates)
2026-03-01 20:25:40,459 - INFO - Vol targeting: rolling_vol=0.0576, scale=1.3891
2026-03-01 20:25:40,460 - INFO - PnL Net: -0.0002 | Scaled: -0.0003 | Turnover: 19.11% | Vol Scale: 1.39
2026-03-01 20:25:40,460 - INFO - 
============================================================
2026-03-01 20:25:40,460 - INFO - Running paper trading for 2025-12-04
2026-03-01 20:25:40,460 - INFO - ============================================================
2026-03-01 20:25:40,460 - INFO - Portfolio construction: 38 longs, 3 shorts (from 38 candidates)
2026-03-01 20:25:40,461 - INFO - Vol targeting: rolling_vol=0.0539, scale=1.4845
2026-03-01 20:25:40,461 - INFO - PnL Net: 0.0005 | Scaled: 0.0008 | Turnover: 19.09% | Vol Scale: 1.48
2026-03-01 20:25:40,461 - INFO - 
============================================================
2026-03-01 20:25:40,461 - INFO - Running paper trading for 2025-12-05
2026-03-01 20:25:40,461 - INFO - ============================================================
2026-03-01 20:25:40,462 - INFO - Portfolio construction: 38 longs, 2 shorts (from 38 candidates)
2026-03-01 20:25:40,462 - INFO - Vol targeting: rolling_vol=0.0571, scale=1.4018
2026-03-01 20:25:40,462 - INFO - PnL Net: -0.0045 | Scaled: -0.0063 | Turnover: 19.14% | Vol Scale: 1.40
2026-03-01 20:25:40,462 - INFO - 
============================================================
2026-03-01 20:25:40,462 - INFO - Running paper trading for 2025-12-08
2026-03-01 20:25:40,462 - INFO - ============================================================
2026-03-01 20:25:40,462 - WARNING - No negative predictions for shorts - skipping short positions
2026-03-01 20:25:40,462 - INFO - Portfolio construction: 38 longs, 0 shorts (from 38 candidates)
2026-03-01 20:25:40,462 - INFO - Vol targeting: rolling_vol=0.0570, scale=1.4030
2026-03-01 20:25:40,462 - INFO - PnL Net: -0.0005 | Scaled: -0.0008 | Turnover: 15.68% | Vol Scale: 1.40
2026-03-01 20:25:40,464 - INFO - 
============================================================
2026-03-01 20:25:40,464 - INFO - Running paper trading for 2025-12-09
2026-03-01 20:25:40,464 - INFO - ============================================================
2026-03-01 20:25:40,464 - INFO - Portfolio construction: 38 longs, 2 shorts (from 38 candidates)
2026-03-01 20:25:40,465 - INFO - Vol targeting: rolling_vol=0.0607, scale=1.3183
2026-03-01 20:25:40,465 - INFO - PnL Net: 0.0068 | Scaled: 0.0089 | Turnover: 18.84% | Vol Scale: 1.32
2026-03-01 20:25:40,465 - INFO - 
============================================================
2026-03-01 20:25:40,465 - INFO - Running paper trading for 2025-12-10
2026-03-01 20:25:40,465 - INFO - ============================================================
2026-03-01 20:25:40,466 - WARNING - No negative predictions for shorts - skipping short positions
2026-03-01 20:25:40,466 - INFO - Portfolio construction: 38 longs, 0 shorts (from 38 candidates)
2026-03-01 20:25:40,466 - INFO - Vol targeting: rolling_vol=0.0675, scale=1.1847
2026-03-01 20:25:40,466 - INFO - PnL Net: 0.0096 | Scaled: 0.0114 | Turnover: 13.56% | Vol Scale: 1.18
2026-03-01 20:25:40,466 - INFO - 
============================================================
2026-03-01 20:25:40,466 - INFO - Running paper trading for 2025-12-11
2026-03-01 20:25:40,466 - INFO - ============================================================
2026-03-01 20:25:40,467 - INFO - Portfolio construction: 38 longs, 38 shorts (from 38 candidates)
2026-03-01 20:25:40,467 - INFO - Vol targeting: rolling_vol=0.0665, scale=1.2031
2026-03-01 20:25:40,467 - INFO - PnL Net: 0.0011 | Scaled: 0.0013 | Turnover: 17.58% | Vol Scale: 1.20
2026-03-01 20:25:40,467 - INFO - 
============================================================
2026-03-01 20:25:40,467 - INFO - Running paper trading for 2025-12-12
2026-03-01 20:25:40,468 - INFO - ============================================================
2026-03-01 20:25:40,468 - INFO - Portfolio construction: 38 longs, 38 shorts (from 38 candidates)
2026-03-01 20:25:40,469 - INFO - Vol targeting: rolling_vol=0.0646, scale=1.2379
2026-03-01 20:25:40,469 - INFO - PnL Net: 0.0020 | Scaled: 0.0025 | Turnover: 20.65% | Vol Scale: 1.24
2026-03-01 20:25:40,469 - INFO - 
============================================================
2026-03-01 20:25:40,469 - INFO - Running paper trading for 2025-12-15
2026-03-01 20:25:40,469 - INFO - ============================================================
2026-03-01 20:25:40,470 - INFO - Portfolio construction: 38 longs, 38 shorts (from 38 candidates)
2026-03-01 20:25:40,470 - INFO - Vol targeting: rolling_vol=0.0592, scale=1.3522
2026-03-01 20:25:40,470 - INFO - PnL Net: -0.0030 | Scaled: -0.0041 | Turnover: 19.78% | Vol Scale: 1.35
2026-03-01 20:25:40,470 - INFO - 
============================================================
2026-03-01 20:25:40,470 - INFO - Running paper trading for 2025-12-16
2026-03-01 20:25:40,470 - INFO - ============================================================
2026-03-01 20:25:40,471 - INFO - Portfolio construction: 38 longs, 38 shorts (from 38 candidates)
2026-03-01 20:25:40,471 - INFO - Vol targeting: rolling_vol=0.0591, scale=1.3527
2026-03-01 20:25:40,471 - INFO - PnL Net: -0.0011 | Scaled: -0.0014 | Turnover: 18.63% | Vol Scale: 1.35
2026-03-01 20:25:40,471 - INFO - 
============================================================
2026-03-01 20:25:40,471 - INFO - Running paper trading for 2025-12-17
2026-03-01 20:25:40,471 - INFO - ============================================================
2026-03-01 20:25:40,472 - INFO - Portfolio construction: 38 longs, 38 shorts (from 38 candidates)
2026-03-01 20:25:40,472 - INFO - Vol targeting: rolling_vol=0.0590, scale=1.3570
2026-03-01 20:25:40,472 - INFO - PnL Net: 0.0005 | Scaled: 0.0007 | Turnover: 18.11% | Vol Scale: 1.36
2026-03-01 20:25:40,472 - INFO - 
============================================================
2026-03-01 20:25:40,472 - INFO - Running paper trading for 2025-12-18
2026-03-01 20:25:40,472 - INFO - ============================================================
2026-03-01 20:25:40,473 - INFO - Portfolio construction: 38 longs, 38 shorts (from 38 candidates)
2026-03-01 20:25:40,474 - INFO - Vol targeting: rolling_vol=0.0538, scale=1.4865
2026-03-01 20:25:40,474 - INFO - PnL Net: 0.0014 | Scaled: 0.0021 | Turnover: 15.89% | Vol Scale: 1.49
2026-03-01 20:25:40,474 - INFO - 
============================================================
2026-03-01 20:25:40,474 - INFO - Running paper trading for 2025-12-19
2026-03-01 20:25:40,474 - INFO - ============================================================
2026-03-01 20:25:40,475 - INFO - Portfolio construction: 38 longs, 38 shorts (from 38 candidates)
2026-03-01 20:25:40,475 - INFO - Vol targeting: rolling_vol=0.0508, scale=1.5738
2026-03-01 20:25:40,475 - INFO - PnL Net: 0.0029 | Scaled: 0.0046 | Turnover: 15.26% | Vol Scale: 1.57
2026-03-01 20:25:40,476 - INFO - 
============================================================
2026-03-01 20:25:40,476 - INFO - Running paper trading for 2025-12-22
2026-03-01 20:25:40,476 - INFO - ============================================================
2026-03-01 20:25:40,476 - INFO - Portfolio construction: 38 longs, 38 shorts (from 38 candidates)
2026-03-01 20:25:40,477 - INFO - Vol targeting: rolling_vol=0.0516, scale=1.5517
2026-03-01 20:25:40,477 - INFO - PnL Net: -0.0009 | Scaled: -0.0014 | Turnover: 16.20% | Vol Scale: 1.55
2026-03-01 20:25:40,477 - INFO - 
============================================================
2026-03-01 20:25:40,477 - INFO - Running paper trading for 2025-12-23
2026-03-01 20:25:40,477 - INFO - ============================================================
2026-03-01 20:25:40,478 - INFO - Portfolio construction: 38 longs, 38 shorts (from 38 candidates)
2026-03-01 20:25:40,478 - INFO - Vol targeting: rolling_vol=0.0507, scale=1.5785
2026-03-01 20:25:40,478 - INFO - PnL Net: 0.0014 | Scaled: 0.0022 | Turnover: 18.49% | Vol Scale: 1.58
2026-03-01 20:25:40,478 - INFO - 
============================================================
2026-03-01 20:25:40,478 - INFO - Running paper trading for 2025-12-24
2026-03-01 20:25:40,478 - INFO - ============================================================
2026-03-01 20:25:40,479 - INFO - Portfolio construction: 38 longs, 38 shorts (from 38 candidates)
2026-03-01 20:25:40,480 - INFO - Vol targeting: rolling_vol=0.0504, scale=1.5889
2026-03-01 20:25:40,480 - INFO - PnL Net: 0.0005 | Scaled: 0.0008 | Turnover: 17.12% | Vol Scale: 1.59
2026-03-01 20:25:40,480 - INFO - 
============================================================
2026-03-01 20:25:40,480 - INFO - Running paper trading for 2025-12-26
2026-03-01 20:25:40,480 - INFO - ============================================================
2026-03-01 20:25:40,481 - INFO - Portfolio construction: 38 longs, 38 shorts (from 38 candidates)
2026-03-01 20:25:40,481 - INFO - Vol targeting: rolling_vol=0.0515, scale=1.5540
2026-03-01 20:25:40,481 - INFO - PnL Net: -0.0022 | Scaled: -0.0034 | Turnover: 16.78% | Vol Scale: 1.55
2026-03-01 20:25:40,481 - INFO - 
============================================================
2026-03-01 20:25:40,481 - INFO - Running paper trading for 2025-12-29
2026-03-01 20:25:40,481 - INFO - ============================================================
2026-03-01 20:25:40,482 - INFO - Portfolio construction: 38 longs, 38 shorts (from 38 candidates)
2026-03-01 20:25:40,482 - INFO - Vol targeting: rolling_vol=0.0514, scale=1.5572
2026-03-01 20:25:40,483 - INFO - PnL Net: -0.0006 | Scaled: -0.0009 | Turnover: 15.33% | Vol Scale: 1.56
2026-03-01 20:25:40,483 - INFO - 
============================================================
2026-03-01 20:25:40,483 - INFO - Running paper trading for 2026-02-20
2026-03-01 20:25:40,483 - INFO - ============================================================
2026-03-01 20:25:40,484 - INFO - Portfolio construction: 38 longs, 38 shorts (from 38 candidates)
2026-03-01 20:25:40,484 - INFO - Vol targeting: rolling_vol=0.0597, scale=1.3411
2026-03-01 20:25:40,484 - INFO - PnL Net: -0.0080 | Scaled: -0.0107 | Turnover: 21.23% | Vol Scale: 1.34
2026-03-01 20:25:40,484 - INFO - 
============================================================
2026-03-01 20:25:40,484 - INFO - Running paper trading for 2026-02-23
2026-03-01 20:25:40,484 - INFO - ============================================================
2026-03-01 20:25:40,485 - INFO - Portfolio construction: 38 longs, 38 shorts (from 38 candidates)
2026-03-01 20:25:40,485 - INFO - Vol targeting: rolling_vol=0.0594, scale=1.3476
2026-03-01 20:25:40,485 - INFO - PnL Net: 0.0053 | Scaled: 0.0071 | Turnover: 17.98% | Vol Scale: 1.35
2026-03-01 20:25:40,485 - INFO - 
============================================================
2026-03-01 20:25:40,485 - INFO - Running paper trading for 2026-02-24
2026-03-01 20:25:40,485 - INFO - ============================================================
2026-03-01 20:25:40,486 - INFO - Portfolio construction: 38 longs, 38 shorts (from 38 candidates)
2026-03-01 20:25:40,486 - INFO - Vol targeting: rolling_vol=0.0610, scale=1.3119
2026-03-01 20:25:40,486 - INFO - PnL Net: 0.0047 | Scaled: 0.0062 | Turnover: 15.33% | Vol Scale: 1.31
2026-03-01 20:25:40,486 - INFO - 
============================================================
2026-03-01 20:25:40,486 - INFO - Running paper trading for 2026-02-25
2026-03-01 20:25:40,486 - INFO - ============================================================
2026-03-01 20:25:40,487 - INFO - Portfolio construction: 38 longs, 38 shorts (from 38 candidates)
2026-03-01 20:25:40,487 - INFO - Vol targeting: rolling_vol=0.0610, scale=1.3115
2026-03-01 20:25:40,487 - INFO - PnL Net: 0.0003 | Scaled: 0.0004 | Turnover: 13.19% | Vol Scale: 1.31
2026-03-01 20:25:40,487 - INFO - 
============================================================
2026-03-01 20:25:40,487 - INFO - Running paper trading for 2026-02-26
2026-03-01 20:25:40,487 - INFO - ============================================================
2026-03-01 20:25:40,488 - INFO - Portfolio construction: 38 longs, 38 shorts (from 38 candidates)
2026-03-01 20:25:40,488 - INFO - Vol targeting: rolling_vol=0.0620, scale=1.2895
2026-03-01 20:25:40,489 - INFO - PnL Net: -0.0054 | Scaled: -0.0070 | Turnover: 12.09% | Vol Scale: 1.29
2026-03-01 20:25:40,492 - INFO - Saved daily results to C:\Users\luixj\AI\stock-data\data\processed\phase4\phase4_paper_trading_daily.parquet
2026-03-01 20:25:40,492 - INFO - Saved summary to C:\Users\luixj\AI\stock-data\data\processed\phase4\phase4_paper_trading_summary.json
2026-03-01 20:25:40,492 - INFO - 
============================================================
2026-03-01 20:25:40,492 - INFO - PAPER TRADING SUMMARY
2026-03-01 20:25:40,492 - INFO - ============================================================
2026-03-01 20:25:40,492 - INFO - Trading Days: 193
2026-03-01 20:25:40,492 - INFO - 
RAW PERFORMANCE (no vol targeting):
2026-03-01 20:25:40,492 - INFO -   Sharpe Ratio: 1.22
2026-03-01 20:25:40,492 - INFO -   Annual Return: 8.91%
2026-03-01 20:25:40,492 - INFO -   Volatility: 7.28%
2026-03-01 20:25:40,492 - INFO - 
VOL-TARGETED PERFORMANCE:
2026-03-01 20:25:40,493 - INFO -   Sharpe Ratio: 1.12
2026-03-01 20:25:40,493 - INFO -   Annual Return: 10.05%
2026-03-01 20:25:40,493 - INFO -   Volatility: 8.95%
2026-03-01 20:25:40,493 - INFO - 
RISK METRICS:
2026-03-01 20:25:40,493 - INFO -   Max Drawdown: -4.72%
2026-03-01 20:25:40,493 - INFO -   Long Sharpe: 0.73
2026-03-01 20:25:40,493 - INFO -   Short Sharpe: 0.54
2026-03-01 20:25:40,493 - INFO - 
EXECUTION:
2026-03-01 20:25:40,493 - INFO -   Avg Turnover: 18.08%
2026-03-01 20:25:40,493 - INFO -   Avg Cost: 0.5 bps
2026-03-01 20:25:40,493 - INFO - 
KILL SWITCHES:
2026-03-01 20:25:40,493 - INFO -   Events: 15 (7.8% of days)
2026-03-01 20:25:40,493 - INFO - ============================================================
2026-03-01 20:25:40,493 - INFO - Simulation complete: 193 days | Sharpe(scaled)=1.12 | MaxDD=-4.7%
2026-03-01 20:25:40,889 - INFO - ============================================================
2026-03-01 20:25:40,889 - INFO - STEP 6: Syncing Qdrant
2026-03-01 20:25:40,889 - INFO - ============================================================
2026-03-01 20:25:41,258 - INFO - HTTP Request: GET http://localhost:6333 "HTTP/1.1 200 OK"
2026-03-01 20:25:41,349 - INFO - HTTP Request: GET http://localhost:6333/collections/stock_recommendations "HTTP/1.1 200 OK"
2026-03-01 20:25:41,350 - INFO - Collection 'stock_recommendations' already exists.
2026-03-01 20:25:41,353 - INFO - HTTP Request: GET http://localhost:6333/collections/trading_results "HTTP/1.1 200 OK"
2026-03-01 20:25:41,353 - INFO - Collection 'trading_results' already exists.
2026-03-01 20:25:41,355 - INFO - HTTP Request: GET http://localhost:6333/collections/performance_metrics "HTTP/1.1 200 OK"
2026-03-01 20:25:41,356 - INFO - Collection 'performance_metrics' already exists.
2026-03-01 20:25:41,381 - INFO - HTTP Request: GET http://localhost:6333/collections/daily_trade_strategies "HTTP/1.1 200 OK"
2026-03-01 20:25:41,381 - INFO - Collection 'daily_trade_strategies' already exists.
2026-03-01 20:25:41,398 - INFO - HTTP Request: POST http://localhost:6333/collections/stock_recommendations/points/delete?wait=true "HTTP/1.1 200 OK"
2026-03-01 20:25:41,398 - INFO - Cleared 'stock_recommendations'.
2026-03-01 20:25:41,402 - INFO - HTTP Request: POST http://localhost:6333/collections/trading_results/points/delete?wait=true "HTTP/1.1 200 OK"
2026-03-01 20:25:41,403 - INFO - Cleared 'trading_results'.
2026-03-01 20:25:41,407 - INFO - HTTP Request: POST http://localhost:6333/collections/performance_metrics/points/delete?wait=true "HTTP/1.1 200 OK"
2026-03-01 20:25:41,407 - INFO - Cleared 'performance_metrics'.
2026-03-01 20:25:41,434 - INFO - HTTP Request: POST http://localhost:6333/collections/daily_trade_strategies/points/delete?wait=true "HTTP/1.1 200 OK"
2026-03-01 20:25:41,434 - INFO - Cleared 'daily_trade_strategies'.
2026-03-01 20:25:41,442 - INFO - HTTP Request: PUT http://localhost:6333/collections/stock_recommendations/points?wait=true "HTTP/1.1 200 OK"
2026-03-01 20:25:41,464 - INFO - HTTP Request: PUT http://localhost:6333/collections/daily_trade_strategies/points?wait=true "HTTP/1.1 200 OK"
2026-03-01 20:25:41,469 - INFO - HTTP Request: PUT http://localhost:6333/collections/trading_results/points?wait=true "HTTP/1.1 200 OK"
2026-03-01 20:25:41,478 - INFO - HTTP Request: PUT http://localhost:6333/collections/stock_recommendations/points?wait=true "HTTP/1.1 200 OK"
2026-03-01 20:25:41,526 - INFO - HTTP Request: PUT http://localhost:6333/collections/daily_trade_strategies/points?wait=true "HTTP/1.1 200 OK"
2026-03-01 20:25:41,534 - INFO - HTTP Request: PUT http://localhost:6333/collections/trading_results/points?wait=true "HTTP/1.1 200 OK"
2026-03-01 20:25:41,542 - INFO - HTTP Request: PUT http://localhost:6333/collections/stock_recommendations/points?wait=true "HTTP/1.1 200 OK"
2026-03-01 20:25:41,566 - INFO - HTTP Request: PUT http://localhost:6333/collections/daily_trade_strategies/points?wait=true "HTTP/1.1 200 OK"
2026-03-01 20:25:41,569 - INFO - HTTP Request: PUT http://localhost:6333/collections/trading_results/points?wait=true "HTTP/1.1 200 OK"
2026-03-01 20:25:41,576 - INFO - HTTP Request: PUT http://localhost:6333/collections/stock_recommendations/points?wait=true "HTTP/1.1 200 OK"
2026-03-01 20:25:41,602 - INFO - HTTP Request: PUT http://localhost:6333/collections/daily_trade_strategies/points?wait=true "HTTP/1.1 200 OK"
2026-03-01 20:25:41,609 - INFO - HTTP Request: PUT http://localhost:6333/collections/trading_results/points?wait=true "HTTP/1.1 200 OK"
2026-03-01 20:25:41,617 - INFO - HTTP Request: PUT http://localhost:6333/collections/stock_recommendations/points?wait=true "HTTP/1.1 200 OK"
2026-03-01 20:25:41,641 - INFO - HTTP Request: PUT http://localhost:6333/collections/daily_trade_strategies/points?wait=true "HTTP/1.1 200 OK"
2026-03-01 20:25:41,644 - INFO - HTTP Request: PUT http://localhost:6333/collections/trading_results/points?wait=true "HTTP/1.1 200 OK"
2026-03-01 20:25:41,651 - INFO - HTTP Request: PUT http://localhost:6333/collections/stock_recommendations/points?wait=true "HTTP/1.1 200 OK"
2026-03-01 20:25:41,676 - INFO - HTTP Request: PUT http://localhost:6333/collections/daily_trade_strategies/points?wait=true "HTTP/1.1 200 OK"
2026-03-01 20:25:41,680 - INFO - HTTP Request: PUT http://localhost:6333/collections/trading_results/points?wait=true "HTTP/1.1 200 OK"
2026-03-01 20:25:41,686 - INFO - HTTP Request: PUT http://localhost:6333/collections/stock_recommendations/points?wait=true "HTTP/1.1 200 OK"
2026-03-01 20:25:41,710 - INFO - HTTP Request: PUT http://localhost:6333/collections/daily_trade_strategies/points?wait=true "HTTP/1.1 200 OK"
2026-03-01 20:25:41,714 - INFO - HTTP Request: PUT http://localhost:6333/collections/trading_results/points?wait=true "HTTP/1.1 200 OK"
2026-03-01 20:25:41,742 - INFO - HTTP Request: PUT http://localhost:6333/collections/stock_recommendations/points?wait=true "HTTP/1.1 200 OK"
2026-03-01 20:25:41,766 - INFO - HTTP Request: PUT http://localhost:6333/collections/daily_trade_strategies/points?wait=true "HTTP/1.1 200 OK"
2026-03-01 20:25:41,769 - INFO - HTTP Request: PUT http://localhost:6333/collections/trading_results/points?wait=true "HTTP/1.1 200 OK"
2026-03-01 20:25:41,776 - INFO - HTTP Request: PUT http://localhost:6333/collections/stock_recommendations/points?wait=true "HTTP/1.1 200 OK"
2026-03-01 20:25:41,798 - INFO - HTTP Request: PUT http://localhost:6333/collections/daily_trade_strategies/points?wait=true "HTTP/1.1 200 OK"
2026-03-01 20:25:41,802 - INFO - HTTP Request: PUT http://localhost:6333/collections/trading_results/points?wait=true "HTTP/1.1 200 OK"
2026-03-01 20:25:41,818 - INFO - HTTP Request: PUT http://localhost:6333/collections/stock_recommendations/points?wait=true "HTTP/1.1 200 OK"
2026-03-01 20:25:41,851 - INFO - HTTP Request: PUT http://localhost:6333/collections/daily_trade_strategies/points?wait=true "HTTP/1.1 200 OK"
2026-03-01 20:25:41,855 - INFO - HTTP Request: PUT http://localhost:6333/collections/trading_results/points?wait=true "HTTP/1.1 200 OK"
2026-03-01 20:25:41,883 - INFO - HTTP Request: PUT http://localhost:6333/collections/stock_recommendations/points?wait=true "HTTP/1.1 200 OK"
2026-03-01 20:25:41,928 - INFO - HTTP Request: PUT http://localhost:6333/collections/daily_trade_strategies/points?wait=true "HTTP/1.1 200 OK"
2026-03-01 20:25:41,934 - INFO - HTTP Request: PUT http://localhost:6333/collections/trading_results/points?wait=true "HTTP/1.1 200 OK"
2026-03-01 20:25:41,961 - INFO - HTTP Request: PUT http://localhost:6333/collections/stock_recommendations/points?wait=true "HTTP/1.1 200 OK"
2026-03-01 20:25:42,007 - INFO - HTTP Request: PUT http://localhost:6333/collections/daily_trade_strategies/points?wait=true "HTTP/1.1 200 OK"
2026-03-01 20:25:42,012 - INFO - HTTP Request: PUT http://localhost:6333/collections/trading_results/points?wait=true "HTTP/1.1 200 OK"
2026-03-01 20:25:42,021 - INFO - HTTP Request: PUT http://localhost:6333/collections/stock_recommendations/points?wait=true "HTTP/1.1 200 OK"
2026-03-01 20:25:42,046 - INFO - HTTP Request: PUT http://localhost:6333/collections/daily_trade_strategies/points?wait=true "HTTP/1.1 200 OK"
2026-03-01 20:25:42,050 - INFO - HTTP Request: PUT http://localhost:6333/collections/trading_results/points?wait=true "HTTP/1.1 200 OK"
2026-03-01 20:25:42,072 - INFO - HTTP Request: PUT http://localhost:6333/collections/stock_recommendations/points?wait=true "HTTP/1.1 200 OK"
2026-03-01 20:25:42,096 - INFO - HTTP Request: PUT http://localhost:6333/collections/daily_trade_strategies/points?wait=true "HTTP/1.1 200 OK"
2026-03-01 20:25:42,115 - INFO - HTTP Request: PUT http://localhost:6333/collections/trading_results/points?wait=true "HTTP/1.1 200 OK"
2026-03-01 20:25:42,133 - INFO - HTTP Request: PUT http://localhost:6333/collections/stock_recommendations/points?wait=true "HTTP/1.1 200 OK"
2026-03-01 20:25:42,179 - INFO - HTTP Request: PUT http://localhost:6333/collections/daily_trade_strategies/points?wait=true "HTTP/1.1 200 OK"
2026-03-01 20:25:42,184 - INFO - HTTP Request: PUT http://localhost:6333/collections/trading_results/points?wait=true "HTTP/1.1 200 OK"
2026-03-01 20:25:42,191 - INFO - HTTP Request: PUT http://localhost:6333/collections/stock_recommendations/points?wait=true "HTTP/1.1 200 OK"
2026-03-01 20:25:42,216 - INFO - HTTP Request: PUT http://localhost:6333/collections/daily_trade_strategies/points?wait=true "HTTP/1.1 200 OK"
2026-03-01 20:25:42,220 - INFO - HTTP Request: PUT http://localhost:6333/collections/trading_results/points?wait=true "HTTP/1.1 200 OK"
2026-03-01 20:25:42,242 - INFO - HTTP Request: PUT http://localhost:6333/collections/stock_recommendations/points?wait=true "HTTP/1.1 200 OK"
2026-03-01 20:25:42,266 - INFO - HTTP Request: PUT http://localhost:6333/collections/daily_trade_strategies/points?wait=true "HTTP/1.1 200 OK"
2026-03-01 20:25:42,271 - INFO - HTTP Request: PUT http://localhost:6333/collections/trading_results/points?wait=true "HTTP/1.1 200 OK"
2026-03-01 20:25:42,279 - INFO - HTTP Request: PUT http://localhost:6333/collections/stock_recommendations/points?wait=true "HTTP/1.1 200 OK"
2026-03-01 20:25:42,304 - INFO - HTTP Request: PUT http://localhost:6333/collections/daily_trade_strategies/points?wait=true "HTTP/1.1 200 OK"
2026-03-01 20:25:42,319 - INFO - HTTP Request: PUT http://localhost:6333/collections/trading_results/points?wait=true "HTTP/1.1 200 OK"
2026-03-01 20:25:42,332 - INFO - HTTP Request: PUT http://localhost:6333/collections/stock_recommendations/points?wait=true "HTTP/1.1 200 OK"
2026-03-01 20:25:42,358 - INFO - HTTP Request: PUT http://localhost:6333/collections/daily_trade_strategies/points?wait=true "HTTP/1.1 200 OK"
2026-03-01 20:25:42,366 - INFO - HTTP Request: PUT http://localhost:6333/collections/trading_results/points?wait=true "HTTP/1.1 200 OK"
2026-03-01 20:25:42,374 - INFO - HTTP Request: PUT http://localhost:6333/collections/stock_recommendations/points?wait=true "HTTP/1.1 200 OK"
2026-03-01 20:25:42,399 - INFO - HTTP Request: PUT http://localhost:6333/collections/daily_trade_strategies/points?wait=true "HTTP/1.1 200 OK"
2026-03-01 20:25:42,403 - INFO - HTTP Request: PUT http://localhost:6333/collections/trading_results/points?wait=true "HTTP/1.1 200 OK"
2026-03-01 20:25:42,428 - INFO - HTTP Request: PUT http://localhost:6333/collections/stock_recommendations/points?wait=true "HTTP/1.1 200 OK"
2026-03-01 20:25:42,452 - INFO - HTTP Request: PUT http://localhost:6333/collections/daily_trade_strategies/points?wait=true "HTTP/1.1 200 OK"
2026-03-01 20:25:42,456 - INFO - HTTP Request: PUT http://localhost:6333/collections/trading_results/points?wait=true "HTTP/1.1 200 OK"
2026-03-01 20:25:42,477 - INFO - HTTP Request: PUT http://localhost:6333/collections/stock_recommendations/points?wait=true "HTTP/1.1 200 OK"
2026-03-01 20:25:42,522 - INFO - HTTP Request: PUT http://localhost:6333/collections/daily_trade_strategies/points?wait=true "HTTP/1.1 200 OK"
2026-03-01 20:25:42,527 - INFO - HTTP Request: PUT http://localhost:6333/collections/trading_results/points?wait=true "HTTP/1.1 200 OK"
2026-03-01 20:25:42,554 - INFO - HTTP Request: PUT http://localhost:6333/collections/stock_recommendations/points?wait=true "HTTP/1.1 200 OK"
2026-03-01 20:25:42,601 - INFO - HTTP Request: PUT http://localhost:6333/collections/daily_trade_strategies/points?wait=true "HTTP/1.1 200 OK"
2026-03-01 20:25:42,605 - INFO - HTTP Request: PUT http://localhost:6333/collections/trading_results/points?wait=true "HTTP/1.1 200 OK"
2026-03-01 20:25:42,632 - INFO - HTTP Request: PUT http://localhost:6333/collections/stock_recommendations/points?wait=true "HTTP/1.1 200 OK"
2026-03-01 20:25:42,656 - INFO - HTTP Request: PUT http://localhost:6333/collections/daily_trade_strategies/points?wait=true "HTTP/1.1 200 OK"
2026-03-01 20:25:42,678 - INFO - HTTP Request: PUT http://localhost:6333/collections/trading_results/points?wait=true "HTTP/1.1 200 OK"
2026-03-01 20:25:42,688 - INFO - HTTP Request: PUT http://localhost:6333/collections/stock_recommendations/points?wait=true "HTTP/1.1 200 OK"
2026-03-01 20:25:42,710 - INFO - HTTP Request: PUT http://localhost:6333/collections/daily_trade_strategies/points?wait=true "HTTP/1.1 200 OK"
2026-03-01 20:25:42,714 - INFO - HTTP Request: PUT http://localhost:6333/collections/trading_results/points?wait=true "HTTP/1.1 200 OK"
2026-03-01 20:25:42,722 - INFO - HTTP Request: PUT http://localhost:6333/collections/stock_recommendations/points?wait=true "HTTP/1.1 200 OK"
2026-03-01 20:25:42,747 - INFO - HTTP Request: PUT http://localhost:6333/collections/daily_trade_strategies/points?wait=true "HTTP/1.1 200 OK"
2026-03-01 20:25:42,751 - INFO - HTTP Request: PUT http://localhost:6333/collections/trading_results/points?wait=true "HTTP/1.1 200 OK"
2026-03-01 20:25:42,772 - INFO - HTTP Request: PUT http://localhost:6333/collections/stock_recommendations/points?wait=true "HTTP/1.1 200 OK"
2026-03-01 20:25:42,795 - INFO - HTTP Request: PUT http://localhost:6333/collections/daily_trade_strategies/points?wait=true "HTTP/1.1 200 OK"
2026-03-01 20:25:42,801 - INFO - HTTP Request: PUT http://localhost:6333/collections/trading_results/points?wait=true "HTTP/1.1 200 OK"
2026-03-01 20:25:42,809 - INFO - HTTP Request: PUT http://localhost:6333/collections/stock_recommendations/points?wait=true "HTTP/1.1 200 OK"
2026-03-01 20:25:42,839 - INFO - HTTP Request: PUT http://localhost:6333/collections/daily_trade_strategies/points?wait=true "HTTP/1.1 200 OK"
2026-03-01 20:25:42,845 - INFO - HTTP Request: PUT http://localhost:6333/collections/trading_results/points?wait=true "HTTP/1.1 200 OK"
2026-03-01 20:25:42,854 - INFO - HTTP Request: PUT http://localhost:6333/collections/stock_recommendations/points?wait=true "HTTP/1.1 200 OK"
2026-03-01 20:25:42,899 - INFO - HTTP Request: PUT http://localhost:6333/collections/daily_trade_strategies/points?wait=true "HTTP/1.1 200 OK"
2026-03-01 20:25:42,902 - INFO - HTTP Request: PUT http://localhost:6333/collections/trading_results/points?wait=true "HTTP/1.1 200 OK"
2026-03-01 20:25:42,929 - INFO - HTTP Request: PUT http://localhost:6333/collections/stock_recommendations/points?wait=true "HTTP/1.1 200 OK"
2026-03-01 20:25:42,954 - INFO - HTTP Request: PUT http://localhost:6333/collections/daily_trade_strategies/points?wait=true "HTTP/1.1 200 OK"
2026-03-01 20:25:42,958 - INFO - HTTP Request: PUT http://localhost:6333/collections/trading_results/points?wait=true "HTTP/1.1 200 OK"
2026-03-01 20:25:42,965 - INFO - HTTP Request: PUT http://localhost:6333/collections/stock_recommendations/points?wait=true "HTTP/1.1 200 OK"
2026-03-01 20:25:43,006 - INFO - HTTP Request: PUT http://localhost:6333/collections/daily_trade_strategies/points?wait=true "HTTP/1.1 200 OK"
2026-03-01 20:25:43,010 - INFO - HTTP Request: PUT http://localhost:6333/collections/trading_results/points?wait=true "HTTP/1.1 200 OK"
2026-03-01 20:25:43,018 - INFO - HTTP Request: PUT http://localhost:6333/collections/stock_recommendations/points?wait=true "HTTP/1.1 200 OK"
2026-03-01 20:25:43,043 - INFO - HTTP Request: PUT http://localhost:6333/collections/daily_trade_strategies/points?wait=true "HTTP/1.1 200 OK"
2026-03-01 20:25:43,047 - INFO - HTTP Request: PUT http://localhost:6333/collections/trading_results/points?wait=true "HTTP/1.1 200 OK"
2026-03-01 20:25:43,056 - INFO - HTTP Request: PUT http://localhost:6333/collections/stock_recommendations/points?wait=true "HTTP/1.1 200 OK"
2026-03-01 20:25:43,082 - INFO - HTTP Request: PUT http://localhost:6333/collections/daily_trade_strategies/points?wait=true "HTTP/1.1 200 OK"
2026-03-01 20:25:43,086 - INFO - HTTP Request: PUT http://localhost:6333/collections/trading_results/points?wait=true "HTTP/1.1 200 OK"
2026-03-01 20:25:43,095 - INFO - HTTP Request: PUT http://localhost:6333/collections/stock_recommendations/points?wait=true "HTTP/1.1 200 OK"
2026-03-01 20:25:43,131 - INFO - HTTP Request: PUT http://localhost:6333/collections/daily_trade_strategies/points?wait=true "HTTP/1.1 200 OK"
2026-03-01 20:25:43,135 - INFO - HTTP Request: PUT http://localhost:6333/collections/trading_results/points?wait=true "HTTP/1.1 200 OK"
2026-03-01 20:25:43,142 - INFO - HTTP Request: PUT http://localhost:6333/collections/stock_recommendations/points?wait=true "HTTP/1.1 200 OK"
2026-03-01 20:25:43,176 - INFO - HTTP Request: PUT http://localhost:6333/collections/daily_trade_strategies/points?wait=true "HTTP/1.1 200 OK"
2026-03-01 20:25:43,182 - INFO - HTTP Request: PUT http://localhost:6333/collections/trading_results/points?wait=true "HTTP/1.1 200 OK"
2026-03-01 20:25:43,189 - INFO - HTTP Request: PUT http://localhost:6333/collections/stock_recommendations/points?wait=true "HTTP/1.1 200 OK"
2026-03-01 20:25:43,239 - INFO - HTTP Request: PUT http://localhost:6333/collections/daily_trade_strategies/points?wait=true "HTTP/1.1 200 OK"
2026-03-01 20:25:43,243 - INFO - HTTP Request: PUT http://localhost:6333/collections/trading_results/points?wait=true "HTTP/1.1 200 OK"
2026-03-01 20:25:43,268 - INFO - HTTP Request: PUT http://localhost:6333/collections/stock_recommendations/points?wait=true "HTTP/1.1 200 OK"
2026-03-01 20:25:43,292 - INFO - HTTP Request: PUT http://localhost:6333/collections/daily_trade_strategies/points?wait=true "HTTP/1.1 200 OK"
2026-03-01 20:25:43,296 - INFO - HTTP Request: PUT http://localhost:6333/collections/trading_results/points?wait=true "HTTP/1.1 200 OK"
2026-03-01 20:25:43,306 - INFO - HTTP Request: PUT http://localhost:6333/collections/stock_recommendations/points?wait=true "HTTP/1.1 200 OK"
2026-03-01 20:25:43,332 - INFO - HTTP Request: PUT http://localhost:6333/collections/daily_trade_strategies/points?wait=true "HTTP/1.1 200 OK"
2026-03-01 20:25:43,336 - INFO - HTTP Request: PUT http://localhost:6333/collections/trading_results/points?wait=true "HTTP/1.1 200 OK"
2026-03-01 20:25:43,349 - INFO - HTTP Request: PUT http://localhost:6333/collections/stock_recommendations/points?wait=true "HTTP/1.1 200 OK"
2026-03-01 20:25:43,396 - INFO - HTTP Request: PUT http://localhost:6333/collections/daily_trade_strategies/points?wait=true "HTTP/1.1 200 OK"
2026-03-01 20:25:43,399 - INFO - HTTP Request: PUT http://localhost:6333/collections/trading_results/points?wait=true "HTTP/1.1 200 OK"
2026-03-01 20:25:43,426 - INFO - HTTP Request: PUT http://localhost:6333/collections/stock_recommendations/points?wait=true "HTTP/1.1 200 OK"
2026-03-01 20:25:43,452 - INFO - HTTP Request: PUT http://localhost:6333/collections/daily_trade_strategies/points?wait=true "HTTP/1.1 200 OK"
2026-03-01 20:25:43,458 - INFO - HTTP Request: PUT http://localhost:6333/collections/trading_results/points?wait=true "HTTP/1.1 200 OK"
2026-03-01 20:25:43,468 - INFO - HTTP Request: PUT http://localhost:6333/collections/stock_recommendations/points?wait=true "HTTP/1.1 200 OK"
2026-03-01 20:25:43,502 - INFO - HTTP Request: PUT http://localhost:6333/collections/daily_trade_strategies/points?wait=true "HTTP/1.1 200 OK"
2026-03-01 20:25:43,505 - INFO - HTTP Request: PUT http://localhost:6333/collections/trading_results/points?wait=true "HTTP/1.1 200 OK"
2026-03-01 20:25:43,534 - INFO - HTTP Request: PUT http://localhost:6333/collections/stock_recommendations/points?wait=true "HTTP/1.1 200 OK"
2026-03-01 20:25:43,582 - INFO - HTTP Request: PUT http://localhost:6333/collections/daily_trade_strategies/points?wait=true "HTTP/1.1 200 OK"
2026-03-01 20:25:43,586 - INFO - HTTP Request: PUT http://localhost:6333/collections/trading_results/points?wait=true "HTTP/1.1 200 OK"
2026-03-01 20:25:43,598 - INFO - HTTP Request: PUT http://localhost:6333/collections/stock_recommendations/points?wait=true "HTTP/1.1 200 OK"
2026-03-01 20:25:43,623 - INFO - HTTP Request: PUT http://localhost:6333/collections/daily_trade_strategies/points?wait=true "HTTP/1.1 200 OK"
2026-03-01 20:25:43,643 - INFO - HTTP Request: PUT http://localhost:6333/collections/trading_results/points?wait=true "HTTP/1.1 200 OK"
2026-03-01 20:25:43,677 - INFO - HTTP Request: PUT http://localhost:6333/collections/stock_recommendations/points?wait=true "HTTP/1.1 200 OK"
2026-03-01 20:25:43,724 - INFO - HTTP Request: PUT http://localhost:6333/collections/daily_trade_strategies/points?wait=true "HTTP/1.1 200 OK"
2026-03-01 20:25:43,728 - INFO - HTTP Request: PUT http://localhost:6333/collections/trading_results/points?wait=true "HTTP/1.1 200 OK"
2026-03-01 20:25:43,756 - INFO - HTTP Request: PUT http://localhost:6333/collections/stock_recommendations/points?wait=true "HTTP/1.1 200 OK"
2026-03-01 20:25:43,781 - INFO - HTTP Request: PUT http://localhost:6333/collections/daily_trade_strategies/points?wait=true "HTTP/1.1 200 OK"
2026-03-01 20:25:43,787 - INFO - HTTP Request: PUT http://localhost:6333/collections/trading_results/points?wait=true "HTTP/1.1 200 OK"
2026-03-01 20:25:43,818 - INFO - HTTP Request: PUT http://localhost:6333/collections/stock_recommendations/points?wait=true "HTTP/1.1 200 OK"
2026-03-01 20:25:43,842 - INFO - HTTP Request: PUT http://localhost:6333/collections/daily_trade_strategies/points?wait=true "HTTP/1.1 200 OK"
2026-03-01 20:25:43,849 - INFO - HTTP Request: PUT http://localhost:6333/collections/trading_results/points?wait=true "HTTP/1.1 200 OK"
2026-03-01 20:25:43,856 - INFO - HTTP Request: PUT http://localhost:6333/collections/stock_recommendations/points?wait=true "HTTP/1.1 200 OK"
2026-03-01 20:25:43,881 - INFO - HTTP Request: PUT http://localhost:6333/collections/daily_trade_strategies/points?wait=true "HTTP/1.1 200 OK"
2026-03-01 20:25:43,885 - INFO - HTTP Request: PUT http://localhost:6333/collections/trading_results/points?wait=true "HTTP/1.1 200 OK"
2026-03-01 20:25:43,890 - INFO - HTTP Request: PUT http://localhost:6333/collections/stock_recommendations/points?wait=true "HTTP/1.1 200 OK"
2026-03-01 20:25:43,916 - INFO - HTTP Request: PUT http://localhost:6333/collections/daily_trade_strategies/points?wait=true "HTTP/1.1 200 OK"
2026-03-01 20:25:43,919 - INFO - HTTP Request: PUT http://localhost:6333/collections/trading_results/points?wait=true "HTTP/1.1 200 OK"
2026-03-01 20:25:43,925 - INFO - HTTP Request: PUT http://localhost:6333/collections/stock_recommendations/points?wait=true "HTTP/1.1 200 OK"
2026-03-01 20:25:43,959 - INFO - HTTP Request: PUT http://localhost:6333/collections/daily_trade_strategies/points?wait=true "HTTP/1.1 200 OK"
2026-03-01 20:25:43,965 - INFO - HTTP Request: PUT http://localhost:6333/collections/trading_results/points?wait=true "HTTP/1.1 200 OK"
2026-03-01 20:25:43,974 - INFO - HTTP Request: PUT http://localhost:6333/collections/stock_recommendations/points?wait=true "HTTP/1.1 200 OK"
2026-03-01 20:25:43,999 - INFO - HTTP Request: PUT http://localhost:6333/collections/daily_trade_strategies/points?wait=true "HTTP/1.1 200 OK"
2026-03-01 20:25:44,002 - INFO - HTTP Request: PUT http://localhost:6333/collections/trading_results/points?wait=true "HTTP/1.1 200 OK"
2026-03-01 20:25:44,015 - INFO - HTTP Request: PUT http://localhost:6333/collections/stock_recommendations/points?wait=true "HTTP/1.1 200 OK"
2026-03-01 20:25:44,040 - INFO - HTTP Request: PUT http://localhost:6333/collections/daily_trade_strategies/points?wait=true "HTTP/1.1 200 OK"
2026-03-01 20:25:44,043 - INFO - HTTP Request: PUT http://localhost:6333/collections/trading_results/points?wait=true "HTTP/1.1 200 OK"
2026-03-01 20:25:44,073 - INFO - HTTP Request: PUT http://localhost:6333/collections/stock_recommendations/points?wait=true "HTTP/1.1 200 OK"
2026-03-01 20:25:44,101 - INFO - HTTP Request: PUT http://localhost:6333/collections/daily_trade_strategies/points?wait=true "HTTP/1.1 200 OK"
2026-03-01 20:25:44,106 - INFO - HTTP Request: PUT http://localhost:6333/collections/trading_results/points?wait=true "HTTP/1.1 200 OK"
2026-03-01 20:25:44,114 - INFO - HTTP Request: PUT http://localhost:6333/collections/stock_recommendations/points?wait=true "HTTP/1.1 200 OK"
2026-03-01 20:25:44,140 - INFO - HTTP Request: PUT http://localhost:6333/collections/daily_trade_strategies/points?wait=true "HTTP/1.1 200 OK"
2026-03-01 20:25:44,144 - INFO - HTTP Request: PUT http://localhost:6333/collections/trading_results/points?wait=true "HTTP/1.1 200 OK"
2026-03-01 20:25:44,155 - INFO - HTTP Request: PUT http://localhost:6333/collections/stock_recommendations/points?wait=true "HTTP/1.1 200 OK"
2026-03-01 20:25:44,185 - INFO - HTTP Request: PUT http://localhost:6333/collections/daily_trade_strategies/points?wait=true "HTTP/1.1 200 OK"
2026-03-01 20:25:44,190 - INFO - HTTP Request: PUT http://localhost:6333/collections/trading_results/points?wait=true "HTTP/1.1 200 OK"
2026-03-01 20:25:44,198 - INFO - HTTP Request: PUT http://localhost:6333/collections/stock_recommendations/points?wait=true "HTTP/1.1 200 OK"
2026-03-01 20:25:44,223 - INFO - HTTP Request: PUT http://localhost:6333/collections/daily_trade_strategies/points?wait=true "HTTP/1.1 200 OK"
2026-03-01 20:25:44,227 - INFO - HTTP Request: PUT http://localhost:6333/collections/trading_results/points?wait=true "HTTP/1.1 200 OK"
2026-03-01 20:25:44,235 - INFO - HTTP Request: PUT http://localhost:6333/collections/stock_recommendations/points?wait=true "HTTP/1.1 200 OK"
2026-03-01 20:25:44,261 - INFO - HTTP Request: PUT http://localhost:6333/collections/daily_trade_strategies/points?wait=true "HTTP/1.1 200 OK"
2026-03-01 20:25:44,272 - INFO - HTTP Request: PUT http://localhost:6333/collections/trading_results/points?wait=true "HTTP/1.1 200 OK"
2026-03-01 20:25:44,282 - INFO - HTTP Request: PUT http://localhost:6333/collections/stock_recommendations/points?wait=true "HTTP/1.1 200 OK"
2026-03-01 20:25:44,307 - INFO - HTTP Request: PUT http://localhost:6333/collections/daily_trade_strategies/points?wait=true "HTTP/1.1 200 OK"
2026-03-01 20:25:44,310 - INFO - HTTP Request: PUT http://localhost:6333/collections/trading_results/points?wait=true "HTTP/1.1 200 OK"
2026-03-01 20:25:44,318 - INFO - HTTP Request: PUT http://localhost:6333/collections/stock_recommendations/points?wait=true "HTTP/1.1 200 OK"
2026-03-01 20:25:44,367 - INFO - HTTP Request: PUT http://localhost:6333/collections/daily_trade_strategies/points?wait=true "HTTP/1.1 200 OK"
2026-03-01 20:25:44,372 - INFO - HTTP Request: PUT http://localhost:6333/collections/trading_results/points?wait=true "HTTP/1.1 200 OK"
2026-03-01 20:25:44,380 - INFO - HTTP Request: PUT http://localhost:6333/collections/stock_recommendations/points?wait=true "HTTP/1.1 200 OK"
2026-03-01 20:25:44,406 - INFO - HTTP Request: PUT http://localhost:6333/collections/daily_trade_strategies/points?wait=true "HTTP/1.1 200 OK"
2026-03-01 20:25:44,409 - INFO - HTTP Request: PUT http://localhost:6333/collections/trading_results/points?wait=true "HTTP/1.1 200 OK"
2026-03-01 20:25:44,417 - INFO - HTTP Request: PUT http://localhost:6333/collections/stock_recommendations/points?wait=true "HTTP/1.1 200 OK"
2026-03-01 20:25:44,443 - INFO - HTTP Request: PUT http://localhost:6333/collections/daily_trade_strategies/points?wait=true "HTTP/1.1 200 OK"
2026-03-01 20:25:44,453 - INFO - HTTP Request: PUT http://localhost:6333/collections/trading_results/points?wait=true "HTTP/1.1 200 OK"
2026-03-01 20:25:44,461 - INFO - HTTP Request: PUT http://localhost:6333/collections/stock_recommendations/points?wait=true "HTTP/1.1 200 OK"
2026-03-01 20:25:44,487 - INFO - HTTP Request: PUT http://localhost:6333/collections/daily_trade_strategies/points?wait=true "HTTP/1.1 200 OK"
2026-03-01 20:25:44,491 - INFO - HTTP Request: PUT http://localhost:6333/collections/trading_results/points?wait=true "HTTP/1.1 200 OK"
2026-03-01 20:25:44,499 - INFO - HTTP Request: PUT http://localhost:6333/collections/stock_recommendations/points?wait=true "HTTP/1.1 200 OK"
2026-03-01 20:25:44,525 - INFO - HTTP Request: PUT http://localhost:6333/collections/daily_trade_strategies/points?wait=true "HTTP/1.1 200 OK"
2026-03-01 20:25:44,529 - INFO - HTTP Request: PUT http://localhost:6333/collections/trading_results/points?wait=true "HTTP/1.1 200 OK"
2026-03-01 20:25:44,536 - INFO - HTTP Request: PUT http://localhost:6333/collections/stock_recommendations/points?wait=true "HTTP/1.1 200 OK"
2026-03-01 20:25:44,560 - INFO - HTTP Request: PUT http://localhost:6333/collections/daily_trade_strategies/points?wait=true "HTTP/1.1 200 OK"
2026-03-01 20:25:44,565 - INFO - HTTP Request: PUT http://localhost:6333/collections/trading_results/points?wait=true "HTTP/1.1 200 OK"
2026-03-01 20:25:44,573 - INFO - HTTP Request: PUT http://localhost:6333/collections/stock_recommendations/points?wait=true "HTTP/1.1 200 OK"
2026-03-01 20:25:44,599 - INFO - HTTP Request: PUT http://localhost:6333/collections/daily_trade_strategies/points?wait=true "HTTP/1.1 200 OK"
2026-03-01 20:25:44,602 - INFO - HTTP Request: PUT http://localhost:6333/collections/trading_results/points?wait=true "HTTP/1.1 200 OK"
2026-03-01 20:25:44,631 - INFO - HTTP Request: PUT http://localhost:6333/collections/stock_recommendations/points?wait=true "HTTP/1.1 200 OK"
2026-03-01 20:25:44,656 - INFO - HTTP Request: PUT http://localhost:6333/collections/daily_trade_strategies/points?wait=true "HTTP/1.1 200 OK"
2026-03-01 20:25:44,659 - INFO - HTTP Request: PUT http://localhost:6333/collections/trading_results/points?wait=true "HTTP/1.1 200 OK"
2026-03-01 20:25:44,678 - INFO - HTTP Request: PUT http://localhost:6333/collections/stock_recommendations/points?wait=true "HTTP/1.1 200 OK"
2026-03-01 20:25:44,724 - INFO - HTTP Request: PUT http://localhost:6333/collections/daily_trade_strategies/points?wait=true "HTTP/1.1 200 OK"
2026-03-01 20:25:44,728 - INFO - HTTP Request: PUT http://localhost:6333/collections/trading_results/points?wait=true "HTTP/1.1 200 OK"
2026-03-01 20:25:44,736 - INFO - HTTP Request: PUT http://localhost:6333/collections/stock_recommendations/points?wait=true "HTTP/1.1 200 OK"
2026-03-01 20:25:44,770 - INFO - HTTP Request: PUT http://localhost:6333/collections/daily_trade_strategies/points?wait=true "HTTP/1.1 200 OK"
2026-03-01 20:25:44,775 - INFO - HTTP Request: PUT http://localhost:6333/collections/trading_results/points?wait=true "HTTP/1.1 200 OK"
2026-03-01 20:25:44,802 - INFO - HTTP Request: PUT http://localhost:6333/collections/stock_recommendations/points?wait=true "HTTP/1.1 200 OK"
2026-03-01 20:25:44,827 - INFO - HTTP Request: PUT http://localhost:6333/collections/daily_trade_strategies/points?wait=true "HTTP/1.1 200 OK"
2026-03-01 20:25:44,830 - INFO - HTTP Request: PUT http://localhost:6333/collections/trading_results/points?wait=true "HTTP/1.1 200 OK"
2026-03-01 20:25:44,849 - INFO - HTTP Request: PUT http://localhost:6333/collections/stock_recommendations/points?wait=true "HTTP/1.1 200 OK"
2026-03-01 20:25:44,873 - INFO - HTTP Request: PUT http://localhost:6333/collections/daily_trade_strategies/points?wait=true "HTTP/1.1 200 OK"
2026-03-01 20:25:44,876 - INFO - HTTP Request: PUT http://localhost:6333/collections/trading_results/points?wait=true "HTTP/1.1 200 OK"
2026-03-01 20:25:44,898 - INFO - HTTP Request: PUT http://localhost:6333/collections/stock_recommendations/points?wait=true "HTTP/1.1 200 OK"
2026-03-01 20:25:44,943 - INFO - HTTP Request: PUT http://localhost:6333/collections/daily_trade_strategies/points?wait=true "HTTP/1.1 200 OK"
2026-03-01 20:25:44,948 - INFO - HTTP Request: PUT http://localhost:6333/collections/trading_results/points?wait=true "HTTP/1.1 200 OK"
2026-03-01 20:25:44,956 - INFO - HTTP Request: PUT http://localhost:6333/collections/stock_recommendations/points?wait=true "HTTP/1.1 200 OK"
2026-03-01 20:25:44,982 - INFO - HTTP Request: PUT http://localhost:6333/collections/daily_trade_strategies/points?wait=true "HTTP/1.1 200 OK"
2026-03-01 20:25:44,986 - INFO - HTTP Request: PUT http://localhost:6333/collections/trading_results/points?wait=true "HTTP/1.1 200 OK"
2026-03-01 20:25:44,993 - INFO - HTTP Request: PUT http://localhost:6333/collections/stock_recommendations/points?wait=true "HTTP/1.1 200 OK"
2026-03-01 20:25:45,017 - INFO - HTTP Request: PUT http://localhost:6333/collections/daily_trade_strategies/points?wait=true "HTTP/1.1 200 OK"
2026-03-01 20:25:45,021 - INFO - HTTP Request: PUT http://localhost:6333/collections/trading_results/points?wait=true "HTTP/1.1 200 OK"
2026-03-01 20:25:45,026 - INFO - HTTP Request: PUT http://localhost:6333/collections/stock_recommendations/points?wait=true "HTTP/1.1 200 OK"
2026-03-01 20:25:45,052 - INFO - HTTP Request: PUT http://localhost:6333/collections/daily_trade_strategies/points?wait=true "HTTP/1.1 200 OK"
2026-03-01 20:25:45,056 - INFO - HTTP Request: PUT http://localhost:6333/collections/trading_results/points?wait=true "HTTP/1.1 200 OK"
2026-03-01 20:25:45,063 - INFO - HTTP Request: PUT http://localhost:6333/collections/stock_recommendations/points?wait=true "HTTP/1.1 200 OK"
2026-03-01 20:25:45,090 - INFO - HTTP Request: PUT http://localhost:6333/collections/daily_trade_strategies/points?wait=true "HTTP/1.1 200 OK"
2026-03-01 20:25:45,094 - INFO - HTTP Request: PUT http://localhost:6333/collections/trading_results/points?wait=true "HTTP/1.1 200 OK"
2026-03-01 20:25:45,114 - INFO - HTTP Request: PUT http://localhost:6333/collections/stock_recommendations/points?wait=true "HTTP/1.1 200 OK"
2026-03-01 20:25:45,138 - INFO - HTTP Request: PUT http://localhost:6333/collections/daily_trade_strategies/points?wait=true "HTTP/1.1 200 OK"
2026-03-01 20:25:45,141 - INFO - HTTP Request: PUT http://localhost:6333/collections/trading_results/points?wait=true "HTTP/1.1 200 OK"
2026-03-01 20:25:45,163 - INFO - HTTP Request: PUT http://localhost:6333/collections/stock_recommendations/points?wait=true "HTTP/1.1 200 OK"
2026-03-01 20:25:45,190 - INFO - HTTP Request: PUT http://localhost:6333/collections/daily_trade_strategies/points?wait=true "HTTP/1.1 200 OK"
2026-03-01 20:25:45,193 - INFO - HTTP Request: PUT http://localhost:6333/collections/trading_results/points?wait=true "HTTP/1.1 200 OK"
2026-03-01 20:25:45,200 - INFO - HTTP Request: PUT http://localhost:6333/collections/stock_recommendations/points?wait=true "HTTP/1.1 200 OK"
2026-03-01 20:25:45,226 - INFO - HTTP Request: PUT http://localhost:6333/collections/daily_trade_strategies/points?wait=true "HTTP/1.1 200 OK"
2026-03-01 20:25:45,230 - INFO - HTTP Request: PUT http://localhost:6333/collections/trading_results/points?wait=true "HTTP/1.1 200 OK"
2026-03-01 20:25:45,237 - INFO - HTTP Request: PUT http://localhost:6333/collections/stock_recommendations/points?wait=true "HTTP/1.1 200 OK"
2026-03-01 20:25:45,264 - INFO - HTTP Request: PUT http://localhost:6333/collections/daily_trade_strategies/points?wait=true "HTTP/1.1 200 OK"
2026-03-01 20:25:45,268 - INFO - HTTP Request: PUT http://localhost:6333/collections/trading_results/points?wait=true "HTTP/1.1 200 OK"
2026-03-01 20:25:45,275 - INFO - HTTP Request: PUT http://localhost:6333/collections/stock_recommendations/points?wait=true "HTTP/1.1 200 OK"
2026-03-01 20:25:45,300 - INFO - HTTP Request: PUT http://localhost:6333/collections/daily_trade_strategies/points?wait=true "HTTP/1.1 200 OK"
2026-03-01 20:25:45,304 - INFO - HTTP Request: PUT http://localhost:6333/collections/trading_results/points?wait=true "HTTP/1.1 200 OK"
2026-03-01 20:25:45,311 - INFO - HTTP Request: PUT http://localhost:6333/collections/stock_recommendations/points?wait=true "HTTP/1.1 200 OK"
2026-03-01 20:25:45,337 - INFO - HTTP Request: PUT http://localhost:6333/collections/daily_trade_strategies/points?wait=true "HTTP/1.1 200 OK"
2026-03-01 20:25:45,340 - INFO - HTTP Request: PUT http://localhost:6333/collections/trading_results/points?wait=true "HTTP/1.1 200 OK"
2026-03-01 20:25:45,348 - INFO - HTTP Request: PUT http://localhost:6333/collections/stock_recommendations/points?wait=true "HTTP/1.1 200 OK"
2026-03-01 20:25:45,400 - INFO - HTTP Request: PUT http://localhost:6333/collections/daily_trade_strategies/points?wait=true "HTTP/1.1 200 OK"
2026-03-01 20:25:45,405 - INFO - HTTP Request: PUT http://localhost:6333/collections/trading_results/points?wait=true "HTTP/1.1 200 OK"
2026-03-01 20:25:45,413 - INFO - HTTP Request: PUT http://localhost:6333/collections/stock_recommendations/points?wait=true "HTTP/1.1 200 OK"
2026-03-01 20:25:45,457 - INFO - HTTP Request: PUT http://localhost:6333/collections/daily_trade_strategies/points?wait=true "HTTP/1.1 200 OK"
2026-03-01 20:25:45,461 - INFO - HTTP Request: PUT http://localhost:6333/collections/trading_results/points?wait=true "HTTP/1.1 200 OK"
2026-03-01 20:25:45,470 - INFO - HTTP Request: PUT http://localhost:6333/collections/stock_recommendations/points?wait=true "HTTP/1.1 200 OK"
2026-03-01 20:25:45,518 - INFO - HTTP Request: PUT http://localhost:6333/collections/daily_trade_strategies/points?wait=true "HTTP/1.1 200 OK"
2026-03-01 20:25:45,523 - INFO - HTTP Request: PUT http://localhost:6333/collections/trading_results/points?wait=true "HTTP/1.1 200 OK"
2026-03-01 20:25:45,531 - INFO - HTTP Request: PUT http://localhost:6333/collections/stock_recommendations/points?wait=true "HTTP/1.1 200 OK"
2026-03-01 20:25:45,557 - INFO - HTTP Request: PUT http://localhost:6333/collections/daily_trade_strategies/points?wait=true "HTTP/1.1 200 OK"
2026-03-01 20:25:45,561 - INFO - HTTP Request: PUT http://localhost:6333/collections/trading_results/points?wait=true "HTTP/1.1 200 OK"
2026-03-01 20:25:45,572 - INFO - HTTP Request: PUT http://localhost:6333/collections/stock_recommendations/points?wait=true "HTTP/1.1 200 OK"
2026-03-01 20:25:45,600 - INFO - HTTP Request: PUT http://localhost:6333/collections/daily_trade_strategies/points?wait=true "HTTP/1.1 200 OK"
2026-03-01 20:25:45,605 - INFO - HTTP Request: PUT http://localhost:6333/collections/trading_results/points?wait=true "HTTP/1.1 200 OK"
2026-03-01 20:25:45,612 - INFO - HTTP Request: PUT http://localhost:6333/collections/stock_recommendations/points?wait=true "HTTP/1.1 200 OK"
2026-03-01 20:25:45,637 - INFO - HTTP Request: PUT http://localhost:6333/collections/daily_trade_strategies/points?wait=true "HTTP/1.1 200 OK"
2026-03-01 20:25:45,640 - INFO - HTTP Request: PUT http://localhost:6333/collections/trading_results/points?wait=true "HTTP/1.1 200 OK"
2026-03-01 20:25:45,660 - INFO - HTTP Request: PUT http://localhost:6333/collections/stock_recommendations/points?wait=true "HTTP/1.1 200 OK"
2026-03-01 20:25:45,706 - INFO - HTTP Request: PUT http://localhost:6333/collections/daily_trade_strategies/points?wait=true "HTTP/1.1 200 OK"
2026-03-01 20:25:45,713 - INFO - HTTP Request: PUT http://localhost:6333/collections/trading_results/points?wait=true "HTTP/1.1 200 OK"
2026-03-01 20:25:45,721 - INFO - HTTP Request: PUT http://localhost:6333/collections/stock_recommendations/points?wait=true "HTTP/1.1 200 OK"
2026-03-01 20:25:45,746 - INFO - HTTP Request: PUT http://localhost:6333/collections/daily_trade_strategies/points?wait=true "HTTP/1.1 200 OK"
2026-03-01 20:25:45,750 - INFO - HTTP Request: PUT http://localhost:6333/collections/trading_results/points?wait=true "HTTP/1.1 200 OK"
2026-03-01 20:25:45,757 - INFO - HTTP Request: PUT http://localhost:6333/collections/stock_recommendations/points?wait=true "HTTP/1.1 200 OK"
2026-03-01 20:25:45,782 - INFO - HTTP Request: PUT http://localhost:6333/collections/daily_trade_strategies/points?wait=true "HTTP/1.1 200 OK"
2026-03-01 20:25:45,787 - INFO - HTTP Request: PUT http://localhost:6333/collections/trading_results/points?wait=true "HTTP/1.1 200 OK"
2026-03-01 20:25:45,794 - INFO - HTTP Request: PUT http://localhost:6333/collections/stock_recommendations/points?wait=true "HTTP/1.1 200 OK"
2026-03-01 20:25:45,831 - INFO - HTTP Request: PUT http://localhost:6333/collections/daily_trade_strategies/points?wait=true "HTTP/1.1 200 OK"
2026-03-01 20:25:45,835 - INFO - HTTP Request: PUT http://localhost:6333/collections/trading_results/points?wait=true "HTTP/1.1 200 OK"
2026-03-01 20:25:45,865 - INFO - HTTP Request: PUT http://localhost:6333/collections/stock_recommendations/points?wait=true "HTTP/1.1 200 OK"
2026-03-01 20:25:45,911 - INFO - HTTP Request: PUT http://localhost:6333/collections/daily_trade_strategies/points?wait=true "HTTP/1.1 200 OK"
2026-03-01 20:25:45,924 - INFO - HTTP Request: PUT http://localhost:6333/collections/trading_results/points?wait=true "HTTP/1.1 200 OK"
2026-03-01 20:25:45,934 - INFO - HTTP Request: PUT http://localhost:6333/collections/stock_recommendations/points?wait=true "HTTP/1.1 200 OK"
2026-03-01 20:25:45,958 - INFO - HTTP Request: PUT http://localhost:6333/collections/daily_trade_strategies/points?wait=true "HTTP/1.1 200 OK"
2026-03-01 20:25:45,962 - INFO - HTTP Request: PUT http://localhost:6333/collections/trading_results/points?wait=true "HTTP/1.1 200 OK"
2026-03-01 20:25:45,971 - INFO - HTTP Request: PUT http://localhost:6333/collections/stock_recommendations/points?wait=true "HTTP/1.1 200 OK"
2026-03-01 20:25:45,996 - INFO - HTTP Request: PUT http://localhost:6333/collections/daily_trade_strategies/points?wait=true "HTTP/1.1 200 OK"
2026-03-01 20:25:46,019 - INFO - HTTP Request: PUT http://localhost:6333/collections/trading_results/points?wait=true "HTTP/1.1 200 OK"
2026-03-01 20:25:46,028 - INFO - HTTP Request: PUT http://localhost:6333/collections/stock_recommendations/points?wait=true "HTTP/1.1 200 OK"
2026-03-01 20:25:46,054 - INFO - HTTP Request: PUT http://localhost:6333/collections/daily_trade_strategies/points?wait=true "HTTP/1.1 200 OK"
2026-03-01 20:25:46,057 - INFO - HTTP Request: PUT http://localhost:6333/collections/trading_results/points?wait=true "HTTP/1.1 200 OK"
2026-03-01 20:25:46,064 - INFO - HTTP Request: PUT http://localhost:6333/collections/stock_recommendations/points?wait=true "HTTP/1.1 200 OK"
2026-03-01 20:25:46,089 - INFO - HTTP Request: PUT http://localhost:6333/collections/daily_trade_strategies/points?wait=true "HTTP/1.1 200 OK"
2026-03-01 20:25:46,093 - INFO - HTTP Request: PUT http://localhost:6333/collections/trading_results/points?wait=true "HTTP/1.1 200 OK"
2026-03-01 20:25:46,100 - INFO - HTTP Request: PUT http://localhost:6333/collections/stock_recommendations/points?wait=true "HTTP/1.1 200 OK"
2026-03-01 20:25:46,126 - INFO - HTTP Request: PUT http://localhost:6333/collections/daily_trade_strategies/points?wait=true "HTTP/1.1 200 OK"
2026-03-01 20:25:46,130 - INFO - HTTP Request: PUT http://localhost:6333/collections/trading_results/points?wait=true "HTTP/1.1 200 OK"
2026-03-01 20:25:46,160 - INFO - HTTP Request: PUT http://localhost:6333/collections/stock_recommendations/points?wait=true "HTTP/1.1 200 OK"
2026-03-01 20:25:46,206 - INFO - HTTP Request: PUT http://localhost:6333/collections/daily_trade_strategies/points?wait=true "HTTP/1.1 200 OK"
2026-03-01 20:25:46,220 - INFO - HTTP Request: PUT http://localhost:6333/collections/trading_results/points?wait=true "HTTP/1.1 200 OK"
2026-03-01 20:25:46,228 - INFO - HTTP Request: PUT http://localhost:6333/collections/stock_recommendations/points?wait=true "HTTP/1.1 200 OK"
2026-03-01 20:25:46,254 - INFO - HTTP Request: PUT http://localhost:6333/collections/daily_trade_strategies/points?wait=true "HTTP/1.1 200 OK"
2026-03-01 20:25:46,257 - INFO - HTTP Request: PUT http://localhost:6333/collections/trading_results/points?wait=true "HTTP/1.1 200 OK"
2026-03-01 20:25:46,284 - INFO - HTTP Request: PUT http://localhost:6333/collections/stock_recommendations/points?wait=true "HTTP/1.1 200 OK"
2026-03-01 20:25:46,331 - INFO - HTTP Request: PUT http://localhost:6333/collections/daily_trade_strategies/points?wait=true "HTTP/1.1 200 OK"
2026-03-01 20:25:46,335 - INFO - HTTP Request: PUT http://localhost:6333/collections/trading_results/points?wait=true "HTTP/1.1 200 OK"
2026-03-01 20:25:46,362 - INFO - HTTP Request: PUT http://localhost:6333/collections/stock_recommendations/points?wait=true "HTTP/1.1 200 OK"
2026-03-01 20:25:46,386 - INFO - HTTP Request: PUT http://localhost:6333/collections/daily_trade_strategies/points?wait=true "HTTP/1.1 200 OK"
2026-03-01 20:25:46,389 - INFO - HTTP Request: PUT http://localhost:6333/collections/trading_results/points?wait=true "HTTP/1.1 200 OK"
2026-03-01 20:25:46,409 - INFO - HTTP Request: PUT http://localhost:6333/collections/stock_recommendations/points?wait=true "HTTP/1.1 200 OK"
2026-03-01 20:25:46,455 - INFO - HTTP Request: PUT http://localhost:6333/collections/daily_trade_strategies/points?wait=true "HTTP/1.1 200 OK"
2026-03-01 20:25:46,458 - INFO - HTTP Request: PUT http://localhost:6333/collections/trading_results/points?wait=true "HTTP/1.1 200 OK"
2026-03-01 20:25:46,466 - INFO - HTTP Request: PUT http://localhost:6333/collections/stock_recommendations/points?wait=true "HTTP/1.1 200 OK"
2026-03-01 20:25:46,492 - INFO - HTTP Request: PUT http://localhost:6333/collections/daily_trade_strategies/points?wait=true "HTTP/1.1 200 OK"
2026-03-01 20:25:46,495 - INFO - HTTP Request: PUT http://localhost:6333/collections/trading_results/points?wait=true "HTTP/1.1 200 OK"
2026-03-01 20:25:46,504 - INFO - HTTP Request: PUT http://localhost:6333/collections/stock_recommendations/points?wait=true "HTTP/1.1 200 OK"
2026-03-01 20:25:46,530 - INFO - HTTP Request: PUT http://localhost:6333/collections/daily_trade_strategies/points?wait=true "HTTP/1.1 200 OK"
2026-03-01 20:25:46,536 - INFO - HTTP Request: PUT http://localhost:6333/collections/trading_results/points?wait=true "HTTP/1.1 200 OK"
2026-03-01 20:25:46,543 - INFO - HTTP Request: PUT http://localhost:6333/collections/stock_recommendations/points?wait=true "HTTP/1.1 200 OK"
2026-03-01 20:25:46,570 - INFO - HTTP Request: PUT http://localhost:6333/collections/daily_trade_strategies/points?wait=true "HTTP/1.1 200 OK"
2026-03-01 20:25:46,583 - INFO - HTTP Request: PUT http://localhost:6333/collections/trading_results/points?wait=true "HTTP/1.1 200 OK"
2026-03-01 20:25:46,596 - INFO - HTTP Request: PUT http://localhost:6333/collections/stock_recommendations/points?wait=true "HTTP/1.1 200 OK"
2026-03-01 20:25:46,622 - INFO - HTTP Request: PUT http://localhost:6333/collections/daily_trade_strategies/points?wait=true "HTTP/1.1 200 OK"
2026-03-01 20:25:46,626 - INFO - HTTP Request: PUT http://localhost:6333/collections/trading_results/points?wait=true "HTTP/1.1 200 OK"
2026-03-01 20:25:46,658 - INFO - HTTP Request: PUT http://localhost:6333/collections/stock_recommendations/points?wait=true "HTTP/1.1 200 OK"
2026-03-01 20:25:46,706 - INFO - HTTP Request: PUT http://localhost:6333/collections/daily_trade_strategies/points?wait=true "HTTP/1.1 200 OK"
2026-03-01 20:25:46,710 - INFO - HTTP Request: PUT http://localhost:6333/collections/trading_results/points?wait=true "HTTP/1.1 200 OK"
2026-03-01 20:25:46,717 - INFO - HTTP Request: PUT http://localhost:6333/collections/stock_recommendations/points?wait=true "HTTP/1.1 200 OK"
2026-03-01 20:25:46,751 - INFO - HTTP Request: PUT http://localhost:6333/collections/daily_trade_strategies/points?wait=true "HTTP/1.1 200 OK"
2026-03-01 20:25:46,755 - INFO - HTTP Request: PUT http://localhost:6333/collections/trading_results/points?wait=true "HTTP/1.1 200 OK"
2026-03-01 20:25:46,782 - INFO - HTTP Request: PUT http://localhost:6333/collections/stock_recommendations/points?wait=true "HTTP/1.1 200 OK"
2026-03-01 20:25:46,808 - INFO - HTTP Request: PUT http://localhost:6333/collections/daily_trade_strategies/points?wait=true "HTTP/1.1 200 OK"
2026-03-01 20:25:46,812 - INFO - HTTP Request: PUT http://localhost:6333/collections/trading_results/points?wait=true "HTTP/1.1 200 OK"
2026-03-01 20:25:46,843 - INFO - HTTP Request: PUT http://localhost:6333/collections/stock_recommendations/points?wait=true "HTTP/1.1 200 OK"
2026-03-01 20:25:46,889 - INFO - HTTP Request: PUT http://localhost:6333/collections/daily_trade_strategies/points?wait=true "HTTP/1.1 200 OK"
2026-03-01 20:25:46,893 - INFO - HTTP Request: PUT http://localhost:6333/collections/trading_results/points?wait=true "HTTP/1.1 200 OK"
2026-03-01 20:25:46,902 - INFO - HTTP Request: PUT http://localhost:6333/collections/stock_recommendations/points?wait=true "HTTP/1.1 200 OK"
2026-03-01 20:25:46,928 - INFO - HTTP Request: PUT http://localhost:6333/collections/daily_trade_strategies/points?wait=true "HTTP/1.1 200 OK"
2026-03-01 20:25:46,933 - INFO - HTTP Request: PUT http://localhost:6333/collections/trading_results/points?wait=true "HTTP/1.1 200 OK"
2026-03-01 20:25:46,951 - INFO - HTTP Request: PUT http://localhost:6333/collections/stock_recommendations/points?wait=true "HTTP/1.1 200 OK"
2026-03-01 20:25:46,976 - INFO - HTTP Request: PUT http://localhost:6333/collections/daily_trade_strategies/points?wait=true "HTTP/1.1 200 OK"
2026-03-01 20:25:46,981 - INFO - HTTP Request: PUT http://localhost:6333/collections/trading_results/points?wait=true "HTTP/1.1 200 OK"
2026-03-01 20:25:46,988 - INFO - HTTP Request: PUT http://localhost:6333/collections/stock_recommendations/points?wait=true "HTTP/1.1 200 OK"
2026-03-01 20:25:47,016 - INFO - HTTP Request: PUT http://localhost:6333/collections/daily_trade_strategies/points?wait=true "HTTP/1.1 200 OK"
2026-03-01 20:25:47,022 - INFO - HTTP Request: PUT http://localhost:6333/collections/trading_results/points?wait=true "HTTP/1.1 200 OK"
2026-03-01 20:25:47,046 - INFO - HTTP Request: PUT http://localhost:6333/collections/stock_recommendations/points?wait=true "HTTP/1.1 200 OK"
2026-03-01 20:25:47,073 - INFO - HTTP Request: PUT http://localhost:6333/collections/daily_trade_strategies/points?wait=true "HTTP/1.1 200 OK"
2026-03-01 20:25:47,077 - INFO - HTTP Request: PUT http://localhost:6333/collections/trading_results/points?wait=true "HTTP/1.1 200 OK"
2026-03-01 20:25:47,107 - INFO - HTTP Request: PUT http://localhost:6333/collections/stock_recommendations/points?wait=true "HTTP/1.1 200 OK"
2026-03-01 20:25:47,132 - INFO - HTTP Request: PUT http://localhost:6333/collections/daily_trade_strategies/points?wait=true "HTTP/1.1 200 OK"
2026-03-01 20:25:47,153 - INFO - HTTP Request: PUT http://localhost:6333/collections/trading_results/points?wait=true "HTTP/1.1 200 OK"
2026-03-01 20:25:47,171 - INFO - HTTP Request: PUT http://localhost:6333/collections/stock_recommendations/points?wait=true "HTTP/1.1 200 OK"
2026-03-01 20:25:47,196 - INFO - HTTP Request: PUT http://localhost:6333/collections/daily_trade_strategies/points?wait=true "HTTP/1.1 200 OK"
2026-03-01 20:25:47,200 - INFO - HTTP Request: PUT http://localhost:6333/collections/trading_results/points?wait=true "HTTP/1.1 200 OK"
2026-03-01 20:25:47,217 - INFO - HTTP Request: PUT http://localhost:6333/collections/stock_recommendations/points?wait=true "HTTP/1.1 200 OK"
2026-03-01 20:25:47,243 - INFO - HTTP Request: PUT http://localhost:6333/collections/daily_trade_strategies/points?wait=true "HTTP/1.1 200 OK"
2026-03-01 20:25:47,247 - INFO - HTTP Request: PUT http://localhost:6333/collections/trading_results/points?wait=true "HTTP/1.1 200 OK"
2026-03-01 20:25:47,279 - INFO - HTTP Request: PUT http://localhost:6333/collections/stock_recommendations/points?wait=true "HTTP/1.1 200 OK"
2026-03-01 20:25:47,324 - INFO - HTTP Request: PUT http://localhost:6333/collections/daily_trade_strategies/points?wait=true "HTTP/1.1 200 OK"
2026-03-01 20:25:47,328 - INFO - HTTP Request: PUT http://localhost:6333/collections/trading_results/points?wait=true "HTTP/1.1 200 OK"
2026-03-01 20:25:47,356 - INFO - HTTP Request: PUT http://localhost:6333/collections/stock_recommendations/points?wait=true "HTTP/1.1 200 OK"
2026-03-01 20:25:47,385 - INFO - HTTP Request: PUT http://localhost:6333/collections/daily_trade_strategies/points?wait=true "HTTP/1.1 200 OK"
2026-03-01 20:25:47,389 - INFO - HTTP Request: PUT http://localhost:6333/collections/trading_results/points?wait=true "HTTP/1.1 200 OK"
2026-03-01 20:25:47,398 - INFO - HTTP Request: PUT http://localhost:6333/collections/stock_recommendations/points?wait=true "HTTP/1.1 200 OK"
2026-03-01 20:25:47,427 - INFO - HTTP Request: PUT http://localhost:6333/collections/daily_trade_strategies/points?wait=true "HTTP/1.1 200 OK"
2026-03-01 20:25:47,432 - INFO - HTTP Request: PUT http://localhost:6333/collections/trading_results/points?wait=true "HTTP/1.1 200 OK"
2026-03-01 20:25:47,466 - INFO - HTTP Request: PUT http://localhost:6333/collections/stock_recommendations/points?wait=true "HTTP/1.1 200 OK"
2026-03-01 20:25:47,512 - INFO - HTTP Request: PUT http://localhost:6333/collections/daily_trade_strategies/points?wait=true "HTTP/1.1 200 OK"
2026-03-01 20:25:47,517 - INFO - HTTP Request: PUT http://localhost:6333/collections/trading_results/points?wait=true "HTTP/1.1 200 OK"
2026-03-01 20:25:47,526 - INFO - HTTP Request: PUT http://localhost:6333/collections/stock_recommendations/points?wait=true "HTTP/1.1 200 OK"
2026-03-01 20:25:47,556 - INFO - HTTP Request: PUT http://localhost:6333/collections/daily_trade_strategies/points?wait=true "HTTP/1.1 200 OK"
2026-03-01 20:25:47,559 - INFO - HTTP Request: PUT http://localhost:6333/collections/trading_results/points?wait=true "HTTP/1.1 200 OK"
2026-03-01 20:25:47,591 - INFO - HTTP Request: PUT http://localhost:6333/collections/stock_recommendations/points?wait=true "HTTP/1.1 200 OK"
2026-03-01 20:25:47,639 - INFO - HTTP Request: PUT http://localhost:6333/collections/daily_trade_strategies/points?wait=true "HTTP/1.1 200 OK"
2026-03-01 20:25:47,642 - INFO - HTTP Request: PUT http://localhost:6333/collections/trading_results/points?wait=true "HTTP/1.1 200 OK"
2026-03-01 20:25:47,651 - INFO - HTTP Request: PUT http://localhost:6333/collections/stock_recommendations/points?wait=true "HTTP/1.1 200 OK"
2026-03-01 20:25:47,701 - INFO - HTTP Request: PUT http://localhost:6333/collections/daily_trade_strategies/points?wait=true "HTTP/1.1 200 OK"
2026-03-01 20:25:47,705 - INFO - HTTP Request: PUT http://localhost:6333/collections/trading_results/points?wait=true "HTTP/1.1 200 OK"
2026-03-01 20:25:47,733 - INFO - HTTP Request: PUT http://localhost:6333/collections/stock_recommendations/points?wait=true "HTTP/1.1 200 OK"
2026-03-01 20:25:47,763 - INFO - HTTP Request: PUT http://localhost:6333/collections/daily_trade_strategies/points?wait=true "HTTP/1.1 200 OK"
2026-03-01 20:25:47,767 - INFO - HTTP Request: PUT http://localhost:6333/collections/trading_results/points?wait=true "HTTP/1.1 200 OK"
2026-03-01 20:25:47,794 - INFO - HTTP Request: PUT http://localhost:6333/collections/stock_recommendations/points?wait=true "HTTP/1.1 200 OK"
2026-03-01 20:25:47,820 - INFO - HTTP Request: PUT http://localhost:6333/collections/daily_trade_strategies/points?wait=true "HTTP/1.1 200 OK"
2026-03-01 20:25:47,824 - INFO - HTTP Request: PUT http://localhost:6333/collections/trading_results/points?wait=true "HTTP/1.1 200 OK"
2026-03-01 20:25:47,842 - INFO - HTTP Request: PUT http://localhost:6333/collections/stock_recommendations/points?wait=true "HTTP/1.1 200 OK"
2026-03-01 20:25:47,866 - INFO - HTTP Request: PUT http://localhost:6333/collections/daily_trade_strategies/points?wait=true "HTTP/1.1 200 OK"
2026-03-01 20:25:47,870 - INFO - HTTP Request: PUT http://localhost:6333/collections/trading_results/points?wait=true "HTTP/1.1 200 OK"
2026-03-01 20:25:47,879 - INFO - HTTP Request: PUT http://localhost:6333/collections/stock_recommendations/points?wait=true "HTTP/1.1 200 OK"
2026-03-01 20:25:47,910 - INFO - HTTP Request: PUT http://localhost:6333/collections/daily_trade_strategies/points?wait=true "HTTP/1.1 200 OK"
2026-03-01 20:25:47,934 - INFO - HTTP Request: PUT http://localhost:6333/collections/trading_results/points?wait=true "HTTP/1.1 200 OK"
2026-03-01 20:25:47,943 - INFO - HTTP Request: PUT http://localhost:6333/collections/stock_recommendations/points?wait=true "HTTP/1.1 200 OK"
2026-03-01 20:25:47,968 - INFO - HTTP Request: PUT http://localhost:6333/collections/daily_trade_strategies/points?wait=true "HTTP/1.1 200 OK"
2026-03-01 20:25:47,972 - INFO - HTTP Request: PUT http://localhost:6333/collections/trading_results/points?wait=true "HTTP/1.1 200 OK"
2026-03-01 20:25:47,980 - INFO - HTTP Request: PUT http://localhost:6333/collections/stock_recommendations/points?wait=true "HTTP/1.1 200 OK"
2026-03-01 20:25:48,006 - INFO - HTTP Request: PUT http://localhost:6333/collections/daily_trade_strategies/points?wait=true "HTTP/1.1 200 OK"
2026-03-01 20:25:48,009 - INFO - HTTP Request: PUT http://localhost:6333/collections/trading_results/points?wait=true "HTTP/1.1 200 OK"
2026-03-01 20:25:48,020 - INFO - HTTP Request: PUT http://localhost:6333/collections/stock_recommendations/points?wait=true "HTTP/1.1 200 OK"
2026-03-01 20:25:48,045 - INFO - HTTP Request: PUT http://localhost:6333/collections/daily_trade_strategies/points?wait=true "HTTP/1.1 200 OK"
2026-03-01 20:25:48,052 - INFO - HTTP Request: PUT http://localhost:6333/collections/trading_results/points?wait=true "HTTP/1.1 200 OK"
2026-03-01 20:25:48,061 - INFO - HTTP Request: PUT http://localhost:6333/collections/stock_recommendations/points?wait=true "HTTP/1.1 200 OK"
2026-03-01 20:25:48,085 - INFO - HTTP Request: PUT http://localhost:6333/collections/daily_trade_strategies/points?wait=true "HTTP/1.1 200 OK"
2026-03-01 20:25:48,089 - INFO - HTTP Request: PUT http://localhost:6333/collections/trading_results/points?wait=true "HTTP/1.1 200 OK"
2026-03-01 20:25:48,097 - INFO - HTTP Request: PUT http://localhost:6333/collections/stock_recommendations/points?wait=true "HTTP/1.1 200 OK"
2026-03-01 20:25:48,137 - INFO - HTTP Request: PUT http://localhost:6333/collections/daily_trade_strategies/points?wait=true "HTTP/1.1 200 OK"
2026-03-01 20:25:48,142 - INFO - HTTP Request: PUT http://localhost:6333/collections/trading_results/points?wait=true "HTTP/1.1 200 OK"
2026-03-01 20:25:48,151 - INFO - HTTP Request: PUT http://localhost:6333/collections/stock_recommendations/points?wait=true "HTTP/1.1 200 OK"
2026-03-01 20:25:48,183 - INFO - HTTP Request: PUT http://localhost:6333/collections/daily_trade_strategies/points?wait=true "HTTP/1.1 200 OK"
2026-03-01 20:25:48,190 - INFO - HTTP Request: PUT http://localhost:6333/collections/trading_results/points?wait=true "HTTP/1.1 200 OK"
2026-03-01 20:25:48,197 - INFO - HTTP Request: PUT http://localhost:6333/collections/stock_recommendations/points?wait=true "HTTP/1.1 200 OK"
2026-03-01 20:25:48,247 - INFO - HTTP Request: PUT http://localhost:6333/collections/daily_trade_strategies/points?wait=true "HTTP/1.1 200 OK"
2026-03-01 20:25:48,251 - INFO - HTTP Request: PUT http://localhost:6333/collections/trading_results/points?wait=true "HTTP/1.1 200 OK"
2026-03-01 20:25:48,277 - INFO - HTTP Request: PUT http://localhost:6333/collections/stock_recommendations/points?wait=true "HTTP/1.1 200 OK"
2026-03-01 20:25:48,302 - INFO - HTTP Request: PUT http://localhost:6333/collections/daily_trade_strategies/points?wait=true "HTTP/1.1 200 OK"
2026-03-01 20:25:48,309 - INFO - HTTP Request: PUT http://localhost:6333/collections/trading_results/points?wait=true "HTTP/1.1 200 OK"
2026-03-01 20:25:48,340 - INFO - HTTP Request: PUT http://localhost:6333/collections/stock_recommendations/points?wait=true "HTTP/1.1 200 OK"
2026-03-01 20:25:48,386 - INFO - HTTP Request: PUT http://localhost:6333/collections/daily_trade_strategies/points?wait=true "HTTP/1.1 200 OK"
2026-03-01 20:25:48,391 - INFO - HTTP Request: PUT http://localhost:6333/collections/trading_results/points?wait=true "HTTP/1.1 200 OK"
2026-03-01 20:25:48,398 - INFO - HTTP Request: PUT http://localhost:6333/collections/stock_recommendations/points?wait=true "HTTP/1.1 200 OK"
2026-03-01 20:25:48,424 - INFO - HTTP Request: PUT http://localhost:6333/collections/daily_trade_strategies/points?wait=true "HTTP/1.1 200 OK"
2026-03-01 20:25:48,427 - INFO - HTTP Request: PUT http://localhost:6333/collections/trading_results/points?wait=true "HTTP/1.1 200 OK"
2026-03-01 20:25:48,440 - INFO - HTTP Request: PUT http://localhost:6333/collections/stock_recommendations/points?wait=true "HTTP/1.1 200 OK"
2026-03-01 20:25:48,466 - INFO - HTTP Request: PUT http://localhost:6333/collections/daily_trade_strategies/points?wait=true "HTTP/1.1 200 OK"
2026-03-01 20:25:48,469 - INFO - HTTP Request: PUT http://localhost:6333/collections/trading_results/points?wait=true "HTTP/1.1 200 OK"
2026-03-01 20:25:48,476 - INFO - HTTP Request: PUT http://localhost:6333/collections/stock_recommendations/points?wait=true "HTTP/1.1 200 OK"
2026-03-01 20:25:48,511 - INFO - HTTP Request: PUT http://localhost:6333/collections/daily_trade_strategies/points?wait=true "HTTP/1.1 200 OK"
2026-03-01 20:25:48,527 - INFO - HTTP Request: PUT http://localhost:6333/collections/trading_results/points?wait=true "HTTP/1.1 200 OK"
2026-03-01 20:25:48,535 - INFO - HTTP Request: PUT http://localhost:6333/collections/stock_recommendations/points?wait=true "HTTP/1.1 200 OK"
2026-03-01 20:25:48,571 - INFO - HTTP Request: PUT http://localhost:6333/collections/daily_trade_strategies/points?wait=true "HTTP/1.1 200 OK"
2026-03-01 20:25:48,575 - INFO - HTTP Request: PUT http://localhost:6333/collections/trading_results/points?wait=true "HTTP/1.1 200 OK"
2026-03-01 20:25:48,585 - INFO - HTTP Request: PUT http://localhost:6333/collections/stock_recommendations/points?wait=true "HTTP/1.1 200 OK"
2026-03-01 20:25:48,621 - INFO - HTTP Request: PUT http://localhost:6333/collections/daily_trade_strategies/points?wait=true "HTTP/1.1 200 OK"
2026-03-01 20:25:48,627 - INFO - HTTP Request: PUT http://localhost:6333/collections/trading_results/points?wait=true "HTTP/1.1 200 OK"
2026-03-01 20:25:48,638 - INFO - HTTP Request: PUT http://localhost:6333/collections/stock_recommendations/points?wait=true "HTTP/1.1 200 OK"
2026-03-01 20:25:48,665 - INFO - HTTP Request: PUT http://localhost:6333/collections/daily_trade_strategies/points?wait=true "HTTP/1.1 200 OK"
2026-03-01 20:25:48,668 - INFO - HTTP Request: PUT http://localhost:6333/collections/trading_results/points?wait=true "HTTP/1.1 200 OK"
2026-03-01 20:25:48,700 - INFO - HTTP Request: PUT http://localhost:6333/collections/stock_recommendations/points?wait=true "HTTP/1.1 200 OK"
2026-03-01 20:25:48,746 - INFO - HTTP Request: PUT http://localhost:6333/collections/daily_trade_strategies/points?wait=true "HTTP/1.1 200 OK"
2026-03-01 20:25:48,751 - INFO - HTTP Request: PUT http://localhost:6333/collections/trading_results/points?wait=true "HTTP/1.1 200 OK"
2026-03-01 20:25:48,759 - INFO - HTTP Request: PUT http://localhost:6333/collections/stock_recommendations/points?wait=true "HTTP/1.1 200 OK"
2026-03-01 20:25:48,784 - INFO - HTTP Request: PUT http://localhost:6333/collections/daily_trade_strategies/points?wait=true "HTTP/1.1 200 OK"
2026-03-01 20:25:48,788 - INFO - HTTP Request: PUT http://localhost:6333/collections/trading_results/points?wait=true "HTTP/1.1 200 OK"
2026-03-01 20:25:48,795 - INFO - HTTP Request: PUT http://localhost:6333/collections/stock_recommendations/points?wait=true "HTTP/1.1 200 OK"
2026-03-01 20:25:48,825 - INFO - HTTP Request: PUT http://localhost:6333/collections/daily_trade_strategies/points?wait=true "HTTP/1.1 200 OK"
2026-03-01 20:25:48,830 - INFO - HTTP Request: PUT http://localhost:6333/collections/trading_results/points?wait=true "HTTP/1.1 200 OK"
2026-03-01 20:25:48,838 - INFO - HTTP Request: PUT http://localhost:6333/collections/stock_recommendations/points?wait=true "HTTP/1.1 200 OK"
2026-03-01 20:25:48,863 - INFO - HTTP Request: PUT http://localhost:6333/collections/daily_trade_strategies/points?wait=true "HTTP/1.1 200 OK"
2026-03-01 20:25:48,866 - INFO - HTTP Request: PUT http://localhost:6333/collections/trading_results/points?wait=true "HTTP/1.1 200 OK"
2026-03-01 20:25:48,874 - INFO - HTTP Request: PUT http://localhost:6333/collections/stock_recommendations/points?wait=true "HTTP/1.1 200 OK"
2026-03-01 20:25:48,917 - INFO - HTTP Request: PUT http://localhost:6333/collections/daily_trade_strategies/points?wait=true "HTTP/1.1 200 OK"
2026-03-01 20:25:48,922 - INFO - HTTP Request: PUT http://localhost:6333/collections/trading_results/points?wait=true "HTTP/1.1 200 OK"
2026-03-01 20:25:48,934 - INFO - HTTP Request: PUT http://localhost:6333/collections/stock_recommendations/points?wait=true "HTTP/1.1 200 OK"
2026-03-01 20:25:48,960 - INFO - HTTP Request: PUT http://localhost:6333/collections/daily_trade_strategies/points?wait=true "HTTP/1.1 200 OK"
2026-03-01 20:25:48,966 - INFO - HTTP Request: PUT http://localhost:6333/collections/trading_results/points?wait=true "HTTP/1.1 200 OK"
2026-03-01 20:25:48,996 - INFO - HTTP Request: PUT http://localhost:6333/collections/stock_recommendations/points?wait=true "HTTP/1.1 200 OK"
2026-03-01 20:25:49,021 - INFO - HTTP Request: PUT http://localhost:6333/collections/daily_trade_strategies/points?wait=true "HTTP/1.1 200 OK"
2026-03-01 20:25:49,042 - INFO - HTTP Request: PUT http://localhost:6333/collections/trading_results/points?wait=true "HTTP/1.1 200 OK"
2026-03-01 20:25:49,074 - INFO - HTTP Request: PUT http://localhost:6333/collections/stock_recommendations/points?wait=true "HTTP/1.1 200 OK"
2026-03-01 20:25:49,099 - INFO - HTTP Request: PUT http://localhost:6333/collections/daily_trade_strategies/points?wait=true "HTTP/1.1 200 OK"
2026-03-01 20:25:49,104 - INFO - HTTP Request: PUT http://localhost:6333/collections/trading_results/points?wait=true "HTTP/1.1 200 OK"
2026-03-01 20:25:49,112 - INFO - HTTP Request: PUT http://localhost:6333/collections/stock_recommendations/points?wait=true "HTTP/1.1 200 OK"
2026-03-01 20:25:49,136 - INFO - HTTP Request: PUT http://localhost:6333/collections/daily_trade_strategies/points?wait=true "HTTP/1.1 200 OK"
2026-03-01 20:25:49,140 - INFO - HTTP Request: PUT http://localhost:6333/collections/trading_results/points?wait=true "HTTP/1.1 200 OK"
2026-03-01 20:25:49,147 - INFO - HTTP Request: PUT http://localhost:6333/collections/stock_recommendations/points?wait=true "HTTP/1.1 200 OK"
2026-03-01 20:25:49,172 - INFO - HTTP Request: PUT http://localhost:6333/collections/daily_trade_strategies/points?wait=true "HTTP/1.1 200 OK"
2026-03-01 20:25:49,175 - INFO - HTTP Request: PUT http://localhost:6333/collections/trading_results/points?wait=true "HTTP/1.1 200 OK"
2026-03-01 20:25:49,186 - INFO - HTTP Request: PUT http://localhost:6333/collections/stock_recommendations/points?wait=true "HTTP/1.1 200 OK"
2026-03-01 20:25:49,210 - INFO - HTTP Request: PUT http://localhost:6333/collections/daily_trade_strategies/points?wait=true "HTTP/1.1 200 OK"
2026-03-01 20:25:49,215 - INFO - HTTP Request: PUT http://localhost:6333/collections/trading_results/points?wait=true "HTTP/1.1 200 OK"
2026-03-01 20:25:49,220 - INFO - HTTP Request: PUT http://localhost:6333/collections/stock_recommendations/points?wait=true "HTTP/1.1 200 OK"
2026-03-01 20:25:49,244 - INFO - HTTP Request: PUT http://localhost:6333/collections/daily_trade_strategies/points?wait=true "HTTP/1.1 200 OK"
2026-03-01 20:25:49,247 - INFO - HTTP Request: PUT http://localhost:6333/collections/trading_results/points?wait=true "HTTP/1.1 200 OK"
2026-03-01 20:25:49,256 - INFO - HTTP Request: PUT http://localhost:6333/collections/stock_recommendations/points?wait=true "HTTP/1.1 200 OK"
2026-03-01 20:25:49,280 - INFO - HTTP Request: PUT http://localhost:6333/collections/daily_trade_strategies/points?wait=true "HTTP/1.1 200 OK"
2026-03-01 20:25:49,283 - INFO - HTTP Request: PUT http://localhost:6333/collections/trading_results/points?wait=true "HTTP/1.1 200 OK"
2026-03-01 20:25:49,307 - INFO - HTTP Request: PUT http://localhost:6333/collections/stock_recommendations/points?wait=true "HTTP/1.1 200 OK"
2026-03-01 20:25:49,333 - INFO - HTTP Request: PUT http://localhost:6333/collections/daily_trade_strategies/points?wait=true "HTTP/1.1 200 OK"
2026-03-01 20:25:49,353 - INFO - HTTP Request: PUT http://localhost:6333/collections/trading_results/points?wait=true "HTTP/1.1 200 OK"
2026-03-01 20:25:49,385 - INFO - HTTP Request: PUT http://localhost:6333/collections/stock_recommendations/points?wait=true "HTTP/1.1 200 OK"
2026-03-01 20:25:49,430 - INFO - HTTP Request: PUT http://localhost:6333/collections/daily_trade_strategies/points?wait=true "HTTP/1.1 200 OK"
2026-03-01 20:25:49,435 - INFO - HTTP Request: PUT http://localhost:6333/collections/trading_results/points?wait=true "HTTP/1.1 200 OK"
2026-03-01 20:25:49,461 - INFO - HTTP Request: PUT http://localhost:6333/collections/stock_recommendations/points?wait=true "HTTP/1.1 200 OK"
2026-03-01 20:25:49,510 - INFO - HTTP Request: PUT http://localhost:6333/collections/daily_trade_strategies/points?wait=true "HTTP/1.1 200 OK"
2026-03-01 20:25:49,514 - INFO - HTTP Request: PUT http://localhost:6333/collections/trading_results/points?wait=true "HTTP/1.1 200 OK"
2026-03-01 20:25:49,522 - INFO - HTTP Request: PUT http://localhost:6333/collections/stock_recommendations/points?wait=true "HTTP/1.1 200 OK"
2026-03-01 20:25:49,556 - INFO - HTTP Request: PUT http://localhost:6333/collections/daily_trade_strategies/points?wait=true "HTTP/1.1 200 OK"
2026-03-01 20:25:49,561 - INFO - HTTP Request: PUT http://localhost:6333/collections/trading_results/points?wait=true "HTTP/1.1 200 OK"
2026-03-01 20:25:49,588 - INFO - HTTP Request: PUT http://localhost:6333/collections/stock_recommendations/points?wait=true "HTTP/1.1 200 OK"
2026-03-01 20:25:49,638 - INFO - HTTP Request: PUT http://localhost:6333/collections/daily_trade_strategies/points?wait=true "HTTP/1.1 200 OK"
2026-03-01 20:25:49,641 - INFO - HTTP Request: PUT http://localhost:6333/collections/trading_results/points?wait=true "HTTP/1.1 200 OK"
2026-03-01 20:25:49,666 - INFO - HTTP Request: PUT http://localhost:6333/collections/stock_recommendations/points?wait=true "HTTP/1.1 200 OK"
2026-03-01 20:25:49,690 - INFO - HTTP Request: PUT http://localhost:6333/collections/daily_trade_strategies/points?wait=true "HTTP/1.1 200 OK"
2026-03-01 20:25:49,694 - INFO - HTTP Request: PUT http://localhost:6333/collections/trading_results/points?wait=true "HTTP/1.1 200 OK"
2026-03-01 20:25:49,713 - INFO - HTTP Request: PUT http://localhost:6333/collections/stock_recommendations/points?wait=true "HTTP/1.1 200 OK"
2026-03-01 20:25:49,738 - INFO - HTTP Request: PUT http://localhost:6333/collections/daily_trade_strategies/points?wait=true "HTTP/1.1 200 OK"
2026-03-01 20:25:49,741 - INFO - HTTP Request: PUT http://localhost:6333/collections/trading_results/points?wait=true "HTTP/1.1 200 OK"
2026-03-01 20:25:49,760 - INFO - HTTP Request: PUT http://localhost:6333/collections/stock_recommendations/points?wait=true "HTTP/1.1 200 OK"
2026-03-01 20:25:49,806 - INFO - HTTP Request: PUT http://localhost:6333/collections/daily_trade_strategies/points?wait=true "HTTP/1.1 200 OK"
2026-03-01 20:25:49,811 - INFO - HTTP Request: PUT http://localhost:6333/collections/trading_results/points?wait=true "HTTP/1.1 200 OK"
2026-03-01 20:25:49,821 - INFO - HTTP Request: PUT http://localhost:6333/collections/stock_recommendations/points?wait=true "HTTP/1.1 200 OK"
2026-03-01 20:25:49,847 - INFO - HTTP Request: PUT http://localhost:6333/collections/daily_trade_strategies/points?wait=true "HTTP/1.1 200 OK"
2026-03-01 20:25:49,849 - INFO - HTTP Request: PUT http://localhost:6333/collections/trading_results/points?wait=true "HTTP/1.1 200 OK"
2026-03-01 20:25:49,871 - INFO - HTTP Request: PUT http://localhost:6333/collections/stock_recommendations/points?wait=true "HTTP/1.1 200 OK"
2026-03-01 20:25:49,896 - INFO - HTTP Request: PUT http://localhost:6333/collections/daily_trade_strategies/points?wait=true "HTTP/1.1 200 OK"
2026-03-01 20:25:49,900 - INFO - HTTP Request: PUT http://localhost:6333/collections/trading_results/points?wait=true "HTTP/1.1 200 OK"
2026-03-01 20:25:49,908 - INFO - HTTP Request: PUT http://localhost:6333/collections/stock_recommendations/points?wait=true "HTTP/1.1 200 OK"
2026-03-01 20:25:49,934 - INFO - HTTP Request: PUT http://localhost:6333/collections/daily_trade_strategies/points?wait=true "HTTP/1.1 200 OK"
2026-03-01 20:25:49,938 - INFO - HTTP Request: PUT http://localhost:6333/collections/trading_results/points?wait=true "HTTP/1.1 200 OK"
2026-03-01 20:25:49,964 - INFO - HTTP Request: PUT http://localhost:6333/collections/stock_recommendations/points?wait=true "HTTP/1.1 200 OK"
2026-03-01 20:25:49,990 - INFO - HTTP Request: PUT http://localhost:6333/collections/daily_trade_strategies/points?wait=true "HTTP/1.1 200 OK"
2026-03-01 20:25:49,994 - INFO - HTTP Request: PUT http://localhost:6333/collections/trading_results/points?wait=true "HTTP/1.1 200 OK"
2026-03-01 20:25:50,002 - INFO - HTTP Request: PUT http://localhost:6333/collections/stock_recommendations/points?wait=true "HTTP/1.1 200 OK"
2026-03-01 20:25:50,030 - INFO - HTTP Request: PUT http://localhost:6333/collections/daily_trade_strategies/points?wait=true "HTTP/1.1 200 OK"
2026-03-01 20:25:50,033 - INFO - HTTP Request: PUT http://localhost:6333/collections/trading_results/points?wait=true "HTTP/1.1 200 OK"
2026-03-01 20:25:50,040 - INFO - HTTP Request: PUT http://localhost:6333/collections/stock_recommendations/points?wait=true "HTTP/1.1 200 OK"
2026-03-01 20:25:50,088 - INFO - HTTP Request: PUT http://localhost:6333/collections/daily_trade_strategies/points?wait=true "HTTP/1.1 200 OK"
2026-03-01 20:25:50,092 - INFO - HTTP Request: PUT http://localhost:6333/collections/trading_results/points?wait=true "HTTP/1.1 200 OK"
2026-03-01 20:25:50,100 - INFO - HTTP Request: PUT http://localhost:6333/collections/stock_recommendations/points?wait=true "HTTP/1.1 200 OK"
2026-03-01 20:25:50,125 - INFO - HTTP Request: PUT http://localhost:6333/collections/daily_trade_strategies/points?wait=true "HTTP/1.1 200 OK"
2026-03-01 20:25:50,128 - INFO - HTTP Request: PUT http://localhost:6333/collections/trading_results/points?wait=true "HTTP/1.1 200 OK"
2026-03-01 20:25:50,136 - INFO - HTTP Request: PUT http://localhost:6333/collections/stock_recommendations/points?wait=true "HTTP/1.1 200 OK"
2026-03-01 20:25:50,184 - INFO - HTTP Request: PUT http://localhost:6333/collections/daily_trade_strategies/points?wait=true "HTTP/1.1 200 OK"
2026-03-01 20:25:50,188 - INFO - HTTP Request: PUT http://localhost:6333/collections/trading_results/points?wait=true "HTTP/1.1 200 OK"
2026-03-01 20:25:50,195 - INFO - HTTP Request: PUT http://localhost:6333/collections/stock_recommendations/points?wait=true "HTTP/1.1 200 OK"
2026-03-01 20:25:50,219 - INFO - HTTP Request: PUT http://localhost:6333/collections/daily_trade_strategies/points?wait=true "HTTP/1.1 200 OK"
2026-03-01 20:25:50,222 - INFO - HTTP Request: PUT http://localhost:6333/collections/trading_results/points?wait=true "HTTP/1.1 200 OK"
2026-03-01 20:25:50,229 - INFO - HTTP Request: PUT http://localhost:6333/collections/stock_recommendations/points?wait=true "HTTP/1.1 200 OK"
2026-03-01 20:25:50,255 - INFO - HTTP Request: PUT http://localhost:6333/collections/daily_trade_strategies/points?wait=true "HTTP/1.1 200 OK"
2026-03-01 20:25:50,260 - INFO - HTTP Request: PUT http://localhost:6333/collections/trading_results/points?wait=true "HTTP/1.1 200 OK"
2026-03-01 20:25:50,267 - INFO - HTTP Request: PUT http://localhost:6333/collections/stock_recommendations/points?wait=true "HTTP/1.1 200 OK"
2026-03-01 20:25:50,291 - INFO - HTTP Request: PUT http://localhost:6333/collections/daily_trade_strategies/points?wait=true "HTTP/1.1 200 OK"
2026-03-01 20:25:50,294 - INFO - HTTP Request: PUT http://localhost:6333/collections/trading_results/points?wait=true "HTTP/1.1 200 OK"
2026-03-01 20:25:50,301 - INFO - HTTP Request: PUT http://localhost:6333/collections/stock_recommendations/points?wait=true "HTTP/1.1 200 OK"
2026-03-01 20:25:50,325 - INFO - HTTP Request: PUT http://localhost:6333/collections/daily_trade_strategies/points?wait=true "HTTP/1.1 200 OK"
2026-03-01 20:25:50,328 - INFO - HTTP Request: PUT http://localhost:6333/collections/trading_results/points?wait=true "HTTP/1.1 200 OK"
2026-03-01 20:25:50,335 - INFO - HTTP Request: PUT http://localhost:6333/collections/stock_recommendations/points?wait=true "HTTP/1.1 200 OK"
2026-03-01 20:25:50,359 - INFO - HTTP Request: PUT http://localhost:6333/collections/daily_trade_strategies/points?wait=true "HTTP/1.1 200 OK"
2026-03-01 20:25:50,362 - INFO - HTTP Request: PUT http://localhost:6333/collections/trading_results/points?wait=true "HTTP/1.1 200 OK"
2026-03-01 20:25:50,369 - INFO - HTTP Request: PUT http://localhost:6333/collections/stock_recommendations/points?wait=true "HTTP/1.1 200 OK"
2026-03-01 20:25:50,394 - INFO - HTTP Request: PUT http://localhost:6333/collections/daily_trade_strategies/points?wait=true "HTTP/1.1 200 OK"
2026-03-01 20:25:50,399 - INFO - HTTP Request: PUT http://localhost:6333/collections/trading_results/points?wait=true "HTTP/1.1 200 OK"
2026-03-01 20:25:50,419 - INFO - HTTP Request: PUT http://localhost:6333/collections/stock_recommendations/points?wait=true "HTTP/1.1 200 OK"
2026-03-01 20:25:50,454 - INFO - HTTP Request: PUT http://localhost:6333/collections/daily_trade_strategies/points?wait=true "HTTP/1.1 200 OK"
2026-03-01 20:25:50,481 - INFO - HTTP Request: PUT http://localhost:6333/collections/trading_results/points?wait=true "HTTP/1.1 200 OK"
2026-03-01 20:25:50,512 - INFO - HTTP Request: PUT http://localhost:6333/collections/stock_recommendations/points?wait=true "HTTP/1.1 200 OK"
2026-03-01 20:25:50,562 - INFO - HTTP Request: PUT http://localhost:6333/collections/daily_trade_strategies/points?wait=true "HTTP/1.1 200 OK"
2026-03-01 20:25:50,566 - INFO - HTTP Request: PUT http://localhost:6333/collections/trading_results/points?wait=true "HTTP/1.1 200 OK"
2026-03-01 20:25:50,575 - INFO - HTTP Request: PUT http://localhost:6333/collections/stock_recommendations/points?wait=true "HTTP/1.1 200 OK"
2026-03-01 20:25:50,602 - INFO - HTTP Request: PUT http://localhost:6333/collections/daily_trade_strategies/points?wait=true "HTTP/1.1 200 OK"
2026-03-01 20:25:50,606 - INFO - HTTP Request: PUT http://localhost:6333/collections/trading_results/points?wait=true "HTTP/1.1 200 OK"
2026-03-01 20:25:50,613 - INFO - HTTP Request: PUT http://localhost:6333/collections/stock_recommendations/points?wait=true "HTTP/1.1 200 OK"
2026-03-01 20:25:50,639 - INFO - HTTP Request: PUT http://localhost:6333/collections/daily_trade_strategies/points?wait=true "HTTP/1.1 200 OK"
2026-03-01 20:25:50,643 - INFO - HTTP Request: PUT http://localhost:6333/collections/trading_results/points?wait=true "HTTP/1.1 200 OK"
2026-03-01 20:25:50,668 - INFO - HTTP Request: PUT http://localhost:6333/collections/stock_recommendations/points?wait=true "HTTP/1.1 200 OK"
2026-03-01 20:25:50,715 - INFO - HTTP Request: PUT http://localhost:6333/collections/daily_trade_strategies/points?wait=true "HTTP/1.1 200 OK"
2026-03-01 20:25:50,720 - INFO - HTTP Request: PUT http://localhost:6333/collections/trading_results/points?wait=true "HTTP/1.1 200 OK"
2026-03-01 20:25:50,748 - INFO - HTTP Request: PUT http://localhost:6333/collections/stock_recommendations/points?wait=true "HTTP/1.1 200 OK"
2026-03-01 20:25:50,773 - INFO - HTTP Request: PUT http://localhost:6333/collections/daily_trade_strategies/points?wait=true "HTTP/1.1 200 OK"
2026-03-01 20:25:50,779 - INFO - HTTP Request: PUT http://localhost:6333/collections/trading_results/points?wait=true "HTTP/1.1 200 OK"
2026-03-01 20:25:50,787 - INFO - HTTP Request: PUT http://localhost:6333/collections/stock_recommendations/points?wait=true "HTTP/1.1 200 OK"
2026-03-01 20:25:50,812 - INFO - HTTP Request: PUT http://localhost:6333/collections/daily_trade_strategies/points?wait=true "HTTP/1.1 200 OK"
2026-03-01 20:25:50,815 - INFO - HTTP Request: PUT http://localhost:6333/collections/trading_results/points?wait=true "HTTP/1.1 200 OK"
2026-03-01 20:25:50,823 - INFO - HTTP Request: PUT http://localhost:6333/collections/stock_recommendations/points?wait=true "HTTP/1.1 200 OK"
2026-03-01 20:25:50,850 - INFO - HTTP Request: PUT http://localhost:6333/collections/daily_trade_strategies/points?wait=true "HTTP/1.1 200 OK"
2026-03-01 20:25:50,854 - INFO - HTTP Request: PUT http://localhost:6333/collections/trading_results/points?wait=true "HTTP/1.1 200 OK"
2026-03-01 20:25:50,862 - INFO - HTTP Request: PUT http://localhost:6333/collections/stock_recommendations/points?wait=true "HTTP/1.1 200 OK"
2026-03-01 20:25:50,900 - INFO - HTTP Request: PUT http://localhost:6333/collections/daily_trade_strategies/points?wait=true "HTTP/1.1 200 OK"
2026-03-01 20:25:50,905 - INFO - HTTP Request: PUT http://localhost:6333/collections/trading_results/points?wait=true "HTTP/1.1 200 OK"
2026-03-01 20:25:50,912 - INFO - HTTP Request: PUT http://localhost:6333/collections/stock_recommendations/points?wait=true "HTTP/1.1 200 OK"
2026-03-01 20:25:50,938 - INFO - HTTP Request: PUT http://localhost:6333/collections/daily_trade_strategies/points?wait=true "HTTP/1.1 200 OK"
2026-03-01 20:25:50,942 - INFO - HTTP Request: PUT http://localhost:6333/collections/trading_results/points?wait=true "HTTP/1.1 200 OK"
2026-03-01 20:25:50,950 - INFO - HTTP Request: PUT http://localhost:6333/collections/stock_recommendations/points?wait=true "HTTP/1.1 200 OK"
2026-03-01 20:25:50,994 - INFO - HTTP Request: PUT http://localhost:6333/collections/daily_trade_strategies/points?wait=true "HTTP/1.1 200 OK"
2026-03-01 20:25:50,998 - INFO - HTTP Request: PUT http://localhost:6333/collections/trading_results/points?wait=true "HTTP/1.1 200 OK"
2026-03-01 20:25:51,023 - INFO - HTTP Request: PUT http://localhost:6333/collections/stock_recommendations/points?wait=true "HTTP/1.1 200 OK"
2026-03-01 20:25:51,050 - INFO - HTTP Request: PUT http://localhost:6333/collections/daily_trade_strategies/points?wait=true "HTTP/1.1 200 OK"
2026-03-01 20:25:51,054 - INFO - HTTP Request: PUT http://localhost:6333/collections/trading_results/points?wait=true "HTTP/1.1 200 OK"
2026-03-01 20:25:51,072 - INFO - HTTP Request: PUT http://localhost:6333/collections/stock_recommendations/points?wait=true "HTTP/1.1 200 OK"
2026-03-01 20:25:51,098 - INFO - HTTP Request: PUT http://localhost:6333/collections/daily_trade_strategies/points?wait=true "HTTP/1.1 200 OK"
2026-03-01 20:25:51,103 - INFO - HTTP Request: PUT http://localhost:6333/collections/trading_results/points?wait=true "HTTP/1.1 200 OK"
2026-03-01 20:25:51,109 - INFO - HTTP Request: PUT http://localhost:6333/collections/stock_recommendations/points?wait=true "HTTP/1.1 200 OK"
2026-03-01 20:25:51,135 - INFO - HTTP Request: PUT http://localhost:6333/collections/daily_trade_strategies/points?wait=true "HTTP/1.1 200 OK"
2026-03-01 20:25:51,139 - INFO - HTTP Request: PUT http://localhost:6333/collections/trading_results/points?wait=true "HTTP/1.1 200 OK"
2026-03-01 20:25:51,146 - INFO - HTTP Request: PUT http://localhost:6333/collections/stock_recommendations/points?wait=true "HTTP/1.1 200 OK"
2026-03-01 20:25:51,171 - INFO - HTTP Request: PUT http://localhost:6333/collections/daily_trade_strategies/points?wait=true "HTTP/1.1 200 OK"
2026-03-01 20:25:51,195 - INFO - HTTP Request: PUT http://localhost:6333/collections/trading_results/points?wait=true "HTTP/1.1 200 OK"
2026-03-01 20:25:51,214 - INFO - HTTP Request: PUT http://localhost:6333/collections/stock_recommendations/points?wait=true "HTTP/1.1 200 OK"
2026-03-01 20:25:51,240 - INFO - HTTP Request: PUT http://localhost:6333/collections/daily_trade_strategies/points?wait=true "HTTP/1.1 200 OK"
2026-03-01 20:25:51,259 - INFO - HTTP Request: PUT http://localhost:6333/collections/trading_results/points?wait=true "HTTP/1.1 200 OK"
2026-03-01 20:25:51,259 - INFO - Uploaded 13708 recommendation points.
2026-03-01 20:25:51,259 - INFO - Uploaded 193 trading result points.
2026-03-01 20:25:51,259 - INFO - Uploaded 193 strategy points.
2026-03-01 20:25:51,263 - INFO - HTTP Request: PUT http://localhost:6333/collections/performance_metrics/points?wait=true "HTTP/1.1 200 OK"
2026-03-01 20:25:51,263 - INFO - Uploaded performance snapshot.
2026-03-01 20:25:51,265 - INFO - Progress updated: 193 days | last: 2026-02-26
2026-03-01 20:25:51,265 - INFO - ============================================================
2026-03-01 20:25:51,265 - INFO - DONE — 2026 paper trading complete
2026-03-01 20:25:51,265 - INFO -   2026 predictions : C:\Users\luixj\AI\stock-data\data\processed\phase4\predictions_2026.parquet
2026-03-01 20:25:51,265 - INFO -   Combined preds   : C:\Users\luixj\AI\stock-data\data\processed\phase4\predictions_combined.parquet
2026-03-01 20:25:51,265 - INFO -   Daily results    : C:\Users\luixj\AI\stock-data\data\processed\phase4\phase4_paper_trading_daily.parquet
2026-03-01 20:25:51,265 - INFO -   Summary          : C:\Users\luixj\AI\stock-data\data\processed\phase4\phase4_paper_trading_summary.json
2026-03-01 20:25:51,265 - INFO - ============================================================
2026-03-01 20:26:05,618 - INFO - Starting automated daily paper trading...
2026-03-01 20:26:05,740 - INFO - Docker Desktop is running, daemon is ready
2026-03-01 20:26:05,746 - INFO - Qdrant is already running
2026-03-01 20:26:06,126 - INFO - HTTP Request: GET http://localhost:6333 "HTTP/1.1 200 OK"
2026-03-01 20:26:06,132 - INFO - Setting up Qdrant collections...
2026-03-01 20:26:06,135 - INFO - HTTP Request: GET http://localhost:6333/collections/stock_recommendations "HTTP/1.1 200 OK"
2026-03-01 20:26:06,136 - INFO - Collection 'stock_recommendations' already exists
2026-03-01 20:26:06,138 - INFO - HTTP Request: GET http://localhost:6333/collections/trading_results "HTTP/1.1 200 OK"
2026-03-01 20:26:06,139 - INFO - Collection 'trading_results' already exists
2026-03-01 20:26:06,143 - INFO - HTTP Request: GET http://localhost:6333/collections/performance_metrics "HTTP/1.1 200 OK"
2026-03-01 20:26:06,143 - INFO - Collection 'performance_metrics' already exists
2026-03-01 20:26:06,143 - INFO - ============================================================
2026-03-01 20:26:06,143 - INFO - AUTOMATED DAILY PAPER TRADING
2026-03-01 20:26:06,144 - INFO - ============================================================
2026-03-01 20:26:06,144 - INFO - Calendar Date: 2026-03-01
2026-03-01 20:26:06,144 - INFO - Predictions source: data\processed\phase4\predictions_combined.parquet
2026-03-01 20:26:06,212 - INFO - No new historical dates available. Last processed: 2026-02-26 | Tradable range: 2025-04-01 to 2026-02-26
2026-03-01 20:26:06,212 - WARNING - Predictions look stale. Refresh with:
2026-03-01 20:26:06,212 - WARNING -   python scripts/paper_trading/run_2026_paper_trading.py --sim-start 2026-02-27 --sim-end auto
2026-03-01 20:26:06,234 - WARNING - Predictions are stale (max tradable 2026-02-26, expected >= 2026-02-28). Auto-refreshing...
2026-03-01 20:26:06,234 - INFO - Refresh command: C:\Users\luixj\AI\stock-data\venv\Scripts\python.exe scripts/paper_trading/run_2026_paper_trading.py --sim-start 2026-02-27 --sim-end auto
2026-03-01 20:26:08,502 - INFO - ============================================================
2026-03-01 20:26:08,502 - INFO - 2026 PAPER TRADING — LIVE DATA
2026-03-01 20:26:08,502 - INFO -   2026 sim range : 2026-02-27 -> 2026-02-28
2026-03-01 20:26:08,502 - INFO -   Full range     : 2025-04-01 -> 2026-02-28
2026-03-01 20:26:08,502 - INFO -   YF download    : 2025-09-01 -> 2026-03-02
2026-03-01 20:26:08,502 - INFO -   Device         : cuda
2026-03-01 20:26:08,502 - INFO - ============================================================
2026-03-01 20:26:08,502 - INFO - Loading ticker universe from phase1_predictions.parquet
2026-03-01 20:26:08,547 - INFO - Ticker universe: 189 stocks
2026-03-01 20:26:08,555 - INFO - OHLCV cache is stale (max date 2026-02-27 < SIM_END 2026-02-28) — re-downloading
2026-03-01 20:26:08,555 - INFO - ============================================================
2026-03-01 20:26:08,555 - INFO - STEP 1: Downloading OHLCV data
2026-03-01 20:26:08,555 - INFO -   Range  : 2025-09-01 -> 2026-03-02
2026-03-01 20:26:08,555 - INFO -   Tickers: 189
2026-03-01 20:26:08,555 - INFO - ============================================================
2026-03-01 20:26:12,171 - INFO -   Progress: 20/189 tickers downloaded
2026-03-01 20:26:15,220 - INFO -   Progress: 40/189 tickers downloaded
2026-03-01 20:26:18,715 - INFO -   Progress: 60/189 tickers downloaded
2026-03-01 20:26:22,046 - INFO -   Progress: 80/189 tickers downloaded
2026-03-01 20:26:25,672 - INFO -   Progress: 100/189 tickers downloaded
2026-03-01 20:26:29,562 - INFO -   Progress: 120/189 tickers downloaded
2026-03-01 20:26:33,021 - INFO -   Progress: 140/189 tickers downloaded
2026-03-01 20:26:36,506 - INFO -   Progress: 160/189 tickers downloaded
2026-03-01 20:26:40,289 - INFO -   Progress: 180/189 tickers downloaded
2026-03-01 20:26:42,263 - INFO - Downloaded 23436 rows | 189 tickers | 2025-09-02 -> 2026-02-27
2026-03-01 20:26:42,273 - INFO - OHLCV data cached to C:\Users\luixj\AI\stock-data\data\processed\phase4\ohlcv_2026_cache.parquet
2026-03-01 20:26:42,275 - INFO - ============================================================
2026-03-01 20:26:42,275 - INFO - STEP 2: Computing 14 core features
2026-03-01 20:26:42,275 - INFO - ============================================================
2026-03-01 20:26:42,282 - INFO - Calculating 14 core features (leakage-safe)...
2026-03-01 20:26:42,491 - INFO - Core features calculated:
2026-03-01 20:26:42,491 - INFO -   Returns: ret_1d, ret_5d, ret_20d
2026-03-01 20:26:42,491 - INFO -   Volatility: vol_10d, vol_20d
2026-03-01 20:26:42,491 - INFO -   Price: hl_range, oc_gap
2026-03-01 20:26:42,491 - INFO -   Trend: sma_10_dist, sma_20_dist
2026-03-01 20:26:42,491 - INFO -   Volume: log_volume, volume_change
2026-03-01 20:26:42,491 - INFO -   Market: market_return, vs_market, market_correlation
2026-03-01 20:26:42,491 - INFO -   Total: 14 features
2026-03-01 20:26:42,492 - INFO - Features: 23436 rows, 189 tickers
2026-03-01 20:26:42,492 - INFO - ============================================================
2026-03-01 20:26:42,492 - INFO - STEP 3: Loading model from C:\Users\luixj\AI\stock-data\models\checkpoints\lstm_phase2a_temp0.05_best.pth
2026-03-01 20:26:42,492 - INFO - ============================================================
2026-03-01 20:26:42,585 - INFO - Model loaded (strict=True)
2026-03-01 20:26:42,600 - INFO - Model ready on cuda
2026-03-01 20:26:42,600 - INFO - ============================================================
2026-03-01 20:26:42,600 - INFO - STEP 4: Generating predictions 2026-02-27 -> 2026-02-28
2026-03-01 20:26:42,600 - INFO - ============================================================
2026-03-01 20:26:42,605 - INFO - Trading days in simulation range: 1
2026-03-01 20:26:43,198 - INFO -   2026-02-27: 189 predictions generated
2026-03-01 20:26:43,199 - INFO - Dropping 1 non-tradable date(s) with missing y_true_reg: 2026-02-27
2026-03-01 20:26:43,199 - INFO - Total: 0 predictions | 0 days | 0 tickers
2026-03-01 20:26:43,202 - INFO - Loaded existing 2026 predictions for merge: 945 rows | 5 dates
2026-03-01 20:26:43,207 - INFO - Saved 2026 predictions: C:\Users\luixj\AI\stock-data\data\processed\phase4\predictions_2026.parquet (945 rows | 5 dates | 2026-02-20 -> 2026-02-26)
2026-03-01 20:26:43,207 - INFO - ============================================================
2026-03-01 20:26:43,207 - INFO - STEP 5: Combining 2025 + 2026 predictions and simulating
2026-03-01 20:26:43,207 - INFO - ============================================================
2026-03-01 20:26:43,346 - INFO - Combined: 36477 rows | 193 dates | 189 tickers
2026-03-01 20:26:43,348 - INFO -   Date range: 2025-04-01 -> 2026-02-26
2026-03-01 20:26:43,348 - INFO -   Saved to: C:\Users\luixj\AI\stock-data\data\processed\phase4\predictions_combined.parquet
2026-03-01 20:26:43,348 - INFO - Running simulation 2025-04-01 -> 2026-02-28 ...
2026-03-01 20:26:43,348 - INFO - Loading predictions from C:\Users\luixj\AI\stock-data\data\processed\phase4\predictions_combined.parquet
2026-03-01 20:26:43,362 - INFO - Running paper trading simulation for 193 days
2026-03-01 20:26:43,363 - INFO - Date range: 2025-04-01 to 2026-02-26
2026-03-01 20:26:43,363 - INFO - 
============================================================
2026-03-01 20:26:43,363 - INFO - Running paper trading for 2025-04-01
2026-03-01 20:26:43,363 - INFO - ============================================================
2026-03-01 20:26:43,364 - INFO - Portfolio construction: 38 longs, 15 shorts (from 38 candidates)
2026-03-01 20:26:43,364 - INFO - PnL Net: 0.0027 | Scaled: 0.0027 | Turnover: 100.00% | Vol Scale: 1.00
2026-03-01 20:26:43,364 - INFO - 
============================================================
2026-03-01 20:26:43,364 - INFO - Running paper trading for 2025-04-02
2026-03-01 20:26:43,364 - INFO - ============================================================
2026-03-01 20:26:43,365 - INFO - Portfolio construction: 38 longs, 38 shorts (from 38 candidates)
2026-03-01 20:26:43,365 - INFO - PnL Net: -0.0234 | Scaled: -0.0234 | Turnover: 16.46% | Vol Scale: 1.00
2026-03-01 20:26:43,365 - INFO - 
============================================================
2026-03-01 20:26:43,365 - INFO - Running paper trading for 2025-04-03
2026-03-01 20:26:43,365 - INFO - ============================================================
2026-03-01 20:26:43,366 - INFO - Portfolio construction: 38 longs, 38 shorts (from 38 candidates)
2026-03-01 20:26:43,366 - INFO - PnL Net: -0.0208 | Scaled: -0.0208 | Turnover: 20.14% | Vol Scale: 1.00
2026-03-01 20:26:43,366 - INFO - 
============================================================
2026-03-01 20:26:43,366 - INFO - Running paper trading for 2025-04-04
2026-03-01 20:26:43,366 - INFO - ============================================================
2026-03-01 20:26:43,367 - INFO - Portfolio construction: 38 longs, 38 shorts (from 38 candidates)
2026-03-01 20:26:43,367 - INFO - PnL Net: -0.0002 | Scaled: -0.0002 | Turnover: 27.43% | Vol Scale: 1.00
2026-03-01 20:26:43,367 - INFO - 
============================================================
2026-03-01 20:26:43,367 - INFO - Running paper trading for 2025-04-07
2026-03-01 20:26:43,367 - INFO - ============================================================
2026-03-01 20:26:43,368 - INFO - Portfolio construction: 38 longs, 38 shorts (from 38 candidates)
2026-03-01 20:26:43,368 - INFO - PnL Net: -0.0028 | Scaled: -0.0028 | Turnover: 21.14% | Vol Scale: 1.00
2026-03-01 20:26:43,369 - INFO - 
============================================================
2026-03-01 20:26:43,369 - INFO - Running paper trading for 2025-04-08
2026-03-01 20:26:43,369 - INFO - ============================================================
2026-03-01 20:26:43,370 - INFO - Portfolio construction: 38 longs, 38 shorts (from 38 candidates)
2026-03-01 20:26:43,370 - INFO - PnL Net: 0.0243 | Scaled: 0.0243 | Turnover: 21.60% | Vol Scale: 1.00
2026-03-01 20:26:43,370 - INFO - 
============================================================
2026-03-01 20:26:43,370 - INFO - Running paper trading for 2025-04-09
2026-03-01 20:26:43,370 - INFO - ============================================================
2026-03-01 20:26:43,371 - INFO - Portfolio construction: 38 longs, 1 shorts (from 38 candidates)
2026-03-01 20:26:43,372 - INFO - PnL Net: -0.0107 | Scaled: -0.0107 | Turnover: 20.86% | Vol Scale: 1.00
2026-03-01 20:26:43,372 - INFO - 
============================================================
2026-03-01 20:26:43,372 - INFO - Running paper trading for 2025-04-10
2026-03-01 20:26:43,372 - INFO - ============================================================
2026-03-01 20:26:43,373 - INFO - Portfolio construction: 38 longs, 38 shorts (from 38 candidates)
2026-03-01 20:26:43,373 - INFO - PnL Net: 0.0049 | Scaled: 0.0049 | Turnover: 22.53% | Vol Scale: 1.00
2026-03-01 20:26:43,373 - INFO - 
============================================================
2026-03-01 20:26:43,373 - INFO - Running paper trading for 2025-04-11
2026-03-01 20:26:43,373 - INFO - ============================================================
2026-03-01 20:26:43,374 - INFO - Portfolio construction: 38 longs, 1 shorts (from 38 candidates)
2026-03-01 20:26:43,374 - INFO - PnL Net: 0.0038 | Scaled: 0.0038 | Turnover: 20.79% | Vol Scale: 1.00
2026-03-01 20:26:43,374 - INFO - 
============================================================
2026-03-01 20:26:43,374 - INFO - Running paper trading for 2025-04-14
2026-03-01 20:26:43,374 - INFO - ============================================================
2026-03-01 20:26:43,375 - INFO - Portfolio construction: 38 longs, 38 shorts (from 38 candidates)
2026-03-01 20:26:43,375 - INFO - Vol targeting: rolling_vol=0.2061, scale=0.5000
2026-03-01 20:26:43,375 - INFO - PnL Net: -0.0018 | Scaled: -0.0009 | Turnover: 21.69% | Vol Scale: 0.50
2026-03-01 20:26:43,375 - INFO - 
============================================================
2026-03-01 20:26:43,375 - INFO - Running paper trading for 2025-04-15
2026-03-01 20:26:43,375 - INFO - ============================================================
2026-03-01 20:26:43,376 - INFO - Portfolio construction: 38 longs, 38 shorts (from 38 candidates)
2026-03-01 20:26:43,377 - INFO - Vol targeting: rolling_vol=0.1968, scale=0.5000
2026-03-01 20:26:43,377 - INFO - PnL Net: -0.0047 | Scaled: -0.0023 | Turnover: 21.09% | Vol Scale: 0.50
2026-03-01 20:26:43,377 - INFO - 
============================================================
2026-03-01 20:26:43,377 - INFO - Running paper trading for 2025-04-16
2026-03-01 20:26:43,377 - INFO - ============================================================
2026-03-01 20:26:43,378 - INFO - Portfolio construction: 38 longs, 38 shorts (from 38 candidates)
2026-03-01 20:26:43,378 - INFO - Vol targeting: rolling_vol=0.1890, scale=0.5000
2026-03-01 20:26:43,378 - INFO - PnL Net: 0.0008 | Scaled: 0.0004 | Turnover: 21.09% | Vol Scale: 0.50
2026-03-01 20:26:43,378 - INFO - 
============================================================
2026-03-01 20:26:43,378 - INFO - Running paper trading for 2025-04-17
2026-03-01 20:26:43,378 - INFO - ============================================================
2026-03-01 20:26:43,379 - INFO - Portfolio construction: 38 longs, 38 shorts (from 38 candidates)
2026-03-01 20:26:43,379 - INFO - Vol targeting: rolling_vol=0.1826, scale=0.5000
2026-03-01 20:26:43,379 - INFO - PnL Net: -0.0068 | Scaled: -0.0034 | Turnover: 18.47% | Vol Scale: 0.50
2026-03-01 20:26:43,379 - INFO - 
============================================================
2026-03-01 20:26:43,379 - INFO - Running paper trading for 2025-04-21
2026-03-01 20:26:43,379 - INFO - ============================================================
2026-03-01 20:26:43,380 - INFO - Portfolio construction: 38 longs, 6 shorts (from 38 candidates)
2026-03-01 20:26:43,380 - INFO - Vol targeting: rolling_vol=0.1822, scale=0.5000
2026-03-01 20:26:43,380 - INFO - PnL Net: 0.0089 | Scaled: 0.0045 | Turnover: 17.46% | Vol Scale: 0.50
2026-03-01 20:26:43,381 - INFO - 
============================================================
2026-03-01 20:26:43,381 - INFO - Running paper trading for 2025-04-22
2026-03-01 20:26:43,381 - INFO - ============================================================
2026-03-01 20:26:43,381 - INFO - Portfolio construction: 38 longs, 38 shorts (from 38 candidates)
2026-03-01 20:26:43,382 - INFO - Vol targeting: rolling_vol=0.1783, scale=0.5000
2026-03-01 20:26:43,382 - INFO - PnL Net: 0.0053 | Scaled: 0.0027 | Turnover: 18.72% | Vol Scale: 0.50
2026-03-01 20:26:43,382 - INFO - 
============================================================
2026-03-01 20:26:43,382 - INFO - Running paper trading for 2025-04-23
2026-03-01 20:26:43,382 - INFO - ============================================================
2026-03-01 20:26:43,383 - INFO - Portfolio construction: 38 longs, 5 shorts (from 38 candidates)
2026-03-01 20:26:43,383 - INFO - Vol targeting: rolling_vol=0.1782, scale=0.5000
2026-03-01 20:26:43,383 - INFO - PnL Net: 0.0102 | Scaled: 0.0051 | Turnover: 20.73% | Vol Scale: 0.50
2026-03-01 20:26:43,383 - INFO - 
============================================================
2026-03-01 20:26:43,383 - INFO - Running paper trading for 2025-04-24
2026-03-01 20:26:43,383 - INFO - ============================================================
2026-03-01 20:26:43,384 - INFO - Portfolio construction: 38 longs, 38 shorts (from 38 candidates)
2026-03-01 20:26:43,384 - INFO - Vol targeting: rolling_vol=0.1730, scale=0.5000
2026-03-01 20:26:43,384 - INFO - PnL Net: 0.0011 | Scaled: 0.0006 | Turnover: 18.37% | Vol Scale: 0.50
2026-03-01 20:26:43,384 - INFO - 
============================================================
2026-03-01 20:26:43,384 - INFO - Running paper trading for 2025-04-25
2026-03-01 20:26:43,384 - INFO - ============================================================
2026-03-01 20:26:43,385 - INFO - Portfolio construction: 38 longs, 38 shorts (from 38 candidates)
2026-03-01 20:26:43,385 - INFO - Vol targeting: rolling_vol=0.1682, scale=0.5000
2026-03-01 20:26:43,385 - INFO - PnL Net: 0.0007 | Scaled: 0.0004 | Turnover: 23.46% | Vol Scale: 0.50
2026-03-01 20:26:43,385 - INFO - 
============================================================
2026-03-01 20:26:43,386 - INFO - Running paper trading for 2025-04-28
2026-03-01 20:26:43,386 - INFO - ============================================================
2026-03-01 20:26:43,386 - INFO - Portfolio construction: 38 longs, 38 shorts (from 38 candidates)
2026-03-01 20:26:43,387 - INFO - Vol targeting: rolling_vol=0.1639, scale=0.5000
2026-03-01 20:26:43,387 - INFO - PnL Net: 0.0018 | Scaled: 0.0009 | Turnover: 19.52% | Vol Scale: 0.50
2026-03-01 20:26:43,387 - INFO - 
============================================================
2026-03-01 20:26:43,387 - INFO - Running paper trading for 2025-04-29
2026-03-01 20:26:43,387 - INFO - ============================================================
2026-03-01 20:26:43,388 - INFO - Portfolio construction: 38 longs, 30 shorts (from 38 candidates)
2026-03-01 20:26:43,388 - INFO - Vol targeting: rolling_vol=0.1599, scale=0.5004
2026-03-01 20:26:43,388 - INFO - PnL Net: 0.0011 | Scaled: 0.0005 | Turnover: 16.79% | Vol Scale: 0.50
2026-03-01 20:26:43,388 - INFO - 
============================================================
2026-03-01 20:26:43,388 - INFO - Running paper trading for 2025-04-30
2026-03-01 20:26:43,388 - INFO - ============================================================
2026-03-01 20:26:43,389 - INFO - Portfolio construction: 38 longs, 38 shorts (from 38 candidates)
2026-03-01 20:26:43,389 - INFO - Vol targeting: rolling_vol=0.1596, scale=0.5012
2026-03-01 20:26:43,389 - INFO - PnL Net: 0.0014 | Scaled: 0.0007 | Turnover: 20.09% | Vol Scale: 0.50
2026-03-01 20:26:43,389 - INFO - 
============================================================
2026-03-01 20:26:43,389 - INFO - Running paper trading for 2025-05-01
2026-03-01 20:26:43,389 - INFO - ============================================================
2026-03-01 20:26:43,390 - INFO - Portfolio construction: 38 longs, 38 shorts (from 38 candidates)
2026-03-01 20:26:43,390 - INFO - Vol targeting: rolling_vol=0.1370, scale=0.5840
2026-03-01 20:26:43,391 - INFO - PnL Net: 0.0062 | Scaled: 0.0036 | Turnover: 17.98% | Vol Scale: 0.58
2026-03-01 20:26:43,391 - INFO - 
============================================================
2026-03-01 20:26:43,391 - INFO - Running paper trading for 2025-05-02
2026-03-01 20:26:43,391 - INFO - ============================================================
2026-03-01 20:26:43,392 - INFO - Portfolio construction: 38 longs, 13 shorts (from 38 candidates)
2026-03-01 20:26:43,392 - INFO - Vol targeting: rolling_vol=0.1119, scale=0.7149
2026-03-01 20:26:43,392 - INFO - PnL Net: -0.0011 | Scaled: -0.0008 | Turnover: 17.52% | Vol Scale: 0.71
2026-03-01 20:26:43,392 - INFO - 
============================================================
2026-03-01 20:26:43,392 - INFO - Running paper trading for 2025-05-05
2026-03-01 20:26:43,392 - INFO - ============================================================
2026-03-01 20:26:43,393 - INFO - Portfolio construction: 38 longs, 2 shorts (from 38 candidates)
2026-03-01 20:26:43,394 - INFO - Vol targeting: rolling_vol=0.1128, scale=0.7091
2026-03-01 20:26:43,394 - INFO - PnL Net: -0.0026 | Scaled: -0.0018 | Turnover: 19.38% | Vol Scale: 0.71
2026-03-01 20:26:43,394 - INFO - 
============================================================
2026-03-01 20:26:43,394 - INFO - Running paper trading for 2025-05-06
2026-03-01 20:26:43,394 - INFO - ============================================================
2026-03-01 20:26:43,395 - INFO - Portfolio construction: 38 longs, 33 shorts (from 38 candidates)
2026-03-01 20:26:43,395 - INFO - Vol targeting: rolling_vol=0.1115, scale=0.7177
2026-03-01 20:26:43,395 - INFO - PnL Net: 0.0026 | Scaled: 0.0019 | Turnover: 19.06% | Vol Scale: 0.72
2026-03-01 20:26:43,395 - INFO - 
============================================================
2026-03-01 20:26:43,395 - INFO - Running paper trading for 2025-05-07
2026-03-01 20:26:43,395 - INFO - ============================================================
2026-03-01 20:26:43,395 - INFO - Portfolio construction: 38 longs, 9 shorts (from 38 candidates)
2026-03-01 20:26:43,396 - INFO - Vol targeting: rolling_vol=0.0781, scale=1.0243
2026-03-01 20:26:43,396 - INFO - PnL Net: 0.0043 | Scaled: 0.0045 | Turnover: 18.97% | Vol Scale: 1.02
2026-03-01 20:26:43,396 - INFO - 
============================================================
2026-03-01 20:26:43,396 - INFO - Running paper trading for 2025-05-08
2026-03-01 20:26:43,396 - INFO - ============================================================
2026-03-01 20:26:43,397 - INFO - Portfolio construction: 38 longs, 10 shorts (from 38 candidates)
2026-03-01 20:26:43,397 - INFO - Vol targeting: rolling_vol=0.0656, scale=1.2200
2026-03-01 20:26:43,398 - INFO - PnL Net: -0.0009 | Scaled: -0.0012 | Turnover: 19.75% | Vol Scale: 1.22
2026-03-01 20:26:43,398 - INFO - 
============================================================
2026-03-01 20:26:43,398 - INFO - Running paper trading for 2025-05-09
2026-03-01 20:26:43,398 - INFO - ============================================================
2026-03-01 20:26:43,399 - INFO - Portfolio construction: 38 longs, 37 shorts (from 38 candidates)
2026-03-01 20:26:43,399 - INFO - Vol targeting: rolling_vol=0.0785, scale=1.0196
2026-03-01 20:26:43,399 - INFO - PnL Net: 0.0145 | Scaled: 0.0148 | Turnover: 18.03% | Vol Scale: 1.02
2026-03-01 20:26:43,399 - INFO - 
============================================================
2026-03-01 20:26:43,399 - INFO - Running paper trading for 2025-05-12
2026-03-01 20:26:43,399 - INFO - ============================================================
2026-03-01 20:26:43,400 - INFO - Portfolio construction: 38 longs, 38 shorts (from 38 candidates)
2026-03-01 20:26:43,400 - INFO - Vol targeting: rolling_vol=0.0804, scale=0.9956
2026-03-01 20:26:43,400 - INFO - PnL Net: 0.0074 | Scaled: 0.0074 | Turnover: 18.12% | Vol Scale: 1.00
2026-03-01 20:26:43,400 - INFO - 
============================================================
2026-03-01 20:26:43,400 - INFO - Running paper trading for 2025-05-13
2026-03-01 20:26:43,400 - INFO - ============================================================
2026-03-01 20:26:43,401 - INFO - Portfolio construction: 38 longs, 38 shorts (from 38 candidates)
2026-03-01 20:26:43,401 - INFO - Vol targeting: rolling_vol=0.0797, scale=1.0044
2026-03-01 20:26:43,401 - INFO - PnL Net: -0.0006 | Scaled: -0.0006 | Turnover: 21.90% | Vol Scale: 1.00
2026-03-01 20:26:43,401 - INFO - 
============================================================
2026-03-01 20:26:43,401 - INFO - Running paper trading for 2025-05-14
2026-03-01 20:26:43,401 - INFO - ============================================================
2026-03-01 20:26:43,403 - INFO - Portfolio construction: 38 longs, 38 shorts (from 38 candidates)
2026-03-01 20:26:43,403 - INFO - Vol targeting: rolling_vol=0.0757, scale=1.0562
2026-03-01 20:26:43,403 - INFO - PnL Net: 0.0052 | Scaled: 0.0055 | Turnover: 20.59% | Vol Scale: 1.06
2026-03-01 20:26:43,403 - INFO - 
============================================================
2026-03-01 20:26:43,403 - INFO - Running paper trading for 2025-05-15
2026-03-01 20:26:43,403 - INFO - ============================================================
2026-03-01 20:26:43,404 - INFO - Portfolio construction: 38 longs, 38 shorts (from 38 candidates)
2026-03-01 20:26:43,404 - INFO - Vol targeting: rolling_vol=0.0754, scale=1.0608
2026-03-01 20:26:43,404 - INFO - PnL Net: 0.0020 | Scaled: 0.0021 | Turnover: 19.63% | Vol Scale: 1.06
2026-03-01 20:26:43,404 - INFO - 
============================================================
2026-03-01 20:26:43,404 - INFO - Running paper trading for 2025-05-16
2026-03-01 20:26:43,404 - INFO - ============================================================
2026-03-01 20:26:43,405 - INFO - Portfolio construction: 38 longs, 38 shorts (from 38 candidates)
2026-03-01 20:26:43,405 - INFO - Vol targeting: rolling_vol=0.0684, scale=1.1703
2026-03-01 20:26:43,405 - INFO - PnL Net: -0.0013 | Scaled: -0.0015 | Turnover: 18.38% | Vol Scale: 1.17
2026-03-01 20:26:43,406 - INFO - 
============================================================
2026-03-01 20:26:43,406 - INFO - Running paper trading for 2025-05-19
2026-03-01 20:26:43,406 - INFO - ============================================================
2026-03-01 20:26:43,406 - INFO - Portfolio construction: 38 longs, 38 shorts (from 38 candidates)
2026-03-01 20:26:43,407 - INFO - Vol targeting: rolling_vol=0.0676, scale=1.1828
2026-03-01 20:26:43,407 - INFO - PnL Net: -0.0021 | Scaled: -0.0025 | Turnover: 16.36% | Vol Scale: 1.18
2026-03-01 20:26:43,407 - INFO - 
============================================================
2026-03-01 20:26:43,407 - INFO - Running paper trading for 2025-05-20
2026-03-01 20:26:43,407 - INFO - ============================================================
2026-03-01 20:26:43,408 - INFO - Portfolio construction: 38 longs, 38 shorts (from 38 candidates)
2026-03-01 20:26:43,408 - INFO - Vol targeting: rolling_vol=0.0748, scale=1.0691
2026-03-01 20:26:43,408 - INFO - PnL Net: -0.0070 | Scaled: -0.0075 | Turnover: 15.81% | Vol Scale: 1.07
2026-03-01 20:26:43,408 - INFO - 
============================================================
2026-03-01 20:26:43,408 - INFO - Running paper trading for 2025-05-21
2026-03-01 20:26:43,408 - INFO - ============================================================
2026-03-01 20:26:43,409 - INFO - Portfolio construction: 38 longs, 38 shorts (from 38 candidates)
2026-03-01 20:26:43,409 - INFO - Vol targeting: rolling_vol=0.0690, scale=1.1591
2026-03-01 20:26:43,409 - INFO - PnL Net: 0.0004 | Scaled: 0.0004 | Turnover: 19.34% | Vol Scale: 1.16
2026-03-01 20:26:43,409 - INFO - 
============================================================
2026-03-01 20:26:43,409 - INFO - Running paper trading for 2025-05-22
2026-03-01 20:26:43,409 - INFO - ============================================================
2026-03-01 20:26:43,410 - INFO - Portfolio construction: 38 longs, 32 shorts (from 38 candidates)
2026-03-01 20:26:43,411 - INFO - Vol targeting: rolling_vol=0.0706, scale=1.1324
2026-03-01 20:26:43,411 - INFO - PnL Net: -0.0027 | Scaled: -0.0031 | Turnover: 19.64% | Vol Scale: 1.13
2026-03-01 20:26:43,411 - INFO - 
============================================================
2026-03-01 20:26:43,411 - INFO - Running paper trading for 2025-05-23
2026-03-01 20:26:43,411 - INFO - ============================================================
2026-03-01 20:26:43,411 - INFO - Portfolio construction: 38 longs, 38 shorts (from 38 candidates)
2026-03-01 20:26:43,411 - INFO - Vol targeting: rolling_vol=0.0743, scale=1.0767
2026-03-01 20:26:43,411 - INFO - PnL Net: 0.0082 | Scaled: 0.0088 | Turnover: 19.52% | Vol Scale: 1.08
2026-03-01 20:26:43,411 - INFO - 
============================================================
2026-03-01 20:26:43,411 - INFO - Running paper trading for 2025-05-27
2026-03-01 20:26:43,411 - INFO - ============================================================
2026-03-01 20:26:43,413 - INFO - Portfolio construction: 38 longs, 38 shorts (from 38 candidates)
2026-03-01 20:26:43,413 - INFO - Vol targeting: rolling_vol=0.0756, scale=1.0588
2026-03-01 20:26:43,413 - INFO - PnL Net: -0.0021 | Scaled: -0.0022 | Turnover: 18.56% | Vol Scale: 1.06
2026-03-01 20:26:43,413 - INFO - 
============================================================
2026-03-01 20:26:43,413 - INFO - Running paper trading for 2025-05-28
2026-03-01 20:26:43,413 - INFO - ============================================================
2026-03-01 20:26:43,414 - INFO - Portfolio construction: 38 longs, 38 shorts (from 38 candidates)
2026-03-01 20:26:43,414 - INFO - Vol targeting: rolling_vol=0.0756, scale=1.0575
2026-03-01 20:26:43,414 - INFO - PnL Net: 0.0004 | Scaled: 0.0005 | Turnover: 16.29% | Vol Scale: 1.06
2026-03-01 20:26:43,414 - INFO - 
============================================================
2026-03-01 20:26:43,414 - INFO - Running paper trading for 2025-05-29
2026-03-01 20:26:43,414 - INFO - ============================================================
2026-03-01 20:26:43,415 - INFO - Portfolio construction: 38 longs, 38 shorts (from 38 candidates)
2026-03-01 20:26:43,416 - INFO - Vol targeting: rolling_vol=0.0762, scale=1.0504
2026-03-01 20:26:43,416 - INFO - PnL Net: -0.0009 | Scaled: -0.0010 | Turnover: 19.51% | Vol Scale: 1.05
2026-03-01 20:26:43,416 - INFO - 
============================================================
2026-03-01 20:26:43,416 - INFO - Running paper trading for 2025-05-30
2026-03-01 20:26:43,416 - INFO - ============================================================
2026-03-01 20:26:43,417 - INFO - Portfolio construction: 38 longs, 38 shorts (from 38 candidates)
2026-03-01 20:26:43,417 - INFO - Vol targeting: rolling_vol=0.0742, scale=1.0777
2026-03-01 20:26:43,417 - INFO - PnL Net: 0.0008 | Scaled: 0.0009 | Turnover: 21.02% | Vol Scale: 1.08
2026-03-01 20:26:43,417 - INFO - 
============================================================
2026-03-01 20:26:43,417 - INFO - Running paper trading for 2025-06-02
2026-03-01 20:26:43,417 - INFO - ============================================================
2026-03-01 20:26:43,418 - INFO - Portfolio construction: 38 longs, 38 shorts (from 38 candidates)
2026-03-01 20:26:43,418 - INFO - Vol targeting: rolling_vol=0.0737, scale=1.0849
2026-03-01 20:26:43,418 - INFO - PnL Net: 0.0011 | Scaled: 0.0012 | Turnover: 20.37% | Vol Scale: 1.08
2026-03-01 20:26:43,418 - INFO - 
============================================================
2026-03-01 20:26:43,418 - INFO - Running paper trading for 2025-06-03
2026-03-01 20:26:43,418 - INFO - ============================================================
2026-03-01 20:26:43,419 - INFO - Portfolio construction: 38 longs, 38 shorts (from 38 candidates)
2026-03-01 20:26:43,419 - INFO - Vol targeting: rolling_vol=0.0730, scale=1.0965
2026-03-01 20:26:43,419 - INFO - PnL Net: -0.0012 | Scaled: -0.0013 | Turnover: 18.45% | Vol Scale: 1.10
2026-03-01 20:26:43,419 - INFO - 
============================================================
2026-03-01 20:26:43,419 - INFO - Running paper trading for 2025-06-04
2026-03-01 20:26:43,419 - INFO - ============================================================
2026-03-01 20:26:43,421 - INFO - Portfolio construction: 38 longs, 38 shorts (from 38 candidates)
2026-03-01 20:26:43,421 - INFO - Vol targeting: rolling_vol=0.0730, scale=1.0962
2026-03-01 20:26:43,421 - INFO - PnL Net: -0.0000 | Scaled: -0.0000 | Turnover: 16.06% | Vol Scale: 1.10
2026-03-01 20:26:43,421 - INFO - 
============================================================
2026-03-01 20:26:43,421 - INFO - Running paper trading for 2025-06-05
2026-03-01 20:26:43,421 - INFO - ============================================================
2026-03-01 20:26:43,422 - INFO - Portfolio construction: 38 longs, 38 shorts (from 38 candidates)
2026-03-01 20:26:43,422 - INFO - Vol targeting: rolling_vol=0.0721, scale=1.1092
2026-03-01 20:26:43,422 - INFO - PnL Net: 0.0008 | Scaled: 0.0009 | Turnover: 17.46% | Vol Scale: 1.11
2026-03-01 20:26:43,422 - INFO - 
============================================================
2026-03-01 20:26:43,422 - INFO - Running paper trading for 2025-06-06
2026-03-01 20:26:43,422 - INFO - ============================================================
2026-03-01 20:26:43,423 - INFO - Portfolio construction: 38 longs, 38 shorts (from 38 candidates)
2026-03-01 20:26:43,423 - INFO - Vol targeting: rolling_vol=0.0728, scale=1.0986
2026-03-01 20:26:43,423 - INFO - PnL Net: -0.0024 | Scaled: -0.0026 | Turnover: 18.52% | Vol Scale: 1.10
2026-03-01 20:26:43,423 - INFO - 
============================================================
2026-03-01 20:26:43,423 - INFO - Running paper trading for 2025-06-09
2026-03-01 20:26:43,423 - INFO - ============================================================
2026-03-01 20:26:43,424 - INFO - Portfolio construction: 38 longs, 13 shorts (from 38 candidates)
2026-03-01 20:26:43,424 - INFO - Vol targeting: rolling_vol=0.0539, scale=1.4831
2026-03-01 20:26:43,424 - INFO - PnL Net: 0.0012 | Scaled: 0.0018 | Turnover: 20.04% | Vol Scale: 1.48
2026-03-01 20:26:43,424 - INFO - 
============================================================
2026-03-01 20:26:43,424 - INFO - Running paper trading for 2025-06-10
2026-03-01 20:26:43,424 - INFO - ============================================================
2026-03-01 20:26:43,425 - INFO - Portfolio construction: 38 longs, 6 shorts (from 38 candidates)
2026-03-01 20:26:43,426 - INFO - Vol targeting: rolling_vol=0.0476, scale=1.6799
2026-03-01 20:26:43,426 - INFO - PnL Net: -0.0013 | Scaled: -0.0021 | Turnover: 17.79% | Vol Scale: 1.68
2026-03-01 20:26:43,426 - INFO - 
============================================================
2026-03-01 20:26:43,426 - INFO - Running paper trading for 2025-06-11
2026-03-01 20:26:43,426 - INFO - ============================================================
2026-03-01 20:26:43,427 - INFO - Portfolio construction: 38 longs, 16 shorts (from 38 candidates)
2026-03-01 20:26:43,427 - INFO - Vol targeting: rolling_vol=0.0477, scale=1.6785
2026-03-01 20:26:43,427 - INFO - PnL Net: 0.0007 | Scaled: 0.0012 | Turnover: 18.77% | Vol Scale: 1.68
2026-03-01 20:26:43,427 - INFO - 
============================================================
2026-03-01 20:26:43,427 - INFO - Running paper trading for 2025-06-12
2026-03-01 20:26:43,427 - INFO - ============================================================
2026-03-01 20:26:43,428 - INFO - Portfolio construction: 38 longs, 38 shorts (from 38 candidates)
2026-03-01 20:26:43,429 - INFO - Vol targeting: rolling_vol=0.0449, scale=1.7832
2026-03-01 20:26:43,429 - INFO - PnL Net: -0.0033 | Scaled: -0.0058 | Turnover: 21.75% | Vol Scale: 1.78
2026-03-01 20:26:43,429 - INFO - 
============================================================
2026-03-01 20:26:43,429 - INFO - Running paper trading for 2025-06-13
2026-03-01 20:26:43,429 - INFO - ============================================================
2026-03-01 20:26:43,430 - INFO - Portfolio construction: 38 longs, 38 shorts (from 38 candidates)
2026-03-01 20:26:43,430 - INFO - Vol targeting: rolling_vol=0.0444, scale=1.8031
2026-03-01 20:26:43,430 - INFO - PnL Net: 0.0011 | Scaled: 0.0020 | Turnover: 18.70% | Vol Scale: 1.80
2026-03-01 20:26:43,430 - INFO - 
============================================================
2026-03-01 20:26:43,430 - INFO - Running paper trading for 2025-06-16
2026-03-01 20:26:43,430 - INFO - ============================================================
2026-03-01 20:26:43,431 - INFO - Portfolio construction: 38 longs, 38 shorts (from 38 candidates)
2026-03-01 20:26:43,431 - INFO - Vol targeting: rolling_vol=0.0455, scale=1.7575
2026-03-01 20:26:43,431 - INFO - PnL Net: -0.0035 | Scaled: -0.0061 | Turnover: 16.38% | Vol Scale: 1.76
2026-03-01 20:26:43,431 - INFO - 
============================================================
2026-03-01 20:26:43,431 - INFO - Running paper trading for 2025-06-17
2026-03-01 20:26:43,431 - INFO - ============================================================
2026-03-01 20:26:43,432 - INFO - Portfolio construction: 38 longs, 38 shorts (from 38 candidates)
2026-03-01 20:26:43,432 - INFO - Vol targeting: rolling_vol=0.0452, scale=1.7708
2026-03-01 20:26:43,432 - INFO - PnL Net: -0.0005 | Scaled: -0.0009 | Turnover: 17.30% | Vol Scale: 1.77
2026-03-01 20:26:43,432 - INFO - 
============================================================
2026-03-01 20:26:43,432 - INFO - Running paper trading for 2025-06-18
2026-03-01 20:26:43,432 - INFO - ============================================================
2026-03-01 20:26:43,434 - INFO - Portfolio construction: 38 longs, 38 shorts (from 38 candidates)
2026-03-01 20:26:43,434 - INFO - Vol targeting: rolling_vol=0.0385, scale=2.0000
2026-03-01 20:26:43,434 - INFO - PnL Net: 0.0001 | Scaled: 0.0003 | Turnover: 18.66% | Vol Scale: 2.00
2026-03-01 20:26:43,434 - INFO - 
============================================================
2026-03-01 20:26:43,434 - INFO - Running paper trading for 2025-06-20
2026-03-01 20:26:43,434 - INFO - ============================================================
2026-03-01 20:26:43,435 - INFO - Portfolio construction: 38 longs, 38 shorts (from 38 candidates)
2026-03-01 20:26:43,435 - INFO - Vol targeting: rolling_vol=0.0397, scale=2.0000
2026-03-01 20:26:43,435 - INFO - PnL Net: 0.0027 | Scaled: 0.0053 | Turnover: 20.03% | Vol Scale: 2.00
2026-03-01 20:26:43,435 - INFO - 
============================================================
2026-03-01 20:26:43,435 - INFO - Running paper trading for 2025-06-23
2026-03-01 20:26:43,435 - INFO - ============================================================
2026-03-01 20:26:43,436 - INFO - Portfolio construction: 38 longs, 38 shorts (from 38 candidates)
2026-03-01 20:26:43,437 - INFO - Vol targeting: rolling_vol=0.0406, scale=1.9706
2026-03-01 20:26:43,437 - INFO - PnL Net: 0.0039 | Scaled: 0.0076 | Turnover: 17.48% | Vol Scale: 1.97
2026-03-01 20:26:43,437 - INFO - 
============================================================
2026-03-01 20:26:43,437 - INFO - Running paper trading for 2025-06-24
2026-03-01 20:26:43,437 - INFO - ============================================================
2026-03-01 20:26:43,438 - INFO - Portfolio construction: 38 longs, 38 shorts (from 38 candidates)
2026-03-01 20:26:43,438 - INFO - Vol targeting: rolling_vol=0.0294, scale=2.0000
2026-03-01 20:26:43,438 - INFO - PnL Net: -0.0021 | Scaled: -0.0042 | Turnover: 18.08% | Vol Scale: 2.00
2026-03-01 20:26:43,438 - INFO - 
============================================================
2026-03-01 20:26:43,438 - INFO - Running paper trading for 2025-06-25
2026-03-01 20:26:43,438 - INFO - ============================================================
2026-03-01 20:26:43,439 - INFO - Portfolio construction: 38 longs, 38 shorts (from 38 candidates)
2026-03-01 20:26:43,439 - INFO - Vol targeting: rolling_vol=0.0295, scale=2.0000
2026-03-01 20:26:43,440 - INFO - PnL Net: 0.0019 | Scaled: 0.0038 | Turnover: 17.90% | Vol Scale: 2.00
2026-03-01 20:26:43,440 - INFO - 
============================================================
2026-03-01 20:26:43,440 - INFO - Running paper trading for 2025-06-26
2026-03-01 20:26:43,440 - INFO - ============================================================
2026-03-01 20:26:43,440 - INFO - Portfolio construction: 38 longs, 38 shorts (from 38 candidates)
2026-03-01 20:26:43,441 - INFO - Vol targeting: rolling_vol=0.0299, scale=2.0000
2026-03-01 20:26:43,441 - INFO - PnL Net: 0.0015 | Scaled: 0.0029 | Turnover: 17.70% | Vol Scale: 2.00
2026-03-01 20:26:43,441 - INFO - 
============================================================
2026-03-01 20:26:43,441 - INFO - Running paper trading for 2025-06-27
2026-03-01 20:26:43,441 - INFO - ============================================================
2026-03-01 20:26:43,442 - INFO - Portfolio construction: 38 longs, 38 shorts (from 38 candidates)
2026-03-01 20:26:43,442 - INFO - Vol targeting: rolling_vol=0.0300, scale=2.0000
2026-03-01 20:26:43,442 - INFO - PnL Net: 0.0013 | Scaled: 0.0025 | Turnover: 16.45% | Vol Scale: 2.00
2026-03-01 20:26:43,442 - INFO - 
============================================================
2026-03-01 20:26:43,442 - INFO - Running paper trading for 2025-06-30
2026-03-01 20:26:43,442 - INFO - ============================================================
2026-03-01 20:26:43,443 - INFO - Portfolio construction: 38 longs, 38 shorts (from 38 candidates)
2026-03-01 20:26:43,443 - INFO - Vol targeting: rolling_vol=0.0351, scale=2.0000
2026-03-01 20:26:43,444 - INFO - PnL Net: 0.0055 | Scaled: 0.0109 | Turnover: 17.10% | Vol Scale: 2.00
2026-03-01 20:26:43,444 - INFO - 
============================================================
2026-03-01 20:26:43,444 - INFO - Running paper trading for 2025-07-01
2026-03-01 20:26:43,444 - INFO - ============================================================
2026-03-01 20:26:43,445 - INFO - Portfolio construction: 38 longs, 38 shorts (from 38 candidates)
2026-03-01 20:26:43,445 - INFO - Vol targeting: rolling_vol=0.0352, scale=2.0000
2026-03-01 20:26:43,445 - INFO - PnL Net: 0.0013 | Scaled: 0.0026 | Turnover: 15.04% | Vol Scale: 2.00
2026-03-01 20:26:43,445 - INFO - 
============================================================
2026-03-01 20:26:43,445 - INFO - Running paper trading for 2025-07-02
2026-03-01 20:26:43,445 - INFO - ============================================================
2026-03-01 20:26:43,445 - INFO - Portfolio construction: 38 longs, 38 shorts (from 38 candidates)
2026-03-01 20:26:43,446 - INFO - Vol targeting: rolling_vol=0.0349, scale=2.0000
2026-03-01 20:26:43,446 - INFO - PnL Net: 0.0014 | Scaled: 0.0028 | Turnover: 12.74% | Vol Scale: 2.00
2026-03-01 20:26:43,446 - INFO - 
============================================================
2026-03-01 20:26:43,446 - INFO - Running paper trading for 2025-07-03
2026-03-01 20:26:43,446 - INFO - ============================================================
2026-03-01 20:26:43,447 - INFO - Portfolio construction: 38 longs, 38 shorts (from 38 candidates)
2026-03-01 20:26:43,447 - INFO - Vol targeting: rolling_vol=0.0371, scale=2.0000
2026-03-01 20:26:43,447 - INFO - PnL Net: -0.0032 | Scaled: -0.0063 | Turnover: 11.38% | Vol Scale: 2.00
2026-03-01 20:26:43,447 - INFO - 
============================================================
2026-03-01 20:26:43,447 - INFO - Running paper trading for 2025-07-07
2026-03-01 20:26:43,447 - INFO - ============================================================
2026-03-01 20:26:43,448 - INFO - Portfolio construction: 38 longs, 38 shorts (from 38 candidates)
2026-03-01 20:26:43,448 - INFO - Vol targeting: rolling_vol=0.0371, scale=2.0000
2026-03-01 20:26:43,448 - INFO - PnL Net: 0.0005 | Scaled: 0.0010 | Turnover: 10.84% | Vol Scale: 2.00
2026-03-01 20:26:43,448 - INFO - 
============================================================
2026-03-01 20:26:43,448 - INFO - Running paper trading for 2025-07-08
2026-03-01 20:26:43,448 - INFO - ============================================================
2026-03-01 20:26:43,449 - INFO - Portfolio construction: 38 longs, 38 shorts (from 38 candidates)
2026-03-01 20:26:43,449 - INFO - Vol targeting: rolling_vol=0.0357, scale=2.0000
2026-03-01 20:26:43,450 - INFO - PnL Net: 0.0009 | Scaled: 0.0019 | Turnover: 18.35% | Vol Scale: 2.00
2026-03-01 20:26:43,450 - INFO - 
============================================================
2026-03-01 20:26:43,450 - INFO - Running paper trading for 2025-07-09
2026-03-01 20:26:43,450 - INFO - ============================================================
2026-03-01 20:26:43,450 - INFO - Portfolio construction: 38 longs, 38 shorts (from 38 candidates)
2026-03-01 20:26:43,451 - INFO - Vol targeting: rolling_vol=0.0364, scale=2.0000
2026-03-01 20:26:43,451 - INFO - PnL Net: 0.0026 | Scaled: 0.0053 | Turnover: 19.70% | Vol Scale: 2.00
2026-03-01 20:26:43,451 - INFO - 
============================================================
2026-03-01 20:26:43,451 - INFO - Running paper trading for 2025-07-10
2026-03-01 20:26:43,451 - INFO - ============================================================
2026-03-01 20:26:43,452 - INFO - Portfolio construction: 38 longs, 12 shorts (from 38 candidates)
2026-03-01 20:26:43,452 - INFO - Vol targeting: rolling_vol=0.0379, scale=2.0000
2026-03-01 20:26:43,452 - INFO - PnL Net: -0.0029 | Scaled: -0.0058 | Turnover: 19.47% | Vol Scale: 2.00
2026-03-01 20:26:43,452 - INFO - 
============================================================
2026-03-01 20:26:43,452 - INFO - Running paper trading for 2025-07-11
2026-03-01 20:26:43,452 - INFO - ============================================================
2026-03-01 20:26:43,454 - INFO - Portfolio construction: 38 longs, 26 shorts (from 38 candidates)
2026-03-01 20:26:43,454 - INFO - Vol targeting: rolling_vol=0.0382, scale=2.0000
2026-03-01 20:26:43,454 - INFO - PnL Net: -0.0008 | Scaled: -0.0016 | Turnover: 19.00% | Vol Scale: 2.00
2026-03-01 20:26:43,454 - INFO - 
============================================================
2026-03-01 20:26:43,454 - INFO - Running paper trading for 2025-07-14
2026-03-01 20:26:43,454 - INFO - ============================================================
2026-03-01 20:26:43,455 - INFO - Portfolio construction: 38 longs, 38 shorts (from 38 candidates)
2026-03-01 20:26:43,455 - INFO - Vol targeting: rolling_vol=0.0411, scale=1.9456
2026-03-01 20:26:43,455 - INFO - PnL Net: -0.0053 | Scaled: -0.0103 | Turnover: 18.01% | Vol Scale: 1.95
2026-03-01 20:26:43,455 - INFO - 
============================================================
2026-03-01 20:26:43,455 - INFO - Running paper trading for 2025-07-15
2026-03-01 20:26:43,455 - INFO - ============================================================
2026-03-01 20:26:43,456 - INFO - Portfolio construction: 38 longs, 24 shorts (from 38 candidates)
2026-03-01 20:26:43,456 - INFO - Vol targeting: rolling_vol=0.0411, scale=1.9452
2026-03-01 20:26:43,457 - INFO - PnL Net: 0.0011 | Scaled: 0.0022 | Turnover: 17.80% | Vol Scale: 1.95
2026-03-01 20:26:43,457 - INFO - 
============================================================
2026-03-01 20:26:43,457 - INFO - Running paper trading for 2025-07-16
2026-03-01 20:26:43,457 - INFO - ============================================================
2026-03-01 20:26:43,457 - INFO - Portfolio construction: 38 longs, 4 shorts (from 38 candidates)
2026-03-01 20:26:43,457 - INFO - Vol targeting: rolling_vol=0.0400, scale=1.9977
2026-03-01 20:26:43,457 - INFO - PnL Net: 0.0035 | Scaled: 0.0070 | Turnover: 18.83% | Vol Scale: 2.00
2026-03-01 20:26:43,457 - INFO - 
============================================================
2026-03-01 20:26:43,457 - INFO - Running paper trading for 2025-07-17
2026-03-01 20:26:43,457 - INFO - ============================================================
2026-03-01 20:26:43,459 - INFO - Portfolio construction: 38 longs, 38 shorts (from 38 candidates)
2026-03-01 20:26:43,459 - INFO - Vol targeting: rolling_vol=0.0400, scale=2.0000
2026-03-01 20:26:43,459 - INFO - PnL Net: -0.0003 | Scaled: -0.0006 | Turnover: 20.65% | Vol Scale: 2.00
2026-03-01 20:26:43,459 - INFO - 
============================================================
2026-03-01 20:26:43,459 - INFO - Running paper trading for 2025-07-18
2026-03-01 20:26:43,460 - INFO - ============================================================
2026-03-01 20:26:43,460 - INFO - Portfolio construction: 38 longs, 38 shorts (from 38 candidates)
2026-03-01 20:26:43,460 - INFO - Vol targeting: rolling_vol=0.0407, scale=1.9646
2026-03-01 20:26:43,460 - INFO - PnL Net: -0.0016 | Scaled: -0.0032 | Turnover: 22.59% | Vol Scale: 1.96
2026-03-01 20:26:43,460 - INFO - 
============================================================
2026-03-01 20:26:43,460 - INFO - Running paper trading for 2025-07-21
2026-03-01 20:26:43,460 - INFO - ============================================================
2026-03-01 20:26:43,461 - INFO - Portfolio construction: 38 longs, 38 shorts (from 38 candidates)
2026-03-01 20:26:43,461 - INFO - Vol targeting: rolling_vol=0.0456, scale=1.7529
2026-03-01 20:26:43,461 - INFO - PnL Net: 0.0068 | Scaled: 0.0120 | Turnover: 18.81% | Vol Scale: 1.75
2026-03-01 20:26:43,462 - INFO - 
============================================================
2026-03-01 20:26:43,462 - INFO - Running paper trading for 2025-07-22
2026-03-01 20:26:43,462 - INFO - ============================================================
2026-03-01 20:26:43,462 - INFO - Portfolio construction: 38 longs, 38 shorts (from 38 candidates)
2026-03-01 20:26:43,462 - INFO - Vol targeting: rolling_vol=0.0446, scale=1.7927
2026-03-01 20:26:43,462 - INFO - PnL Net: 0.0023 | Scaled: 0.0041 | Turnover: 18.89% | Vol Scale: 1.79
2026-03-01 20:26:43,462 - INFO - 
============================================================
2026-03-01 20:26:43,462 - INFO - Running paper trading for 2025-07-23
2026-03-01 20:26:43,462 - INFO - ============================================================
2026-03-01 20:26:43,464 - INFO - Portfolio construction: 38 longs, 38 shorts (from 38 candidates)
2026-03-01 20:26:43,464 - INFO - Vol targeting: rolling_vol=0.0451, scale=1.7756
2026-03-01 20:26:43,464 - INFO - PnL Net: -0.0026 | Scaled: -0.0046 | Turnover: 15.52% | Vol Scale: 1.78
2026-03-01 20:26:43,464 - INFO - 
============================================================
2026-03-01 20:26:43,465 - INFO - Running paper trading for 2025-07-24
2026-03-01 20:26:43,465 - INFO - ============================================================
2026-03-01 20:26:43,465 - INFO - Portfolio construction: 38 longs, 38 shorts (from 38 candidates)
2026-03-01 20:26:43,466 - INFO - Vol targeting: rolling_vol=0.0449, scale=1.7834
2026-03-01 20:26:43,466 - INFO - PnL Net: 0.0011 | Scaled: 0.0019 | Turnover: 15.70% | Vol Scale: 1.78
2026-03-01 20:26:43,466 - INFO - 
============================================================
2026-03-01 20:26:43,466 - INFO - Running paper trading for 2025-07-25
2026-03-01 20:26:43,466 - INFO - ============================================================
2026-03-01 20:26:43,467 - INFO - Portfolio construction: 38 longs, 38 shorts (from 38 candidates)
2026-03-01 20:26:43,467 - INFO - Vol targeting: rolling_vol=0.0465, scale=1.7198
2026-03-01 20:26:43,467 - INFO - PnL Net: -0.0031 | Scaled: -0.0052 | Turnover: 16.41% | Vol Scale: 1.72
2026-03-01 20:26:43,467 - INFO - 
============================================================
2026-03-01 20:26:43,467 - INFO - Running paper trading for 2025-07-28
2026-03-01 20:26:43,467 - INFO - ============================================================
2026-03-01 20:26:43,468 - INFO - Portfolio construction: 38 longs, 38 shorts (from 38 candidates)
2026-03-01 20:26:43,468 - INFO - Vol targeting: rolling_vol=0.0474, scale=1.6862
2026-03-01 20:26:43,468 - INFO - PnL Net: -0.0025 | Scaled: -0.0041 | Turnover: 18.54% | Vol Scale: 1.69
2026-03-01 20:26:43,468 - INFO - 
============================================================
2026-03-01 20:26:43,468 - INFO - Running paper trading for 2025-07-29
2026-03-01 20:26:43,468 - INFO - ============================================================
2026-03-01 20:26:43,469 - INFO - Portfolio construction: 38 longs, 38 shorts (from 38 candidates)
2026-03-01 20:26:43,469 - INFO - Vol targeting: rolling_vol=0.0445, scale=1.7974
2026-03-01 20:26:43,470 - INFO - PnL Net: -0.0028 | Scaled: -0.0050 | Turnover: 17.07% | Vol Scale: 1.80
2026-03-01 20:26:43,470 - INFO - 
============================================================
2026-03-01 20:26:43,470 - INFO - Running paper trading for 2025-07-30
2026-03-01 20:26:43,470 - INFO - ============================================================
2026-03-01 20:26:43,470 - INFO - Portfolio construction: 38 longs, 38 shorts (from 38 candidates)
2026-03-01 20:26:43,471 - INFO - Vol targeting: rolling_vol=0.0463, scale=1.7283
2026-03-01 20:26:43,471 - INFO - PnL Net: -0.0042 | Scaled: -0.0073 | Turnover: 18.97% | Vol Scale: 1.73
2026-03-01 20:26:43,471 - INFO - 
============================================================
2026-03-01 20:26:43,471 - INFO - Running paper trading for 2025-07-31
2026-03-01 20:26:43,471 - INFO - ============================================================
2026-03-01 20:26:43,472 - INFO - Portfolio construction: 38 longs, 38 shorts (from 38 candidates)
2026-03-01 20:26:43,472 - INFO - Vol targeting: rolling_vol=0.0470, scale=1.7007
2026-03-01 20:26:43,472 - INFO - PnL Net: -0.0036 | Scaled: -0.0062 | Turnover: 19.57% | Vol Scale: 1.70
2026-03-01 20:26:43,472 - INFO - 
============================================================
2026-03-01 20:26:43,472 - INFO - Running paper trading for 2025-08-01
2026-03-01 20:26:43,472 - INFO - ============================================================
2026-03-01 20:26:43,473 - INFO - Portfolio construction: 38 longs, 6 shorts (from 38 candidates)
2026-03-01 20:26:43,473 - INFO - Vol targeting: rolling_vol=0.0468, scale=1.7092
2026-03-01 20:26:43,473 - INFO - PnL Net: 0.0016 | Scaled: 0.0028 | Turnover: 18.75% | Vol Scale: 1.71
2026-03-01 20:26:43,473 - INFO - 
============================================================
2026-03-01 20:26:43,473 - INFO - Running paper trading for 2025-08-04
2026-03-01 20:26:43,473 - INFO - ============================================================
2026-03-01 20:26:43,474 - INFO - Portfolio construction: 38 longs, 5 shorts (from 38 candidates)
2026-03-01 20:26:43,474 - INFO - Vol targeting: rolling_vol=0.0486, scale=1.6467
2026-03-01 20:26:43,475 - INFO - PnL Net: 0.0034 | Scaled: 0.0056 | Turnover: 20.03% | Vol Scale: 1.65
2026-03-01 20:26:43,475 - INFO - 
============================================================
2026-03-01 20:26:43,475 - INFO - Running paper trading for 2025-08-05
2026-03-01 20:26:43,475 - INFO - ============================================================
2026-03-01 20:26:43,476 - INFO - Portfolio construction: 38 longs, 37 shorts (from 38 candidates)
2026-03-01 20:26:43,476 - INFO - Vol targeting: rolling_vol=0.0485, scale=1.6507
2026-03-01 20:26:43,476 - INFO - PnL Net: -0.0013 | Scaled: -0.0021 | Turnover: 19.43% | Vol Scale: 1.65
2026-03-01 20:26:43,476 - INFO - 
============================================================
2026-03-01 20:26:43,476 - INFO - Running paper trading for 2025-08-06
2026-03-01 20:26:43,476 - INFO - ============================================================
2026-03-01 20:26:43,478 - INFO - Portfolio construction: 38 longs, 38 shorts (from 38 candidates)
2026-03-01 20:26:43,478 - INFO - Vol targeting: rolling_vol=0.0472, scale=1.6961
2026-03-01 20:26:43,478 - INFO - PnL Net: -0.0009 | Scaled: -0.0016 | Turnover: 18.13% | Vol Scale: 1.70
2026-03-01 20:26:43,478 - INFO - 
============================================================
2026-03-01 20:26:43,478 - INFO - Running paper trading for 2025-08-07
2026-03-01 20:26:43,478 - INFO - ============================================================
2026-03-01 20:26:43,479 - INFO - Portfolio construction: 38 longs, 7 shorts (from 38 candidates)
2026-03-01 20:26:43,479 - INFO - Vol targeting: rolling_vol=0.0466, scale=1.7164
2026-03-01 20:26:43,480 - INFO - PnL Net: 0.0008 | Scaled: 0.0013 | Turnover: 20.31% | Vol Scale: 1.72
2026-03-01 20:26:43,480 - INFO - 
============================================================
2026-03-01 20:26:43,480 - INFO - Running paper trading for 2025-08-08
2026-03-01 20:26:43,480 - INFO - ============================================================
2026-03-01 20:26:43,481 - INFO - Portfolio construction: 38 longs, 8 shorts (from 38 candidates)
2026-03-01 20:26:43,481 - INFO - Vol targeting: rolling_vol=0.0467, scale=1.7135
2026-03-01 20:26:43,481 - WARNING - KS3 TRIGGERED: 60-day Sharpe -0.0651 < 0
2026-03-01 20:26:43,481 - INFO - PnL Net: -0.0013 | Scaled: -0.0022 | Turnover: 18.30% | Vol Scale: 1.71
2026-03-01 20:26:43,481 - INFO - 
============================================================
2026-03-01 20:26:43,481 - INFO - Running paper trading for 2025-08-11
2026-03-01 20:26:43,481 - INFO - ============================================================
2026-03-01 20:26:43,482 - INFO - Portfolio construction: 38 longs, 38 shorts (from 38 candidates)
2026-03-01 20:26:43,482 - INFO - Vol targeting: rolling_vol=0.0479, scale=1.6690
2026-03-01 20:26:43,483 - WARNING - KS3 TRIGGERED: 60-day Sharpe -0.0144 < 0
2026-03-01 20:26:43,483 - INFO - PnL Net: 0.0058 | Scaled: 0.0096 | Turnover: 15.45% | Vol Scale: 1.67
2026-03-01 20:26:43,483 - INFO - 
============================================================
2026-03-01 20:26:43,483 - INFO - Running paper trading for 2025-08-12
2026-03-01 20:26:43,483 - INFO - ============================================================
2026-03-01 20:26:43,484 - INFO - Portfolio construction: 38 longs, 38 shorts (from 38 candidates)
2026-03-01 20:26:43,484 - INFO - Vol targeting: rolling_vol=0.0574, scale=1.3933
2026-03-01 20:26:43,484 - INFO - PnL Net: 0.0093 | Scaled: 0.0129 | Turnover: 15.64% | Vol Scale: 1.39
2026-03-01 20:26:43,484 - INFO - 
============================================================
2026-03-01 20:26:43,484 - INFO - Running paper trading for 2025-08-13
2026-03-01 20:26:43,484 - INFO - ============================================================
2026-03-01 20:26:43,485 - INFO - Portfolio construction: 38 longs, 38 shorts (from 38 candidates)
2026-03-01 20:26:43,485 - INFO - Vol targeting: rolling_vol=0.0564, scale=1.4186
2026-03-01 20:26:43,485 - INFO - PnL Net: 0.0002 | Scaled: 0.0003 | Turnover: 20.87% | Vol Scale: 1.42
2026-03-01 20:26:43,485 - INFO - 
============================================================
2026-03-01 20:26:43,485 - INFO - Running paper trading for 2025-08-14
2026-03-01 20:26:43,485 - INFO - ============================================================
2026-03-01 20:26:43,486 - INFO - Portfolio construction: 38 longs, 38 shorts (from 38 candidates)
2026-03-01 20:26:43,486 - INFO - Vol targeting: rolling_vol=0.0564, scale=1.4190
2026-03-01 20:26:43,486 - INFO - PnL Net: 0.0010 | Scaled: 0.0014 | Turnover: 18.05% | Vol Scale: 1.42
2026-03-01 20:26:43,486 - INFO - 
============================================================
2026-03-01 20:26:43,486 - INFO - Running paper trading for 2025-08-15
2026-03-01 20:26:43,486 - INFO - ============================================================
2026-03-01 20:26:43,487 - INFO - Portfolio construction: 38 longs, 38 shorts (from 38 candidates)
2026-03-01 20:26:43,487 - INFO - Vol targeting: rolling_vol=0.0559, scale=1.4310
2026-03-01 20:26:43,488 - INFO - PnL Net: 0.0002 | Scaled: 0.0003 | Turnover: 19.70% | Vol Scale: 1.43
2026-03-01 20:26:43,488 - INFO - 
============================================================
2026-03-01 20:26:43,488 - INFO - Running paper trading for 2025-08-18
2026-03-01 20:26:43,488 - INFO - ============================================================
2026-03-01 20:26:43,489 - INFO - Portfolio construction: 38 longs, 38 shorts (from 38 candidates)
2026-03-01 20:26:43,489 - INFO - Vol targeting: rolling_vol=0.0515, scale=1.5525
2026-03-01 20:26:43,489 - INFO - PnL Net: 0.0024 | Scaled: 0.0038 | Turnover: 18.09% | Vol Scale: 1.55
2026-03-01 20:26:43,489 - INFO - 
============================================================
2026-03-01 20:26:43,489 - INFO - Running paper trading for 2025-08-19
2026-03-01 20:26:43,489 - INFO - ============================================================
2026-03-01 20:26:43,490 - INFO - Portfolio construction: 38 longs, 38 shorts (from 38 candidates)
2026-03-01 20:26:43,490 - INFO - Vol targeting: rolling_vol=0.0516, scale=1.5515
2026-03-01 20:26:43,491 - INFO - PnL Net: -0.0020 | Scaled: -0.0031 | Turnover: 16.60% | Vol Scale: 1.55
2026-03-01 20:26:43,491 - INFO - 
============================================================
2026-03-01 20:26:43,491 - INFO - Running paper trading for 2025-08-20
2026-03-01 20:26:43,491 - INFO - ============================================================
2026-03-01 20:26:43,491 - INFO - Portfolio construction: 38 longs, 38 shorts (from 38 candidates)
2026-03-01 20:26:43,492 - INFO - Vol targeting: rolling_vol=0.0510, scale=1.5694
2026-03-01 20:26:43,492 - INFO - PnL Net: -0.0015 | Scaled: -0.0024 | Turnover: 15.21% | Vol Scale: 1.57
2026-03-01 20:26:43,492 - INFO - 
============================================================
2026-03-01 20:26:43,492 - INFO - Running paper trading for 2025-08-21
2026-03-01 20:26:43,492 - INFO - ============================================================
2026-03-01 20:26:43,493 - INFO - Portfolio construction: 38 longs, 38 shorts (from 38 candidates)
2026-03-01 20:26:43,493 - INFO - Vol targeting: rolling_vol=0.0594, scale=1.3476
2026-03-01 20:26:43,493 - INFO - PnL Net: 0.0089 | Scaled: 0.0120 | Turnover: 16.82% | Vol Scale: 1.35
2026-03-01 20:26:43,493 - INFO - 
============================================================
2026-03-01 20:26:43,493 - INFO - Running paper trading for 2025-08-22
2026-03-01 20:26:43,493 - INFO - ============================================================
2026-03-01 20:26:43,494 - INFO - Portfolio construction: 38 longs, 38 shorts (from 38 candidates)
2026-03-01 20:26:43,495 - INFO - Vol targeting: rolling_vol=0.0605, scale=1.3221
2026-03-01 20:26:43,495 - INFO - PnL Net: -0.0044 | Scaled: -0.0058 | Turnover: 15.55% | Vol Scale: 1.32
2026-03-01 20:26:43,495 - INFO - 
============================================================
2026-03-01 20:26:43,495 - INFO - Running paper trading for 2025-08-25
2026-03-01 20:26:43,495 - INFO - ============================================================
2026-03-01 20:26:43,496 - INFO - Portfolio construction: 38 longs, 38 shorts (from 38 candidates)
2026-03-01 20:26:43,496 - INFO - Vol targeting: rolling_vol=0.0596, scale=1.3428
2026-03-01 20:26:43,496 - INFO - PnL Net: 0.0005 | Scaled: 0.0007 | Turnover: 15.86% | Vol Scale: 1.34
2026-03-01 20:26:43,497 - INFO - 
============================================================
2026-03-01 20:26:43,497 - INFO - Running paper trading for 2025-08-26
2026-03-01 20:26:43,497 - INFO - ============================================================
2026-03-01 20:26:43,497 - INFO - Portfolio construction: 38 longs, 38 shorts (from 38 candidates)
2026-03-01 20:26:43,498 - INFO - Vol targeting: rolling_vol=0.0583, scale=1.3725
2026-03-01 20:26:43,498 - INFO - PnL Net: 0.0005 | Scaled: 0.0007 | Turnover: 17.06% | Vol Scale: 1.37
2026-03-01 20:26:43,498 - INFO - 
============================================================
2026-03-01 20:26:43,498 - INFO - Running paper trading for 2025-08-27
2026-03-01 20:26:43,498 - INFO - ============================================================
2026-03-01 20:26:43,499 - INFO - Portfolio construction: 38 longs, 38 shorts (from 38 candidates)
2026-03-01 20:26:43,499 - INFO - Vol targeting: rolling_vol=0.0555, scale=1.4411
2026-03-01 20:26:43,499 - INFO - PnL Net: -0.0002 | Scaled: -0.0002 | Turnover: 17.80% | Vol Scale: 1.44
2026-03-01 20:26:43,499 - INFO - 
============================================================
2026-03-01 20:26:43,499 - INFO - Running paper trading for 2025-08-28
2026-03-01 20:26:43,499 - INFO - ============================================================
2026-03-01 20:26:43,500 - INFO - Portfolio construction: 38 longs, 38 shorts (from 38 candidates)
2026-03-01 20:26:43,500 - INFO - Vol targeting: rolling_vol=0.0530, scale=1.5091
2026-03-01 20:26:43,500 - INFO - PnL Net: 0.0003 | Scaled: 0.0004 | Turnover: 19.25% | Vol Scale: 1.51
2026-03-01 20:26:43,500 - INFO - 
============================================================
2026-03-01 20:26:43,500 - INFO - Running paper trading for 2025-08-29
2026-03-01 20:26:43,500 - INFO - ============================================================
2026-03-01 20:26:43,501 - INFO - Portfolio construction: 38 longs, 38 shorts (from 38 candidates)
2026-03-01 20:26:43,502 - INFO - Vol targeting: rolling_vol=0.0539, scale=1.4841
2026-03-01 20:26:43,502 - INFO - PnL Net: -0.0017 | Scaled: -0.0026 | Turnover: 15.06% | Vol Scale: 1.48
2026-03-01 20:26:43,502 - INFO - 
============================================================
2026-03-01 20:26:43,502 - INFO - Running paper trading for 2025-09-02
2026-03-01 20:26:43,502 - INFO - ============================================================
2026-03-01 20:26:43,503 - INFO - Portfolio construction: 38 longs, 38 shorts (from 38 candidates)
2026-03-01 20:26:43,503 - INFO - Vol targeting: rolling_vol=0.0542, scale=1.4760
2026-03-01 20:26:43,503 - INFO - PnL Net: -0.0021 | Scaled: -0.0031 | Turnover: 18.16% | Vol Scale: 1.48
2026-03-01 20:26:43,503 - INFO - 
============================================================
2026-03-01 20:26:43,503 - INFO - Running paper trading for 2025-09-03
2026-03-01 20:26:43,503 - INFO - ============================================================
2026-03-01 20:26:43,504 - INFO - Portfolio construction: 38 longs, 38 shorts (from 38 candidates)
2026-03-01 20:26:43,504 - INFO - Vol targeting: rolling_vol=0.0537, scale=1.4886
2026-03-01 20:26:43,504 - INFO - PnL Net: 0.0013 | Scaled: 0.0020 | Turnover: 17.78% | Vol Scale: 1.49
2026-03-01 20:26:43,504 - INFO - 
============================================================
2026-03-01 20:26:43,504 - INFO - Running paper trading for 2025-09-04
2026-03-01 20:26:43,504 - INFO - ============================================================
2026-03-01 20:26:43,505 - INFO - Portfolio construction: 38 longs, 38 shorts (from 38 candidates)
2026-03-01 20:26:43,505 - INFO - Vol targeting: rolling_vol=0.0534, scale=1.4994
2026-03-01 20:26:43,505 - INFO - PnL Net: 0.0012 | Scaled: 0.0019 | Turnover: 17.33% | Vol Scale: 1.50
2026-03-01 20:26:43,505 - INFO - 
============================================================
2026-03-01 20:26:43,506 - INFO - Running paper trading for 2025-09-05
2026-03-01 20:26:43,506 - INFO - ============================================================
2026-03-01 20:26:43,506 - INFO - Portfolio construction: 38 longs, 38 shorts (from 38 candidates)
2026-03-01 20:26:43,506 - INFO - Vol targeting: rolling_vol=0.0539, scale=1.4842
2026-03-01 20:26:43,506 - INFO - PnL Net: -0.0013 | Scaled: -0.0019 | Turnover: 20.00% | Vol Scale: 1.48
2026-03-01 20:26:43,507 - INFO - 
============================================================
2026-03-01 20:26:43,507 - INFO - Running paper trading for 2025-09-08
2026-03-01 20:26:43,507 - INFO - ============================================================
2026-03-01 20:26:43,507 - INFO - Portfolio construction: 38 longs, 38 shorts (from 38 candidates)
2026-03-01 20:26:43,508 - INFO - Vol targeting: rolling_vol=0.0535, scale=1.4949
2026-03-01 20:26:43,508 - INFO - PnL Net: -0.0003 | Scaled: -0.0004 | Turnover: 16.66% | Vol Scale: 1.49
2026-03-01 20:26:43,508 - INFO - 
============================================================
2026-03-01 20:26:43,508 - INFO - Running paper trading for 2025-09-09
2026-03-01 20:26:43,508 - INFO - ============================================================
2026-03-01 20:26:43,509 - INFO - Portfolio construction: 38 longs, 38 shorts (from 38 candidates)
2026-03-01 20:26:43,509 - INFO - Vol targeting: rolling_vol=0.0534, scale=1.4986
2026-03-01 20:26:43,509 - INFO - PnL Net: -0.0044 | Scaled: -0.0065 | Turnover: 17.19% | Vol Scale: 1.50
2026-03-01 20:26:43,509 - INFO - 
============================================================
2026-03-01 20:26:43,509 - INFO - Running paper trading for 2025-09-10
2026-03-01 20:26:43,509 - INFO - ============================================================
2026-03-01 20:26:43,510 - INFO - Portfolio construction: 38 longs, 38 shorts (from 38 candidates)
2026-03-01 20:26:43,511 - INFO - Vol targeting: rolling_vol=0.0448, scale=1.7844
2026-03-01 20:26:43,511 - INFO - PnL Net: 0.0040 | Scaled: 0.0072 | Turnover: 16.96% | Vol Scale: 1.78
2026-03-01 20:26:43,511 - INFO - 
============================================================
2026-03-01 20:26:43,511 - INFO - Running paper trading for 2025-09-11
2026-03-01 20:26:43,511 - INFO - ============================================================
2026-03-01 20:26:43,512 - INFO - Portfolio construction: 38 longs, 38 shorts (from 38 candidates)
2026-03-01 20:26:43,512 - INFO - Vol targeting: rolling_vol=0.0472, scale=1.6944
2026-03-01 20:26:43,512 - INFO - PnL Net: -0.0041 | Scaled: -0.0070 | Turnover: 17.39% | Vol Scale: 1.69
2026-03-01 20:26:43,512 - INFO - 
============================================================
2026-03-01 20:26:43,512 - INFO - Running paper trading for 2025-09-12
2026-03-01 20:26:43,512 - INFO - ============================================================
2026-03-01 20:26:43,513 - INFO - Portfolio construction: 38 longs, 38 shorts (from 38 candidates)
2026-03-01 20:26:43,513 - INFO - Vol targeting: rolling_vol=0.0475, scale=1.6830
2026-03-01 20:26:43,513 - INFO - PnL Net: -0.0021 | Scaled: -0.0035 | Turnover: 15.81% | Vol Scale: 1.68
2026-03-01 20:26:43,513 - INFO - 
============================================================
2026-03-01 20:26:43,513 - INFO - Running paper trading for 2025-09-15
2026-03-01 20:26:43,513 - INFO - ============================================================
2026-03-01 20:26:43,514 - INFO - Portfolio construction: 38 longs, 38 shorts (from 38 candidates)
2026-03-01 20:26:43,514 - INFO - Vol targeting: rolling_vol=0.0477, scale=1.6773
2026-03-01 20:26:43,514 - INFO - PnL Net: 0.0010 | Scaled: 0.0016 | Turnover: 18.17% | Vol Scale: 1.68
2026-03-01 20:26:43,514 - INFO - 
============================================================
2026-03-01 20:26:43,515 - INFO - Running paper trading for 2025-09-16
2026-03-01 20:26:43,515 - INFO - ============================================================
2026-03-01 20:26:43,515 - INFO - Portfolio construction: 38 longs, 38 shorts (from 38 candidates)
2026-03-01 20:26:43,516 - INFO - Vol targeting: rolling_vol=0.0469, scale=1.7072
2026-03-01 20:26:43,516 - INFO - PnL Net: 0.0006 | Scaled: 0.0011 | Turnover: 16.81% | Vol Scale: 1.71
2026-03-01 20:26:43,516 - INFO - 
============================================================
2026-03-01 20:26:43,516 - INFO - Running paper trading for 2025-09-17
2026-03-01 20:26:43,516 - INFO - ============================================================
2026-03-01 20:26:43,517 - INFO - Portfolio construction: 38 longs, 38 shorts (from 38 candidates)
2026-03-01 20:26:43,518 - INFO - Vol targeting: rolling_vol=0.0483, scale=1.6553
2026-03-01 20:26:43,518 - INFO - PnL Net: 0.0037 | Scaled: 0.0061 | Turnover: 15.39% | Vol Scale: 1.66
2026-03-01 20:26:43,518 - INFO - 
============================================================
2026-03-01 20:26:43,518 - INFO - Running paper trading for 2025-09-18
2026-03-01 20:26:43,518 - INFO - ============================================================
2026-03-01 20:26:43,519 - INFO - Portfolio construction: 38 longs, 38 shorts (from 38 candidates)
2026-03-01 20:26:43,519 - INFO - Vol targeting: rolling_vol=0.0490, scale=1.6323
2026-03-01 20:26:43,519 - INFO - PnL Net: -0.0028 | Scaled: -0.0045 | Turnover: 13.88% | Vol Scale: 1.63
2026-03-01 20:26:43,519 - INFO - 
============================================================
2026-03-01 20:26:43,519 - INFO - Running paper trading for 2025-09-19
2026-03-01 20:26:43,519 - INFO - ============================================================
2026-03-01 20:26:43,520 - INFO - Portfolio construction: 38 longs, 38 shorts (from 38 candidates)
2026-03-01 20:26:43,520 - INFO - Vol targeting: rolling_vol=0.0368, scale=2.0000
2026-03-01 20:26:43,520 - INFO - PnL Net: -0.0018 | Scaled: -0.0037 | Turnover: 14.15% | Vol Scale: 2.00
2026-03-01 20:26:43,520 - INFO - 
============================================================
2026-03-01 20:26:43,521 - INFO - Running paper trading for 2025-09-22
2026-03-01 20:26:43,521 - INFO - ============================================================
2026-03-01 20:26:43,521 - INFO - Portfolio construction: 38 longs, 38 shorts (from 38 candidates)
2026-03-01 20:26:43,521 - INFO - Vol targeting: rolling_vol=0.0347, scale=2.0000
2026-03-01 20:26:43,522 - INFO - PnL Net: -0.0022 | Scaled: -0.0044 | Turnover: 12.25% | Vol Scale: 2.00
2026-03-01 20:26:43,522 - INFO - 
============================================================
2026-03-01 20:26:43,522 - INFO - Running paper trading for 2025-09-23
2026-03-01 20:26:43,522 - INFO - ============================================================
2026-03-01 20:26:43,523 - INFO - Portfolio construction: 38 longs, 38 shorts (from 38 candidates)
2026-03-01 20:26:43,523 - INFO - Vol targeting: rolling_vol=0.0347, scale=2.0000
2026-03-01 20:26:43,523 - INFO - PnL Net: 0.0006 | Scaled: 0.0012 | Turnover: 11.55% | Vol Scale: 2.00
2026-03-01 20:26:43,523 - INFO - 
============================================================
2026-03-01 20:26:43,523 - INFO - Running paper trading for 2025-09-24
2026-03-01 20:26:43,523 - INFO - ============================================================
2026-03-01 20:26:43,524 - INFO - Portfolio construction: 38 longs, 38 shorts (from 38 candidates)
2026-03-01 20:26:43,524 - INFO - Vol targeting: rolling_vol=0.0370, scale=2.0000
2026-03-01 20:26:43,524 - WARNING - KS3 TRIGGERED: 60-day Sharpe -0.2339 < 0
2026-03-01 20:26:43,524 - INFO - PnL Net: -0.0044 | Scaled: -0.0087 | Turnover: 10.82% | Vol Scale: 2.00
2026-03-01 20:26:43,524 - INFO - 
============================================================
2026-03-01 20:26:43,524 - INFO - Running paper trading for 2025-09-25
2026-03-01 20:26:43,524 - INFO - ============================================================
2026-03-01 20:26:43,525 - INFO - Portfolio construction: 38 longs, 38 shorts (from 38 candidates)
2026-03-01 20:26:43,525 - INFO - Vol targeting: rolling_vol=0.0394, scale=2.0000
2026-03-01 20:26:43,525 - WARNING - KS3 TRIGGERED: 60-day Sharpe -0.0747 < 0
2026-03-01 20:26:43,525 - INFO - PnL Net: 0.0031 | Scaled: 0.0063 | Turnover: 11.32% | Vol Scale: 2.00
2026-03-01 20:26:43,525 - INFO - 
============================================================
2026-03-01 20:26:43,525 - INFO - Running paper trading for 2025-09-26
2026-03-01 20:26:43,525 - INFO - ============================================================
2026-03-01 20:26:43,527 - INFO - Portfolio construction: 38 longs, 38 shorts (from 38 candidates)
2026-03-01 20:26:43,527 - INFO - Vol targeting: rolling_vol=0.0396, scale=2.0000
2026-03-01 20:26:43,527 - WARNING - KS3 TRIGGERED: 60-day Sharpe -0.1133 < 0
2026-03-01 20:26:43,528 - INFO - PnL Net: 0.0009 | Scaled: 0.0019 | Turnover: 10.79% | Vol Scale: 2.00
2026-03-01 20:26:43,528 - INFO - 
============================================================
2026-03-01 20:26:43,528 - INFO - Running paper trading for 2025-09-29
2026-03-01 20:26:43,528 - INFO - ============================================================
2026-03-01 20:26:43,528 - INFO - Portfolio construction: 38 longs, 38 shorts (from 38 candidates)
2026-03-01 20:26:43,529 - INFO - Vol targeting: rolling_vol=0.0395, scale=2.0000
2026-03-01 20:26:43,529 - INFO - PnL Net: 0.0006 | Scaled: 0.0013 | Turnover: 18.78% | Vol Scale: 2.00
2026-03-01 20:26:43,529 - INFO - 
============================================================
2026-03-01 20:26:43,529 - INFO - Running paper trading for 2025-09-30
2026-03-01 20:26:43,529 - INFO - ============================================================
2026-03-01 20:26:43,530 - INFO - Portfolio construction: 38 longs, 38 shorts (from 38 candidates)
2026-03-01 20:26:43,530 - INFO - Vol targeting: rolling_vol=0.0394, scale=2.0000
2026-03-01 20:26:43,530 - INFO - PnL Net: 0.0013 | Scaled: 0.0026 | Turnover: 16.32% | Vol Scale: 2.00
2026-03-01 20:26:43,530 - INFO - 
============================================================
2026-03-01 20:26:43,530 - INFO - Running paper trading for 2025-10-01
2026-03-01 20:26:43,530 - INFO - ============================================================
2026-03-01 20:26:43,531 - INFO - Portfolio construction: 38 longs, 38 shorts (from 38 candidates)
2026-03-01 20:26:43,532 - INFO - Vol targeting: rolling_vol=0.0406, scale=1.9724
2026-03-01 20:26:43,532 - INFO - PnL Net: 0.0029 | Scaled: 0.0057 | Turnover: 13.62% | Vol Scale: 1.97
2026-03-01 20:26:43,532 - INFO - 
============================================================
2026-03-01 20:26:43,532 - INFO - Running paper trading for 2025-10-02
2026-03-01 20:26:43,532 - INFO - ============================================================
2026-03-01 20:26:43,533 - INFO - Portfolio construction: 38 longs, 38 shorts (from 38 candidates)
2026-03-01 20:26:43,533 - INFO - Vol targeting: rolling_vol=0.0415, scale=1.9257
2026-03-01 20:26:43,533 - INFO - PnL Net: 0.0028 | Scaled: 0.0053 | Turnover: 12.21% | Vol Scale: 1.93
2026-03-01 20:26:43,533 - INFO - 
============================================================
2026-03-01 20:26:43,533 - INFO - Running paper trading for 2025-10-03
2026-03-01 20:26:43,533 - INFO - ============================================================
2026-03-01 20:26:43,534 - INFO - Portfolio construction: 38 longs, 38 shorts (from 38 candidates)
2026-03-01 20:26:43,534 - INFO - Vol targeting: rolling_vol=0.0436, scale=1.8365
2026-03-01 20:26:43,534 - INFO - PnL Net: 0.0040 | Scaled: 0.0073 | Turnover: 10.49% | Vol Scale: 1.84
2026-03-01 20:26:43,534 - INFO - 
============================================================
2026-03-01 20:26:43,534 - INFO - Running paper trading for 2025-10-06
2026-03-01 20:26:43,534 - INFO - ============================================================
2026-03-01 20:26:43,535 - INFO - Portfolio construction: 38 longs, 38 shorts (from 38 candidates)
2026-03-01 20:26:43,535 - INFO - Vol targeting: rolling_vol=0.0440, scale=1.8163
2026-03-01 20:26:43,536 - INFO - PnL Net: -0.0017 | Scaled: -0.0032 | Turnover: 8.91% | Vol Scale: 1.82
2026-03-01 20:26:43,536 - INFO - 
============================================================
2026-03-01 20:26:43,536 - INFO - Running paper trading for 2025-10-07
2026-03-01 20:26:43,536 - INFO - ============================================================
2026-03-01 20:26:43,536 - INFO - Portfolio construction: 38 longs, 38 shorts (from 38 candidates)
2026-03-01 20:26:43,536 - INFO - Vol targeting: rolling_vol=0.0418, scale=1.9150
2026-03-01 20:26:43,536 - INFO - PnL Net: 0.0027 | Scaled: 0.0053 | Turnover: 7.62% | Vol Scale: 1.91
2026-03-01 20:26:43,536 - INFO - 
============================================================
2026-03-01 20:26:43,536 - INFO - Running paper trading for 2025-10-08
2026-03-01 20:26:43,536 - INFO - ============================================================
2026-03-01 20:26:43,538 - INFO - Portfolio construction: 38 longs, 38 shorts (from 38 candidates)
2026-03-01 20:26:43,538 - INFO - Vol targeting: rolling_vol=0.0400, scale=1.9984
2026-03-01 20:26:43,538 - INFO - PnL Net: -0.0012 | Scaled: -0.0024 | Turnover: 6.47% | Vol Scale: 2.00
2026-03-01 20:26:43,538 - INFO - 
============================================================
2026-03-01 20:26:43,538 - INFO - Running paper trading for 2025-10-09
2026-03-01 20:26:43,538 - INFO - ============================================================
2026-03-01 20:26:43,539 - INFO - Portfolio construction: 38 longs, 38 shorts (from 38 candidates)
2026-03-01 20:26:43,539 - INFO - Vol targeting: rolling_vol=0.0499, scale=1.6037
2026-03-01 20:26:43,539 - INFO - PnL Net: -0.0093 | Scaled: -0.0149 | Turnover: 6.11% | Vol Scale: 1.60
2026-03-01 20:26:43,539 - INFO - 
============================================================
2026-03-01 20:26:43,540 - INFO - Running paper trading for 2025-10-10
2026-03-01 20:26:43,540 - INFO - ============================================================
2026-03-01 20:26:43,540 - INFO - Portfolio construction: 38 longs, 38 shorts (from 38 candidates)
2026-03-01 20:26:43,541 - INFO - Vol targeting: rolling_vol=0.0501, scale=1.5958
2026-03-01 20:26:43,541 - INFO - PnL Net: 0.0026 | Scaled: 0.0041 | Turnover: 16.58% | Vol Scale: 1.60
2026-03-01 20:26:43,541 - INFO - 
============================================================
2026-03-01 20:26:43,541 - INFO - Running paper trading for 2025-10-13
2026-03-01 20:26:43,541 - INFO - ============================================================
2026-03-01 20:26:43,542 - INFO - Portfolio construction: 38 longs, 36 shorts (from 38 candidates)
2026-03-01 20:26:43,542 - INFO - Vol targeting: rolling_vol=0.0500, scale=1.5985
2026-03-01 20:26:43,542 - INFO - PnL Net: 0.0001 | Scaled: 0.0001 | Turnover: 21.87% | Vol Scale: 1.60
2026-03-01 20:26:43,542 - INFO - 
============================================================
2026-03-01 20:26:43,542 - INFO - Running paper trading for 2025-10-14
2026-03-01 20:26:43,542 - INFO - ============================================================
2026-03-01 20:26:43,543 - INFO - Portfolio construction: 38 longs, 38 shorts (from 38 candidates)
2026-03-01 20:26:43,543 - INFO - Vol targeting: rolling_vol=0.0503, scale=1.5894
2026-03-01 20:26:43,543 - INFO - PnL Net: 0.0017 | Scaled: 0.0028 | Turnover: 19.87% | Vol Scale: 1.59
2026-03-01 20:26:43,543 - INFO - 
============================================================
2026-03-01 20:26:43,543 - INFO - Running paper trading for 2025-10-15
2026-03-01 20:26:43,543 - INFO - ============================================================
2026-03-01 20:26:43,544 - INFO - Portfolio construction: 38 longs, 38 shorts (from 38 candidates)
2026-03-01 20:26:43,545 - INFO - Vol targeting: rolling_vol=0.0506, scale=1.5825
2026-03-01 20:26:43,545 - WARNING - KS3 TRIGGERED: 60-day Sharpe -0.2138 < 0
2026-03-01 20:26:43,545 - INFO - PnL Net: -0.0039 | Scaled: -0.0062 | Turnover: 19.76% | Vol Scale: 1.58
2026-03-01 20:26:43,545 - INFO - 
============================================================
2026-03-01 20:26:43,545 - INFO - Running paper trading for 2025-10-16
2026-03-01 20:26:43,545 - INFO - ============================================================
2026-03-01 20:26:43,546 - INFO - Portfolio construction: 38 longs, 38 shorts (from 38 candidates)
2026-03-01 20:26:43,546 - INFO - Vol targeting: rolling_vol=0.0497, scale=1.6093
2026-03-01 20:26:43,546 - INFO - PnL Net: 0.0004 | Scaled: 0.0006 | Turnover: 19.81% | Vol Scale: 1.61
2026-03-01 20:26:43,546 - INFO - 
============================================================
2026-03-01 20:26:43,546 - INFO - Running paper trading for 2025-10-17
2026-03-01 20:26:43,547 - INFO - ============================================================
2026-03-01 20:26:43,547 - INFO - Portfolio construction: 38 longs, 2 shorts (from 38 candidates)
2026-03-01 20:26:43,548 - INFO - Vol targeting: rolling_vol=0.0522, scale=1.5325
2026-03-01 20:26:43,548 - INFO - PnL Net: 0.0050 | Scaled: 0.0077 | Turnover: 21.18% | Vol Scale: 1.53
2026-03-01 20:26:43,548 - INFO - 
============================================================
2026-03-01 20:26:43,548 - INFO - Running paper trading for 2025-10-20
2026-03-01 20:26:43,548 - INFO - ============================================================
2026-03-01 20:26:43,548 - INFO - Portfolio construction: 38 longs, 38 shorts (from 38 candidates)
2026-03-01 20:26:43,548 - INFO - Vol targeting: rolling_vol=0.0521, scale=1.5369
2026-03-01 20:26:43,548 - INFO - PnL Net: 0.0028 | Scaled: 0.0043 | Turnover: 19.97% | Vol Scale: 1.54
2026-03-01 20:26:43,549 - INFO - 
============================================================
2026-03-01 20:26:43,549 - INFO - Running paper trading for 2025-10-21
2026-03-01 20:26:43,549 - INFO - ============================================================
2026-03-01 20:26:43,549 - INFO - Portfolio construction: 38 longs, 38 shorts (from 38 candidates)
2026-03-01 20:26:43,550 - INFO - Vol targeting: rolling_vol=0.0528, scale=1.5154
2026-03-01 20:26:43,550 - INFO - PnL Net: -0.0020 | Scaled: -0.0030 | Turnover: 17.75% | Vol Scale: 1.52
2026-03-01 20:26:43,550 - INFO - 
============================================================
2026-03-01 20:26:43,550 - INFO - Running paper trading for 2025-10-22
2026-03-01 20:26:43,550 - INFO - ============================================================
2026-03-01 20:26:43,551 - INFO - Portfolio construction: 38 longs, 38 shorts (from 38 candidates)
2026-03-01 20:26:43,551 - INFO - Vol targeting: rolling_vol=0.0516, scale=1.5499
2026-03-01 20:26:43,551 - INFO - PnL Net: 0.0046 | Scaled: 0.0071 | Turnover: 16.55% | Vol Scale: 1.55
2026-03-01 20:26:43,551 - INFO - 
============================================================
2026-03-01 20:26:43,551 - INFO - Running paper trading for 2025-10-23
2026-03-01 20:26:43,551 - INFO - ============================================================
2026-03-01 20:26:43,552 - INFO - Portfolio construction: 38 longs, 38 shorts (from 38 candidates)
2026-03-01 20:26:43,552 - INFO - Vol targeting: rolling_vol=0.0510, scale=1.5701
2026-03-01 20:26:43,552 - INFO - PnL Net: 0.0010 | Scaled: 0.0015 | Turnover: 18.04% | Vol Scale: 1.57
2026-03-01 20:26:43,552 - INFO - 
============================================================
2026-03-01 20:26:43,552 - INFO - Running paper trading for 2025-10-24
2026-03-01 20:26:43,552 - INFO - ============================================================
2026-03-01 20:26:43,553 - INFO - Portfolio construction: 38 longs, 38 shorts (from 38 candidates)
2026-03-01 20:26:43,554 - INFO - Vol targeting: rolling_vol=0.0511, scale=1.5665
2026-03-01 20:26:43,554 - INFO - PnL Net: 0.0018 | Scaled: 0.0028 | Turnover: 20.07% | Vol Scale: 1.57
2026-03-01 20:26:43,554 - INFO - 
============================================================
2026-03-01 20:26:43,554 - INFO - Running paper trading for 2025-10-27
2026-03-01 20:26:43,554 - INFO - ============================================================
2026-03-01 20:26:43,555 - INFO - Portfolio construction: 38 longs, 38 shorts (from 38 candidates)
2026-03-01 20:26:43,555 - INFO - Vol targeting: rolling_vol=0.0513, scale=1.5609
2026-03-01 20:26:43,555 - INFO - PnL Net: -0.0005 | Scaled: -0.0007 | Turnover: 20.20% | Vol Scale: 1.56
2026-03-01 20:26:43,555 - INFO - 
============================================================
2026-03-01 20:26:43,555 - INFO - Running paper trading for 2025-10-28
2026-03-01 20:26:43,555 - INFO - ============================================================
2026-03-01 20:26:43,556 - INFO - Portfolio construction: 38 longs, 38 shorts (from 38 candidates)
2026-03-01 20:26:43,556 - INFO - Vol targeting: rolling_vol=0.0516, scale=1.5503
2026-03-01 20:26:43,556 - INFO - PnL Net: -0.0011 | Scaled: -0.0017 | Turnover: 17.57% | Vol Scale: 1.55
2026-03-01 20:26:43,556 - INFO - 
============================================================
2026-03-01 20:26:43,556 - INFO - Running paper trading for 2025-10-29
2026-03-01 20:26:43,556 - INFO - ============================================================
2026-03-01 20:26:43,557 - INFO - Portfolio construction: 38 longs, 38 shorts (from 38 candidates)
2026-03-01 20:26:43,557 - INFO - Vol targeting: rolling_vol=0.0533, scale=1.4997
2026-03-01 20:26:43,558 - INFO - PnL Net: -0.0041 | Scaled: -0.0061 | Turnover: 16.24% | Vol Scale: 1.50
2026-03-01 20:26:43,558 - INFO - 
============================================================
2026-03-01 20:26:43,558 - INFO - Running paper trading for 2025-10-30
2026-03-01 20:26:43,558 - INFO - ============================================================
2026-03-01 20:26:43,559 - INFO - Portfolio construction: 38 longs, 38 shorts (from 38 candidates)
2026-03-01 20:26:43,559 - INFO - Vol targeting: rolling_vol=0.0529, scale=1.5111
2026-03-01 20:26:43,559 - INFO - PnL Net: 0.0019 | Scaled: 0.0029 | Turnover: 17.83% | Vol Scale: 1.51
2026-03-01 20:26:43,559 - INFO - 
============================================================
2026-03-01 20:26:43,559 - INFO - Running paper trading for 2025-10-31
2026-03-01 20:26:43,559 - INFO - ============================================================
2026-03-01 20:26:43,560 - INFO - Portfolio construction: 38 longs, 38 shorts (from 38 candidates)
2026-03-01 20:26:43,561 - INFO - Vol targeting: rolling_vol=0.0514, scale=1.5577
2026-03-01 20:26:43,561 - INFO - PnL Net: -0.0012 | Scaled: -0.0019 | Turnover: 17.75% | Vol Scale: 1.56
2026-03-01 20:26:43,561 - INFO - 
============================================================
2026-03-01 20:26:43,561 - INFO - Running paper trading for 2025-11-03
2026-03-01 20:26:43,561 - INFO - ============================================================
2026-03-01 20:26:43,562 - INFO - Portfolio construction: 38 longs, 38 shorts (from 38 candidates)
2026-03-01 20:26:43,562 - INFO - Vol targeting: rolling_vol=0.0532, scale=1.5032
2026-03-01 20:26:43,562 - INFO - PnL Net: -0.0044 | Scaled: -0.0065 | Turnover: 18.48% | Vol Scale: 1.50
2026-03-01 20:26:43,562 - INFO - 
============================================================
2026-03-01 20:26:43,562 - INFO - Running paper trading for 2025-11-04
2026-03-01 20:26:43,562 - INFO - ============================================================
2026-03-01 20:26:43,563 - INFO - Portfolio construction: 38 longs, 38 shorts (from 38 candidates)
2026-03-01 20:26:43,563 - INFO - Vol targeting: rolling_vol=0.0532, scale=1.5046
2026-03-01 20:26:43,563 - INFO - PnL Net: 0.0027 | Scaled: 0.0040 | Turnover: 18.50% | Vol Scale: 1.50
2026-03-01 20:26:43,563 - INFO - 
============================================================
2026-03-01 20:26:43,563 - INFO - Running paper trading for 2025-11-05
2026-03-01 20:26:43,563 - INFO - ============================================================
2026-03-01 20:26:43,564 - INFO - Portfolio construction: 38 longs, 38 shorts (from 38 candidates)
2026-03-01 20:26:43,564 - INFO - Vol targeting: rolling_vol=0.0556, scale=1.4381
2026-03-01 20:26:43,564 - WARNING - KS3 TRIGGERED: 60-day Sharpe -0.0205 < 0
2026-03-01 20:26:43,564 - INFO - PnL Net: -0.0050 | Scaled: -0.0071 | Turnover: 18.91% | Vol Scale: 1.44
2026-03-01 20:26:43,564 - INFO - 
============================================================
2026-03-01 20:26:43,564 - INFO - Running paper trading for 2025-11-06
2026-03-01 20:26:43,564 - INFO - ============================================================
2026-03-01 20:26:43,565 - INFO - Portfolio construction: 38 longs, 38 shorts (from 38 candidates)
2026-03-01 20:26:43,565 - INFO - Vol targeting: rolling_vol=0.0450, scale=1.7759
2026-03-01 20:26:43,565 - WARNING - KS3 TRIGGERED: 60-day Sharpe -0.0011 < 0
2026-03-01 20:26:43,565 - INFO - PnL Net: 0.0004 | Scaled: 0.0007 | Turnover: 19.27% | Vol Scale: 1.78
2026-03-01 20:26:43,565 - INFO - 
============================================================
2026-03-01 20:26:43,565 - INFO - Running paper trading for 2025-11-07
2026-03-01 20:26:43,565 - INFO - ============================================================
2026-03-01 20:26:43,566 - WARNING - No negative predictions for shorts - skipping short positions
2026-03-01 20:26:43,566 - INFO - Portfolio construction: 38 longs, 0 shorts (from 38 candidates)
2026-03-01 20:26:43,567 - INFO - Vol targeting: rolling_vol=0.0446, scale=1.7921
2026-03-01 20:26:43,567 - INFO - PnL Net: 0.0019 | Scaled: 0.0034 | Turnover: 13.18% | Vol Scale: 1.79
2026-03-01 20:26:43,567 - INFO - 
============================================================
2026-03-01 20:26:43,567 - INFO - Running paper trading for 2025-11-10
2026-03-01 20:26:43,567 - INFO - ============================================================
2026-03-01 20:26:43,567 - INFO - Portfolio construction: 38 longs, 38 shorts (from 38 candidates)
2026-03-01 20:26:43,567 - INFO - Vol targeting: rolling_vol=0.0454, scale=1.7634
2026-03-01 20:26:43,569 - INFO - PnL Net: 0.0024 | Scaled: 0.0043 | Turnover: 18.16% | Vol Scale: 1.76
2026-03-01 20:26:43,569 - INFO - 
============================================================
2026-03-01 20:26:43,569 - INFO - Running paper trading for 2025-11-11
2026-03-01 20:26:43,569 - INFO - ============================================================
2026-03-01 20:26:43,570 - INFO - Portfolio construction: 38 longs, 38 shorts (from 38 candidates)
2026-03-01 20:26:43,570 - INFO - Vol targeting: rolling_vol=0.0464, scale=1.7224
2026-03-01 20:26:43,570 - INFO - PnL Net: 0.0034 | Scaled: 0.0059 | Turnover: 16.31% | Vol Scale: 1.72
2026-03-01 20:26:43,570 - INFO - 
============================================================
2026-03-01 20:26:43,570 - INFO - Running paper trading for 2025-11-12
2026-03-01 20:26:43,570 - INFO - ============================================================
2026-03-01 20:26:43,571 - INFO - Portfolio construction: 38 longs, 38 shorts (from 38 candidates)
2026-03-01 20:26:43,571 - INFO - Vol targeting: rolling_vol=0.0448, scale=1.7861
2026-03-01 20:26:43,572 - INFO - PnL Net: -0.0022 | Scaled: -0.0039 | Turnover: 15.82% | Vol Scale: 1.79
2026-03-01 20:26:43,572 - INFO - 
============================================================
2026-03-01 20:26:43,572 - INFO - Running paper trading for 2025-11-13
2026-03-01 20:26:43,572 - INFO - ============================================================
2026-03-01 20:26:43,573 - INFO - Portfolio construction: 38 longs, 38 shorts (from 38 candidates)
2026-03-01 20:26:43,573 - INFO - Vol targeting: rolling_vol=0.0464, scale=1.7238
2026-03-01 20:26:43,573 - INFO - PnL Net: -0.0031 | Scaled: -0.0054 | Turnover: 17.53% | Vol Scale: 1.72
2026-03-01 20:26:43,573 - INFO - 
============================================================
2026-03-01 20:26:43,573 - INFO - Running paper trading for 2025-11-14
2026-03-01 20:26:43,573 - INFO - ============================================================
2026-03-01 20:26:43,574 - INFO - Portfolio construction: 38 longs, 38 shorts (from 38 candidates)
2026-03-01 20:26:43,574 - INFO - Vol targeting: rolling_vol=0.0494, scale=1.6195
2026-03-01 20:26:43,574 - WARNING - KS3 TRIGGERED: 60-day Sharpe -1.2139 < 0
2026-03-01 20:26:43,574 - INFO - PnL Net: -0.0071 | Scaled: -0.0114 | Turnover: 18.41% | Vol Scale: 1.62
2026-03-01 20:26:43,574 - INFO - 
============================================================
2026-03-01 20:26:43,574 - INFO - Running paper trading for 2025-11-17
2026-03-01 20:26:43,574 - INFO - ============================================================
2026-03-01 20:26:43,575 - INFO - Portfolio construction: 38 longs, 38 shorts (from 38 candidates)
2026-03-01 20:26:43,575 - INFO - Vol targeting: rolling_vol=0.0481, scale=1.6647
2026-03-01 20:26:43,576 - WARNING - KS3 TRIGGERED: 60-day Sharpe -0.9382 < 0
2026-03-01 20:26:43,576 - INFO - PnL Net: -0.0011 | Scaled: -0.0018 | Turnover: 18.60% | Vol Scale: 1.66
2026-03-01 20:26:43,576 - INFO - 
============================================================
2026-03-01 20:26:43,576 - INFO - Running paper trading for 2025-11-18
2026-03-01 20:26:43,576 - INFO - ============================================================
2026-03-01 20:26:43,576 - INFO - Portfolio construction: 38 longs, 38 shorts (from 38 candidates)
2026-03-01 20:26:43,577 - INFO - Vol targeting: rolling_vol=0.0478, scale=1.6738
2026-03-01 20:26:43,577 - WARNING - KS3 TRIGGERED: 60-day Sharpe -0.9945 < 0
2026-03-01 20:26:43,577 - INFO - PnL Net: -0.0001 | Scaled: -0.0002 | Turnover: 17.82% | Vol Scale: 1.67
2026-03-01 20:26:43,577 - INFO - 
============================================================
2026-03-01 20:26:43,577 - INFO - Running paper trading for 2025-11-19
2026-03-01 20:26:43,577 - INFO - ============================================================
2026-03-01 20:26:43,578 - INFO - Portfolio construction: 38 longs, 10 shorts (from 38 candidates)
2026-03-01 20:26:43,578 - INFO - Vol targeting: rolling_vol=0.0464, scale=1.7231
2026-03-01 20:26:43,578 - WARNING - KS3 TRIGGERED: 60-day Sharpe -1.4547 < 0
2026-03-01 20:26:43,578 - INFO - PnL Net: -0.0049 | Scaled: -0.0085 | Turnover: 20.34% | Vol Scale: 1.72
2026-03-01 20:26:43,578 - INFO - 
============================================================
2026-03-01 20:26:43,578 - INFO - Running paper trading for 2025-11-20
2026-03-01 20:26:43,578 - INFO - ============================================================
2026-03-01 20:26:43,579 - INFO - Portfolio construction: 38 longs, 4 shorts (from 38 candidates)
2026-03-01 20:26:43,579 - INFO - Vol targeting: rolling_vol=0.0537, scale=1.4897
2026-03-01 20:26:43,579 - WARNING - KS3 TRIGGERED: 60-day Sharpe -0.7805 < 0
2026-03-01 20:26:43,579 - INFO - PnL Net: 0.0070 | Scaled: 0.0104 | Turnover: 18.63% | Vol Scale: 1.49
2026-03-01 20:26:43,579 - INFO - 
============================================================
2026-03-01 20:26:43,579 - INFO - Running paper trading for 2025-11-21
2026-03-01 20:26:43,579 - INFO - ============================================================
2026-03-01 20:26:43,580 - WARNING - No negative predictions for shorts - skipping short positions
2026-03-01 20:26:43,580 - INFO - Portfolio construction: 38 longs, 0 shorts (from 38 candidates)
2026-03-01 20:26:43,580 - INFO - Vol targeting: rolling_vol=0.0544, scale=1.4711
2026-03-01 20:26:43,581 - WARNING - KS3 TRIGGERED: 60-day Sharpe -0.5647 < 0
2026-03-01 20:26:43,581 - INFO - PnL Net: 0.0028 | Scaled: 0.0041 | Turnover: 14.74% | Vol Scale: 1.47
2026-03-01 20:26:43,581 - INFO - 
============================================================
2026-03-01 20:26:43,581 - INFO - Running paper trading for 2025-11-24
2026-03-01 20:26:43,581 - INFO - ============================================================
2026-03-01 20:26:43,582 - INFO - Portfolio construction: 38 longs, 38 shorts (from 38 candidates)
2026-03-01 20:26:43,582 - INFO - Vol targeting: rolling_vol=0.0569, scale=1.4057
2026-03-01 20:26:43,582 - WARNING - KS3 TRIGGERED: 60-day Sharpe -0.0606 < 0
2026-03-01 20:26:43,582 - INFO - PnL Net: 0.0042 | Scaled: 0.0060 | Turnover: 18.63% | Vol Scale: 1.41
2026-03-01 20:26:43,582 - INFO - 
============================================================
2026-03-01 20:26:43,582 - INFO - Running paper trading for 2025-11-25
2026-03-01 20:26:43,582 - INFO - ============================================================
2026-03-01 20:26:43,583 - INFO - Portfolio construction: 38 longs, 29 shorts (from 38 candidates)
2026-03-01 20:26:43,583 - INFO - Vol targeting: rolling_vol=0.0582, scale=1.3744
2026-03-01 20:26:43,583 - INFO - PnL Net: 0.0033 | Scaled: 0.0045 | Turnover: 16.83% | Vol Scale: 1.37
2026-03-01 20:26:43,583 - INFO - 
============================================================
2026-03-01 20:26:43,583 - INFO - Running paper trading for 2025-11-26
2026-03-01 20:26:43,583 - INFO - ============================================================
2026-03-01 20:26:43,584 - INFO - Portfolio construction: 38 longs, 38 shorts (from 38 candidates)
2026-03-01 20:26:43,585 - INFO - Vol targeting: rolling_vol=0.0572, scale=1.3978
2026-03-01 20:26:43,585 - INFO - PnL Net: 0.0028 | Scaled: 0.0039 | Turnover: 19.67% | Vol Scale: 1.40
2026-03-01 20:26:43,585 - INFO - 
============================================================
2026-03-01 20:26:43,585 - INFO - Running paper trading for 2025-11-28
2026-03-01 20:26:43,585 - INFO - ============================================================
2026-03-01 20:26:43,586 - INFO - Portfolio construction: 38 longs, 38 shorts (from 38 candidates)
2026-03-01 20:26:43,586 - INFO - Vol targeting: rolling_vol=0.0570, scale=1.4044
2026-03-01 20:26:43,586 - INFO - PnL Net: -0.0008 | Scaled: -0.0011 | Turnover: 18.71% | Vol Scale: 1.40
2026-03-01 20:26:43,587 - INFO - 
============================================================
2026-03-01 20:26:43,587 - INFO - Running paper trading for 2025-12-01
2026-03-01 20:26:43,587 - INFO - ============================================================
2026-03-01 20:26:43,587 - INFO - Portfolio construction: 38 longs, 38 shorts (from 38 candidates)
2026-03-01 20:26:43,588 - INFO - Vol targeting: rolling_vol=0.0577, scale=1.3855
2026-03-01 20:26:43,588 - INFO - PnL Net: 0.0032 | Scaled: 0.0044 | Turnover: 17.87% | Vol Scale: 1.39
2026-03-01 20:26:43,588 - INFO - 
============================================================
2026-03-01 20:26:43,588 - INFO - Running paper trading for 2025-12-02
2026-03-01 20:26:43,588 - INFO - ============================================================
2026-03-01 20:26:43,588 - INFO - Portfolio construction: 38 longs, 38 shorts (from 38 candidates)
2026-03-01 20:26:43,590 - INFO - Vol targeting: rolling_vol=0.0579, scale=1.3813
2026-03-01 20:26:43,590 - INFO - PnL Net: 0.0056 | Scaled: 0.0077 | Turnover: 20.20% | Vol Scale: 1.38
2026-03-01 20:26:43,590 - INFO - 
============================================================
2026-03-01 20:26:43,590 - INFO - Running paper trading for 2025-12-03
2026-03-01 20:26:43,590 - INFO - ============================================================
2026-03-01 20:26:43,591 - INFO - Portfolio construction: 38 longs, 38 shorts (from 38 candidates)
2026-03-01 20:26:43,591 - INFO - Vol targeting: rolling_vol=0.0576, scale=1.3891
2026-03-01 20:26:43,591 - INFO - PnL Net: -0.0002 | Scaled: -0.0003 | Turnover: 19.11% | Vol Scale: 1.39
2026-03-01 20:26:43,591 - INFO - 
============================================================
2026-03-01 20:26:43,591 - INFO - Running paper trading for 2025-12-04
2026-03-01 20:26:43,591 - INFO - ============================================================
2026-03-01 20:26:43,592 - INFO - Portfolio construction: 38 longs, 3 shorts (from 38 candidates)
2026-03-01 20:26:43,592 - INFO - Vol targeting: rolling_vol=0.0539, scale=1.4845
2026-03-01 20:26:43,592 - INFO - PnL Net: 0.0005 | Scaled: 0.0008 | Turnover: 19.09% | Vol Scale: 1.48
2026-03-01 20:26:43,592 - INFO - 
============================================================
2026-03-01 20:26:43,592 - INFO - Running paper trading for 2025-12-05
2026-03-01 20:26:43,592 - INFO - ============================================================
2026-03-01 20:26:43,593 - INFO - Portfolio construction: 38 longs, 2 shorts (from 38 candidates)
2026-03-01 20:26:43,594 - INFO - Vol targeting: rolling_vol=0.0571, scale=1.4018
2026-03-01 20:26:43,594 - INFO - PnL Net: -0.0045 | Scaled: -0.0063 | Turnover: 19.14% | Vol Scale: 1.40
2026-03-01 20:26:43,594 - INFO - 
============================================================
2026-03-01 20:26:43,594 - INFO - Running paper trading for 2025-12-08
2026-03-01 20:26:43,594 - INFO - ============================================================
2026-03-01 20:26:43,594 - WARNING - No negative predictions for shorts - skipping short positions
2026-03-01 20:26:43,594 - INFO - Portfolio construction: 38 longs, 0 shorts (from 38 candidates)
2026-03-01 20:26:43,594 - INFO - Vol targeting: rolling_vol=0.0570, scale=1.4030
2026-03-01 20:26:43,594 - INFO - PnL Net: -0.0005 | Scaled: -0.0008 | Turnover: 15.68% | Vol Scale: 1.40
2026-03-01 20:26:43,595 - INFO - 
============================================================
2026-03-01 20:26:43,595 - INFO - Running paper trading for 2025-12-09
2026-03-01 20:26:43,595 - INFO - ============================================================
2026-03-01 20:26:43,595 - INFO - Portfolio construction: 38 longs, 2 shorts (from 38 candidates)
2026-03-01 20:26:43,596 - INFO - Vol targeting: rolling_vol=0.0607, scale=1.3183
2026-03-01 20:26:43,596 - INFO - PnL Net: 0.0068 | Scaled: 0.0089 | Turnover: 18.84% | Vol Scale: 1.32
2026-03-01 20:26:43,596 - INFO - 
============================================================
2026-03-01 20:26:43,596 - INFO - Running paper trading for 2025-12-10
2026-03-01 20:26:43,596 - INFO - ============================================================
2026-03-01 20:26:43,597 - WARNING - No negative predictions for shorts - skipping short positions
2026-03-01 20:26:43,597 - INFO - Portfolio construction: 38 longs, 0 shorts (from 38 candidates)
2026-03-01 20:26:43,597 - INFO - Vol targeting: rolling_vol=0.0675, scale=1.1847
2026-03-01 20:26:43,597 - INFO - PnL Net: 0.0096 | Scaled: 0.0114 | Turnover: 13.56% | Vol Scale: 1.18
2026-03-01 20:26:43,597 - INFO - 
============================================================
2026-03-01 20:26:43,597 - INFO - Running paper trading for 2025-12-11
2026-03-01 20:26:43,597 - INFO - ============================================================
2026-03-01 20:26:43,598 - INFO - Portfolio construction: 38 longs, 38 shorts (from 38 candidates)
2026-03-01 20:26:43,598 - INFO - Vol targeting: rolling_vol=0.0665, scale=1.2031
2026-03-01 20:26:43,598 - INFO - PnL Net: 0.0011 | Scaled: 0.0013 | Turnover: 17.58% | Vol Scale: 1.20
2026-03-01 20:26:43,598 - INFO - 
============================================================
2026-03-01 20:26:43,598 - INFO - Running paper trading for 2025-12-12
2026-03-01 20:26:43,599 - INFO - ============================================================
2026-03-01 20:26:43,599 - INFO - Portfolio construction: 38 longs, 38 shorts (from 38 candidates)
2026-03-01 20:26:43,600 - INFO - Vol targeting: rolling_vol=0.0646, scale=1.2379
2026-03-01 20:26:43,600 - INFO - PnL Net: 0.0020 | Scaled: 0.0025 | Turnover: 20.65% | Vol Scale: 1.24
2026-03-01 20:26:43,600 - INFO - 
============================================================
2026-03-01 20:26:43,600 - INFO - Running paper trading for 2025-12-15
2026-03-01 20:26:43,600 - INFO - ============================================================
2026-03-01 20:26:43,601 - INFO - Portfolio construction: 38 longs, 38 shorts (from 38 candidates)
2026-03-01 20:26:43,602 - INFO - Vol targeting: rolling_vol=0.0592, scale=1.3522
2026-03-01 20:26:43,602 - INFO - PnL Net: -0.0030 | Scaled: -0.0041 | Turnover: 19.78% | Vol Scale: 1.35
2026-03-01 20:26:43,602 - INFO - 
============================================================
2026-03-01 20:26:43,602 - INFO - Running paper trading for 2025-12-16
2026-03-01 20:26:43,602 - INFO - ============================================================
2026-03-01 20:26:43,603 - INFO - Portfolio construction: 38 longs, 38 shorts (from 38 candidates)
2026-03-01 20:26:43,603 - INFO - Vol targeting: rolling_vol=0.0591, scale=1.3527
2026-03-01 20:26:43,603 - INFO - PnL Net: -0.0011 | Scaled: -0.0014 | Turnover: 18.63% | Vol Scale: 1.35
2026-03-01 20:26:43,603 - INFO - 
============================================================
2026-03-01 20:26:43,603 - INFO - Running paper trading for 2025-12-17
2026-03-01 20:26:43,603 - INFO - ============================================================
2026-03-01 20:26:43,604 - INFO - Portfolio construction: 38 longs, 38 shorts (from 38 candidates)
2026-03-01 20:26:43,604 - INFO - Vol targeting: rolling_vol=0.0590, scale=1.3570
2026-03-01 20:26:43,604 - INFO - PnL Net: 0.0005 | Scaled: 0.0007 | Turnover: 18.11% | Vol Scale: 1.36
2026-03-01 20:26:43,604 - INFO - 
============================================================
2026-03-01 20:26:43,604 - INFO - Running paper trading for 2025-12-18
2026-03-01 20:26:43,604 - INFO - ============================================================
2026-03-01 20:26:43,606 - INFO - Portfolio construction: 38 longs, 38 shorts (from 38 candidates)
2026-03-01 20:26:43,606 - INFO - Vol targeting: rolling_vol=0.0538, scale=1.4865
2026-03-01 20:26:43,607 - INFO - PnL Net: 0.0014 | Scaled: 0.0021 | Turnover: 15.89% | Vol Scale: 1.49
2026-03-01 20:26:43,607 - INFO - 
============================================================
2026-03-01 20:26:43,607 - INFO - Running paper trading for 2025-12-19
2026-03-01 20:26:43,607 - INFO - ============================================================
2026-03-01 20:26:43,607 - INFO - Portfolio construction: 38 longs, 38 shorts (from 38 candidates)
2026-03-01 20:26:43,608 - INFO - Vol targeting: rolling_vol=0.0508, scale=1.5738
2026-03-01 20:26:43,608 - INFO - PnL Net: 0.0029 | Scaled: 0.0046 | Turnover: 15.26% | Vol Scale: 1.57
2026-03-01 20:26:43,608 - INFO - 
============================================================
2026-03-01 20:26:43,608 - INFO - Running paper trading for 2025-12-22
2026-03-01 20:26:43,608 - INFO - ============================================================
2026-03-01 20:26:43,609 - INFO - Portfolio construction: 38 longs, 38 shorts (from 38 candidates)
2026-03-01 20:26:43,609 - INFO - Vol targeting: rolling_vol=0.0516, scale=1.5517
2026-03-01 20:26:43,609 - INFO - PnL Net: -0.0009 | Scaled: -0.0014 | Turnover: 16.20% | Vol Scale: 1.55
2026-03-01 20:26:43,609 - INFO - 
============================================================
2026-03-01 20:26:43,609 - INFO - Running paper trading for 2025-12-23
2026-03-01 20:26:43,609 - INFO - ============================================================
2026-03-01 20:26:43,610 - INFO - Portfolio construction: 38 longs, 38 shorts (from 38 candidates)
2026-03-01 20:26:43,610 - INFO - Vol targeting: rolling_vol=0.0507, scale=1.5785
2026-03-01 20:26:43,610 - INFO - PnL Net: 0.0014 | Scaled: 0.0022 | Turnover: 18.49% | Vol Scale: 1.58
2026-03-01 20:26:43,610 - INFO - 
============================================================
2026-03-01 20:26:43,610 - INFO - Running paper trading for 2025-12-24
2026-03-01 20:26:43,610 - INFO - ============================================================
2026-03-01 20:26:43,611 - INFO - Portfolio construction: 38 longs, 38 shorts (from 38 candidates)
2026-03-01 20:26:43,611 - INFO - Vol targeting: rolling_vol=0.0504, scale=1.5889
2026-03-01 20:26:43,611 - INFO - PnL Net: 0.0005 | Scaled: 0.0008 | Turnover: 17.12% | Vol Scale: 1.59
2026-03-01 20:26:43,611 - INFO - 
============================================================
2026-03-01 20:26:43,611 - INFO - Running paper trading for 2025-12-26
2026-03-01 20:26:43,611 - INFO - ============================================================
2026-03-01 20:26:43,612 - INFO - Portfolio construction: 38 longs, 38 shorts (from 38 candidates)
2026-03-01 20:26:43,613 - INFO - Vol targeting: rolling_vol=0.0515, scale=1.5540
2026-03-01 20:26:43,613 - INFO - PnL Net: -0.0022 | Scaled: -0.0034 | Turnover: 16.78% | Vol Scale: 1.55
2026-03-01 20:26:43,613 - INFO - 
============================================================
2026-03-01 20:26:43,613 - INFO - Running paper trading for 2025-12-29
2026-03-01 20:26:43,613 - INFO - ============================================================
2026-03-01 20:26:43,614 - INFO - Portfolio construction: 38 longs, 38 shorts (from 38 candidates)
2026-03-01 20:26:43,614 - INFO - Vol targeting: rolling_vol=0.0514, scale=1.5572
2026-03-01 20:26:43,614 - INFO - PnL Net: -0.0006 | Scaled: -0.0009 | Turnover: 15.33% | Vol Scale: 1.56
2026-03-01 20:26:43,614 - INFO - 
============================================================
2026-03-01 20:26:43,614 - INFO - Running paper trading for 2026-02-20
2026-03-01 20:26:43,614 - INFO - ============================================================
2026-03-01 20:26:43,615 - INFO - Portfolio construction: 38 longs, 38 shorts (from 38 candidates)
2026-03-01 20:26:43,615 - INFO - Vol targeting: rolling_vol=0.0597, scale=1.3411
2026-03-01 20:26:43,615 - INFO - PnL Net: -0.0080 | Scaled: -0.0107 | Turnover: 21.23% | Vol Scale: 1.34
2026-03-01 20:26:43,615 - INFO - 
============================================================
2026-03-01 20:26:43,615 - INFO - Running paper trading for 2026-02-23
2026-03-01 20:26:43,615 - INFO - ============================================================
2026-03-01 20:26:43,616 - INFO - Portfolio construction: 38 longs, 38 shorts (from 38 candidates)
2026-03-01 20:26:43,617 - INFO - Vol targeting: rolling_vol=0.0594, scale=1.3476
2026-03-01 20:26:43,617 - INFO - PnL Net: 0.0053 | Scaled: 0.0071 | Turnover: 17.98% | Vol Scale: 1.35
2026-03-01 20:26:43,617 - INFO - 
============================================================
2026-03-01 20:26:43,617 - INFO - Running paper trading for 2026-02-24
2026-03-01 20:26:43,617 - INFO - ============================================================
2026-03-01 20:26:43,618 - INFO - Portfolio construction: 38 longs, 38 shorts (from 38 candidates)
2026-03-01 20:26:43,618 - INFO - Vol targeting: rolling_vol=0.0610, scale=1.3119
2026-03-01 20:26:43,618 - INFO - PnL Net: 0.0047 | Scaled: 0.0062 | Turnover: 15.33% | Vol Scale: 1.31
2026-03-01 20:26:43,618 - INFO - 
============================================================
2026-03-01 20:26:43,618 - INFO - Running paper trading for 2026-02-25
2026-03-01 20:26:43,618 - INFO - ============================================================
2026-03-01 20:26:43,619 - INFO - Portfolio construction: 38 longs, 38 shorts (from 38 candidates)
2026-03-01 20:26:43,619 - INFO - Vol targeting: rolling_vol=0.0610, scale=1.3115
2026-03-01 20:26:43,619 - INFO - PnL Net: 0.0003 | Scaled: 0.0004 | Turnover: 13.19% | Vol Scale: 1.31
2026-03-01 20:26:43,619 - INFO - 
============================================================
2026-03-01 20:26:43,619 - INFO - Running paper trading for 2026-02-26
2026-03-01 20:26:43,620 - INFO - ============================================================
2026-03-01 20:26:43,620 - INFO - Portfolio construction: 38 longs, 38 shorts (from 38 candidates)
2026-03-01 20:26:43,621 - INFO - Vol targeting: rolling_vol=0.0620, scale=1.2895
2026-03-01 20:26:43,621 - INFO - PnL Net: -0.0054 | Scaled: -0.0070 | Turnover: 12.09% | Vol Scale: 1.29
2026-03-01 20:26:43,627 - INFO - Saved daily results to C:\Users\luixj\AI\stock-data\data\processed\phase4\phase4_paper_trading_daily.parquet
2026-03-01 20:26:43,628 - INFO - Saved summary to C:\Users\luixj\AI\stock-data\data\processed\phase4\phase4_paper_trading_summary.json
2026-03-01 20:26:43,628 - INFO - 
============================================================
2026-03-01 20:26:43,628 - INFO - PAPER TRADING SUMMARY
2026-03-01 20:26:43,628 - INFO - ============================================================
2026-03-01 20:26:43,628 - INFO - Trading Days: 193
2026-03-01 20:26:43,628 - INFO - 
RAW PERFORMANCE (no vol targeting):
2026-03-01 20:26:43,628 - INFO -   Sharpe Ratio: 1.22
2026-03-01 20:26:43,628 - INFO -   Annual Return: 8.91%
2026-03-01 20:26:43,628 - INFO -   Volatility: 7.28%
2026-03-01 20:26:43,628 - INFO - 
VOL-TARGETED PERFORMANCE:
2026-03-01 20:26:43,628 - INFO -   Sharpe Ratio: 1.12
2026-03-01 20:26:43,628 - INFO -   Annual Return: 10.05%
2026-03-01 20:26:43,628 - INFO -   Volatility: 8.95%
2026-03-01 20:26:43,628 - INFO - 
RISK METRICS:
2026-03-01 20:26:43,628 - INFO -   Max Drawdown: -4.72%
2026-03-01 20:26:43,628 - INFO -   Long Sharpe: 0.73
2026-03-01 20:26:43,628 - INFO -   Short Sharpe: 0.54
2026-03-01 20:26:43,628 - INFO - 
EXECUTION:
2026-03-01 20:26:43,628 - INFO -   Avg Turnover: 18.08%
2026-03-01 20:26:43,628 - INFO -   Avg Cost: 0.5 bps
2026-03-01 20:26:43,628 - INFO - 
KILL SWITCHES:
2026-03-01 20:26:43,628 - INFO -   Events: 15 (7.8% of days)
2026-03-01 20:26:43,628 - INFO - ============================================================
2026-03-01 20:26:43,628 - INFO - Simulation complete: 193 days | Sharpe(scaled)=1.12 | MaxDD=-4.7%
2026-03-01 20:26:44,034 - INFO - ============================================================
2026-03-01 20:26:44,034 - INFO - STEP 6: Syncing Qdrant
2026-03-01 20:26:44,034 - INFO - ============================================================
2026-03-01 20:26:44,551 - INFO - HTTP Request: GET http://localhost:6333 "HTTP/1.1 200 OK"
2026-03-01 20:26:44,561 - INFO - HTTP Request: GET http://localhost:6333/collections/stock_recommendations "HTTP/1.1 200 OK"
2026-03-01 20:26:44,562 - INFO - Collection 'stock_recommendations' already exists.
2026-03-01 20:26:44,584 - INFO - HTTP Request: GET http://localhost:6333/collections/trading_results "HTTP/1.1 200 OK"
2026-03-01 20:26:44,584 - INFO - Collection 'trading_results' already exists.
2026-03-01 20:26:44,588 - INFO - HTTP Request: GET http://localhost:6333/collections/performance_metrics "HTTP/1.1 200 OK"
2026-03-01 20:26:44,588 - INFO - Collection 'performance_metrics' already exists.
2026-03-01 20:26:44,591 - INFO - HTTP Request: GET http://localhost:6333/collections/daily_trade_strategies "HTTP/1.1 200 OK"
2026-03-01 20:26:44,592 - INFO - Collection 'daily_trade_strategies' already exists.
2026-03-01 20:26:44,609 - INFO - HTTP Request: POST http://localhost:6333/collections/stock_recommendations/points/delete?wait=true "HTTP/1.1 200 OK"
2026-03-01 20:26:44,609 - INFO - Cleared 'stock_recommendations'.
2026-03-01 20:26:44,614 - INFO - HTTP Request: POST http://localhost:6333/collections/trading_results/points/delete?wait=true "HTTP/1.1 200 OK"
2026-03-01 20:26:44,615 - INFO - Cleared 'trading_results'.
2026-03-01 20:26:44,618 - INFO - HTTP Request: POST http://localhost:6333/collections/performance_metrics/points/delete?wait=true "HTTP/1.1 200 OK"
2026-03-01 20:26:44,618 - INFO - Cleared 'performance_metrics'.
2026-03-01 20:26:44,643 - INFO - HTTP Request: POST http://localhost:6333/collections/daily_trade_strategies/points/delete?wait=true "HTTP/1.1 200 OK"
2026-03-01 20:26:44,643 - INFO - Cleared 'daily_trade_strategies'.
2026-03-01 20:26:44,654 - INFO - HTTP Request: PUT http://localhost:6333/collections/stock_recommendations/points?wait=true "HTTP/1.1 200 OK"
2026-03-01 20:26:44,682 - INFO - HTTP Request: PUT http://localhost:6333/collections/daily_trade_strategies/points?wait=true "HTTP/1.1 200 OK"
2026-03-01 20:26:44,685 - INFO - HTTP Request: PUT http://localhost:6333/collections/trading_results/points?wait=true "HTTP/1.1 200 OK"
2026-03-01 20:26:44,693 - INFO - HTTP Request: PUT http://localhost:6333/collections/stock_recommendations/points?wait=true "HTTP/1.1 200 OK"
2026-03-01 20:26:44,719 - INFO - HTTP Request: PUT http://localhost:6333/collections/daily_trade_strategies/points?wait=true "HTTP/1.1 200 OK"
2026-03-01 20:26:44,723 - INFO - HTTP Request: PUT http://localhost:6333/collections/trading_results/points?wait=true "HTTP/1.1 200 OK"
2026-03-01 20:26:44,743 - INFO - HTTP Request: PUT http://localhost:6333/collections/stock_recommendations/points?wait=true "HTTP/1.1 200 OK"
2026-03-01 20:26:44,788 - INFO - HTTP Request: PUT http://localhost:6333/collections/daily_trade_strategies/points?wait=true "HTTP/1.1 200 OK"
2026-03-01 20:26:44,818 - INFO - HTTP Request: PUT http://localhost:6333/collections/trading_results/points?wait=true "HTTP/1.1 200 OK"
2026-03-01 20:26:44,828 - INFO - HTTP Request: PUT http://localhost:6333/collections/stock_recommendations/points?wait=true "HTTP/1.1 200 OK"
2026-03-01 20:26:44,857 - INFO - HTTP Request: PUT http://localhost:6333/collections/daily_trade_strategies/points?wait=true "HTTP/1.1 200 OK"
2026-03-01 20:26:44,862 - INFO - HTTP Request: PUT http://localhost:6333/collections/trading_results/points?wait=true "HTTP/1.1 200 OK"
2026-03-01 20:26:44,871 - INFO - HTTP Request: PUT http://localhost:6333/collections/stock_recommendations/points?wait=true "HTTP/1.1 200 OK"
2026-03-01 20:26:44,896 - INFO - HTTP Request: PUT http://localhost:6333/collections/daily_trade_strategies/points?wait=true "HTTP/1.1 200 OK"
2026-03-01 20:26:44,899 - INFO - HTTP Request: PUT http://localhost:6333/collections/trading_results/points?wait=true "HTTP/1.1 200 OK"
2026-03-01 20:26:44,907 - INFO - HTTP Request: PUT http://localhost:6333/collections/stock_recommendations/points?wait=true "HTTP/1.1 200 OK"
2026-03-01 20:26:44,931 - INFO - HTTP Request: PUT http://localhost:6333/collections/daily_trade_strategies/points?wait=true "HTTP/1.1 200 OK"
2026-03-01 20:26:44,935 - INFO - HTTP Request: PUT http://localhost:6333/collections/trading_results/points?wait=true "HTTP/1.1 200 OK"
2026-03-01 20:26:44,941 - INFO - HTTP Request: PUT http://localhost:6333/collections/stock_recommendations/points?wait=true "HTTP/1.1 200 OK"
2026-03-01 20:26:44,966 - INFO - HTTP Request: PUT http://localhost:6333/collections/daily_trade_strategies/points?wait=true "HTTP/1.1 200 OK"
2026-03-01 20:26:44,969 - INFO - HTTP Request: PUT http://localhost:6333/collections/trading_results/points?wait=true "HTTP/1.1 200 OK"
2026-03-01 20:26:44,976 - INFO - HTTP Request: PUT http://localhost:6333/collections/stock_recommendations/points?wait=true "HTTP/1.1 200 OK"
2026-03-01 20:26:44,999 - INFO - HTTP Request: PUT http://localhost:6333/collections/daily_trade_strategies/points?wait=true "HTTP/1.1 200 OK"
2026-03-01 20:26:45,003 - INFO - HTTP Request: PUT http://localhost:6333/collections/trading_results/points?wait=true "HTTP/1.1 200 OK"
2026-03-01 20:26:45,008 - INFO - HTTP Request: PUT http://localhost:6333/collections/stock_recommendations/points?wait=true "HTTP/1.1 200 OK"
2026-03-01 20:26:45,030 - INFO - HTTP Request: PUT http://localhost:6333/collections/daily_trade_strategies/points?wait=true "HTTP/1.1 200 OK"
2026-03-01 20:26:45,033 - INFO - HTTP Request: PUT http://localhost:6333/collections/trading_results/points?wait=true "HTTP/1.1 200 OK"
2026-03-01 20:26:45,041 - INFO - HTTP Request: PUT http://localhost:6333/collections/stock_recommendations/points?wait=true "HTTP/1.1 200 OK"
2026-03-01 20:26:45,084 - INFO - HTTP Request: PUT http://localhost:6333/collections/daily_trade_strategies/points?wait=true "HTTP/1.1 200 OK"
2026-03-01 20:26:45,088 - INFO - HTTP Request: PUT http://localhost:6333/collections/trading_results/points?wait=true "HTTP/1.1 200 OK"
2026-03-01 20:26:45,095 - INFO - HTTP Request: PUT http://localhost:6333/collections/stock_recommendations/points?wait=true "HTTP/1.1 200 OK"
2026-03-01 20:26:45,119 - INFO - HTTP Request: PUT http://localhost:6333/collections/daily_trade_strategies/points?wait=true "HTTP/1.1 200 OK"
2026-03-01 20:26:45,122 - INFO - HTTP Request: PUT http://localhost:6333/collections/trading_results/points?wait=true "HTTP/1.1 200 OK"
2026-03-01 20:26:45,129 - INFO - HTTP Request: PUT http://localhost:6333/collections/stock_recommendations/points?wait=true "HTTP/1.1 200 OK"
2026-03-01 20:26:45,152 - INFO - HTTP Request: PUT http://localhost:6333/collections/daily_trade_strategies/points?wait=true "HTTP/1.1 200 OK"
2026-03-01 20:26:45,156 - INFO - HTTP Request: PUT http://localhost:6333/collections/trading_results/points?wait=true "HTTP/1.1 200 OK"
2026-03-01 20:26:45,168 - INFO - HTTP Request: PUT http://localhost:6333/collections/stock_recommendations/points?wait=true "HTTP/1.1 200 OK"
2026-03-01 20:26:45,195 - INFO - HTTP Request: PUT http://localhost:6333/collections/daily_trade_strategies/points?wait=true "HTTP/1.1 200 OK"
2026-03-01 20:26:45,199 - INFO - HTTP Request: PUT http://localhost:6333/collections/trading_results/points?wait=true "HTTP/1.1 200 OK"
2026-03-01 20:26:45,208 - INFO - HTTP Request: PUT http://localhost:6333/collections/stock_recommendations/points?wait=true "HTTP/1.1 200 OK"
2026-03-01 20:26:45,236 - INFO - HTTP Request: PUT http://localhost:6333/collections/daily_trade_strategies/points?wait=true "HTTP/1.1 200 OK"
2026-03-01 20:26:45,239 - INFO - HTTP Request: PUT http://localhost:6333/collections/trading_results/points?wait=true "HTTP/1.1 200 OK"
2026-03-01 20:26:45,249 - INFO - HTTP Request: PUT http://localhost:6333/collections/stock_recommendations/points?wait=true "HTTP/1.1 200 OK"
2026-03-01 20:26:45,290 - INFO - HTTP Request: PUT http://localhost:6333/collections/daily_trade_strategies/points?wait=true "HTTP/1.1 200 OK"
2026-03-01 20:26:45,293 - INFO - HTTP Request: PUT http://localhost:6333/collections/trading_results/points?wait=true "HTTP/1.1 200 OK"
2026-03-01 20:26:45,300 - INFO - HTTP Request: PUT http://localhost:6333/collections/stock_recommendations/points?wait=true "HTTP/1.1 200 OK"
2026-03-01 20:26:45,335 - INFO - HTTP Request: PUT http://localhost:6333/collections/daily_trade_strategies/points?wait=true "HTTP/1.1 200 OK"
2026-03-01 20:26:45,338 - INFO - HTTP Request: PUT http://localhost:6333/collections/trading_results/points?wait=true "HTTP/1.1 200 OK"
2026-03-01 20:26:45,366 - INFO - HTTP Request: PUT http://localhost:6333/collections/stock_recommendations/points?wait=true "HTTP/1.1 200 OK"
2026-03-01 20:26:45,390 - INFO - HTTP Request: PUT http://localhost:6333/collections/daily_trade_strategies/points?wait=true "HTTP/1.1 200 OK"
2026-03-01 20:26:45,393 - INFO - HTTP Request: PUT http://localhost:6333/collections/trading_results/points?wait=true "HTTP/1.1 200 OK"
2026-03-01 20:26:45,413 - INFO - HTTP Request: PUT http://localhost:6333/collections/stock_recommendations/points?wait=true "HTTP/1.1 200 OK"
2026-03-01 20:26:45,437 - INFO - HTTP Request: PUT http://localhost:6333/collections/daily_trade_strategies/points?wait=true "HTTP/1.1 200 OK"
2026-03-01 20:26:45,442 - INFO - HTTP Request: PUT http://localhost:6333/collections/trading_results/points?wait=true "HTTP/1.1 200 OK"
2026-03-01 20:26:45,460 - INFO - HTTP Request: PUT http://localhost:6333/collections/stock_recommendations/points?wait=true "HTTP/1.1 200 OK"
2026-03-01 20:26:45,507 - INFO - HTTP Request: PUT http://localhost:6333/collections/daily_trade_strategies/points?wait=true "HTTP/1.1 200 OK"
2026-03-01 20:26:45,511 - INFO - HTTP Request: PUT http://localhost:6333/collections/trading_results/points?wait=true "HTTP/1.1 200 OK"
2026-03-01 20:26:45,540 - INFO - HTTP Request: PUT http://localhost:6333/collections/stock_recommendations/points?wait=true "HTTP/1.1 200 OK"
2026-03-01 20:26:45,587 - INFO - HTTP Request: PUT http://localhost:6333/collections/daily_trade_strategies/points?wait=true "HTTP/1.1 200 OK"
2026-03-01 20:26:45,601 - INFO - HTTP Request: PUT http://localhost:6333/collections/trading_results/points?wait=true "HTTP/1.1 200 OK"
2026-03-01 20:26:45,618 - INFO - HTTP Request: PUT http://localhost:6333/collections/stock_recommendations/points?wait=true "HTTP/1.1 200 OK"
2026-03-01 20:26:45,641 - INFO - HTTP Request: PUT http://localhost:6333/collections/daily_trade_strategies/points?wait=true "HTTP/1.1 200 OK"
2026-03-01 20:26:45,648 - INFO - HTTP Request: PUT http://localhost:6333/collections/trading_results/points?wait=true "HTTP/1.1 200 OK"
2026-03-01 20:26:45,666 - INFO - HTTP Request: PUT http://localhost:6333/collections/stock_recommendations/points?wait=true "HTTP/1.1 200 OK"
2026-03-01 20:26:45,691 - INFO - HTTP Request: PUT http://localhost:6333/collections/daily_trade_strategies/points?wait=true "HTTP/1.1 200 OK"
2026-03-01 20:26:45,714 - INFO - HTTP Request: PUT http://localhost:6333/collections/trading_results/points?wait=true "HTTP/1.1 200 OK"
2026-03-01 20:26:45,721 - INFO - HTTP Request: PUT http://localhost:6333/collections/stock_recommendations/points?wait=true "HTTP/1.1 200 OK"
2026-03-01 20:26:45,761 - INFO - HTTP Request: PUT http://localhost:6333/collections/daily_trade_strategies/points?wait=true "HTTP/1.1 200 OK"
2026-03-01 20:26:45,775 - INFO - HTTP Request: PUT http://localhost:6333/collections/trading_results/points?wait=true "HTTP/1.1 200 OK"
2026-03-01 20:26:45,785 - INFO - HTTP Request: PUT http://localhost:6333/collections/stock_recommendations/points?wait=true "HTTP/1.1 200 OK"
2026-03-01 20:26:45,824 - INFO - HTTP Request: PUT http://localhost:6333/collections/daily_trade_strategies/points?wait=true "HTTP/1.1 200 OK"
2026-03-01 20:26:45,830 - INFO - HTTP Request: PUT http://localhost:6333/collections/trading_results/points?wait=true "HTTP/1.1 200 OK"
2026-03-01 20:26:45,837 - INFO - HTTP Request: PUT http://localhost:6333/collections/stock_recommendations/points?wait=true "HTTP/1.1 200 OK"
2026-03-01 20:26:45,861 - INFO - HTTP Request: PUT http://localhost:6333/collections/daily_trade_strategies/points?wait=true "HTTP/1.1 200 OK"
2026-03-01 20:26:45,865 - INFO - HTTP Request: PUT http://localhost:6333/collections/trading_results/points?wait=true "HTTP/1.1 200 OK"
2026-03-01 20:26:45,885 - INFO - HTTP Request: PUT http://localhost:6333/collections/stock_recommendations/points?wait=true "HTTP/1.1 200 OK"
2026-03-01 20:26:45,909 - INFO - HTTP Request: PUT http://localhost:6333/collections/daily_trade_strategies/points?wait=true "HTTP/1.1 200 OK"
2026-03-01 20:26:45,913 - INFO - HTTP Request: PUT http://localhost:6333/collections/trading_results/points?wait=true "HTTP/1.1 200 OK"
2026-03-01 20:26:45,920 - INFO - HTTP Request: PUT http://localhost:6333/collections/stock_recommendations/points?wait=true "HTTP/1.1 200 OK"
2026-03-01 20:26:45,943 - INFO - HTTP Request: PUT http://localhost:6333/collections/daily_trade_strategies/points?wait=true "HTTP/1.1 200 OK"
2026-03-01 20:26:45,946 - INFO - HTTP Request: PUT http://localhost:6333/collections/trading_results/points?wait=true "HTTP/1.1 200 OK"
2026-03-01 20:26:45,953 - INFO - HTTP Request: PUT http://localhost:6333/collections/stock_recommendations/points?wait=true "HTTP/1.1 200 OK"
2026-03-01 20:26:45,976 - INFO - HTTP Request: PUT http://localhost:6333/collections/daily_trade_strategies/points?wait=true "HTTP/1.1 200 OK"
2026-03-01 20:26:45,980 - INFO - HTTP Request: PUT http://localhost:6333/collections/trading_results/points?wait=true "HTTP/1.1 200 OK"
2026-03-01 20:26:45,987 - INFO - HTTP Request: PUT http://localhost:6333/collections/stock_recommendations/points?wait=true "HTTP/1.1 200 OK"
2026-03-01 20:26:46,028 - INFO - HTTP Request: PUT http://localhost:6333/collections/daily_trade_strategies/points?wait=true "HTTP/1.1 200 OK"
2026-03-01 20:26:46,042 - INFO - HTTP Request: PUT http://localhost:6333/collections/trading_results/points?wait=true "HTTP/1.1 200 OK"
2026-03-01 20:26:46,057 - INFO - HTTP Request: PUT http://localhost:6333/collections/stock_recommendations/points?wait=true "HTTP/1.1 200 OK"
2026-03-01 20:26:46,106 - INFO - HTTP Request: PUT http://localhost:6333/collections/daily_trade_strategies/points?wait=true "HTTP/1.1 200 OK"
2026-03-01 20:26:46,114 - INFO - HTTP Request: PUT http://localhost:6333/collections/trading_results/points?wait=true "HTTP/1.1 200 OK"
2026-03-01 20:26:46,123 - INFO - HTTP Request: PUT http://localhost:6333/collections/stock_recommendations/points?wait=true "HTTP/1.1 200 OK"
2026-03-01 20:26:46,157 - INFO - HTTP Request: PUT http://localhost:6333/collections/daily_trade_strategies/points?wait=true "HTTP/1.1 200 OK"
2026-03-01 20:26:46,161 - INFO - HTTP Request: PUT http://localhost:6333/collections/trading_results/points?wait=true "HTTP/1.1 200 OK"
2026-03-01 20:26:46,170 - INFO - HTTP Request: PUT http://localhost:6333/collections/stock_recommendations/points?wait=true "HTTP/1.1 200 OK"
2026-03-01 20:26:46,193 - INFO - HTTP Request: PUT http://localhost:6333/collections/daily_trade_strategies/points?wait=true "HTTP/1.1 200 OK"
2026-03-01 20:26:46,197 - INFO - HTTP Request: PUT http://localhost:6333/collections/trading_results/points?wait=true "HTTP/1.1 200 OK"
2026-03-01 20:26:46,229 - INFO - HTTP Request: PUT http://localhost:6333/collections/stock_recommendations/points?wait=true "HTTP/1.1 200 OK"
2026-03-01 20:26:46,257 - INFO - HTTP Request: PUT http://localhost:6333/collections/daily_trade_strategies/points?wait=true "HTTP/1.1 200 OK"
2026-03-01 20:26:46,261 - INFO - HTTP Request: PUT http://localhost:6333/collections/trading_results/points?wait=true "HTTP/1.1 200 OK"
2026-03-01 20:26:46,271 - INFO - HTTP Request: PUT http://localhost:6333/collections/stock_recommendations/points?wait=true "HTTP/1.1 200 OK"
2026-03-01 20:26:46,302 - INFO - HTTP Request: PUT http://localhost:6333/collections/daily_trade_strategies/points?wait=true "HTTP/1.1 200 OK"
2026-03-01 20:26:46,305 - INFO - HTTP Request: PUT http://localhost:6333/collections/trading_results/points?wait=true "HTTP/1.1 200 OK"
2026-03-01 20:26:46,337 - INFO - HTTP Request: PUT http://localhost:6333/collections/stock_recommendations/points?wait=true "HTTP/1.1 200 OK"
2026-03-01 20:26:46,372 - INFO - HTTP Request: PUT http://localhost:6333/collections/daily_trade_strategies/points?wait=true "HTTP/1.1 200 OK"
2026-03-01 20:26:46,376 - INFO - HTTP Request: PUT http://localhost:6333/collections/trading_results/points?wait=true "HTTP/1.1 200 OK"
2026-03-01 20:26:46,386 - INFO - HTTP Request: PUT http://localhost:6333/collections/stock_recommendations/points?wait=true "HTTP/1.1 200 OK"
2026-03-01 20:26:46,411 - INFO - HTTP Request: PUT http://localhost:6333/collections/daily_trade_strategies/points?wait=true "HTTP/1.1 200 OK"
2026-03-01 20:26:46,415 - INFO - HTTP Request: PUT http://localhost:6333/collections/trading_results/points?wait=true "HTTP/1.1 200 OK"
2026-03-01 20:26:46,446 - INFO - HTTP Request: PUT http://localhost:6333/collections/stock_recommendations/points?wait=true "HTTP/1.1 200 OK"
2026-03-01 20:26:46,493 - INFO - HTTP Request: PUT http://localhost:6333/collections/daily_trade_strategies/points?wait=true "HTTP/1.1 200 OK"
2026-03-01 20:26:46,497 - INFO - HTTP Request: PUT http://localhost:6333/collections/trading_results/points?wait=true "HTTP/1.1 200 OK"
2026-03-01 20:26:46,504 - INFO - HTTP Request: PUT http://localhost:6333/collections/stock_recommendations/points?wait=true "HTTP/1.1 200 OK"
2026-03-01 20:26:46,527 - INFO - HTTP Request: PUT http://localhost:6333/collections/daily_trade_strategies/points?wait=true "HTTP/1.1 200 OK"
2026-03-01 20:26:46,554 - INFO - HTTP Request: PUT http://localhost:6333/collections/trading_results/points?wait=true "HTTP/1.1 200 OK"
2026-03-01 20:26:46,561 - INFO - HTTP Request: PUT http://localhost:6333/collections/stock_recommendations/points?wait=true "HTTP/1.1 200 OK"
2026-03-01 20:26:46,601 - INFO - HTTP Request: PUT http://localhost:6333/collections/daily_trade_strategies/points?wait=true "HTTP/1.1 200 OK"
2026-03-01 20:26:46,604 - INFO - HTTP Request: PUT http://localhost:6333/collections/trading_results/points?wait=true "HTTP/1.1 200 OK"
2026-03-01 20:26:46,613 - INFO - HTTP Request: PUT http://localhost:6333/collections/stock_recommendations/points?wait=true "HTTP/1.1 200 OK"
2026-03-01 20:26:46,637 - INFO - HTTP Request: PUT http://localhost:6333/collections/daily_trade_strategies/points?wait=true "HTTP/1.1 200 OK"
2026-03-01 20:26:46,640 - INFO - HTTP Request: PUT http://localhost:6333/collections/trading_results/points?wait=true "HTTP/1.1 200 OK"
2026-03-01 20:26:46,661 - INFO - HTTP Request: PUT http://localhost:6333/collections/stock_recommendations/points?wait=true "HTTP/1.1 200 OK"
2026-03-01 20:26:46,709 - INFO - HTTP Request: PUT http://localhost:6333/collections/daily_trade_strategies/points?wait=true "HTTP/1.1 200 OK"
2026-03-01 20:26:46,722 - INFO - HTTP Request: PUT http://localhost:6333/collections/trading_results/points?wait=true "HTTP/1.1 200 OK"
2026-03-01 20:26:46,732 - INFO - HTTP Request: PUT http://localhost:6333/collections/stock_recommendations/points?wait=true "HTTP/1.1 200 OK"
2026-03-01 20:26:46,758 - INFO - HTTP Request: PUT http://localhost:6333/collections/daily_trade_strategies/points?wait=true "HTTP/1.1 200 OK"
2026-03-01 20:26:46,786 - INFO - HTTP Request: PUT http://localhost:6333/collections/trading_results/points?wait=true "HTTP/1.1 200 OK"
2026-03-01 20:26:46,818 - INFO - HTTP Request: PUT http://localhost:6333/collections/stock_recommendations/points?wait=true "HTTP/1.1 200 OK"
2026-03-01 20:26:46,865 - INFO - HTTP Request: PUT http://localhost:6333/collections/daily_trade_strategies/points?wait=true "HTTP/1.1 200 OK"
2026-03-01 20:26:46,879 - INFO - HTTP Request: PUT http://localhost:6333/collections/trading_results/points?wait=true "HTTP/1.1 200 OK"
2026-03-01 20:26:46,916 - INFO - HTTP Request: PUT http://localhost:6333/collections/stock_recommendations/points?wait=true "HTTP/1.1 200 OK"
2026-03-01 20:26:46,958 - INFO - HTTP Request: PUT http://localhost:6333/collections/daily_trade_strategies/points?wait=true "HTTP/1.1 200 OK"
2026-03-01 20:26:46,962 - INFO - HTTP Request: PUT http://localhost:6333/collections/trading_results/points?wait=true "HTTP/1.1 200 OK"
2026-03-01 20:26:46,991 - INFO - HTTP Request: PUT http://localhost:6333/collections/stock_recommendations/points?wait=true "HTTP/1.1 200 OK"
2026-03-01 20:26:47,017 - INFO - HTTP Request: PUT http://localhost:6333/collections/daily_trade_strategies/points?wait=true "HTTP/1.1 200 OK"
2026-03-01 20:26:47,035 - INFO - HTTP Request: PUT http://localhost:6333/collections/trading_results/points?wait=true "HTTP/1.1 200 OK"
2026-03-01 20:26:47,043 - INFO - HTTP Request: PUT http://localhost:6333/collections/stock_recommendations/points?wait=true "HTTP/1.1 200 OK"
2026-03-01 20:26:47,069 - INFO - HTTP Request: PUT http://localhost:6333/collections/daily_trade_strategies/points?wait=true "HTTP/1.1 200 OK"
2026-03-01 20:26:47,074 - INFO - HTTP Request: PUT http://localhost:6333/collections/trading_results/points?wait=true "HTTP/1.1 200 OK"
2026-03-01 20:26:47,081 - INFO - HTTP Request: PUT http://localhost:6333/collections/stock_recommendations/points?wait=true "HTTP/1.1 200 OK"
2026-03-01 20:26:47,115 - INFO - HTTP Request: PUT http://localhost:6333/collections/daily_trade_strategies/points?wait=true "HTTP/1.1 200 OK"
2026-03-01 20:26:47,117 - INFO - HTTP Request: PUT http://localhost:6333/collections/trading_results/points?wait=true "HTTP/1.1 200 OK"
2026-03-01 20:26:47,123 - INFO - HTTP Request: PUT http://localhost:6333/collections/stock_recommendations/points?wait=true "HTTP/1.1 200 OK"
2026-03-01 20:26:47,148 - INFO - HTTP Request: PUT http://localhost:6333/collections/daily_trade_strategies/points?wait=true "HTTP/1.1 200 OK"
2026-03-01 20:26:47,152 - INFO - HTTP Request: PUT http://localhost:6333/collections/trading_results/points?wait=true "HTTP/1.1 200 OK"
2026-03-01 20:26:47,157 - INFO - HTTP Request: PUT http://localhost:6333/collections/stock_recommendations/points?wait=true "HTTP/1.1 200 OK"
2026-03-01 20:26:47,194 - INFO - HTTP Request: PUT http://localhost:6333/collections/daily_trade_strategies/points?wait=true "HTTP/1.1 200 OK"
2026-03-01 20:26:47,222 - INFO - HTTP Request: PUT http://localhost:6333/collections/trading_results/points?wait=true "HTTP/1.1 200 OK"
2026-03-01 20:26:47,230 - INFO - HTTP Request: PUT http://localhost:6333/collections/stock_recommendations/points?wait=true "HTTP/1.1 200 OK"
2026-03-01 20:26:47,254 - INFO - HTTP Request: PUT http://localhost:6333/collections/daily_trade_strategies/points?wait=true "HTTP/1.1 200 OK"
2026-03-01 20:26:47,268 - INFO - HTTP Request: PUT http://localhost:6333/collections/trading_results/points?wait=true "HTTP/1.1 200 OK"
2026-03-01 20:26:47,284 - INFO - HTTP Request: PUT http://localhost:6333/collections/stock_recommendations/points?wait=true "HTTP/1.1 200 OK"
2026-03-01 20:26:47,332 - INFO - HTTP Request: PUT http://localhost:6333/collections/daily_trade_strategies/points?wait=true "HTTP/1.1 200 OK"
2026-03-01 20:26:47,337 - INFO - HTTP Request: PUT http://localhost:6333/collections/trading_results/points?wait=true "HTTP/1.1 200 OK"
2026-03-01 20:26:47,363 - INFO - HTTP Request: PUT http://localhost:6333/collections/stock_recommendations/points?wait=true "HTTP/1.1 200 OK"
2026-03-01 20:26:47,402 - INFO - HTTP Request: PUT http://localhost:6333/collections/daily_trade_strategies/points?wait=true "HTTP/1.1 200 OK"
2026-03-01 20:26:47,406 - INFO - HTTP Request: PUT http://localhost:6333/collections/trading_results/points?wait=true "HTTP/1.1 200 OK"
2026-03-01 20:26:47,415 - INFO - HTTP Request: PUT http://localhost:6333/collections/stock_recommendations/points?wait=true "HTTP/1.1 200 OK"
2026-03-01 20:26:47,445 - INFO - HTTP Request: PUT http://localhost:6333/collections/daily_trade_strategies/points?wait=true "HTTP/1.1 200 OK"
2026-03-01 20:26:47,449 - INFO - HTTP Request: PUT http://localhost:6333/collections/trading_results/points?wait=true "HTTP/1.1 200 OK"
2026-03-01 20:26:47,456 - INFO - HTTP Request: PUT http://localhost:6333/collections/stock_recommendations/points?wait=true "HTTP/1.1 200 OK"
2026-03-01 20:26:47,482 - INFO - HTTP Request: PUT http://localhost:6333/collections/daily_trade_strategies/points?wait=true "HTTP/1.1 200 OK"
2026-03-01 20:26:47,485 - INFO - HTTP Request: PUT http://localhost:6333/collections/trading_results/points?wait=true "HTTP/1.1 200 OK"
2026-03-01 20:26:47,495 - INFO - HTTP Request: PUT http://localhost:6333/collections/stock_recommendations/points?wait=true "HTTP/1.1 200 OK"
2026-03-01 20:26:47,521 - INFO - HTTP Request: PUT http://localhost:6333/collections/daily_trade_strategies/points?wait=true "HTTP/1.1 200 OK"
2026-03-01 20:26:47,524 - INFO - HTTP Request: PUT http://localhost:6333/collections/trading_results/points?wait=true "HTTP/1.1 200 OK"
2026-03-01 20:26:47,532 - INFO - HTTP Request: PUT http://localhost:6333/collections/stock_recommendations/points?wait=true "HTTP/1.1 200 OK"
2026-03-01 20:26:47,556 - INFO - HTTP Request: PUT http://localhost:6333/collections/daily_trade_strategies/points?wait=true "HTTP/1.1 200 OK"
2026-03-01 20:26:47,559 - INFO - HTTP Request: PUT http://localhost:6333/collections/trading_results/points?wait=true "HTTP/1.1 200 OK"
2026-03-01 20:26:47,567 - INFO - HTTP Request: PUT http://localhost:6333/collections/stock_recommendations/points?wait=true "HTTP/1.1 200 OK"
2026-03-01 20:26:47,590 - INFO - HTTP Request: PUT http://localhost:6333/collections/daily_trade_strategies/points?wait=true "HTTP/1.1 200 OK"
2026-03-01 20:26:47,611 - INFO - HTTP Request: PUT http://localhost:6333/collections/trading_results/points?wait=true "HTTP/1.1 200 OK"
2026-03-01 20:26:47,620 - INFO - HTTP Request: PUT http://localhost:6333/collections/stock_recommendations/points?wait=true "HTTP/1.1 200 OK"
2026-03-01 20:26:47,643 - INFO - HTTP Request: PUT http://localhost:6333/collections/daily_trade_strategies/points?wait=true "HTTP/1.1 200 OK"
2026-03-01 20:26:47,646 - INFO - HTTP Request: PUT http://localhost:6333/collections/trading_results/points?wait=true "HTTP/1.1 200 OK"
2026-03-01 20:26:47,675 - INFO - HTTP Request: PUT http://localhost:6333/collections/stock_recommendations/points?wait=true "HTTP/1.1 200 OK"
2026-03-01 20:26:47,699 - INFO - HTTP Request: PUT http://localhost:6333/collections/daily_trade_strategies/points?wait=true "HTTP/1.1 200 OK"
2026-03-01 20:26:47,721 - INFO - HTTP Request: PUT http://localhost:6333/collections/trading_results/points?wait=true "HTTP/1.1 200 OK"
2026-03-01 20:26:47,728 - INFO - HTTP Request: PUT http://localhost:6333/collections/stock_recommendations/points?wait=true "HTTP/1.1 200 OK"
2026-03-01 20:26:47,769 - INFO - HTTP Request: PUT http://localhost:6333/collections/daily_trade_strategies/points?wait=true "HTTP/1.1 200 OK"
2026-03-01 20:26:47,774 - INFO - HTTP Request: PUT http://localhost:6333/collections/trading_results/points?wait=true "HTTP/1.1 200 OK"
2026-03-01 20:26:47,782 - INFO - HTTP Request: PUT http://localhost:6333/collections/stock_recommendations/points?wait=true "HTTP/1.1 200 OK"
2026-03-01 20:26:47,806 - INFO - HTTP Request: PUT http://localhost:6333/collections/daily_trade_strategies/points?wait=true "HTTP/1.1 200 OK"
2026-03-01 20:26:47,811 - INFO - HTTP Request: PUT http://localhost:6333/collections/trading_results/points?wait=true "HTTP/1.1 200 OK"
2026-03-01 20:26:47,819 - INFO - HTTP Request: PUT http://localhost:6333/collections/stock_recommendations/points?wait=true "HTTP/1.1 200 OK"
2026-03-01 20:26:47,845 - INFO - HTTP Request: PUT http://localhost:6333/collections/daily_trade_strategies/points?wait=true "HTTP/1.1 200 OK"
2026-03-01 20:26:47,848 - INFO - HTTP Request: PUT http://localhost:6333/collections/trading_results/points?wait=true "HTTP/1.1 200 OK"
2026-03-01 20:26:47,857 - INFO - HTTP Request: PUT http://localhost:6333/collections/stock_recommendations/points?wait=true "HTTP/1.1 200 OK"
2026-03-01 20:26:47,883 - INFO - HTTP Request: PUT http://localhost:6333/collections/daily_trade_strategies/points?wait=true "HTTP/1.1 200 OK"
2026-03-01 20:26:47,886 - INFO - HTTP Request: PUT http://localhost:6333/collections/trading_results/points?wait=true "HTTP/1.1 200 OK"
2026-03-01 20:26:47,892 - INFO - HTTP Request: PUT http://localhost:6333/collections/stock_recommendations/points?wait=true "HTTP/1.1 200 OK"
2026-03-01 20:26:47,916 - INFO - HTTP Request: PUT http://localhost:6333/collections/daily_trade_strategies/points?wait=true "HTTP/1.1 200 OK"
2026-03-01 20:26:47,919 - INFO - HTTP Request: PUT http://localhost:6333/collections/trading_results/points?wait=true "HTTP/1.1 200 OK"
2026-03-01 20:26:47,928 - INFO - HTTP Request: PUT http://localhost:6333/collections/stock_recommendations/points?wait=true "HTTP/1.1 200 OK"
2026-03-01 20:26:47,952 - INFO - HTTP Request: PUT http://localhost:6333/collections/daily_trade_strategies/points?wait=true "HTTP/1.1 200 OK"
2026-03-01 20:26:47,956 - INFO - HTTP Request: PUT http://localhost:6333/collections/trading_results/points?wait=true "HTTP/1.1 200 OK"
2026-03-01 20:26:47,987 - INFO - HTTP Request: PUT http://localhost:6333/collections/stock_recommendations/points?wait=true "HTTP/1.1 200 OK"
2026-03-01 20:26:48,036 - INFO - HTTP Request: PUT http://localhost:6333/collections/daily_trade_strategies/points?wait=true "HTTP/1.1 200 OK"
2026-03-01 20:26:48,065 - INFO - HTTP Request: PUT http://localhost:6333/collections/trading_results/points?wait=true "HTTP/1.1 200 OK"
2026-03-01 20:26:48,077 - INFO - HTTP Request: PUT http://localhost:6333/collections/stock_recommendations/points?wait=true "HTTP/1.1 200 OK"
2026-03-01 20:26:48,113 - INFO - HTTP Request: PUT http://localhost:6333/collections/daily_trade_strategies/points?wait=true "HTTP/1.1 200 OK"
2026-03-01 20:26:48,117 - INFO - HTTP Request: PUT http://localhost:6333/collections/trading_results/points?wait=true "HTTP/1.1 200 OK"
2026-03-01 20:26:48,126 - INFO - HTTP Request: PUT http://localhost:6333/collections/stock_recommendations/points?wait=true "HTTP/1.1 200 OK"
2026-03-01 20:26:48,176 - INFO - HTTP Request: PUT http://localhost:6333/collections/daily_trade_strategies/points?wait=true "HTTP/1.1 200 OK"
2026-03-01 20:26:48,180 - INFO - HTTP Request: PUT http://localhost:6333/collections/trading_results/points?wait=true "HTTP/1.1 200 OK"
2026-03-01 20:26:48,187 - INFO - HTTP Request: PUT http://localhost:6333/collections/stock_recommendations/points?wait=true "HTTP/1.1 200 OK"
2026-03-01 20:26:48,215 - INFO - HTTP Request: PUT http://localhost:6333/collections/daily_trade_strategies/points?wait=true "HTTP/1.1 200 OK"
2026-03-01 20:26:48,235 - INFO - HTTP Request: PUT http://localhost:6333/collections/trading_results/points?wait=true "HTTP/1.1 200 OK"
2026-03-01 20:26:48,244 - INFO - HTTP Request: PUT http://localhost:6333/collections/stock_recommendations/points?wait=true "HTTP/1.1 200 OK"
2026-03-01 20:26:48,283 - INFO - HTTP Request: PUT http://localhost:6333/collections/daily_trade_strategies/points?wait=true "HTTP/1.1 200 OK"
2026-03-01 20:26:48,287 - INFO - HTTP Request: PUT http://localhost:6333/collections/trading_results/points?wait=true "HTTP/1.1 200 OK"
2026-03-01 20:26:48,294 - INFO - HTTP Request: PUT http://localhost:6333/collections/stock_recommendations/points?wait=true "HTTP/1.1 200 OK"
2026-03-01 20:26:48,319 - INFO - HTTP Request: PUT http://localhost:6333/collections/daily_trade_strategies/points?wait=true "HTTP/1.1 200 OK"
2026-03-01 20:26:48,322 - INFO - HTTP Request: PUT http://localhost:6333/collections/trading_results/points?wait=true "HTTP/1.1 200 OK"
2026-03-01 20:26:48,328 - INFO - HTTP Request: PUT http://localhost:6333/collections/stock_recommendations/points?wait=true "HTTP/1.1 200 OK"
2026-03-01 20:26:48,352 - INFO - HTTP Request: PUT http://localhost:6333/collections/daily_trade_strategies/points?wait=true "HTTP/1.1 200 OK"
2026-03-01 20:26:48,355 - INFO - HTTP Request: PUT http://localhost:6333/collections/trading_results/points?wait=true "HTTP/1.1 200 OK"
2026-03-01 20:26:48,362 - INFO - HTTP Request: PUT http://localhost:6333/collections/stock_recommendations/points?wait=true "HTTP/1.1 200 OK"
2026-03-01 20:26:48,392 - INFO - HTTP Request: PUT http://localhost:6333/collections/daily_trade_strategies/points?wait=true "HTTP/1.1 200 OK"
2026-03-01 20:26:48,397 - INFO - HTTP Request: PUT http://localhost:6333/collections/trading_results/points?wait=true "HTTP/1.1 200 OK"
2026-03-01 20:26:48,405 - INFO - HTTP Request: PUT http://localhost:6333/collections/stock_recommendations/points?wait=true "HTTP/1.1 200 OK"
2026-03-01 20:26:48,429 - INFO - HTTP Request: PUT http://localhost:6333/collections/daily_trade_strategies/points?wait=true "HTTP/1.1 200 OK"
2026-03-01 20:26:48,433 - INFO - HTTP Request: PUT http://localhost:6333/collections/trading_results/points?wait=true "HTTP/1.1 200 OK"
2026-03-01 20:26:48,455 - INFO - HTTP Request: PUT http://localhost:6333/collections/stock_recommendations/points?wait=true "HTTP/1.1 200 OK"
2026-03-01 20:26:48,487 - INFO - HTTP Request: PUT http://localhost:6333/collections/daily_trade_strategies/points?wait=true "HTTP/1.1 200 OK"
2026-03-01 20:26:48,495 - INFO - HTTP Request: PUT http://localhost:6333/collections/trading_results/points?wait=true "HTTP/1.1 200 OK"
2026-03-01 20:26:48,503 - INFO - HTTP Request: PUT http://localhost:6333/collections/stock_recommendations/points?wait=true "HTTP/1.1 200 OK"
2026-03-01 20:26:48,533 - INFO - HTTP Request: PUT http://localhost:6333/collections/daily_trade_strategies/points?wait=true "HTTP/1.1 200 OK"
2026-03-01 20:26:48,537 - INFO - HTTP Request: PUT http://localhost:6333/collections/trading_results/points?wait=true "HTTP/1.1 200 OK"
2026-03-01 20:26:48,546 - INFO - HTTP Request: PUT http://localhost:6333/collections/stock_recommendations/points?wait=true "HTTP/1.1 200 OK"
2026-03-01 20:26:48,576 - INFO - HTTP Request: PUT http://localhost:6333/collections/daily_trade_strategies/points?wait=true "HTTP/1.1 200 OK"
2026-03-01 20:26:48,578 - INFO - HTTP Request: PUT http://localhost:6333/collections/trading_results/points?wait=true "HTTP/1.1 200 OK"
2026-03-01 20:26:48,587 - INFO - HTTP Request: PUT http://localhost:6333/collections/stock_recommendations/points?wait=true "HTTP/1.1 200 OK"
2026-03-01 20:26:48,615 - INFO - HTTP Request: PUT http://localhost:6333/collections/daily_trade_strategies/points?wait=true "HTTP/1.1 200 OK"
2026-03-01 20:26:48,619 - INFO - HTTP Request: PUT http://localhost:6333/collections/trading_results/points?wait=true "HTTP/1.1 200 OK"
2026-03-01 20:26:48,640 - INFO - HTTP Request: PUT http://localhost:6333/collections/stock_recommendations/points?wait=true "HTTP/1.1 200 OK"
2026-03-01 20:26:48,663 - INFO - HTTP Request: PUT http://localhost:6333/collections/daily_trade_strategies/points?wait=true "HTTP/1.1 200 OK"
2026-03-01 20:26:48,667 - INFO - HTTP Request: PUT http://localhost:6333/collections/trading_results/points?wait=true "HTTP/1.1 200 OK"
2026-03-01 20:26:48,686 - INFO - HTTP Request: PUT http://localhost:6333/collections/stock_recommendations/points?wait=true "HTTP/1.1 200 OK"
2026-03-01 20:26:48,711 - INFO - HTTP Request: PUT http://localhost:6333/collections/daily_trade_strategies/points?wait=true "HTTP/1.1 200 OK"
2026-03-01 20:26:48,731 - INFO - HTTP Request: PUT http://localhost:6333/collections/trading_results/points?wait=true "HTTP/1.1 200 OK"
2026-03-01 20:26:48,739 - INFO - HTTP Request: PUT http://localhost:6333/collections/stock_recommendations/points?wait=true "HTTP/1.1 200 OK"
2026-03-01 20:26:48,780 - INFO - HTTP Request: PUT http://localhost:6333/collections/daily_trade_strategies/points?wait=true "HTTP/1.1 200 OK"
2026-03-01 20:26:48,784 - INFO - HTTP Request: PUT http://localhost:6333/collections/trading_results/points?wait=true "HTTP/1.1 200 OK"
2026-03-01 20:26:48,791 - INFO - HTTP Request: PUT http://localhost:6333/collections/stock_recommendations/points?wait=true "HTTP/1.1 200 OK"
2026-03-01 20:26:48,826 - INFO - HTTP Request: PUT http://localhost:6333/collections/daily_trade_strategies/points?wait=true "HTTP/1.1 200 OK"
2026-03-01 20:26:48,831 - INFO - HTTP Request: PUT http://localhost:6333/collections/trading_results/points?wait=true "HTTP/1.1 200 OK"
2026-03-01 20:26:48,837 - INFO - HTTP Request: PUT http://localhost:6333/collections/stock_recommendations/points?wait=true "HTTP/1.1 200 OK"
2026-03-01 20:26:48,863 - INFO - HTTP Request: PUT http://localhost:6333/collections/daily_trade_strategies/points?wait=true "HTTP/1.1 200 OK"
2026-03-01 20:26:48,866 - INFO - HTTP Request: PUT http://localhost:6333/collections/trading_results/points?wait=true "HTTP/1.1 200 OK"
2026-03-01 20:26:48,874 - INFO - HTTP Request: PUT http://localhost:6333/collections/stock_recommendations/points?wait=true "HTTP/1.1 200 OK"
2026-03-01 20:26:48,920 - INFO - HTTP Request: PUT http://localhost:6333/collections/daily_trade_strategies/points?wait=true "HTTP/1.1 200 OK"
2026-03-01 20:26:48,933 - INFO - HTTP Request: PUT http://localhost:6333/collections/trading_results/points?wait=true "HTTP/1.1 200 OK"
2026-03-01 20:26:48,950 - INFO - HTTP Request: PUT http://localhost:6333/collections/stock_recommendations/points?wait=true "HTTP/1.1 200 OK"
2026-03-01 20:26:48,974 - INFO - HTTP Request: PUT http://localhost:6333/collections/daily_trade_strategies/points?wait=true "HTTP/1.1 200 OK"
2026-03-01 20:26:48,977 - INFO - HTTP Request: PUT http://localhost:6333/collections/trading_results/points?wait=true "HTTP/1.1 200 OK"
2026-03-01 20:26:48,983 - INFO - HTTP Request: PUT http://localhost:6333/collections/stock_recommendations/points?wait=true "HTTP/1.1 200 OK"
2026-03-01 20:26:49,006 - INFO - HTTP Request: PUT http://localhost:6333/collections/daily_trade_strategies/points?wait=true "HTTP/1.1 200 OK"
2026-03-01 20:26:49,010 - INFO - HTTP Request: PUT http://localhost:6333/collections/trading_results/points?wait=true "HTTP/1.1 200 OK"
2026-03-01 20:26:49,016 - INFO - HTTP Request: PUT http://localhost:6333/collections/stock_recommendations/points?wait=true "HTTP/1.1 200 OK"
2026-03-01 20:26:49,039 - INFO - HTTP Request: PUT http://localhost:6333/collections/daily_trade_strategies/points?wait=true "HTTP/1.1 200 OK"
2026-03-01 20:26:49,045 - INFO - HTTP Request: PUT http://localhost:6333/collections/trading_results/points?wait=true "HTTP/1.1 200 OK"
2026-03-01 20:26:49,051 - INFO - HTTP Request: PUT http://localhost:6333/collections/stock_recommendations/points?wait=true "HTTP/1.1 200 OK"
2026-03-01 20:26:49,091 - INFO - HTTP Request: PUT http://localhost:6333/collections/daily_trade_strategies/points?wait=true "HTTP/1.1 200 OK"
2026-03-01 20:26:49,099 - INFO - HTTP Request: PUT http://localhost:6333/collections/trading_results/points?wait=true "HTTP/1.1 200 OK"
2026-03-01 20:26:49,107 - INFO - HTTP Request: PUT http://localhost:6333/collections/stock_recommendations/points?wait=true "HTTP/1.1 200 OK"
2026-03-01 20:26:49,131 - INFO - HTTP Request: PUT http://localhost:6333/collections/daily_trade_strategies/points?wait=true "HTTP/1.1 200 OK"
2026-03-01 20:26:49,135 - INFO - HTTP Request: PUT http://localhost:6333/collections/trading_results/points?wait=true "HTTP/1.1 200 OK"
2026-03-01 20:26:49,142 - INFO - HTTP Request: PUT http://localhost:6333/collections/stock_recommendations/points?wait=true "HTTP/1.1 200 OK"
2026-03-01 20:26:49,167 - INFO - HTTP Request: PUT http://localhost:6333/collections/daily_trade_strategies/points?wait=true "HTTP/1.1 200 OK"
2026-03-01 20:26:49,170 - INFO - HTTP Request: PUT http://localhost:6333/collections/trading_results/points?wait=true "HTTP/1.1 200 OK"
2026-03-01 20:26:49,177 - INFO - HTTP Request: PUT http://localhost:6333/collections/stock_recommendations/points?wait=true "HTTP/1.1 200 OK"
2026-03-01 20:26:49,206 - INFO - HTTP Request: PUT http://localhost:6333/collections/daily_trade_strategies/points?wait=true "HTTP/1.1 200 OK"
2026-03-01 20:26:49,209 - INFO - HTTP Request: PUT http://localhost:6333/collections/trading_results/points?wait=true "HTTP/1.1 200 OK"
2026-03-01 20:26:49,216 - INFO - HTTP Request: PUT http://localhost:6333/collections/stock_recommendations/points?wait=true "HTTP/1.1 200 OK"
2026-03-01 20:26:49,261 - INFO - HTTP Request: PUT http://localhost:6333/collections/daily_trade_strategies/points?wait=true "HTTP/1.1 200 OK"
2026-03-01 20:26:49,275 - INFO - HTTP Request: PUT http://localhost:6333/collections/trading_results/points?wait=true "HTTP/1.1 200 OK"
2026-03-01 20:26:49,308 - INFO - HTTP Request: PUT http://localhost:6333/collections/stock_recommendations/points?wait=true "HTTP/1.1 200 OK"
2026-03-01 20:26:49,334 - INFO - HTTP Request: PUT http://localhost:6333/collections/daily_trade_strategies/points?wait=true "HTTP/1.1 200 OK"
2026-03-01 20:26:49,337 - INFO - HTTP Request: PUT http://localhost:6333/collections/trading_results/points?wait=true "HTTP/1.1 200 OK"
2026-03-01 20:26:49,344 - INFO - HTTP Request: PUT http://localhost:6333/collections/stock_recommendations/points?wait=true "HTTP/1.1 200 OK"
2026-03-01 20:26:49,375 - INFO - HTTP Request: PUT http://localhost:6333/collections/daily_trade_strategies/points?wait=true "HTTP/1.1 200 OK"
2026-03-01 20:26:49,378 - INFO - HTTP Request: PUT http://localhost:6333/collections/trading_results/points?wait=true "HTTP/1.1 200 OK"
2026-03-01 20:26:49,386 - INFO - HTTP Request: PUT http://localhost:6333/collections/stock_recommendations/points?wait=true "HTTP/1.1 200 OK"
2026-03-01 20:26:49,412 - INFO - HTTP Request: PUT http://localhost:6333/collections/daily_trade_strategies/points?wait=true "HTTP/1.1 200 OK"
2026-03-01 20:26:49,430 - INFO - HTTP Request: PUT http://localhost:6333/collections/trading_results/points?wait=true "HTTP/1.1 200 OK"
2026-03-01 20:26:49,438 - INFO - HTTP Request: PUT http://localhost:6333/collections/stock_recommendations/points?wait=true "HTTP/1.1 200 OK"
2026-03-01 20:26:49,465 - INFO - HTTP Request: PUT http://localhost:6333/collections/daily_trade_strategies/points?wait=true "HTTP/1.1 200 OK"
2026-03-01 20:26:49,468 - INFO - HTTP Request: PUT http://localhost:6333/collections/trading_results/points?wait=true "HTTP/1.1 200 OK"
2026-03-01 20:26:49,480 - INFO - HTTP Request: PUT http://localhost:6333/collections/stock_recommendations/points?wait=true "HTTP/1.1 200 OK"
2026-03-01 20:26:49,505 - INFO - HTTP Request: PUT http://localhost:6333/collections/daily_trade_strategies/points?wait=true "HTTP/1.1 200 OK"
2026-03-01 20:26:49,510 - INFO - HTTP Request: PUT http://localhost:6333/collections/trading_results/points?wait=true "HTTP/1.1 200 OK"
2026-03-01 20:26:49,518 - INFO - HTTP Request: PUT http://localhost:6333/collections/stock_recommendations/points?wait=true "HTTP/1.1 200 OK"
2026-03-01 20:26:49,544 - INFO - HTTP Request: PUT http://localhost:6333/collections/daily_trade_strategies/points?wait=true "HTTP/1.1 200 OK"
2026-03-01 20:26:49,547 - INFO - HTTP Request: PUT http://localhost:6333/collections/trading_results/points?wait=true "HTTP/1.1 200 OK"
2026-03-01 20:26:49,554 - INFO - HTTP Request: PUT http://localhost:6333/collections/stock_recommendations/points?wait=true "HTTP/1.1 200 OK"
2026-03-01 20:26:49,580 - INFO - HTTP Request: PUT http://localhost:6333/collections/daily_trade_strategies/points?wait=true "HTTP/1.1 200 OK"
2026-03-01 20:26:49,582 - INFO - HTTP Request: PUT http://localhost:6333/collections/trading_results/points?wait=true "HTTP/1.1 200 OK"
2026-03-01 20:26:49,592 - INFO - HTTP Request: PUT http://localhost:6333/collections/stock_recommendations/points?wait=true "HTTP/1.1 200 OK"
2026-03-01 20:26:49,636 - INFO - HTTP Request: PUT http://localhost:6333/collections/daily_trade_strategies/points?wait=true "HTTP/1.1 200 OK"
2026-03-01 20:26:49,640 - INFO - HTTP Request: PUT http://localhost:6333/collections/trading_results/points?wait=true "HTTP/1.1 200 OK"
2026-03-01 20:26:49,667 - INFO - HTTP Request: PUT http://localhost:6333/collections/stock_recommendations/points?wait=true "HTTP/1.1 200 OK"
2026-03-01 20:26:49,698 - INFO - HTTP Request: PUT http://localhost:6333/collections/daily_trade_strategies/points?wait=true "HTTP/1.1 200 OK"
2026-03-01 20:26:49,714 - INFO - HTTP Request: PUT http://localhost:6333/collections/trading_results/points?wait=true "HTTP/1.1 200 OK"
2026-03-01 20:26:49,723 - INFO - HTTP Request: PUT http://localhost:6333/collections/stock_recommendations/points?wait=true "HTTP/1.1 200 OK"
2026-03-01 20:26:49,748 - INFO - HTTP Request: PUT http://localhost:6333/collections/daily_trade_strategies/points?wait=true "HTTP/1.1 200 OK"
2026-03-01 20:26:49,762 - INFO - HTTP Request: PUT http://localhost:6333/collections/trading_results/points?wait=true "HTTP/1.1 200 OK"
2026-03-01 20:26:49,770 - INFO - HTTP Request: PUT http://localhost:6333/collections/stock_recommendations/points?wait=true "HTTP/1.1 200 OK"
2026-03-01 20:26:49,794 - INFO - HTTP Request: PUT http://localhost:6333/collections/daily_trade_strategies/points?wait=true "HTTP/1.1 200 OK"
2026-03-01 20:26:49,797 - INFO - HTTP Request: PUT http://localhost:6333/collections/trading_results/points?wait=true "HTTP/1.1 200 OK"
2026-03-01 20:26:49,804 - INFO - HTTP Request: PUT http://localhost:6333/collections/stock_recommendations/points?wait=true "HTTP/1.1 200 OK"
2026-03-01 20:26:49,829 - INFO - HTTP Request: PUT http://localhost:6333/collections/daily_trade_strategies/points?wait=true "HTTP/1.1 200 OK"
2026-03-01 20:26:49,833 - INFO - HTTP Request: PUT http://localhost:6333/collections/trading_results/points?wait=true "HTTP/1.1 200 OK"
2026-03-01 20:26:49,839 - INFO - HTTP Request: PUT http://localhost:6333/collections/stock_recommendations/points?wait=true "HTTP/1.1 200 OK"
2026-03-01 20:26:49,867 - INFO - HTTP Request: PUT http://localhost:6333/collections/daily_trade_strategies/points?wait=true "HTTP/1.1 200 OK"
2026-03-01 20:26:49,871 - INFO - HTTP Request: PUT http://localhost:6333/collections/trading_results/points?wait=true "HTTP/1.1 200 OK"
2026-03-01 20:26:49,902 - INFO - HTTP Request: PUT http://localhost:6333/collections/stock_recommendations/points?wait=true "HTTP/1.1 200 OK"
2026-03-01 20:26:49,927 - INFO - HTTP Request: PUT http://localhost:6333/collections/daily_trade_strategies/points?wait=true "HTTP/1.1 200 OK"
2026-03-01 20:26:49,931 - INFO - HTTP Request: PUT http://localhost:6333/collections/trading_results/points?wait=true "HTTP/1.1 200 OK"
2026-03-01 20:26:49,939 - INFO - HTTP Request: PUT http://localhost:6333/collections/stock_recommendations/points?wait=true "HTTP/1.1 200 OK"
2026-03-01 20:26:49,963 - INFO - HTTP Request: PUT http://localhost:6333/collections/daily_trade_strategies/points?wait=true "HTTP/1.1 200 OK"
2026-03-01 20:26:49,967 - INFO - HTTP Request: PUT http://localhost:6333/collections/trading_results/points?wait=true "HTTP/1.1 200 OK"
2026-03-01 20:26:49,973 - INFO - HTTP Request: PUT http://localhost:6333/collections/stock_recommendations/points?wait=true "HTTP/1.1 200 OK"
2026-03-01 20:26:49,998 - INFO - HTTP Request: PUT http://localhost:6333/collections/daily_trade_strategies/points?wait=true "HTTP/1.1 200 OK"
2026-03-01 20:26:50,002 - INFO - HTTP Request: PUT http://localhost:6333/collections/trading_results/points?wait=true "HTTP/1.1 200 OK"
2026-03-01 20:26:50,027 - INFO - HTTP Request: PUT http://localhost:6333/collections/stock_recommendations/points?wait=true "HTTP/1.1 200 OK"
2026-03-01 20:26:50,076 - INFO - HTTP Request: PUT http://localhost:6333/collections/daily_trade_strategies/points?wait=true "HTTP/1.1 200 OK"
2026-03-01 20:26:50,108 - INFO - HTTP Request: PUT http://localhost:6333/collections/trading_results/points?wait=true "HTTP/1.1 200 OK"
2026-03-01 20:26:50,137 - INFO - HTTP Request: PUT http://localhost:6333/collections/stock_recommendations/points?wait=true "HTTP/1.1 200 OK"
2026-03-01 20:26:50,167 - INFO - HTTP Request: PUT http://localhost:6333/collections/daily_trade_strategies/points?wait=true "HTTP/1.1 200 OK"
2026-03-01 20:26:50,171 - INFO - HTTP Request: PUT http://localhost:6333/collections/trading_results/points?wait=true "HTTP/1.1 200 OK"
2026-03-01 20:26:50,200 - INFO - HTTP Request: PUT http://localhost:6333/collections/stock_recommendations/points?wait=true "HTTP/1.1 200 OK"
2026-03-01 20:26:50,232 - INFO - HTTP Request: PUT http://localhost:6333/collections/daily_trade_strategies/points?wait=true "HTTP/1.1 200 OK"
2026-03-01 20:26:50,236 - INFO - HTTP Request: PUT http://localhost:6333/collections/trading_results/points?wait=true "HTTP/1.1 200 OK"
2026-03-01 20:26:50,244 - INFO - HTTP Request: PUT http://localhost:6333/collections/stock_recommendations/points?wait=true "HTTP/1.1 200 OK"
2026-03-01 20:26:50,274 - INFO - HTTP Request: PUT http://localhost:6333/collections/daily_trade_strategies/points?wait=true "HTTP/1.1 200 OK"
2026-03-01 20:26:50,278 - INFO - HTTP Request: PUT http://localhost:6333/collections/trading_results/points?wait=true "HTTP/1.1 200 OK"
2026-03-01 20:26:50,286 - INFO - HTTP Request: PUT http://localhost:6333/collections/stock_recommendations/points?wait=true "HTTP/1.1 200 OK"
2026-03-01 20:26:50,338 - INFO - HTTP Request: PUT http://localhost:6333/collections/daily_trade_strategies/points?wait=true "HTTP/1.1 200 OK"
2026-03-01 20:26:50,343 - INFO - HTTP Request: PUT http://localhost:6333/collections/trading_results/points?wait=true "HTTP/1.1 200 OK"
2026-03-01 20:26:50,351 - INFO - HTTP Request: PUT http://localhost:6333/collections/stock_recommendations/points?wait=true "HTTP/1.1 200 OK"
2026-03-01 20:26:50,376 - INFO - HTTP Request: PUT http://localhost:6333/collections/daily_trade_strategies/points?wait=true "HTTP/1.1 200 OK"
2026-03-01 20:26:50,379 - INFO - HTTP Request: PUT http://localhost:6333/collections/trading_results/points?wait=true "HTTP/1.1 200 OK"
2026-03-01 20:26:50,400 - INFO - HTTP Request: PUT http://localhost:6333/collections/stock_recommendations/points?wait=true "HTTP/1.1 200 OK"
2026-03-01 20:26:50,425 - INFO - HTTP Request: PUT http://localhost:6333/collections/daily_trade_strategies/points?wait=true "HTTP/1.1 200 OK"
2026-03-01 20:26:50,429 - INFO - HTTP Request: PUT http://localhost:6333/collections/trading_results/points?wait=true "HTTP/1.1 200 OK"
2026-03-01 20:26:50,436 - INFO - HTTP Request: PUT http://localhost:6333/collections/stock_recommendations/points?wait=true "HTTP/1.1 200 OK"
2026-03-01 20:26:50,477 - INFO - HTTP Request: PUT http://localhost:6333/collections/daily_trade_strategies/points?wait=true "HTTP/1.1 200 OK"
2026-03-01 20:26:50,480 - INFO - HTTP Request: PUT http://localhost:6333/collections/trading_results/points?wait=true "HTTP/1.1 200 OK"
2026-03-01 20:26:50,508 - INFO - HTTP Request: PUT http://localhost:6333/collections/stock_recommendations/points?wait=true "HTTP/1.1 200 OK"
2026-03-01 20:26:50,535 - INFO - HTTP Request: PUT http://localhost:6333/collections/daily_trade_strategies/points?wait=true "HTTP/1.1 200 OK"
2026-03-01 20:26:50,554 - INFO - HTTP Request: PUT http://localhost:6333/collections/trading_results/points?wait=true "HTTP/1.1 200 OK"
2026-03-01 20:26:50,563 - INFO - HTTP Request: PUT http://localhost:6333/collections/stock_recommendations/points?wait=true "HTTP/1.1 200 OK"
2026-03-01 20:26:50,592 - INFO - HTTP Request: PUT http://localhost:6333/collections/daily_trade_strategies/points?wait=true "HTTP/1.1 200 OK"
2026-03-01 20:26:50,596 - INFO - HTTP Request: PUT http://localhost:6333/collections/trading_results/points?wait=true "HTTP/1.1 200 OK"
2026-03-01 20:26:50,604 - INFO - HTTP Request: PUT http://localhost:6333/collections/stock_recommendations/points?wait=true "HTTP/1.1 200 OK"
2026-03-01 20:26:50,634 - INFO - HTTP Request: PUT http://localhost:6333/collections/daily_trade_strategies/points?wait=true "HTTP/1.1 200 OK"
2026-03-01 20:26:50,638 - INFO - HTTP Request: PUT http://localhost:6333/collections/trading_results/points?wait=true "HTTP/1.1 200 OK"
2026-03-01 20:26:50,646 - INFO - HTTP Request: PUT http://localhost:6333/collections/stock_recommendations/points?wait=true "HTTP/1.1 200 OK"
2026-03-01 20:26:50,672 - INFO - HTTP Request: PUT http://localhost:6333/collections/daily_trade_strategies/points?wait=true "HTTP/1.1 200 OK"
2026-03-01 20:26:50,675 - INFO - HTTP Request: PUT http://localhost:6333/collections/trading_results/points?wait=true "HTTP/1.1 200 OK"
2026-03-01 20:26:50,694 - INFO - HTTP Request: PUT http://localhost:6333/collections/stock_recommendations/points?wait=true "HTTP/1.1 200 OK"
2026-03-01 20:26:50,742 - INFO - HTTP Request: PUT http://localhost:6333/collections/daily_trade_strategies/points?wait=true "HTTP/1.1 200 OK"
2026-03-01 20:26:50,772 - INFO - HTTP Request: PUT http://localhost:6333/collections/trading_results/points?wait=true "HTTP/1.1 200 OK"
2026-03-01 20:26:50,782 - INFO - HTTP Request: PUT http://localhost:6333/collections/stock_recommendations/points?wait=true "HTTP/1.1 200 OK"
2026-03-01 20:26:50,810 - INFO - HTTP Request: PUT http://localhost:6333/collections/daily_trade_strategies/points?wait=true "HTTP/1.1 200 OK"
2026-03-01 20:26:50,813 - INFO - HTTP Request: PUT http://localhost:6333/collections/trading_results/points?wait=true "HTTP/1.1 200 OK"
2026-03-01 20:26:50,834 - INFO - HTTP Request: PUT http://localhost:6333/collections/stock_recommendations/points?wait=true "HTTP/1.1 200 OK"
2026-03-01 20:26:50,859 - INFO - HTTP Request: PUT http://localhost:6333/collections/daily_trade_strategies/points?wait=true "HTTP/1.1 200 OK"
2026-03-01 20:26:50,880 - INFO - HTTP Request: PUT http://localhost:6333/collections/trading_results/points?wait=true "HTTP/1.1 200 OK"
2026-03-01 20:26:50,913 - INFO - HTTP Request: PUT http://localhost:6333/collections/stock_recommendations/points?wait=true "HTTP/1.1 200 OK"
2026-03-01 20:26:50,942 - INFO - HTTP Request: PUT http://localhost:6333/collections/daily_trade_strategies/points?wait=true "HTTP/1.1 200 OK"
2026-03-01 20:26:50,948 - INFO - HTTP Request: PUT http://localhost:6333/collections/trading_results/points?wait=true "HTTP/1.1 200 OK"
2026-03-01 20:26:50,974 - INFO - HTTP Request: PUT http://localhost:6333/collections/stock_recommendations/points?wait=true "HTTP/1.1 200 OK"
2026-03-01 20:26:50,998 - INFO - HTTP Request: PUT http://localhost:6333/collections/daily_trade_strategies/points?wait=true "HTTP/1.1 200 OK"
2026-03-01 20:26:51,001 - INFO - HTTP Request: PUT http://localhost:6333/collections/trading_results/points?wait=true "HTTP/1.1 200 OK"
2026-03-01 20:26:51,011 - INFO - HTTP Request: PUT http://localhost:6333/collections/stock_recommendations/points?wait=true "HTTP/1.1 200 OK"
2026-03-01 20:26:51,034 - INFO - HTTP Request: PUT http://localhost:6333/collections/daily_trade_strategies/points?wait=true "HTTP/1.1 200 OK"
2026-03-01 20:26:51,037 - INFO - HTTP Request: PUT http://localhost:6333/collections/trading_results/points?wait=true "HTTP/1.1 200 OK"
2026-03-01 20:26:51,045 - INFO - HTTP Request: PUT http://localhost:6333/collections/stock_recommendations/points?wait=true "HTTP/1.1 200 OK"
2026-03-01 20:26:51,083 - INFO - HTTP Request: PUT http://localhost:6333/collections/daily_trade_strategies/points?wait=true "HTTP/1.1 200 OK"
2026-03-01 20:26:51,087 - INFO - HTTP Request: PUT http://localhost:6333/collections/trading_results/points?wait=true "HTTP/1.1 200 OK"
2026-03-01 20:26:51,094 - INFO - HTTP Request: PUT http://localhost:6333/collections/stock_recommendations/points?wait=true "HTTP/1.1 200 OK"
2026-03-01 20:26:51,119 - INFO - HTTP Request: PUT http://localhost:6333/collections/daily_trade_strategies/points?wait=true "HTTP/1.1 200 OK"
2026-03-01 20:26:51,122 - INFO - HTTP Request: PUT http://localhost:6333/collections/trading_results/points?wait=true "HTTP/1.1 200 OK"
2026-03-01 20:26:51,145 - INFO - HTTP Request: PUT http://localhost:6333/collections/stock_recommendations/points?wait=true "HTTP/1.1 200 OK"
2026-03-01 20:26:51,170 - INFO - HTTP Request: PUT http://localhost:6333/collections/daily_trade_strategies/points?wait=true "HTTP/1.1 200 OK"
2026-03-01 20:26:51,173 - INFO - HTTP Request: PUT http://localhost:6333/collections/trading_results/points?wait=true "HTTP/1.1 200 OK"
2026-03-01 20:26:51,181 - INFO - HTTP Request: PUT http://localhost:6333/collections/stock_recommendations/points?wait=true "HTTP/1.1 200 OK"
2026-03-01 20:26:51,224 - INFO - HTTP Request: PUT http://localhost:6333/collections/daily_trade_strategies/points?wait=true "HTTP/1.1 200 OK"
2026-03-01 20:26:51,228 - INFO - HTTP Request: PUT http://localhost:6333/collections/trading_results/points?wait=true "HTTP/1.1 200 OK"
2026-03-01 20:26:51,255 - INFO - HTTP Request: PUT http://localhost:6333/collections/stock_recommendations/points?wait=true "HTTP/1.1 200 OK"
2026-03-01 20:26:51,303 - INFO - HTTP Request: PUT http://localhost:6333/collections/daily_trade_strategies/points?wait=true "HTTP/1.1 200 OK"
2026-03-01 20:26:51,309 - INFO - HTTP Request: PUT http://localhost:6333/collections/trading_results/points?wait=true "HTTP/1.1 200 OK"
2026-03-01 20:26:51,321 - INFO - HTTP Request: PUT http://localhost:6333/collections/stock_recommendations/points?wait=true "HTTP/1.1 200 OK"
2026-03-01 20:26:51,345 - INFO - HTTP Request: PUT http://localhost:6333/collections/daily_trade_strategies/points?wait=true "HTTP/1.1 200 OK"
2026-03-01 20:26:51,349 - INFO - HTTP Request: PUT http://localhost:6333/collections/trading_results/points?wait=true "HTTP/1.1 200 OK"
2026-03-01 20:26:51,355 - INFO - HTTP Request: PUT http://localhost:6333/collections/stock_recommendations/points?wait=true "HTTP/1.1 200 OK"
2026-03-01 20:26:51,379 - INFO - HTTP Request: PUT http://localhost:6333/collections/daily_trade_strategies/points?wait=true "HTTP/1.1 200 OK"
2026-03-01 20:26:51,383 - INFO - HTTP Request: PUT http://localhost:6333/collections/trading_results/points?wait=true "HTTP/1.1 200 OK"
2026-03-01 20:26:51,411 - INFO - HTTP Request: PUT http://localhost:6333/collections/stock_recommendations/points?wait=true "HTTP/1.1 200 OK"
2026-03-01 20:26:51,437 - INFO - HTTP Request: PUT http://localhost:6333/collections/daily_trade_strategies/points?wait=true "HTTP/1.1 200 OK"
2026-03-01 20:26:51,441 - INFO - HTTP Request: PUT http://localhost:6333/collections/trading_results/points?wait=true "HTTP/1.1 200 OK"
2026-03-01 20:26:51,448 - INFO - HTTP Request: PUT http://localhost:6333/collections/stock_recommendations/points?wait=true "HTTP/1.1 200 OK"
2026-03-01 20:26:51,491 - INFO - HTTP Request: PUT http://localhost:6333/collections/daily_trade_strategies/points?wait=true "HTTP/1.1 200 OK"
2026-03-01 20:26:51,494 - INFO - HTTP Request: PUT http://localhost:6333/collections/trading_results/points?wait=true "HTTP/1.1 200 OK"
2026-03-01 20:26:51,521 - INFO - HTTP Request: PUT http://localhost:6333/collections/stock_recommendations/points?wait=true "HTTP/1.1 200 OK"
2026-03-01 20:26:51,554 - INFO - HTTP Request: PUT http://localhost:6333/collections/daily_trade_strategies/points?wait=true "HTTP/1.1 200 OK"
2026-03-01 20:26:51,557 - INFO - HTTP Request: PUT http://localhost:6333/collections/trading_results/points?wait=true "HTTP/1.1 200 OK"
2026-03-01 20:26:51,564 - INFO - HTTP Request: PUT http://localhost:6333/collections/stock_recommendations/points?wait=true "HTTP/1.1 200 OK"
2026-03-01 20:26:51,590 - INFO - HTTP Request: PUT http://localhost:6333/collections/daily_trade_strategies/points?wait=true "HTTP/1.1 200 OK"
2026-03-01 20:26:51,614 - INFO - HTTP Request: PUT http://localhost:6333/collections/trading_results/points?wait=true "HTTP/1.1 200 OK"
2026-03-01 20:26:51,632 - INFO - HTTP Request: PUT http://localhost:6333/collections/stock_recommendations/points?wait=true "HTTP/1.1 200 OK"
2026-03-01 20:26:51,656 - INFO - HTTP Request: PUT http://localhost:6333/collections/daily_trade_strategies/points?wait=true "HTTP/1.1 200 OK"
2026-03-01 20:26:51,660 - INFO - HTTP Request: PUT http://localhost:6333/collections/trading_results/points?wait=true "HTTP/1.1 200 OK"
2026-03-01 20:26:51,665 - INFO - HTTP Request: PUT http://localhost:6333/collections/stock_recommendations/points?wait=true "HTTP/1.1 200 OK"
2026-03-01 20:26:51,709 - INFO - HTTP Request: PUT http://localhost:6333/collections/daily_trade_strategies/points?wait=true "HTTP/1.1 200 OK"
2026-03-01 20:26:51,713 - INFO - HTTP Request: PUT http://localhost:6333/collections/trading_results/points?wait=true "HTTP/1.1 200 OK"
2026-03-01 20:26:51,720 - INFO - HTTP Request: PUT http://localhost:6333/collections/stock_recommendations/points?wait=true "HTTP/1.1 200 OK"
2026-03-01 20:26:51,754 - INFO - HTTP Request: PUT http://localhost:6333/collections/daily_trade_strategies/points?wait=true "HTTP/1.1 200 OK"
2026-03-01 20:26:51,758 - INFO - HTTP Request: PUT http://localhost:6333/collections/trading_results/points?wait=true "HTTP/1.1 200 OK"
2026-03-01 20:26:51,766 - INFO - HTTP Request: PUT http://localhost:6333/collections/stock_recommendations/points?wait=true "HTTP/1.1 200 OK"
2026-03-01 20:26:51,802 - INFO - HTTP Request: PUT http://localhost:6333/collections/daily_trade_strategies/points?wait=true "HTTP/1.1 200 OK"
2026-03-01 20:26:51,808 - INFO - HTTP Request: PUT http://localhost:6333/collections/trading_results/points?wait=true "HTTP/1.1 200 OK"
2026-03-01 20:26:51,834 - INFO - HTTP Request: PUT http://localhost:6333/collections/stock_recommendations/points?wait=true "HTTP/1.1 200 OK"
2026-03-01 20:26:51,881 - INFO - HTTP Request: PUT http://localhost:6333/collections/daily_trade_strategies/points?wait=true "HTTP/1.1 200 OK"
2026-03-01 20:26:51,885 - INFO - HTTP Request: PUT http://localhost:6333/collections/trading_results/points?wait=true "HTTP/1.1 200 OK"
2026-03-01 20:26:51,891 - INFO - HTTP Request: PUT http://localhost:6333/collections/stock_recommendations/points?wait=true "HTTP/1.1 200 OK"
2026-03-01 20:26:51,916 - INFO - HTTP Request: PUT http://localhost:6333/collections/daily_trade_strategies/points?wait=true "HTTP/1.1 200 OK"
2026-03-01 20:26:51,919 - INFO - HTTP Request: PUT http://localhost:6333/collections/trading_results/points?wait=true "HTTP/1.1 200 OK"
2026-03-01 20:26:51,926 - INFO - HTTP Request: PUT http://localhost:6333/collections/stock_recommendations/points?wait=true "HTTP/1.1 200 OK"
2026-03-01 20:26:51,977 - INFO - HTTP Request: PUT http://localhost:6333/collections/daily_trade_strategies/points?wait=true "HTTP/1.1 200 OK"
2026-03-01 20:26:52,007 - INFO - HTTP Request: PUT http://localhost:6333/collections/trading_results/points?wait=true "HTTP/1.1 200 OK"
2026-03-01 20:26:52,017 - INFO - HTTP Request: PUT http://localhost:6333/collections/stock_recommendations/points?wait=true "HTTP/1.1 200 OK"
2026-03-01 20:26:52,045 - INFO - HTTP Request: PUT http://localhost:6333/collections/daily_trade_strategies/points?wait=true "HTTP/1.1 200 OK"
2026-03-01 20:26:52,050 - INFO - HTTP Request: PUT http://localhost:6333/collections/trading_results/points?wait=true "HTTP/1.1 200 OK"
2026-03-01 20:26:52,072 - INFO - HTTP Request: PUT http://localhost:6333/collections/stock_recommendations/points?wait=true "HTTP/1.1 200 OK"
2026-03-01 20:26:52,097 - INFO - HTTP Request: PUT http://localhost:6333/collections/daily_trade_strategies/points?wait=true "HTTP/1.1 200 OK"
2026-03-01 20:26:52,100 - INFO - HTTP Request: PUT http://localhost:6333/collections/trading_results/points?wait=true "HTTP/1.1 200 OK"
2026-03-01 20:26:52,106 - INFO - HTTP Request: PUT http://localhost:6333/collections/stock_recommendations/points?wait=true "HTTP/1.1 200 OK"
2026-03-01 20:26:52,134 - INFO - HTTP Request: PUT http://localhost:6333/collections/daily_trade_strategies/points?wait=true "HTTP/1.1 200 OK"
2026-03-01 20:26:52,136 - INFO - HTTP Request: PUT http://localhost:6333/collections/trading_results/points?wait=true "HTTP/1.1 200 OK"
2026-03-01 20:26:52,165 - INFO - HTTP Request: PUT http://localhost:6333/collections/stock_recommendations/points?wait=true "HTTP/1.1 200 OK"
2026-03-01 20:26:52,214 - INFO - HTTP Request: PUT http://localhost:6333/collections/daily_trade_strategies/points?wait=true "HTTP/1.1 200 OK"
2026-03-01 20:26:52,221 - INFO - HTTP Request: PUT http://localhost:6333/collections/trading_results/points?wait=true "HTTP/1.1 200 OK"
2026-03-01 20:26:52,232 - INFO - HTTP Request: PUT http://localhost:6333/collections/stock_recommendations/points?wait=true "HTTP/1.1 200 OK"
2026-03-01 20:26:52,268 - INFO - HTTP Request: PUT http://localhost:6333/collections/daily_trade_strategies/points?wait=true "HTTP/1.1 200 OK"
2026-03-01 20:26:52,271 - INFO - HTTP Request: PUT http://localhost:6333/collections/trading_results/points?wait=true "HTTP/1.1 200 OK"
2026-03-01 20:26:52,280 - INFO - HTTP Request: PUT http://localhost:6333/collections/stock_recommendations/points?wait=true "HTTP/1.1 200 OK"
2026-03-01 20:26:52,311 - INFO - HTTP Request: PUT http://localhost:6333/collections/daily_trade_strategies/points?wait=true "HTTP/1.1 200 OK"
2026-03-01 20:26:52,314 - INFO - HTTP Request: PUT http://localhost:6333/collections/trading_results/points?wait=true "HTTP/1.1 200 OK"
2026-03-01 20:26:52,324 - INFO - HTTP Request: PUT http://localhost:6333/collections/stock_recommendations/points?wait=true "HTTP/1.1 200 OK"
2026-03-01 20:26:52,368 - INFO - HTTP Request: PUT http://localhost:6333/collections/daily_trade_strategies/points?wait=true "HTTP/1.1 200 OK"
2026-03-01 20:26:52,382 - INFO - HTTP Request: PUT http://localhost:6333/collections/trading_results/points?wait=true "HTTP/1.1 200 OK"
2026-03-01 20:26:52,389 - INFO - HTTP Request: PUT http://localhost:6333/collections/stock_recommendations/points?wait=true "HTTP/1.1 200 OK"
2026-03-01 20:26:52,418 - INFO - HTTP Request: PUT http://localhost:6333/collections/daily_trade_strategies/points?wait=true "HTTP/1.1 200 OK"
2026-03-01 20:26:52,422 - INFO - HTTP Request: PUT http://localhost:6333/collections/trading_results/points?wait=true "HTTP/1.1 200 OK"
2026-03-01 20:26:52,430 - INFO - HTTP Request: PUT http://localhost:6333/collections/stock_recommendations/points?wait=true "HTTP/1.1 200 OK"
2026-03-01 20:26:52,477 - INFO - HTTP Request: PUT http://localhost:6333/collections/daily_trade_strategies/points?wait=true "HTTP/1.1 200 OK"
2026-03-01 20:26:52,482 - INFO - HTTP Request: PUT http://localhost:6333/collections/trading_results/points?wait=true "HTTP/1.1 200 OK"
2026-03-01 20:26:52,509 - INFO - HTTP Request: PUT http://localhost:6333/collections/stock_recommendations/points?wait=true "HTTP/1.1 200 OK"
2026-03-01 20:26:52,566 - INFO - HTTP Request: PUT http://localhost:6333/collections/daily_trade_strategies/points?wait=true "HTTP/1.1 200 OK"
2026-03-01 20:26:52,572 - INFO - HTTP Request: PUT http://localhost:6333/collections/trading_results/points?wait=true "HTTP/1.1 200 OK"
2026-03-01 20:26:52,580 - INFO - HTTP Request: PUT http://localhost:6333/collections/stock_recommendations/points?wait=true "HTTP/1.1 200 OK"
2026-03-01 20:26:52,605 - INFO - HTTP Request: PUT http://localhost:6333/collections/daily_trade_strategies/points?wait=true "HTTP/1.1 200 OK"
2026-03-01 20:26:52,612 - INFO - HTTP Request: PUT http://localhost:6333/collections/trading_results/points?wait=true "HTTP/1.1 200 OK"
2026-03-01 20:26:52,622 - INFO - HTTP Request: PUT http://localhost:6333/collections/stock_recommendations/points?wait=true "HTTP/1.1 200 OK"
2026-03-01 20:26:52,677 - INFO - HTTP Request: PUT http://localhost:6333/collections/daily_trade_strategies/points?wait=true "HTTP/1.1 200 OK"
2026-03-01 20:26:52,682 - INFO - HTTP Request: PUT http://localhost:6333/collections/trading_results/points?wait=true "HTTP/1.1 200 OK"
2026-03-01 20:26:52,694 - INFO - HTTP Request: PUT http://localhost:6333/collections/stock_recommendations/points?wait=true "HTTP/1.1 200 OK"
2026-03-01 20:26:52,722 - INFO - HTTP Request: PUT http://localhost:6333/collections/daily_trade_strategies/points?wait=true "HTTP/1.1 200 OK"
2026-03-01 20:26:52,725 - INFO - HTTP Request: PUT http://localhost:6333/collections/trading_results/points?wait=true "HTTP/1.1 200 OK"
2026-03-01 20:26:52,737 - INFO - HTTP Request: PUT http://localhost:6333/collections/stock_recommendations/points?wait=true "HTTP/1.1 200 OK"
2026-03-01 20:26:52,762 - INFO - HTTP Request: PUT http://localhost:6333/collections/daily_trade_strategies/points?wait=true "HTTP/1.1 200 OK"
2026-03-01 20:26:52,765 - INFO - HTTP Request: PUT http://localhost:6333/collections/trading_results/points?wait=true "HTTP/1.1 200 OK"
2026-03-01 20:26:52,775 - INFO - HTTP Request: PUT http://localhost:6333/collections/stock_recommendations/points?wait=true "HTTP/1.1 200 OK"
2026-03-01 20:26:52,800 - INFO - HTTP Request: PUT http://localhost:6333/collections/daily_trade_strategies/points?wait=true "HTTP/1.1 200 OK"
2026-03-01 20:26:52,805 - INFO - HTTP Request: PUT http://localhost:6333/collections/trading_results/points?wait=true "HTTP/1.1 200 OK"
2026-03-01 20:26:52,831 - INFO - HTTP Request: PUT http://localhost:6333/collections/stock_recommendations/points?wait=true "HTTP/1.1 200 OK"
2026-03-01 20:26:52,877 - INFO - HTTP Request: PUT http://localhost:6333/collections/daily_trade_strategies/points?wait=true "HTTP/1.1 200 OK"
2026-03-01 20:26:52,882 - INFO - HTTP Request: PUT http://localhost:6333/collections/trading_results/points?wait=true "HTTP/1.1 200 OK"
2026-03-01 20:26:52,910 - INFO - HTTP Request: PUT http://localhost:6333/collections/stock_recommendations/points?wait=true "HTTP/1.1 200 OK"
2026-03-01 20:26:52,942 - INFO - HTTP Request: PUT http://localhost:6333/collections/daily_trade_strategies/points?wait=true "HTTP/1.1 200 OK"
2026-03-01 20:26:52,947 - INFO - HTTP Request: PUT http://localhost:6333/collections/trading_results/points?wait=true "HTTP/1.1 200 OK"
2026-03-01 20:26:52,953 - INFO - HTTP Request: PUT http://localhost:6333/collections/stock_recommendations/points?wait=true "HTTP/1.1 200 OK"
2026-03-01 20:26:53,002 - INFO - HTTP Request: PUT http://localhost:6333/collections/daily_trade_strategies/points?wait=true "HTTP/1.1 200 OK"
2026-03-01 20:26:53,015 - INFO - HTTP Request: PUT http://localhost:6333/collections/trading_results/points?wait=true "HTTP/1.1 200 OK"
2026-03-01 20:26:53,032 - INFO - HTTP Request: PUT http://localhost:6333/collections/stock_recommendations/points?wait=true "HTTP/1.1 200 OK"
2026-03-01 20:26:53,057 - INFO - HTTP Request: PUT http://localhost:6333/collections/daily_trade_strategies/points?wait=true "HTTP/1.1 200 OK"
2026-03-01 20:26:53,079 - INFO - HTTP Request: PUT http://localhost:6333/collections/trading_results/points?wait=true "HTTP/1.1 200 OK"
2026-03-01 20:26:53,095 - INFO - HTTP Request: PUT http://localhost:6333/collections/stock_recommendations/points?wait=true "HTTP/1.1 200 OK"
2026-03-01 20:26:53,118 - INFO - HTTP Request: PUT http://localhost:6333/collections/daily_trade_strategies/points?wait=true "HTTP/1.1 200 OK"
2026-03-01 20:26:53,123 - INFO - HTTP Request: PUT http://localhost:6333/collections/trading_results/points?wait=true "HTTP/1.1 200 OK"
2026-03-01 20:26:53,132 - INFO - HTTP Request: PUT http://localhost:6333/collections/stock_recommendations/points?wait=true "HTTP/1.1 200 OK"
2026-03-01 20:26:53,173 - INFO - HTTP Request: PUT http://localhost:6333/collections/daily_trade_strategies/points?wait=true "HTTP/1.1 200 OK"
2026-03-01 20:26:53,177 - INFO - HTTP Request: PUT http://localhost:6333/collections/trading_results/points?wait=true "HTTP/1.1 200 OK"
2026-03-01 20:26:53,203 - INFO - HTTP Request: PUT http://localhost:6333/collections/stock_recommendations/points?wait=true "HTTP/1.1 200 OK"
2026-03-01 20:26:53,231 - INFO - HTTP Request: PUT http://localhost:6333/collections/daily_trade_strategies/points?wait=true "HTTP/1.1 200 OK"
2026-03-01 20:26:53,236 - INFO - HTTP Request: PUT http://localhost:6333/collections/trading_results/points?wait=true "HTTP/1.1 200 OK"
2026-03-01 20:26:53,265 - INFO - HTTP Request: PUT http://localhost:6333/collections/stock_recommendations/points?wait=true "HTTP/1.1 200 OK"
2026-03-01 20:26:53,312 - INFO - HTTP Request: PUT http://localhost:6333/collections/daily_trade_strategies/points?wait=true "HTTP/1.1 200 OK"
2026-03-01 20:26:53,317 - INFO - HTTP Request: PUT http://localhost:6333/collections/trading_results/points?wait=true "HTTP/1.1 200 OK"
2026-03-01 20:26:53,326 - INFO - HTTP Request: PUT http://localhost:6333/collections/stock_recommendations/points?wait=true "HTTP/1.1 200 OK"
2026-03-01 20:26:53,378 - INFO - HTTP Request: PUT http://localhost:6333/collections/daily_trade_strategies/points?wait=true "HTTP/1.1 200 OK"
2026-03-01 20:26:53,385 - INFO - HTTP Request: PUT http://localhost:6333/collections/trading_results/points?wait=true "HTTP/1.1 200 OK"
2026-03-01 20:26:53,396 - INFO - HTTP Request: PUT http://localhost:6333/collections/stock_recommendations/points?wait=true "HTTP/1.1 200 OK"
2026-03-01 20:26:53,438 - INFO - HTTP Request: PUT http://localhost:6333/collections/daily_trade_strategies/points?wait=true "HTTP/1.1 200 OK"
2026-03-01 20:26:53,452 - INFO - HTTP Request: PUT http://localhost:6333/collections/trading_results/points?wait=true "HTTP/1.1 200 OK"
2026-03-01 20:26:53,460 - INFO - HTTP Request: PUT http://localhost:6333/collections/stock_recommendations/points?wait=true "HTTP/1.1 200 OK"
2026-03-01 20:26:53,486 - INFO - HTTP Request: PUT http://localhost:6333/collections/daily_trade_strategies/points?wait=true "HTTP/1.1 200 OK"
2026-03-01 20:26:53,489 - INFO - HTTP Request: PUT http://localhost:6333/collections/trading_results/points?wait=true "HTTP/1.1 200 OK"
2026-03-01 20:26:53,496 - INFO - HTTP Request: PUT http://localhost:6333/collections/stock_recommendations/points?wait=true "HTTP/1.1 200 OK"
2026-03-01 20:26:53,521 - INFO - HTTP Request: PUT http://localhost:6333/collections/daily_trade_strategies/points?wait=true "HTTP/1.1 200 OK"
2026-03-01 20:26:53,525 - INFO - HTTP Request: PUT http://localhost:6333/collections/trading_results/points?wait=true "HTTP/1.1 200 OK"
2026-03-01 20:26:53,531 - INFO - HTTP Request: PUT http://localhost:6333/collections/stock_recommendations/points?wait=true "HTTP/1.1 200 OK"
2026-03-01 20:26:53,555 - INFO - HTTP Request: PUT http://localhost:6333/collections/daily_trade_strategies/points?wait=true "HTTP/1.1 200 OK"
2026-03-01 20:26:53,563 - INFO - HTTP Request: PUT http://localhost:6333/collections/trading_results/points?wait=true "HTTP/1.1 200 OK"
2026-03-01 20:26:53,580 - INFO - HTTP Request: PUT http://localhost:6333/collections/stock_recommendations/points?wait=true "HTTP/1.1 200 OK"
2026-03-01 20:26:53,603 - INFO - HTTP Request: PUT http://localhost:6333/collections/daily_trade_strategies/points?wait=true "HTTP/1.1 200 OK"
2026-03-01 20:26:53,607 - INFO - HTTP Request: PUT http://localhost:6333/collections/trading_results/points?wait=true "HTTP/1.1 200 OK"
2026-03-01 20:26:53,614 - INFO - HTTP Request: PUT http://localhost:6333/collections/stock_recommendations/points?wait=true "HTTP/1.1 200 OK"
2026-03-01 20:26:53,637 - INFO - HTTP Request: PUT http://localhost:6333/collections/daily_trade_strategies/points?wait=true "HTTP/1.1 200 OK"
2026-03-01 20:26:53,641 - INFO - HTTP Request: PUT http://localhost:6333/collections/trading_results/points?wait=true "HTTP/1.1 200 OK"
2026-03-01 20:26:53,647 - INFO - HTTP Request: PUT http://localhost:6333/collections/stock_recommendations/points?wait=true "HTTP/1.1 200 OK"
2026-03-01 20:26:53,670 - INFO - HTTP Request: PUT http://localhost:6333/collections/daily_trade_strategies/points?wait=true "HTTP/1.1 200 OK"
2026-03-01 20:26:53,675 - INFO - HTTP Request: PUT http://localhost:6333/collections/trading_results/points?wait=true "HTTP/1.1 200 OK"
2026-03-01 20:26:53,681 - INFO - HTTP Request: PUT http://localhost:6333/collections/stock_recommendations/points?wait=true "HTTP/1.1 200 OK"
2026-03-01 20:26:53,703 - INFO - HTTP Request: PUT http://localhost:6333/collections/daily_trade_strategies/points?wait=true "HTTP/1.1 200 OK"
2026-03-01 20:26:53,709 - INFO - HTTP Request: PUT http://localhost:6333/collections/trading_results/points?wait=true "HTTP/1.1 200 OK"
2026-03-01 20:26:53,737 - INFO - HTTP Request: PUT http://localhost:6333/collections/stock_recommendations/points?wait=true "HTTP/1.1 200 OK"
2026-03-01 20:26:53,785 - INFO - HTTP Request: PUT http://localhost:6333/collections/daily_trade_strategies/points?wait=true "HTTP/1.1 200 OK"
2026-03-01 20:26:53,798 - INFO - HTTP Request: PUT http://localhost:6333/collections/trading_results/points?wait=true "HTTP/1.1 200 OK"
2026-03-01 20:26:53,806 - INFO - HTTP Request: PUT http://localhost:6333/collections/stock_recommendations/points?wait=true "HTTP/1.1 200 OK"
2026-03-01 20:26:53,834 - INFO - HTTP Request: PUT http://localhost:6333/collections/daily_trade_strategies/points?wait=true "HTTP/1.1 200 OK"
2026-03-01 20:26:53,837 - INFO - HTTP Request: PUT http://localhost:6333/collections/trading_results/points?wait=true "HTTP/1.1 200 OK"
2026-03-01 20:26:53,844 - INFO - HTTP Request: PUT http://localhost:6333/collections/stock_recommendations/points?wait=true "HTTP/1.1 200 OK"
2026-03-01 20:26:53,869 - INFO - HTTP Request: PUT http://localhost:6333/collections/daily_trade_strategies/points?wait=true "HTTP/1.1 200 OK"
2026-03-01 20:26:53,873 - INFO - HTTP Request: PUT http://localhost:6333/collections/trading_results/points?wait=true "HTTP/1.1 200 OK"
2026-03-01 20:26:53,880 - INFO - HTTP Request: PUT http://localhost:6333/collections/stock_recommendations/points?wait=true "HTTP/1.1 200 OK"
2026-03-01 20:26:53,905 - INFO - HTTP Request: PUT http://localhost:6333/collections/daily_trade_strategies/points?wait=true "HTTP/1.1 200 OK"
2026-03-01 20:26:53,908 - INFO - HTTP Request: PUT http://localhost:6333/collections/trading_results/points?wait=true "HTTP/1.1 200 OK"
2026-03-01 20:26:53,927 - INFO - HTTP Request: PUT http://localhost:6333/collections/stock_recommendations/points?wait=true "HTTP/1.1 200 OK"
2026-03-01 20:26:53,974 - INFO - HTTP Request: PUT http://localhost:6333/collections/daily_trade_strategies/points?wait=true "HTTP/1.1 200 OK"
2026-03-01 20:26:53,978 - INFO - HTTP Request: PUT http://localhost:6333/collections/trading_results/points?wait=true "HTTP/1.1 200 OK"
2026-03-01 20:26:53,985 - INFO - HTTP Request: PUT http://localhost:6333/collections/stock_recommendations/points?wait=true "HTTP/1.1 200 OK"
2026-03-01 20:26:54,009 - INFO - HTTP Request: PUT http://localhost:6333/collections/daily_trade_strategies/points?wait=true "HTTP/1.1 200 OK"
2026-03-01 20:26:54,013 - INFO - HTTP Request: PUT http://localhost:6333/collections/trading_results/points?wait=true "HTTP/1.1 200 OK"
2026-03-01 20:26:54,020 - INFO - HTTP Request: PUT http://localhost:6333/collections/stock_recommendations/points?wait=true "HTTP/1.1 200 OK"
2026-03-01 20:26:54,044 - INFO - HTTP Request: PUT http://localhost:6333/collections/daily_trade_strategies/points?wait=true "HTTP/1.1 200 OK"
2026-03-01 20:26:54,047 - INFO - HTTP Request: PUT http://localhost:6333/collections/trading_results/points?wait=true "HTTP/1.1 200 OK"
2026-03-01 20:26:54,054 - INFO - HTTP Request: PUT http://localhost:6333/collections/stock_recommendations/points?wait=true "HTTP/1.1 200 OK"
2026-03-01 20:26:54,079 - INFO - HTTP Request: PUT http://localhost:6333/collections/daily_trade_strategies/points?wait=true "HTTP/1.1 200 OK"
2026-03-01 20:26:54,082 - INFO - HTTP Request: PUT http://localhost:6333/collections/trading_results/points?wait=true "HTTP/1.1 200 OK"
2026-03-01 20:26:54,089 - INFO - HTTP Request: PUT http://localhost:6333/collections/stock_recommendations/points?wait=true "HTTP/1.1 200 OK"
2026-03-01 20:26:54,114 - INFO - HTTP Request: PUT http://localhost:6333/collections/daily_trade_strategies/points?wait=true "HTTP/1.1 200 OK"
2026-03-01 20:26:54,117 - INFO - HTTP Request: PUT http://localhost:6333/collections/trading_results/points?wait=true "HTTP/1.1 200 OK"
2026-03-01 20:26:54,146 - INFO - HTTP Request: PUT http://localhost:6333/collections/stock_recommendations/points?wait=true "HTTP/1.1 200 OK"
2026-03-01 20:26:54,195 - INFO - HTTP Request: PUT http://localhost:6333/collections/daily_trade_strategies/points?wait=true "HTTP/1.1 200 OK"
2026-03-01 20:26:54,208 - INFO - HTTP Request: PUT http://localhost:6333/collections/trading_results/points?wait=true "HTTP/1.1 200 OK"
2026-03-01 20:26:54,217 - INFO - HTTP Request: PUT http://localhost:6333/collections/stock_recommendations/points?wait=true "HTTP/1.1 200 OK"
2026-03-01 20:26:54,241 - INFO - HTTP Request: PUT http://localhost:6333/collections/daily_trade_strategies/points?wait=true "HTTP/1.1 200 OK"
2026-03-01 20:26:54,245 - INFO - HTTP Request: PUT http://localhost:6333/collections/trading_results/points?wait=true "HTTP/1.1 200 OK"
2026-03-01 20:26:54,256 - INFO - HTTP Request: PUT http://localhost:6333/collections/stock_recommendations/points?wait=true "HTTP/1.1 200 OK"
2026-03-01 20:26:54,284 - INFO - HTTP Request: PUT http://localhost:6333/collections/daily_trade_strategies/points?wait=true "HTTP/1.1 200 OK"
2026-03-01 20:26:54,288 - INFO - HTTP Request: PUT http://localhost:6333/collections/trading_results/points?wait=true "HTTP/1.1 200 OK"
2026-03-01 20:26:54,296 - INFO - HTTP Request: PUT http://localhost:6333/collections/stock_recommendations/points?wait=true "HTTP/1.1 200 OK"
2026-03-01 20:26:54,350 - INFO - HTTP Request: PUT http://localhost:6333/collections/daily_trade_strategies/points?wait=true "HTTP/1.1 200 OK"
2026-03-01 20:26:54,355 - INFO - HTTP Request: PUT http://localhost:6333/collections/trading_results/points?wait=true "HTTP/1.1 200 OK"
2026-03-01 20:26:54,365 - INFO - HTTP Request: PUT http://localhost:6333/collections/stock_recommendations/points?wait=true "HTTP/1.1 200 OK"
2026-03-01 20:26:54,398 - INFO - HTTP Request: PUT http://localhost:6333/collections/daily_trade_strategies/points?wait=true "HTTP/1.1 200 OK"
2026-03-01 20:26:54,401 - INFO - HTTP Request: PUT http://localhost:6333/collections/trading_results/points?wait=true "HTTP/1.1 200 OK"
2026-03-01 20:26:54,408 - INFO - HTTP Request: PUT http://localhost:6333/collections/stock_recommendations/points?wait=true "HTTP/1.1 200 OK"
2026-03-01 20:26:54,442 - INFO - HTTP Request: PUT http://localhost:6333/collections/daily_trade_strategies/points?wait=true "HTTP/1.1 200 OK"
2026-03-01 20:26:54,446 - INFO - HTTP Request: PUT http://localhost:6333/collections/trading_results/points?wait=true "HTTP/1.1 200 OK"
2026-03-01 20:26:54,456 - INFO - HTTP Request: PUT http://localhost:6333/collections/stock_recommendations/points?wait=true "HTTP/1.1 200 OK"
2026-03-01 20:26:54,485 - INFO - HTTP Request: PUT http://localhost:6333/collections/daily_trade_strategies/points?wait=true "HTTP/1.1 200 OK"
2026-03-01 20:26:54,490 - INFO - HTTP Request: PUT http://localhost:6333/collections/trading_results/points?wait=true "HTTP/1.1 200 OK"
2026-03-01 20:26:54,498 - INFO - HTTP Request: PUT http://localhost:6333/collections/stock_recommendations/points?wait=true "HTTP/1.1 200 OK"
2026-03-01 20:26:54,527 - INFO - HTTP Request: PUT http://localhost:6333/collections/daily_trade_strategies/points?wait=true "HTTP/1.1 200 OK"
2026-03-01 20:26:54,530 - INFO - HTTP Request: PUT http://localhost:6333/collections/trading_results/points?wait=true "HTTP/1.1 200 OK"
2026-03-01 20:26:54,531 - INFO - Uploaded 13708 recommendation points.
2026-03-01 20:26:54,531 - INFO - Uploaded 193 trading result points.
2026-03-01 20:26:54,531 - INFO - Uploaded 193 strategy points.
2026-03-01 20:26:54,533 - INFO - HTTP Request: PUT http://localhost:6333/collections/performance_metrics/points?wait=true "HTTP/1.1 200 OK"
2026-03-01 20:26:54,533 - INFO - Uploaded performance snapshot.
2026-03-01 20:26:54,535 - INFO - Progress updated: 193 days | last: 2026-02-26
2026-03-01 20:26:54,535 - INFO - ============================================================
2026-03-01 20:26:54,535 - INFO - DONE — 2026 paper trading complete
2026-03-01 20:26:54,535 - INFO -   2026 predictions : C:\Users\luixj\AI\stock-data\data\processed\phase4\predictions_2026.parquet
2026-03-01 20:26:54,535 - INFO -   Combined preds   : C:\Users\luixj\AI\stock-data\data\processed\phase4\predictions_combined.parquet
2026-03-01 20:26:54,535 - INFO -   Daily results    : C:\Users\luixj\AI\stock-data\data\processed\phase4\phase4_paper_trading_daily.parquet
2026-03-01 20:26:54,535 - INFO -   Summary          : C:\Users\luixj\AI\stock-data\data\processed\phase4\phase4_paper_trading_summary.json
2026-03-01 20:26:54,535 - INFO - ============================================================
2026-03-01 20:26:55,084 - INFO - Prediction refresh completed successfully.
2026-03-01 20:26:55,146 - INFO - No new historical dates available. Last processed: 2026-02-26 | Tradable range: 2025-04-01 to 2026-02-26
2026-03-01 20:26:55,146 - WARNING - Predictions look stale. Refresh with:
2026-03-01 20:26:55,147 - WARNING -   python scripts/paper_trading/run_2026_paper_trading.py --sim-start 2026-02-27 --sim-end auto
2026-03-01 20:26:55,147 - INFO - No action taken today because there is no new historical date to process.
2026-03-01 20:26:55,175 - INFO - Scheduler run completed with no trade: no tradable historical date after last_processed=2026-02-26 (stale predictions (max tradable 2026-02-26 < 2026-02-28)).
2026-03-01 20:26:55,175 - INFO - ============================================================
2026-03-01 20:26:55,175 - INFO - DAILY AUTOMATION COMPLETE (NO NEW DATA)
2026-03-01 20:26:55,175 - INFO - ============================================================
2026-03-01 20:26:55,176 - INFO - Automation completed successfully!
