{
  "num_days": 188,
  "sharpe_raw": 1.320334552137687,
  "annual_return_raw": 0.0956409399339437,
  "vol_raw": 0.07243689849598822,
  "sharpe_scaled": 1.2229916109046373,
  "annual_return_scaled": 0.10851824733688327,
  "vol_scaled": 0.0887318002587223,
  "max_dd": -0.04717694018456597,
  "avg_turnover": 0.181409045486085,
  "avg_cost_bps": 0.4535226137152125,
  "long_sharpe": 0.7520235857833374,
  "short_sharpe": 0.6269039146874259,
  "ks_events": 15,
  "ks_pct": 7.9787234042553195
}